timestamp,metric,value
43.304,anomalies_detected,0
43.304,anomalies_unique,0
43.304,investigation_timeouts,0
43.304,mission_duration_s,0.0
43.304,distance_traveled_m,0.0
43.304,route_deviations,0
43.304,investigation_time_s,0.0
43.304,hazard_avoidances,0
43.304,min_hazard_distance_m,-1.0
43.304,collisions,0
43.304,time_below_clearance_s,0.0
43.304,safety_zone_violations,0
43.304,min_ttc_s,-1.0
43.304,avoid_success,0
43.304,avoid_timeout,0
43.304,q_convergence,0.0
43.304,update_residual,0.0
43.304,investigation_deferred,0
43.304,nav_aborted,0
43.304,nav_canceled,0
43.304,nav_rejected,0
43.304,run_seed,2
44.000,anomalies_detected,0
44.000,anomalies_unique,0
44.000,investigation_timeouts,0
44.000,mission_duration_s,0.0
44.000,distance_traveled_m,1.4974837562166027e-19
44.000,route_deviations,0
44.000,investigation_time_s,0.0
44.000,hazard_avoidances,0
44.000,min_hazard_distance_m,-1.0
44.000,collisions,0
44.000,time_below_clearance_s,0.0
44.000,safety_zone_violations,0
44.000,min_ttc_s,-1.0
44.000,avoid_success,0
44.000,avoid_timeout,0
44.000,q_convergence,0.0
44.000,update_residual,0.0
44.000,investigation_deferred,0
44.000,nav_aborted,0
44.000,nav_canceled,0
44.000,nav_rejected,0
44.000,run_seed,2
45.000,anomalies_detected,0
45.000,anomalies_unique,0
45.000,investigation_timeouts,0
45.000,mission_duration_s,0.0
45.000,distance_traveled_m,4.2171123352740345e-19
45.000,route_deviations,0
45.000,investigation_time_s,0.0
45.000,hazard_avoidances,0
45.000,min_hazard_distance_m,-1.0
45.000,collisions,0
45.000,time_below_clearance_s,0.0
45.000,safety_zone_violations,0
45.000,min_ttc_s,-1.0
45.000,avoid_success,0
45.000,avoid_timeout,0
45.000,q_convergence,0.9492091751465606
45.000,update_residual,0.09492091751465606
45.000,investigation_deferred,0
45.000,nav_aborted,0
45.000,nav_canceled,0
45.000,nav_rejected,0
45.000,run_seed,2
46.000,anomalies_detected,0
46.000,anomalies_unique,0
46.000,investigation_timeouts,0
46.000,mission_duration_s,0.9080000000000013
46.000,distance_traveled_m,0.12666765810359468
46.000,route_deviations,0
46.000,investigation_time_s,0.0
46.000,hazard_avoidances,0
46.000,min_hazard_distance_m,12.251493541840842
46.000,collisions,0
46.000,time_below_clearance_s,0.0
46.000,safety_zone_violations,0
46.000,min_ttc_s,31.446917126671693
46.000,avoid_success,0
46.000,avoid_timeout,0
46.000,q_convergence,0.8397282613926437
46.000,update_residual,0.08397282613926436
46.000,investigation_deferred,0
46.000,nav_aborted,0
46.000,nav_canceled,0
46.000,nav_rejected,0
46.000,run_seed,2
47.000,anomalies_detected,0
47.000,anomalies_unique,0
47.000,investigation_timeouts,0
47.000,mission_duration_s,1.9080000000000013
47.000,distance_traveled_m,0.3887467069675122
47.000,route_deviations,0
47.000,investigation_time_s,0.0
47.000,hazard_avoidances,0
47.000,min_hazard_distance_m,12.043709393232758
47.000,collisions,0
47.000,time_below_clearance_s,0.0
47.000,safety_zone_violations,0
47.000,min_ttc_s,30.137177990391976
47.000,avoid_success,0
47.000,avoid_timeout,0
47.000,q_convergence,0.7316417650943821
47.000,update_residual,0.0731641765094382
47.000,investigation_deferred,0
47.000,nav_aborted,0
47.000,nav_canceled,0
47.000,nav_rejected,0
47.000,run_seed,2
48.000,anomalies_detected,0
48.000,anomalies_unique,0
48.000,investigation_timeouts,0
48.000,mission_duration_s,2.9080000000000013
48.000,distance_traveled_m,0.6508266672434487
48.000,route_deviations,0
48.000,investigation_time_s,0.0
48.000,hazard_avoidances,0
48.000,min_hazard_distance_m,11.855126975786806
48.000,collisions,0
48.000,time_below_clearance_s,0.0
48.000,safety_zone_violations,0
48.000,min_ttc_s,30.137177990391976
48.000,avoid_success,0
48.000,avoid_timeout,0
48.000,q_convergence,0.6358354676212944
48.000,update_residual,0.06358354676212943
48.000,investigation_deferred,0
48.000,nav_aborted,0
48.000,nav_canceled,0
48.000,nav_rejected,0
48.000,run_seed,2
49.000,anomalies_detected,0
49.000,anomalies_unique,0
49.000,investigation_timeouts,0
49.000,mission_duration_s,3.9080000000000013
49.000,distance_traveled_m,0.9129066511055564
49.000,route_deviations,0
49.000,investigation_time_s,0.0
49.000,hazard_avoidances,0
49.000,min_hazard_distance_m,11.648348669852776
49.000,collisions,0
49.000,time_below_clearance_s,0.0
49.000,safety_zone_violations,0
49.000,min_ttc_s,30.015107189774536
49.000,avoid_success,0
49.000,avoid_timeout,0
49.000,q_convergence,0.9975092398813014
49.000,update_residual,0.09975092398813014
49.000,investigation_deferred,0
49.000,nav_aborted,0
49.000,nav_canceled,0
49.000,nav_rejected,0
49.000,run_seed,2
50.000,anomalies_detected,0
50.000,anomalies_unique,0
50.000,investigation_timeouts,0
50.000,mission_duration_s,4.908000000000001
50.000,distance_traveled_m,1.1656266448770705
50.000,route_deviations,0
50.000,investigation_time_s,0.0
50.000,hazard_avoidances,0
50.000,min_hazard_distance_m,11.454891993899441
50.000,collisions,0
50.000,time_below_clearance_s,0.0
50.000,safety_zone_violations,0
50.000,min_ttc_s,28.881388023997047
50.000,avoid_success,0
50.000,avoid_timeout,0
50.000,q_convergence,0.8851592669899604
50.000,update_residual,0.08851592669899602
50.000,investigation_deferred,0
50.000,nav_aborted,0
50.000,nav_canceled,0
50.000,nav_rejected,0
50.000,run_seed,2
51.000,anomalies_detected,0
51.000,anomalies_unique,0
51.000,investigation_timeouts,0
51.000,mission_duration_s,5.908000000000001
51.000,distance_traveled_m,1.4277066395603544
51.000,route_deviations,0
51.000,investigation_time_s,0.0
51.000,hazard_avoidances,0
51.000,min_hazard_distance_m,11.262282799515921
51.000,collisions,0
51.000,time_below_clearance_s,0.0
51.000,safety_zone_violations,0
51.000,min_ttc_s,28.690778179829593
51.000,avoid_success,0
51.000,avoid_timeout,0
51.000,q_convergence,0.7711362913794432
51.000,update_residual,0.07711362913794434
51.000,investigation_deferred,0
51.000,nav_aborted,0
51.000,nav_canceled,0
51.000,nav_rejected,0
51.000,run_seed,2
52.000,anomalies_detected,0
52.000,anomalies_unique,0
52.000,investigation_timeouts,0
52.000,mission_duration_s,6.908000000000001
52.000,distance_traveled_m,1.689786635974978
52.000,route_deviations,0
52.000,investigation_time_s,0.0
52.000,hazard_avoidances,0
52.000,min_hazard_distance_m,11.056792278453356
52.000,collisions,0
52.000,time_below_clearance_s,0.0
52.000,safety_zone_violations,0
52.000,min_ttc_s,28.411313756318886
52.000,avoid_success,0
52.000,avoid_timeout,0
52.000,q_convergence,0.975715609174155
52.000,update_residual,0.09757156091741552
52.000,investigation_deferred,0
52.000,nav_aborted,0
52.000,nav_canceled,0
52.000,nav_rejected,0
52.000,run_seed,2
53.000,anomalies_detected,0
53.000,anomalies_unique,0
53.000,investigation_timeouts,0
53.000,mission_duration_s,7.908000000000001
53.000,distance_traveled_m,1.951866632763407
53.000,route_deviations,0
53.000,investigation_time_s,0.0
53.000,hazard_avoidances,0
53.000,min_hazard_distance_m,10.860630304265724
53.000,collisions,0
53.000,time_below_clearance_s,0.0
53.000,safety_zone_violations,0
53.000,min_ttc_s,28.128231825260272
53.000,avoid_success,0
53.000,avoid_timeout,0
53.000,q_convergence,0.9574794504205096
53.000,update_residual,0.09574794504205095
53.000,investigation_deferred,0
53.000,nav_aborted,0
53.000,nav_canceled,0
53.000,nav_rejected,0
53.000,run_seed,2
54.000,anomalies_detected,0
54.000,anomalies_unique,0
54.000,investigation_timeouts,0
54.000,mission_duration_s,8.908000000000001
54.000,distance_traveled_m,2.2045865685916124
54.000,route_deviations,0
54.000,investigation_time_s,0.0
54.000,hazard_avoidances,0
54.000,min_hazard_distance_m,10.672612768019903
54.000,collisions,0
54.000,time_below_clearance_s,0.0
54.000,safety_zone_violations,0
54.000,min_ttc_s,27.176216464163534
54.000,avoid_success,0
54.000,avoid_timeout,0
54.000,q_convergence,0.9076240950388005
54.000,update_residual,0.09076240950388002
54.000,investigation_deferred,0
54.000,nav_aborted,0
54.000,nav_canceled,0
54.000,nav_rejected,0
54.000,run_seed,2
55.000,anomalies_detected,0
55.000,anomalies_unique,0
55.000,investigation_timeouts,0
55.000,mission_duration_s,9.908000000000001
55.000,distance_traveled_m,2.46666650705273
55.000,route_deviations,0
55.000,investigation_time_s,0.0
55.000,hazard_avoidances,0
55.000,min_hazard_distance_m,10.471167431238337
55.000,collisions,0
55.000,time_below_clearance_s,0.0
55.000,safety_zone_violations,0
55.000,min_ttc_s,26.802909195670935
55.000,avoid_success,0
55.000,avoid_timeout,0
55.000,q_convergence,0.7907072825378697
55.000,update_residual,0.07907072825378693
55.000,investigation_deferred,0
55.000,nav_aborted,0
55.000,nav_canceled,0
55.000,nav_rejected,0
55.000,run_seed,2
56.000,anomalies_detected,0
56.000,anomalies_unique,0
56.000,investigation_timeouts,0
56.000,mission_duration_s,10.908000000000001
56.000,distance_traveled_m,2.7287464619188295
56.000,route_deviations,0
56.000,investigation_time_s,0.0
56.000,hazard_avoidances,0
56.000,min_hazard_distance_m,10.263410065698837
56.000,collisions,0
56.000,time_below_clearance_s,0.0
56.000,safety_zone_violations,0
56.000,min_ttc_s,24.96423381218389
56.000,avoid_success,0
56.000,avoid_timeout,0
56.000,q_convergence,0.6889305725039605
56.000,update_residual,0.06889305725039604
56.000,investigation_deferred,0
56.000,nav_aborted,0
56.000,nav_canceled,0
56.000,nav_rejected,0
56.000,run_seed,2
57.000,anomalies_detected,0
57.000,anomalies_unique,0
57.000,investigation_timeouts,0
57.000,mission_duration_s,11.908000000000001
57.000,distance_traveled_m,2.9908264128726105
57.000,route_deviations,0
57.000,investigation_time_s,0.0
57.000,hazard_avoidances,0
57.000,min_hazard_distance_m,10.064084026919012
57.000,collisions,0
57.000,time_below_clearance_s,0.0
57.000,safety_zone_violations,0
57.000,min_ttc_s,24.96423381218389
57.000,avoid_success,0
57.000,avoid_timeout,0
57.000,q_convergence,0.9107991964507562
57.000,update_residual,0.09107991964507564
57.000,investigation_deferred,0
57.000,nav_aborted,0
57.000,nav_canceled,0
57.000,nav_rejected,0
57.000,run_seed,2
58.000,anomalies_detected,0
58.000,anomalies_unique,0
58.000,investigation_timeouts,0
58.000,mission_duration_s,12.908000000000001
58.000,distance_traveled_m,3.2529063940788
58.000,route_deviations,0
58.000,investigation_time_s,0.0
58.000,hazard_avoidances,0
58.000,min_hazard_distance_m,9.862885960901227
58.000,collisions,0
58.000,time_below_clearance_s,0.0
58.000,safety_zone_violations,0
58.000,min_ttc_s,24.869195435945727
58.000,avoid_success,0
58.000,avoid_timeout,0
58.000,q_convergence,0.9167688644618069
58.000,update_residual,0.09167688644618069
58.000,investigation_deferred,0
58.000,nav_aborted,0
58.000,nav_canceled,0
58.000,nav_rejected,0
58.000,run_seed,2
59.000,anomalies_detected,0
59.000,anomalies_unique,0
59.000,investigation_timeouts,0
59.000,mission_duration_s,13.908000000000001
59.000,distance_traveled_m,3.505626380524051
59.000,route_deviations,0
59.000,investigation_time_s,0.0
59.000,hazard_avoidances,0
59.000,min_hazard_distance_m,9.67296718267094
59.000,collisions,0
59.000,time_below_clearance_s,0.0
59.000,safety_zone_violations,0
59.000,min_ttc_s,24.856810886976234
59.000,avoid_success,0
59.000,avoid_timeout,0
59.000,q_convergence,0.7967207278831593
59.000,update_residual,0.07967207278831592
59.000,investigation_deferred,0
59.000,nav_aborted,0
59.000,nav_canceled,0
59.000,nav_rejected,0
59.000,run_seed,2
60.000,anomalies_detected,0
60.000,anomalies_unique,0
60.000,investigation_timeouts,0
60.000,mission_duration_s,14.908000000000001
60.000,distance_traveled_m,3.767706354495837
60.000,route_deviations,0
60.000,investigation_time_s,0.0
60.000,hazard_avoidances,0
60.000,min_hazard_distance_m,9.475699186147661
60.000,collisions,0
60.000,time_below_clearance_s,0.0
60.000,safety_zone_violations,0
60.000,min_ttc_s,24.300327901272933
60.000,avoid_success,0
60.000,avoid_timeout,0
60.000,q_convergence,0.6940900810474361
60.000,update_residual,0.0694090081047436
60.000,investigation_deferred,0
60.000,nav_aborted,0
60.000,nav_canceled,0
60.000,nav_rejected,0
60.000,run_seed,2
61.000,anomalies_detected,0
61.000,anomalies_unique,0
61.000,investigation_timeouts,0
61.000,mission_duration_s,15.908000000000001
61.000,distance_traveled_m,4.029786311641535
61.000,route_deviations,0
61.000,investigation_time_s,0.0
61.000,hazard_avoidances,0
61.000,min_hazard_distance_m,9.288083373624971
61.000,collisions,0
61.000,time_below_clearance_s,0.0
61.000,safety_zone_violations,0
61.000,min_ttc_s,24.300327901272933
61.000,avoid_success,0
61.000,avoid_timeout,0
61.000,q_convergence,0.9117104097071159
61.000,update_residual,0.09117104097071162
61.000,investigation_deferred,0
61.000,nav_aborted,0
61.000,nav_canceled,0
61.000,nav_rejected,0
61.000,run_seed,2
62.000,anomalies_detected,0
62.000,anomalies_unique,0
62.000,investigation_timeouts,0
62.000,mission_duration_s,16.908
62.000,distance_traveled_m,4.2918661857297025
62.000,route_deviations,0
62.000,investigation_time_s,0.0
62.000,hazard_avoidances,0
62.000,min_hazard_distance_m,9.100471470653913
62.000,collisions,0
62.000,time_below_clearance_s,0.0
62.000,safety_zone_violations,0
62.000,min_ttc_s,24.300327901272933
62.000,avoid_success,0
62.000,avoid_timeout,0
62.000,q_convergence,0.9167688644618069
62.000,update_residual,0.09167688644618069
62.000,investigation_deferred,0
62.000,nav_aborted,0
62.000,nav_canceled,0
62.000,nav_rejected,0
62.000,run_seed,2
63.000,anomalies_detected,0
63.000,anomalies_unique,0
63.000,investigation_timeouts,0
63.000,mission_duration_s,17.908
63.000,distance_traveled_m,4.544585714198933
63.000,route_deviations,0
63.000,investigation_time_s,0.0
63.000,hazard_avoidances,0
63.000,min_hazard_distance_m,8.898933719906545
63.000,collisions,0
63.000,time_below_clearance_s,0.0
63.000,safety_zone_violations,0
63.000,min_ttc_s,24.300327901272933
63.000,avoid_success,0
63.000,avoid_timeout,0
63.000,q_convergence,0.7967207278831593
63.000,update_residual,0.07967207278831592
63.000,investigation_deferred,0
63.000,nav_aborted,0
63.000,nav_canceled,0
63.000,nav_rejected,0
63.000,run_seed,2
64.000,anomalies_detected,0
64.000,anomalies_unique,0
64.000,investigation_timeouts,0
64.000,mission_duration_s,18.908
64.000,distance_traveled_m,4.806665692621886
64.000,route_deviations,0
64.000,investigation_time_s,0.0
64.000,hazard_avoidances,0
64.000,min_hazard_distance_m,8.683157106957658
64.000,collisions,0
64.000,time_below_clearance_s,0.0
64.000,safety_zone_violations,0
64.000,min_ttc_s,20.43419489823211
64.000,avoid_success,0
64.000,avoid_timeout,0
64.000,q_convergence,0.6940900810474361
64.000,update_residual,0.0694090081047436
64.000,investigation_deferred,0
64.000,nav_aborted,0
64.000,nav_canceled,0
64.000,nav_rejected,0
64.000,run_seed,2
65.000,anomalies_detected,0
65.000,anomalies_unique,0
65.000,investigation_timeouts,0
65.000,mission_duration_s,19.908
65.000,distance_traveled_m,5.06874567648004
65.000,route_deviations,0
65.000,investigation_time_s,0.0
65.000,hazard_avoidances,0
65.000,min_hazard_distance_m,8.470393905467633
65.000,collisions,0
65.000,time_below_clearance_s,0.0
65.000,safety_zone_violations,0
65.000,min_ttc_s,20.16743121583532
65.000,avoid_success,0
65.000,avoid_timeout,0
65.000,q_convergence,0.9239673700212069
65.000,update_residual,0.0923967370021207
65.000,investigation_deferred,0
65.000,nav_aborted,0
65.000,nav_canceled,0
65.000,nav_rejected,0
65.000,run_seed,2
66.000,anomalies_detected,0
66.000,anomalies_unique,0
66.000,investigation_timeouts,0
66.000,mission_duration_s,20.908
66.000,distance_traveled_m,5.330825660384177
66.000,route_deviations,0
66.000,investigation_time_s,0.0
66.000,hazard_avoidances,0
66.000,min_hazard_distance_m,8.262398064793196
66.000,collisions,0
66.000,time_below_clearance_s,0.0
66.000,safety_zone_violations,0
66.000,min_ttc_s,20.16743121583532
66.000,avoid_success,0
66.000,avoid_timeout,0
66.000,q_convergence,0.912185020139498
66.000,update_residual,0.09121850201394976
66.000,investigation_deferred,0
66.000,nav_aborted,0
66.000,nav_canceled,0
66.000,nav_rejected,0
66.000,run_seed,2
67.000,anomalies_detected,0
67.000,anomalies_unique,0
67.000,investigation_timeouts,0
67.000,mission_duration_s,21.908
67.000,distance_traveled_m,5.592905637478737
67.000,route_deviations,0
67.000,investigation_time_s,0.0
67.000,hazard_avoidances,0
67.000,min_hazard_distance_m,8.057531583063502
67.000,collisions,0
67.000,time_below_clearance_s,0.0
67.000,safety_zone_violations,0
67.000,min_ttc_s,20.16743121583532
67.000,avoid_success,0
67.000,avoid_timeout,0
67.000,q_convergence,0.9452922234153557
67.000,update_residual,0.09452922234153556
67.000,investigation_deferred,0
67.000,nav_aborted,0
67.000,nav_canceled,0
67.000,nav_rejected,0
67.000,run_seed,2
68.000,anomalies_detected,0
68.000,anomalies_unique,0
68.000,investigation_timeouts,0
68.000,mission_duration_s,22.908
68.000,distance_traveled_m,5.845625619707143
68.000,route_deviations,0
68.000,investigation_time_s,0.0
68.000,hazard_avoidances,0
68.000,min_hazard_distance_m,7.864404136546005
68.000,collisions,0
68.000,time_below_clearance_s,0.0
68.000,safety_zone_violations,0
68.000,min_ttc_s,19.95672625984995
68.000,avoid_success,0
68.000,avoid_timeout,0
68.000,q_convergence,0.912185020139498
68.000,update_residual,0.09121850201394976
68.000,investigation_deferred,0
68.000,nav_aborted,0
68.000,nav_canceled,0
68.000,nav_rejected,0
68.000,run_seed,2
69.000,anomalies_detected,0
69.000,anomalies_unique,0
69.000,investigation_timeouts,0
69.000,mission_duration_s,23.908
69.000,distance_traveled_m,6.107705568693506
69.000,route_deviations,0
69.000,investigation_time_s,0.0
69.000,hazard_avoidances,0
69.000,min_hazard_distance_m,7.66781973065732
69.000,collisions,0
69.000,time_below_clearance_s,0.0
69.000,safety_zone_violations,0
69.000,min_ttc_s,19.85273452608996
69.000,avoid_success,0
69.000,avoid_timeout,0
69.000,q_convergence,0.9667367345872542
69.000,update_residual,0.09667367345872543
69.000,investigation_deferred,0
69.000,nav_aborted,0
69.000,nav_canceled,0
69.000,nav_rejected,0
69.000,run_seed,2
70.000,anomalies_detected,0
70.000,anomalies_unique,0
70.000,investigation_timeouts,0
70.000,mission_duration_s,24.908
70.000,distance_traveled_m,6.36978554640239
70.000,route_deviations,0
70.000,investigation_time_s,0.0
70.000,hazard_avoidances,0
70.000,min_hazard_distance_m,7.473715742001357
70.000,collisions,0
70.000,time_below_clearance_s,0.0
70.000,safety_zone_violations,0
70.000,min_ttc_s,19.85273452608996
70.000,avoid_success,0
70.000,avoid_timeout,0
70.000,q_convergence,0.8940776919673346
70.000,update_residual,0.08940776919673343
70.000,investigation_deferred,0
70.000,nav_aborted,0
70.000,nav_canceled,0
70.000,nav_rejected,0
70.000,run_seed,2
71.000,anomalies_detected,0
71.000,anomalies_unique,0
71.000,investigation_timeouts,0
71.000,mission_duration_s,25.908
71.000,distance_traveled_m,6.631865491697593
71.000,route_deviations,0
71.000,investigation_time_s,0.0
71.000,hazard_avoidances,0
71.000,min_hazard_distance_m,7.285059345565979
71.000,collisions,0
71.000,time_below_clearance_s,0.0
71.000,safety_zone_violations,0
71.000,min_ttc_s,19.85273452608996
71.000,avoid_success,0
71.000,avoid_timeout,0
71.000,q_convergence,0.7770008964544038
71.000,update_residual,0.07770008964544037
71.000,investigation_deferred,0
71.000,nav_aborted,0
71.000,nav_canceled,0
71.000,nav_rejected,0
71.000,run_seed,2
72.000,anomalies_detected,0
72.000,anomalies_unique,0
72.000,investigation_timeouts,0
72.000,mission_duration_s,26.908
72.000,distance_traveled_m,6.884585464944548
72.000,route_deviations,0
72.000,investigation_time_s,0.0
72.000,hazard_avoidances,0
72.000,min_hazard_distance_m,7.10035549321581
72.000,collisions,0
72.000,time_below_clearance_s,0.0
72.000,safety_zone_violations,0
72.000,min_ttc_s,19.85273452608996
72.000,avoid_success,0
72.000,avoid_timeout,0
72.000,q_convergence,0.6752549566050522
72.000,update_residual,0.06752549566050521
72.000,investigation_deferred,0
72.000,nav_aborted,0
72.000,nav_canceled,0
72.000,nav_rejected,0
72.000,run_seed,2
73.000,anomalies_detected,0
73.000,anomalies_unique,0
73.000,investigation_timeouts,0
73.000,mission_duration_s,27.908
73.000,distance_traveled_m,7.146665428097281
73.000,route_deviations,0
73.000,investigation_time_s,0.0
73.000,hazard_avoidances,0
73.000,min_hazard_distance_m,6.914873526723857
73.000,collisions,0
73.000,time_below_clearance_s,0.0
73.000,safety_zone_violations,0
73.000,min_ttc_s,19.185626039197352
73.000,avoid_success,0
73.000,avoid_timeout,0
73.000,q_convergence,1.0287623167964584
73.000,update_residual,0.10287623167964587
73.000,investigation_deferred,0
73.000,nav_aborted,0
73.000,nav_canceled,0
73.000,nav_rejected,0
73.000,run_seed,2
74.000,anomalies_detected,0
74.000,anomalies_unique,0
74.000,investigation_timeouts,0
74.000,mission_duration_s,28.908
74.000,distance_traveled_m,7.408745374907242
74.000,route_deviations,0
74.000,investigation_time_s,0.0
74.000,hazard_avoidances,0
74.000,min_hazard_distance_m,6.740681097632784
74.000,collisions,0
74.000,time_below_clearance_s,0.0
74.000,safety_zone_violations,0
74.000,min_ttc_s,19.185626039197352
74.000,avoid_success,0
74.000,avoid_timeout,0
74.000,q_convergence,0.8763298033017355
74.000,update_residual,0.08763298033017355
74.000,investigation_deferred,0
74.000,nav_aborted,0
74.000,nav_canceled,0
74.000,nav_rejected,0
74.000,run_seed,2
75.000,anomalies_detected,0
75.000,anomalies_unique,0
75.000,investigation_timeouts,0
75.000,mission_duration_s,29.908
75.000,distance_traveled_m,7.67082535344501
75.000,route_deviations,0
75.000,investigation_time_s,0.0
75.000,hazard_avoidances,0
75.000,min_hazard_distance_m,6.5656231352117835
75.000,collisions,0
75.000,time_below_clearance_s,0.0
75.000,safety_zone_violations,0
75.000,min_ttc_s,18.970981978435695
75.000,avoid_success,0
75.000,avoid_timeout,0
75.000,q_convergence,0.7615770406449613
75.000,update_residual,0.07615770406449614
75.000,investigation_deferred,0
75.000,nav_aborted,0
75.000,nav_canceled,0
75.000,nav_rejected,0
75.000,run_seed,2
76.000,anomalies_detected,0
76.000,anomalies_unique,0
76.000,investigation_timeouts,0
76.000,mission_duration_s,30.908
76.000,distance_traveled_m,7.932905337628243
76.000,route_deviations,0
76.000,investigation_time_s,0.0
76.000,hazard_avoidances,0
76.000,min_hazard_distance_m,6.393706095444004
76.000,collisions,0
76.000,time_below_clearance_s,0.0
76.000,safety_zone_violations,0
76.000,min_ttc_s,18.970981978435695
76.000,avoid_success,0
76.000,avoid_timeout,0
76.000,q_convergence,0.661850808510998
76.000,update_residual,0.0661850808510998
76.000,investigation_deferred,0
76.000,nav_aborted,0
76.000,nav_canceled,0
76.000,nav_rejected,0
76.000,run_seed,2
77.000,anomalies_detected,0
77.000,anomalies_unique,0
77.000,investigation_timeouts,0
77.000,mission_duration_s,31.908
77.000,distance_traveled_m,8.185625331618864
77.000,route_deviations,0
77.000,investigation_time_s,0.0
77.000,hazard_avoidances,0
77.000,min_hazard_distance_m,6.229099027721923
77.000,collisions,0
77.000,time_below_clearance_s,0.0
77.000,safety_zone_violations,0
77.000,min_ttc_s,18.612749831185234
77.000,avoid_success,0
77.000,avoid_timeout,0
77.000,q_convergence,1.0589993082636489
77.000,update_residual,0.10589993082636488
77.000,investigation_deferred,0
77.000,nav_aborted,0
77.000,nav_canceled,0
77.000,nav_rejected,0
77.000,run_seed,2
78.000,anomalies_detected,0
78.000,anomalies_unique,0
78.000,investigation_timeouts,0
78.000,mission_duration_s,32.908
78.000,distance_traveled_m,8.447705329065823
78.000,route_deviations,0
78.000,investigation_time_s,0.0
78.000,hazard_avoidances,0
78.000,min_hazard_distance_m,6.068070196174151
78.000,collisions,0
78.000,time_below_clearance_s,0.0
78.000,safety_zone_violations,0
78.000,min_ttc_s,18.46718749852059
78.000,avoid_success,0
78.000,avoid_timeout,0
78.000,q_convergence,0.8610400769081573
78.000,update_residual,0.08610400769081572
78.000,investigation_deferred,0
78.000,nav_aborted,0
78.000,nav_canceled,0
78.000,nav_rejected,0
78.000,run_seed,2
79.000,anomalies_detected,0
79.000,anomalies_unique,0
79.000,investigation_timeouts,0
79.000,mission_duration_s,33.908
79.000,distance_traveled_m,8.709785327361322
79.000,route_deviations,0
79.000,investigation_time_s,0.0
79.000,hazard_avoidances,0
79.000,min_hazard_distance_m,5.901450831378662
79.000,collisions,0
79.000,time_below_clearance_s,0.0
79.000,safety_zone_violations,0
79.000,min_ttc_s,18.46718749852059
79.000,avoid_success,0
79.000,avoid_timeout,0
79.000,q_convergence,0.750210408116205
79.000,update_residual,0.07502104081162052
79.000,investigation_deferred,0
79.000,nav_aborted,0
79.000,nav_canceled,0
79.000,nav_rejected,0
79.000,run_seed,2
80.000,anomalies_detected,0
80.000,anomalies_unique,0
80.000,investigation_timeouts,0
80.000,mission_duration_s,34.908
80.000,distance_traveled_m,8.971865324759362
80.000,route_deviations,0
80.000,investigation_time_s,0.0
80.000,hazard_avoidances,0
80.000,min_hazard_distance_m,5.7479420273577935
80.000,collisions,0
80.000,time_below_clearance_s,0.0
80.000,safety_zone_violations,0
80.000,min_ttc_s,18.46718749852059
80.000,avoid_success,0
80.000,avoid_timeout,0
80.000,q_convergence,0.6519726024626202
80.000,update_residual,0.06519726024626202
80.000,investigation_deferred,0
80.000,nav_aborted,0
80.000,nav_canceled,0
80.000,nav_rejected,0
80.000,run_seed,2
81.000,anomalies_detected,0
81.000,anomalies_unique,0
81.000,investigation_timeouts,0
81.000,mission_duration_s,35.908
81.000,distance_traveled_m,9.224585323398175
81.000,route_deviations,0
81.000,investigation_time_s,0.0
81.000,hazard_avoidances,0
81.000,min_hazard_distance_m,5.6068210022681955
81.000,collisions,0
81.000,time_below_clearance_s,0.0
81.000,safety_zone_violations,0
81.000,min_ttc_s,18.46718749852059
81.000,avoid_success,0
81.000,avoid_timeout,0
81.000,q_convergence,1.1094921186043254
81.000,update_residual,0.11094921186043254
81.000,investigation_deferred,0
81.000,nav_aborted,0
81.000,nav_canceled,0
81.000,nav_rejected,0
81.000,run_seed,2
82.000,anomalies_detected,0
82.000,anomalies_unique,0
82.000,investigation_timeouts,0
82.000,mission_duration_s,36.908
82.000,distance_traveled_m,9.486665321609202
82.000,route_deviations,0
82.000,investigation_time_s,0.0
82.000,hazard_avoidances,0
82.000,min_hazard_distance_m,5.469162342838353
82.000,collisions,0
82.000,time_below_clearance_s,0.0
82.000,safety_zone_violations,0
82.000,min_ttc_s,18.46718749852059
82.000,avoid_success,0
82.000,avoid_timeout,0
82.000,q_convergence,0.8397282613926437
82.000,update_residual,0.08397282613926436
82.000,investigation_deferred,0
82.000,nav_aborted,0
82.000,nav_canceled,0
82.000,nav_rejected,0
82.000,run_seed,2
83.000,anomalies_detected,0
83.000,anomalies_unique,0
83.000,investigation_timeouts,0
83.000,mission_duration_s,37.908
83.000,distance_traveled_m,9.748745319142387
83.000,route_deviations,0
83.000,investigation_time_s,0.0
83.000,hazard_avoidances,0
83.000,min_hazard_distance_m,5.341265435521533
83.000,collisions,0
83.000,time_below_clearance_s,0.0
83.000,safety_zone_violations,0
83.000,min_ttc_s,18.46718749852059
83.000,avoid_success,0
83.000,avoid_timeout,0
83.000,q_convergence,0.7316417650943821
83.000,update_residual,0.0731641765094382
83.000,investigation_deferred,0
83.000,nav_aborted,0
83.000,nav_canceled,0
83.000,nav_rejected,0
83.000,run_seed,2
84.000,anomalies_detected,0
84.000,anomalies_unique,0
84.000,investigation_timeouts,0
84.000,mission_duration_s,38.908
84.000,distance_traveled_m,10.010825316935847
84.000,route_deviations,0
84.000,investigation_time_s,0.0
84.000,hazard_avoidances,0
84.000,min_hazard_distance_m,5.222684645192783
84.000,collisions,0
84.000,time_below_clearance_s,0.0
84.000,safety_zone_violations,0
84.000,min_ttc_s,18.46718749852059
84.000,avoid_success,0
84.000,avoid_timeout,0
84.000,q_convergence,0.6358354676212944
84.000,update_residual,0.06358354676212943
84.000,investigation_deferred,0
84.000,nav_aborted,0
84.000,nav_canceled,0
84.000,nav_rejected,0
84.000,run_seed,2
85.000,anomalies_detected,0
85.000,anomalies_unique,0
85.000,investigation_timeouts,0
85.000,mission_duration_s,39.908
85.000,distance_traveled_m,10.240314914422381
85.000,route_deviations,1
85.000,investigation_time_s,0.0
85.000,hazard_avoidances,1
85.000,min_hazard_distance_m,5.127701116770095
85.000,collisions,0
85.000,time_below_clearance_s,0.0
85.000,safety_zone_violations,0
85.000,min_ttc_s,18.46718749852059
85.000,avoid_success,0
85.000,avoid_timeout,0
85.000,q_convergence,1.6667357626877666
85.000,update_residual,0.1501113358075866
85.000,investigation_deferred,0
85.000,nav_aborted,0
85.000,nav_canceled,0
85.000,nav_rejected,0
85.000,run_seed,2
86.000,anomalies_detected,0
86.000,anomalies_unique,0
86.000,investigation_timeouts,0
86.000,mission_duration_s,40.908
86.000,distance_traveled_m,10.417496613339138
86.000,route_deviations,1
86.000,investigation_time_s,0.0
86.000,hazard_avoidances,1
86.000,min_hazard_distance_m,5.127701116770095
86.000,collisions,0
86.000,time_below_clearance_s,0.0
86.000,safety_zone_violations,0
86.000,min_ttc_s,18.46718749852059
86.000,avoid_success,0
86.000,avoid_timeout,0
86.000,q_convergence,3.307459502593118
86.000,update_residual,0.021719591455185688
86.000,investigation_deferred,0
86.000,nav_aborted,0
86.000,nav_canceled,0
86.000,nav_rejected,0
86.000,run_seed,2
87.000,anomalies_detected,0
87.000,anomalies_unique,0
87.000,investigation_timeouts,0
87.000,mission_duration_s,41.908
87.000,distance_traveled_m,10.475720703266383
87.000,route_deviations,1
87.000,investigation_time_s,0.0
87.000,hazard_avoidances,1
87.000,min_hazard_distance_m,5.127701116770095
87.000,collisions,0
87.000,time_below_clearance_s,0.0
87.000,safety_zone_violations,0
87.000,min_ttc_s,18.46718749852059
87.000,avoid_success,0
87.000,avoid_timeout,0
87.000,q_convergence,3.16866918957118
87.000,update_residual,0.017271208499794997
87.000,investigation_deferred,0
87.000,nav_aborted,0
87.000,nav_canceled,0
87.000,nav_rejected,0
87.000,run_seed,2
88.000,anomalies_detected,0
88.000,anomalies_unique,0
88.000,investigation_timeouts,0
88.000,mission_duration_s,42.908
88.000,distance_traveled_m,10.68981722810285
88.000,route_deviations,1
88.000,investigation_time_s,0.0
88.000,hazard_avoidances,1
88.000,min_hazard_distance_m,5.127701116770095
88.000,collisions,0
88.000,time_below_clearance_s,0.0
88.000,safety_zone_violations,0
88.000,min_ttc_s,18.46718749852059
88.000,avoid_success,0
88.000,avoid_timeout,0
88.000,q_convergence,3.1046869754410173
88.000,update_residual,0.006860973496994609
88.000,investigation_deferred,0
88.000,nav_aborted,0
88.000,nav_canceled,0
88.000,nav_rejected,0
88.000,run_seed,2
89.000,anomalies_detected,0
89.000,anomalies_unique,0
89.000,investigation_timeouts,0
89.000,mission_duration_s,43.908
89.000,distance_traveled_m,10.951897114965654
89.000,route_deviations,1
89.000,investigation_time_s,0.0
89.000,hazard_avoidances,1
89.000,min_hazard_distance_m,5.127701116770095
89.000,collisions,0
89.000,time_below_clearance_s,0.0
89.000,safety_zone_violations,0
89.000,min_ttc_s,18.46718749852059
89.000,avoid_success,0
89.000,avoid_timeout,0
89.000,q_convergence,2.9216751134910295
89.000,update_residual,0.015101578382876304
89.000,investigation_deferred,0
89.000,nav_aborted,0
89.000,nav_canceled,0
89.000,nav_rejected,0
89.000,run_seed,2
90.000,anomalies_detected,0
90.000,anomalies_unique,0
90.000,investigation_timeouts,0
90.000,mission_duration_s,44.908
90.000,distance_traveled_m,11.204617101974275
90.000,route_deviations,1
90.000,investigation_time_s,0.0
90.000,hazard_avoidances,1
90.000,min_hazard_distance_m,5.127701116770095
90.000,collisions,0
90.000,time_below_clearance_s,0.0
90.000,safety_zone_violations,0
90.000,min_ttc_s,18.46718749852059
90.000,avoid_success,0
90.000,avoid_timeout,0
90.000,q_convergence,1.9149286524391853
90.000,update_residual,0.04714853812068437
90.000,investigation_deferred,0
90.000,nav_aborted,0
90.000,nav_canceled,0
90.000,nav_rejected,0
90.000,run_seed,2
91.000,anomalies_detected,0
91.000,anomalies_unique,0
91.000,investigation_timeouts,0
91.000,mission_duration_s,45.908
91.000,distance_traveled_m,11.466697092593034
91.000,route_deviations,1
91.000,investigation_time_s,0.0
91.000,hazard_avoidances,1
91.000,min_hazard_distance_m,5.127701116770095
91.000,collisions,0
91.000,time_below_clearance_s,0.0
91.000,safety_zone_violations,0
91.000,min_ttc_s,18.46718749852059
91.000,avoid_success,0
91.000,avoid_timeout,0
91.000,q_convergence,1.8989770796668926
91.000,update_residual,0.04560833505460327
91.000,investigation_deferred,0
91.000,nav_aborted,0
91.000,nav_canceled,0
91.000,nav_rejected,0
91.000,run_seed,2
92.000,anomalies_detected,0
92.000,anomalies_unique,0
92.000,investigation_timeouts,0
92.000,mission_duration_s,46.908
92.000,distance_traveled_m,11.728777082666733
92.000,route_deviations,1
92.000,investigation_time_s,0.0
92.000,hazard_avoidances,1
92.000,min_hazard_distance_m,5.127701116770095
92.000,collisions,0
92.000,time_below_clearance_s,0.0
92.000,safety_zone_violations,0
92.000,min_ttc_s,18.46718749852059
92.000,avoid_success,0
92.000,avoid_timeout,0
92.000,q_convergence,2.065604738682038
92.000,update_residual,0.006380337300105141
92.000,investigation_deferred,0
92.000,nav_aborted,0
92.000,nav_canceled,0
92.000,nav_rejected,0
92.000,run_seed,2
93.000,anomalies_detected,0
93.000,anomalies_unique,0
93.000,investigation_timeouts,0
93.000,mission_duration_s,47.908
93.000,distance_traveled_m,11.99085707017058
93.000,route_deviations,1
93.000,investigation_time_s,0.0
93.000,hazard_avoidances,1
93.000,min_hazard_distance_m,5.127701116770095
93.000,collisions,0
93.000,time_below_clearance_s,0.0
93.000,safety_zone_violations,0
93.000,min_ttc_s,18.46718749852059
93.000,avoid_success,0
93.000,avoid_timeout,0
93.000,q_convergence,1.498987770167264
93.000,update_residual,0.026257688074029877
93.000,investigation_deferred,0
93.000,nav_aborted,0
93.000,nav_canceled,0
93.000,nav_rejected,0
93.000,run_seed,2
94.000,anomalies_detected,0
94.000,anomalies_unique,0
94.000,investigation_timeouts,0
94.000,mission_duration_s,48.908
94.000,distance_traveled_m,12.25293700888239
94.000,route_deviations,1
94.000,investigation_time_s,0.0
94.000,hazard_avoidances,1
94.000,min_hazard_distance_m,5.127701116770095
94.000,collisions,0
94.000,time_below_clearance_s,0.0
94.000,safety_zone_violations,0
94.000,min_ttc_s,18.46718749852059
94.000,avoid_success,0
94.000,avoid_timeout,0
94.000,q_convergence,1.5156390698798272
94.000,update_residual,0.006933758317531457
94.000,investigation_deferred,0
94.000,nav_aborted,0
94.000,nav_canceled,0
94.000,nav_rejected,0
94.000,run_seed,2
95.000,anomalies_detected,0
95.000,anomalies_unique,0
95.000,investigation_timeouts,0
95.000,mission_duration_s,49.908
95.000,distance_traveled_m,12.321355891008622
95.000,route_deviations,1
95.000,investigation_time_s,0.0
95.000,hazard_avoidances,1
95.000,min_hazard_distance_m,5.127701116770095
95.000,collisions,0
95.000,time_below_clearance_s,0.0
95.000,safety_zone_violations,0
95.000,min_ttc_s,18.46718749852059
95.000,avoid_success,1
95.000,avoid_timeout,0
95.000,q_convergence,1.4499302527079767
95.000,update_residual,0.00036287660034638576
95.000,investigation_deferred,0
95.000,nav_aborted,0
95.000,nav_canceled,0
95.000,nav_rejected,0
95.000,run_seed,2
96.000,anomalies_detected,0
96.000,anomalies_unique,0
96.000,investigation_timeouts,0
96.000,mission_duration_s,50.908
96.000,distance_traveled_m,12.469517852275958
96.000,route_deviations,1
96.000,investigation_time_s,0.0
96.000,hazard_avoidances,1
96.000,min_hazard_distance_m,5.127701116770095
96.000,collisions,0
96.000,time_below_clearance_s,0.0
96.000,safety_zone_violations,0
96.000,min_ttc_s,18.46718749852059
96.000,avoid_success,1
96.000,avoid_timeout,0
96.000,q_convergence,1.1579537696888866
96.000,update_residual,0.008751407464426084
96.000,investigation_deferred,0
96.000,nav_aborted,0
96.000,nav_canceled,0
96.000,nav_rejected,0
96.000,run_seed,2
97.000,anomalies_detected,0
97.000,anomalies_unique,0
97.000,investigation_timeouts,0
97.000,mission_duration_s,51.908
97.000,distance_traveled_m,12.598307429488228
97.000,route_deviations,1
97.000,investigation_time_s,0.0
97.000,hazard_avoidances,1
97.000,min_hazard_distance_m,5.127701116770095
97.000,collisions,0
97.000,time_below_clearance_s,0.0
97.000,safety_zone_violations,0
97.000,min_ttc_s,18.46718749852059
97.000,avoid_success,1
97.000,avoid_timeout,0
97.000,q_convergence,1.2243407806273123
97.000,update_residual,0.0005015483071523343
97.000,investigation_deferred,0
97.000,nav_aborted,0
97.000,nav_canceled,0
97.000,nav_rejected,0
97.000,run_seed,2
98.000,anomalies_detected,0
98.000,anomalies_unique,0
98.000,investigation_timeouts,0
98.000,mission_duration_s,52.908
98.000,distance_traveled_m,12.764256832801363
98.000,route_deviations,1
98.000,investigation_time_s,0.0
98.000,hazard_avoidances,1
98.000,min_hazard_distance_m,5.127701116770095
98.000,collisions,0
98.000,time_below_clearance_s,0.0
98.000,safety_zone_violations,0
98.000,min_ttc_s,18.46718749852059
98.000,avoid_success,1
98.000,avoid_timeout,0
98.000,q_convergence,1.1071020290222966
98.000,update_residual,0.0062149204878286235
98.000,investigation_deferred,0
98.000,nav_aborted,0
98.000,nav_canceled,0
98.000,nav_rejected,0
98.000,run_seed,2
99.000,anomalies_detected,0
99.000,anomalies_unique,0
99.000,investigation_timeouts,0
99.000,mission_duration_s,53.908
99.000,distance_traveled_m,13.016975898689527
99.000,route_deviations,1
99.000,investigation_time_s,0.0
99.000,hazard_avoidances,1
99.000,min_hazard_distance_m,5.127701116770095
99.000,collisions,0
99.000,time_below_clearance_s,0.0
99.000,safety_zone_violations,0
99.000,min_ttc_s,18.46718749852059
99.000,avoid_success,1
99.000,avoid_timeout,0
99.000,q_convergence,1.048205388070769
99.000,update_residual,0.00032525639267583527
99.000,investigation_deferred,0
99.000,nav_aborted,0
99.000,nav_canceled,0
99.000,nav_rejected,0
99.000,run_seed,2
100.000,anomalies_detected,0
100.000,anomalies_unique,0
100.000,investigation_timeouts,0
100.000,mission_duration_s,54.908
100.000,distance_traveled_m,13.279055891162491
100.000,route_deviations,1
100.000,investigation_time_s,0.0
100.000,hazard_avoidances,1
100.000,min_hazard_distance_m,5.127701116770095
100.000,collisions,0
100.000,time_below_clearance_s,0.0
100.000,safety_zone_violations,0
100.000,min_ttc_s,18.46718749852059
100.000,avoid_success,1
100.000,avoid_timeout,0
100.000,q_convergence,0.9980605246804195
100.000,update_residual,0.010985062415801028
100.000,investigation_deferred,0
100.000,nav_aborted,0
100.000,nav_canceled,0
100.000,nav_rejected,0
100.000,run_seed,2
101.000,anomalies_detected,0
101.000,anomalies_unique,0
101.000,investigation_timeouts,0
101.000,mission_duration_s,55.908
101.000,distance_traveled_m,13.541135890097296
101.000,route_deviations,1
101.000,investigation_time_s,0.0
101.000,hazard_avoidances,1
101.000,min_hazard_distance_m,5.127701116770095
101.000,collisions,0
101.000,time_below_clearance_s,0.0
101.000,safety_zone_violations,0
101.000,min_ttc_s,18.46718749852059
101.000,avoid_success,1
101.000,avoid_timeout,0
101.000,q_convergence,0.9724108081696666
101.000,update_residual,0.021743239272561894
101.000,investigation_deferred,0
101.000,nav_aborted,0
101.000,nav_canceled,0
101.000,nav_rejected,0
101.000,run_seed,2
102.000,anomalies_detected,0
102.000,anomalies_unique,0
102.000,investigation_timeouts,0
102.000,mission_duration_s,56.908
102.000,distance_traveled_m,13.803215889770247
102.000,route_deviations,1
102.000,investigation_time_s,0.0
102.000,hazard_avoidances,1
102.000,min_hazard_distance_m,5.127701116770095
102.000,collisions,0
102.000,time_below_clearance_s,0.0
102.000,safety_zone_violations,0
102.000,min_ttc_s,18.46718749852059
102.000,avoid_success,1
102.000,avoid_timeout,0
102.000,q_convergence,0.9424425992929404
102.000,update_residual,0.0241391213523468
102.000,investigation_deferred,0
102.000,nav_aborted,0
102.000,nav_canceled,0
102.000,nav_rejected,0
102.000,run_seed,2
103.000,anomalies_detected,0
103.000,anomalies_unique,0
103.000,investigation_timeouts,0
103.000,mission_duration_s,57.908
103.000,distance_traveled_m,14.065295889665713
103.000,route_deviations,1
103.000,investigation_time_s,0.0
103.000,hazard_avoidances,1
103.000,min_hazard_distance_m,5.127701116770095
103.000,collisions,0
103.000,time_below_clearance_s,0.0
103.000,safety_zone_violations,0
103.000,min_ttc_s,18.46718749852059
103.000,avoid_success,1
103.000,avoid_timeout,0
103.000,q_convergence,0.960233285874388
103.000,update_residual,0.03185016327469478
103.000,investigation_deferred,0
103.000,nav_aborted,0
103.000,nav_canceled,0
103.000,nav_rejected,0
103.000,run_seed,2
104.000,anomalies_detected,0
104.000,anomalies_unique,0
104.000,investigation_timeouts,0
104.000,mission_duration_s,58.908
104.000,distance_traveled_m,14.318015889606706
104.000,route_deviations,1
104.000,investigation_time_s,0.0
104.000,hazard_avoidances,1
104.000,min_hazard_distance_m,5.127701116770095
104.000,collisions,0
104.000,time_below_clearance_s,0.0
104.000,safety_zone_violations,0
104.000,min_ttc_s,18.46718749852059
104.000,avoid_success,1
104.000,avoid_timeout,0
104.000,q_convergence,0.9123018863697154
104.000,update_residual,0.03668299812113912
104.000,investigation_deferred,0
104.000,nav_aborted,0
104.000,nav_canceled,0
104.000,nav_rejected,0
104.000,run_seed,2
105.000,anomalies_detected,0
105.000,anomalies_unique,0
105.000,investigation_timeouts,0
105.000,mission_duration_s,59.908
105.000,distance_traveled_m,14.580095889554114
105.000,route_deviations,1
105.000,investigation_time_s,0.0
105.000,hazard_avoidances,1
105.000,min_hazard_distance_m,5.127701116770095
105.000,collisions,0
105.000,time_below_clearance_s,0.0
105.000,safety_zone_violations,0
105.000,min_ttc_s,18.46718749852059
105.000,avoid_success,1
105.000,avoid_timeout,0
105.000,q_convergence,0.8650481914012289
105.000,update_residual,0.03195762862429046
105.000,investigation_deferred,0
105.000,nav_aborted,0
105.000,nav_canceled,0
105.000,nav_rejected,0
105.000,run_seed,2
106.000,anomalies_detected,0
106.000,anomalies_unique,0
106.000,investigation_timeouts,0
106.000,mission_duration_s,60.908
106.000,distance_traveled_m,14.842175889508637
106.000,route_deviations,1
106.000,investigation_time_s,0.0
106.000,hazard_avoidances,1
106.000,min_hazard_distance_m,5.127701116770095
106.000,collisions,0
106.000,time_below_clearance_s,0.0
106.000,safety_zone_violations,0
106.000,min_ttc_s,18.46718749852059
106.000,avoid_success,1
106.000,avoid_timeout,0
106.000,q_convergence,0.9916605857686708
106.000,update_residual,0.05611274034829935
106.000,investigation_deferred,0
106.000,nav_aborted,0
106.000,nav_canceled,0
106.000,nav_rejected,0
106.000,run_seed,2
107.000,anomalies_detected,0
107.000,anomalies_unique,0
107.000,investigation_timeouts,0
107.000,mission_duration_s,61.908
107.000,distance_traveled_m,15.104255889459797
107.000,route_deviations,1
107.000,investigation_time_s,0.0
107.000,hazard_avoidances,1
107.000,min_hazard_distance_m,5.127701116770095
107.000,collisions,0
107.000,time_below_clearance_s,0.0
107.000,safety_zone_violations,0
107.000,min_ttc_s,18.46718749852059
107.000,avoid_success,1
107.000,avoid_timeout,0
107.000,q_convergence,0.9129664462003854
107.000,update_residual,0.05188629947234963
107.000,investigation_deferred,0
107.000,nav_aborted,0
107.000,nav_canceled,0
107.000,nav_rejected,0
107.000,run_seed,2
108.000,anomalies_detected,0
108.000,anomalies_unique,0
108.000,investigation_timeouts,0
108.000,mission_duration_s,62.908
108.000,distance_traveled_m,15.356975889412997
108.000,route_deviations,1
108.000,investigation_time_s,0.0
108.000,hazard_avoidances,1
108.000,min_hazard_distance_m,5.127701116770095
108.000,collisions,0
108.000,time_below_clearance_s,0.0
108.000,safety_zone_violations,0
108.000,min_ttc_s,18.46718749852059
108.000,avoid_success,1
108.000,avoid_timeout,0
108.000,q_convergence,0.845022891318928
108.000,update_residual,0.04509194398420389
108.000,investigation_deferred,0
108.000,nav_aborted,0
108.000,nav_canceled,0
108.000,nav_rejected,0
108.000,run_seed,2
109.000,anomalies_detected,0
109.000,anomalies_unique,0
109.000,investigation_timeouts,0
109.000,mission_duration_s,63.908
109.000,distance_traveled_m,15.619055889357032
109.000,route_deviations,1
109.000,investigation_time_s,0.0
109.000,hazard_avoidances,1
109.000,min_hazard_distance_m,5.127701116770095
109.000,collisions,0
109.000,time_below_clearance_s,0.0
109.000,safety_zone_violations,0
109.000,min_ttc_s,18.46718749852059
109.000,avoid_success,1
109.000,avoid_timeout,0
109.000,q_convergence,0.7832500014139328
109.000,update_residual,0.044826206765857704
109.000,investigation_deferred,0
109.000,nav_aborted,0
109.000,nav_canceled,0
109.000,nav_rejected,0
109.000,run_seed,2
110.000,anomalies_detected,0
110.000,anomalies_unique,0
110.000,investigation_timeouts,0
110.000,mission_duration_s,64.908
110.000,distance_traveled_m,15.88113588929499
110.000,route_deviations,1
110.000,investigation_time_s,0.0
110.000,hazard_avoidances,1
110.000,min_hazard_distance_m,5.127701116770095
110.000,collisions,0
110.000,time_below_clearance_s,0.0
110.000,safety_zone_violations,0
110.000,min_ttc_s,18.46718749852059
110.000,avoid_success,1
110.000,avoid_timeout,0
110.000,q_convergence,1.0495513678037247
110.000,update_residual,0.07851501772325332
110.000,investigation_deferred,0
110.000,nav_aborted,0
110.000,nav_canceled,0
110.000,nav_rejected,0
110.000,run_seed,2
111.000,anomalies_detected,0
111.000,anomalies_unique,0
111.000,investigation_timeouts,0
111.000,mission_duration_s,65.908
111.000,distance_traveled_m,16.14321588924282
111.000,route_deviations,1
111.000,investigation_time_s,0.0
111.000,hazard_avoidances,1
111.000,min_hazard_distance_m,5.127701116770095
111.000,collisions,0
111.000,time_below_clearance_s,0.0
111.000,safety_zone_violations,0
111.000,min_ttc_s,18.46718749852059
111.000,avoid_success,1
111.000,avoid_timeout,0
111.000,q_convergence,0.8779184659098073
111.000,update_residual,0.059317872221775446
111.000,investigation_deferred,0
111.000,nav_aborted,0
111.000,nav_canceled,0
111.000,nav_rejected,0
111.000,run_seed,2
112.000,anomalies_detected,0
112.000,anomalies_unique,0
112.000,investigation_timeouts,0
112.000,mission_duration_s,66.908
112.000,distance_traveled_m,16.40529588919638
112.000,route_deviations,1
112.000,investigation_time_s,0.0
112.000,hazard_avoidances,1
112.000,min_hazard_distance_m,5.127701116770095
112.000,collisions,0
112.000,time_below_clearance_s,0.0
112.000,safety_zone_violations,0
112.000,min_ttc_s,18.46718749852059
112.000,avoid_success,1
112.000,avoid_timeout,0
112.000,q_convergence,0.7974816166670992
112.000,update_residual,0.05554528345288544
112.000,investigation_deferred,0
112.000,nav_aborted,0
112.000,nav_canceled,0
112.000,nav_rejected,0
112.000,run_seed,2
113.000,anomalies_detected,0
113.000,anomalies_unique,0
113.000,investigation_timeouts,0
113.000,mission_duration_s,67.908
113.000,distance_traveled_m,16.658015889134173
113.000,route_deviations,1
113.000,investigation_time_s,0.0
113.000,hazard_avoidances,1
113.000,min_hazard_distance_m,5.127701116770095
113.000,collisions,0
113.000,time_below_clearance_s,0.0
113.000,safety_zone_violations,0
113.000,min_ttc_s,18.46718749852059
113.000,avoid_success,1
113.000,avoid_timeout,0
113.000,q_convergence,0.894140077265778
113.000,update_residual,0.07031102170780922
113.000,investigation_deferred,0
113.000,nav_aborted,0
113.000,nav_canceled,0
113.000,nav_rejected,0
113.000,run_seed,2
114.000,anomalies_detected,0
114.000,anomalies_unique,0
114.000,investigation_timeouts,0
114.000,mission_duration_s,68.908
114.000,distance_traveled_m,16.920095889076055
114.000,route_deviations,1
114.000,investigation_time_s,0.0
114.000,hazard_avoidances,1
114.000,min_hazard_distance_m,5.127701116770095
114.000,collisions,0
114.000,time_below_clearance_s,0.0
114.000,safety_zone_violations,0
114.000,min_ttc_s,18.46718749852059
114.000,avoid_success,1
114.000,avoid_timeout,0
114.000,q_convergence,0.9467364971724725
114.000,update_residual,0.07410120323549647
114.000,investigation_deferred,0
114.000,nav_aborted,0
114.000,nav_canceled,0
114.000,nav_rejected,0
114.000,run_seed,2
115.000,anomalies_detected,0
115.000,anomalies_unique,0
115.000,investigation_timeouts,0
115.000,mission_duration_s,69.908
115.000,distance_traveled_m,17.182175889024315
115.000,route_deviations,1
115.000,investigation_time_s,0.0
115.000,hazard_avoidances,1
115.000,min_hazard_distance_m,5.127701116770095
115.000,collisions,0
115.000,time_below_clearance_s,0.0
115.000,safety_zone_violations,0
115.000,min_ttc_s,18.46718749852059
115.000,avoid_success,1
115.000,avoid_timeout,0
115.000,q_convergence,0.8493609100842132
115.000,update_residual,0.06744951149893315
115.000,investigation_deferred,0
115.000,nav_aborted,0
115.000,nav_canceled,0
115.000,nav_rejected,0
115.000,run_seed,2
116.000,anomalies_detected,0
116.000,anomalies_unique,0
116.000,investigation_timeouts,0
116.000,mission_duration_s,70.908
116.000,distance_traveled_m,17.444255888979395
116.000,route_deviations,1
116.000,investigation_time_s,0.0
116.000,hazard_avoidances,1
116.000,min_hazard_distance_m,5.127701116770095
116.000,collisions,0
116.000,time_below_clearance_s,0.0
116.000,safety_zone_violations,0
116.000,min_ttc_s,18.46718749852059
116.000,avoid_success,1
116.000,avoid_timeout,0
116.000,q_convergence,0.7610377952570049
116.000,update_residual,0.05861720001621231
116.000,investigation_deferred,0
116.000,nav_aborted,0
116.000,nav_canceled,0
116.000,nav_rejected,0
116.000,run_seed,2
117.000,anomalies_detected,0
117.000,anomalies_unique,0
117.000,investigation_timeouts,0
117.000,mission_duration_s,71.908
117.000,distance_traveled_m,17.696975888935235
117.000,route_deviations,1
117.000,investigation_time_s,0.0
117.000,hazard_avoidances,1
117.000,min_hazard_distance_m,5.127701116770095
117.000,collisions,0
117.000,time_below_clearance_s,0.0
117.000,safety_zone_violations,0
117.000,min_ttc_s,18.46718749852059
117.000,avoid_success,1
117.000,avoid_timeout,0
117.000,q_convergence,0.9268167932416199
117.000,update_residual,0.07887977192560172
117.000,investigation_deferred,0
117.000,nav_aborted,0
117.000,nav_canceled,0
117.000,nav_rejected,0
117.000,run_seed,2
118.000,anomalies_detected,0
118.000,anomalies_unique,0
118.000,investigation_timeouts,0
118.000,mission_duration_s,72.908
118.000,distance_traveled_m,17.959055888888578
118.000,route_deviations,1
118.000,investigation_time_s,0.0
118.000,hazard_avoidances,1
118.000,min_hazard_distance_m,5.127701116770095
118.000,collisions,0
118.000,time_below_clearance_s,0.0
118.000,safety_zone_violations,0
118.000,min_ttc_s,18.46718749852059
118.000,avoid_success,1
118.000,avoid_timeout,0
118.000,q_convergence,0.9257508954365056
118.000,update_residual,0.07994103584804535
118.000,investigation_deferred,0
118.000,nav_aborted,0
118.000,nav_canceled,0
118.000,nav_rejected,0
118.000,run_seed,2
119.000,anomalies_detected,0
119.000,anomalies_unique,0
119.000,investigation_timeouts,0
119.000,mission_duration_s,73.908
119.000,distance_traveled_m,18.22113588884371
119.000,route_deviations,1
119.000,investigation_time_s,0.0
119.000,hazard_avoidances,1
119.000,min_hazard_distance_m,5.127701116770095
119.000,collisions,0
119.000,time_below_clearance_s,0.0
119.000,safety_zone_violations,0
119.000,min_ttc_s,18.46718749852059
119.000,avoid_success,1
119.000,avoid_timeout,0
119.000,q_convergence,0.8216285024495196
119.000,update_residual,0.07142390460368754
119.000,investigation_deferred,0
119.000,nav_aborted,0
119.000,nav_canceled,0
119.000,nav_rejected,0
119.000,run_seed,2
120.000,anomalies_detected,0
120.000,anomalies_unique,0
120.000,investigation_timeouts,0
120.000,mission_duration_s,74.908
120.000,distance_traveled_m,18.483215888799887
120.000,route_deviations,1
120.000,investigation_time_s,0.0
120.000,hazard_avoidances,1
120.000,min_hazard_distance_m,5.127701116770095
120.000,collisions,0
120.000,time_below_clearance_s,0.0
120.000,safety_zone_violations,0
120.000,min_ttc_s,18.46718749852059
120.000,avoid_success,1
120.000,avoid_timeout,0
120.000,q_convergence,0.7270594000451174
120.000,update_residual,0.06357783620943698
120.000,investigation_deferred,0
120.000,nav_aborted,0
120.000,nav_canceled,0
120.000,nav_rejected,0
120.000,run_seed,2
121.000,anomalies_detected,0
121.000,anomalies_unique,0
121.000,investigation_timeouts,0
121.000,mission_duration_s,75.908
121.000,distance_traveled_m,18.745295888749816
121.000,route_deviations,1
121.000,investigation_time_s,0.0
121.000,hazard_avoidances,1
121.000,min_hazard_distance_m,5.127701116770095
121.000,collisions,0
121.000,time_below_clearance_s,0.0
121.000,safety_zone_violations,0
121.000,min_ttc_s,18.46718749852059
121.000,avoid_success,1
121.000,avoid_timeout,0
121.000,q_convergence,0.9661976598268783
121.000,update_residual,0.08814366960154699
121.000,investigation_deferred,0
121.000,nav_aborted,0
121.000,nav_canceled,0
121.000,nav_rejected,0
121.000,run_seed,2
122.000,anomalies_detected,0
122.000,anomalies_unique,0
122.000,investigation_timeouts,0
122.000,mission_duration_s,76.908
122.000,distance_traveled_m,18.998015888704785
122.000,route_deviations,1
122.000,investigation_time_s,0.0
122.000,hazard_avoidances,1
122.000,min_hazard_distance_m,5.127701116770095
122.000,collisions,0
122.000,time_below_clearance_s,0.0
122.000,safety_zone_violations,0
122.000,min_ttc_s,18.46718749852059
122.000,avoid_success,1
122.000,avoid_timeout,0
122.000,q_convergence,0.9028609971546215
122.000,update_residual,0.08252721148964866
122.000,investigation_deferred,0
122.000,nav_aborted,0
122.000,nav_canceled,0
122.000,nav_rejected,0
122.000,run_seed,2
123.000,anomalies_detected,0
123.000,anomalies_unique,0
123.000,investigation_timeouts,0
123.000,mission_duration_s,77.908
123.000,distance_traveled_m,19.26009588864948
123.000,route_deviations,1
123.000,investigation_time_s,0.0
123.000,hazard_avoidances,1
123.000,min_hazard_distance_m,5.127701116770095
123.000,collisions,0
123.000,time_below_clearance_s,0.0
123.000,safety_zone_violations,0
123.000,min_ttc_s,18.46718749852059
123.000,avoid_success,1
123.000,avoid_timeout,0
123.000,q_convergence,0.7958265698128676
123.000,update_residual,0.07298760198934526
123.000,investigation_deferred,0
123.000,nav_aborted,0
123.000,nav_canceled,0
123.000,nav_rejected,0
123.000,run_seed,2
124.000,anomalies_detected,0
124.000,anomalies_unique,0
124.000,investigation_timeouts,0
124.000,mission_duration_s,78.908
124.000,distance_traveled_m,19.522175888594465
124.000,route_deviations,1
124.000,investigation_time_s,0.0
124.000,hazard_avoidances,1
124.000,min_hazard_distance_m,5.127701116770095
124.000,collisions,0
124.000,time_below_clearance_s,0.0
124.000,safety_zone_violations,0
124.000,min_ttc_s,18.46718749852059
124.000,avoid_success,1
124.000,avoid_timeout,0
124.000,q_convergence,0.7012401225357249
124.000,update_residual,0.06451821551042222
124.000,investigation_deferred,0
124.000,nav_aborted,0
124.000,nav_canceled,0
124.000,nav_rejected,0
124.000,run_seed,2
125.000,anomalies_detected,0
125.000,anomalies_unique,0
125.000,investigation_timeouts,0
125.000,mission_duration_s,79.908
125.000,distance_traveled_m,19.78425588853099
125.000,route_deviations,1
125.000,investigation_time_s,0.0
125.000,hazard_avoidances,1
125.000,min_hazard_distance_m,5.127701116770095
125.000,collisions,0
125.000,time_below_clearance_s,0.0
125.000,safety_zone_violations,0
125.000,min_ttc_s,18.46718749852059
125.000,avoid_success,1
125.000,avoid_timeout,0
125.000,q_convergence,1.008948123825586
125.000,update_residual,0.09568942969249046
125.000,investigation_deferred,0
125.000,nav_aborted,0
125.000,nav_canceled,0
125.000,nav_rejected,0
125.000,run_seed,2
126.000,anomalies_detected,0
126.000,anomalies_unique,0
126.000,investigation_timeouts,0
126.000,mission_duration_s,80.908
126.000,distance_traveled_m,20.036975888476828
126.000,route_deviations,1
126.000,investigation_time_s,0.0
126.000,hazard_avoidances,1
126.000,min_hazard_distance_m,5.127701116770095
126.000,collisions,0
126.000,time_below_clearance_s,0.0
126.000,safety_zone_violations,0
126.000,min_ttc_s,18.46718749852059
126.000,avoid_success,1
126.000,avoid_timeout,0
126.000,q_convergence,0.8827187611646723
126.000,update_residual,0.08350694888478949
126.000,investigation_deferred,0
126.000,nav_aborted,0
126.000,nav_canceled,0
126.000,nav_rejected,0
126.000,run_seed,2
127.000,anomalies_detected,0
127.000,anomalies_unique,0
127.000,investigation_timeouts,0
127.000,mission_duration_s,81.908
127.000,distance_traveled_m,20.29905588840947
127.000,route_deviations,1
127.000,investigation_time_s,0.0
127.000,hazard_avoidances,1
127.000,min_hazard_distance_m,5.127701116770095
127.000,collisions,0
127.000,time_below_clearance_s,0.0
127.000,safety_zone_violations,0
127.000,min_ttc_s,18.46718749852059
127.000,avoid_success,1
127.000,avoid_timeout,0
127.000,q_convergence,0.7747023768637912
127.000,update_residual,0.073420049539453
127.000,investigation_deferred,0
127.000,nav_aborted,0
127.000,nav_canceled,0
127.000,nav_rejected,0
127.000,run_seed,2
128.000,anomalies_detected,0
128.000,anomalies_unique,0
128.000,investigation_timeouts,0
128.000,mission_duration_s,82.908
128.000,distance_traveled_m,20.561135888355093
128.000,route_deviations,1
128.000,investigation_time_s,0.0
128.000,hazard_avoidances,1
128.000,min_hazard_distance_m,5.127701116770095
128.000,collisions,0
128.000,time_below_clearance_s,0.0
128.000,safety_zone_violations,0
128.000,min_ttc_s,18.46718749852059
128.000,avoid_success,1
128.000,avoid_timeout,0
128.000,q_convergence,0.6801989966916944
128.000,update_residual,0.06396971152224336
128.000,investigation_deferred,0
128.000,nav_aborted,0
128.000,nav_canceled,0
128.000,nav_rejected,0
128.000,run_seed,2
129.000,anomalies_detected,0
129.000,anomalies_unique,0
129.000,investigation_timeouts,0
129.000,mission_duration_s,83.908
129.000,distance_traveled_m,20.823215888248885
129.000,route_deviations,1
129.000,investigation_time_s,0.0
129.000,hazard_avoidances,1
129.000,min_hazard_distance_m,5.127701116770095
129.000,collisions,0
129.000,time_below_clearance_s,0.0
129.000,safety_zone_violations,0
129.000,min_ttc_s,18.46718749852059
129.000,avoid_success,1
129.000,avoid_timeout,0
129.000,q_convergence,1.061429334997012
129.000,update_residual,0.10294617785516309
129.000,investigation_deferred,0
129.000,nav_aborted,0
129.000,nav_canceled,0
129.000,nav_rejected,0
129.000,run_seed,2
130.000,anomalies_detected,0
130.000,anomalies_unique,0
130.000,investigation_timeouts,0
130.000,mission_duration_s,84.908
130.000,distance_traveled_m,21.085295888134418
130.000,route_deviations,1
130.000,investigation_time_s,0.0
130.000,hazard_avoidances,1
130.000,min_hazard_distance_m,5.127701116770095
130.000,collisions,0
130.000,time_below_clearance_s,0.0
130.000,safety_zone_violations,0
130.000,min_ttc_s,18.46718749852059
130.000,avoid_success,1
130.000,avoid_timeout,0
130.000,q_convergence,0.8593098884682318
130.000,update_residual,0.08300472791066907
130.000,investigation_deferred,0
130.000,nav_aborted,0
130.000,nav_canceled,0
130.000,nav_rejected,0
130.000,run_seed,2
131.000,anomalies_detected,0
131.000,anomalies_unique,0
131.000,investigation_timeouts,0
131.000,mission_duration_s,85.908
131.000,distance_traveled_m,21.338015887967423
131.000,route_deviations,1
131.000,investigation_time_s,0.0
131.000,hazard_avoidances,1
131.000,min_hazard_distance_m,5.127701116770095
131.000,collisions,0
131.000,time_below_clearance_s,0.0
131.000,safety_zone_violations,0
131.000,min_ttc_s,18.46718749852059
131.000,avoid_success,1
131.000,avoid_timeout,0
131.000,q_convergence,0.7506176837134031
131.000,update_residual,0.07213550743518622
131.000,investigation_deferred,0
131.000,nav_aborted,0
131.000,nav_canceled,0
131.000,nav_rejected,0
131.000,run_seed,2
132.000,anomalies_detected,0
132.000,anomalies_unique,0
132.000,investigation_timeouts,0
132.000,mission_duration_s,86.908
132.000,distance_traveled_m,21.60009588762132
132.000,route_deviations,1
132.000,investigation_time_s,0.0
132.000,hazard_avoidances,1
132.000,min_hazard_distance_m,5.127701116770095
132.000,collisions,0
132.000,time_below_clearance_s,0.0
132.000,safety_zone_violations,0
132.000,min_ttc_s,18.46718749852059
132.000,avoid_success,1
132.000,avoid_timeout,0
132.000,q_convergence,0.6574215933115057
132.000,update_residual,0.06325483753541956
132.000,investigation_deferred,0
132.000,nav_aborted,0
132.000,nav_canceled,0
132.000,nav_rejected,0
132.000,run_seed,2
133.000,anomalies_detected,0
133.000,anomalies_unique,0
133.000,investigation_timeouts,0
133.000,mission_duration_s,87.908
133.000,distance_traveled_m,21.862175887353832
133.000,route_deviations,1
133.000,investigation_time_s,0.0
133.000,hazard_avoidances,1
133.000,min_hazard_distance_m,5.127701116770095
133.000,collisions,0
133.000,time_below_clearance_s,0.0
133.000,safety_zone_violations,0
133.000,min_ttc_s,18.46718749852059
133.000,avoid_success,1
133.000,avoid_timeout,0
133.000,q_convergence,1.105756946716275
133.000,update_residual,0.10826603871844873
133.000,investigation_deferred,0
133.000,nav_aborted,0
133.000,nav_canceled,0
133.000,nav_rejected,0
133.000,run_seed,2
134.000,anomalies_detected,0
134.000,anomalies_unique,0
134.000,investigation_timeouts,0
134.000,mission_duration_s,88.908
134.000,distance_traveled_m,22.124255886264166
134.000,route_deviations,1
134.000,investigation_time_s,0.0
134.000,hazard_avoidances,1
134.000,min_hazard_distance_m,5.127701116770095
134.000,collisions,0
134.000,time_below_clearance_s,0.0
134.000,safety_zone_violations,0
134.000,min_ttc_s,18.46718749852059
134.000,avoid_success,1
134.000,avoid_timeout,0
134.000,q_convergence,0.8414708218584251
134.000,update_residual,0.0820328586594712
134.000,investigation_deferred,0
134.000,nav_aborted,0
134.000,nav_canceled,0
134.000,nav_rejected,0
134.000,run_seed,2
135.000,anomalies_detected,0
135.000,anomalies_unique,0
135.000,investigation_timeouts,0
135.000,mission_duration_s,89.908
135.000,distance_traveled_m,22.376975884030994
135.000,route_deviations,1
135.000,investigation_time_s,0.0
135.000,hazard_avoidances,1
135.000,min_hazard_distance_m,5.127701116770095
135.000,collisions,0
135.000,time_below_clearance_s,0.0
135.000,safety_zone_violations,0
135.000,min_ttc_s,18.46718749852059
135.000,avoid_success,1
135.000,avoid_timeout,0
135.000,q_convergence,0.7338461787449079
135.000,update_residual,0.07158752787707513
135.000,investigation_deferred,0
135.000,nav_aborted,0
135.000,nav_canceled,0
135.000,nav_rejected,0
135.000,run_seed,2
136.000,anomalies_detected,0
136.000,anomalies_unique,0
136.000,investigation_timeouts,0
136.000,mission_duration_s,90.908
136.000,distance_traveled_m,22.63905587964014
136.000,route_deviations,1
136.000,investigation_time_s,0.0
136.000,hazard_avoidances,1
136.000,min_hazard_distance_m,5.127701116770095
136.000,collisions,0
136.000,time_below_clearance_s,0.0
136.000,safety_zone_violations,0
136.000,min_ttc_s,18.46718749852059
136.000,avoid_success,1
136.000,avoid_timeout,0
136.000,q_convergence,0.6416297466343067
136.000,update_residual,0.06236588466601504
136.000,investigation_deferred,0
136.000,nav_aborted,0
136.000,nav_canceled,0
136.000,nav_rejected,0
136.000,run_seed,2
137.000,anomalies_detected,0
137.000,anomalies_unique,0
137.000,investigation_timeouts,0
137.000,mission_duration_s,91.908
137.000,distance_traveled_m,22.901135870765874
137.000,route_deviations,1
137.000,investigation_time_s,0.0
137.000,hazard_avoidances,1
137.000,min_hazard_distance_m,5.127701116770095
137.000,collisions,0
137.000,time_below_clearance_s,0.0
137.000,safety_zone_violations,0
137.000,min_ttc_s,18.46718749852059
137.000,avoid_success,1
137.000,avoid_timeout,0
137.000,q_convergence,1.1478886915795798
137.000,update_residual,0.11337045169571207
137.000,investigation_deferred,0
137.000,nav_aborted,0
137.000,nav_canceled,0
137.000,nav_rejected,0
137.000,run_seed,2
138.000,anomalies_detected,0
138.000,anomalies_unique,0
138.000,investigation_timeouts,0
138.000,mission_duration_s,92.908
138.000,distance_traveled_m,23.163215837135663
138.000,route_deviations,1
138.000,investigation_time_s,0.0
138.000,hazard_avoidances,1
138.000,min_hazard_distance_m,5.127701116770095
138.000,collisions,0
138.000,time_below_clearance_s,0.0
138.000,safety_zone_violations,0
138.000,min_ttc_s,18.46718749852059
138.000,avoid_success,1
138.000,avoid_timeout,0
138.000,q_convergence,0.8237798341890005
138.000,update_residual,0.08085045692109674
138.000,investigation_deferred,0
138.000,nav_aborted,0
138.000,nav_canceled,0
138.000,nav_rejected,0
138.000,run_seed,2
139.000,anomalies_detected,0
139.000,anomalies_unique,0
139.000,investigation_timeouts,0
139.000,mission_duration_s,93.908
139.000,distance_traveled_m,23.425295796780294
139.000,route_deviations,1
139.000,investigation_time_s,0.0
139.000,hazard_avoidances,1
139.000,min_hazard_distance_m,5.127701116770095
139.000,collisions,0
139.000,time_below_clearance_s,0.0
139.000,safety_zone_violations,0
139.000,min_ttc_s,18.46718749852059
139.000,avoid_success,1
139.000,avoid_timeout,0
139.000,q_convergence,0.7177604182209267
139.000,update_residual,0.0704776442989599
139.000,investigation_deferred,0
139.000,nav_aborted,0
139.000,nav_canceled,0
139.000,nav_rejected,0
139.000,run_seed,2
140.000,anomalies_detected,0
140.000,anomalies_unique,0
140.000,investigation_timeouts,0
140.000,mission_duration_s,94.908
140.000,distance_traveled_m,23.678015789443073
140.000,route_deviations,1
140.000,investigation_time_s,0.0
140.000,hazard_avoidances,1
140.000,min_hazard_distance_m,5.127701116770095
140.000,collisions,0
140.000,time_below_clearance_s,0.0
140.000,safety_zone_violations,0
140.000,min_ttc_s,18.46718749852059
140.000,avoid_success,1
140.000,avoid_timeout,0
140.000,q_convergence,0.9024841706627924
140.000,update_residual,0.08904276222337024
140.000,investigation_deferred,0
140.000,nav_aborted,0
140.000,nav_canceled,0
140.000,nav_rejected,0
140.000,run_seed,2
141.000,anomalies_detected,0
141.000,anomalies_unique,0
141.000,investigation_timeouts,0
141.000,mission_duration_s,95.908
141.000,distance_traveled_m,23.940095685662747
141.000,route_deviations,1
141.000,investigation_time_s,0.0
141.000,hazard_avoidances,1
141.000,min_hazard_distance_m,5.127701116770095
141.000,collisions,0
141.000,time_below_clearance_s,0.0
141.000,safety_zone_violations,0
141.000,min_ttc_s,18.46718749852059
141.000,avoid_success,1
141.000,avoid_timeout,0
141.000,q_convergence,0.9245047411336321
141.000,update_residual,0.09134683621870031
141.000,investigation_deferred,0
141.000,nav_aborted,0
141.000,nav_canceled,0
141.000,nav_rejected,0
141.000,run_seed,2
142.000,anomalies_detected,0
142.000,anomalies_unique,0
142.000,investigation_timeouts,0
142.000,mission_duration_s,96.908
142.000,distance_traveled_m,24.20217556263916
142.000,route_deviations,1
142.000,investigation_time_s,0.0
142.000,hazard_avoidances,1
142.000,min_hazard_distance_m,5.127701116770095
142.000,collisions,0
142.000,time_below_clearance_s,0.0
142.000,safety_zone_violations,0
142.000,min_ttc_s,18.46718749852059
142.000,avoid_success,1
142.000,avoid_timeout,0
142.000,q_convergence,0.8068196622065601
142.000,update_residual,0.07974387401019256
142.000,investigation_deferred,0
142.000,nav_aborted,0
142.000,nav_canceled,0
142.000,nav_rejected,0
142.000,run_seed,2
143.000,anomalies_detected,0
143.000,anomalies_unique,0
143.000,investigation_timeouts,0
143.000,mission_duration_s,97.908
143.000,distance_traveled_m,24.464255554890546
143.000,route_deviations,1
143.000,investigation_time_s,0.0
143.000,hazard_avoidances,1
143.000,min_hazard_distance_m,5.127701116770095
143.000,collisions,0
143.000,time_below_clearance_s,0.0
143.000,safety_zone_violations,0
143.000,min_ttc_s,18.46718749852059
143.000,avoid_success,1
143.000,avoid_timeout,0
143.000,q_convergence,0.7023974479540509
143.000,update_residual,0.06930165258494166
143.000,investigation_deferred,0
143.000,nav_aborted,0
143.000,nav_canceled,0
143.000,nav_rejected,0
143.000,run_seed,2
144.000,anomalies_detected,0
144.000,anomalies_unique,0
144.000,investigation_timeouts,0
144.000,mission_duration_s,98.908
144.000,distance_traveled_m,24.716975531292764
144.000,route_deviations,1
144.000,investigation_time_s,0.0
144.000,hazard_avoidances,1
144.000,min_hazard_distance_m,5.127701116770095
144.000,collisions,0
144.000,time_below_clearance_s,0.0
144.000,safety_zone_violations,0
144.000,min_ttc_s,18.46718749852059
144.000,avoid_success,1
144.000,avoid_timeout,0
144.000,q_convergence,0.9244189028129324
144.000,update_residual,0.09170146750089173
144.000,investigation_deferred,0
144.000,nav_aborted,0
144.000,nav_canceled,0
144.000,nav_rejected,0
144.000,run_seed,2
145.000,anomalies_detected,0
145.000,anomalies_unique,0
145.000,investigation_timeouts,0
145.000,mission_duration_s,99.908
145.000,distance_traveled_m,24.979055506620796
145.000,route_deviations,1
145.000,investigation_time_s,0.0
145.000,hazard_avoidances,1
145.000,min_hazard_distance_m,5.127701116770095
145.000,collisions,0
145.000,time_below_clearance_s,0.0
145.000,safety_zone_violations,0
145.000,min_ttc_s,18.46718749852059
145.000,avoid_success,1
145.000,avoid_timeout,0
145.000,q_convergence,0.9151038184790954
145.000,update_residual,0.0907130034690156
145.000,investigation_deferred,0
145.000,nav_aborted,0
145.000,nav_canceled,0
145.000,nav_rejected,0
145.000,run_seed,2
146.000,anomalies_detected,0
146.000,anomalies_unique,0
146.000,investigation_timeouts,0
146.000,mission_duration_s,100.908
146.000,distance_traveled_m,25.241135498476734
146.000,route_deviations,1
146.000,investigation_time_s,0.0
146.000,hazard_avoidances,1
146.000,min_hazard_distance_m,5.127701116770095
146.000,collisions,0
146.000,time_below_clearance_s,0.0
146.000,safety_zone_violations,0
146.000,min_ttc_s,18.46718749852059
146.000,avoid_success,1
146.000,avoid_timeout,0
146.000,q_convergence,0.7982642900308778
146.000,update_residual,0.07914865738102793
146.000,investigation_deferred,0
146.000,nav_aborted,0
146.000,nav_canceled,0
146.000,nav_rejected,0
146.000,run_seed,2
147.000,anomalies_detected,0
147.000,anomalies_unique,0
147.000,investigation_timeouts,0
147.000,mission_duration_s,101.908
147.000,distance_traveled_m,25.503215495168035
147.000,route_deviations,1
147.000,investigation_time_s,0.0
147.000,hazard_avoidances,1
147.000,min_hazard_distance_m,5.127701116770095
147.000,collisions,0
147.000,time_below_clearance_s,0.0
147.000,safety_zone_violations,0
147.000,min_ttc_s,18.46718749852059
147.000,avoid_success,1
147.000,avoid_timeout,0
147.000,q_convergence,0.6946214941242763
147.000,update_residual,0.06878437779036777
147.000,investigation_deferred,0
147.000,nav_aborted,0
147.000,nav_canceled,0
147.000,nav_rejected,0
147.000,run_seed,2
148.000,anomalies_detected,0
148.000,anomalies_unique,0
148.000,investigation_timeouts,0
148.000,mission_duration_s,102.908
148.000,distance_traveled_m,25.765295474878933
148.000,route_deviations,1
148.000,investigation_time_s,0.0
148.000,hazard_avoidances,1
148.000,min_hazard_distance_m,5.127701116770095
148.000,collisions,0
148.000,time_below_clearance_s,0.0
148.000,safety_zone_violations,0
148.000,min_ttc_s,18.46718749852059
148.000,avoid_success,1
148.000,avoid_timeout,0
148.000,q_convergence,0.9231868151070612
148.000,update_residual,0.09178372605186602
148.000,investigation_deferred,0
148.000,nav_aborted,0
148.000,nav_canceled,0
148.000,nav_rejected,0
148.000,run_seed,2
149.000,anomalies_detected,0
149.000,anomalies_unique,0
149.000,investigation_timeouts,0
149.000,mission_duration_s,103.908
149.000,distance_traveled_m,26.018015413760182
149.000,route_deviations,1
149.000,investigation_time_s,0.0
149.000,hazard_avoidances,1
149.000,min_hazard_distance_m,5.127701116770095
149.000,collisions,0
149.000,time_below_clearance_s,0.0
149.000,safety_zone_violations,0
149.000,min_ttc_s,18.46718749852059
149.000,avoid_success,1
149.000,avoid_timeout,0
149.000,q_convergence,0.931058544563993
149.000,update_residual,0.09252974857764847
149.000,investigation_deferred,0
149.000,nav_aborted,0
149.000,nav_canceled,0
149.000,nav_rejected,0
149.000,run_seed,2
150.000,anomalies_detected,0
150.000,anomalies_unique,0
150.000,investigation_timeouts,0
150.000,mission_duration_s,104.908
150.000,distance_traveled_m,26.28009540305599
150.000,route_deviations,1
150.000,investigation_time_s,0.0
150.000,hazard_avoidances,1
150.000,min_hazard_distance_m,5.127701116770095
150.000,collisions,0
150.000,time_below_clearance_s,0.0
150.000,safety_zone_violations,0
150.000,min_ttc_s,18.46718749852059
150.000,avoid_success,1
150.000,avoid_timeout,0
150.000,q_convergence,0.8115057871142597
150.000,update_residual,0.08115057871142602
150.000,investigation_deferred,0
150.000,nav_aborted,0
150.000,nav_canceled,0
150.000,nav_rejected,0
150.000,run_seed,2
151.000,anomalies_detected,0
151.000,anomalies_unique,0
151.000,investigation_timeouts,0
151.000,mission_duration_s,105.908
151.000,distance_traveled_m,26.541817275911445
151.000,route_deviations,1
151.000,investigation_time_s,0.0
151.000,hazard_avoidances,1
151.000,min_hazard_distance_m,5.127701116770095
151.000,collisions,0
151.000,time_below_clearance_s,0.0
151.000,safety_zone_violations,0
151.000,min_ttc_s,18.46718749852059
151.000,avoid_success,1
151.000,avoid_timeout,0
151.000,q_convergence,0.7070519759379205
151.000,update_residual,0.07070519759379205
151.000,investigation_deferred,0
151.000,nav_aborted,0
151.000,nav_canceled,0
151.000,nav_rejected,0
151.000,run_seed,2
152.000,anomalies_detected,0
152.000,anomalies_unique,0
152.000,investigation_timeouts,0
152.000,mission_duration_s,106.908
152.000,distance_traveled_m,26.787402938811994
152.000,route_deviations,1
152.000,investigation_time_s,0.0
152.000,hazard_avoidances,1
152.000,min_hazard_distance_m,5.127701116770095
152.000,collisions,0
152.000,time_below_clearance_s,0.0
152.000,safety_zone_violations,0
152.000,min_ttc_s,18.46718749852059
152.000,avoid_success,1
152.000,avoid_timeout,0
152.000,q_convergence,0.9250695388969827
152.000,update_residual,0.09250695388969828
152.000,investigation_deferred,0
152.000,nav_aborted,0
152.000,nav_canceled,0
152.000,nav_rejected,0
152.000,run_seed,2
153.000,anomalies_detected,0
153.000,anomalies_unique,0
153.000,investigation_timeouts,0
153.000,mission_duration_s,107.908
153.000,distance_traveled_m,26.86283635840766
153.000,route_deviations,1
153.000,investigation_time_s,0.0
153.000,hazard_avoidances,1
153.000,min_hazard_distance_m,5.127701116770095
153.000,collisions,0
153.000,time_below_clearance_s,0.0
153.000,safety_zone_violations,0
153.000,min_ttc_s,18.46718749852059
153.000,avoid_success,1
153.000,avoid_timeout,0
153.000,q_convergence,0.912185020139498
153.000,update_residual,0.09121850201394976
153.000,investigation_deferred,0
153.000,nav_aborted,0
153.000,nav_canceled,0
153.000,nav_rejected,0
153.000,run_seed,2
154.000,anomalies_detected,0
154.000,anomalies_unique,0
154.000,investigation_timeouts,0
154.000,mission_duration_s,108.908
154.000,distance_traveled_m,26.906168892827143
154.000,route_deviations,1
154.000,investigation_time_s,0.0
154.000,hazard_avoidances,1
154.000,min_hazard_distance_m,5.127701116770095
154.000,collisions,0
154.000,time_below_clearance_s,0.0
154.000,safety_zone_violations,0
154.000,min_ttc_s,18.46718749852059
154.000,avoid_success,1
154.000,avoid_timeout,0
154.000,q_convergence,0.794680685967708
154.000,update_residual,0.07946806859677079
154.000,investigation_deferred,0
154.000,nav_aborted,0
154.000,nav_canceled,0
154.000,nav_rejected,0
154.000,run_seed,2
155.000,anomalies_detected,0
155.000,anomalies_unique,0
155.000,investigation_timeouts,0
155.000,mission_duration_s,109.908
155.000,distance_traveled_m,27.0922530419672
155.000,route_deviations,1
155.000,investigation_time_s,0.0
155.000,hazard_avoidances,1
155.000,min_hazard_distance_m,5.127701116770095
155.000,collisions,0
155.000,time_below_clearance_s,0.0
155.000,safety_zone_violations,0
155.000,min_ttc_s,18.46718749852059
155.000,avoid_success,1
155.000,avoid_timeout,0
155.000,q_convergence,0.6923925351798598
155.000,update_residual,0.06923925351798597
155.000,investigation_deferred,0
155.000,nav_aborted,0
155.000,nav_canceled,0
155.000,nav_rejected,0
155.000,run_seed,2
156.000,anomalies_detected,0
156.000,anomalies_unique,0
156.000,investigation_timeouts,0
156.000,mission_duration_s,110.908
156.000,distance_traveled_m,27.35433300458168
156.000,route_deviations,1
156.000,investigation_time_s,0.0
156.000,hazard_avoidances,1
156.000,min_hazard_distance_m,5.127701116770095
156.000,collisions,0
156.000,time_below_clearance_s,0.0
156.000,safety_zone_violations,0
156.000,min_ttc_s,18.46718749852059
156.000,avoid_success,1
156.000,avoid_timeout,0
156.000,q_convergence,0.601725806791234
156.000,update_residual,0.0601725806791234
156.000,investigation_deferred,0
156.000,nav_aborted,0
156.000,nav_canceled,0
156.000,nav_rejected,0
156.000,run_seed,2
157.000,anomalies_detected,0
157.000,anomalies_unique,0
157.000,investigation_timeouts,0
157.000,mission_duration_s,111.908
157.000,distance_traveled_m,27.616413004151273
157.000,route_deviations,1
157.000,investigation_time_s,0.0
157.000,hazard_avoidances,1
157.000,min_hazard_distance_m,5.127701116770095
157.000,collisions,0
157.000,time_below_clearance_s,0.0
157.000,safety_zone_violations,0
157.000,min_ttc_s,18.46718749852059
157.000,avoid_success,1
157.000,avoid_timeout,0
157.000,q_convergence,0.9445341770178316
157.000,update_residual,0.09445341770178318
157.000,investigation_deferred,0
157.000,nav_aborted,0
157.000,nav_canceled,0
157.000,nav_rejected,0
157.000,run_seed,2
158.000,anomalies_detected,0
158.000,anomalies_unique,0
158.000,investigation_timeouts,0
158.000,mission_duration_s,112.908
158.000,distance_traveled_m,27.869133004088575
158.000,route_deviations,1
158.000,investigation_time_s,0.0
158.000,hazard_avoidances,1
158.000,min_hazard_distance_m,5.127701116770095
158.000,collisions,0
158.000,time_below_clearance_s,0.0
158.000,safety_zone_violations,0
158.000,min_ttc_s,18.46718749852059
158.000,avoid_success,1
158.000,avoid_timeout,0
158.000,q_convergence,0.9030859745636065
158.000,update_residual,0.09030859745636063
158.000,investigation_deferred,0
158.000,nav_aborted,0
158.000,nav_canceled,0
158.000,nav_rejected,0
158.000,run_seed,2
159.000,anomalies_detected,0
159.000,anomalies_unique,0
159.000,investigation_timeouts,0
159.000,mission_duration_s,113.908
159.000,distance_traveled_m,28.131213004007122
159.000,route_deviations,1
159.000,investigation_time_s,0.0
159.000,hazard_avoidances,1
159.000,min_hazard_distance_m,5.127701116770095
159.000,collisions,0
159.000,time_below_clearance_s,0.0
159.000,safety_zone_violations,0
159.000,min_ttc_s,18.46718749852059
159.000,avoid_success,1
159.000,avoid_timeout,0
159.000,q_convergence,0.7867537461251801
159.000,update_residual,0.07867537461251801
159.000,investigation_deferred,0
159.000,nav_aborted,0
159.000,nav_canceled,0
159.000,nav_rejected,0
159.000,run_seed,2
160.000,anomalies_detected,0
160.000,anomalies_unique,0
160.000,investigation_timeouts,0
160.000,mission_duration_s,114.908
160.000,distance_traveled_m,28.393293003960633
160.000,route_deviations,1
160.000,investigation_time_s,0.0
160.000,hazard_avoidances,1
160.000,min_hazard_distance_m,5.127701116770095
160.000,collisions,0
160.000,time_below_clearance_s,0.0
160.000,safety_zone_violations,0
160.000,min_ttc_s,18.46718749852059
160.000,avoid_success,1
160.000,avoid_timeout,0
160.000,q_convergence,0.6854859196414406
160.000,update_residual,0.06854859196414406
160.000,investigation_deferred,0
160.000,nav_aborted,0
160.000,nav_canceled,0
160.000,nav_rejected,0
160.000,run_seed,2
161.000,anomalies_detected,0
161.000,anomalies_unique,0
161.000,investigation_timeouts,0
161.000,mission_duration_s,115.908
161.000,distance_traveled_m,28.6553730038819
161.000,route_deviations,1
161.000,investigation_time_s,0.0
161.000,hazard_avoidances,1
161.000,min_hazard_distance_m,5.127701116770095
161.000,collisions,0
161.000,time_below_clearance_s,0.0
161.000,safety_zone_violations,0
161.000,min_ttc_s,18.46718749852059
161.000,avoid_success,1
161.000,avoid_timeout,0
161.000,q_convergence,0.9924926405282298
161.000,update_residual,0.09924926405282299
161.000,investigation_deferred,0
161.000,nav_aborted,0
161.000,nav_canceled,0
161.000,nav_rejected,0
161.000,run_seed,2
162.000,anomalies_detected,0
162.000,anomalies_unique,0
162.000,investigation_timeouts,0
162.000,mission_duration_s,116.908
162.000,distance_traveled_m,28.908093003817008
162.000,route_deviations,1
162.000,investigation_time_s,0.0
162.000,hazard_avoidances,1
162.000,min_hazard_distance_m,5.127701116770095
162.000,collisions,0
162.000,time_below_clearance_s,0.0
162.000,safety_zone_violations,0
162.000,min_ttc_s,18.46718749852059
162.000,avoid_success,1
162.000,avoid_timeout,0
162.000,q_convergence,0.8851592669899604
162.000,update_residual,0.08851592669899602
162.000,investigation_deferred,0
162.000,nav_aborted,0
162.000,nav_canceled,0
162.000,nav_rejected,0
162.000,run_seed,2
163.000,anomalies_detected,0
163.000,anomalies_unique,0
163.000,investigation_timeouts,0
163.000,mission_duration_s,117.908
163.000,distance_traveled_m,29.170173003753323
163.000,route_deviations,1
163.000,investigation_time_s,0.0
163.000,hazard_avoidances,1
163.000,min_hazard_distance_m,5.127701116770095
163.000,collisions,0
163.000,time_below_clearance_s,0.0
163.000,safety_zone_violations,0
163.000,min_ttc_s,18.46718749852059
163.000,avoid_success,1
163.000,avoid_timeout,0
163.000,q_convergence,0.7711362913794432
163.000,update_residual,0.07711362913794434
163.000,investigation_deferred,0
163.000,nav_aborted,0
163.000,nav_canceled,0
163.000,nav_rejected,0
163.000,run_seed,2
164.000,anomalies_detected,0
164.000,anomalies_unique,0
164.000,investigation_timeouts,0
164.000,mission_duration_s,118.908
164.000,distance_traveled_m,29.432253003708293
164.000,route_deviations,1
164.000,investigation_time_s,0.0
164.000,hazard_avoidances,1
164.000,min_hazard_distance_m,5.127701116770095
164.000,collisions,0
164.000,time_below_clearance_s,0.0
164.000,safety_zone_violations,0
164.000,min_ttc_s,18.46718749852059
164.000,avoid_success,1
164.000,avoid_timeout,0
164.000,q_convergence,0.6718786818220268
164.000,update_residual,0.06718786818220268
164.000,investigation_deferred,0
164.000,nav_aborted,0
164.000,nav_canceled,0
164.000,nav_rejected,0
164.000,run_seed,2
165.000,anomalies_detected,0
165.000,anomalies_unique,0
165.000,investigation_timeouts,0
165.000,mission_duration_s,119.908
165.000,distance_traveled_m,29.694333003663004
165.000,route_deviations,1
165.000,investigation_time_s,0.0
165.000,hazard_avoidances,1
165.000,min_hazard_distance_m,5.127701116770095
165.000,collisions,0
165.000,time_below_clearance_s,0.0
165.000,safety_zone_violations,0
165.000,min_ttc_s,18.46718749852059
165.000,avoid_success,1
165.000,avoid_timeout,0
165.000,q_convergence,1.036368731562349
165.000,update_residual,0.10363687315623493
165.000,investigation_deferred,0
165.000,nav_aborted,0
165.000,nav_canceled,0
165.000,nav_rejected,0
165.000,run_seed,2
166.000,anomalies_detected,0
166.000,anomalies_unique,0
166.000,investigation_timeouts,0
166.000,mission_duration_s,120.908
166.000,distance_traveled_m,29.956413003575843
166.000,route_deviations,1
166.000,investigation_time_s,0.0
166.000,hazard_avoidances,1
166.000,min_hazard_distance_m,5.127701116770095
166.000,collisions,0
166.000,time_below_clearance_s,0.0
166.000,safety_zone_violations,0
166.000,min_ttc_s,18.46718749852059
166.000,avoid_success,1
166.000,avoid_timeout,0
166.000,q_convergence,0.8675884135138003
166.000,update_residual,0.08675884135138008
166.000,investigation_deferred,0
166.000,nav_aborted,0
166.000,nav_canceled,0
166.000,nav_rejected,0
166.000,run_seed,2
167.000,anomalies_detected,0
167.000,anomalies_unique,0
167.000,investigation_timeouts,0
167.000,mission_duration_s,121.908
167.000,distance_traveled_m,30.2091330035128
167.000,route_deviations,1
167.000,investigation_time_s,0.0
167.000,hazard_avoidances,1
167.000,min_hazard_distance_m,5.127701116770095
167.000,collisions,0
167.000,time_below_clearance_s,0.0
167.000,safety_zone_violations,0
167.000,min_ttc_s,18.46718749852059
167.000,avoid_success,1
167.000,avoid_timeout,0
167.000,q_convergence,0.7539803096645278
167.000,update_residual,0.07539803096645277
167.000,investigation_deferred,0
167.000,nav_aborted,0
167.000,nav_canceled,0
167.000,nav_rejected,0
167.000,run_seed,2
168.000,anomalies_detected,0
168.000,anomalies_unique,0
168.000,investigation_timeouts,0
168.000,mission_duration_s,122.908
168.000,distance_traveled_m,30.471213003461003
168.000,route_deviations,1
168.000,investigation_time_s,0.0
168.000,hazard_avoidances,1
168.000,min_hazard_distance_m,5.127701116770095
168.000,collisions,0
168.000,time_below_clearance_s,0.0
168.000,safety_zone_violations,0
168.000,min_ttc_s,18.46718749852059
168.000,avoid_success,1
168.000,avoid_timeout,0
168.000,q_convergence,0.656855327002325
168.000,update_residual,0.06568553270023249
168.000,investigation_deferred,0
168.000,nav_aborted,0
168.000,nav_canceled,0
168.000,nav_rejected,0
168.000,run_seed,2
169.000,anomalies_detected,0
169.000,anomalies_unique,0
169.000,investigation_timeouts,0
169.000,mission_duration_s,123.908
169.000,distance_traveled_m,30.733293003417884
169.000,route_deviations,1
169.000,investigation_time_s,0.0
169.000,hazard_avoidances,1
169.000,min_hazard_distance_m,5.127701116770095
169.000,collisions,0
169.000,time_below_clearance_s,0.0
169.000,safety_zone_violations,0
169.000,min_ttc_s,18.46718749852059
169.000,avoid_success,1
169.000,avoid_timeout,0
169.000,q_convergence,1.0886346357227572
169.000,update_residual,0.10886346357227572
169.000,investigation_deferred,0
169.000,nav_aborted,0
169.000,nav_canceled,0
169.000,nav_rejected,0
169.000,run_seed,2
170.000,anomalies_detected,0
170.000,anomalies_unique,0
170.000,investigation_timeouts,0
170.000,mission_duration_s,124.908
170.000,distance_traveled_m,30.99537300337578
170.000,route_deviations,1
170.000,investigation_time_s,0.0
170.000,hazard_avoidances,1
170.000,min_hazard_distance_m,5.127701116770095
170.000,collisions,0
170.000,time_below_clearance_s,0.0
170.000,safety_zone_violations,0
170.000,min_ttc_s,18.46718749852059
170.000,avoid_success,1
170.000,avoid_timeout,0
170.000,q_convergence,0.8461145185023194
170.000,update_residual,0.08461145185023193
170.000,investigation_deferred,0
170.000,nav_aborted,0
170.000,nav_canceled,0
170.000,nav_rejected,0
170.000,run_seed,2
171.000,anomalies_detected,0
171.000,anomalies_unique,0
171.000,investigation_timeouts,0
171.000,mission_duration_s,125.908
171.000,distance_traveled_m,31.248093003292894
171.000,route_deviations,1
171.000,investigation_time_s,0.0
171.000,hazard_avoidances,1
171.000,min_hazard_distance_m,5.127701116770095
171.000,collisions,0
171.000,time_below_clearance_s,0.0
171.000,safety_zone_violations,0
171.000,min_ttc_s,18.46718749852059
171.000,avoid_success,1
171.000,avoid_timeout,0
171.000,q_convergence,0.7353183568787758
171.000,update_residual,0.07353183568787759
171.000,investigation_deferred,0
171.000,nav_aborted,0
171.000,nav_canceled,0
171.000,nav_rejected,0
171.000,run_seed,2
172.000,anomalies_detected,0
172.000,anomalies_unique,0
172.000,investigation_timeouts,0
172.000,mission_duration_s,126.908
172.000,distance_traveled_m,31.510173003172024
172.000,route_deviations,1
172.000,investigation_time_s,0.0
172.000,hazard_avoidances,1
172.000,min_hazard_distance_m,5.127701116770095
172.000,collisions,0
172.000,time_below_clearance_s,0.0
172.000,safety_zone_violations,0
172.000,min_ttc_s,18.46718749852059
172.000,avoid_success,1
172.000,avoid_timeout,0
172.000,q_convergence,0.6405973386404789
172.000,update_residual,0.0640597338640479
172.000,investigation_deferred,0
172.000,nav_aborted,0
172.000,nav_canceled,0
172.000,nav_rejected,0
172.000,run_seed,2
173.000,anomalies_detected,0
173.000,anomalies_unique,0
173.000,investigation_timeouts,0
173.000,mission_duration_s,127.908
173.000,distance_traveled_m,31.772253003116766
173.000,route_deviations,1
173.000,investigation_time_s,0.0
173.000,hazard_avoidances,1
173.000,min_hazard_distance_m,5.127701116770095
173.000,collisions,0
173.000,time_below_clearance_s,0.0
173.000,safety_zone_violations,0
173.000,min_ttc_s,18.46718749852059
173.000,avoid_success,1
173.000,avoid_timeout,0
173.000,q_convergence,1.1319317864072036
173.000,update_residual,0.11319317864072038
173.000,investigation_deferred,0
173.000,nav_aborted,0
173.000,nav_canceled,0
173.000,nav_rejected,0
173.000,run_seed,2
174.000,anomalies_detected,0
174.000,anomalies_unique,0
174.000,investigation_timeouts,0
174.000,mission_duration_s,128.90800000000002
174.000,distance_traveled_m,32.03433300307424
174.000,route_deviations,1
174.000,investigation_time_s,0.0
174.000,hazard_avoidances,1
174.000,min_hazard_distance_m,5.127701116770095
174.000,collisions,0
174.000,time_below_clearance_s,0.0
174.000,safety_zone_violations,0
174.000,min_ttc_s,18.46718749852059
174.000,avoid_success,1
174.000,avoid_timeout,0
174.000,q_convergence,0.8293187227816107
174.000,update_residual,0.0829318722781611
174.000,investigation_deferred,0
174.000,nav_aborted,0
174.000,nav_canceled,0
174.000,nav_rejected,0
174.000,run_seed,2
175.000,anomalies_detected,0
175.000,anomalies_unique,0
175.000,investigation_timeouts,0
175.000,mission_duration_s,129.90800000000002
175.000,distance_traveled_m,32.29641300300445
175.000,route_deviations,1
175.000,investigation_time_s,0.0
175.000,hazard_avoidances,1
175.000,min_hazard_distance_m,5.127701116770095
175.000,collisions,0
175.000,time_below_clearance_s,0.0
175.000,safety_zone_violations,0
175.000,min_ttc_s,18.46718749852059
175.000,avoid_success,1
175.000,avoid_timeout,0
175.000,q_convergence,0.7207219202951275
175.000,update_residual,0.07207219202951277
175.000,investigation_deferred,0
175.000,nav_aborted,0
175.000,nav_canceled,0
175.000,nav_rejected,0
175.000,run_seed,2
176.000,anomalies_detected,0
176.000,anomalies_unique,0
176.000,investigation_timeouts,0
176.000,mission_duration_s,130.90800000000002
176.000,distance_traveled_m,32.54913300291115
176.000,route_deviations,1
176.000,investigation_time_s,0.0
176.000,hazard_avoidances,1
176.000,min_hazard_distance_m,5.127701116770095
176.000,collisions,0
176.000,time_below_clearance_s,0.0
176.000,safety_zone_violations,0
176.000,min_ttc_s,18.46718749852059
176.000,avoid_success,1
176.000,avoid_timeout,0
176.000,q_convergence,0.8788753147434379
176.000,update_residual,0.0878875314743438
176.000,investigation_deferred,0
176.000,nav_aborted,0
176.000,nav_canceled,0
176.000,nav_rejected,0
176.000,run_seed,2
177.000,anomalies_detected,0
177.000,anomalies_unique,0
177.000,investigation_timeouts,0
177.000,mission_duration_s,131.90800000000002
177.000,distance_traveled_m,32.81121300276549
177.000,route_deviations,1
177.000,investigation_time_s,0.0
177.000,hazard_avoidances,1
177.000,min_hazard_distance_m,5.127701116770095
177.000,collisions,0
177.000,time_below_clearance_s,0.0
177.000,safety_zone_violations,0
177.000,min_ttc_s,18.46718749852059
177.000,avoid_success,1
177.000,avoid_timeout,0
177.000,q_convergence,0.9329407737388138
177.000,update_residual,0.09329407737388137
177.000,investigation_deferred,0
177.000,nav_aborted,0
177.000,nav_canceled,0
177.000,nav_rejected,0
177.000,run_seed,2
178.000,anomalies_detected,0
178.000,anomalies_unique,0
178.000,investigation_timeouts,0
178.000,mission_duration_s,132.90800000000002
178.000,distance_traveled_m,33.0732930027069
178.000,route_deviations,1
178.000,investigation_time_s,0.0
178.000,hazard_avoidances,1
178.000,min_hazard_distance_m,5.127701116770095
178.000,collisions,0
178.000,time_below_clearance_s,0.0
178.000,safety_zone_violations,0
178.000,min_ttc_s,18.46718749852059
178.000,avoid_success,1
178.000,avoid_timeout,0
178.000,q_convergence,0.8128563319933584
178.000,update_residual,0.08128563319933586
178.000,investigation_deferred,0
178.000,nav_aborted,0
178.000,nav_canceled,0
178.000,nav_rejected,0
178.000,run_seed,2
179.000,anomalies_detected,0
179.000,anomalies_unique,0
179.000,investigation_timeouts,0
179.000,mission_duration_s,133.90800000000002
179.000,distance_traveled_m,33.33537300266271
179.000,route_deviations,1
179.000,investigation_time_s,0.0
179.000,hazard_avoidances,1
179.000,min_hazard_distance_m,5.127701116770095
179.000,collisions,0
179.000,time_below_clearance_s,0.0
179.000,safety_zone_violations,0
179.000,min_ttc_s,18.46718749852059
179.000,avoid_success,1
179.000,avoid_timeout,0
179.000,q_convergence,0.7064152302667603
179.000,update_residual,0.07064152302667605
179.000,investigation_deferred,0
179.000,nav_aborted,0
179.000,nav_canceled,0
179.000,nav_rejected,0
179.000,run_seed,2
180.000,anomalies_detected,0
180.000,anomalies_unique,0
180.000,investigation_timeouts,0
180.000,mission_duration_s,134.90800000000002
180.000,distance_traveled_m,33.58809300261941
180.000,route_deviations,1
180.000,investigation_time_s,0.0
180.000,hazard_avoidances,1
180.000,min_hazard_distance_m,5.127701116770095
180.000,collisions,0
180.000,time_below_clearance_s,0.0
180.000,safety_zone_violations,0
180.000,min_ttc_s,18.46718749852059
180.000,avoid_success,1
180.000,avoid_timeout,0
180.000,q_convergence,0.9250067664320376
180.000,update_residual,0.09250067664320374
180.000,investigation_deferred,0
180.000,nav_aborted,0
180.000,nav_canceled,0
180.000,nav_rejected,0
180.000,run_seed,2
181.000,anomalies_detected,0
181.000,anomalies_unique,0
181.000,investigation_timeouts,0
181.000,mission_duration_s,135.90800000000002
181.000,distance_traveled_m,33.85017300249928
181.000,route_deviations,1
181.000,investigation_time_s,0.0
181.000,hazard_avoidances,1
181.000,min_hazard_distance_m,5.127701116770095
181.000,collisions,0
181.000,time_below_clearance_s,0.0
181.000,safety_zone_violations,0
181.000,min_ttc_s,18.46718749852059
181.000,avoid_success,1
181.000,avoid_timeout,0
181.000,q_convergence,0.9144214334927999
181.000,update_residual,0.09144214334927996
181.000,investigation_deferred,0
181.000,nav_aborted,0
181.000,nav_canceled,0
181.000,nav_rejected,0
181.000,run_seed,2
182.000,anomalies_detected,0
182.000,anomalies_unique,0
182.000,investigation_timeouts,0
182.000,mission_duration_s,136.90800000000002
182.000,distance_traveled_m,34.11225300240712
182.000,route_deviations,1
182.000,investigation_time_s,0.0
182.000,hazard_avoidances,1
182.000,min_hazard_distance_m,5.127701116770095
182.000,collisions,0
182.000,time_below_clearance_s,0.0
182.000,safety_zone_violations,0
182.000,min_ttc_s,18.46718749852059
182.000,avoid_success,1
182.000,avoid_timeout,0
182.000,q_convergence,0.7967207278831593
182.000,update_residual,0.07967207278831592
182.000,investigation_deferred,0
182.000,nav_aborted,0
182.000,nav_canceled,0
182.000,nav_rejected,0
182.000,run_seed,2
183.000,anomalies_detected,0
183.000,anomalies_unique,0
183.000,investigation_timeouts,0
183.000,mission_duration_s,137.90800000000002
183.000,distance_traveled_m,34.37433300235445
183.000,route_deviations,1
183.000,investigation_time_s,0.0
183.000,hazard_avoidances,1
183.000,min_hazard_distance_m,5.127701116770095
183.000,collisions,0
183.000,time_below_clearance_s,0.0
183.000,safety_zone_violations,0
183.000,min_ttc_s,18.46718749852059
183.000,avoid_success,1
183.000,avoid_timeout,0
183.000,q_convergence,0.6923925351798598
183.000,update_residual,0.06923925351798597
183.000,investigation_deferred,0
183.000,nav_aborted,0
183.000,nav_canceled,0
183.000,nav_rejected,0
183.000,run_seed,2
184.000,anomalies_detected,0
184.000,anomalies_unique,0
184.000,investigation_timeouts,0
184.000,mission_duration_s,138.90800000000002
184.000,distance_traveled_m,34.63641300231242
184.000,route_deviations,1
184.000,investigation_time_s,0.0
184.000,hazard_avoidances,1
184.000,min_hazard_distance_m,5.127701116770095
184.000,collisions,0
184.000,time_below_clearance_s,0.0
184.000,safety_zone_violations,0
184.000,min_ttc_s,18.46718749852059
184.000,avoid_success,1
184.000,avoid_timeout,0
184.000,q_convergence,0.9702224857677246
184.000,update_residual,0.09702224857677248
184.000,investigation_deferred,0
184.000,nav_aborted,0
184.000,nav_canceled,0
184.000,nav_rejected,0
184.000,run_seed,2
185.000,anomalies_detected,0
185.000,anomalies_unique,0
185.000,investigation_timeouts,0
185.000,mission_duration_s,139.90800000000002
185.000,distance_traveled_m,34.88913300226993
185.000,route_deviations,1
185.000,investigation_time_s,0.0
185.000,hazard_avoidances,1
185.000,min_hazard_distance_m,5.127701116770095
185.000,collisions,0
185.000,time_below_clearance_s,0.0
185.000,safety_zone_violations,0
185.000,min_ttc_s,18.46718749852059
185.000,avoid_success,1
185.000,avoid_timeout,0
185.000,q_convergence,0.8940776919673346
185.000,update_residual,0.08940776919673343
185.000,investigation_deferred,0
185.000,nav_aborted,0
185.000,nav_canceled,0
185.000,nav_rejected,0
185.000,run_seed,2
186.000,anomalies_detected,0
186.000,anomalies_unique,0
186.000,investigation_timeouts,0
186.000,mission_duration_s,140.90800000000002
186.000,distance_traveled_m,35.1512130021897
186.000,route_deviations,1
186.000,investigation_time_s,0.0
186.000,hazard_avoidances,1
186.000,min_hazard_distance_m,5.127701116770095
186.000,collisions,0
186.000,time_below_clearance_s,0.0
186.000,safety_zone_violations,0
186.000,min_ttc_s,18.46718749852059
186.000,avoid_success,1
186.000,avoid_timeout,0
186.000,q_convergence,0.7789058775075814
186.000,update_residual,0.07789058775075812
186.000,investigation_deferred,0
186.000,nav_aborted,0
186.000,nav_canceled,0
186.000,nav_rejected,0
186.000,run_seed,2
187.000,anomalies_detected,0
187.000,anomalies_unique,0
187.000,investigation_timeouts,0
187.000,mission_duration_s,141.90800000000002
187.000,distance_traveled_m,35.413293002106506
187.000,route_deviations,1
187.000,investigation_time_s,0.0
187.000,hazard_avoidances,1
187.000,min_hazard_distance_m,5.127701116770095
187.000,collisions,0
187.000,time_below_clearance_s,0.0
187.000,safety_zone_violations,0
187.000,min_ttc_s,18.46718749852059
187.000,avoid_success,1
187.000,avoid_timeout,0
187.000,q_convergence,0.6786481975930173
187.000,update_residual,0.06786481975930173
187.000,investigation_deferred,0
187.000,nav_aborted,0
187.000,nav_canceled,0
187.000,nav_rejected,0
187.000,run_seed,2
188.000,anomalies_detected,0
188.000,anomalies_unique,0
188.000,investigation_timeouts,0
188.000,mission_duration_s,142.90800000000002
188.000,distance_traveled_m,35.67537300205178
188.000,route_deviations,1
188.000,investigation_time_s,0.0
188.000,hazard_avoidances,1
188.000,min_hazard_distance_m,5.127701116770095
188.000,collisions,0
188.000,time_below_clearance_s,0.0
188.000,safety_zone_violations,0
188.000,min_ttc_s,18.46718749852059
188.000,avoid_success,1
188.000,avoid_timeout,0
188.000,q_convergence,1.0145406504949988
188.000,update_residual,0.10145406504949987
188.000,investigation_deferred,0
188.000,nav_aborted,0
188.000,nav_canceled,0
188.000,nav_rejected,0
188.000,run_seed,2
189.000,anomalies_detected,0
189.000,anomalies_unique,0
189.000,investigation_timeouts,0
189.000,mission_duration_s,143.90800000000002
189.000,distance_traveled_m,35.928093002010584
189.000,route_deviations,1
189.000,investigation_time_s,0.0
189.000,hazard_avoidances,1
189.000,min_hazard_distance_m,5.127701116770095
189.000,collisions,0
189.000,time_below_clearance_s,0.0
189.000,safety_zone_violations,0
189.000,min_ttc_s,18.46718749852059
189.000,avoid_success,1
189.000,avoid_timeout,0
189.000,q_convergence,0.8763298033017355
189.000,update_residual,0.08763298033017355
189.000,investigation_deferred,0
189.000,nav_aborted,0
189.000,nav_canceled,0
189.000,nav_rejected,0
189.000,run_seed,2
190.000,anomalies_detected,0
190.000,anomalies_unique,0
190.000,investigation_timeouts,0
190.000,mission_duration_s,144.90800000000002
190.000,distance_traveled_m,36.19017300196634
190.000,route_deviations,1
190.000,investigation_time_s,0.0
190.000,hazard_avoidances,1
190.000,min_hazard_distance_m,5.127701116770095
190.000,collisions,0
190.000,time_below_clearance_s,0.0
190.000,safety_zone_violations,0
190.000,min_ttc_s,18.46718749852059
190.000,avoid_success,1
190.000,avoid_timeout,0
190.000,q_convergence,0.7634442068729335
190.000,update_residual,0.07634442068729334
190.000,investigation_deferred,0
190.000,nav_aborted,0
190.000,nav_canceled,0
190.000,nav_rejected,0
190.000,run_seed,2
191.000,anomalies_detected,0
191.000,anomalies_unique,0
191.000,investigation_timeouts,0
191.000,mission_duration_s,145.90800000000002
191.000,distance_traveled_m,36.45225300185387
191.000,route_deviations,1
191.000,investigation_time_s,0.0
191.000,hazard_avoidances,1
191.000,min_hazard_distance_m,5.127701116770095
191.000,collisions,0
191.000,time_below_clearance_s,0.0
191.000,safety_zone_violations,0
191.000,min_ttc_s,18.46718749852059
191.000,avoid_success,1
191.000,avoid_timeout,0
191.000,q_convergence,0.6651766919708523
191.000,update_residual,0.06651766919708521
191.000,investigation_deferred,0
191.000,nav_aborted,0
191.000,nav_canceled,0
191.000,nav_rejected,0
191.000,run_seed,2
192.000,anomalies_detected,0
192.000,anomalies_unique,0
192.000,investigation_timeouts,0
192.000,mission_duration_s,146.90800000000002
192.000,distance_traveled_m,36.71433300177804
192.000,route_deviations,1
192.000,investigation_time_s,0.0
192.000,hazard_avoidances,1
192.000,min_hazard_distance_m,5.127701116770095
192.000,collisions,0
192.000,time_below_clearance_s,0.0
192.000,safety_zone_violations,0
192.000,min_ttc_s,18.46718749852059
192.000,avoid_success,1
192.000,avoid_timeout,0
192.000,q_convergence,1.0675670032068427
192.000,update_residual,0.10675670032068428
192.000,investigation_deferred,0
192.000,nav_aborted,0
192.000,nav_canceled,0
192.000,nav_rejected,0
192.000,run_seed,2
193.000,anomalies_detected,0
193.000,anomalies_unique,0
193.000,investigation_timeouts,0
193.000,mission_duration_s,147.90800000000002
193.000,distance_traveled_m,36.976413001722584
193.000,route_deviations,1
193.000,investigation_time_s,0.0
193.000,hazard_avoidances,1
193.000,min_hazard_distance_m,5.127701116770095
193.000,collisions,0
193.000,time_below_clearance_s,0.0
193.000,safety_zone_violations,0
193.000,min_ttc_s,18.46718749852059
193.000,avoid_success,1
193.000,avoid_timeout,0
193.000,q_convergence,0.8546395479935552
193.000,update_residual,0.08546395479935552
193.000,investigation_deferred,0
193.000,nav_aborted,0
193.000,nav_canceled,0
193.000,nav_rejected,0
193.000,run_seed,2
194.000,anomalies_detected,0
194.000,anomalies_unique,0
194.000,investigation_timeouts,0
194.000,mission_duration_s,148.90800000000002
194.000,distance_traveled_m,37.229133001678726
194.000,route_deviations,1
194.000,investigation_time_s,0.0
194.000,hazard_avoidances,1
194.000,min_hazard_distance_m,5.127701116770095
194.000,collisions,0
194.000,time_below_clearance_s,0.0
194.000,safety_zone_violations,0
194.000,min_ttc_s,18.46718749852059
194.000,avoid_success,1
194.000,avoid_timeout,0
194.000,q_convergence,0.7427270592952459
194.000,update_residual,0.0742727059295246
194.000,investigation_deferred,0
194.000,nav_aborted,0
194.000,nav_canceled,0
194.000,nav_rejected,0
194.000,run_seed,2
195.000,anomalies_detected,0
195.000,anomalies_unique,0
195.000,investigation_timeouts,0
195.000,mission_duration_s,149.90800000000002
195.000,distance_traveled_m,37.491213001630534
195.000,route_deviations,1
195.000,investigation_time_s,0.0
195.000,hazard_avoidances,1
195.000,min_hazard_distance_m,5.127701116770095
195.000,collisions,0
195.000,time_below_clearance_s,0.0
195.000,safety_zone_violations,0
195.000,min_ttc_s,18.46718749852059
195.000,avoid_success,1
195.000,avoid_timeout,0
195.000,q_convergence,0.6470516791398992
195.000,update_residual,0.06470516791398993
195.000,investigation_deferred,0
195.000,nav_aborted,0
195.000,nav_canceled,0
195.000,nav_rejected,0
195.000,run_seed,2
196.000,anomalies_detected,0
196.000,anomalies_unique,0
196.000,investigation_timeouts,0
196.000,mission_duration_s,150.90800000000002
196.000,distance_traveled_m,37.753293001522245
196.000,route_deviations,1
196.000,investigation_time_s,0.0
196.000,hazard_avoidances,1
196.000,min_hazard_distance_m,5.127701116770095
196.000,collisions,0
196.000,time_below_clearance_s,0.0
196.000,safety_zone_violations,0
196.000,min_ttc_s,18.46718749852059
196.000,avoid_success,1
196.000,avoid_timeout,0
196.000,q_convergence,1.1110665511993794
196.000,update_residual,0.11110665511993796
196.000,investigation_deferred,0
196.000,nav_aborted,0
196.000,nav_canceled,0
196.000,nav_rejected,0
196.000,run_seed,2
197.000,anomalies_detected,0
197.000,anomalies_unique,0
197.000,investigation_timeouts,0
197.000,mission_duration_s,151.90800000000002
197.000,distance_traveled_m,38.01537300138445
197.000,route_deviations,1
197.000,investigation_time_s,0.0
197.000,hazard_avoidances,1
197.000,min_hazard_distance_m,5.127701116770095
197.000,collisions,0
197.000,time_below_clearance_s,0.0
197.000,safety_zone_violations,0
197.000,min_ttc_s,18.46718749852059
197.000,avoid_success,1
197.000,avoid_timeout,0
197.000,q_convergence,0.837674526180259
197.000,update_residual,0.08376745261802589
197.000,investigation_deferred,0
197.000,nav_aborted,0
197.000,nav_canceled,0
197.000,nav_rejected,0
197.000,run_seed,2
198.000,anomalies_detected,0
198.000,anomalies_unique,0
198.000,investigation_timeouts,0
198.000,mission_duration_s,152.90800000000002
198.000,distance_traveled_m,38.26809300132726
198.000,route_deviations,1
198.000,investigation_time_s,0.0
198.000,hazard_avoidances,1
198.000,min_hazard_distance_m,5.127701116770095
198.000,collisions,0
198.000,time_below_clearance_s,0.0
198.000,safety_zone_violations,0
198.000,min_ttc_s,18.46718749852059
198.000,avoid_success,1
198.000,avoid_timeout,0
198.000,q_convergence,0.7279835562689101
198.000,update_residual,0.072798355626891
198.000,investigation_deferred,0
198.000,nav_aborted,0
198.000,nav_canceled,0
198.000,nav_rejected,0
198.000,run_seed,2
199.000,anomalies_detected,0
199.000,anomalies_unique,0
199.000,investigation_timeouts,0
199.000,mission_duration_s,153.90800000000002
199.000,distance_traveled_m,38.53017300127987
199.000,route_deviations,1
199.000,investigation_time_s,0.0
199.000,hazard_avoidances,1
199.000,min_hazard_distance_m,5.127701116770095
199.000,collisions,0
199.000,time_below_clearance_s,0.0
199.000,safety_zone_violations,0
199.000,min_ttc_s,18.46718749852059
199.000,avoid_success,1
199.000,avoid_timeout,0
199.000,q_convergence,0.6342073801875402
199.000,update_residual,0.06342073801875402
199.000,investigation_deferred,0
199.000,nav_aborted,0
199.000,nav_canceled,0
199.000,nav_rejected,0
199.000,run_seed,2
200.000,anomalies_detected,0
200.000,anomalies_unique,0
200.000,investigation_timeouts,0
200.000,mission_duration_s,154.90800000000002
200.000,distance_traveled_m,38.79225300123095
200.000,route_deviations,1
200.000,investigation_time_s,0.0
200.000,hazard_avoidances,1
200.000,min_hazard_distance_m,5.127701116770095
200.000,collisions,0
200.000,time_below_clearance_s,0.0
200.000,safety_zone_violations,0
200.000,min_ttc_s,18.46718749852059
200.000,avoid_success,1
200.000,avoid_timeout,0
200.000,q_convergence,1.15258889089383
200.000,update_residual,0.11525888908938302
200.000,investigation_deferred,0
200.000,nav_aborted,0
200.000,nav_canceled,0
200.000,nav_rejected,0
200.000,run_seed,2
201.000,anomalies_detected,0
201.000,anomalies_unique,0
201.000,investigation_timeouts,0
201.000,mission_duration_s,155.90800000000002
201.000,distance_traveled_m,39.05433300112475
201.000,route_deviations,1
201.000,investigation_time_s,0.0
201.000,hazard_avoidances,1
201.000,min_hazard_distance_m,5.127701116770095
201.000,collisions,0
201.000,time_below_clearance_s,0.0
201.000,safety_zone_violations,0
201.000,min_ttc_s,18.46718749852059
201.000,avoid_success,1
201.000,avoid_timeout,0
201.000,q_convergence,0.8210462685218641
201.000,update_residual,0.08210462685218642
201.000,investigation_deferred,0
201.000,nav_aborted,0
201.000,nav_canceled,0
201.000,nav_rejected,0
201.000,run_seed,2
202.000,anomalies_detected,0
202.000,anomalies_unique,0
202.000,investigation_timeouts,0
202.000,mission_duration_s,156.90800000000002
202.000,distance_traveled_m,39.316413000991254
202.000,route_deviations,1
202.000,investigation_time_s,0.0
202.000,hazard_avoidances,1
202.000,min_hazard_distance_m,5.127701116770095
202.000,collisions,0
202.000,time_below_clearance_s,0.0
202.000,safety_zone_violations,0
202.000,min_ttc_s,18.46718749852059
202.000,avoid_success,1
202.000,avoid_timeout,0
202.000,q_convergence,0.7135327191401837
202.000,update_residual,0.07135327191401838
202.000,investigation_deferred,0
202.000,nav_aborted,0
202.000,nav_canceled,0
202.000,nav_rejected,0
202.000,run_seed,2
203.000,anomalies_detected,0
203.000,anomalies_unique,0
203.000,investigation_timeouts,0
203.000,mission_duration_s,157.90800000000002
203.000,distance_traveled_m,39.569133000934045
203.000,route_deviations,1
203.000,investigation_time_s,0.0
203.000,hazard_avoidances,1
203.000,min_hazard_distance_m,5.127701116770095
203.000,collisions,0
203.000,time_below_clearance_s,0.0
203.000,safety_zone_violations,0
203.000,min_ttc_s,18.46718749852059
203.000,avoid_success,1
203.000,avoid_timeout,0
203.000,q_convergence,0.9020566575349103
203.000,update_residual,0.09020566575349102
203.000,investigation_deferred,0
203.000,nav_aborted,0
203.000,nav_canceled,0
203.000,nav_rejected,0
203.000,run_seed,2
204.000,anomalies_detected,0
204.000,anomalies_unique,0
204.000,investigation_timeouts,0
204.000,mission_duration_s,158.90800000000002
204.000,distance_traveled_m,39.83121300088894
204.000,route_deviations,1
204.000,investigation_time_s,0.0
204.000,hazard_avoidances,1
204.000,min_hazard_distance_m,5.127701116770095
204.000,collisions,0
204.000,time_below_clearance_s,0.0
204.000,safety_zone_violations,0
204.000,min_ttc_s,18.46718749852059
204.000,avoid_success,1
204.000,avoid_timeout,0
204.000,q_convergence,0.9236346895207693
204.000,update_residual,0.09236346895207694
204.000,investigation_deferred,0
204.000,nav_aborted,0
204.000,nav_canceled,0
204.000,nav_rejected,0
204.000,run_seed,2
205.000,anomalies_detected,0
205.000,anomalies_unique,0
205.000,investigation_timeouts,0
205.000,mission_duration_s,159.90800000000002
205.000,distance_traveled_m,40.09329300084715
205.000,route_deviations,1
205.000,investigation_time_s,0.0
205.000,hazard_avoidances,1
205.000,min_hazard_distance_m,5.127701116770095
205.000,collisions,0
205.000,time_below_clearance_s,0.0
205.000,safety_zone_violations,0
205.000,min_ttc_s,18.46718749852059
205.000,avoid_success,1
205.000,avoid_timeout,0
205.000,q_convergence,0.8047480900817247
205.000,update_residual,0.08047480900817247
205.000,investigation_deferred,0
205.000,nav_aborted,0
205.000,nav_canceled,0
205.000,nav_rejected,0
205.000,run_seed,2
206.000,anomalies_detected,0
206.000,anomalies_unique,0
206.000,investigation_timeouts,0
206.000,mission_duration_s,160.90800000000002
206.000,distance_traveled_m,40.35537300076626
206.000,route_deviations,1
206.000,investigation_time_s,0.0
206.000,hazard_avoidances,1
206.000,min_hazard_distance_m,5.127701116770095
206.000,collisions,0
206.000,time_below_clearance_s,0.0
206.000,safety_zone_violations,0
206.000,min_ttc_s,18.46718749852059
206.000,avoid_success,1
206.000,avoid_timeout,0
206.000,q_convergence,0.6993687383448497
206.000,update_residual,0.06993687383448496
206.000,investigation_deferred,0
206.000,nav_aborted,0
206.000,nav_canceled,0
206.000,nav_rejected,0
206.000,run_seed,2
207.000,anomalies_detected,1
207.000,anomalies_unique,0
207.000,investigation_timeouts,0
207.000,mission_duration_s,161.90800000000002
207.000,distance_traveled_m,40.583339630549666
207.000,route_deviations,2
207.000,investigation_time_s,0.8000000000000114
207.000,hazard_avoidances,1
207.000,min_hazard_distance_m,5.127701116770095
207.000,collisions,0
207.000,time_below_clearance_s,0.0
207.000,safety_zone_violations,0
207.000,min_ttc_s,18.46718749852059
207.000,avoid_success,1
207.000,avoid_timeout,0
207.000,q_convergence,1.238143901711408
207.000,update_residual,0.3943968088043858
207.000,investigation_deferred,0
207.000,nav_aborted,0
207.000,nav_canceled,0
207.000,nav_rejected,0
207.000,run_seed,2
208.000,anomalies_detected,1
208.000,anomalies_unique,0
208.000,investigation_timeouts,0
208.000,mission_duration_s,162.90800000000002
208.000,distance_traveled_m,40.83113145510381
208.000,route_deviations,2
208.000,investigation_time_s,1.8000000000000114
208.000,hazard_avoidances,1
208.000,min_hazard_distance_m,5.127701116770095
208.000,collisions,0
208.000,time_below_clearance_s,0.0
208.000,safety_zone_violations,0
208.000,min_ttc_s,18.46718749852059
208.000,avoid_success,1
208.000,avoid_timeout,0
208.000,q_convergence,0.6063518557504376
208.000,update_residual,0.3763146739804963
208.000,investigation_deferred,0
208.000,nav_aborted,0
208.000,nav_canceled,0
208.000,nav_rejected,0
208.000,run_seed,2
209.000,anomalies_detected,1
209.000,anomalies_unique,0
209.000,investigation_timeouts,0
209.000,mission_duration_s,163.90800000000002
209.000,distance_traveled_m,41.093211416385145
209.000,route_deviations,2
209.000,investigation_time_s,2.8000000000000114
209.000,hazard_avoidances,1
209.000,min_hazard_distance_m,5.127701116770095
209.000,collisions,0
209.000,time_below_clearance_s,0.0
209.000,safety_zone_violations,0
209.000,min_ttc_s,18.46718749852059
209.000,avoid_success,1
209.000,avoid_timeout,0
209.000,q_convergence,0.15726568757848178
209.000,update_residual,0.2835869929617436
209.000,investigation_deferred,0
209.000,nav_aborted,0
209.000,nav_canceled,0
209.000,nav_rejected,0
209.000,run_seed,2
210.000,anomalies_detected,1
210.000,anomalies_unique,0
210.000,investigation_timeouts,0
210.000,mission_duration_s,164.90800000000002
210.000,distance_traveled_m,41.355291406459195
210.000,route_deviations,2
210.000,investigation_time_s,3.8000000000000114
210.000,hazard_avoidances,1
210.000,min_hazard_distance_m,5.127701116770095
210.000,collisions,0
210.000,time_below_clearance_s,0.0
210.000,safety_zone_violations,0
210.000,min_ttc_s,18.46718749852059
210.000,avoid_success,1
210.000,avoid_timeout,0
210.000,q_convergence,1.4800892930057958
210.000,update_residual,0.3597960432183091
210.000,investigation_deferred,0
210.000,nav_aborted,0
210.000,nav_canceled,0
210.000,nav_rejected,0
210.000,run_seed,2
211.000,anomalies_detected,1
211.000,anomalies_unique,0
211.000,investigation_timeouts,0
211.000,mission_duration_s,165.90800000000002
211.000,distance_traveled_m,41.61737139747962
211.000,route_deviations,2
211.000,investigation_time_s,4.800000000000011
211.000,hazard_avoidances,1
211.000,min_hazard_distance_m,5.127701116770095
211.000,collisions,0
211.000,time_below_clearance_s,0.0
211.000,safety_zone_violations,0
211.000,min_ttc_s,18.46718749852059
211.000,avoid_success,1
211.000,avoid_timeout,0
211.000,q_convergence,1.0700091524218913
211.000,update_residual,0.31878802915991866
211.000,investigation_deferred,0
211.000,nav_aborted,0
211.000,nav_canceled,0
211.000,nav_rejected,0
211.000,run_seed,2
212.000,anomalies_detected,1
212.000,anomalies_unique,0
212.000,investigation_timeouts,0
212.000,mission_duration_s,166.90800000000002
212.000,distance_traveled_m,41.87009138974981
212.000,route_deviations,2
212.000,investigation_time_s,5.800000000000011
212.000,hazard_avoidances,1
212.000,min_hazard_distance_m,5.127701116770095
212.000,collisions,0
212.000,time_below_clearance_s,0.0
212.000,safety_zone_violations,0
212.000,min_ttc_s,18.46718749852059
212.000,avoid_success,1
212.000,avoid_timeout,0
212.000,q_convergence,1.043417212608169
212.000,update_residual,0.284360768090887
212.000,investigation_deferred,0
212.000,nav_aborted,0
212.000,nav_canceled,0
212.000,nav_rejected,0
212.000,run_seed,2
213.000,anomalies_detected,1
213.000,anomalies_unique,0
213.000,investigation_timeouts,0
213.000,mission_duration_s,167.90800000000002
213.000,distance_traveled_m,42.13217137971043
213.000,route_deviations,2
213.000,investigation_time_s,6.800000000000011
213.000,hazard_avoidances,1
213.000,min_hazard_distance_m,5.127701116770095
213.000,collisions,0
213.000,time_below_clearance_s,0.0
213.000,safety_zone_violations,0
213.000,min_ttc_s,18.46718749852059
213.000,avoid_success,1
213.000,avoid_timeout,0
213.000,q_convergence,0.6428882615077264
213.000,update_residual,0.2581554919677712
213.000,investigation_deferred,0
213.000,nav_aborted,0
213.000,nav_canceled,0
213.000,nav_rejected,0
213.000,run_seed,2
214.000,anomalies_detected,1
214.000,anomalies_unique,0
214.000,investigation_timeouts,0
214.000,mission_duration_s,168.90800000000002
214.000,distance_traveled_m,42.349145396760285
214.000,route_deviations,2
214.000,investigation_time_s,7.800000000000011
214.000,hazard_avoidances,1
214.000,min_hazard_distance_m,5.127701116770095
214.000,collisions,0
214.000,time_below_clearance_s,0.0
214.000,safety_zone_violations,0
214.000,min_ttc_s,18.46718749852059
214.000,avoid_success,1
214.000,avoid_timeout,0
214.000,q_convergence,0.32940510072100265
214.000,update_residual,0.19772717601654904
214.000,investigation_deferred,0
214.000,nav_aborted,0
214.000,nav_canceled,0
214.000,nav_rejected,0
214.000,run_seed,2
215.000,anomalies_detected,1
215.000,anomalies_unique,0
215.000,investigation_timeouts,0
215.000,mission_duration_s,169.90800000000002
215.000,distance_traveled_m,42.34914539676921
215.000,route_deviations,2
215.000,investigation_time_s,8.800000000000011
215.000,hazard_avoidances,1
215.000,min_hazard_distance_m,5.127701116770095
215.000,collisions,0
215.000,time_below_clearance_s,0.0
215.000,safety_zone_violations,0
215.000,min_ttc_s,18.46718749852059
215.000,avoid_success,1
215.000,avoid_timeout,0
215.000,q_convergence,0.08768298606052737
215.000,update_residual,0.1487157657469838
215.000,investigation_deferred,0
215.000,nav_aborted,0
215.000,nav_canceled,0
215.000,nav_rejected,0
215.000,run_seed,2
216.000,anomalies_detected,1
216.000,anomalies_unique,0
216.000,investigation_timeouts,0
216.000,mission_duration_s,170.90800000000002
216.000,distance_traveled_m,42.349145396769295
216.000,route_deviations,2
216.000,investigation_time_s,9.800000000000011
216.000,hazard_avoidances,1
216.000,min_hazard_distance_m,5.127701116770095
216.000,collisions,0
216.000,time_below_clearance_s,0.0
216.000,safety_zone_violations,0
216.000,min_ttc_s,18.46718749852059
216.000,avoid_success,1
216.000,avoid_timeout,0
216.000,q_convergence,0.10826784345557972
216.000,update_residual,0.12924188170722348
216.000,investigation_deferred,0
216.000,nav_aborted,0
216.000,nav_canceled,0
216.000,nav_rejected,0
216.000,run_seed,2
217.000,anomalies_detected,1
217.000,anomalies_unique,0
217.000,investigation_timeouts,0
217.000,mission_duration_s,171.90800000000002
217.000,distance_traveled_m,42.349145396769295
217.000,route_deviations,2
217.000,investigation_time_s,10.800000000000011
217.000,hazard_avoidances,1
217.000,min_hazard_distance_m,5.127701116770095
217.000,collisions,0
217.000,time_below_clearance_s,0.0
217.000,safety_zone_violations,0
217.000,min_ttc_s,18.46718749852059
217.000,avoid_success,1
217.000,avoid_timeout,0
217.000,q_convergence,1.6879922761070045
217.000,update_residual,0.2790384555226118
217.000,investigation_deferred,0
217.000,nav_aborted,0
217.000,nav_canceled,0
217.000,nav_rejected,0
217.000,run_seed,2
218.000,anomalies_detected,1
218.000,anomalies_unique,0
218.000,investigation_timeouts,0
218.000,mission_duration_s,172.90800000000002
218.000,distance_traveled_m,42.349145396769295
218.000,route_deviations,2
218.000,investigation_time_s,10.800000000000011
218.000,hazard_avoidances,1
218.000,min_hazard_distance_m,5.127701116770095
218.000,collisions,0
218.000,time_below_clearance_s,0.0
218.000,safety_zone_violations,0
218.000,min_ttc_s,18.46718749852059
218.000,avoid_success,1
218.000,avoid_timeout,0
218.000,q_convergence,0.6079868796687279
218.000,update_residual,0.17985705411173702
218.000,investigation_deferred,0
218.000,nav_aborted,0
218.000,nav_canceled,0
218.000,nav_rejected,0
218.000,run_seed,2
219.000,anomalies_detected,1
219.000,anomalies_unique,0
219.000,investigation_timeouts,0
219.000,mission_duration_s,173.90800000000002
219.000,distance_traveled_m,42.42680676800352
219.000,route_deviations,2
219.000,investigation_time_s,10.800000000000011
219.000,hazard_avoidances,1
219.000,min_hazard_distance_m,5.127701116770095
219.000,collisions,0
219.000,time_below_clearance_s,0.0
219.000,safety_zone_violations,0
219.000,min_ttc_s,18.46718749852059
219.000,avoid_success,1
219.000,avoid_timeout,0
219.000,q_convergence,0.38401768563389005
219.000,update_residual,0.1396013797865236
219.000,investigation_deferred,0
219.000,nav_aborted,0
219.000,nav_canceled,0
219.000,nav_rejected,0
219.000,run_seed,2
220.000,anomalies_detected,1
220.000,anomalies_unique,0
220.000,investigation_timeouts,0
220.000,mission_duration_s,174.90800000000002
220.000,distance_traveled_m,42.611696124448045
220.000,route_deviations,2
220.000,investigation_time_s,10.800000000000011
220.000,hazard_avoidances,1
220.000,min_hazard_distance_m,5.127701116770095
220.000,collisions,0
220.000,time_below_clearance_s,0.0
220.000,safety_zone_violations,0
220.000,min_ttc_s,18.46718749852059
220.000,avoid_success,1
220.000,avoid_timeout,0
220.000,q_convergence,0.21102985665722132
220.000,update_residual,0.10712265520538651
220.000,investigation_deferred,0
220.000,nav_aborted,0
220.000,nav_canceled,0
220.000,nav_rejected,0
220.000,run_seed,2
221.000,anomalies_detected,1
221.000,anomalies_unique,0
221.000,investigation_timeouts,0
221.000,mission_duration_s,175.90800000000002
221.000,distance_traveled_m,42.86441530339758
221.000,route_deviations,2
221.000,investigation_time_s,10.800000000000011
221.000,hazard_avoidances,1
221.000,min_hazard_distance_m,5.127701116770095
221.000,collisions,0
221.000,time_below_clearance_s,0.0
221.000,safety_zone_violations,0
221.000,min_ttc_s,18.46718749852059
221.000,avoid_success,1
221.000,avoid_timeout,0
221.000,q_convergence,0.07909954519996708
221.000,update_residual,0.08102667362871144
221.000,investigation_deferred,0
221.000,nav_aborted,0
221.000,nav_canceled,0
221.000,nav_rejected,0
221.000,run_seed,2
222.000,anomalies_detected,1
222.000,anomalies_unique,0
222.000,investigation_timeouts,0
222.000,mission_duration_s,176.90800000000002
222.000,distance_traveled_m,43.12649530168794
222.000,route_deviations,2
222.000,investigation_time_s,10.800000000000011
222.000,hazard_avoidances,1
222.000,min_hazard_distance_m,5.127701116770095
222.000,collisions,0
222.000,time_below_clearance_s,0.0
222.000,safety_zone_violations,0
222.000,min_ttc_s,18.46718749852059
222.000,avoid_success,1
222.000,avoid_timeout,0
222.000,q_convergence,1.2150152358690918
222.000,update_residual,0.18877124459375214
222.000,investigation_deferred,0
222.000,nav_aborted,0
222.000,nav_canceled,0
222.000,nav_rejected,0
222.000,run_seed,2
223.000,anomalies_detected,1
223.000,anomalies_unique,0
223.000,investigation_timeouts,0
223.000,mission_duration_s,177.90800000000002
223.000,distance_traveled_m,43.38857529548997
223.000,route_deviations,2
223.000,investigation_time_s,10.800000000000011
223.000,hazard_avoidances,1
223.000,min_hazard_distance_m,5.127701116770095
223.000,collisions,0
223.000,time_below_clearance_s,0.0
223.000,safety_zone_violations,0
223.000,min_ttc_s,18.46718749852059
223.000,avoid_success,1
223.000,avoid_timeout,0
223.000,q_convergence,0.7854129030730226
223.000,update_residual,0.1406905015497098
223.000,investigation_deferred,0
223.000,nav_aborted,0
223.000,nav_canceled,0
223.000,nav_rejected,0
223.000,run_seed,2
224.000,anomalies_detected,1
224.000,anomalies_unique,0
224.000,investigation_timeouts,0
224.000,mission_duration_s,178.90800000000002
224.000,distance_traveled_m,43.65065528668459
224.000,route_deviations,2
224.000,investigation_time_s,10.800000000000011
224.000,hazard_avoidances,1
224.000,min_hazard_distance_m,5.127701116770095
224.000,collisions,0
224.000,time_below_clearance_s,0.0
224.000,safety_zone_violations,0
224.000,min_ttc_s,18.46718749852059
224.000,avoid_success,1
224.000,avoid_timeout,0
224.000,q_convergence,0.6011829057413282
224.000,update_residual,0.12226750181654035
224.000,investigation_deferred,0
224.000,nav_aborted,0
224.000,nav_canceled,0
224.000,nav_rejected,0
224.000,run_seed,2
225.000,anomalies_detected,1
225.000,anomalies_unique,0
225.000,investigation_timeouts,0
225.000,mission_duration_s,179.90800000000002
225.000,distance_traveled_m,43.90337525328725
225.000,route_deviations,2
225.000,investigation_time_s,10.800000000000011
225.000,hazard_avoidances,1
225.000,min_hazard_distance_m,5.127701116770095
225.000,collisions,0
225.000,time_below_clearance_s,0.0
225.000,safety_zone_violations,0
225.000,min_ttc_s,18.46718749852059
225.000,avoid_success,1
225.000,avoid_timeout,0
225.000,q_convergence,0.44710552325362646
225.000,update_residual,0.09753738188140902
225.000,investigation_deferred,0
225.000,nav_aborted,0
225.000,nav_canceled,0
225.000,nav_rejected,0
225.000,run_seed,2
226.000,anomalies_detected,1
226.000,anomalies_unique,0
226.000,investigation_timeouts,0
226.000,mission_duration_s,180.90800000000002
226.000,distance_traveled_m,44.16545523947256
226.000,route_deviations,2
226.000,investigation_time_s,10.800000000000011
226.000,hazard_avoidances,1
226.000,min_hazard_distance_m,5.127701116770095
226.000,collisions,0
226.000,time_below_clearance_s,0.0
226.000,safety_zone_violations,0
226.000,min_ttc_s,18.46718749852059
226.000,avoid_success,1
226.000,avoid_timeout,0
226.000,q_convergence,1.0175388330450899
226.000,update_residual,0.15066761437492235
226.000,investigation_deferred,0
226.000,nav_aborted,0
226.000,nav_canceled,0
226.000,nav_rejected,0
226.000,run_seed,2
227.000,anomalies_detected,1
227.000,anomalies_unique,0
227.000,investigation_timeouts,0
227.000,mission_duration_s,181.90800000000002
227.000,distance_traveled_m,44.42753522394757
227.000,route_deviations,2
227.000,investigation_time_s,10.800000000000011
227.000,hazard_avoidances,1
227.000,min_hazard_distance_m,5.127701116770095
227.000,collisions,0
227.000,time_below_clearance_s,0.0
227.000,safety_zone_violations,0
227.000,min_ttc_s,18.46718749852059
227.000,avoid_success,1
227.000,avoid_timeout,0
227.000,q_convergence,0.843246306119385
227.000,update_residual,0.12922743573457793
227.000,investigation_deferred,0
227.000,nav_aborted,0
227.000,nav_canceled,0
227.000,nav_rejected,0
227.000,run_seed,2
228.000,anomalies_detected,1
228.000,anomalies_unique,0
228.000,investigation_timeouts,0
228.000,mission_duration_s,182.90800000000002
228.000,distance_traveled_m,44.68961521393383
228.000,route_deviations,2
228.000,investigation_time_s,10.800000000000011
228.000,hazard_avoidances,1
228.000,min_hazard_distance_m,5.127701116770095
228.000,collisions,0
228.000,time_below_clearance_s,0.0
228.000,safety_zone_violations,0
228.000,min_ttc_s,18.46718749852059
228.000,avoid_success,1
228.000,avoid_timeout,0
228.000,q_convergence,0.674026850091281
228.000,update_residual,0.11230549013176752
228.000,investigation_deferred,0
228.000,nav_aborted,0
228.000,nav_canceled,0
228.000,nav_rejected,0
228.000,run_seed,2
229.000,anomalies_detected,1
229.000,anomalies_unique,0
229.000,investigation_timeouts,0
229.000,mission_duration_s,183.90800000000002
229.000,distance_traveled_m,44.95169520406966
229.000,route_deviations,2
229.000,investigation_time_s,10.800000000000011
229.000,hazard_avoidances,1
229.000,min_hazard_distance_m,5.127701116770095
229.000,collisions,0
229.000,time_below_clearance_s,0.0
229.000,safety_zone_violations,0
229.000,min_ttc_s,18.46718749852059
229.000,avoid_success,1
229.000,avoid_timeout,0
229.000,q_convergence,0.9577956571549817
229.000,update_residual,0.13122070833015284
229.000,investigation_deferred,0
229.000,nav_aborted,0
229.000,nav_canceled,0
229.000,nav_rejected,0
229.000,run_seed,2
230.000,anomalies_detected,1
230.000,anomalies_unique,0
230.000,investigation_timeouts,0
230.000,mission_duration_s,184.90800000000002
230.000,distance_traveled_m,45.204403169293734
230.000,route_deviations,2
230.000,investigation_time_s,10.800000000000011
230.000,hazard_avoidances,1
230.000,min_hazard_distance_m,5.127701116770095
230.000,collisions,0
230.000,time_below_clearance_s,0.0
230.000,safety_zone_violations,0
230.000,min_ttc_s,18.46718749852059
230.000,avoid_success,1
230.000,avoid_timeout,0
230.000,q_convergence,0.8660964259821287
230.000,update_residual,0.12477702695245634
230.000,investigation_deferred,0
230.000,nav_aborted,0
230.000,nav_canceled,0
230.000,nav_rejected,0
230.000,run_seed,2
231.000,anomalies_detected,1
231.000,anomalies_unique,0
231.000,investigation_timeouts,0
231.000,mission_duration_s,185.90800000000002
231.000,distance_traveled_m,45.394578834640726
231.000,route_deviations,2
231.000,investigation_time_s,10.800000000000011
231.000,hazard_avoidances,1
231.000,min_hazard_distance_m,5.127701116770095
231.000,collisions,0
231.000,time_below_clearance_s,0.0
231.000,safety_zone_violations,0
231.000,min_ttc_s,18.46718749852059
231.000,avoid_success,1
231.000,avoid_timeout,0
231.000,q_convergence,1.0140007460333464
231.000,update_residual,0.13143921969695221
231.000,investigation_deferred,0
231.000,nav_aborted,0
231.000,nav_canceled,0
231.000,nav_rejected,0
231.000,run_seed,2
232.000,anomalies_detected,1
232.000,anomalies_unique,0
232.000,investigation_timeouts,0
232.000,mission_duration_s,186.90800000000002
232.000,distance_traveled_m,45.43656759545969
232.000,route_deviations,2
232.000,investigation_time_s,10.800000000000011
232.000,hazard_avoidances,1
232.000,min_hazard_distance_m,5.127701116770095
232.000,collisions,0
232.000,time_below_clearance_s,0.0
232.000,safety_zone_violations,0
232.000,min_ttc_s,18.46718749852059
232.000,avoid_success,1
232.000,avoid_timeout,0
232.000,q_convergence,0.7629896037887715
232.000,update_residual,0.10874123707998415
232.000,investigation_deferred,0
232.000,nav_aborted,0
232.000,nav_canceled,0
232.000,nav_rejected,0
232.000,run_seed,2
233.000,anomalies_detected,1
233.000,anomalies_unique,0
233.000,investigation_timeouts,0
233.000,mission_duration_s,187.90800000000002
233.000,distance_traveled_m,45.488986785842926
233.000,route_deviations,2
233.000,investigation_time_s,10.800000000000011
233.000,hazard_avoidances,1
233.000,min_hazard_distance_m,5.127701116770095
233.000,collisions,0
233.000,time_below_clearance_s,0.0
233.000,safety_zone_violations,0
233.000,min_ttc_s,18.46718749852059
233.000,avoid_success,1
233.000,avoid_timeout,0
233.000,q_convergence,0.6237429946517895
233.000,update_residual,0.08995023466111994
233.000,investigation_deferred,0
233.000,nav_aborted,0
233.000,nav_canceled,0
233.000,nav_rejected,0
233.000,run_seed,2
234.000,anomalies_detected,1
234.000,anomalies_unique,0
234.000,investigation_timeouts,0
234.000,mission_duration_s,188.90800000000002
234.000,distance_traveled_m,45.52625968312945
234.000,route_deviations,2
234.000,investigation_time_s,10.800000000000011
234.000,hazard_avoidances,1
234.000,min_hazard_distance_m,5.127701116770095
234.000,collisions,0
234.000,time_below_clearance_s,0.0
234.000,safety_zone_violations,0
234.000,min_ttc_s,18.46718749852059
234.000,avoid_success,1
234.000,avoid_timeout,0
234.000,q_convergence,0.5059558568630437
234.000,update_residual,0.07817152088224531
234.000,investigation_deferred,0
234.000,nav_aborted,0
234.000,nav_canceled,0
234.000,nav_rejected,0
234.000,run_seed,2
235.000,anomalies_detected,1
235.000,anomalies_unique,0
235.000,investigation_timeouts,0
235.000,mission_duration_s,189.90800000000002
235.000,distance_traveled_m,45.721426982093476
235.000,route_deviations,2
235.000,investigation_time_s,10.800000000000011
235.000,hazard_avoidances,1
235.000,min_hazard_distance_m,5.127701116770095
235.000,collisions,0
235.000,time_below_clearance_s,0.0
235.000,safety_zone_violations,0
235.000,min_ttc_s,18.46718749852059
235.000,avoid_success,1
235.000,avoid_timeout,0
235.000,q_convergence,0.4078380774067576
235.000,update_residual,0.06422335265722555
235.000,investigation_deferred,0
235.000,nav_aborted,0
235.000,nav_canceled,0
235.000,nav_rejected,0
235.000,run_seed,2
236.000,anomalies_detected,1
236.000,anomalies_unique,0
236.000,investigation_timeouts,0
236.000,mission_duration_s,190.90800000000002
236.000,distance_traveled_m,45.98350666724363
236.000,route_deviations,2
236.000,investigation_time_s,10.800000000000011
236.000,hazard_avoidances,1
236.000,min_hazard_distance_m,5.127701116770095
236.000,collisions,0
236.000,time_below_clearance_s,0.0
236.000,safety_zone_violations,0
236.000,min_ttc_s,18.46718749852059
236.000,avoid_success,1
236.000,avoid_timeout,0
236.000,q_convergence,0.32744587227757566
236.000,update_residual,0.0526682004068249
236.000,investigation_deferred,0
236.000,nav_aborted,0
236.000,nav_canceled,0
236.000,nav_rejected,0
236.000,run_seed,2
237.000,anomalies_detected,1
237.000,anomalies_unique,0
237.000,investigation_timeouts,0
237.000,mission_duration_s,191.90800000000002
237.000,distance_traveled_m,46.2455866488272
237.000,route_deviations,2
237.000,investigation_time_s,10.800000000000011
237.000,hazard_avoidances,1
237.000,min_hazard_distance_m,5.127701116770095
237.000,collisions,0
237.000,time_below_clearance_s,0.0
237.000,safety_zone_violations,0
237.000,min_ttc_s,18.46718749852059
237.000,avoid_success,1
237.000,avoid_timeout,0
237.000,q_convergence,0.2584784415446192
237.000,update_residual,0.045771457333529234
237.000,investigation_deferred,0
237.000,nav_aborted,0
237.000,nav_canceled,0
237.000,nav_rejected,0
237.000,run_seed,2
238.000,anomalies_detected,1
238.000,anomalies_unique,0
238.000,investigation_timeouts,0
238.000,mission_duration_s,192.90800000000002
238.000,distance_traveled_m,46.50766662297223
238.000,route_deviations,2
238.000,investigation_time_s,10.800000000000011
238.000,hazard_avoidances,1
238.000,min_hazard_distance_m,5.127701116770095
238.000,collisions,0
238.000,time_below_clearance_s,0.0
238.000,safety_zone_violations,0
238.000,min_ttc_s,18.46718749852059
238.000,avoid_success,1
238.000,avoid_timeout,0
238.000,q_convergence,0.7751780987231781
238.000,update_residual,0.09324323313151024
238.000,investigation_deferred,0
238.000,nav_aborted,0
238.000,nav_canceled,0
238.000,nav_rejected,0
238.000,run_seed,2
239.000,anomalies_detected,1
239.000,anomalies_unique,0
239.000,investigation_timeouts,0
239.000,mission_duration_s,193.90800000000002
239.000,distance_traveled_m,46.76038658487888
239.000,route_deviations,2
239.000,investigation_time_s,10.800000000000011
239.000,hazard_avoidances,1
239.000,min_hazard_distance_m,5.127701116770095
239.000,collisions,0
239.000,time_below_clearance_s,0.0
239.000,safety_zone_violations,0
239.000,min_ttc_s,18.46718749852059
239.000,avoid_success,1
239.000,avoid_timeout,0
239.000,q_convergence,0.924359630402422
239.000,update_residual,0.10937103424244943
239.000,investigation_deferred,0
239.000,nav_aborted,0
239.000,nav_canceled,0
239.000,nav_rejected,0
239.000,run_seed,2
240.000,anomalies_detected,1
240.000,anomalies_unique,0
240.000,investigation_timeouts,0
240.000,mission_duration_s,194.90800000000002
240.000,distance_traveled_m,47.02246631208242
240.000,route_deviations,2
240.000,investigation_time_s,10.800000000000011
240.000,hazard_avoidances,1
240.000,min_hazard_distance_m,5.127701116770095
240.000,collisions,0
240.000,time_below_clearance_s,0.0
240.000,safety_zone_violations,0
240.000,min_ttc_s,18.46718749852059
240.000,avoid_success,1
240.000,avoid_timeout,0
240.000,q_convergence,0.8191048723877521
240.000,update_residual,0.09630529776065136
240.000,investigation_deferred,0
240.000,nav_aborted,0
240.000,nav_canceled,0
240.000,nav_rejected,0
240.000,run_seed,2
241.000,anomalies_detected,1
241.000,anomalies_unique,0
241.000,investigation_timeouts,0
241.000,mission_duration_s,195.90800000000002
241.000,distance_traveled_m,47.28454557756431
241.000,route_deviations,2
241.000,investigation_time_s,10.800000000000011
241.000,hazard_avoidances,1
241.000,min_hazard_distance_m,5.127701116770095
241.000,collisions,0
241.000,time_below_clearance_s,0.0
241.000,safety_zone_violations,0
241.000,min_ttc_s,18.46718749852059
241.000,avoid_success,1
241.000,avoid_timeout,0
241.000,q_convergence,0.6951445070113821
241.000,update_residual,0.08390926122301436
241.000,investigation_deferred,0
241.000,nav_aborted,0
241.000,nav_canceled,0
241.000,nav_rejected,0
241.000,run_seed,2
242.000,anomalies_detected,1
242.000,anomalies_unique,0
242.000,investigation_timeouts,0
242.000,mission_duration_s,196.90800000000002
242.000,distance_traveled_m,47.546624785511284
242.000,route_deviations,2
242.000,investigation_time_s,10.800000000000011
242.000,hazard_avoidances,1
242.000,min_hazard_distance_m,5.127701116770095
242.000,collisions,0
242.000,time_below_clearance_s,0.0
242.000,safety_zone_violations,0
242.000,min_ttc_s,18.46718749852059
242.000,avoid_success,1
242.000,avoid_timeout,0
242.000,q_convergence,0.5866640875032714
242.000,update_residual,0.07090199769392187
242.000,investigation_deferred,0
242.000,nav_aborted,0
242.000,nav_canceled,0
242.000,nav_rejected,0
242.000,run_seed,2
243.000,anomalies_detected,1
243.000,anomalies_unique,0
243.000,investigation_timeouts,0
243.000,mission_duration_s,197.90800000000002
243.000,distance_traveled_m,47.79934426103359
243.000,route_deviations,2
243.000,investigation_time_s,10.800000000000011
243.000,hazard_avoidances,1
243.000,min_hazard_distance_m,5.127701116770095
243.000,collisions,0
243.000,time_below_clearance_s,0.0
243.000,safety_zone_violations,0
243.000,min_ttc_s,18.46718749852059
243.000,avoid_success,1
243.000,avoid_timeout,0
243.000,q_convergence,0.493820045424512
243.000,update_residual,0.061617593486045945
243.000,investigation_deferred,0
243.000,nav_aborted,0
243.000,nav_canceled,0
243.000,nav_rejected,0
243.000,run_seed,2
244.000,anomalies_detected,1
244.000,anomalies_unique,0
244.000,investigation_timeouts,0
244.000,mission_duration_s,198.90800000000002
244.000,distance_traveled_m,48.06142405861291
244.000,route_deviations,2
244.000,investigation_time_s,10.800000000000011
244.000,hazard_avoidances,1
244.000,min_hazard_distance_m,5.127701116770095
244.000,collisions,0
244.000,time_below_clearance_s,0.0
244.000,safety_zone_violations,0
244.000,min_ttc_s,18.46718749852059
244.000,avoid_success,1
244.000,avoid_timeout,0
244.000,q_convergence,1.2439696036363108
244.000,update_residual,0.1332564330987154
244.000,investigation_deferred,0
244.000,nav_aborted,0
244.000,nav_canceled,0
244.000,nav_rejected,0
244.000,run_seed,2
245.000,anomalies_detected,1
245.000,anomalies_unique,0
245.000,investigation_timeouts,0
245.000,mission_duration_s,199.90800000000002
245.000,distance_traveled_m,48.323504027508775
245.000,route_deviations,2
245.000,investigation_time_s,10.800000000000011
245.000,hazard_avoidances,1
245.000,min_hazard_distance_m,5.127701116770095
245.000,collisions,0
245.000,time_below_clearance_s,0.0
245.000,safety_zone_violations,0
245.000,min_ttc_s,18.46718749852059
245.000,avoid_success,1
245.000,avoid_timeout,0
245.000,q_convergence,0.9193189735670183
245.000,update_residual,0.10077211036844905
245.000,investigation_deferred,0
245.000,nav_aborted,0
245.000,nav_canceled,0
245.000,nav_rejected,0
245.000,run_seed,2
246.000,anomalies_detected,1
246.000,anomalies_unique,0
246.000,investigation_timeouts,0
246.000,mission_duration_s,200.90800000000002
246.000,distance_traveled_m,48.58558400557722
246.000,route_deviations,2
246.000,investigation_time_s,10.800000000000011
246.000,hazard_avoidances,1
246.000,min_hazard_distance_m,5.127701116770095
246.000,collisions,0
246.000,time_below_clearance_s,0.0
246.000,safety_zone_violations,0
246.000,min_ttc_s,18.46718749852059
246.000,avoid_success,1
246.000,avoid_timeout,0
246.000,q_convergence,0.7873609137137098
246.000,update_residual,0.08757630438311816
246.000,investigation_deferred,0
246.000,nav_aborted,0
246.000,nav_canceled,0
246.000,nav_rejected,0
246.000,run_seed,2
247.000,anomalies_detected,1
247.000,anomalies_unique,0
247.000,investigation_timeouts,0
247.000,mission_duration_s,201.90800000000002
247.000,distance_traveled_m,48.84766400360349
247.000,route_deviations,2
247.000,investigation_time_s,10.800000000000011
247.000,hazard_avoidances,1
247.000,min_hazard_distance_m,5.127701116770095
247.000,collisions,0
247.000,time_below_clearance_s,0.0
247.000,safety_zone_violations,0
247.000,min_ttc_s,18.46718749852059
247.000,avoid_success,1
247.000,avoid_timeout,0
247.000,q_convergence,0.6735398351798638
247.000,update_residual,0.07486816457797149
247.000,investigation_deferred,0
247.000,nav_aborted,0
247.000,nav_canceled,0
247.000,nav_rejected,0
247.000,run_seed,2
248.000,anomalies_detected,1
248.000,anomalies_unique,0
248.000,investigation_timeouts,0
248.000,mission_duration_s,202.90800000000002
248.000,distance_traveled_m,49.100384001600766
248.000,route_deviations,2
248.000,investigation_time_s,10.800000000000011
248.000,hazard_avoidances,1
248.000,min_hazard_distance_m,5.127701116770095
248.000,collisions,0
248.000,time_below_clearance_s,0.0
248.000,safety_zone_violations,0
248.000,min_ttc_s,18.46718749852059
248.000,avoid_success,1
248.000,avoid_timeout,0
248.000,q_convergence,0.9490614625723267
248.000,update_residual,0.10188360009864741
248.000,investigation_deferred,0
248.000,nav_aborted,0
248.000,nav_canceled,0
248.000,nav_rejected,0
248.000,run_seed,2
249.000,anomalies_detected,1
249.000,anomalies_unique,0
249.000,investigation_timeouts,0
249.000,mission_duration_s,203.90800000000002
249.000,distance_traveled_m,49.36246400105785
249.000,route_deviations,2
249.000,investigation_time_s,10.800000000000011
249.000,hazard_avoidances,1
249.000,min_hazard_distance_m,5.127701116770095
249.000,collisions,0
249.000,time_below_clearance_s,0.0
249.000,safety_zone_violations,0
249.000,min_ttc_s,18.46718749852059
249.000,avoid_success,1
249.000,avoid_timeout,0
249.000,q_convergence,0.8988871576190903
249.000,update_residual,0.09627576966289643
249.000,investigation_deferred,0
249.000,nav_aborted,0
249.000,nav_canceled,0
249.000,nav_rejected,0
249.000,run_seed,2
250.000,anomalies_detected,1
250.000,anomalies_unique,0
250.000,investigation_timeouts,0
250.000,mission_duration_s,204.90800000000002
250.000,distance_traveled_m,49.62454400002892
250.000,route_deviations,2
250.000,investigation_time_s,10.800000000000011
250.000,hazard_avoidances,1
250.000,min_hazard_distance_m,5.127701116770095
250.000,collisions,0
250.000,time_below_clearance_s,0.0
250.000,safety_zone_violations,0
250.000,min_ttc_s,18.46718749852059
250.000,avoid_success,1
250.000,avoid_timeout,0
250.000,q_convergence,0.7749647996407732
250.000,update_residual,0.08388353386506466
250.000,investigation_deferred,0
250.000,nav_aborted,0
250.000,nav_canceled,0
250.000,nav_rejected,0
250.000,run_seed,2
251.000,anomalies_detected,1
251.000,anomalies_unique,0
251.000,investigation_timeouts,0
251.000,mission_duration_s,205.90800000000002
251.000,distance_traveled_m,49.886623998706675
251.000,route_deviations,2
251.000,investigation_time_s,10.800000000000011
251.000,hazard_avoidances,1
251.000,min_hazard_distance_m,5.127701116770095
251.000,collisions,0
251.000,time_below_clearance_s,0.0
251.000,safety_zone_violations,0
251.000,min_ttc_s,18.46718749852059
251.000,avoid_success,1
251.000,avoid_timeout,0
251.000,q_convergence,0.6657413459263327
251.000,update_residual,0.0720031304084725
251.000,investigation_deferred,0
251.000,nav_aborted,0
251.000,nav_canceled,0
251.000,nav_rejected,0
251.000,run_seed,2
252.000,anomalies_detected,1
252.000,anomalies_unique,0
252.000,investigation_timeouts,0
252.000,mission_duration_s,206.90800000000002
252.000,distance_traveled_m,50.13934399782603
252.000,route_deviations,2
252.000,investigation_time_s,10.800000000000011
252.000,hazard_avoidances,1
252.000,min_hazard_distance_m,5.127701116770095
252.000,collisions,0
252.000,time_below_clearance_s,0.0
252.000,safety_zone_violations,0
252.000,min_ttc_s,18.46718749852059
252.000,avoid_success,1
252.000,avoid_timeout,0
252.000,q_convergence,0.9960336513939886
252.000,update_residual,0.10388839397975769
252.000,investigation_deferred,0
252.000,nav_aborted,0
252.000,nav_canceled,0
252.000,nav_rejected,0
252.000,run_seed,2
253.000,anomalies_detected,1
253.000,anomalies_unique,0
253.000,investigation_timeouts,0
253.000,mission_duration_s,207.90800000000002
253.000,distance_traveled_m,50.401423996900924
253.000,route_deviations,2
253.000,investigation_time_s,10.800000000000011
253.000,hazard_avoidances,1
253.000,min_hazard_distance_m,5.127701116770095
253.000,collisions,0
253.000,time_below_clearance_s,0.0
253.000,safety_zone_violations,0
253.000,min_ttc_s,18.46718749852059
253.000,avoid_success,1
253.000,avoid_timeout,0
253.000,q_convergence,0.8825618028974821
253.000,update_residual,0.09217862976669207
253.000,investigation_deferred,0
253.000,nav_aborted,0
253.000,nav_canceled,0
253.000,nav_rejected,0
253.000,run_seed,2
254.000,anomalies_detected,1
254.000,anomalies_unique,0
254.000,investigation_timeouts,0
254.000,mission_duration_s,208.90800000000002
254.000,distance_traveled_m,50.66350399601351
254.000,route_deviations,2
254.000,investigation_time_s,10.800000000000011
254.000,hazard_avoidances,1
254.000,min_hazard_distance_m,5.127701116770095
254.000,collisions,0
254.000,time_below_clearance_s,0.0
254.000,safety_zone_violations,0
254.000,min_ttc_s,18.46718749852059
254.000,avoid_success,1
254.000,avoid_timeout,0
254.000,q_convergence,0.7642935845411271
254.000,update_residual,0.07976344050951498
254.000,investigation_deferred,0
254.000,nav_aborted,0
254.000,nav_canceled,0
254.000,nav_rejected,0
254.000,run_seed,2
255.000,anomalies_detected,1
255.000,anomalies_unique,0
255.000,investigation_timeouts,0
255.000,mission_duration_s,209.90800000000002
255.000,distance_traveled_m,50.92558399468001
255.000,route_deviations,2
255.000,investigation_time_s,10.800000000000011
255.000,hazard_avoidances,1
255.000,min_hazard_distance_m,5.127701116770095
255.000,collisions,0
255.000,time_below_clearance_s,0.0
255.000,safety_zone_violations,0
255.000,min_ttc_s,18.46718749852059
255.000,avoid_success,1
255.000,avoid_timeout,0
255.000,q_convergence,0.6598457485438785
255.000,update_residual,0.06931865690979014
255.000,investigation_deferred,0
255.000,nav_aborted,0
255.000,nav_canceled,0
255.000,nav_rejected,0
255.000,run_seed,2
256.000,anomalies_detected,1
256.000,anomalies_unique,0
256.000,investigation_timeouts,0
256.000,mission_duration_s,210.90800000000002
256.000,distance_traveled_m,51.187663993738546
256.000,route_deviations,2
256.000,investigation_time_s,10.800000000000011
256.000,hazard_avoidances,1
256.000,min_hazard_distance_m,5.127701116770095
256.000,collisions,0
256.000,time_below_clearance_s,0.0
256.000,safety_zone_violations,0
256.000,min_ttc_s,18.46718749852059
256.000,avoid_success,1
256.000,avoid_timeout,0
256.000,q_convergence,1.0401635897981472
256.000,update_residual,0.10664790231640013
256.000,investigation_deferred,0
256.000,nav_aborted,0
256.000,nav_canceled,0
256.000,nav_rejected,0
256.000,run_seed,2
257.000,anomalies_detected,1
257.000,anomalies_unique,0
257.000,investigation_timeouts,0
257.000,mission_duration_s,211.90800000000002
257.000,distance_traveled_m,51.44038399287495
257.000,route_deviations,2
257.000,investigation_time_s,10.800000000000011
257.000,hazard_avoidances,1
257.000,min_hazard_distance_m,5.127701116770095
257.000,collisions,0
257.000,time_below_clearance_s,0.0
257.000,safety_zone_violations,0
257.000,min_ttc_s,18.46718749852059
257.000,avoid_success,1
257.000,avoid_timeout,0
257.000,q_convergence,0.8638359092111368
257.000,update_residual,0.08921756066820563
257.000,investigation_deferred,0
257.000,nav_aborted,0
257.000,nav_canceled,0
257.000,nav_rejected,0
257.000,run_seed,2
258.000,anomalies_detected,1
258.000,anomalies_unique,0
258.000,investigation_timeouts,0
258.000,mission_duration_s,212.90800000000002
258.000,distance_traveled_m,51.70246399201015
258.000,route_deviations,2
258.000,investigation_time_s,10.800000000000011
258.000,hazard_avoidances,1
258.000,min_hazard_distance_m,5.127701116770095
258.000,collisions,0
258.000,time_below_clearance_s,0.0
258.000,safety_zone_violations,0
258.000,min_ttc_s,18.46718749852059
258.000,avoid_success,1
258.000,avoid_timeout,0
258.000,q_convergence,0.7491742510508382
258.000,update_residual,0.07732629939011197
258.000,investigation_deferred,0
258.000,nav_aborted,0
258.000,nav_canceled,0
258.000,nav_rejected,0
258.000,run_seed,2
259.000,anomalies_detected,1
259.000,anomalies_unique,0
259.000,investigation_timeouts,0
259.000,mission_duration_s,213.90800000000002
259.000,distance_traveled_m,51.9645439910306
259.000,route_deviations,2
259.000,investigation_time_s,10.800000000000011
259.000,hazard_avoidances,1
259.000,min_hazard_distance_m,5.127701116770095
259.000,collisions,0
259.000,time_below_clearance_s,0.0
259.000,safety_zone_violations,0
259.000,min_ttc_s,18.46718749852059
259.000,avoid_success,1
259.000,avoid_timeout,0
259.000,q_convergence,0.6498765528545919
259.000,update_residual,0.06703519842773309
259.000,investigation_deferred,0
259.000,nav_aborted,0
259.000,nav_canceled,0
259.000,nav_rejected,0
259.000,run_seed,2
260.000,anomalies_detected,1
260.000,anomalies_unique,0
260.000,investigation_timeouts,0
260.000,mission_duration_s,214.90800000000002
260.000,distance_traveled_m,52.22662399005927
260.000,route_deviations,2
260.000,investigation_time_s,10.800000000000011
260.000,hazard_avoidances,1
260.000,min_hazard_distance_m,5.127701116770095
260.000,collisions,0
260.000,time_below_clearance_s,0.0
260.000,safety_zone_violations,0
260.000,min_ttc_s,18.46718749852059
260.000,avoid_success,1
260.000,avoid_timeout,0
260.000,q_convergence,1.083112184611198
260.000,update_residual,0.10992731501270034
260.000,investigation_deferred,0
260.000,nav_aborted,0
260.000,nav_canceled,0
260.000,nav_rejected,0
260.000,run_seed,2
261.000,anomalies_detected,1
261.000,anomalies_unique,0
261.000,investigation_timeouts,0
261.000,mission_duration_s,215.90800000000002
261.000,distance_traveled_m,52.47934398910258
261.000,route_deviations,2
261.000,investigation_time_s,10.800000000000011
261.000,hazard_avoidances,1
261.000,min_hazard_distance_m,5.127701116770095
261.000,collisions,0
261.000,time_below_clearance_s,0.0
261.000,safety_zone_violations,0
261.000,min_ttc_s,18.46718749852059
261.000,avoid_success,1
261.000,avoid_timeout,0
261.000,q_convergence,0.8477621087497581
261.000,update_residual,0.08651662254590864
261.000,investigation_deferred,0
261.000,nav_aborted,0
261.000,nav_canceled,0
261.000,nav_rejected,0
261.000,run_seed,2
262.000,anomalies_detected,1
262.000,anomalies_unique,0
262.000,investigation_timeouts,0
262.000,mission_duration_s,216.90800000000002
262.000,distance_traveled_m,52.7414239882165
262.000,route_deviations,2
262.000,investigation_time_s,10.800000000000011
262.000,hazard_avoidances,1
262.000,min_hazard_distance_m,5.127701116770095
262.000,collisions,0
262.000,time_below_clearance_s,0.0
262.000,safety_zone_violations,0
262.000,min_ttc_s,18.46718749852059
262.000,avoid_success,1
262.000,avoid_timeout,0
262.000,q_convergence,0.7364773905789826
262.000,update_residual,0.07512708897819119
262.000,investigation_deferred,0
262.000,nav_aborted,0
262.000,nav_canceled,0
262.000,nav_rejected,0
262.000,run_seed,2
263.000,anomalies_detected,1
263.000,anomalies_unique,0
263.000,investigation_timeouts,0
263.000,mission_duration_s,217.90800000000002
263.000,distance_traveled_m,53.00350398735888
263.000,route_deviations,2
263.000,investigation_time_s,10.800000000000011
263.000,hazard_avoidances,1
263.000,min_hazard_distance_m,5.127701116770095
263.000,collisions,0
263.000,time_below_clearance_s,0.0
263.000,safety_zone_violations,0
263.000,min_ttc_s,18.46718749852059
263.000,avoid_success,1
263.000,avoid_timeout,0
263.000,q_convergence,0.6399202684321178
263.000,update_residual,0.06524947427546075
263.000,investigation_deferred,0
263.000,nav_aborted,0
263.000,nav_canceled,0
263.000,nav_rejected,0
263.000,run_seed,2
264.000,anomalies_detected,1
264.000,anomalies_unique,0
264.000,investigation_timeouts,0
264.000,mission_duration_s,218.90800000000002
264.000,distance_traveled_m,53.265583986379504
264.000,route_deviations,2
264.000,investigation_time_s,10.800000000000011
264.000,hazard_avoidances,1
264.000,min_hazard_distance_m,5.127701116770095
264.000,collisions,0
264.000,time_below_clearance_s,0.0
264.000,safety_zone_violations,0
264.000,min_ttc_s,18.46718749852059
264.000,avoid_success,1
264.000,avoid_timeout,0
264.000,q_convergence,1.133281301174296
264.000,update_residual,0.11449575987594653
264.000,investigation_deferred,0
264.000,nav_aborted,0
264.000,nav_canceled,0
264.000,nav_rejected,0
264.000,run_seed,2
265.000,anomalies_detected,1
265.000,anomalies_unique,0
265.000,investigation_timeouts,0
265.000,mission_duration_s,219.90800000000002
265.000,distance_traveled_m,53.52766398546075
265.000,route_deviations,2
265.000,investigation_time_s,10.800000000000011
265.000,hazard_avoidances,1
265.000,min_hazard_distance_m,5.127701116770095
265.000,collisions,0
265.000,time_below_clearance_s,0.0
265.000,safety_zone_violations,0
265.000,min_ttc_s,18.46718749852059
265.000,avoid_success,1
265.000,avoid_timeout,0
265.000,q_convergence,0.8272944632939255
265.000,update_residual,0.08379827664680418
265.000,investigation_deferred,0
265.000,nav_aborted,0
265.000,nav_canceled,0
265.000,nav_rejected,0
265.000,run_seed,2
266.000,anomalies_detected,1
266.000,anomalies_unique,0
266.000,investigation_timeouts,0
266.000,mission_duration_s,220.90800000000002
266.000,distance_traveled_m,53.78038398457379
266.000,route_deviations,2
266.000,investigation_time_s,10.800000000000011
266.000,hazard_avoidances,1
266.000,min_hazard_distance_m,5.127701116770095
266.000,collisions,0
266.000,time_below_clearance_s,0.0
266.000,safety_zone_violations,0
266.000,min_ttc_s,18.46718749852059
266.000,avoid_success,1
266.000,avoid_timeout,0
266.000,q_convergence,0.7175631302402393
266.000,update_residual,0.0728251433414356
266.000,investigation_deferred,0
266.000,nav_aborted,0
266.000,nav_canceled,0
266.000,nav_rejected,0
266.000,run_seed,2
267.000,anomalies_detected,1
267.000,anomalies_unique,0
267.000,investigation_timeouts,0
267.000,mission_duration_s,221.90800000000002
267.000,distance_traveled_m,54.042463983683305
267.000,route_deviations,2
267.000,investigation_time_s,10.800000000000011
267.000,hazard_avoidances,1
267.000,min_hazard_distance_m,5.127701116770095
267.000,collisions,0
267.000,time_below_clearance_s,0.0
267.000,safety_zone_violations,0
267.000,min_ttc_s,18.46718749852059
267.000,avoid_success,1
267.000,avoid_timeout,0
267.000,q_convergence,0.8737448474000679
267.000,update_residual,0.08821569378611777
267.000,investigation_deferred,0
267.000,nav_aborted,0
267.000,nav_canceled,0
267.000,nav_rejected,0
267.000,run_seed,2
268.000,anomalies_detected,1
268.000,anomalies_unique,0
268.000,investigation_timeouts,0
268.000,mission_duration_s,222.90800000000002
268.000,distance_traveled_m,54.30454398280354
268.000,route_deviations,2
268.000,investigation_time_s,10.800000000000011
268.000,hazard_avoidances,1
268.000,min_hazard_distance_m,5.127701116770095
268.000,collisions,0
268.000,time_below_clearance_s,0.0
268.000,safety_zone_violations,0
268.000,min_ttc_s,18.46718749852059
268.000,avoid_success,1
268.000,avoid_timeout,0
268.000,q_convergence,0.934836389399298
268.000,update_residual,0.09425586884425967
268.000,investigation_deferred,0
268.000,nav_aborted,0
268.000,nav_canceled,0
268.000,nav_rejected,0
268.000,run_seed,2
269.000,anomalies_detected,1
269.000,anomalies_unique,0
269.000,investigation_timeouts,0
269.000,mission_duration_s,223.90800000000002
269.000,distance_traveled_m,54.56662398182183
269.000,route_deviations,2
269.000,investigation_time_s,10.800000000000011
269.000,hazard_avoidances,1
269.000,min_hazard_distance_m,5.127701116770095
269.000,collisions,0
269.000,time_below_clearance_s,0.0
269.000,safety_zone_violations,0
269.000,min_ttc_s,18.46718749852059
269.000,avoid_success,1
269.000,avoid_timeout,0
269.000,q_convergence,0.8114111526249513
269.000,update_residual,0.08191334516682504
269.000,investigation_deferred,0
269.000,nav_aborted,0
269.000,nav_canceled,0
269.000,nav_rejected,0
269.000,run_seed,2
270.000,anomalies_detected,2
270.000,anomalies_unique,0
270.000,investigation_timeouts,0
270.000,mission_duration_s,224.90800000000002
270.000,distance_traveled_m,54.819343980795665
270.000,route_deviations,3
270.000,investigation_time_s,11.600000000000023
270.000,hazard_avoidances,1
270.000,min_hazard_distance_m,5.127701116770095
270.000,collisions,0
270.000,time_below_clearance_s,0.0
270.000,safety_zone_violations,0
270.000,min_ttc_s,18.46718749852059
270.000,avoid_success,1
270.000,avoid_timeout,0
270.000,q_convergence,0.9580505202730976
270.000,update_residual,0.2038557798457173
270.000,investigation_deferred,0
270.000,nav_aborted,0
270.000,nav_canceled,0
270.000,nav_rejected,0
270.000,run_seed,2
271.000,anomalies_detected,2
271.000,anomalies_unique,0
271.000,investigation_timeouts,0
271.000,mission_duration_s,225.90800000000002
271.000,distance_traveled_m,54.97816415017035
271.000,route_deviations,3
271.000,investigation_time_s,12.600000000000023
271.000,hazard_avoidances,1
271.000,min_hazard_distance_m,5.127701116770095
271.000,collisions,0
271.000,time_below_clearance_s,0.0
271.000,safety_zone_violations,0
271.000,min_ttc_s,18.46718749852059
271.000,avoid_success,1
271.000,avoid_timeout,0
271.000,q_convergence,1.0239850669372885
271.000,update_residual,0.3351323680404793
271.000,investigation_deferred,0
271.000,nav_aborted,0
271.000,nav_canceled,0
271.000,nav_rejected,0
271.000,run_seed,2
272.000,anomalies_detected,2
272.000,anomalies_unique,0
272.000,investigation_timeouts,0
272.000,mission_duration_s,226.90800000000002
272.000,distance_traveled_m,55.24024339362055
272.000,route_deviations,3
272.000,investigation_time_s,13.600000000000023
272.000,hazard_avoidances,1
272.000,min_hazard_distance_m,5.127701116770095
272.000,collisions,0
272.000,time_below_clearance_s,0.0
272.000,safety_zone_violations,0
272.000,min_ttc_s,18.46718749852059
272.000,avoid_success,1
272.000,avoid_timeout,0
272.000,q_convergence,0.7897494238557413
272.000,update_residual,0.2898038785644032
272.000,investigation_deferred,0
272.000,nav_aborted,0
272.000,nav_canceled,0
272.000,nav_rejected,0
272.000,run_seed,2
273.000,anomalies_detected,2
273.000,anomalies_unique,0
273.000,investigation_timeouts,0
273.000,mission_duration_s,227.90800000000002
273.000,distance_traveled_m,55.50232339261741
273.000,route_deviations,3
273.000,investigation_time_s,14.600000000000023
273.000,hazard_avoidances,1
273.000,min_hazard_distance_m,5.127701116770095
273.000,collisions,0
273.000,time_below_clearance_s,0.0
273.000,safety_zone_violations,0
273.000,min_ttc_s,18.46718749852059
273.000,avoid_success,1
273.000,avoid_timeout,0
273.000,q_convergence,0.42583614026777317
273.000,update_residual,0.25623329874309414
273.000,investigation_deferred,0
273.000,nav_aborted,0
273.000,nav_canceled,0
273.000,nav_rejected,0
273.000,run_seed,2
274.000,anomalies_detected,2
274.000,anomalies_unique,0
274.000,investigation_timeouts,0
274.000,mission_duration_s,228.90800000000002
274.000,distance_traveled_m,55.76440339149138
274.000,route_deviations,3
274.000,investigation_time_s,15.600000000000023
274.000,hazard_avoidances,1
274.000,min_hazard_distance_m,5.127701116770095
274.000,collisions,0
274.000,time_below_clearance_s,0.0
274.000,safety_zone_violations,0
274.000,min_ttc_s,18.46718749852059
274.000,avoid_success,1
274.000,avoid_timeout,0
274.000,q_convergence,0.11274564034604488
274.000,update_residual,0.19270518774223525
274.000,investigation_deferred,0
274.000,nav_aborted,0
274.000,nav_canceled,0
274.000,nav_rejected,0
274.000,run_seed,2
275.000,anomalies_detected,2
275.000,anomalies_unique,0
275.000,investigation_timeouts,0
275.000,mission_duration_s,229.90800000000002
275.000,distance_traveled_m,56.017123368327155
275.000,route_deviations,3
275.000,investigation_time_s,16.600000000000023
275.000,hazard_avoidances,1
275.000,min_hazard_distance_m,5.127701116770095
275.000,collisions,0
275.000,time_below_clearance_s,0.0
275.000,safety_zone_violations,0
275.000,min_ttc_s,18.46718749852059
275.000,avoid_success,1
275.000,avoid_timeout,0
275.000,q_convergence,0.1236973541859779
275.000,update_residual,0.14199216178894117
275.000,investigation_deferred,0
275.000,nav_aborted,0
275.000,nav_canceled,0
275.000,nav_rejected,0
275.000,run_seed,2
276.000,anomalies_detected,2
276.000,anomalies_unique,0
276.000,investigation_timeouts,0
276.000,mission_duration_s,230.90800000000002
276.000,distance_traveled_m,56.27920332943985
276.000,route_deviations,3
276.000,investigation_time_s,17.600000000000023
276.000,hazard_avoidances,1
276.000,min_hazard_distance_m,5.127701116770095
276.000,collisions,0
276.000,time_below_clearance_s,0.0
276.000,safety_zone_violations,0
276.000,min_ttc_s,18.46718749852059
276.000,avoid_success,1
276.000,avoid_timeout,0
276.000,q_convergence,1.3546156242524006
276.000,update_residual,0.23091346646370192
276.000,investigation_deferred,0
276.000,nav_aborted,0
276.000,nav_canceled,0
276.000,nav_rejected,0
276.000,run_seed,2
277.000,anomalies_detected,2
277.000,anomalies_unique,0
277.000,investigation_timeouts,0
277.000,mission_duration_s,231.90800000000002
277.000,distance_traveled_m,56.54128332743857
277.000,route_deviations,3
277.000,investigation_time_s,18.600000000000023
277.000,hazard_avoidances,1
277.000,min_hazard_distance_m,5.127701116770095
277.000,collisions,0
277.000,time_below_clearance_s,0.0
277.000,safety_zone_violations,0
277.000,min_ttc_s,18.46718749852059
277.000,avoid_success,1
277.000,avoid_timeout,0
277.000,q_convergence,0.8032642499467205
277.000,update_residual,0.2115340376210802
277.000,investigation_deferred,0
277.000,nav_aborted,0
277.000,nav_canceled,0
277.000,nav_rejected,0
277.000,run_seed,2
278.000,anomalies_detected,2
278.000,anomalies_unique,0
278.000,investigation_timeouts,0
278.000,mission_duration_s,232.90800000000002
278.000,distance_traveled_m,56.803363326262065
278.000,route_deviations,3
278.000,investigation_time_s,19.600000000000023
278.000,hazard_avoidances,1
278.000,min_hazard_distance_m,5.127701116770095
278.000,collisions,0
278.000,time_below_clearance_s,0.0
278.000,safety_zone_violations,0
278.000,min_ttc_s,18.46718749852059
278.000,avoid_success,1
278.000,avoid_timeout,0
278.000,q_convergence,1.0515302436225853
278.000,update_residual,0.22698866465820886
278.000,investigation_deferred,0
278.000,nav_aborted,0
278.000,nav_canceled,0
278.000,nav_rejected,0
278.000,run_seed,2
279.000,anomalies_detected,2
279.000,anomalies_unique,0
279.000,investigation_timeouts,0
279.000,mission_duration_s,233.90800000000002
279.000,distance_traveled_m,57.05589101796092
279.000,route_deviations,3
279.000,investigation_time_s,20.600000000000023
279.000,hazard_avoidances,1
279.000,min_hazard_distance_m,5.127701116770095
279.000,collisions,0
279.000,time_below_clearance_s,0.0
279.000,safety_zone_violations,0
279.000,min_ttc_s,18.46718749852059
279.000,avoid_success,1
279.000,avoid_timeout,0
279.000,q_convergence,0.9811834521064927
279.000,update_residual,0.20167863946220713
279.000,investigation_deferred,0
279.000,nav_aborted,0
279.000,nav_canceled,0
279.000,nav_rejected,0
279.000,run_seed,2
280.000,anomalies_detected,2
280.000,anomalies_unique,0
280.000,investigation_timeouts,0
280.000,mission_duration_s,234.90800000000002
280.000,distance_traveled_m,57.252845104817744
280.000,route_deviations,3
280.000,investigation_time_s,21.600000000000023
280.000,hazard_avoidances,1
280.000,min_hazard_distance_m,5.127701116770095
280.000,collisions,0
280.000,time_below_clearance_s,0.0
280.000,safety_zone_violations,0
280.000,min_ttc_s,18.46718749852059
280.000,avoid_success,1
280.000,avoid_timeout,0
280.000,q_convergence,0.6274525459117547
280.000,update_residual,0.1575427547137553
280.000,investigation_deferred,0
280.000,nav_aborted,0
280.000,nav_canceled,0
280.000,nav_rejected,0
280.000,run_seed,2
281.000,anomalies_detected,2
281.000,anomalies_unique,0
281.000,investigation_timeouts,0
281.000,mission_duration_s,235.90800000000002
281.000,distance_traveled_m,57.252845104848504
281.000,route_deviations,3
281.000,investigation_time_s,22.600000000000023
281.000,hazard_avoidances,1
281.000,min_hazard_distance_m,5.127701116770095
281.000,collisions,0
281.000,time_below_clearance_s,0.0
281.000,safety_zone_violations,0
281.000,min_ttc_s,18.46718749852059
281.000,avoid_success,1
281.000,avoid_timeout,0
281.000,q_convergence,0.4246697510830347
281.000,update_residual,0.13726447523088334
281.000,investigation_deferred,0
281.000,nav_aborted,0
281.000,nav_canceled,0
281.000,nav_rejected,0
281.000,run_seed,2
282.000,anomalies_detected,2
282.000,anomalies_unique,0
282.000,investigation_timeouts,0
282.000,mission_duration_s,236.90800000000002
282.000,distance_traveled_m,57.25284510485263
282.000,route_deviations,3
282.000,investigation_time_s,23.600000000000023
282.000,hazard_avoidances,1
282.000,min_hazard_distance_m,5.127701116770095
282.000,collisions,0
282.000,time_below_clearance_s,0.0
282.000,safety_zone_violations,0
282.000,min_ttc_s,18.46718749852059
282.000,avoid_success,1
282.000,avoid_timeout,0
282.000,q_convergence,0.2541210470124407
282.000,update_residual,0.10598997980543692
282.000,investigation_deferred,0
282.000,nav_aborted,0
282.000,nav_canceled,0
282.000,nav_rejected,0
282.000,run_seed,2
283.000,anomalies_detected,2
283.000,anomalies_unique,0
283.000,investigation_timeouts,0
283.000,mission_duration_s,237.90800000000002
283.000,distance_traveled_m,57.2528451048536
283.000,route_deviations,3
283.000,investigation_time_s,24.400000000000034
283.000,hazard_avoidances,1
283.000,min_hazard_distance_m,5.127701116770095
283.000,collisions,0
283.000,time_below_clearance_s,0.0
283.000,safety_zone_violations,0
283.000,min_ttc_s,18.46718749852059
283.000,avoid_success,1
283.000,avoid_timeout,0
283.000,q_convergence,0.11533034343503713
283.000,update_residual,0.0921109094476966
283.000,investigation_deferred,0
283.000,nav_aborted,0
283.000,nav_canceled,0
283.000,nav_rejected,0
283.000,run_seed,2
284.000,anomalies_detected,2
284.000,anomalies_unique,1
284.000,investigation_timeouts,0
284.000,mission_duration_s,238.90800000000002
284.000,distance_traveled_m,57.32300123706675
284.000,route_deviations,3
284.000,investigation_time_s,24.400000000000034
284.000,hazard_avoidances,1
284.000,min_hazard_distance_m,5.127701116770095
284.000,collisions,0
284.000,time_below_clearance_s,0.0
284.000,safety_zone_violations,0
284.000,min_ttc_s,18.46718749852059
284.000,avoid_success,1
284.000,avoid_timeout,0
284.000,q_convergence,0.024128562871844523
284.000,update_residual,0.06874415673839508
284.000,investigation_deferred,0
284.000,nav_aborted,0
284.000,nav_canceled,0
284.000,nav_rejected,0
284.000,run_seed,2
285.000,anomalies_detected,2
285.000,anomalies_unique,1
285.000,investigation_timeouts,0
285.000,mission_duration_s,239.90800000000002
285.000,distance_traveled_m,57.455003042390864
285.000,route_deviations,3
285.000,investigation_time_s,24.400000000000034
285.000,hazard_avoidances,1
285.000,min_hazard_distance_m,5.127701116770095
285.000,collisions,0
285.000,time_below_clearance_s,0.0
285.000,safety_zone_violations,0
285.000,min_ttc_s,18.46718749852059
285.000,avoid_success,1
285.000,avoid_timeout,0
285.000,q_convergence,0.08602407652637467
285.000,update_residual,0.05988878618592646
285.000,investigation_deferred,0
285.000,nav_aborted,0
285.000,nav_canceled,0
285.000,nav_rejected,0
285.000,run_seed,2
286.000,anomalies_detected,2
286.000,anomalies_unique,1
286.000,investigation_timeouts,0
286.000,mission_duration_s,240.90800000000002
286.000,distance_traveled_m,57.717081219784404
286.000,route_deviations,3
286.000,investigation_time_s,24.400000000000034
286.000,hazard_avoidances,1
286.000,min_hazard_distance_m,5.127701116770095
286.000,collisions,0
286.000,time_below_clearance_s,0.0
286.000,safety_zone_violations,0
286.000,min_ttc_s,18.46718749852059
286.000,avoid_success,1
286.000,avoid_timeout,0
286.000,q_convergence,0.15646715245564227
286.000,update_residual,0.042570799517215104
286.000,investigation_deferred,0
286.000,nav_aborted,0
286.000,nav_canceled,0
286.000,nav_rejected,0
286.000,run_seed,2
287.000,anomalies_detected,2
287.000,anomalies_unique,1
287.000,investigation_timeouts,0
287.000,mission_duration_s,241.90800000000002
287.000,distance_traveled_m,57.97916117498942
287.000,route_deviations,3
287.000,investigation_time_s,24.400000000000034
287.000,hazard_avoidances,1
287.000,min_hazard_distance_m,5.127701116770095
287.000,collisions,0
287.000,time_below_clearance_s,0.0
287.000,safety_zone_violations,0
287.000,min_ttc_s,18.46718749852059
287.000,avoid_success,1
287.000,avoid_timeout,0
287.000,q_convergence,0.2122123391958683
287.000,update_residual,0.0369962808431925
287.000,investigation_deferred,0
287.000,nav_aborted,0
287.000,nav_canceled,0
287.000,nav_rejected,0
287.000,run_seed,2
288.000,anomalies_detected,2
288.000,anomalies_unique,1
288.000,investigation_timeouts,0
288.000,mission_duration_s,242.90800000000002
288.000,distance_traveled_m,58.231881165401326
288.000,route_deviations,3
288.000,investigation_time_s,24.400000000000034
288.000,hazard_avoidances,1
288.000,min_hazard_distance_m,5.127701116770095
288.000,collisions,0
288.000,time_below_clearance_s,0.0
288.000,safety_zone_violations,0
288.000,min_ttc_s,18.46718749852059
288.000,avoid_success,1
288.000,avoid_timeout,0
288.000,q_convergence,1.2895418633091158
288.000,update_residual,0.13915415681682272
288.000,investigation_deferred,0
288.000,nav_aborted,0
288.000,nav_canceled,0
288.000,nav_rejected,0
288.000,run_seed,2
289.000,anomalies_detected,2
289.000,anomalies_unique,1
289.000,investigation_timeouts,0
289.000,mission_duration_s,243.90800000000002
289.000,distance_traveled_m,58.493961138186975
289.000,route_deviations,3
289.000,investigation_time_s,24.400000000000034
289.000,hazard_avoidances,1
289.000,min_hazard_distance_m,5.127701116770095
289.000,collisions,0
289.000,time_below_clearance_s,0.0
289.000,safety_zone_violations,0
289.000,min_ttc_s,18.46718749852059
289.000,avoid_success,1
289.000,avoid_timeout,0
289.000,q_convergence,0.863067569565782
289.000,update_residual,0.12836891137268625
289.000,investigation_deferred,0
289.000,nav_aborted,0
289.000,nav_canceled,0
289.000,nav_rejected,0
289.000,run_seed,2
290.000,anomalies_detected,2
290.000,anomalies_unique,1
290.000,investigation_timeouts,0
290.000,mission_duration_s,244.90800000000002
290.000,distance_traveled_m,58.75604112131036
290.000,route_deviations,3
290.000,investigation_time_s,24.400000000000034
290.000,hazard_avoidances,1
290.000,min_hazard_distance_m,5.127701116770095
290.000,collisions,0
290.000,time_below_clearance_s,0.0
290.000,safety_zone_violations,0
290.000,min_ttc_s,18.46718749852059
290.000,avoid_success,1
290.000,avoid_timeout,0
290.000,q_convergence,0.6978361905374656
290.000,update_residual,0.11184577346985461
290.000,investigation_deferred,0
290.000,nav_aborted,0
290.000,nav_canceled,0
290.000,nav_rejected,0
290.000,run_seed,2
291.000,anomalies_detected,2
291.000,anomalies_unique,1
291.000,investigation_timeouts,0
291.000,mission_duration_s,245.90800000000002
291.000,distance_traveled_m,59.01812110255511
291.000,route_deviations,3
291.000,investigation_time_s,24.400000000000034
291.000,hazard_avoidances,1
291.000,min_hazard_distance_m,5.127701116770095
291.000,collisions,0
291.000,time_below_clearance_s,0.0
291.000,safety_zone_violations,0
291.000,min_ttc_s,18.46718749852059
291.000,avoid_success,1
291.000,avoid_timeout,0
291.000,q_convergence,0.55545737731824
291.000,update_residual,0.09129856898551585
291.000,investigation_deferred,0
291.000,nav_aborted,0
291.000,nav_canceled,0
291.000,nav_rejected,0
291.000,run_seed,2
292.000,anomalies_detected,2
292.000,anomalies_unique,1
292.000,investigation_timeouts,0
292.000,mission_duration_s,246.90800000000002
292.000,distance_traveled_m,59.280201098462356
292.000,route_deviations,3
292.000,investigation_time_s,24.400000000000034
292.000,hazard_avoidances,1
292.000,min_hazard_distance_m,5.127701116770095
292.000,collisions,0
292.000,time_below_clearance_s,0.0
292.000,safety_zone_violations,0
292.000,min_ttc_s,18.46718749852059
292.000,avoid_success,1
292.000,avoid_timeout,0
292.000,q_convergence,1.0877180415017789
292.000,update_residual,0.13699100310398468
292.000,investigation_deferred,0
292.000,nav_aborted,0
292.000,nav_canceled,0
292.000,nav_rejected,0
292.000,run_seed,2
293.000,anomalies_detected,2
293.000,anomalies_unique,1
293.000,investigation_timeouts,0
293.000,mission_duration_s,247.90800000000002
293.000,distance_traveled_m,59.53292109553339
293.000,route_deviations,3
293.000,investigation_time_s,24.400000000000034
293.000,hazard_avoidances,1
293.000,min_hazard_distance_m,5.127701116770095
293.000,collisions,0
293.000,time_below_clearance_s,0.0
293.000,safety_zone_violations,0
293.000,min_ttc_s,18.46718749852059
293.000,avoid_success,1
293.000,avoid_timeout,0
293.000,q_convergence,0.9575004100672396
293.000,update_residual,0.12396923996053079
293.000,investigation_deferred,0
293.000,nav_aborted,0
293.000,nav_canceled,0
293.000,nav_rejected,0
293.000,run_seed,2
294.000,anomalies_detected,2
294.000,anomalies_unique,1
294.000,investigation_timeouts,0
294.000,mission_duration_s,248.90800000000002
294.000,distance_traveled_m,59.79500109431985
294.000,route_deviations,3
294.000,investigation_time_s,24.400000000000034
294.000,hazard_avoidances,1
294.000,min_hazard_distance_m,5.127701116770095
294.000,collisions,0
294.000,time_below_clearance_s,0.0
294.000,safety_zone_violations,0
294.000,min_ttc_s,18.46718749852059
294.000,avoid_success,1
294.000,avoid_timeout,0
294.000,q_convergence,0.8972488879907041
294.000,update_residual,0.11555630937986282
294.000,investigation_deferred,0
294.000,nav_aborted,0
294.000,nav_canceled,0
294.000,nav_rejected,0
294.000,run_seed,2
295.000,anomalies_detected,2
295.000,anomalies_unique,1
295.000,investigation_timeouts,0
295.000,mission_duration_s,249.90800000000002
295.000,distance_traveled_m,60.057081073887396
295.000,route_deviations,3
295.000,investigation_time_s,24.400000000000034
295.000,hazard_avoidances,1
295.000,min_hazard_distance_m,5.127701116770095
295.000,collisions,0
295.000,time_below_clearance_s,0.0
295.000,safety_zone_violations,0
295.000,min_ttc_s,18.46718749852059
295.000,avoid_success,1
295.000,avoid_timeout,0
295.000,q_convergence,0.7485093828403931
295.000,update_residual,0.10068235886483168
295.000,investigation_deferred,0
295.000,nav_aborted,0
295.000,nav_canceled,0
295.000,nav_rejected,0
295.000,run_seed,2
296.000,anomalies_detected,2
296.000,anomalies_unique,1
296.000,investigation_timeouts,0
296.000,mission_duration_s,250.90800000000002
296.000,distance_traveled_m,60.31916106673928
296.000,route_deviations,3
296.000,investigation_time_s,24.400000000000034
296.000,hazard_avoidances,1
296.000,min_hazard_distance_m,5.127701116770095
296.000,collisions,0
296.000,time_below_clearance_s,0.0
296.000,safety_zone_violations,0
296.000,min_ttc_s,18.46718749852059
296.000,avoid_success,1
296.000,avoid_timeout,0
296.000,q_convergence,0.6191744042008709
296.000,update_residual,0.08387414791376059
296.000,investigation_deferred,0
296.000,nav_aborted,0
296.000,nav_canceled,0
296.000,nav_rejected,0
296.000,run_seed,2
297.000,anomalies_detected,2
297.000,anomalies_unique,1
297.000,investigation_timeouts,0
297.000,mission_duration_s,251.90800000000002
297.000,distance_traveled_m,60.571881058806525
297.000,route_deviations,3
297.000,investigation_time_s,24.400000000000034
297.000,hazard_avoidances,1
297.000,min_hazard_distance_m,5.127701116770095
297.000,collisions,0
297.000,time_below_clearance_s,0.0
297.000,safety_zone_violations,0
297.000,min_ttc_s,18.46718749852059
297.000,avoid_success,1
297.000,avoid_timeout,0
297.000,q_convergence,0.5114734411579579
297.000,update_residual,0.06981054548541828
297.000,investigation_deferred,0
297.000,nav_aborted,0
297.000,nav_canceled,0
297.000,nav_rejected,0
297.000,run_seed,2
298.000,anomalies_detected,2
298.000,anomalies_unique,1
298.000,investigation_timeouts,0
298.000,mission_duration_s,252.90800000000002
298.000,distance_traveled_m,60.83396059457173
298.000,route_deviations,3
298.000,investigation_time_s,24.400000000000034
298.000,hazard_avoidances,1
298.000,min_hazard_distance_m,5.127701116770095
298.000,collisions,0
298.000,time_below_clearance_s,0.0
298.000,safety_zone_violations,0
298.000,min_ttc_s,18.46718749852059
298.000,avoid_success,1
298.000,avoid_timeout,0
298.000,q_convergence,1.0595758497808736
298.000,update_residual,0.12048207110252865
298.000,investigation_deferred,0
298.000,nav_aborted,0
298.000,nav_canceled,0
298.000,nav_rejected,0
298.000,run_seed,2
299.000,anomalies_detected,2
299.000,anomalies_unique,1
299.000,investigation_timeouts,0
299.000,mission_duration_s,253.90800000000002
299.000,distance_traveled_m,61.04958501662275
299.000,route_deviations,3
299.000,investigation_time_s,24.400000000000034
299.000,hazard_avoidances,1
299.000,min_hazard_distance_m,5.127701116770095
299.000,collisions,0
299.000,time_below_clearance_s,0.0
299.000,safety_zone_violations,0
299.000,min_ttc_s,18.46718749852059
299.000,avoid_success,1
299.000,avoid_timeout,0
299.000,q_convergence,0.9035653091982476
299.000,update_residual,0.10622025208400387
299.000,investigation_deferred,0
299.000,nav_aborted,0
299.000,nav_canceled,0
299.000,nav_rejected,0
299.000,run_seed,2
300.000,anomalies_detected,2
300.000,anomalies_unique,1
300.000,investigation_timeouts,0
300.000,mission_duration_s,254.90800000000002
300.000,distance_traveled_m,61.093996525421396
300.000,route_deviations,3
300.000,investigation_time_s,24.400000000000034
300.000,hazard_avoidances,1
300.000,min_hazard_distance_m,5.127701116770095
300.000,collisions,0
300.000,time_below_clearance_s,0.0
300.000,safety_zone_violations,0
300.000,min_ttc_s,18.46718749852059
300.000,avoid_success,1
300.000,avoid_timeout,0
300.000,q_convergence,0.7660117945095843
300.000,update_residual,0.09008534244051067
300.000,investigation_deferred,0
300.000,nav_aborted,0
300.000,nav_canceled,0
300.000,nav_rejected,0
300.000,run_seed,2
301.000,anomalies_detected,2
301.000,anomalies_unique,1
301.000,investigation_timeouts,0
301.000,mission_duration_s,255.90800000000002
301.000,distance_traveled_m,61.1436125910907
301.000,route_deviations,3
301.000,investigation_time_s,24.400000000000034
301.000,hazard_avoidances,1
301.000,min_hazard_distance_m,5.127701116770095
301.000,collisions,0
301.000,time_below_clearance_s,0.0
301.000,safety_zone_violations,0
301.000,min_ttc_s,18.46718749852059
301.000,avoid_success,1
301.000,avoid_timeout,0
301.000,q_convergence,0.6493556521396122
301.000,update_residual,0.07639710375508064
301.000,investigation_deferred,0
301.000,nav_aborted,0
301.000,nav_canceled,0
301.000,nav_rejected,0
301.000,run_seed,2
302.000,anomalies_detected,2
302.000,anomalies_unique,1
302.000,investigation_timeouts,0
302.000,mission_duration_s,256.908
302.000,distance_traveled_m,61.27142000453645
302.000,route_deviations,3
302.000,investigation_time_s,24.400000000000034
302.000,hazard_avoidances,1
302.000,min_hazard_distance_m,5.127701116770095
302.000,collisions,0
302.000,time_below_clearance_s,0.0
302.000,safety_zone_violations,0
302.000,min_ttc_s,18.46718749852059
302.000,avoid_success,1
302.000,avoid_timeout,0
302.000,q_convergence,0.5493159332821543
302.000,update_residual,0.06639313186933486
302.000,investigation_deferred,0
302.000,nav_aborted,0
302.000,nav_canceled,0
302.000,nav_rejected,0
302.000,run_seed,2
303.000,anomalies_detected,2
303.000,anomalies_unique,1
303.000,investigation_timeouts,0
303.000,mission_duration_s,257.908
303.000,distance_traveled_m,61.35289256882211
303.000,route_deviations,3
303.000,investigation_time_s,24.400000000000034
303.000,hazard_avoidances,1
303.000,min_hazard_distance_m,5.127701116770095
303.000,collisions,0
303.000,time_below_clearance_s,0.0
303.000,safety_zone_violations,0
303.000,min_ttc_s,18.46718749852059
303.000,avoid_success,1
303.000,avoid_timeout,0
303.000,q_convergence,0.46486303474157675
303.000,update_residual,0.05622861123410917
303.000,investigation_deferred,0
303.000,nav_aborted,0
303.000,nav_canceled,0
303.000,nav_rejected,0
303.000,run_seed,2
304.000,anomalies_detected,2
304.000,anomalies_unique,1
304.000,investigation_timeouts,0
304.000,mission_duration_s,258.908
304.000,distance_traveled_m,61.53559962088985
304.000,route_deviations,3
304.000,investigation_time_s,24.400000000000034
304.000,hazard_avoidances,1
304.000,min_hazard_distance_m,5.127701116770095
304.000,collisions,0
304.000,time_below_clearance_s,0.0
304.000,safety_zone_violations,0
304.000,min_ttc_s,18.46718749852059
304.000,avoid_success,1
304.000,avoid_timeout,0
304.000,q_convergence,0.39248779313743415
304.000,update_residual,0.04899108707369492
304.000,investigation_deferred,0
304.000,nav_aborted,0
304.000,nav_canceled,0
304.000,nav_rejected,0
304.000,run_seed,2
305.000,anomalies_detected,2
305.000,anomalies_unique,1
305.000,investigation_timeouts,0
305.000,mission_duration_s,259.908
305.000,distance_traveled_m,61.79767894318659
305.000,route_deviations,3
305.000,investigation_time_s,24.400000000000034
305.000,hazard_avoidances,1
305.000,min_hazard_distance_m,5.127701116770095
305.000,collisions,0
305.000,time_below_clearance_s,0.0
305.000,safety_zone_violations,0
305.000,min_ttc_s,18.46718749852059
305.000,avoid_success,1
305.000,avoid_timeout,0
305.000,q_convergence,0.32928040075838233
305.000,update_residual,0.041209001671796995
305.000,investigation_deferred,0
305.000,nav_aborted,0
305.000,nav_canceled,0
305.000,nav_rejected,0
305.000,run_seed,2
306.000,anomalies_detected,2
306.000,anomalies_unique,1
306.000,investigation_timeouts,0
306.000,mission_duration_s,260.908
306.000,distance_traveled_m,62.05039893553396
306.000,route_deviations,3
306.000,investigation_time_s,24.400000000000034
306.000,hazard_avoidances,1
306.000,min_hazard_distance_m,5.127701116770095
306.000,collisions,0
306.000,time_below_clearance_s,0.0
306.000,safety_zone_violations,0
306.000,min_ttc_s,18.46718749852059
306.000,avoid_success,1
306.000,avoid_timeout,0
306.000,q_convergence,0.2761216708081608
306.000,update_residual,0.03465098443738102
306.000,investigation_deferred,0
306.000,nav_aborted,0
306.000,nav_canceled,0
306.000,nav_rejected,0
306.000,run_seed,2
307.000,anomalies_detected,2
307.000,anomalies_unique,1
307.000,investigation_timeouts,0
307.000,mission_duration_s,261.908
307.000,distance_traveled_m,62.31247889127553
307.000,route_deviations,3
307.000,investigation_time_s,24.400000000000034
307.000,hazard_avoidances,1
307.000,min_hazard_distance_m,5.127701116770095
307.000,collisions,0
307.000,time_below_clearance_s,0.0
307.000,safety_zone_violations,0
307.000,min_ttc_s,18.46718749852059
307.000,avoid_success,1
307.000,avoid_timeout,0
307.000,q_convergence,0.23214406943971486
307.000,update_residual,0.029197401697051702
307.000,investigation_deferred,0
307.000,nav_aborted,0
307.000,nav_canceled,0
307.000,nav_rejected,0
307.000,run_seed,2
308.000,anomalies_detected,2
308.000,anomalies_unique,1
308.000,investigation_timeouts,0
308.000,mission_duration_s,262.908
308.000,distance_traveled_m,62.57455888732869
308.000,route_deviations,3
308.000,investigation_time_s,24.400000000000034
308.000,hazard_avoidances,1
308.000,min_hazard_distance_m,5.127701116770095
308.000,collisions,0
308.000,time_below_clearance_s,0.0
308.000,safety_zone_violations,0
308.000,min_ttc_s,18.46718749852059
308.000,avoid_success,1
308.000,avoid_timeout,0
308.000,q_convergence,1.3272307335238165
308.000,update_residual,0.13801943307120637
308.000,investigation_deferred,0
308.000,nav_aborted,0
308.000,nav_canceled,0
308.000,nav_rejected,0
308.000,run_seed,2
309.000,anomalies_detected,2
309.000,anomalies_unique,1
309.000,investigation_timeouts,0
309.000,mission_duration_s,263.908
309.000,distance_traveled_m,62.836638881209
309.000,route_deviations,3
309.000,investigation_time_s,24.400000000000034
309.000,hazard_avoidances,1
309.000,min_hazard_distance_m,5.127701116770095
309.000,collisions,0
309.000,time_below_clearance_s,0.0
309.000,safety_zone_violations,0
309.000,min_ttc_s,18.46718749852059
309.000,avoid_success,1
309.000,avoid_timeout,0
309.000,q_convergence,0.8741780892997645
309.000,update_residual,0.09250335447009463
309.000,investigation_deferred,0
309.000,nav_aborted,0
309.000,nav_canceled,0
309.000,nav_rejected,0
309.000,run_seed,2
310.000,anomalies_detected,2
310.000,anomalies_unique,1
310.000,investigation_timeouts,0
310.000,mission_duration_s,264.908
310.000,distance_traveled_m,63.09871885054985
310.000,route_deviations,3
310.000,investigation_time_s,24.400000000000034
310.000,hazard_avoidances,1
310.000,min_hazard_distance_m,5.127701116770095
310.000,collisions,0
310.000,time_below_clearance_s,0.0
310.000,safety_zone_violations,0
310.000,min_ttc_s,18.46718749852059
310.000,avoid_success,1
310.000,avoid_timeout,0
310.000,q_convergence,0.7530477176010256
310.000,update_residual,0.08039031730022077
310.000,investigation_deferred,0
310.000,nav_aborted,0
310.000,nav_canceled,0
310.000,nav_rejected,0
310.000,run_seed,2
311.000,anomalies_detected,2
311.000,anomalies_unique,1
311.000,investigation_timeouts,0
311.000,mission_duration_s,265.908
311.000,distance_traveled_m,63.35143876789628
311.000,route_deviations,3
311.000,investigation_time_s,24.400000000000034
311.000,hazard_avoidances,1
311.000,min_hazard_distance_m,5.127701116770095
311.000,collisions,0
311.000,time_below_clearance_s,0.0
311.000,safety_zone_violations,0
311.000,min_ttc_s,18.46718749852059
311.000,avoid_success,1
311.000,avoid_timeout,0
311.000,q_convergence,0.648272284736725
311.000,update_residual,0.06914994218277296
311.000,investigation_deferred,0
311.000,nav_aborted,0
311.000,nav_canceled,0
311.000,nav_rejected,0
311.000,run_seed,2
312.000,anomalies_detected,2
312.000,anomalies_unique,1
312.000,investigation_timeouts,0
312.000,mission_duration_s,266.908
312.000,distance_traveled_m,63.613518733172214
312.000,route_deviations,3
312.000,investigation_time_s,24.400000000000034
312.000,hazard_avoidances,1
312.000,min_hazard_distance_m,5.127701116770095
312.000,collisions,0
312.000,time_below_clearance_s,0.0
312.000,safety_zone_violations,0
312.000,min_ttc_s,18.46718749852059
312.000,avoid_success,1
312.000,avoid_timeout,0
312.000,q_convergence,0.9033449775384247
312.000,update_residual,0.09373663354341229
312.000,investigation_deferred,0
312.000,nav_aborted,0
312.000,nav_canceled,0
312.000,nav_rejected,0
312.000,run_seed,2
313.000,anomalies_detected,3
313.000,anomalies_unique,1
313.000,investigation_timeouts,0
313.000,mission_duration_s,267.908
313.000,distance_traveled_m,63.875596917589014
313.000,route_deviations,4
313.000,investigation_time_s,25.200000000000045
313.000,hazard_avoidances,1
313.000,min_hazard_distance_m,5.127701116770095
313.000,collisions,0
313.000,time_below_clearance_s,0.0
313.000,safety_zone_violations,0
313.000,min_ttc_s,18.46718749852059
313.000,avoid_success,1
313.000,avoid_timeout,0
313.000,q_convergence,0.7582076168845242
313.000,update_residual,0.3594693751091201
313.000,investigation_deferred,0
313.000,nav_aborted,0
313.000,nav_canceled,0
313.000,nav_rejected,0
313.000,run_seed,2
314.000,anomalies_detected,3
314.000,anomalies_unique,1
314.000,investigation_timeouts,0
314.000,mission_duration_s,268.908
314.000,distance_traveled_m,64.13767530425996
314.000,route_deviations,4
314.000,investigation_time_s,26.200000000000045
314.000,hazard_avoidances,1
314.000,min_hazard_distance_m,5.127701116770095
314.000,collisions,0
314.000,time_below_clearance_s,0.0
314.000,safety_zone_violations,0
314.000,min_ttc_s,18.46718749852059
314.000,avoid_success,1
314.000,avoid_timeout,0
314.000,q_convergence,1.0702938988600013
314.000,update_residual,0.3309091883358843
314.000,investigation_deferred,0
314.000,nav_aborted,0
314.000,nav_canceled,0
314.000,nav_rejected,0
314.000,run_seed,2
315.000,anomalies_detected,3
315.000,anomalies_unique,1
315.000,investigation_timeouts,0
315.000,mission_duration_s,269.908
315.000,distance_traveled_m,64.3903952880364
315.000,route_deviations,4
315.000,investigation_time_s,27.200000000000045
315.000,hazard_avoidances,1
315.000,min_hazard_distance_m,5.127701116770095
315.000,collisions,0
315.000,time_below_clearance_s,0.0
315.000,safety_zone_violations,0
315.000,min_ttc_s,18.46718749852059
315.000,avoid_success,1
315.000,avoid_timeout,0
315.000,q_convergence,1.0535761294296522
315.000,update_residual,0.29565544162536667
315.000,investigation_deferred,0
315.000,nav_aborted,0
315.000,nav_canceled,0
315.000,nav_rejected,0
315.000,run_seed,2
316.000,anomalies_detected,3
316.000,anomalies_unique,1
316.000,investigation_timeouts,0
316.000,mission_duration_s,270.908
316.000,distance_traveled_m,64.652475281274
316.000,route_deviations,4
316.000,investigation_time_s,28.200000000000045
316.000,hazard_avoidances,1
316.000,min_hazard_distance_m,5.127701116770095
316.000,collisions,0
316.000,time_below_clearance_s,0.0
316.000,safety_zone_violations,0
316.000,min_ttc_s,18.46718749852059
316.000,avoid_success,1
316.000,avoid_timeout,0
316.000,q_convergence,0.46706780098659606
316.000,update_residual,0.22090248481562713
316.000,investigation_deferred,0
316.000,nav_aborted,0
316.000,nav_canceled,0
316.000,nav_rejected,0
316.000,run_seed,2
317.000,anomalies_detected,3
317.000,anomalies_unique,1
317.000,investigation_timeouts,0
317.000,mission_duration_s,271.908
317.000,distance_traveled_m,64.91455527598175
317.000,route_deviations,4
317.000,investigation_time_s,29.200000000000045
317.000,hazard_avoidances,1
317.000,min_hazard_distance_m,5.127701116770095
317.000,collisions,0
317.000,time_below_clearance_s,0.0
317.000,safety_zone_violations,0
317.000,min_ttc_s,18.46718749852059
317.000,avoid_success,1
317.000,avoid_timeout,0
317.000,q_convergence,0.18273087075510647
317.000,update_residual,0.19246879179247814
317.000,investigation_deferred,0
317.000,nav_aborted,0
317.000,nav_canceled,0
317.000,nav_rejected,0
317.000,run_seed,2
318.000,anomalies_detected,3
318.000,anomalies_unique,1
318.000,investigation_timeouts,0
318.000,mission_duration_s,272.908
318.000,distance_traveled_m,65.17663526353753
318.000,route_deviations,4
318.000,investigation_time_s,30.200000000000045
318.000,hazard_avoidances,1
318.000,min_hazard_distance_m,5.127701116770095
318.000,collisions,0
318.000,time_below_clearance_s,0.0
318.000,safety_zone_violations,0
318.000,min_ttc_s,18.46718749852059
318.000,avoid_success,1
318.000,avoid_timeout,0
318.000,q_convergence,0.06421609071197347
318.000,update_residual,0.142825859640263
318.000,investigation_deferred,0
318.000,nav_aborted,0
318.000,nav_canceled,0
318.000,nav_rejected,0
318.000,run_seed,2
319.000,anomalies_detected,3
319.000,anomalies_unique,1
319.000,investigation_timeouts,0
319.000,mission_duration_s,273.908
319.000,distance_traveled_m,65.43871523982375
319.000,route_deviations,4
319.000,investigation_time_s,31.200000000000045
319.000,hazard_avoidances,1
319.000,min_hazard_distance_m,5.127701116770095
319.000,collisions,0
319.000,time_below_clearance_s,0.0
319.000,safety_zone_violations,0
319.000,min_ttc_s,18.46718749852059
319.000,avoid_success,1
319.000,avoid_timeout,0
319.000,q_convergence,1.4979323452597681
319.000,update_residual,0.25815711518948
319.000,investigation_deferred,0
319.000,nav_aborted,0
319.000,nav_canceled,0
319.000,nav_rejected,0
319.000,run_seed,2
320.000,anomalies_detected,3
320.000,anomalies_unique,1
320.000,investigation_timeouts,0
320.000,mission_duration_s,274.908
320.000,distance_traveled_m,65.69143523203762
320.000,route_deviations,4
320.000,investigation_time_s,32.200000000000045
320.000,hazard_avoidances,1
320.000,min_hazard_distance_m,5.127701116770095
320.000,collisions,0
320.000,time_below_clearance_s,0.0
320.000,safety_zone_violations,0
320.000,min_ttc_s,18.46718749852059
320.000,avoid_success,1
320.000,avoid_timeout,0
320.000,q_convergence,0.9727264898751857
320.000,update_residual,0.21413930302709838
320.000,investigation_deferred,0
320.000,nav_aborted,0
320.000,nav_canceled,0
320.000,nav_rejected,0
320.000,run_seed,2
321.000,anomalies_detected,3
321.000,anomalies_unique,1
321.000,investigation_timeouts,0
321.000,mission_duration_s,275.908
321.000,distance_traveled_m,65.95351521370907
321.000,route_deviations,4
321.000,investigation_time_s,33.200000000000045
321.000,hazard_avoidances,1
321.000,min_hazard_distance_m,5.127701116770095
321.000,collisions,0
321.000,time_below_clearance_s,0.0
321.000,safety_zone_violations,0
321.000,min_ttc_s,18.46718749852059
321.000,avoid_success,1
321.000,avoid_timeout,0
321.000,q_convergence,0.9958283646000813
321.000,update_residual,0.19863648197788564
321.000,investigation_deferred,0
321.000,nav_aborted,0
321.000,nav_canceled,0
321.000,nav_rejected,0
321.000,run_seed,2
322.000,anomalies_detected,3
322.000,anomalies_unique,1
322.000,investigation_timeouts,0
322.000,mission_duration_s,276.908
322.000,distance_traveled_m,66.06178646224299
322.000,route_deviations,4
322.000,investigation_time_s,34.200000000000045
322.000,hazard_avoidances,1
322.000,min_hazard_distance_m,5.127701116770095
322.000,collisions,0
322.000,time_below_clearance_s,0.0
322.000,safety_zone_violations,0
322.000,min_ttc_s,18.46718749852059
322.000,avoid_success,1
322.000,avoid_timeout,0
322.000,q_convergence,0.6399817308513513
322.000,update_residual,0.15492941967054666
322.000,investigation_deferred,0
322.000,nav_aborted,0
322.000,nav_canceled,0
322.000,nav_rejected,0
322.000,run_seed,2
323.000,anomalies_detected,3
323.000,anomalies_unique,1
323.000,investigation_timeouts,0
323.000,mission_duration_s,277.908
323.000,distance_traveled_m,66.0617864622725
323.000,route_deviations,4
323.000,investigation_time_s,35.200000000000045
323.000,hazard_avoidances,1
323.000,min_hazard_distance_m,5.127701116770095
323.000,collisions,0
323.000,time_below_clearance_s,0.0
323.000,safety_zone_violations,0
323.000,min_ttc_s,18.46718749852059
323.000,avoid_success,1
323.000,avoid_timeout,0
323.000,q_convergence,0.44592629859790034
323.000,update_residual,0.12188418945738978
323.000,investigation_deferred,0
323.000,nav_aborted,0
323.000,nav_canceled,0
323.000,nav_rejected,0
323.000,run_seed,2
324.000,anomalies_detected,3
324.000,anomalies_unique,1
324.000,investigation_timeouts,0
324.000,mission_duration_s,278.908
324.000,distance_traveled_m,66.06178646227292
324.000,route_deviations,4
324.000,investigation_time_s,36.200000000000045
324.000,hazard_avoidances,1
324.000,min_hazard_distance_m,5.127701116770095
324.000,collisions,0
324.000,time_below_clearance_s,0.0
324.000,safety_zone_violations,0
324.000,min_ttc_s,18.46718749852059
324.000,avoid_success,1
324.000,avoid_timeout,0
324.000,q_convergence,0.28632260359950845
324.000,update_residual,0.10592381995755062
324.000,investigation_deferred,0
324.000,nav_aborted,0
324.000,nav_canceled,0
324.000,nav_rejected,0
324.000,run_seed,2
325.000,anomalies_detected,3
325.000,anomalies_unique,2
325.000,investigation_timeouts,0
325.000,mission_duration_s,279.908
325.000,distance_traveled_m,66.06178646227292
325.000,route_deviations,4
325.000,investigation_time_s,36.60000000000002
325.000,hazard_avoidances,1
325.000,min_hazard_distance_m,5.127701116770095
325.000,collisions,0
325.000,time_below_clearance_s,0.0
325.000,safety_zone_violations,0
325.000,min_ttc_s,18.46718749852059
325.000,avoid_success,1
325.000,avoid_timeout,0
325.000,q_convergence,0.15710655457736125
325.000,update_residual,0.08140848111569594
325.000,investigation_deferred,0
325.000,nav_aborted,0
325.000,nav_canceled,0
325.000,nav_rejected,0
325.000,run_seed,2
326.000,anomalies_detected,3
326.000,anomalies_unique,2
326.000,investigation_timeouts,0
326.000,mission_duration_s,280.908
326.000,distance_traveled_m,66.19573022366616
326.000,route_deviations,4
326.000,investigation_time_s,36.60000000000002
326.000,hazard_avoidances,1
326.000,min_hazard_distance_m,5.127701116770095
326.000,collisions,0
326.000,time_below_clearance_s,0.0
326.000,safety_zone_violations,0
326.000,min_ttc_s,18.46718749852059
326.000,avoid_success,1
326.000,avoid_timeout,0
326.000,q_convergence,0.05869323295776204
326.000,update_residual,0.06171247510504204
326.000,investigation_deferred,0
326.000,nav_aborted,0
326.000,nav_canceled,0
326.000,nav_rejected,0
326.000,run_seed,2
327.000,anomalies_detected,3
327.000,anomalies_unique,2
327.000,investigation_timeouts,0
327.000,mission_duration_s,281.908
327.000,distance_traveled_m,66.45780928883744
327.000,route_deviations,4
327.000,investigation_time_s,36.60000000000002
327.000,hazard_avoidances,1
327.000,min_hazard_distance_m,5.127701116770095
327.000,collisions,0
327.000,time_below_clearance_s,0.0
327.000,safety_zone_violations,0
327.000,min_ttc_s,18.46718749852059
327.000,avoid_success,1
327.000,avoid_timeout,0
327.000,q_convergence,0.923600622799639
327.000,update_residual,0.1347380052899144
327.000,investigation_deferred,0
327.000,nav_aborted,0
327.000,nav_canceled,0
327.000,nav_rejected,0
327.000,run_seed,2
328.000,anomalies_detected,3
328.000,anomalies_unique,2
328.000,investigation_timeouts,0
328.000,mission_duration_s,282.908
328.000,distance_traveled_m,66.71988927481586
328.000,route_deviations,4
328.000,investigation_time_s,36.60000000000002
328.000,hazard_avoidances,1
328.000,min_hazard_distance_m,5.127701116770095
328.000,collisions,0
328.000,time_below_clearance_s,0.0
328.000,safety_zone_violations,0
328.000,min_ttc_s,18.46718749852059
328.000,avoid_success,1
328.000,avoid_timeout,0
328.000,q_convergence,0.8637763207225342
328.000,update_residual,0.13384431111012937
328.000,investigation_deferred,0
328.000,nav_aborted,0
328.000,nav_canceled,0
328.000,nav_rejected,0
328.000,run_seed,2
329.000,anomalies_detected,3
329.000,anomalies_unique,2
329.000,investigation_timeouts,0
329.000,mission_duration_s,283.908
329.000,distance_traveled_m,66.97260923703597
329.000,route_deviations,4
329.000,investigation_time_s,36.60000000000002
329.000,hazard_avoidances,1
329.000,min_hazard_distance_m,5.127701116770095
329.000,collisions,0
329.000,time_below_clearance_s,0.0
329.000,safety_zone_violations,0
329.000,min_ttc_s,18.46718749852059
329.000,avoid_success,1
329.000,avoid_timeout,0
329.000,q_convergence,0.6931153007680033
329.000,update_residual,0.1096582072589949
329.000,investigation_deferred,0
329.000,nav_aborted,0
329.000,nav_canceled,0
329.000,nav_rejected,0
329.000,run_seed,2
330.000,anomalies_detected,3
330.000,anomalies_unique,2
330.000,investigation_timeouts,0
330.000,mission_duration_s,284.908
330.000,distance_traveled_m,67.23468919813514
330.000,route_deviations,4
330.000,investigation_time_s,36.60000000000002
330.000,hazard_avoidances,1
330.000,min_hazard_distance_m,5.127701116770095
330.000,collisions,0
330.000,time_below_clearance_s,0.0
330.000,safety_zone_violations,0
330.000,min_ttc_s,18.46718749852059
330.000,avoid_success,1
330.000,avoid_timeout,0
330.000,q_convergence,1.1282905455170418
330.000,update_residual,0.1445833838154684
330.000,investigation_deferred,0
330.000,nav_aborted,0
330.000,nav_canceled,0
330.000,nav_rejected,0
330.000,run_seed,2
331.000,anomalies_detected,3
331.000,anomalies_unique,2
331.000,investigation_timeouts,0
331.000,mission_duration_s,285.908
331.000,distance_traveled_m,67.49676917602392
331.000,route_deviations,4
331.000,investigation_time_s,36.60000000000002
331.000,hazard_avoidances,1
331.000,min_hazard_distance_m,5.127701116770095
331.000,collisions,0
331.000,time_below_clearance_s,0.0
331.000,safety_zone_violations,0
331.000,min_ttc_s,18.46718749852059
331.000,avoid_success,1
331.000,avoid_timeout,0
331.000,q_convergence,0.7685419374146981
331.000,update_residual,0.10600466800560537
331.000,investigation_deferred,0
331.000,nav_aborted,0
331.000,nav_canceled,0
331.000,nav_rejected,0
331.000,run_seed,2
332.000,anomalies_detected,3
332.000,anomalies_unique,2
332.000,investigation_timeouts,0
332.000,mission_duration_s,286.908
332.000,distance_traveled_m,67.7588491694341
332.000,route_deviations,4
332.000,investigation_time_s,36.60000000000002
332.000,hazard_avoidances,1
332.000,min_hazard_distance_m,5.127701116770095
332.000,collisions,0
332.000,time_below_clearance_s,0.0
332.000,safety_zone_violations,0
332.000,min_ttc_s,18.46718749852059
332.000,avoid_success,1
332.000,avoid_timeout,0
332.000,q_convergence,0.6297320000791657
332.000,update_residual,0.09212367427205215
332.000,investigation_deferred,0
332.000,nav_aborted,0
332.000,nav_canceled,0
332.000,nav_rejected,0
332.000,run_seed,2
333.000,anomalies_detected,3
333.000,anomalies_unique,2
333.000,investigation_timeouts,0
333.000,mission_duration_s,287.908
333.000,distance_traveled_m,68.01156915606019
333.000,route_deviations,4
333.000,investigation_time_s,36.60000000000002
333.000,hazard_avoidances,1
333.000,min_hazard_distance_m,5.127701116770095
333.000,collisions,0
333.000,time_below_clearance_s,0.0
333.000,safety_zone_violations,0
333.000,min_ttc_s,18.46718749852059
333.000,avoid_success,1
333.000,avoid_timeout,0
333.000,q_convergence,0.5119262987297226
333.000,update_residual,0.07597053299748747
333.000,investigation_deferred,0
333.000,nav_aborted,0
333.000,nav_canceled,0
333.000,nav_rejected,0
333.000,run_seed,2
334.000,anomalies_detected,3
334.000,anomalies_unique,2
334.000,investigation_timeouts,0
334.000,mission_duration_s,288.908
334.000,distance_traveled_m,68.27364915085303
334.000,route_deviations,4
334.000,investigation_time_s,36.60000000000002
334.000,hazard_avoidances,1
334.000,min_hazard_distance_m,5.127701116770095
334.000,collisions,0
334.000,time_below_clearance_s,0.0
334.000,safety_zone_violations,0
334.000,min_ttc_s,18.46718749852059
334.000,avoid_success,1
334.000,avoid_timeout,0
334.000,q_convergence,1.1492751448805887
334.000,update_residual,0.13787001738112853
334.000,investigation_deferred,0
334.000,nav_aborted,0
334.000,nav_canceled,0
334.000,nav_rejected,0
334.000,run_seed,2
335.000,anomalies_detected,3
335.000,anomalies_unique,2
335.000,investigation_timeouts,0
335.000,mission_duration_s,289.908
335.000,distance_traveled_m,68.53572913600615
335.000,route_deviations,4
335.000,investigation_time_s,36.60000000000002
335.000,hazard_avoidances,1
335.000,min_hazard_distance_m,5.127701116770095
335.000,collisions,0
335.000,time_below_clearance_s,0.0
335.000,safety_zone_violations,0
335.000,min_ttc_s,18.46718749852059
335.000,avoid_success,1
335.000,avoid_timeout,0
335.000,q_convergence,0.8210256429419742
335.000,update_residual,0.10316378195003537
335.000,investigation_deferred,0
335.000,nav_aborted,0
335.000,nav_canceled,0
335.000,nav_rejected,0
335.000,run_seed,2
336.000,anomalies_detected,3
336.000,anomalies_unique,2
336.000,investigation_timeouts,0
336.000,mission_duration_s,290.908
336.000,distance_traveled_m,68.79780913338914
336.000,route_deviations,4
336.000,investigation_time_s,36.60000000000002
336.000,hazard_avoidances,1
336.000,min_hazard_distance_m,5.127701116770095
336.000,collisions,0
336.000,time_below_clearance_s,0.0
336.000,safety_zone_violations,0
336.000,min_ttc_s,18.46718749852059
336.000,avoid_success,1
336.000,avoid_timeout,0
336.000,q_convergence,0.9416503256596959
336.000,update_residual,0.11372187753210487
336.000,investigation_deferred,0
336.000,nav_aborted,0
336.000,nav_canceled,0
336.000,nav_rejected,0
336.000,run_seed,2
337.000,anomalies_detected,3
337.000,anomalies_unique,2
337.000,investigation_timeouts,0
337.000,mission_duration_s,291.908
337.000,distance_traveled_m,69.05988912287049
337.000,route_deviations,4
337.000,investigation_time_s,36.60000000000002
337.000,hazard_avoidances,1
337.000,min_hazard_distance_m,5.127701116770095
337.000,collisions,0
337.000,time_below_clearance_s,0.0
337.000,safety_zone_violations,0
337.000,min_ttc_s,18.46718749852059
337.000,avoid_success,1
337.000,avoid_timeout,0
337.000,q_convergence,0.8957329779853903
337.000,update_residual,0.1074753328060013
337.000,investigation_deferred,0
337.000,nav_aborted,0
337.000,nav_canceled,0
337.000,nav_rejected,0
337.000,run_seed,2
338.000,anomalies_detected,3
338.000,anomalies_unique,2
338.000,investigation_timeouts,0
338.000,mission_duration_s,292.908
338.000,distance_traveled_m,69.31260910619382
338.000,route_deviations,4
338.000,investigation_time_s,36.60000000000002
338.000,hazard_avoidances,1
338.000,min_hazard_distance_m,5.127701116770095
338.000,collisions,0
338.000,time_below_clearance_s,0.0
338.000,safety_zone_violations,0
338.000,min_ttc_s,18.46718749852059
338.000,avoid_success,1
338.000,avoid_timeout,0
338.000,q_convergence,0.9835420555790364
338.000,update_residual,0.11497752377911856
338.000,investigation_deferred,0
338.000,nav_aborted,0
338.000,nav_canceled,0
338.000,nav_rejected,0
338.000,run_seed,2
339.000,anomalies_detected,3
339.000,anomalies_unique,2
339.000,investigation_timeouts,0
339.000,mission_duration_s,293.908
339.000,distance_traveled_m,69.57468908258006
339.000,route_deviations,4
339.000,investigation_time_s,36.60000000000002
339.000,hazard_avoidances,1
339.000,min_hazard_distance_m,5.127701116770095
339.000,collisions,0
339.000,time_below_clearance_s,0.0
339.000,safety_zone_violations,0
339.000,min_ttc_s,18.46718749852059
339.000,avoid_success,1
339.000,avoid_timeout,0
339.000,q_convergence,0.8583983085080581
339.000,update_residual,0.10105656060714872
339.000,investigation_deferred,0
339.000,nav_aborted,0
339.000,nav_canceled,0
339.000,nav_rejected,0
339.000,run_seed,2
340.000,anomalies_detected,3
340.000,anomalies_unique,2
340.000,investigation_timeouts,0
340.000,mission_duration_s,294.908
340.000,distance_traveled_m,69.83676906678201
340.000,route_deviations,4
340.000,investigation_time_s,36.60000000000002
340.000,hazard_avoidances,1
340.000,min_hazard_distance_m,5.127701116770095
340.000,collisions,0
340.000,time_below_clearance_s,0.0
340.000,safety_zone_violations,0
340.000,min_ttc_s,18.46718749852059
340.000,avoid_success,1
340.000,avoid_timeout,0
340.000,q_convergence,0.7283223057561122
340.000,update_residual,0.08804896033195415
340.000,investigation_deferred,0
340.000,nav_aborted,0
340.000,nav_canceled,0
340.000,nav_rejected,0
340.000,run_seed,2
341.000,anomalies_detected,3
341.000,anomalies_unique,2
341.000,investigation_timeouts,0
341.000,mission_duration_s,295.908
341.000,distance_traveled_m,70.0988490499097
341.000,route_deviations,4
341.000,investigation_time_s,36.60000000000002
341.000,hazard_avoidances,1
341.000,min_hazard_distance_m,5.127701116770095
341.000,collisions,0
341.000,time_below_clearance_s,0.0
341.000,safety_zone_violations,0
341.000,min_ttc_s,18.46718749852059
341.000,avoid_success,1
341.000,avoid_timeout,0
341.000,q_convergence,0.6145007974624931
341.000,update_residual,0.0743843000391408
341.000,investigation_deferred,0
341.000,nav_aborted,0
341.000,nav_canceled,0
341.000,nav_rejected,0
341.000,run_seed,2
342.000,anomalies_detected,3
342.000,anomalies_unique,2
342.000,investigation_timeouts,0
342.000,mission_duration_s,296.908
342.000,distance_traveled_m,70.35156902866369
342.000,route_deviations,4
342.000,investigation_time_s,36.60000000000002
342.000,hazard_avoidances,1
342.000,min_hazard_distance_m,5.127701116770095
342.000,collisions,0
342.000,time_below_clearance_s,0.0
342.000,safety_zone_violations,0
342.000,min_ttc_s,18.46718749852059
342.000,avoid_success,1
342.000,avoid_timeout,0
342.000,q_convergence,0.9334965896425975
342.000,update_residual,0.10355845426686336
342.000,investigation_deferred,0
342.000,nav_aborted,0
342.000,nav_canceled,0
342.000,nav_rejected,0
342.000,run_seed,2
343.000,anomalies_detected,3
343.000,anomalies_unique,2
343.000,investigation_timeouts,0
343.000,mission_duration_s,297.908
343.000,distance_traveled_m,70.61364901773507
343.000,route_deviations,4
343.000,investigation_time_s,36.60000000000002
343.000,hazard_avoidances,1
343.000,min_hazard_distance_m,5.127701116770095
343.000,collisions,0
343.000,time_below_clearance_s,0.0
343.000,safety_zone_violations,0
343.000,min_ttc_s,18.46718749852059
343.000,avoid_success,1
343.000,avoid_timeout,0
343.000,q_convergence,0.8999380826060202
343.000,update_residual,0.10098789550955975
343.000,investigation_deferred,0
343.000,nav_aborted,0
343.000,nav_canceled,0
343.000,nav_rejected,0
343.000,run_seed,2
344.000,anomalies_detected,3
344.000,anomalies_unique,2
344.000,investigation_timeouts,0
344.000,mission_duration_s,298.908
344.000,distance_traveled_m,70.87572900301497
344.000,route_deviations,4
344.000,investigation_time_s,36.60000000000002
344.000,hazard_avoidances,1
344.000,min_hazard_distance_m,5.127701116770095
344.000,collisions,0
344.000,time_below_clearance_s,0.0
344.000,safety_zone_violations,0
344.000,min_ttc_s,18.46718749852059
344.000,avoid_success,1
344.000,avoid_timeout,0
344.000,q_convergence,0.771016849522213
344.000,update_residual,0.0864466591138354
344.000,investigation_deferred,0
344.000,nav_aborted,0
344.000,nav_canceled,0
344.000,nav_rejected,0
344.000,run_seed,2
345.000,anomalies_detected,3
345.000,anomalies_unique,2
345.000,investigation_timeouts,0
345.000,mission_duration_s,299.908
345.000,distance_traveled_m,71.13780899807207
345.000,route_deviations,4
345.000,investigation_time_s,36.60000000000002
345.000,hazard_avoidances,1
345.000,min_hazard_distance_m,5.127701116770095
345.000,collisions,0
345.000,time_below_clearance_s,0.0
345.000,safety_zone_violations,0
345.000,min_ttc_s,18.46718749852059
345.000,avoid_success,1
345.000,avoid_timeout,0
345.000,q_convergence,0.9617978551791078
345.000,update_residual,0.10485726152512387
345.000,investigation_deferred,0
345.000,nav_aborted,0
345.000,nav_canceled,0
345.000,nav_rejected,0
345.000,run_seed,2
346.000,anomalies_detected,3
346.000,anomalies_unique,2
346.000,investigation_timeouts,0
346.000,mission_duration_s,300.908
346.000,distance_traveled_m,71.39988843186111
346.000,route_deviations,4
346.000,investigation_time_s,36.60000000000002
346.000,hazard_avoidances,1
346.000,min_hazard_distance_m,5.127701116770095
346.000,collisions,0
346.000,time_below_clearance_s,0.0
346.000,safety_zone_violations,0
346.000,min_ttc_s,18.46718749852059
346.000,avoid_success,1
346.000,avoid_timeout,0
346.000,q_convergence,0.8899984169726157
346.000,update_residual,0.09694306973463354
346.000,investigation_deferred,0
346.000,nav_aborted,0
346.000,nav_canceled,0
346.000,nav_rejected,0
346.000,run_seed,2
347.000,anomalies_detected,3
347.000,anomalies_unique,2
347.000,investigation_timeouts,0
347.000,mission_duration_s,301.908
347.000,distance_traveled_m,71.61182913397926
347.000,route_deviations,4
347.000,investigation_time_s,36.60000000000002
347.000,hazard_avoidances,1
347.000,min_hazard_distance_m,5.127701116770095
347.000,collisions,0
347.000,time_below_clearance_s,0.0
347.000,safety_zone_violations,0
347.000,min_ttc_s,18.46718749852059
347.000,avoid_success,1
347.000,avoid_timeout,0
347.000,q_convergence,0.9948888419930946
347.000,update_residual,0.10686473880544059
347.000,investigation_deferred,0
347.000,nav_aborted,0
347.000,nav_canceled,0
347.000,nav_rejected,0
347.000,run_seed,2
348.000,anomalies_detected,3
348.000,anomalies_unique,2
348.000,investigation_timeouts,0
348.000,mission_duration_s,302.908
348.000,distance_traveled_m,71.66022586565991
348.000,route_deviations,4
348.000,investigation_time_s,36.60000000000002
348.000,hazard_avoidances,1
348.000,min_hazard_distance_m,5.127701116770095
348.000,collisions,0
348.000,time_below_clearance_s,0.0
348.000,safety_zone_violations,0
348.000,min_ttc_s,18.46718749852059
348.000,avoid_success,1
348.000,avoid_timeout,0
348.000,q_convergence,0.8186990161264674
348.000,update_residual,0.08862164544441294
348.000,investigation_deferred,0
348.000,nav_aborted,0
348.000,nav_canceled,0
348.000,nav_rejected,0
348.000,run_seed,2
349.000,anomalies_detected,3
349.000,anomalies_unique,2
349.000,investigation_timeouts,0
349.000,mission_duration_s,303.908
349.000,distance_traveled_m,71.73640684452621
349.000,route_deviations,4
349.000,investigation_time_s,36.60000000000002
349.000,hazard_avoidances,1
349.000,min_hazard_distance_m,5.127701116770095
349.000,collisions,0
349.000,time_below_clearance_s,0.0
349.000,safety_zone_violations,0
349.000,min_ttc_s,18.46718749852059
349.000,avoid_success,1
349.000,avoid_timeout,0
349.000,q_convergence,0.7052836384381196
349.000,update_residual,0.07626734610081323
349.000,investigation_deferred,0
349.000,nav_aborted,0
349.000,nav_canceled,0
349.000,nav_rejected,0
349.000,run_seed,2
350.000,anomalies_detected,3
350.000,anomalies_unique,2
350.000,investigation_timeouts,0
350.000,mission_duration_s,304.908
350.000,distance_traveled_m,71.74294484088988
350.000,route_deviations,4
350.000,investigation_time_s,36.60000000000002
350.000,hazard_avoidances,1
350.000,min_hazard_distance_m,5.127701116770095
350.000,collisions,0
350.000,time_below_clearance_s,0.0
350.000,safety_zone_violations,0
350.000,min_ttc_s,18.46718749852059
350.000,avoid_success,1
350.000,avoid_timeout,0
350.000,q_convergence,0.6054138333419761
350.000,update_residual,0.06628036559119886
350.000,investigation_deferred,0
350.000,nav_aborted,0
350.000,nav_canceled,0
350.000,nav_rejected,0
350.000,run_seed,2
351.000,anomalies_detected,3
351.000,anomalies_unique,2
351.000,investigation_timeouts,0
351.000,mission_duration_s,305.908
351.000,distance_traveled_m,71.80581013771544
351.000,route_deviations,4
351.000,investigation_time_s,36.60000000000002
351.000,hazard_avoidances,1
351.000,min_hazard_distance_m,5.127701116770095
351.000,collisions,0
351.000,time_below_clearance_s,0.0
351.000,safety_zone_violations,0
351.000,min_ttc_s,18.46718749852059
351.000,avoid_success,1
351.000,avoid_timeout,0
351.000,q_convergence,0.5191783405672965
351.000,update_residual,0.05679596897518071
351.000,investigation_deferred,0
351.000,nav_aborted,0
351.000,nav_canceled,0
351.000,nav_rejected,0
351.000,run_seed,2
352.000,anomalies_detected,3
352.000,anomalies_unique,2
352.000,investigation_timeouts,0
352.000,mission_duration_s,306.908
352.000,distance_traveled_m,71.98497947707983
352.000,route_deviations,4
352.000,investigation_time_s,36.60000000000002
352.000,hazard_avoidances,1
352.000,min_hazard_distance_m,5.127701116770095
352.000,collisions,0
352.000,time_below_clearance_s,0.0
352.000,safety_zone_violations,0
352.000,min_ttc_s,18.46718749852059
352.000,avoid_success,1
352.000,avoid_timeout,0
352.000,q_convergence,0.4464722348427981
352.000,update_residual,0.048793638164963224
352.000,investigation_deferred,0
352.000,nav_aborted,0
352.000,nav_canceled,0
352.000,nav_rejected,0
352.000,run_seed,2
353.000,anomalies_detected,3
353.000,anomalies_unique,2
353.000,investigation_timeouts,0
353.000,mission_duration_s,307.908
353.000,distance_traveled_m,72.24705844396891
353.000,route_deviations,4
353.000,investigation_time_s,36.60000000000002
353.000,hazard_avoidances,1
353.000,min_hazard_distance_m,5.127701116770095
353.000,collisions,0
353.000,time_below_clearance_s,0.0
353.000,safety_zone_violations,0
353.000,min_ttc_s,18.46718749852059
353.000,avoid_success,1
353.000,avoid_timeout,0
353.000,q_convergence,0.3840691833495064
353.000,update_residual,0.041931370813531536
353.000,investigation_deferred,0
353.000,nav_aborted,0
353.000,nav_canceled,0
353.000,nav_rejected,0
353.000,run_seed,2
354.000,anomalies_detected,3
354.000,anomalies_unique,2
354.000,investigation_timeouts,0
354.000,mission_duration_s,308.908
354.000,distance_traveled_m,72.50913840153345
354.000,route_deviations,4
354.000,investigation_time_s,36.60000000000002
354.000,hazard_avoidances,1
354.000,min_hazard_distance_m,5.127701116770095
354.000,collisions,0
354.000,time_below_clearance_s,0.0
354.000,safety_zone_violations,0
354.000,min_ttc_s,18.46718749852059
354.000,avoid_success,1
354.000,avoid_timeout,0
354.000,q_convergence,0.3291613093423779
354.000,update_residual,0.036440583412818695
354.000,investigation_deferred,0
354.000,nav_aborted,0
354.000,nav_canceled,0
354.000,nav_rejected,0
354.000,run_seed,2
355.000,anomalies_detected,3
355.000,anomalies_unique,2
355.000,investigation_timeouts,0
355.000,mission_duration_s,309.908
355.000,distance_traveled_m,72.77121832019328
355.000,route_deviations,4
355.000,investigation_time_s,36.60000000000002
355.000,hazard_avoidances,1
355.000,min_hazard_distance_m,5.127701116770095
355.000,collisions,0
355.000,time_below_clearance_s,0.0
355.000,safety_zone_violations,0
355.000,min_ttc_s,18.46718749852059
355.000,avoid_success,1
355.000,avoid_timeout,0
355.000,q_convergence,1.0745947798833924
355.000,update_residual,0.11024127798036201
355.000,investigation_deferred,0
355.000,nav_aborted,0
355.000,nav_canceled,0
355.000,nav_rejected,0
355.000,run_seed,2
356.000,anomalies_detected,3
356.000,anomalies_unique,2
356.000,investigation_timeouts,0
356.000,mission_duration_s,310.908
356.000,distance_traveled_m,73.02393828327669
356.000,route_deviations,4
356.000,investigation_time_s,36.60000000000002
356.000,hazard_avoidances,1
356.000,min_hazard_distance_m,5.127701116770095
356.000,collisions,0
356.000,time_below_clearance_s,0.0
356.000,safety_zone_violations,0
356.000,min_ttc_s,18.46718749852059
356.000,avoid_success,1
356.000,avoid_timeout,0
356.000,q_convergence,0.872915490850498
356.000,update_residual,0.08983796600082451
356.000,investigation_deferred,0
356.000,nav_aborted,0
356.000,nav_canceled,0
356.000,nav_rejected,0
356.000,run_seed,2
357.000,anomalies_detected,3
357.000,anomalies_unique,2
357.000,investigation_timeouts,0
357.000,mission_duration_s,311.908
357.000,distance_traveled_m,73.28601825605058
357.000,route_deviations,4
357.000,investigation_time_s,36.60000000000002
357.000,hazard_avoidances,1
357.000,min_hazard_distance_m,5.127701116770095
357.000,collisions,0
357.000,time_below_clearance_s,0.0
357.000,safety_zone_violations,0
357.000,min_ttc_s,18.46718749852059
357.000,avoid_success,1
357.000,avoid_timeout,0
357.000,q_convergence,0.7574277467862403
357.000,update_residual,0.07790722905703254
357.000,investigation_deferred,0
357.000,nav_aborted,0
357.000,nav_canceled,0
357.000,nav_rejected,0
357.000,run_seed,2
358.000,anomalies_detected,3
358.000,anomalies_unique,2
358.000,investigation_timeouts,0
358.000,mission_duration_s,312.908
358.000,distance_traveled_m,73.54809817174927
358.000,route_deviations,4
358.000,investigation_time_s,36.60000000000002
358.000,hazard_avoidances,1
358.000,min_hazard_distance_m,5.127701116770095
358.000,collisions,0
358.000,time_below_clearance_s,0.0
358.000,safety_zone_violations,0
358.000,min_ttc_s,18.46718749852059
358.000,avoid_success,1
358.000,avoid_timeout,0
358.000,q_convergence,0.6571486468412718
358.000,update_residual,0.06787931906253569
358.000,investigation_deferred,0
358.000,nav_aborted,0
358.000,nav_canceled,0
358.000,nav_rejected,0
358.000,run_seed,2
359.000,anomalies_detected,3
359.000,anomalies_unique,2
359.000,investigation_timeouts,0
359.000,mission_duration_s,313.908
359.000,distance_traveled_m,73.81017813214844
359.000,route_deviations,4
359.000,investigation_time_s,36.60000000000002
359.000,hazard_avoidances,1
359.000,min_hazard_distance_m,5.127701116770095
359.000,collisions,0
359.000,time_below_clearance_s,0.0
359.000,safety_zone_violations,0
359.000,min_ttc_s,18.46718749852059
359.000,avoid_success,1
359.000,avoid_timeout,0
359.000,q_convergence,1.0610088833579376
359.000,update_residual,0.10780926125589478
359.000,investigation_deferred,0
359.000,nav_aborted,0
359.000,nav_canceled,0
359.000,nav_rejected,0
359.000,run_seed,2
360.000,anomalies_detected,3
360.000,anomalies_unique,2
360.000,investigation_timeouts,0
360.000,mission_duration_s,314.908
360.000,distance_traveled_m,74.06289810185038
360.000,route_deviations,4
360.000,investigation_time_s,36.60000000000002
360.000,hazard_avoidances,1
360.000,min_hazard_distance_m,5.127701116770095
360.000,collisions,0
360.000,time_below_clearance_s,0.0
360.000,safety_zone_violations,0
360.000,min_ttc_s,18.46718749852059
360.000,avoid_success,1
360.000,avoid_timeout,0
360.000,q_convergence,0.8563389102883405
360.000,update_residual,0.08747367725048129
360.000,investigation_deferred,0
360.000,nav_aborted,0
360.000,nav_canceled,0
360.000,nav_rejected,0
360.000,run_seed,2
361.000,anomalies_detected,3
361.000,anomalies_unique,2
361.000,investigation_timeouts,0
361.000,mission_duration_s,315.908
361.000,distance_traveled_m,74.3249780322141
361.000,route_deviations,4
361.000,investigation_time_s,36.60000000000002
361.000,hazard_avoidances,1
361.000,min_hazard_distance_m,5.127701116770095
361.000,collisions,0
361.000,time_below_clearance_s,0.0
361.000,safety_zone_violations,0
361.000,min_ttc_s,18.46718749852059
361.000,avoid_success,1
361.000,avoid_timeout,0
361.000,q_convergence,0.7438306464386693
361.000,update_residual,0.07594688293226705
361.000,investigation_deferred,0
361.000,nav_aborted,0
361.000,nav_canceled,0
361.000,nav_rejected,0
361.000,run_seed,2
362.000,anomalies_detected,3
362.000,anomalies_unique,2
362.000,investigation_timeouts,0
362.000,mission_duration_s,316.908
362.000,distance_traveled_m,74.58705799008
362.000,route_deviations,4
362.000,investigation_time_s,36.60000000000002
362.000,hazard_avoidances,1
362.000,min_hazard_distance_m,5.127701116770095
362.000,collisions,0
362.000,time_below_clearance_s,0.0
362.000,safety_zone_violations,0
362.000,min_ttc_s,18.46718749852059
362.000,avoid_success,1
362.000,avoid_timeout,0
362.000,q_convergence,0.6462265111057596
362.000,update_residual,0.06595189665571607
362.000,investigation_deferred,0
362.000,nav_aborted,0
362.000,nav_canceled,0
362.000,nav_rejected,0
362.000,run_seed,2
363.000,anomalies_detected,3
363.000,anomalies_unique,2
363.000,investigation_timeouts,0
363.000,mission_duration_s,317.908
363.000,distance_traveled_m,74.84913796179704
363.000,route_deviations,4
363.000,investigation_time_s,36.60000000000002
363.000,hazard_avoidances,1
363.000,min_hazard_distance_m,5.127701116770095
363.000,collisions,0
363.000,time_below_clearance_s,0.0
363.000,safety_zone_violations,0
363.000,min_ttc_s,18.46718749852059
363.000,avoid_success,1
363.000,avoid_timeout,0
363.000,q_convergence,1.1033423579638257
363.000,update_residual,0.11156853523115555
363.000,investigation_deferred,0
363.000,nav_aborted,0
363.000,nav_canceled,0
363.000,nav_rejected,0
363.000,run_seed,2
364.000,anomalies_detected,3
364.000,anomalies_unique,2
364.000,investigation_timeouts,0
364.000,mission_duration_s,318.908
364.000,distance_traveled_m,75.11121789442029
364.000,route_deviations,4
364.000,investigation_time_s,36.60000000000002
364.000,hazard_avoidances,1
364.000,min_hazard_distance_m,5.127701116770095
364.000,collisions,0
364.000,time_below_clearance_s,0.0
364.000,safety_zone_violations,0
364.000,min_ttc_s,18.46718749852059
364.000,avoid_success,1
364.000,avoid_timeout,0
364.000,q_convergence,0.8399111273117915
364.000,update_residual,0.08512097144454829
364.000,investigation_deferred,0
364.000,nav_aborted,0
364.000,nav_canceled,0
364.000,nav_rejected,0
364.000,run_seed,2
365.000,anomalies_detected,3
365.000,anomalies_unique,2
365.000,investigation_timeouts,0
365.000,mission_duration_s,319.908
365.000,distance_traveled_m,75.3639378490099
365.000,route_deviations,4
365.000,investigation_time_s,36.60000000000002
365.000,hazard_avoidances,1
365.000,min_hazard_distance_m,5.127701116770095
365.000,collisions,0
365.000,time_below_clearance_s,0.0
365.000,safety_zone_violations,0
365.000,min_ttc_s,18.46718749852059
365.000,avoid_success,1
365.000,avoid_timeout,0
365.000,q_convergence,0.7285573572484407
365.000,update_residual,0.07381611563120782
365.000,investigation_deferred,0
365.000,nav_aborted,0
365.000,nav_canceled,0
365.000,nav_rejected,0
365.000,run_seed,2
366.000,anomalies_detected,3
366.000,anomalies_unique,2
366.000,investigation_timeouts,0
366.000,mission_duration_s,320.908
366.000,distance_traveled_m,75.6260178098662
366.000,route_deviations,4
366.000,investigation_time_s,36.60000000000002
366.000,hazard_avoidances,1
366.000,min_hazard_distance_m,5.127701116770095
366.000,collisions,0
366.000,time_below_clearance_s,0.0
366.000,safety_zone_violations,0
366.000,min_ttc_s,18.46718749852059
366.000,avoid_success,1
366.000,avoid_timeout,0
366.000,q_convergence,0.6335599898969059
366.000,update_residual,0.06417232191009978
366.000,investigation_deferred,0
366.000,nav_aborted,0
366.000,nav_canceled,0
366.000,nav_rejected,0
366.000,run_seed,2
367.000,anomalies_detected,3
367.000,anomalies_unique,2
367.000,investigation_timeouts,0
367.000,mission_duration_s,321.908
367.000,distance_traveled_m,75.8880977663727
367.000,route_deviations,4
367.000,investigation_time_s,36.60000000000002
367.000,hazard_avoidances,1
367.000,min_hazard_distance_m,5.127701116770095
367.000,collisions,0
367.000,time_below_clearance_s,0.0
367.000,safety_zone_violations,0
367.000,min_ttc_s,18.46718749852059
367.000,avoid_success,1
367.000,avoid_timeout,0
367.000,q_convergence,1.1445487482649828
367.000,update_residual,0.11521288896687822
367.000,investigation_deferred,0
367.000,nav_aborted,0
367.000,nav_canceled,0
367.000,nav_rejected,0
367.000,run_seed,2
368.000,anomalies_detected,3
368.000,anomalies_unique,2
368.000,investigation_timeouts,0
368.000,mission_duration_s,322.908
368.000,distance_traveled_m,76.15017769531964
368.000,route_deviations,4
368.000,investigation_time_s,36.60000000000002
368.000,hazard_avoidances,1
368.000,min_hazard_distance_m,5.127701116770095
368.000,collisions,0
368.000,time_below_clearance_s,0.0
368.000,safety_zone_violations,0
368.000,min_ttc_s,18.46718749852059
368.000,avoid_success,1
368.000,avoid_timeout,0
368.000,q_convergence,0.8238241495557135
368.000,update_residual,0.08307628943791913
368.000,investigation_deferred,0
368.000,nav_aborted,0
368.000,nav_canceled,0
368.000,nav_rejected,0
368.000,run_seed,2
369.000,anomalies_detected,3
369.000,anomalies_unique,2
369.000,investigation_timeouts,0
369.000,mission_duration_s,323.908
369.000,distance_traveled_m,76.40289767178459
369.000,route_deviations,4
369.000,investigation_time_s,36.60000000000002
369.000,hazard_avoidances,1
369.000,min_hazard_distance_m,5.127701116770095
369.000,collisions,0
369.000,time_below_clearance_s,0.0
369.000,safety_zone_violations,0
369.000,min_ttc_s,18.46718749852059
369.000,avoid_success,1
369.000,avoid_timeout,0
369.000,q_convergence,0.7150382371246089
369.000,update_residual,0.07219769819480867
369.000,investigation_deferred,0
369.000,nav_aborted,0
369.000,nav_canceled,0
369.000,nav_rejected,0
369.000,run_seed,2
370.000,anomalies_detected,3
370.000,anomalies_unique,2
370.000,investigation_timeouts,0
370.000,mission_duration_s,324.908
370.000,distance_traveled_m,76.66497763968376
370.000,route_deviations,4
370.000,investigation_time_s,36.60000000000002
370.000,hazard_avoidances,1
370.000,min_hazard_distance_m,5.127701116770095
370.000,collisions,0
370.000,time_below_clearance_s,0.0
370.000,safety_zone_violations,0
370.000,min_ttc_s,18.46718749852059
370.000,avoid_success,1
370.000,avoid_timeout,0
370.000,q_convergence,0.8862927915750132
370.000,update_residual,0.08917538407416395
370.000,investigation_deferred,0
370.000,nav_aborted,0
370.000,nav_canceled,0
370.000,nav_rejected,0
370.000,run_seed,2
371.000,anomalies_detected,3
371.000,anomalies_unique,2
371.000,investigation_timeouts,0
371.000,mission_duration_s,325.908
371.000,distance_traveled_m,76.92705757314513
371.000,route_deviations,4
371.000,investigation_time_s,36.60000000000002
371.000,hazard_avoidances,1
371.000,min_hazard_distance_m,5.127701116770095
371.000,collisions,0
371.000,time_below_clearance_s,0.0
371.000,safety_zone_violations,0
371.000,min_ttc_s,18.46718749852059
371.000,avoid_success,1
371.000,avoid_timeout,0
371.000,q_convergence,0.9303073070095605
371.000,update_residual,0.09353205501445236
371.000,investigation_deferred,0
371.000,nav_aborted,0
371.000,nav_canceled,0
371.000,nav_rejected,0
371.000,run_seed,2
372.000,anomalies_detected,3
372.000,anomalies_unique,2
372.000,investigation_timeouts,0
372.000,mission_duration_s,326.908
372.000,distance_traveled_m,77.18913753363498
372.000,route_deviations,4
372.000,investigation_time_s,36.60000000000002
372.000,hazard_avoidances,1
372.000,min_hazard_distance_m,5.127701116770095
372.000,collisions,0
372.000,time_below_clearance_s,0.0
372.000,safety_zone_violations,0
372.000,min_ttc_s,18.46718749852059
372.000,avoid_success,1
372.000,avoid_timeout,0
372.000,q_convergence,0.8081540603900912
372.000,update_residual,0.08081540603900914
372.000,investigation_deferred,0
372.000,nav_aborted,0
372.000,nav_canceled,0
372.000,nav_rejected,0
372.000,run_seed,2
373.000,anomalies_detected,3
373.000,anomalies_unique,2
373.000,investigation_timeouts,0
373.000,mission_duration_s,327.908
373.000,distance_traveled_m,77.45121750804469
373.000,route_deviations,4
373.000,investigation_time_s,36.60000000000002
373.000,hazard_avoidances,1
373.000,min_hazard_distance_m,5.127701116770095
373.000,collisions,0
373.000,time_below_clearance_s,0.0
373.000,safety_zone_violations,0
373.000,min_ttc_s,18.46718749852059
373.000,avoid_success,1
373.000,avoid_timeout,0
373.000,q_convergence,0.7023287070440734
373.000,update_residual,0.07023287070440733
373.000,investigation_deferred,0
373.000,nav_aborted,0
373.000,nav_canceled,0
373.000,nav_rejected,0
373.000,run_seed,2
374.000,anomalies_detected,3
374.000,anomalies_unique,2
374.000,investigation_timeouts,0
374.000,mission_duration_s,328.908
374.000,distance_traveled_m,77.70393744343595
374.000,route_deviations,4
374.000,investigation_time_s,36.60000000000002
374.000,hazard_avoidances,1
374.000,min_hazard_distance_m,5.127701116770095
374.000,collisions,0
374.000,time_below_clearance_s,0.0
374.000,safety_zone_violations,0
374.000,min_ttc_s,18.46718749852059
374.000,avoid_success,1
374.000,avoid_timeout,0
374.000,q_convergence,0.9246039036449567
374.000,update_residual,0.09246039036449567
374.000,investigation_deferred,0
374.000,nav_aborted,0
374.000,nav_canceled,0
374.000,nav_rejected,0
374.000,run_seed,2
375.000,anomalies_detected,3
375.000,anomalies_unique,2
375.000,investigation_timeouts,0
375.000,mission_duration_s,329.908
375.000,distance_traveled_m,77.9660174021558
375.000,route_deviations,4
375.000,investigation_time_s,36.60000000000002
375.000,hazard_avoidances,1
375.000,min_hazard_distance_m,5.127701116770095
375.000,collisions,0
375.000,time_below_clearance_s,0.0
375.000,safety_zone_violations,0
375.000,min_ttc_s,18.46718749852059
375.000,avoid_success,1
375.000,avoid_timeout,0
375.000,q_convergence,0.9144214334927999
375.000,update_residual,0.09144214334927996
375.000,investigation_deferred,0
375.000,nav_aborted,0
375.000,nav_canceled,0
375.000,nav_rejected,0
375.000,run_seed,2
376.000,anomalies_detected,3
376.000,anomalies_unique,2
376.000,investigation_timeouts,0
376.000,mission_duration_s,330.908
376.000,distance_traveled_m,78.22809735428903
376.000,route_deviations,4
376.000,investigation_time_s,36.60000000000002
376.000,hazard_avoidances,1
376.000,min_hazard_distance_m,5.127701116770095
376.000,collisions,0
376.000,time_below_clearance_s,0.0
376.000,safety_zone_violations,0
376.000,min_ttc_s,18.46718749852059
376.000,avoid_success,1
376.000,avoid_timeout,0
376.000,q_convergence,0.7967207278831593
376.000,update_residual,0.07967207278831592
376.000,investigation_deferred,0
376.000,nav_aborted,0
376.000,nav_canceled,0
376.000,nav_rejected,0
376.000,run_seed,2
377.000,anomalies_detected,3
377.000,anomalies_unique,2
377.000,investigation_timeouts,0
377.000,mission_duration_s,331.908
377.000,distance_traveled_m,78.49017732097941
377.000,route_deviations,4
377.000,investigation_time_s,36.60000000000002
377.000,hazard_avoidances,1
377.000,min_hazard_distance_m,5.127701116770095
377.000,collisions,0
377.000,time_below_clearance_s,0.0
377.000,safety_zone_violations,0
377.000,min_ttc_s,18.46718749852059
377.000,avoid_success,1
377.000,avoid_timeout,0
377.000,q_convergence,0.6923925351798598
377.000,update_residual,0.06923925351798597
377.000,investigation_deferred,0
377.000,nav_aborted,0
377.000,nav_canceled,0
377.000,nav_rejected,0
377.000,run_seed,2
378.000,anomalies_detected,3
378.000,anomalies_unique,2
378.000,investigation_timeouts,0
378.000,mission_duration_s,332.908
378.000,distance_traveled_m,78.7428972987307
378.000,route_deviations,4
378.000,investigation_time_s,36.60000000000002
378.000,hazard_avoidances,1
378.000,min_hazard_distance_m,5.127701116770095
378.000,collisions,0
378.000,time_below_clearance_s,0.0
378.000,safety_zone_violations,0
378.000,min_ttc_s,18.46718749852059
378.000,avoid_success,1
378.000,avoid_timeout,0
378.000,q_convergence,0.9702224857677246
378.000,update_residual,0.09702224857677248
378.000,investigation_deferred,0
378.000,nav_aborted,0
378.000,nav_canceled,0
378.000,nav_rejected,0
378.000,run_seed,2
379.000,anomalies_detected,3
379.000,anomalies_unique,2
379.000,investigation_timeouts,0
379.000,mission_duration_s,333.908
379.000,distance_traveled_m,79.00497726169638
379.000,route_deviations,4
379.000,investigation_time_s,36.60000000000002
379.000,hazard_avoidances,1
379.000,min_hazard_distance_m,5.127701116770095
379.000,collisions,0
379.000,time_below_clearance_s,0.0
379.000,safety_zone_violations,0
379.000,min_ttc_s,18.46718749852059
379.000,avoid_success,1
379.000,avoid_timeout,0
379.000,q_convergence,0.8962697113987645
379.000,update_residual,0.08962697113987642
379.000,investigation_deferred,0
379.000,nav_aborted,0
379.000,nav_canceled,0
379.000,nav_rejected,0
379.000,run_seed,2
380.000,anomalies_detected,3
380.000,anomalies_unique,2
380.000,investigation_timeouts,0
380.000,mission_duration_s,334.908
380.000,distance_traveled_m,79.26705722165136
380.000,route_deviations,4
380.000,investigation_time_s,36.60000000000002
380.000,hazard_avoidances,1
380.000,min_hazard_distance_m,5.127701116770095
380.000,collisions,0
380.000,time_below_clearance_s,0.0
380.000,safety_zone_violations,0
380.000,min_ttc_s,18.46718749852059
380.000,avoid_success,1
380.000,avoid_timeout,0
380.000,q_convergence,0.7809054235722653
380.000,update_residual,0.0780905423572265
380.000,investigation_deferred,0
380.000,nav_aborted,0
380.000,nav_canceled,0
380.000,nav_rejected,0
380.000,run_seed,2
381.000,anomalies_detected,3
381.000,anomalies_unique,2
381.000,investigation_timeouts,0
381.000,mission_duration_s,335.908
381.000,distance_traveled_m,79.5291371616188
381.000,route_deviations,4
381.000,investigation_time_s,36.60000000000002
381.000,hazard_avoidances,1
381.000,min_hazard_distance_m,5.127701116770095
381.000,collisions,0
381.000,time_below_clearance_s,0.0
381.000,safety_zone_violations,0
381.000,min_ttc_s,18.46718749852059
381.000,avoid_success,1
381.000,avoid_timeout,0
381.000,q_convergence,0.6786481975930173
381.000,update_residual,0.06786481975930173
381.000,investigation_deferred,0
381.000,nav_aborted,0
381.000,nav_canceled,0
381.000,nav_rejected,0
381.000,run_seed,2
382.000,anomalies_detected,3
382.000,anomalies_unique,2
382.000,investigation_timeouts,0
382.000,mission_duration_s,336.908
382.000,distance_traveled_m,79.79121712900735
382.000,route_deviations,4
382.000,investigation_time_s,36.60000000000002
382.000,hazard_avoidances,1
382.000,min_hazard_distance_m,5.127701116770095
382.000,collisions,0
382.000,time_below_clearance_s,0.0
382.000,safety_zone_violations,0
382.000,min_ttc_s,18.46718749852059
382.000,avoid_success,1
382.000,avoid_timeout,0
382.000,q_convergence,1.0145406504949988
382.000,update_residual,0.10145406504949987
382.000,investigation_deferred,0
382.000,nav_aborted,0
382.000,nav_canceled,0
382.000,nav_rejected,0
382.000,run_seed,2
383.000,anomalies_detected,3
383.000,anomalies_unique,2
383.000,investigation_timeouts,0
383.000,mission_duration_s,337.908
383.000,distance_traveled_m,80.0439370948573
383.000,route_deviations,4
383.000,investigation_time_s,36.60000000000002
383.000,hazard_avoidances,1
383.000,min_hazard_distance_m,5.127701116770095
383.000,collisions,0
383.000,time_below_clearance_s,0.0
383.000,safety_zone_violations,0
383.000,min_ttc_s,18.46718749852059
383.000,avoid_success,1
383.000,avoid_timeout,0
383.000,q_convergence,0.8763298033017355
383.000,update_residual,0.08763298033017355
383.000,investigation_deferred,0
383.000,nav_aborted,0
383.000,nav_canceled,0
383.000,nav_rejected,0
383.000,run_seed,2
384.000,anomalies_detected,3
384.000,anomalies_unique,2
384.000,investigation_timeouts,0
384.000,mission_duration_s,338.908
384.000,distance_traveled_m,80.30601706900008
384.000,route_deviations,4
384.000,investigation_time_s,36.60000000000002
384.000,hazard_avoidances,1
384.000,min_hazard_distance_m,5.127701116770095
384.000,collisions,0
384.000,time_below_clearance_s,0.0
384.000,safety_zone_violations,0
384.000,min_ttc_s,18.46718749852059
384.000,avoid_success,1
384.000,avoid_timeout,0
384.000,q_convergence,0.7634442068729335
384.000,update_residual,0.07634442068729334
384.000,investigation_deferred,0
384.000,nav_aborted,0
384.000,nav_canceled,0
384.000,nav_rejected,0
384.000,run_seed,2
385.000,anomalies_detected,3
385.000,anomalies_unique,2
385.000,investigation_timeouts,0
385.000,mission_duration_s,339.908
385.000,distance_traveled_m,80.56809700823814
385.000,route_deviations,4
385.000,investigation_time_s,36.60000000000002
385.000,hazard_avoidances,1
385.000,min_hazard_distance_m,5.127701116770095
385.000,collisions,0
385.000,time_below_clearance_s,0.0
385.000,safety_zone_violations,0
385.000,min_ttc_s,18.46718749852059
385.000,avoid_success,1
385.000,avoid_timeout,0
385.000,q_convergence,0.9308220777469555
385.000,update_residual,0.09308220777469554
385.000,investigation_deferred,0
385.000,nav_aborted,0
385.000,nav_canceled,0
385.000,nav_rejected,0
385.000,run_seed,2
386.000,anomalies_detected,3
386.000,anomalies_unique,2
386.000,investigation_timeouts,0
386.000,mission_duration_s,340.908
386.000,distance_traveled_m,80.83017698899437
386.000,route_deviations,4
386.000,investigation_time_s,36.60000000000002
386.000,hazard_avoidances,1
386.000,min_hazard_distance_m,5.127701116770095
386.000,collisions,0
386.000,time_below_clearance_s,0.0
386.000,safety_zone_violations,0
386.000,min_ttc_s,18.46718749852059
386.000,avoid_success,1
386.000,avoid_timeout,0
386.000,q_convergence,0.9435242341141344
386.000,update_residual,0.09435242341141346
386.000,investigation_deferred,0
386.000,nav_aborted,0
386.000,nav_canceled,0
386.000,nav_rejected,0
386.000,run_seed,2
387.000,anomalies_detected,3
387.000,anomalies_unique,2
387.000,investigation_timeouts,0
387.000,mission_duration_s,341.908
387.000,distance_traveled_m,81.08289695559661
387.000,route_deviations,4
387.000,investigation_time_s,36.60000000000002
387.000,hazard_avoidances,1
387.000,min_hazard_distance_m,5.127701116770095
387.000,collisions,0
387.000,time_below_clearance_s,0.0
387.000,safety_zone_violations,0
387.000,min_ttc_s,18.46718749852059
387.000,avoid_success,1
387.000,avoid_timeout,0
387.000,q_convergence,0.8632504714462313
387.000,update_residual,0.08632504714462316
387.000,investigation_deferred,0
387.000,nav_aborted,0
387.000,nav_canceled,0
387.000,nav_rejected,0
387.000,run_seed,2
388.000,anomalies_detected,3
388.000,anomalies_unique,2
388.000,investigation_timeouts,0
388.000,mission_duration_s,342.908
388.000,distance_traveled_m,81.34497695030147
388.000,route_deviations,4
388.000,investigation_time_s,36.60000000000002
388.000,hazard_avoidances,1
388.000,min_hazard_distance_m,5.127701116770095
388.000,collisions,0
388.000,time_below_clearance_s,0.0
388.000,safety_zone_violations,0
388.000,min_ttc_s,18.46718749852059
388.000,avoid_success,1
388.000,avoid_timeout,0
388.000,q_convergence,0.7520497066548288
388.000,update_residual,0.0752049706654829
388.000,investigation_deferred,0
388.000,nav_aborted,0
388.000,nav_canceled,0
388.000,nav_rejected,0
388.000,run_seed,2
389.000,anomalies_detected,3
389.000,anomalies_unique,2
389.000,investigation_timeouts,0
389.000,mission_duration_s,343.908
389.000,distance_traveled_m,81.60705692213647
389.000,route_deviations,4
389.000,investigation_time_s,36.60000000000002
389.000,hazard_avoidances,1
389.000,min_hazard_distance_m,5.127701116770095
389.000,collisions,0
389.000,time_below_clearance_s,0.0
389.000,safety_zone_violations,0
389.000,min_ttc_s,18.46718749852059
389.000,avoid_success,1
389.000,avoid_timeout,0
389.000,q_convergence,0.6552488466961007
389.000,update_residual,0.06552488466961007
389.000,investigation_deferred,0
389.000,nav_aborted,0
389.000,nav_canceled,0
389.000,nav_rejected,0
389.000,run_seed,2
390.000,anomalies_detected,3
390.000,anomalies_unique,2
390.000,investigation_timeouts,0
390.000,mission_duration_s,344.908
390.000,distance_traveled_m,81.86913690786999
390.000,route_deviations,4
390.000,investigation_time_s,36.60000000000002
390.000,hazard_avoidances,1
390.000,min_hazard_distance_m,5.127701116770095
390.000,collisions,0
390.000,time_below_clearance_s,0.0
390.000,safety_zone_violations,0
390.000,min_ttc_s,18.46718749852059
390.000,avoid_success,1
390.000,avoid_timeout,0
390.000,q_convergence,1.0899910882486215
390.000,update_residual,0.10899910882486216
390.000,investigation_deferred,0
390.000,nav_aborted,0
390.000,nav_canceled,0
390.000,nav_rejected,0
390.000,run_seed,2
391.000,anomalies_detected,3
391.000,anomalies_unique,2
391.000,investigation_timeouts,0
391.000,mission_duration_s,345.908
391.000,distance_traveled_m,82.13121688861462
391.000,route_deviations,4
391.000,investigation_time_s,36.60000000000002
391.000,hazard_avoidances,1
391.000,min_hazard_distance_m,5.127701116770095
391.000,collisions,0
391.000,time_below_clearance_s,0.0
391.000,safety_zone_violations,0
391.000,min_ttc_s,18.46718749852059
391.000,avoid_success,1
391.000,avoid_timeout,0
391.000,q_convergence,0.8461145185023194
391.000,update_residual,0.08461145185023193
391.000,investigation_deferred,0
391.000,nav_aborted,0
391.000,nav_canceled,0
391.000,nav_rejected,0
391.000,run_seed,2
392.000,anomalies_detected,3
392.000,anomalies_unique,2
392.000,investigation_timeouts,0
392.000,mission_duration_s,346.908
392.000,distance_traveled_m,82.3839368541015
392.000,route_deviations,4
392.000,investigation_time_s,36.60000000000002
392.000,hazard_avoidances,1
392.000,min_hazard_distance_m,5.127701116770095
392.000,collisions,0
392.000,time_below_clearance_s,0.0
392.000,safety_zone_violations,0
392.000,min_ttc_s,18.46718749852059
392.000,avoid_success,1
392.000,avoid_timeout,0
392.000,q_convergence,0.7353183568787758
392.000,update_residual,0.07353183568787759
392.000,investigation_deferred,0
392.000,nav_aborted,0
392.000,nav_canceled,0
392.000,nav_rejected,0
392.000,run_seed,2
393.000,anomalies_detected,3
393.000,anomalies_unique,2
393.000,investigation_timeouts,0
393.000,mission_duration_s,347.908
393.000,distance_traveled_m,82.64601684516231
393.000,route_deviations,4
393.000,investigation_time_s,36.60000000000002
393.000,hazard_avoidances,1
393.000,min_hazard_distance_m,5.127701116770095
393.000,collisions,0
393.000,time_below_clearance_s,0.0
393.000,safety_zone_violations,0
393.000,min_ttc_s,18.46718749852059
393.000,avoid_success,1
393.000,avoid_timeout,0
393.000,q_convergence,0.6405973386404789
393.000,update_residual,0.0640597338640479
393.000,investigation_deferred,0
393.000,nav_aborted,0
393.000,nav_canceled,0
393.000,nav_rejected,0
393.000,run_seed,2
394.000,anomalies_detected,3
394.000,anomalies_unique,2
394.000,investigation_timeouts,0
394.000,mission_duration_s,348.908
394.000,distance_traveled_m,82.90809682692499
394.000,route_deviations,4
394.000,investigation_time_s,36.60000000000002
394.000,hazard_avoidances,1
394.000,min_hazard_distance_m,5.127701116770095
394.000,collisions,0
394.000,time_below_clearance_s,0.0
394.000,safety_zone_violations,0
394.000,min_ttc_s,18.46718749852059
394.000,avoid_success,1
394.000,avoid_timeout,0
394.000,q_convergence,1.1231995085724278
394.000,update_residual,0.11231995085724279
394.000,investigation_deferred,0
394.000,nav_aborted,0
394.000,nav_canceled,0
394.000,nav_rejected,0
394.000,run_seed,2
395.000,anomalies_detected,3
395.000,anomalies_unique,2
395.000,investigation_timeouts,0
395.000,mission_duration_s,349.908
395.000,distance_traveled_m,83.1701768213725
395.000,route_deviations,4
395.000,investigation_time_s,36.60000000000002
395.000,hazard_avoidances,1
395.000,min_hazard_distance_m,5.127701116770095
395.000,collisions,0
395.000,time_below_clearance_s,0.0
395.000,safety_zone_violations,0
395.000,min_ttc_s,18.46718749852059
395.000,avoid_success,1
395.000,avoid_timeout,0
395.000,q_convergence,0.8334861535493575
395.000,update_residual,0.08334861535493576
395.000,investigation_deferred,0
395.000,nav_aborted,0
395.000,nav_canceled,0
395.000,nav_rejected,0
395.000,run_seed,2
396.000,anomalies_detected,3
396.000,anomalies_unique,2
396.000,investigation_timeouts,0
396.000,mission_duration_s,350.908
396.000,distance_traveled_m,83.42289681346504
396.000,route_deviations,4
396.000,investigation_time_s,36.60000000000002
396.000,hazard_avoidances,1
396.000,min_hazard_distance_m,5.127701116770095
396.000,collisions,0
396.000,time_below_clearance_s,0.0
396.000,safety_zone_violations,0
396.000,min_ttc_s,18.46718749852059
396.000,avoid_success,1
396.000,avoid_timeout,0
396.000,q_convergence,0.7243436384875656
396.000,update_residual,0.07243436384875657
396.000,investigation_deferred,0
396.000,nav_aborted,0
396.000,nav_canceled,0
396.000,nav_rejected,0
396.000,run_seed,2
397.000,anomalies_detected,3
397.000,anomalies_unique,2
397.000,investigation_timeouts,0
397.000,mission_duration_s,351.908
397.000,distance_traveled_m,83.68497680901766
397.000,route_deviations,4
397.000,investigation_time_s,36.60000000000002
397.000,hazard_avoidances,1
397.000,min_hazard_distance_m,5.127701116770095
397.000,collisions,0
397.000,time_below_clearance_s,0.0
397.000,safety_zone_violations,0
397.000,min_ttc_s,18.46718749852059
397.000,avoid_success,1
397.000,avoid_timeout,0
397.000,q_convergence,0.6310363432866025
397.000,update_residual,0.06310363432866026
397.000,investigation_deferred,0
397.000,nav_aborted,0
397.000,nav_canceled,0
397.000,nav_rejected,0
397.000,run_seed,2
398.000,anomalies_detected,3
398.000,anomalies_unique,2
398.000,investigation_timeouts,0
398.000,mission_duration_s,352.908
398.000,distance_traveled_m,83.94705680144821
398.000,route_deviations,4
398.000,investigation_time_s,36.60000000000002
398.000,hazard_avoidances,1
398.000,min_hazard_distance_m,5.127701116770095
398.000,collisions,0
398.000,time_below_clearance_s,0.0
398.000,safety_zone_violations,0
398.000,min_ttc_s,18.46718749852059
398.000,avoid_success,1
398.000,avoid_timeout,0
398.000,q_convergence,1.1545827628060015
398.000,update_residual,0.11545827628060017
398.000,investigation_deferred,0
398.000,nav_aborted,0
398.000,nav_canceled,0
398.000,nav_rejected,0
398.000,run_seed,2
399.000,anomalies_detected,3
399.000,anomalies_unique,2
399.000,investigation_timeouts,0
399.000,mission_duration_s,353.908
399.000,distance_traveled_m,84.20913678164654
399.000,route_deviations,4
399.000,investigation_time_s,36.60000000000002
399.000,hazard_avoidances,1
399.000,min_hazard_distance_m,5.127701116770095
399.000,collisions,0
399.000,time_below_clearance_s,0.0
399.000,safety_zone_violations,0
399.000,min_ttc_s,18.46718749852059
399.000,avoid_success,1
399.000,avoid_timeout,0
399.000,q_convergence,0.8210462685218641
399.000,update_residual,0.08210462685218642
399.000,investigation_deferred,0
399.000,nav_aborted,0
399.000,nav_canceled,0
399.000,nav_rejected,0
399.000,run_seed,2
400.000,anomalies_detected,3
400.000,anomalies_unique,2
400.000,investigation_timeouts,0
400.000,mission_duration_s,354.908
400.000,distance_traveled_m,84.47121677396362
400.000,route_deviations,4
400.000,investigation_time_s,36.60000000000002
400.000,hazard_avoidances,1
400.000,min_hazard_distance_m,5.127701116770095
400.000,collisions,0
400.000,time_below_clearance_s,0.0
400.000,safety_zone_violations,0
400.000,min_ttc_s,18.46718749852059
400.000,avoid_success,1
400.000,avoid_timeout,0
400.000,q_convergence,0.7135327191401837
400.000,update_residual,0.07135327191401838
400.000,investigation_deferred,0
400.000,nav_aborted,0
400.000,nav_canceled,0
400.000,nav_rejected,0
400.000,run_seed,2
401.000,anomalies_detected,3
401.000,anomalies_unique,2
401.000,investigation_timeouts,0
401.000,mission_duration_s,355.908
401.000,distance_traveled_m,84.72393676293493
401.000,route_deviations,4
401.000,investigation_time_s,36.60000000000002
401.000,hazard_avoidances,1
401.000,min_hazard_distance_m,5.127701116770095
401.000,collisions,0
401.000,time_below_clearance_s,0.0
401.000,safety_zone_violations,0
401.000,min_ttc_s,18.46718749852059
401.000,avoid_success,1
401.000,avoid_timeout,0
401.000,q_convergence,0.8772335334788721
401.000,update_residual,0.08772335334788721
401.000,investigation_deferred,0
401.000,nav_aborted,0
401.000,nav_canceled,0
401.000,nav_rejected,0
401.000,run_seed,2
402.000,anomalies_detected,3
402.000,anomalies_unique,2
402.000,investigation_timeouts,0
402.000,mission_duration_s,356.908
402.000,distance_traveled_m,84.98601675283963
402.000,route_deviations,4
402.000,investigation_time_s,36.60000000000002
402.000,hazard_avoidances,1
402.000,min_hazard_distance_m,5.127701116770095
402.000,collisions,0
402.000,time_below_clearance_s,0.0
402.000,safety_zone_violations,0
402.000,min_ttc_s,18.46718749852059
402.000,avoid_success,1
402.000,avoid_timeout,0
402.000,q_convergence,0.9329407737388138
402.000,update_residual,0.09329407737388137
402.000,investigation_deferred,0
402.000,nav_aborted,0
402.000,nav_canceled,0
402.000,nav_rejected,0
402.000,run_seed,2
403.000,anomalies_detected,3
403.000,anomalies_unique,2
403.000,investigation_timeouts,0
403.000,mission_duration_s,357.908
403.000,distance_traveled_m,85.24809671358638
403.000,route_deviations,4
403.000,investigation_time_s,36.60000000000002
403.000,hazard_avoidances,1
403.000,min_hazard_distance_m,5.127701116770095
403.000,collisions,0
403.000,time_below_clearance_s,0.0
403.000,safety_zone_violations,0
403.000,min_ttc_s,18.46718749852059
403.000,avoid_success,1
403.000,avoid_timeout,0
403.000,q_convergence,0.8128563319933584
403.000,update_residual,0.08128563319933586
403.000,investigation_deferred,0
403.000,nav_aborted,0
403.000,nav_canceled,0
403.000,nav_rejected,0
403.000,run_seed,2
404.000,anomalies_detected,3
404.000,anomalies_unique,2
404.000,investigation_timeouts,0
404.000,mission_duration_s,358.908
404.000,distance_traveled_m,85.5101766918295
404.000,route_deviations,4
404.000,investigation_time_s,36.60000000000002
404.000,hazard_avoidances,1
404.000,min_hazard_distance_m,5.127701116770095
404.000,collisions,0
404.000,time_below_clearance_s,0.0
404.000,safety_zone_violations,0
404.000,min_ttc_s,18.46718749852059
404.000,avoid_success,1
404.000,avoid_timeout,0
404.000,q_convergence,0.7064152302667603
404.000,update_residual,0.07064152302667605
404.000,investigation_deferred,0
404.000,nav_aborted,0
404.000,nav_canceled,0
404.000,nav_rejected,0
404.000,run_seed,2
405.000,anomalies_detected,3
405.000,anomalies_unique,2
405.000,investigation_timeouts,0
405.000,mission_duration_s,359.908
405.000,distance_traveled_m,85.7628966745266
405.000,route_deviations,4
405.000,investigation_time_s,36.60000000000002
405.000,hazard_avoidances,1
405.000,min_hazard_distance_m,5.127701116770095
405.000,collisions,0
405.000,time_below_clearance_s,0.0
405.000,safety_zone_violations,0
405.000,min_ttc_s,18.46718749852059
405.000,avoid_success,1
405.000,avoid_timeout,0
405.000,q_convergence,0.7875250196610655
405.000,update_residual,0.07875250196610654
405.000,investigation_deferred,0
405.000,nav_aborted,0
405.000,nav_canceled,0
405.000,nav_rejected,0
405.000,run_seed,2
406.000,anomalies_detected,3
406.000,anomalies_unique,2
406.000,investigation_timeouts,0
406.000,mission_duration_s,360.908
406.000,distance_traveled_m,86.02497665956498
406.000,route_deviations,4
406.000,investigation_time_s,36.60000000000002
406.000,hazard_avoidances,1
406.000,min_hazard_distance_m,5.127701116770095
406.000,collisions,0
406.000,time_below_clearance_s,0.0
406.000,safety_zone_violations,0
406.000,min_ttc_s,18.46718749852059
406.000,avoid_success,1
406.000,avoid_timeout,0
406.000,q_convergence,0.8033988440085987
406.000,update_residual,0.08033988440085987
406.000,investigation_deferred,0
406.000,nav_aborted,0
406.000,nav_canceled,0
406.000,nav_rejected,0
406.000,run_seed,2
407.000,anomalies_detected,3
407.000,anomalies_unique,2
407.000,investigation_timeouts,0
407.000,mission_duration_s,361.908
407.000,distance_traveled_m,86.28705663866239
407.000,route_deviations,4
407.000,investigation_time_s,36.60000000000002
407.000,hazard_avoidances,1
407.000,min_hazard_distance_m,5.127701116770095
407.000,collisions,0
407.000,time_below_clearance_s,0.0
407.000,safety_zone_violations,0
407.000,min_ttc_s,18.46718749852059
407.000,avoid_success,1
407.000,avoid_timeout,0
407.000,q_convergence,0.9589511209029656
407.000,update_residual,0.09589511209029657
407.000,investigation_deferred,0
407.000,nav_aborted,0
407.000,nav_canceled,0
407.000,nav_rejected,0
407.000,run_seed,2
408.000,anomalies_detected,3
408.000,anomalies_unique,2
408.000,investigation_timeouts,0
408.000,mission_duration_s,362.908
408.000,distance_traveled_m,86.5491366066281
408.000,route_deviations,4
408.000,investigation_time_s,36.60000000000002
408.000,hazard_avoidances,1
408.000,min_hazard_distance_m,5.127701116770095
408.000,collisions,0
408.000,time_below_clearance_s,0.0
408.000,safety_zone_violations,0
408.000,min_ttc_s,18.46718749852059
408.000,avoid_success,1
408.000,avoid_timeout,0
408.000,q_convergence,0.8985705446907885
408.000,update_residual,0.08985705446907881
408.000,investigation_deferred,0
408.000,nav_aborted,0
408.000,nav_canceled,0
408.000,nav_rejected,0
408.000,run_seed,2
409.000,anomalies_detected,3
409.000,anomalies_unique,2
409.000,investigation_timeouts,0
409.000,mission_duration_s,363.908
409.000,distance_traveled_m,86.8111920061675
409.000,route_deviations,4
409.000,investigation_time_s,36.60000000000002
409.000,hazard_avoidances,1
409.000,min_hazard_distance_m,5.127701116770095
409.000,collisions,0
409.000,time_below_clearance_s,0.0
409.000,safety_zone_violations,0
409.000,min_ttc_s,18.46718749852059
409.000,avoid_success,1
409.000,avoid_timeout,0
409.000,q_convergence,0.7809054235722653
409.000,update_residual,0.0780905423572265
409.000,investigation_deferred,0
409.000,nav_aborted,0
409.000,nav_canceled,0
409.000,nav_rejected,0
409.000,run_seed,2
410.000,anomalies_detected,3
410.000,anomalies_unique,2
410.000,investigation_timeouts,0
410.000,mission_duration_s,364.908
410.000,distance_traveled_m,86.90023339415619
410.000,route_deviations,4
410.000,investigation_time_s,36.60000000000002
410.000,hazard_avoidances,1
410.000,min_hazard_distance_m,5.127701116770095
410.000,collisions,0
410.000,time_below_clearance_s,0.0
410.000,safety_zone_violations,0
410.000,min_ttc_s,18.46718749852059
410.000,avoid_success,1
410.000,avoid_timeout,0
410.000,q_convergence,0.6503834030919512
410.000,update_residual,0.06503834030919513
410.000,investigation_deferred,0
410.000,nav_aborted,0
410.000,nav_canceled,0
410.000,nav_rejected,0
410.000,run_seed,2
410.000,anomalies_detected,3
410.000,anomalies_unique,2
410.000,investigation_timeouts,0
410.000,mission_duration_s,364.908
410.000,distance_traveled_m,86.90023339415619
410.000,route_deviations,4
410.000,investigation_time_s,36.60000000000002
410.000,hazard_avoidances,1
410.000,min_hazard_distance_m,5.127701116770095
410.000,collisions,0
410.000,time_below_clearance_s,0.0
410.000,safety_zone_violations,0
410.000,min_ttc_s,18.46718749852059
410.000,avoid_success,1
410.000,avoid_timeout,0
410.000,q_convergence,0.6503834030919512
410.000,update_residual,0.047967325195226486
410.000,investigation_deferred,0
410.000,nav_aborted,0
410.000,nav_canceled,0
410.000,nav_rejected,0
410.000,run_seed,2
411.000,anomalies_detected,3
411.000,anomalies_unique,2
411.000,investigation_timeouts,0
411.000,mission_duration_s,364.908
411.000,distance_traveled_m,86.90023339415991
411.000,route_deviations,4
411.000,investigation_time_s,36.60000000000002
411.000,hazard_avoidances,1
411.000,min_hazard_distance_m,5.127701116770095
411.000,collisions,0
411.000,time_below_clearance_s,0.0
411.000,safety_zone_violations,0
411.000,min_ttc_s,18.46718749852059
411.000,avoid_success,1
411.000,avoid_timeout,0
411.000,q_convergence,0.47967325195226496
411.000,update_residual,0.047967325195226486
411.000,investigation_deferred,0
411.000,nav_aborted,0
411.000,nav_canceled,0
411.000,nav_rejected,0
411.000,run_seed,2
412.000,anomalies_detected,3
412.000,anomalies_unique,2
412.000,investigation_timeouts,0
412.000,mission_duration_s,364.908
412.000,distance_traveled_m,86.90023339415991
412.000,route_deviations,4
412.000,investigation_time_s,36.60000000000002
412.000,hazard_avoidances,1
412.000,min_hazard_distance_m,5.127701116770095
412.000,collisions,0
412.000,time_below_clearance_s,0.0
412.000,safety_zone_violations,0
412.000,min_ttc_s,18.46718749852059
412.000,avoid_success,1
412.000,avoid_timeout,0
412.000,q_convergence,0.4179316105723151
412.000,update_residual,0.041793161057231513
412.000,investigation_deferred,0
412.000,nav_aborted,0
412.000,nav_canceled,0
412.000,nav_rejected,0
412.000,run_seed,2
413.000,anomalies_detected,3
413.000,anomalies_unique,2
413.000,investigation_timeouts,0
413.000,mission_duration_s,364.908
413.000,distance_traveled_m,86.90023339415991
413.000,route_deviations,4
413.000,investigation_time_s,36.60000000000002
413.000,hazard_avoidances,1
413.000,min_hazard_distance_m,5.127701116770095
413.000,collisions,0
413.000,time_below_clearance_s,0.0
413.000,safety_zone_violations,0
413.000,min_ttc_s,18.46718749852059
413.000,avoid_success,1
413.000,avoid_timeout,0
413.000,q_convergence,0.36320471810092536
413.000,update_residual,0.036320471810092535
413.000,investigation_deferred,0
413.000,nav_aborted,0
413.000,nav_canceled,0
413.000,nav_rejected,0
413.000,run_seed,2
414.000,anomalies_detected,3
414.000,anomalies_unique,2
414.000,investigation_timeouts,0
414.000,mission_duration_s,364.908
414.000,distance_traveled_m,86.90023339415991
414.000,route_deviations,4
414.000,investigation_time_s,36.60000000000002
414.000,hazard_avoidances,1
414.000,min_hazard_distance_m,5.127701116770095
414.000,collisions,0
414.000,time_below_clearance_s,0.0
414.000,safety_zone_violations,0
414.000,min_ttc_s,18.46718749852059
414.000,avoid_success,1
414.000,avoid_timeout,0
414.000,q_convergence,0.31564414826178094
414.000,update_residual,0.0315644148261781
414.000,investigation_deferred,0
414.000,nav_aborted,0
414.000,nav_canceled,0
414.000,nav_rejected,0
414.000,run_seed,2
415.000,anomalies_detected,3
415.000,anomalies_unique,2
415.000,investigation_timeouts,0
415.000,mission_duration_s,364.908
415.000,distance_traveled_m,86.90023339415991
415.000,route_deviations,4
415.000,investigation_time_s,36.60000000000002
415.000,hazard_avoidances,1
415.000,min_hazard_distance_m,5.127701116770095
415.000,collisions,0
415.000,time_below_clearance_s,0.0
415.000,safety_zone_violations,0
415.000,min_ttc_s,18.46718749852059
415.000,avoid_success,1
415.000,avoid_timeout,0
415.000,q_convergence,0.2749840248681188
415.000,update_residual,0.027498402486811877
415.000,investigation_deferred,0
415.000,nav_aborted,0
415.000,nav_canceled,0
415.000,nav_rejected,0
415.000,run_seed,2
416.000,anomalies_detected,3
416.000,anomalies_unique,2
416.000,investigation_timeouts,0
416.000,mission_duration_s,364.908
416.000,distance_traveled_m,86.90023339415991
416.000,route_deviations,4
416.000,investigation_time_s,36.60000000000002
416.000,hazard_avoidances,1
416.000,min_hazard_distance_m,5.127701116770095
416.000,collisions,0
416.000,time_below_clearance_s,0.0
416.000,safety_zone_violations,0
416.000,min_ttc_s,18.46718749852059
416.000,avoid_success,1
416.000,avoid_timeout,0
416.000,q_convergence,0.2395891701841802
416.000,update_residual,0.02395891701841802
416.000,investigation_deferred,0
416.000,nav_aborted,0
416.000,nav_canceled,0
416.000,nav_rejected,0
416.000,run_seed,2
417.000,anomalies_detected,3
417.000,anomalies_unique,2
417.000,investigation_timeouts,0
417.000,mission_duration_s,364.908
417.000,distance_traveled_m,86.90023339415991
417.000,route_deviations,4
417.000,investigation_time_s,36.60000000000002
417.000,hazard_avoidances,1
417.000,min_hazard_distance_m,5.127701116770095
417.000,collisions,0
417.000,time_below_clearance_s,0.0
417.000,safety_zone_violations,0
417.000,min_ttc_s,18.46718749852059
417.000,avoid_success,1
417.000,avoid_timeout,0
417.000,q_convergence,0.20821568604876464
417.000,update_residual,0.02082156860487646
417.000,investigation_deferred,0
417.000,nav_aborted,0
417.000,nav_canceled,0
417.000,nav_rejected,0
417.000,run_seed,2
418.000,anomalies_detected,3
418.000,anomalies_unique,2
418.000,investigation_timeouts,0
418.000,mission_duration_s,364.908
418.000,distance_traveled_m,86.90023339415991
418.000,route_deviations,4
418.000,investigation_time_s,36.60000000000002
418.000,hazard_avoidances,1
418.000,min_hazard_distance_m,5.127701116770095
418.000,collisions,0
418.000,time_below_clearance_s,0.0
418.000,safety_zone_violations,0
418.000,min_ttc_s,18.46718749852059
418.000,avoid_success,1
418.000,avoid_timeout,0
418.000,q_convergence,0.18095046568019033
418.000,update_residual,0.01809504656801903
418.000,investigation_deferred,0
418.000,nav_aborted,0
418.000,nav_canceled,0
418.000,nav_rejected,0
418.000,run_seed,2
419.000,anomalies_detected,3
419.000,anomalies_unique,2
419.000,investigation_timeouts,0
419.000,mission_duration_s,364.908
419.000,distance_traveled_m,86.90023339415991
419.000,route_deviations,4
419.000,investigation_time_s,36.60000000000002
419.000,hazard_avoidances,1
419.000,min_hazard_distance_m,5.127701116770095
419.000,collisions,0
419.000,time_below_clearance_s,0.0
419.000,safety_zone_violations,0
419.000,min_ttc_s,18.46718749852059
419.000,avoid_success,1
419.000,avoid_timeout,0
419.000,q_convergence,0.1572555442446788
419.000,update_residual,0.015725554424467877
419.000,investigation_deferred,0
419.000,nav_aborted,0
419.000,nav_canceled,0
419.000,nav_rejected,0
419.000,run_seed,2
420.000,anomalies_detected,3
420.000,anomalies_unique,2
420.000,investigation_timeouts,0
420.000,mission_duration_s,364.908
420.000,distance_traveled_m,86.90023339415991
420.000,route_deviations,4
420.000,investigation_time_s,36.60000000000002
420.000,hazard_avoidances,1
420.000,min_hazard_distance_m,5.127701116770095
420.000,collisions,0
420.000,time_below_clearance_s,0.0
420.000,safety_zone_violations,0
420.000,min_ttc_s,18.46718749852059
420.000,avoid_success,1
420.000,avoid_timeout,0
420.000,q_convergence,0.13699846085334275
420.000,update_residual,0.013699846085334278
420.000,investigation_deferred,0
420.000,nav_aborted,0
420.000,nav_canceled,0
420.000,nav_rejected,0
420.000,run_seed,2
421.000,anomalies_detected,3
421.000,anomalies_unique,2
421.000,investigation_timeouts,0
421.000,mission_duration_s,364.908
421.000,distance_traveled_m,86.90023339415991
421.000,route_deviations,4
421.000,investigation_time_s,36.60000000000002
421.000,hazard_avoidances,1
421.000,min_hazard_distance_m,5.127701116770095
421.000,collisions,0
421.000,time_below_clearance_s,0.0
421.000,safety_zone_violations,0
421.000,min_ttc_s,18.46718749852059
421.000,avoid_success,1
421.000,avoid_timeout,0
421.000,q_convergence,0.11936456151627059
421.000,update_residual,0.01193645615162706
421.000,investigation_deferred,0
421.000,nav_aborted,0
421.000,nav_canceled,0
421.000,nav_rejected,0
421.000,run_seed,2
422.000,anomalies_detected,3
422.000,anomalies_unique,2
422.000,investigation_timeouts,0
422.000,mission_duration_s,364.908
422.000,distance_traveled_m,86.90023339415991
422.000,route_deviations,4
422.000,investigation_time_s,36.60000000000002
422.000,hazard_avoidances,1
422.000,min_hazard_distance_m,5.127701116770095
422.000,collisions,0
422.000,time_below_clearance_s,0.0
422.000,safety_zone_violations,0
422.000,min_ttc_s,18.46718749852059
422.000,avoid_success,1
422.000,avoid_timeout,0
422.000,q_convergence,0.10373412974766184
422.000,update_residual,0.010373412974766183
422.000,investigation_deferred,0
422.000,nav_aborted,0
422.000,nav_canceled,0
422.000,nav_rejected,0
422.000,run_seed,2
423.000,anomalies_detected,3
423.000,anomalies_unique,2
423.000,investigation_timeouts,0
423.000,mission_duration_s,364.908
423.000,distance_traveled_m,86.90023339415991
423.000,route_deviations,4
423.000,investigation_time_s,36.60000000000002
423.000,hazard_avoidances,1
423.000,min_hazard_distance_m,5.127701116770095
423.000,collisions,0
423.000,time_below_clearance_s,0.0
423.000,safety_zone_violations,0
423.000,min_ttc_s,18.46718749852059
423.000,avoid_success,1
423.000,avoid_timeout,0
423.000,q_convergence,0.09015045619748628
423.000,update_residual,0.009015045619748628
423.000,investigation_deferred,0
423.000,nav_aborted,0
423.000,nav_canceled,0
423.000,nav_rejected,0
423.000,run_seed,2
424.000,anomalies_detected,3
424.000,anomalies_unique,2
424.000,investigation_timeouts,0
424.000,mission_duration_s,364.908
424.000,distance_traveled_m,86.90023339415991
424.000,route_deviations,4
424.000,investigation_time_s,36.60000000000002
424.000,hazard_avoidances,1
424.000,min_hazard_distance_m,5.127701116770095
424.000,collisions,0
424.000,time_below_clearance_s,0.0
424.000,safety_zone_violations,0
424.000,min_ttc_s,18.46718749852059
424.000,avoid_success,1
424.000,avoid_timeout,0
424.000,q_convergence,0.07853760453155051
424.000,update_residual,0.007853760453155051
424.000,investigation_deferred,0
424.000,nav_aborted,0
424.000,nav_canceled,0
424.000,nav_rejected,0
424.000,run_seed,2
