timestamp,metric,value
43.296,anomalies_detected,0
43.296,anomalies_unique,0
43.296,investigation_timeouts,0
43.296,mission_duration_s,0.0
43.296,distance_traveled_m,0.0
43.296,route_deviations,0
43.296,investigation_time_s,0.0
43.296,hazard_avoidances,0
43.296,min_hazard_distance_m,-1.0
43.296,collisions,0
43.296,time_below_clearance_s,0.0
43.296,safety_zone_violations,0
43.296,min_ttc_s,-1.0
43.296,avoid_success,0
43.296,avoid_timeout,0
43.296,q_convergence,0.0
43.296,update_residual,0.0
43.296,investigation_deferred,0
43.296,nav_aborted,0
43.296,nav_canceled,0
43.296,nav_rejected,0
43.296,run_seed,9
44.000,anomalies_detected,0
44.000,anomalies_unique,0
44.000,investigation_timeouts,0
44.000,mission_duration_s,0.0
44.000,distance_traveled_m,1.7007321220625328e-19
44.000,route_deviations,0
44.000,investigation_time_s,0.0
44.000,hazard_avoidances,0
44.000,min_hazard_distance_m,-1.0
44.000,collisions,0
44.000,time_below_clearance_s,0.0
44.000,safety_zone_violations,0
44.000,min_ttc_s,-1.0
44.000,avoid_success,0
44.000,avoid_timeout,0
44.000,q_convergence,0.0
44.000,update_residual,0.0
44.000,investigation_deferred,0
44.000,nav_aborted,0
44.000,nav_canceled,0
44.000,nav_rejected,0
44.000,run_seed,9
45.000,anomalies_detected,0
45.000,anomalies_unique,0
45.000,investigation_timeouts,0
45.000,mission_duration_s,0.6400000000000006
45.000,distance_traveled_m,0.060239341647964184
45.000,route_deviations,0
45.000,investigation_time_s,0.0
45.000,hazard_avoidances,0
45.000,min_hazard_distance_m,-1.0
45.000,collisions,0
45.000,time_below_clearance_s,0.0
45.000,safety_zone_violations,0
45.000,min_ttc_s,-1.0
45.000,avoid_success,0
45.000,avoid_timeout,0
45.000,q_convergence,0.9492091751465606
45.000,update_residual,0.09492091751465606
45.000,investigation_deferred,0
45.000,nav_aborted,0
45.000,nav_canceled,0
45.000,nav_rejected,0
45.000,run_seed,9
46.000,anomalies_detected,0
46.000,anomalies_unique,0
46.000,investigation_timeouts,0
46.000,mission_duration_s,1.6400000000000006
46.000,distance_traveled_m,0.3138197959386916
46.000,route_deviations,0
46.000,investigation_time_s,0.0
46.000,hazard_avoidances,0
46.000,min_hazard_distance_m,12.10012439808184
46.000,collisions,0
46.000,time_below_clearance_s,0.0
46.000,safety_zone_violations,0
46.000,min_ttc_s,29.524407728869843
46.000,avoid_success,0
46.000,avoid_timeout,0
46.000,q_convergence,0.8397282613926437
46.000,update_residual,0.08397282613926436
46.000,investigation_deferred,0
46.000,nav_aborted,0
46.000,nav_canceled,0
46.000,nav_rejected,0
46.000,run_seed,9
47.000,anomalies_detected,0
47.000,anomalies_unique,0
47.000,investigation_timeouts,0
47.000,mission_duration_s,2.6400000000000006
47.000,distance_traveled_m,0.5758997472146979
47.000,route_deviations,0
47.000,investigation_time_s,0.0
47.000,hazard_avoidances,0
47.000,min_hazard_distance_m,11.904774515119149
47.000,collisions,0
47.000,time_below_clearance_s,0.0
47.000,safety_zone_violations,0
47.000,min_ttc_s,29.524407728869843
47.000,avoid_success,0
47.000,avoid_timeout,0
47.000,q_convergence,0.7316417650943821
47.000,update_residual,0.0731641765094382
47.000,investigation_deferred,0
47.000,nav_aborted,0
47.000,nav_canceled,0
47.000,nav_rejected,0
47.000,run_seed,9
48.000,anomalies_detected,0
48.000,anomalies_unique,0
48.000,investigation_timeouts,0
48.000,mission_duration_s,3.6400000000000006
48.000,distance_traveled_m,0.8379797263480473
48.000,route_deviations,0
48.000,investigation_time_s,0.0
48.000,hazard_avoidances,0
48.000,min_hazard_distance_m,11.705869787962165
48.000,collisions,0
48.000,time_below_clearance_s,0.0
48.000,safety_zone_violations,0
48.000,min_ttc_s,29.524407728869843
48.000,avoid_success,0
48.000,avoid_timeout,0
48.000,q_convergence,0.9050229328111131
48.000,update_residual,0.0905022932811113
48.000,investigation_deferred,0
48.000,nav_aborted,0
48.000,nav_canceled,0
48.000,nav_rejected,0
48.000,run_seed,9
49.000,anomalies_detected,0
49.000,anomalies_unique,0
49.000,investigation_timeouts,0
49.000,mission_duration_s,4.640000000000001
49.000,distance_traveled_m,1.10005971770245
49.000,route_deviations,0
49.000,investigation_time_s,0.0
49.000,hazard_avoidances,0
49.000,min_hazard_distance_m,11.512270957389834
49.000,collisions,0
49.000,time_below_clearance_s,0.0
49.000,safety_zone_violations,0
49.000,min_ttc_s,29.038185229883325
49.000,avoid_success,0
49.000,avoid_timeout,0
49.000,q_convergence,0.9213757431776953
49.000,update_residual,0.09213757431776955
49.000,investigation_deferred,0
49.000,nav_aborted,0
49.000,nav_canceled,0
49.000,nav_rejected,0
49.000,run_seed,9
50.000,anomalies_detected,0
50.000,anomalies_unique,0
50.000,investigation_timeouts,0
50.000,mission_duration_s,5.640000000000001
50.000,distance_traveled_m,1.352779713730512
50.000,route_deviations,0
50.000,investigation_time_s,0.0
50.000,hazard_avoidances,0
50.000,min_hazard_distance_m,11.312059616221829
50.000,collisions,0
50.000,time_below_clearance_s,0.0
50.000,safety_zone_violations,0
50.000,min_ttc_s,28.716499526532925
50.000,avoid_success,0
50.000,avoid_timeout,0
50.000,q_convergence,0.800724349631316
50.000,update_residual,0.08007243496313159
50.000,investigation_deferred,0
50.000,nav_aborted,0
50.000,nav_canceled,0
50.000,nav_rejected,0
50.000,run_seed,9
51.000,anomalies_detected,0
51.000,anomalies_unique,0
51.000,investigation_timeouts,0
51.000,mission_duration_s,6.640000000000001
51.000,distance_traveled_m,1.6148597092530346
51.000,route_deviations,0
51.000,investigation_time_s,0.0
51.000,hazard_avoidances,0
51.000,min_hazard_distance_m,11.113350419847022
51.000,collisions,0
51.000,time_below_clearance_s,0.0
51.000,safety_zone_violations,0
51.000,min_ttc_s,28.384595892073108
51.000,avoid_success,0
51.000,avoid_timeout,0
51.000,q_convergence,0.9136095900612465
51.000,update_residual,0.09136095900612465
51.000,investigation_deferred,0
51.000,nav_aborted,0
51.000,nav_canceled,0
51.000,nav_rejected,0
51.000,run_seed,9
52.000,anomalies_detected,0
52.000,anomalies_unique,0
52.000,investigation_timeouts,0
52.000,mission_duration_s,7.640000000000001
52.000,distance_traveled_m,1.8769397052616474
52.000,route_deviations,0
52.000,investigation_time_s,0.0
52.000,hazard_avoidances,0
52.000,min_hazard_distance_m,10.916472047805762
52.000,collisions,0
52.000,time_below_clearance_s,0.0
52.000,safety_zone_violations,0
52.000,min_ttc_s,28.384595892073108
52.000,avoid_success,0
52.000,avoid_timeout,0
52.000,q_convergence,0.9260057720378846
52.000,update_residual,0.09260057720378848
52.000,investigation_deferred,0
52.000,nav_aborted,0
52.000,nav_canceled,0
52.000,nav_rejected,0
52.000,run_seed,9
53.000,anomalies_detected,0
53.000,anomalies_unique,0
53.000,investigation_timeouts,0
53.000,mission_duration_s,8.64
53.000,distance_traveled_m,2.1390195905678766
53.000,route_deviations,0
53.000,investigation_time_s,0.0
53.000,hazard_avoidances,0
53.000,min_hazard_distance_m,10.721756765158519
53.000,collisions,0
53.000,time_below_clearance_s,0.0
53.000,safety_zone_violations,0
53.000,min_ttc_s,28.021150315350873
53.000,avoid_success,0
53.000,avoid_timeout,0
53.000,q_convergence,0.9706039437857419
53.000,update_residual,0.09706039437857424
53.000,investigation_deferred,0
53.000,nav_aborted,0
53.000,nav_canceled,0
53.000,nav_rejected,0
53.000,run_seed,9
54.000,anomalies_detected,0
54.000,anomalies_unique,0
54.000,investigation_timeouts,0
54.000,mission_duration_s,9.64
54.000,distance_traveled_m,2.391739361061943
54.000,route_deviations,0
54.000,investigation_time_s,0.0
54.000,hazard_avoidances,0
54.000,min_hazard_distance_m,10.519742194613931
54.000,collisions,0
54.000,time_below_clearance_s,0.0
54.000,safety_zone_violations,0
54.000,min_ttc_s,24.931465766182395
54.000,avoid_success,0
54.000,avoid_timeout,0
54.000,q_convergence,0.8210462685218641
54.000,update_residual,0.08210462685218642
54.000,investigation_deferred,0
54.000,nav_aborted,0
54.000,nav_canceled,0
54.000,nav_rejected,0
54.000,run_seed,9
55.000,anomalies_detected,0
55.000,anomalies_unique,0
55.000,investigation_timeouts,0
55.000,mission_duration_s,10.64
55.000,distance_traveled_m,2.653819320078674
55.000,route_deviations,0
55.000,investigation_time_s,0.0
55.000,hazard_avoidances,0
55.000,min_hazard_distance_m,10.311675613478318
55.000,collisions,0
55.000,time_below_clearance_s,0.0
55.000,safety_zone_violations,0
55.000,min_ttc_s,24.931465766182395
55.000,avoid_success,0
55.000,avoid_timeout,0
55.000,q_convergence,0.7152820946132197
55.000,update_residual,0.07152820946132199
55.000,investigation_deferred,0
55.000,nav_aborted,0
55.000,nav_canceled,0
55.000,nav_rejected,0
55.000,run_seed,9
56.000,anomalies_detected,0
56.000,anomalies_unique,0
56.000,investigation_timeouts,0
56.000,mission_duration_s,11.64
56.000,distance_traveled_m,2.9158992736675224
56.000,route_deviations,0
56.000,investigation_time_s,0.0
56.000,hazard_avoidances,0
56.000,min_hazard_distance_m,10.115729853580362
56.000,collisions,0
56.000,time_below_clearance_s,0.0
56.000,safety_zone_violations,0
56.000,min_ttc_s,24.931465766182395
56.000,avoid_success,0
56.000,avoid_timeout,0
56.000,q_convergence,0.623213816068675
56.000,update_residual,0.06232138160686751
56.000,investigation_deferred,0
56.000,nav_aborted,0
56.000,nav_canceled,0
56.000,nav_rejected,0
56.000,run_seed,9
57.000,anomalies_detected,0
57.000,anomalies_unique,0
57.000,investigation_timeouts,0
57.000,mission_duration_s,12.64
57.000,distance_traveled_m,3.17797916003697
57.000,route_deviations,0
57.000,investigation_time_s,0.0
57.000,hazard_avoidances,0
57.000,min_hazard_distance_m,9.914910683779919
57.000,collisions,0
57.000,time_below_clearance_s,0.0
57.000,safety_zone_violations,0
57.000,min_ttc_s,24.798048108853713
57.000,avoid_success,0
57.000,avoid_timeout,0
57.000,q_convergence,1.1424867999123458
57.000,update_residual,0.11424867999123459
57.000,investigation_deferred,0
57.000,nav_aborted,0
57.000,nav_canceled,0
57.000,nav_rejected,0
57.000,run_seed,9
58.000,anomalies_detected,0
58.000,anomalies_unique,0
58.000,investigation_timeouts,0
58.000,mission_duration_s,13.64
58.000,distance_traveled_m,3.440059118870005
58.000,route_deviations,0
58.000,investigation_time_s,0.0
58.000,hazard_avoidances,0
58.000,min_hazard_distance_m,9.717078802969782
58.000,collisions,0
58.000,time_below_clearance_s,0.0
58.000,safety_zone_violations,0
58.000,min_ttc_s,24.798048108853713
58.000,avoid_success,0
58.000,avoid_timeout,0
58.000,q_convergence,0.8293187227816107
58.000,update_residual,0.0829318722781611
58.000,investigation_deferred,0
58.000,nav_aborted,0
58.000,nav_canceled,0
58.000,nav_rejected,0
58.000,run_seed,9
59.000,anomalies_detected,0
59.000,anomalies_unique,0
59.000,investigation_timeouts,0
59.000,mission_duration_s,14.64
59.000,distance_traveled_m,3.692779090470572
59.000,route_deviations,0
59.000,investigation_time_s,0.0
59.000,hazard_avoidances,0
59.000,min_hazard_distance_m,9.528855171796225
59.000,collisions,0
59.000,time_below_clearance_s,0.0
59.000,safety_zone_violations,0
59.000,min_ttc_s,24.798048108853713
59.000,avoid_success,0
59.000,avoid_timeout,0
59.000,q_convergence,0.7207219202951275
59.000,update_residual,0.07207219202951277
59.000,investigation_deferred,0
59.000,nav_aborted,0
59.000,nav_canceled,0
59.000,nav_rejected,0
59.000,run_seed,9
60.000,anomalies_detected,0
60.000,anomalies_unique,0
60.000,investigation_timeouts,0
60.000,mission_duration_s,15.64
60.000,distance_traveled_m,3.9548590485051203
60.000,route_deviations,0
60.000,investigation_time_s,0.0
60.000,hazard_avoidances,0
60.000,min_hazard_distance_m,9.339229686411187
60.000,collisions,0
60.000,time_below_clearance_s,0.0
60.000,safety_zone_violations,0
60.000,min_ttc_s,24.7570607921442
60.000,avoid_success,0
60.000,avoid_timeout,0
60.000,q_convergence,0.6278811615701694
60.000,update_residual,0.06278811615701696
60.000,investigation_deferred,0
60.000,nav_aborted,0
60.000,nav_canceled,0
60.000,nav_rejected,0
60.000,run_seed,9
61.000,anomalies_detected,0
61.000,anomalies_unique,0
61.000,investigation_timeouts,0
61.000,mission_duration_s,16.64
61.000,distance_traveled_m,4.2169390062860375
61.000,route_deviations,0
61.000,investigation_time_s,0.0
61.000,hazard_avoidances,0
61.000,min_hazard_distance_m,9.15337815511829
61.000,collisions,0
61.000,time_below_clearance_s,0.0
61.000,safety_zone_violations,0
61.000,min_ttc_s,24.694441161586415
61.000,avoid_success,0
61.000,avoid_timeout,0
61.000,q_convergence,1.1390036741855651
61.000,update_residual,0.11390036741855651
61.000,investigation_deferred,0
61.000,nav_aborted,0
61.000,nav_canceled,0
61.000,nav_rejected,0
61.000,run_seed,9
62.000,anomalies_detected,0
62.000,anomalies_unique,0
62.000,investigation_timeouts,0
62.000,mission_duration_s,17.64
62.000,distance_traveled_m,4.47901854091359
62.000,route_deviations,0
62.000,investigation_time_s,0.0
62.000,hazard_avoidances,0
62.000,min_hazard_distance_m,8.96069346187507
62.000,collisions,0
62.000,time_below_clearance_s,0.0
62.000,safety_zone_violations,0
62.000,min_ttc_s,24.694441161586415
62.000,avoid_success,0
62.000,avoid_timeout,0
62.000,q_convergence,0.8293187227816107
62.000,update_residual,0.0829318722781611
62.000,investigation_deferred,0
62.000,nav_aborted,0
62.000,nav_canceled,0
62.000,nav_rejected,0
62.000,run_seed,9
63.000,anomalies_detected,0
63.000,anomalies_unique,0
63.000,investigation_timeouts,0
63.000,mission_duration_s,18.64
63.000,distance_traveled_m,4.731738509314539
63.000,route_deviations,0
63.000,investigation_time_s,0.0
63.000,hazard_avoidances,0
63.000,min_hazard_distance_m,8.7454488501122
63.000,collisions,0
63.000,time_below_clearance_s,0.0
63.000,safety_zone_violations,0
63.000,min_ttc_s,20.615882339231273
63.000,avoid_success,0
63.000,avoid_timeout,0
63.000,q_convergence,0.7207219202951275
63.000,update_residual,0.07207219202951277
63.000,investigation_deferred,0
63.000,nav_aborted,0
63.000,nav_canceled,0
63.000,nav_rejected,0
63.000,run_seed,9
64.000,anomalies_detected,0
64.000,anomalies_unique,0
64.000,investigation_timeouts,0
64.000,mission_duration_s,19.64
64.000,distance_traveled_m,4.993818487601176
64.000,route_deviations,0
64.000,investigation_time_s,0.0
64.000,hazard_avoidances,0
64.000,min_hazard_distance_m,8.531211021165294
64.000,collisions,0
64.000,time_below_clearance_s,0.0
64.000,safety_zone_violations,0
64.000,min_ttc_s,20.11404512782741
64.000,avoid_success,0
64.000,avoid_timeout,0
64.000,q_convergence,0.6278811615701694
64.000,update_residual,0.06278811615701696
64.000,investigation_deferred,0
64.000,nav_aborted,0
64.000,nav_canceled,0
64.000,nav_rejected,0
64.000,run_seed,9
65.000,anomalies_detected,0
65.000,anomalies_unique,0
65.000,investigation_timeouts,0
65.000,mission_duration_s,20.64
65.000,distance_traveled_m,5.255898453235901
65.000,route_deviations,0
65.000,investigation_time_s,0.0
65.000,hazard_avoidances,0
65.000,min_hazard_distance_m,8.321285472057983
65.000,collisions,0
65.000,time_below_clearance_s,0.0
65.000,safety_zone_violations,0
65.000,min_ttc_s,20.02610849304688
65.000,avoid_success,0
65.000,avoid_timeout,0
65.000,q_convergence,1.147921491995238
65.000,update_residual,0.11479214919952385
65.000,investigation_deferred,0
65.000,nav_aborted,0
65.000,nav_canceled,0
65.000,nav_rejected,0
65.000,run_seed,9
66.000,anomalies_detected,0
66.000,anomalies_unique,0
66.000,investigation_timeouts,0
66.000,mission_duration_s,21.64
66.000,distance_traveled_m,5.517978401215215
66.000,route_deviations,0
66.000,investigation_time_s,0.0
66.000,hazard_avoidances,0
66.000,min_hazard_distance_m,8.11737102356791
66.000,collisions,0
66.000,time_below_clearance_s,0.0
66.000,safety_zone_violations,0
66.000,min_ttc_s,20.02610849304688
66.000,avoid_success,0
66.000,avoid_timeout,0
66.000,q_convergence,0.8251721291677026
66.000,update_residual,0.08251721291677028
66.000,investigation_deferred,0
66.000,nav_aborted,0
66.000,nav_canceled,0
66.000,nav_rejected,0
66.000,run_seed,9
67.000,anomalies_detected,0
67.000,anomalies_unique,0
67.000,investigation_timeouts,0
67.000,mission_duration_s,22.64
67.000,distance_traveled_m,5.780058391407745
67.000,route_deviations,0
67.000,investigation_time_s,0.0
67.000,hazard_avoidances,0
67.000,min_hazard_distance_m,7.913909500343864
67.000,collisions,0
67.000,time_below_clearance_s,0.0
67.000,safety_zone_violations,0
67.000,min_ttc_s,19.77512765082436
67.000,avoid_success,0
67.000,avoid_timeout,0
67.000,q_convergence,1.0338433755440688
67.000,update_residual,0.10338433755440692
67.000,investigation_deferred,0
67.000,nav_aborted,0
67.000,nav_canceled,0
67.000,nav_rejected,0
67.000,run_seed,9
68.000,anomalies_detected,0
68.000,anomalies_unique,0
68.000,investigation_timeouts,0
68.000,mission_duration_s,23.64
68.000,distance_traveled_m,6.0327783738912775
68.000,route_deviations,0
68.000,investigation_time_s,0.0
68.000,hazard_avoidances,0
68.000,min_hazard_distance_m,7.720682109079257
68.000,collisions,0
68.000,time_below_clearance_s,0.0
68.000,safety_zone_violations,0
68.000,min_ttc_s,19.572114304428474
68.000,avoid_success,0
68.000,avoid_timeout,0
68.000,q_convergence,0.9351503430173471
68.000,update_residual,0.09351503430173469
68.000,investigation_deferred,0
68.000,nav_aborted,0
68.000,nav_canceled,0
68.000,nav_rejected,0
68.000,run_seed,9
69.000,anomalies_detected,0
69.000,anomalies_unique,0
69.000,investigation_timeouts,0
69.000,mission_duration_s,24.64
69.000,distance_traveled_m,6.294858354933808
69.000,route_deviations,0
69.000,investigation_time_s,0.0
69.000,hazard_avoidances,0
69.000,min_hazard_distance_m,7.521456430863629
69.000,collisions,0
69.000,time_below_clearance_s,0.0
69.000,safety_zone_violations,0
69.000,min_ttc_s,19.143400019393557
69.000,avoid_success,0
69.000,avoid_timeout,0
69.000,q_convergence,0.9282760698701198
69.000,update_residual,0.09282760698701199
69.000,investigation_deferred,0
69.000,nav_aborted,0
69.000,nav_canceled,0
69.000,nav_rejected,0
69.000,run_seed,9
70.000,anomalies_detected,0
70.000,anomalies_unique,0
70.000,investigation_timeouts,0
70.000,mission_duration_s,25.64
70.000,distance_traveled_m,6.556938316360097
70.000,route_deviations,0
70.000,investigation_time_s,0.0
70.000,hazard_avoidances,0
70.000,min_hazard_distance_m,7.330203373964639
70.000,collisions,0
70.000,time_below_clearance_s,0.0
70.000,safety_zone_violations,0
70.000,min_ttc_s,19.143400019393557
70.000,avoid_success,0
70.000,avoid_timeout,0
70.000,q_convergence,0.8087920503333915
70.000,update_residual,0.08087920503333919
70.000,investigation_deferred,0
70.000,nav_aborted,0
70.000,nav_canceled,0
70.000,nav_rejected,0
70.000,run_seed,9
71.000,anomalies_detected,0
71.000,anomalies_unique,0
71.000,investigation_timeouts,0
71.000,mission_duration_s,26.64
71.000,distance_traveled_m,6.81901826460648
71.000,route_deviations,0
71.000,investigation_time_s,0.0
71.000,hazard_avoidances,0
71.000,min_hazard_distance_m,7.144425890991732
71.000,collisions,0
71.000,time_below_clearance_s,0.0
71.000,safety_zone_violations,0
71.000,min_ttc_s,19.143400019393557
71.000,avoid_success,0
71.000,avoid_timeout,0
71.000,q_convergence,0.7028831541154267
71.000,update_residual,0.07028831541154267
71.000,investigation_deferred,0
71.000,nav_aborted,0
71.000,nav_canceled,0
71.000,nav_rejected,0
71.000,run_seed,9
72.000,anomalies_detected,0
72.000,anomalies_unique,0
72.000,investigation_timeouts,0
72.000,mission_duration_s,27.64
72.000,distance_traveled_m,7.0717382418083075
72.000,route_deviations,0
72.000,investigation_time_s,0.0
72.000,hazard_avoidances,0
72.000,min_hazard_distance_m,6.968790926390287
72.000,collisions,0
72.000,time_below_clearance_s,0.0
72.000,safety_zone_violations,0
72.000,min_ttc_s,19.143400019393557
72.000,avoid_success,0
72.000,avoid_timeout,0
72.000,q_convergence,0.9363958298710744
72.000,update_residual,0.09363958298710744
72.000,investigation_deferred,0
72.000,nav_aborted,0
72.000,nav_canceled,0
72.000,nav_rejected,0
72.000,run_seed,9
73.000,anomalies_detected,0
73.000,anomalies_unique,0
73.000,investigation_timeouts,0
73.000,mission_duration_s,28.64
73.000,distance_traveled_m,7.333818212991024
73.000,route_deviations,0
73.000,investigation_time_s,0.0
73.000,hazard_avoidances,0
73.000,min_hazard_distance_m,6.794283630321286
73.000,collisions,0
73.000,time_below_clearance_s,0.0
73.000,safety_zone_violations,0
73.000,min_ttc_s,19.143400019393557
73.000,avoid_success,0
73.000,avoid_timeout,0
73.000,q_convergence,0.9098493263253359
73.000,update_residual,0.09098493263253357
73.000,investigation_deferred,0
73.000,nav_aborted,0
73.000,nav_canceled,0
73.000,nav_rejected,0
73.000,run_seed,9
74.000,anomalies_detected,0
74.000,anomalies_unique,0
74.000,investigation_timeouts,0
74.000,mission_duration_s,29.64
74.000,distance_traveled_m,7.595898183766918
74.000,route_deviations,0
74.000,investigation_time_s,0.0
74.000,hazard_avoidances,0
74.000,min_hazard_distance_m,6.619868311071483
74.000,collisions,0
74.000,time_below_clearance_s,0.0
74.000,safety_zone_violations,0
74.000,min_ttc_s,19.143400019393557
74.000,avoid_success,0
74.000,avoid_timeout,0
74.000,q_convergence,0.7927371242437437
74.000,update_residual,0.07927371242437434
74.000,investigation_deferred,0
74.000,nav_aborted,0
74.000,nav_canceled,0
74.000,nav_rejected,0
74.000,run_seed,9
75.000,anomalies_detected,0
75.000,anomalies_unique,0
75.000,investigation_timeouts,0
75.000,mission_duration_s,30.64
75.000,distance_traveled_m,7.857978167294633
75.000,route_deviations,0
75.000,investigation_time_s,0.0
75.000,hazard_avoidances,0
75.000,min_hazard_distance_m,6.445648674864487
75.000,collisions,0
75.000,time_below_clearance_s,0.0
75.000,safety_zone_violations,0
75.000,min_ttc_s,18.62954993023143
75.000,avoid_success,0
75.000,avoid_timeout,0
75.000,q_convergence,0.6889305725039605
75.000,update_residual,0.06889305725039604
75.000,investigation_deferred,0
75.000,nav_aborted,0
75.000,nav_canceled,0
75.000,nav_rejected,0
75.000,run_seed,9
76.000,anomalies_detected,0
76.000,anomalies_unique,0
76.000,investigation_timeouts,0
76.000,mission_duration_s,31.64
76.000,distance_traveled_m,8.120058162962655
76.000,route_deviations,0
76.000,investigation_time_s,0.0
76.000,hazard_avoidances,0
76.000,min_hazard_distance_m,6.272860497160405
76.000,collisions,0
76.000,time_below_clearance_s,0.0
76.000,safety_zone_violations,0
76.000,min_ttc_s,18.507917919778134
76.000,avoid_success,0
76.000,avoid_timeout,0
76.000,q_convergence,0.9703396026832589
76.000,update_residual,0.0970339602683259
76.000,investigation_deferred,0
76.000,nav_aborted,0
76.000,nav_canceled,0
76.000,nav_rejected,0
76.000,run_seed,9
77.000,anomalies_detected,0
77.000,anomalies_unique,0
77.000,investigation_timeouts,0
77.000,mission_duration_s,32.64
77.000,distance_traveled_m,8.372778159073782
77.000,route_deviations,0
77.000,investigation_time_s,0.0
77.000,hazard_avoidances,0
77.000,min_hazard_distance_m,6.110090581292964
77.000,collisions,0
77.000,time_below_clearance_s,0.0
77.000,safety_zone_violations,0
77.000,min_ttc_s,18.40598275293924
77.000,avoid_success,0
77.000,avoid_timeout,0
77.000,q_convergence,0.8940776919673346
77.000,update_residual,0.08940776919673343
77.000,investigation_deferred,0
77.000,nav_aborted,0
77.000,nav_canceled,0
77.000,nav_rejected,0
77.000,run_seed,9
78.000,anomalies_detected,0
78.000,anomalies_unique,0
78.000,investigation_timeouts,0
78.000,mission_duration_s,33.64
78.000,distance_traveled_m,8.634858157147306
78.000,route_deviations,0
78.000,investigation_time_s,0.0
78.000,hazard_avoidances,0
78.000,min_hazard_distance_m,5.947004985122137
78.000,collisions,0
78.000,time_below_clearance_s,0.0
78.000,safety_zone_violations,0
78.000,min_ttc_s,18.40598275293924
78.000,avoid_success,0
78.000,avoid_timeout,0
78.000,q_convergence,0.7789058775075814
78.000,update_residual,0.07789058775075812
78.000,investigation_deferred,0
78.000,nav_aborted,0
78.000,nav_canceled,0
78.000,nav_rejected,0
78.000,run_seed,9
79.000,anomalies_detected,0
79.000,anomalies_unique,0
79.000,investigation_timeouts,0
79.000,mission_duration_s,34.64
79.000,distance_traveled_m,8.896938155618237
79.000,route_deviations,0
79.000,investigation_time_s,0.0
79.000,hazard_avoidances,0
79.000,min_hazard_distance_m,5.791003503961098
79.000,collisions,0
79.000,time_below_clearance_s,0.0
79.000,safety_zone_violations,0
79.000,min_ttc_s,18.40598275293924
79.000,avoid_success,0
79.000,avoid_timeout,0
79.000,q_convergence,0.6786481975930173
79.000,update_residual,0.06786481975930173
79.000,investigation_deferred,0
79.000,nav_aborted,0
79.000,nav_canceled,0
79.000,nav_rejected,0
79.000,run_seed,9
80.000,anomalies_detected,0
80.000,anomalies_unique,0
80.000,investigation_timeouts,0
80.000,mission_duration_s,35.64
80.000,distance_traveled_m,9.159018152296762
80.000,route_deviations,0
80.000,investigation_time_s,0.0
80.000,hazard_avoidances,0
80.000,min_hazard_distance_m,5.643067012199459
80.000,collisions,0
80.000,time_below_clearance_s,0.0
80.000,safety_zone_violations,0
80.000,min_ttc_s,18.40598275293924
80.000,avoid_success,0
80.000,avoid_timeout,0
80.000,q_convergence,1.0247927984852685
80.000,update_residual,0.10247927984852688
80.000,investigation_deferred,0
80.000,nav_aborted,0
80.000,nav_canceled,0
80.000,nav_rejected,0
80.000,run_seed,9
81.000,anomalies_detected,0
81.000,anomalies_unique,0
81.000,investigation_timeouts,0
81.000,mission_duration_s,36.64
81.000,distance_traveled_m,9.411738151108919
81.000,route_deviations,0
81.000,investigation_time_s,0.0
81.000,hazard_avoidances,0
81.000,min_hazard_distance_m,5.507741854636666
81.000,collisions,0
81.000,time_below_clearance_s,0.0
81.000,safety_zone_violations,0
81.000,min_ttc_s,18.40598275293924
81.000,avoid_success,0
81.000,avoid_timeout,0
81.000,q_convergence,0.8719481542852267
81.000,update_residual,0.08719481542852268
81.000,investigation_deferred,0
81.000,nav_aborted,0
81.000,nav_canceled,0
81.000,nav_rejected,0
81.000,run_seed,9
82.000,anomalies_detected,0
82.000,anomalies_unique,0
82.000,investigation_timeouts,0
82.000,mission_duration_s,37.64
82.000,distance_traveled_m,9.67381814901894
82.000,route_deviations,0
82.000,investigation_time_s,0.0
82.000,hazard_avoidances,0
82.000,min_hazard_distance_m,5.381360192676626
82.000,collisions,0
82.000,time_below_clearance_s,0.0
82.000,safety_zone_violations,0
82.000,min_ttc_s,18.40598275293924
82.000,avoid_success,0
82.000,avoid_timeout,0
82.000,q_convergence,0.7596269858385687
82.000,update_residual,0.07596269858385687
82.000,investigation_deferred,0
82.000,nav_aborted,0
82.000,nav_canceled,0
82.000,nav_rejected,0
82.000,run_seed,9
83.000,anomalies_detected,0
83.000,anomalies_unique,0
83.000,investigation_timeouts,0
83.000,mission_duration_s,38.64
83.000,distance_traveled_m,9.935898145718308
83.000,route_deviations,0
83.000,investigation_time_s,0.0
83.000,hazard_avoidances,0
83.000,min_hazard_distance_m,5.255946283937548
83.000,collisions,0
83.000,time_below_clearance_s,0.0
83.000,safety_zone_violations,0
83.000,min_ttc_s,18.40598275293924
83.000,avoid_success,0
83.000,avoid_timeout,0
83.000,q_convergence,0.661850808510998
83.000,update_residual,0.0661850808510998
83.000,investigation_deferred,0
83.000,nav_aborted,0
83.000,nav_canceled,0
83.000,nav_rejected,0
83.000,run_seed,9
84.000,anomalies_detected,0
84.000,anomalies_unique,0
84.000,investigation_timeouts,0
84.000,mission_duration_s,39.64
84.000,distance_traveled_m,10.197978144419267
84.000,route_deviations,0
84.000,investigation_time_s,0.0
84.000,hazard_avoidances,0
84.000,min_hazard_distance_m,5.1485779170585975
84.000,collisions,0
84.000,time_below_clearance_s,0.0
84.000,safety_zone_violations,0
84.000,min_ttc_s,18.40598275293924
84.000,avoid_success,0
84.000,avoid_timeout,0
84.000,q_convergence,1.0687032794046447
84.000,update_residual,0.10687032794046446
84.000,investigation_deferred,0
84.000,nav_aborted,0
84.000,nav_canceled,0
84.000,nav_rejected,0
84.000,run_seed,9
85.000,anomalies_detected,0
85.000,anomalies_unique,0
85.000,investigation_timeouts,0
85.000,mission_duration_s,40.64
85.000,distance_traveled_m,10.460058141171114
85.000,route_deviations,0
85.000,investigation_time_s,0.0
85.000,hazard_avoidances,0
85.000,min_hazard_distance_m,5.04876154583917
85.000,collisions,0
85.000,time_below_clearance_s,0.0
85.000,safety_zone_violations,0
85.000,min_ttc_s,18.40598275293924
85.000,avoid_success,0
85.000,avoid_timeout,0
85.000,q_convergence,0.8546395479935552
85.000,update_residual,0.08546395479935552
85.000,investigation_deferred,0
85.000,nav_aborted,0
85.000,nav_canceled,0
85.000,nav_rejected,0
85.000,run_seed,9
86.000,anomalies_detected,0
86.000,anomalies_unique,0
86.000,investigation_timeouts,0
86.000,mission_duration_s,41.64
86.000,distance_traveled_m,10.712778140134185
86.000,route_deviations,0
86.000,investigation_time_s,0.0
86.000,hazard_avoidances,0
86.000,min_hazard_distance_m,4.960109562375988
86.000,collisions,0
86.000,time_below_clearance_s,0.0
86.000,safety_zone_violations,0
86.000,min_ttc_s,18.40598275293924
86.000,avoid_success,0
86.000,avoid_timeout,0
86.000,q_convergence,0.7427270592952459
86.000,update_residual,0.0742727059295246
86.000,investigation_deferred,0
86.000,nav_aborted,0
86.000,nav_canceled,0
86.000,nav_rejected,0
86.000,run_seed,9
87.000,anomalies_detected,0
87.000,anomalies_unique,0
87.000,investigation_timeouts,0
87.000,mission_duration_s,42.64
87.000,distance_traveled_m,10.97485813809648
87.000,route_deviations,0
87.000,investigation_time_s,0.0
87.000,hazard_avoidances,0
87.000,min_hazard_distance_m,4.884437509746701
87.000,collisions,0
87.000,time_below_clearance_s,0.0
87.000,safety_zone_violations,0
87.000,min_ttc_s,18.40598275293924
87.000,avoid_success,0
87.000,avoid_timeout,0
87.000,q_convergence,0.6470516791398992
87.000,update_residual,0.06470516791398993
87.000,investigation_deferred,0
87.000,nav_aborted,0
87.000,nav_canceled,0
87.000,nav_rejected,0
87.000,run_seed,9
88.000,anomalies_detected,0
88.000,anomalies_unique,0
88.000,investigation_timeouts,0
88.000,mission_duration_s,43.64
88.000,distance_traveled_m,11.169873063646795
88.000,route_deviations,1
88.000,investigation_time_s,0.0
88.000,hazard_avoidances,1
88.000,min_hazard_distance_m,4.838036679088752
88.000,collisions,0
88.000,time_below_clearance_s,0.0
88.000,safety_zone_violations,0
88.000,min_ttc_s,18.40598275293924
88.000,avoid_success,0
88.000,avoid_timeout,0
88.000,q_convergence,2.033485301304453
88.000,update_residual,0.11189435738212718
88.000,investigation_deferred,0
88.000,nav_aborted,0
88.000,nav_canceled,0
88.000,nav_rejected,0
88.000,run_seed,9
89.000,anomalies_detected,0
89.000,anomalies_unique,0
89.000,investigation_timeouts,0
89.000,mission_duration_s,44.64
89.000,distance_traveled_m,11.239306944098692
89.000,route_deviations,1
89.000,investigation_time_s,0.0
89.000,hazard_avoidances,1
89.000,min_hazard_distance_m,4.838036679088752
89.000,collisions,0
89.000,time_below_clearance_s,0.0
89.000,safety_zone_violations,0
89.000,min_ttc_s,18.40598275293924
89.000,avoid_success,0
89.000,avoid_timeout,0
89.000,q_convergence,2.62667597180006
89.000,update_residual,0.006763262112024716
89.000,investigation_deferred,0
89.000,nav_aborted,0
89.000,nav_canceled,0
89.000,nav_rejected,0
89.000,run_seed,9
90.000,anomalies_detected,0
90.000,anomalies_unique,0
90.000,investigation_timeouts,0
90.000,mission_duration_s,45.64
90.000,distance_traveled_m,11.429103288048323
90.000,route_deviations,1
90.000,investigation_time_s,0.0
90.000,hazard_avoidances,1
90.000,min_hazard_distance_m,4.838036679088752
90.000,collisions,0
90.000,time_below_clearance_s,0.0
90.000,safety_zone_violations,0
90.000,min_ttc_s,18.40598275293924
90.000,avoid_success,0
90.000,avoid_timeout,0
90.000,q_convergence,2.7027800160928055
90.000,update_residual,0.0006910594591964089
90.000,investigation_deferred,0
90.000,nav_aborted,0
90.000,nav_canceled,0
90.000,nav_rejected,0
90.000,run_seed,9
91.000,anomalies_detected,0
91.000,anomalies_unique,0
91.000,investigation_timeouts,0
91.000,mission_duration_s,46.64
91.000,distance_traveled_m,11.691182825465873
91.000,route_deviations,1
91.000,investigation_time_s,0.0
91.000,hazard_avoidances,1
91.000,min_hazard_distance_m,4.838036679088752
91.000,collisions,0
91.000,time_below_clearance_s,0.0
91.000,safety_zone_violations,0
91.000,min_ttc_s,18.40598275293924
91.000,avoid_success,0
91.000,avoid_timeout,0
91.000,q_convergence,2.7069132323655776
91.000,update_residual,9.154101754857733e-05
91.000,investigation_deferred,0
91.000,nav_aborted,0
91.000,nav_canceled,0
91.000,nav_rejected,0
91.000,run_seed,9
92.000,anomalies_detected,0
92.000,anomalies_unique,0
92.000,investigation_timeouts,0
92.000,mission_duration_s,47.64
92.000,distance_traveled_m,11.953262802920515
92.000,route_deviations,1
92.000,investigation_time_s,0.0
92.000,hazard_avoidances,1
92.000,min_hazard_distance_m,4.838036679088752
92.000,collisions,0
92.000,time_below_clearance_s,0.0
92.000,safety_zone_violations,0
92.000,min_ttc_s,18.40598275293924
92.000,avoid_success,0
92.000,avoid_timeout,0
92.000,q_convergence,2.7060494688582657
92.000,update_residual,5.164666817303717e-06
92.000,investigation_deferred,0
92.000,nav_aborted,0
92.000,nav_canceled,0
92.000,nav_rejected,0
92.000,run_seed,9
93.000,anomalies_detected,0
93.000,anomalies_unique,0
93.000,investigation_timeouts,0
93.000,mission_duration_s,48.64
93.000,distance_traveled_m,12.215342737729499
93.000,route_deviations,1
93.000,investigation_time_s,0.0
93.000,hazard_avoidances,1
93.000,min_hazard_distance_m,4.838036679088752
93.000,collisions,0
93.000,time_below_clearance_s,0.0
93.000,safety_zone_violations,0
93.000,min_ttc_s,18.40598275293924
93.000,avoid_success,0
93.000,avoid_timeout,0
93.000,q_convergence,1.8772742140463607
93.000,update_residual,0.045181733906130936
93.000,investigation_deferred,0
93.000,nav_aborted,0
93.000,nav_canceled,0
93.000,nav_rejected,0
93.000,run_seed,9
94.000,anomalies_detected,0
94.000,anomalies_unique,0
94.000,investigation_timeouts,0
94.000,mission_duration_s,49.64
94.000,distance_traveled_m,12.477422698526642
94.000,route_deviations,1
94.000,investigation_time_s,0.0
94.000,hazard_avoidances,1
94.000,min_hazard_distance_m,4.838036679088752
94.000,collisions,0
94.000,time_below_clearance_s,0.0
94.000,safety_zone_violations,0
94.000,min_ttc_s,18.40598275293924
94.000,avoid_success,0
94.000,avoid_timeout,0
94.000,q_convergence,1.902442460863138
94.000,update_residual,0.03976556879984409
94.000,investigation_deferred,0
94.000,nav_aborted,0
94.000,nav_canceled,0
94.000,nav_rejected,0
94.000,run_seed,9
95.000,anomalies_detected,0
95.000,anomalies_unique,0
95.000,investigation_timeouts,0
95.000,mission_duration_s,50.64
95.000,distance_traveled_m,12.700213627811864
95.000,route_deviations,1
95.000,investigation_time_s,0.0
95.000,hazard_avoidances,1
95.000,min_hazard_distance_m,4.838036679088752
95.000,collisions,0
95.000,time_below_clearance_s,0.0
95.000,safety_zone_violations,0
95.000,min_ttc_s,18.40598275293924
95.000,avoid_success,0
95.000,avoid_timeout,0
95.000,q_convergence,1.9903175897738947
95.000,update_residual,0.00352341632415533
95.000,investigation_deferred,0
95.000,nav_aborted,0
95.000,nav_canceled,0
95.000,nav_rejected,0
95.000,run_seed,9
96.000,anomalies_detected,0
96.000,anomalies_unique,0
96.000,investigation_timeouts,0
96.000,mission_duration_s,51.64
96.000,distance_traveled_m,12.700213627821253
96.000,route_deviations,1
96.000,investigation_time_s,0.0
96.000,hazard_avoidances,1
96.000,min_hazard_distance_m,4.838036679088752
96.000,collisions,0
96.000,time_below_clearance_s,0.0
96.000,safety_zone_violations,0
96.000,min_ttc_s,18.40598275293924
96.000,avoid_success,1
96.000,avoid_timeout,0
96.000,q_convergence,1.6333940491018921
96.000,update_residual,0.03230772695678641
96.000,investigation_deferred,0
96.000,nav_aborted,0
96.000,nav_canceled,0
96.000,nav_rejected,0
96.000,run_seed,9
97.000,anomalies_detected,0
97.000,anomalies_unique,0
97.000,investigation_timeouts,0
97.000,mission_duration_s,52.64
97.000,distance_traveled_m,12.827241435217076
97.000,route_deviations,1
97.000,investigation_time_s,0.0
97.000,hazard_avoidances,1
97.000,min_hazard_distance_m,4.838036679088752
97.000,collisions,0
97.000,time_below_clearance_s,0.0
97.000,safety_zone_violations,0
97.000,min_ttc_s,18.40598275293924
97.000,avoid_success,1
97.000,avoid_timeout,0
97.000,q_convergence,1.7324267316227255
97.000,update_residual,0.007060581907023521
97.000,investigation_deferred,0
97.000,nav_aborted,0
97.000,nav_canceled,0
97.000,nav_rejected,0
97.000,run_seed,9
98.000,anomalies_detected,0
98.000,anomalies_unique,0
98.000,investigation_timeouts,0
98.000,mission_duration_s,53.64
98.000,distance_traveled_m,12.86681059296024
98.000,route_deviations,1
98.000,investigation_time_s,0.0
98.000,hazard_avoidances,1
98.000,min_hazard_distance_m,4.838036679088752
98.000,collisions,0
98.000,time_below_clearance_s,0.0
98.000,safety_zone_violations,0
98.000,min_ttc_s,18.40598275293924
98.000,avoid_success,1
98.000,avoid_timeout,0
98.000,q_convergence,1.5006098738793026
98.000,update_residual,0.008806209820968577
98.000,investigation_deferred,0
98.000,nav_aborted,0
98.000,nav_canceled,0
98.000,nav_rejected,0
98.000,run_seed,9
99.000,anomalies_detected,0
99.000,anomalies_unique,0
99.000,investigation_timeouts,0
99.000,mission_duration_s,54.64
99.000,distance_traveled_m,13.095767611980337
99.000,route_deviations,1
99.000,investigation_time_s,0.0
99.000,hazard_avoidances,1
99.000,min_hazard_distance_m,4.838036679088752
99.000,collisions,0
99.000,time_below_clearance_s,0.0
99.000,safety_zone_violations,0
99.000,min_ttc_s,18.40598275293924
99.000,avoid_success,1
99.000,avoid_timeout,0
99.000,q_convergence,1.1412202388415913
99.000,update_residual,0.007555245588792377
99.000,investigation_deferred,0
99.000,nav_aborted,0
99.000,nav_canceled,0
99.000,nav_rejected,0
99.000,run_seed,9
100.000,anomalies_detected,0
100.000,anomalies_unique,0
100.000,investigation_timeouts,0
100.000,mission_duration_s,55.64
100.000,distance_traveled_m,13.357847407543602
100.000,route_deviations,1
100.000,investigation_time_s,0.0
100.000,hazard_avoidances,1
100.000,min_hazard_distance_m,4.838036679088752
100.000,collisions,0
100.000,time_below_clearance_s,0.0
100.000,safety_zone_violations,0
100.000,min_ttc_s,18.40598275293924
100.000,avoid_success,1
100.000,avoid_timeout,0
100.000,q_convergence,1.1324521155053224
100.000,update_residual,0.006821349381385205
100.000,investigation_deferred,0
100.000,nav_aborted,0
100.000,nav_canceled,0
100.000,nav_rejected,0
100.000,run_seed,9
101.000,anomalies_detected,0
101.000,anomalies_unique,0
101.000,investigation_timeouts,0
101.000,mission_duration_s,56.64
101.000,distance_traveled_m,13.619927398103744
101.000,route_deviations,1
101.000,investigation_time_s,0.0
101.000,hazard_avoidances,1
101.000,min_hazard_distance_m,4.838036679088752
101.000,collisions,0
101.000,time_below_clearance_s,0.0
101.000,safety_zone_violations,0
101.000,min_ttc_s,18.40598275293924
101.000,avoid_success,1
101.000,avoid_timeout,0
101.000,q_convergence,1.0740896342206379
101.000,update_residual,0.005352386629933987
101.000,investigation_deferred,0
101.000,nav_aborted,0
101.000,nav_canceled,0
101.000,nav_rejected,0
101.000,run_seed,9
102.000,anomalies_detected,0
102.000,anomalies_unique,0
102.000,investigation_timeouts,0
102.000,mission_duration_s,57.64
102.000,distance_traveled_m,13.882007397572202
102.000,route_deviations,1
102.000,investigation_time_s,0.0
102.000,hazard_avoidances,1
102.000,min_hazard_distance_m,4.838036679088752
102.000,collisions,0
102.000,time_below_clearance_s,0.0
102.000,safety_zone_violations,0
102.000,min_ttc_s,18.40598275293924
102.000,avoid_success,1
102.000,avoid_timeout,0
102.000,q_convergence,0.9940127331318217
102.000,update_residual,0.012653183039871832
102.000,investigation_deferred,0
102.000,nav_aborted,0
102.000,nav_canceled,0
102.000,nav_rejected,0
102.000,run_seed,9
103.000,anomalies_detected,0
103.000,anomalies_unique,0
103.000,investigation_timeouts,0
103.000,mission_duration_s,58.64
103.000,distance_traveled_m,14.144087397445238
103.000,route_deviations,1
103.000,investigation_time_s,0.0
103.000,hazard_avoidances,1
103.000,min_hazard_distance_m,4.838036679088752
103.000,collisions,0
103.000,time_below_clearance_s,0.0
103.000,safety_zone_violations,0
103.000,min_ttc_s,18.40598275293924
103.000,avoid_success,1
103.000,avoid_timeout,0
103.000,q_convergence,0.9762106422438538
103.000,update_residual,0.010872973951075041
103.000,investigation_deferred,0
103.000,nav_aborted,0
103.000,nav_canceled,0
103.000,nav_rejected,0
103.000,run_seed,9
104.000,anomalies_detected,0
104.000,anomalies_unique,0
104.000,investigation_timeouts,0
104.000,mission_duration_s,59.64
104.000,distance_traveled_m,14.396807397365379
104.000,route_deviations,1
104.000,investigation_time_s,0.0
104.000,hazard_avoidances,1
104.000,min_hazard_distance_m,4.838036679088752
104.000,collisions,0
104.000,time_below_clearance_s,0.0
104.000,safety_zone_violations,0
104.000,min_ttc_s,18.40598275293924
104.000,avoid_success,1
104.000,avoid_timeout,0
104.000,q_convergence,0.9609035733391732
104.000,update_residual,0.02514279259860727
104.000,investigation_deferred,0
104.000,nav_aborted,0
104.000,nav_canceled,0
104.000,nav_rejected,0
104.000,run_seed,9
105.000,anomalies_detected,0
105.000,anomalies_unique,0
105.000,investigation_timeouts,0
105.000,mission_duration_s,60.64
105.000,distance_traveled_m,14.658887397318393
105.000,route_deviations,1
105.000,investigation_time_s,0.0
105.000,hazard_avoidances,1
105.000,min_hazard_distance_m,4.838036679088752
105.000,collisions,0
105.000,time_below_clearance_s,0.0
105.000,safety_zone_violations,0
105.000,min_ttc_s,18.40598275293924
105.000,avoid_success,1
105.000,avoid_timeout,0
105.000,q_convergence,0.9535280596492469
105.000,update_residual,0.021616929232610906
105.000,investigation_deferred,0
105.000,nav_aborted,0
105.000,nav_canceled,0
105.000,nav_rejected,0
105.000,run_seed,9
106.000,anomalies_detected,0
106.000,anomalies_unique,0
106.000,investigation_timeouts,0
106.000,mission_duration_s,61.64
106.000,distance_traveled_m,14.920967397267328
106.000,route_deviations,1
106.000,investigation_time_s,0.0
106.000,hazard_avoidances,1
106.000,min_hazard_distance_m,4.838036679088752
106.000,collisions,0
106.000,time_below_clearance_s,0.0
106.000,safety_zone_violations,0
106.000,min_ttc_s,18.40598275293924
106.000,avoid_success,1
106.000,avoid_timeout,0
106.000,q_convergence,0.9185514912376158
106.000,update_residual,0.029179653901294882
106.000,investigation_deferred,0
106.000,nav_aborted,0
106.000,nav_canceled,0
106.000,nav_rejected,0
106.000,run_seed,9
107.000,anomalies_detected,0
107.000,anomalies_unique,0
107.000,investigation_timeouts,0
107.000,mission_duration_s,62.64
107.000,distance_traveled_m,15.183047397217218
107.000,route_deviations,1
107.000,investigation_time_s,0.0
107.000,hazard_avoidances,1
107.000,min_hazard_distance_m,4.838036679088752
107.000,collisions,0
107.000,time_below_clearance_s,0.0
107.000,safety_zone_violations,0
107.000,min_ttc_s,18.40598275293924
107.000,avoid_success,1
107.000,avoid_timeout,0
107.000,q_convergence,0.919094182382934
107.000,update_residual,0.033710744103145764
107.000,investigation_deferred,0
107.000,nav_aborted,0
107.000,nav_canceled,0
107.000,nav_rejected,0
107.000,run_seed,9
108.000,anomalies_detected,0
108.000,anomalies_unique,0
108.000,investigation_timeouts,0
108.000,mission_duration_s,63.64
108.000,distance_traveled_m,15.435767397171508
108.000,route_deviations,1
108.000,investigation_time_s,0.0
108.000,hazard_avoidances,1
108.000,min_hazard_distance_m,4.838036679088752
108.000,collisions,0
108.000,time_below_clearance_s,0.0
108.000,safety_zone_violations,0
108.000,min_ttc_s,18.40598275293924
108.000,avoid_success,1
108.000,avoid_timeout,0
108.000,q_convergence,0.9663027246451177
108.000,update_residual,0.043356101525415025
108.000,investigation_deferred,0
108.000,nav_aborted,0
108.000,nav_canceled,0
108.000,nav_rejected,0
108.000,run_seed,9
109.000,anomalies_detected,0
109.000,anomalies_unique,0
109.000,investigation_timeouts,0
109.000,mission_duration_s,64.64
109.000,distance_traveled_m,15.69784739712235
109.000,route_deviations,1
109.000,investigation_time_s,0.0
109.000,hazard_avoidances,1
109.000,min_hazard_distance_m,4.838036679088752
109.000,collisions,0
109.000,time_below_clearance_s,0.0
109.000,safety_zone_violations,0
109.000,min_ttc_s,18.40598275293924
109.000,avoid_success,1
109.000,avoid_timeout,0
109.000,q_convergence,0.9104529822184187
109.000,update_residual,0.037771127282745155
109.000,investigation_deferred,0
109.000,nav_aborted,0
109.000,nav_canceled,0
109.000,nav_rejected,0
109.000,run_seed,9
110.000,anomalies_detected,0
110.000,anomalies_unique,0
110.000,investigation_timeouts,0
110.000,mission_duration_s,65.64
110.000,distance_traveled_m,15.959927397075136
110.000,route_deviations,1
110.000,investigation_time_s,0.0
110.000,hazard_avoidances,1
110.000,min_hazard_distance_m,4.838036679088752
110.000,collisions,0
110.000,time_below_clearance_s,0.0
110.000,safety_zone_violations,0
110.000,min_ttc_s,18.40598275293924
110.000,avoid_success,1
110.000,avoid_timeout,0
110.000,q_convergence,0.8566680812261469
110.000,update_residual,0.04038376282438248
110.000,investigation_deferred,0
110.000,nav_aborted,0
110.000,nav_canceled,0
110.000,nav_rejected,0
110.000,run_seed,9
111.000,anomalies_detected,0
111.000,anomalies_unique,0
111.000,investigation_timeouts,0
111.000,mission_duration_s,66.64
111.000,distance_traveled_m,16.222007397028
111.000,route_deviations,1
111.000,investigation_time_s,0.0
111.000,hazard_avoidances,1
111.000,min_hazard_distance_m,4.838036679088752
111.000,collisions,0
111.000,time_below_clearance_s,0.0
111.000,safety_zone_violations,0
111.000,min_ttc_s,18.40598275293924
111.000,avoid_success,1
111.000,avoid_timeout,0
111.000,q_convergence,0.9341174095017831
111.000,update_residual,0.05136319888753412
111.000,investigation_deferred,0
111.000,nav_aborted,0
111.000,nav_canceled,0
111.000,nav_rejected,0
111.000,run_seed,9
112.000,anomalies_detected,0
112.000,anomalies_unique,0
112.000,investigation_timeouts,0
112.000,mission_duration_s,67.64
112.000,distance_traveled_m,16.484087396975287
112.000,route_deviations,1
112.000,investigation_time_s,0.0
112.000,hazard_avoidances,1
112.000,min_hazard_distance_m,4.838036679088752
112.000,collisions,0
112.000,time_below_clearance_s,0.0
112.000,safety_zone_violations,0
112.000,min_ttc_s,18.40598275293924
112.000,avoid_success,1
112.000,avoid_timeout,0
112.000,q_convergence,0.9450624264195964
112.000,update_residual,0.056015654138462254
112.000,investigation_deferred,0
112.000,nav_aborted,0
112.000,nav_canceled,0
112.000,nav_rejected,0
112.000,run_seed,9
113.000,anomalies_detected,0
113.000,anomalies_unique,0
113.000,investigation_timeouts,0
113.000,mission_duration_s,68.64
113.000,distance_traveled_m,16.73680739692163
113.000,route_deviations,1
113.000,investigation_time_s,0.0
113.000,hazard_avoidances,1
113.000,min_hazard_distance_m,4.838036679088752
113.000,collisions,0
113.000,time_below_clearance_s,0.0
113.000,safety_zone_violations,0
113.000,min_ttc_s,18.40598275293924
113.000,avoid_success,1
113.000,avoid_timeout,0
113.000,q_convergence,0.8717116052995524
113.000,update_residual,0.048680572026457855
113.000,investigation_deferred,0
113.000,nav_aborted,0
113.000,nav_canceled,0
113.000,nav_rejected,0
113.000,run_seed,9
114.000,anomalies_detected,0
114.000,anomalies_unique,0
114.000,investigation_timeouts,0
114.000,mission_duration_s,69.64
114.000,distance_traveled_m,16.99888739687687
114.000,route_deviations,1
114.000,investigation_time_s,0.0
114.000,hazard_avoidances,1
114.000,min_hazard_distance_m,4.838036679088752
114.000,collisions,0
114.000,time_below_clearance_s,0.0
114.000,safety_zone_violations,0
114.000,min_ttc_s,18.40598275293924
114.000,avoid_success,1
114.000,avoid_timeout,0
114.000,q_convergence,0.8054020254794788
114.000,update_residual,0.04782320231997514
114.000,investigation_deferred,0
114.000,nav_aborted,0
114.000,nav_canceled,0
114.000,nav_rejected,0
114.000,run_seed,9
115.000,anomalies_detected,0
115.000,anomalies_unique,0
115.000,investigation_timeouts,0
115.000,mission_duration_s,70.64
115.000,distance_traveled_m,17.260967396830452
115.000,route_deviations,1
115.000,investigation_time_s,0.0
115.000,hazard_avoidances,1
115.000,min_hazard_distance_m,4.838036679088752
115.000,collisions,0
115.000,time_below_clearance_s,0.0
115.000,safety_zone_violations,0
115.000,min_ttc_s,18.40598275293924
115.000,avoid_success,1
115.000,avoid_timeout,0
115.000,q_convergence,0.9630336511396865
115.000,update_residual,0.06592329347370825
115.000,investigation_deferred,0
115.000,nav_aborted,0
115.000,nav_canceled,0
115.000,nav_rejected,0
115.000,run_seed,9
116.000,anomalies_detected,0
116.000,anomalies_unique,0
116.000,investigation_timeouts,0
116.000,mission_duration_s,71.64
116.000,distance_traveled_m,17.523047396785486
116.000,route_deviations,1
116.000,investigation_time_s,0.0
116.000,hazard_avoidances,1
116.000,min_hazard_distance_m,4.838036679088752
116.000,collisions,0
116.000,time_below_clearance_s,0.0
116.000,safety_zone_violations,0
116.000,min_ttc_s,18.40598275293924
116.000,avoid_success,1
116.000,avoid_timeout,0
116.000,q_convergence,0.9225510516564921
116.000,update_residual,0.06444565497187237
116.000,investigation_deferred,0
116.000,nav_aborted,0
116.000,nav_canceled,0
116.000,nav_rejected,0
116.000,run_seed,9
117.000,anomalies_detected,0
117.000,anomalies_unique,0
117.000,investigation_timeouts,0
117.000,mission_duration_s,72.64
117.000,distance_traveled_m,17.775767396734427
117.000,route_deviations,1
117.000,investigation_time_s,0.0
117.000,hazard_avoidances,1
117.000,min_hazard_distance_m,4.838036679088752
117.000,collisions,0
117.000,time_below_clearance_s,0.0
117.000,safety_zone_violations,0
117.000,min_ttc_s,18.40598275293924
117.000,avoid_success,1
117.000,avoid_timeout,0
117.000,q_convergence,0.8381613969695881
117.000,update_residual,0.056006689503181974
117.000,investigation_deferred,0
117.000,nav_aborted,0
117.000,nav_canceled,0
117.000,nav_rejected,0
117.000,run_seed,9
118.000,anomalies_detected,0
118.000,anomalies_unique,0
118.000,investigation_timeouts,0
118.000,mission_duration_s,73.64
118.000,distance_traveled_m,18.03784739668542
118.000,route_deviations,1
118.000,investigation_time_s,0.0
118.000,hazard_avoidances,1
118.000,min_hazard_distance_m,4.838036679088752
118.000,collisions,0
118.000,time_below_clearance_s,0.0
118.000,safety_zone_violations,0
118.000,min_ttc_s,18.40598275293924
118.000,avoid_success,1
118.000,avoid_timeout,0
118.000,q_convergence,0.7634138720991688
118.000,update_residual,0.05270335454520657
118.000,investigation_deferred,0
118.000,nav_aborted,0
118.000,nav_canceled,0
118.000,nav_rejected,0
118.000,run_seed,9
119.000,anomalies_detected,0
119.000,anomalies_unique,0
119.000,investigation_timeouts,0
119.000,mission_duration_s,74.64
119.000,distance_traveled_m,18.29992739662772
119.000,route_deviations,1
119.000,investigation_time_s,0.0
119.000,hazard_avoidances,1
119.000,min_hazard_distance_m,4.838036679088752
119.000,collisions,0
119.000,time_below_clearance_s,0.0
119.000,safety_zone_violations,0
119.000,min_ttc_s,18.40598275293924
119.000,avoid_success,1
119.000,avoid_timeout,0
119.000,q_convergence,1.0005327513189028
119.000,update_residual,0.08139611363581532
119.000,investigation_deferred,0
119.000,nav_aborted,0
119.000,nav_canceled,0
119.000,nav_rejected,0
119.000,run_seed,9
120.000,anomalies_detected,0
120.000,anomalies_unique,0
120.000,investigation_timeouts,0
120.000,mission_duration_s,75.64
120.000,distance_traveled_m,18.56200739656052
120.000,route_deviations,1
120.000,investigation_time_s,0.0
120.000,hazard_avoidances,1
120.000,min_hazard_distance_m,4.838036679088752
120.000,collisions,0
120.000,time_below_clearance_s,0.0
120.000,safety_zone_violations,0
120.000,min_ttc_s,18.40598275293924
120.000,avoid_success,1
120.000,avoid_timeout,0
120.000,q_convergence,0.8957278677594775
120.000,update_residual,0.07249430817569455
120.000,investigation_deferred,0
120.000,nav_aborted,0
120.000,nav_canceled,0
120.000,nav_rejected,0
120.000,run_seed,9
121.000,anomalies_detected,0
121.000,anomalies_unique,0
121.000,investigation_timeouts,0
121.000,mission_duration_s,76.64
121.000,distance_traveled_m,18.82408739648278
121.000,route_deviations,1
121.000,investigation_time_s,0.0
121.000,hazard_avoidances,1
121.000,min_hazard_distance_m,4.838036679088752
121.000,collisions,0
121.000,time_below_clearance_s,0.0
121.000,safety_zone_violations,0
121.000,min_ttc_s,18.40598275293924
121.000,avoid_success,1
121.000,avoid_timeout,0
121.000,q_convergence,0.8007987428032176
121.000,update_residual,0.06300139568006859
121.000,investigation_deferred,0
121.000,nav_aborted,0
121.000,nav_canceled,0
121.000,nav_rejected,0
121.000,run_seed,9
122.000,anomalies_detected,0
122.000,anomalies_unique,0
122.000,investigation_timeouts,0
122.000,mission_duration_s,77.64
122.000,distance_traveled_m,19.07680739641844
122.000,route_deviations,1
122.000,investigation_time_s,0.0
122.000,hazard_avoidances,1
122.000,min_hazard_distance_m,4.838036679088752
122.000,collisions,0
122.000,time_below_clearance_s,0.0
122.000,safety_zone_violations,0
122.000,min_ttc_s,18.40598275293924
122.000,avoid_success,1
122.000,avoid_timeout,0
122.000,q_convergence,0.7166437517809771
122.000,update_residual,0.05714766836788249
122.000,investigation_deferred,0
122.000,nav_aborted,0
122.000,nav_canceled,0
122.000,nav_rejected,0
122.000,run_seed,9
123.000,anomalies_detected,0
123.000,anomalies_unique,0
123.000,investigation_timeouts,0
123.000,mission_duration_s,78.64
123.000,distance_traveled_m,19.33888739633032
123.000,route_deviations,1
123.000,investigation_time_s,0.0
123.000,hazard_avoidances,1
123.000,min_hazard_distance_m,4.838036679088752
123.000,collisions,0
123.000,time_below_clearance_s,0.0
123.000,safety_zone_violations,0
123.000,min_ttc_s,18.40598275293924
123.000,avoid_success,1
123.000,avoid_timeout,0
123.000,q_convergence,1.0670513531560002
123.000,update_residual,0.0932637401209563
123.000,investigation_deferred,0
123.000,nav_aborted,0
123.000,nav_canceled,0
123.000,nav_rejected,0
123.000,run_seed,9
124.000,anomalies_detected,0
124.000,anomalies_unique,0
124.000,investigation_timeouts,0
124.000,mission_duration_s,79.64
124.000,distance_traveled_m,19.600967396160627
124.000,route_deviations,1
124.000,investigation_time_s,0.0
124.000,hazard_avoidances,1
124.000,min_hazard_distance_m,4.838036679088752
124.000,collisions,0
124.000,time_below_clearance_s,0.0
124.000,safety_zone_violations,0
124.000,min_ttc_s,18.40598275293924
124.000,avoid_success,1
124.000,avoid_timeout,0
124.000,q_convergence,0.8706801604543623
124.000,update_residual,0.07472881525675328
124.000,investigation_deferred,0
124.000,nav_aborted,0
124.000,nav_canceled,0
124.000,nav_rejected,0
124.000,run_seed,9
125.000,anomalies_detected,0
125.000,anomalies_unique,0
125.000,investigation_timeouts,0
125.000,mission_duration_s,80.64
125.000,distance_traveled_m,19.863047395979113
125.000,route_deviations,1
125.000,investigation_time_s,0.0
125.000,hazard_avoidances,1
125.000,min_hazard_distance_m,4.838036679088752
125.000,collisions,0
125.000,time_below_clearance_s,0.0
125.000,safety_zone_violations,0
125.000,min_ttc_s,18.40598275293924
125.000,avoid_success,1
125.000,avoid_timeout,0
125.000,q_convergence,0.7716281575921412
125.000,update_residual,0.06667449508883364
125.000,investigation_deferred,0
125.000,nav_aborted,0
125.000,nav_canceled,0
125.000,nav_rejected,0
125.000,run_seed,9
126.000,anomalies_detected,0
126.000,anomalies_unique,0
126.000,investigation_timeouts,0
126.000,mission_duration_s,81.64
126.000,distance_traveled_m,20.115767395601434
126.000,route_deviations,1
126.000,investigation_time_s,0.0
126.000,hazard_avoidances,1
126.000,min_hazard_distance_m,4.838036679088752
126.000,collisions,0
126.000,time_below_clearance_s,0.0
126.000,safety_zone_violations,0
126.000,min_ttc_s,18.40598275293924
126.000,avoid_success,1
126.000,avoid_timeout,0
126.000,q_convergence,0.6833025743918526
126.000,update_residual,0.05941518486936185
126.000,investigation_deferred,0
126.000,nav_aborted,0
126.000,nav_canceled,0
126.000,nav_rejected,0
126.000,run_seed,9
127.000,anomalies_detected,0
127.000,anomalies_unique,0
127.000,investigation_timeouts,0
127.000,mission_duration_s,82.64
127.000,distance_traveled_m,20.37784739499387
127.000,route_deviations,1
127.000,investigation_time_s,0.0
127.000,hazard_avoidances,1
127.000,min_hazard_distance_m,4.838036679088752
127.000,collisions,0
127.000,time_below_clearance_s,0.0
127.000,safety_zone_violations,0
127.000,min_ttc_s,18.40598275293924
127.000,avoid_success,1
127.000,avoid_timeout,0
127.000,q_convergence,1.1164174318631248
127.000,update_residual,0.10338704636240191
127.000,investigation_deferred,0
127.000,nav_aborted,0
127.000,nav_canceled,0
127.000,nav_rejected,0
127.000,run_seed,9
128.000,anomalies_detected,0
128.000,anomalies_unique,0
128.000,investigation_timeouts,0
128.000,mission_duration_s,83.64
128.000,distance_traveled_m,20.63992739402872
128.000,route_deviations,1
128.000,investigation_time_s,0.0
128.000,hazard_avoidances,1
128.000,min_hazard_distance_m,4.838036679088752
128.000,collisions,0
128.000,time_below_clearance_s,0.0
128.000,safety_zone_violations,0
128.000,min_ttc_s,18.40598275293924
128.000,avoid_success,1
128.000,avoid_timeout,0
128.000,q_convergence,0.8474662540250193
128.000,update_residual,0.07716881371815201
128.000,investigation_deferred,0
128.000,nav_aborted,0
128.000,nav_canceled,0
128.000,nav_rejected,0
128.000,run_seed,9
129.000,anomalies_detected,0
129.000,anomalies_unique,0
129.000,investigation_timeouts,0
129.000,mission_duration_s,84.64
129.000,distance_traveled_m,20.902007390429546
129.000,route_deviations,1
129.000,investigation_time_s,0.0
129.000,hazard_avoidances,1
129.000,min_hazard_distance_m,4.838036679088752
129.000,collisions,0
129.000,time_below_clearance_s,0.0
129.000,safety_zone_violations,0
129.000,min_ttc_s,18.40598275293924
129.000,avoid_success,1
129.000,avoid_timeout,0
129.000,q_convergence,0.7464160040878409
129.000,update_residual,0.06706378872443418
129.000,investigation_deferred,0
129.000,nav_aborted,0
129.000,nav_canceled,0
129.000,nav_rejected,0
129.000,run_seed,9
130.000,anomalies_detected,0
130.000,anomalies_unique,0
130.000,investigation_timeouts,0
130.000,mission_duration_s,85.64
130.000,distance_traveled_m,21.164087385598982
130.000,route_deviations,1
130.000,investigation_time_s,0.0
130.000,hazard_avoidances,1
130.000,min_hazard_distance_m,4.838036679088752
130.000,collisions,0
130.000,time_below_clearance_s,0.0
130.000,safety_zone_violations,0
130.000,min_ttc_s,18.40598275293924
130.000,avoid_success,1
130.000,avoid_timeout,0
130.000,q_convergence,0.8725003371470306
130.000,update_residual,0.0812689752066983
130.000,investigation_deferred,0
130.000,nav_aborted,0
130.000,nav_canceled,0
130.000,nav_rejected,0
130.000,run_seed,9
131.000,anomalies_detected,0
131.000,anomalies_unique,0
131.000,investigation_timeouts,0
131.000,mission_duration_s,86.64
131.000,distance_traveled_m,21.416807378413687
131.000,route_deviations,1
131.000,investigation_time_s,0.0
131.000,hazard_avoidances,1
131.000,min_hazard_distance_m,4.838036679088752
131.000,collisions,0
131.000,time_below_clearance_s,0.0
131.000,safety_zone_violations,0
131.000,min_ttc_s,18.40598275293924
131.000,avoid_success,1
131.000,avoid_timeout,0
131.000,q_convergence,0.9388760939225593
131.000,update_residual,0.08841264045031315
131.000,investigation_deferred,0
131.000,nav_aborted,0
131.000,nav_canceled,0
131.000,nav_rejected,0
131.000,run_seed,9
132.000,anomalies_detected,0
132.000,anomalies_unique,0
132.000,investigation_timeouts,0
132.000,mission_duration_s,87.64
132.000,distance_traveled_m,21.678887329611545
132.000,route_deviations,1
132.000,investigation_time_s,0.0
132.000,hazard_avoidances,1
132.000,min_hazard_distance_m,4.838036679088752
132.000,collisions,0
132.000,time_below_clearance_s,0.0
132.000,safety_zone_violations,0
132.000,min_ttc_s,18.40598275293924
132.000,avoid_success,1
132.000,avoid_timeout,0
132.000,q_convergence,0.8244739482730681
132.000,update_residual,0.07779367122665544
132.000,investigation_deferred,0
132.000,nav_aborted,0
132.000,nav_canceled,0
132.000,nav_rejected,0
132.000,run_seed,9
133.000,anomalies_detected,0
133.000,anomalies_unique,0
133.000,investigation_timeouts,0
133.000,mission_duration_s,88.64
133.000,distance_traveled_m,21.94096729387569
133.000,route_deviations,1
133.000,investigation_time_s,0.0
133.000,hazard_avoidances,1
133.000,min_hazard_distance_m,4.838036679088752
133.000,collisions,0
133.000,time_below_clearance_s,0.0
133.000,safety_zone_violations,0
133.000,min_ttc_s,18.40598275293924
133.000,avoid_success,1
133.000,avoid_timeout,0
133.000,q_convergence,0.7243410154702217
133.000,update_residual,0.06778037794637079
133.000,investigation_deferred,0
133.000,nav_aborted,0
133.000,nav_canceled,0
133.000,nav_rejected,0
133.000,run_seed,9
134.000,anomalies_detected,0
134.000,anomalies_unique,0
134.000,investigation_timeouts,0
134.000,mission_duration_s,89.64
134.000,distance_traveled_m,22.203047246917674
134.000,route_deviations,1
134.000,investigation_time_s,0.0
134.000,hazard_avoidances,1
134.000,min_hazard_distance_m,4.838036679088752
134.000,collisions,0
134.000,time_below_clearance_s,0.0
134.000,safety_zone_violations,0
134.000,min_ttc_s,18.40598275293924
134.000,avoid_success,1
134.000,avoid_timeout,0
134.000,q_convergence,0.9146052533292798
134.000,update_residual,0.08778740777669954
134.000,investigation_deferred,0
134.000,nav_aborted,0
134.000,nav_canceled,0
134.000,nav_rejected,0
134.000,run_seed,9
135.000,anomalies_detected,0
135.000,anomalies_unique,0
135.000,investigation_timeouts,0
135.000,mission_duration_s,90.64
135.000,distance_traveled_m,22.455767139014295
135.000,route_deviations,1
135.000,investigation_time_s,0.0
135.000,hazard_avoidances,1
135.000,min_hazard_distance_m,4.838036679088752
135.000,collisions,0
135.000,time_below_clearance_s,0.0
135.000,safety_zone_violations,0
135.000,min_ttc_s,18.40598275293924
135.000,avoid_success,1
135.000,avoid_timeout,0
135.000,q_convergence,0.9196775242150957
135.000,update_residual,0.08860543712003899
135.000,investigation_deferred,0
135.000,nav_aborted,0
135.000,nav_canceled,0
135.000,nav_rejected,0
135.000,run_seed,9
136.000,anomalies_detected,0
136.000,anomalies_unique,0
136.000,investigation_timeouts,0
136.000,mission_duration_s,91.64
136.000,distance_traveled_m,22.717847044514972
136.000,route_deviations,1
136.000,investigation_time_s,0.0
136.000,hazard_avoidances,1
136.000,min_hazard_distance_m,4.838036679088752
136.000,collisions,0
136.000,time_below_clearance_s,0.0
136.000,safety_zone_violations,0
136.000,min_ttc_s,18.40598275293924
136.000,avoid_success,1
136.000,avoid_timeout,0
136.000,q_convergence,0.8055392445577703
136.000,update_residual,0.07719160915430638
136.000,investigation_deferred,0
136.000,nav_aborted,0
136.000,nav_canceled,0
136.000,nav_rejected,0
136.000,run_seed,9
137.000,anomalies_detected,0
137.000,anomalies_unique,0
137.000,investigation_timeouts,0
137.000,mission_duration_s,92.64
137.000,distance_traveled_m,22.97992703576802
137.000,route_deviations,1
137.000,investigation_time_s,0.0
137.000,hazard_avoidances,1
137.000,min_hazard_distance_m,4.838036679088752
137.000,collisions,0
137.000,time_below_clearance_s,0.0
137.000,safety_zone_violations,0
137.000,min_ttc_s,18.40598275293924
137.000,avoid_success,1
137.000,avoid_timeout,0
137.000,q_convergence,0.7058551297959798
137.000,update_residual,0.06772754497334794
137.000,investigation_deferred,0
137.000,nav_aborted,0
137.000,nav_canceled,0
137.000,nav_rejected,0
137.000,run_seed,9
138.000,anomalies_detected,0
138.000,anomalies_unique,0
138.000,investigation_timeouts,0
138.000,mission_duration_s,93.64
138.000,distance_traveled_m,23.242007018666225
138.000,route_deviations,1
138.000,investigation_time_s,0.0
138.000,hazard_avoidances,1
138.000,min_hazard_distance_m,4.838036679088752
138.000,collisions,0
138.000,time_below_clearance_s,0.0
138.000,safety_zone_violations,0
138.000,min_ttc_s,18.40598275293924
138.000,avoid_success,1
138.000,avoid_timeout,0
138.000,q_convergence,0.9358094205420368
138.000,update_residual,0.09092711461982865
138.000,investigation_deferred,0
138.000,nav_aborted,0
138.000,nav_canceled,0
138.000,nav_rejected,0
138.000,run_seed,9
139.000,anomalies_detected,0
139.000,anomalies_unique,0
139.000,investigation_timeouts,0
139.000,mission_duration_s,94.64
139.000,distance_traveled_m,23.504086992477227
139.000,route_deviations,1
139.000,investigation_time_s,0.0
139.000,hazard_avoidances,1
139.000,min_hazard_distance_m,4.838036679088752
139.000,collisions,0
139.000,time_below_clearance_s,0.0
139.000,safety_zone_violations,0
139.000,min_ttc_s,18.40598275293924
139.000,avoid_success,1
139.000,avoid_timeout,0
139.000,q_convergence,0.9099869562949066
139.000,update_residual,0.08856942282417811
139.000,investigation_deferred,0
139.000,nav_aborted,0
139.000,nav_canceled,0
139.000,nav_rejected,0
139.000,run_seed,9
140.000,anomalies_detected,0
140.000,anomalies_unique,0
140.000,investigation_timeouts,0
140.000,mission_duration_s,95.64
140.000,distance_traveled_m,23.75680698434331
140.000,route_deviations,1
140.000,investigation_time_s,0.0
140.000,hazard_avoidances,1
140.000,min_hazard_distance_m,4.838036679088752
140.000,collisions,0
140.000,time_below_clearance_s,0.0
140.000,safety_zone_violations,0
140.000,min_ttc_s,18.40598275293924
140.000,avoid_success,1
140.000,avoid_timeout,0
140.000,q_convergence,0.7940079502437923
140.000,update_residual,0.07697152221906671
140.000,investigation_deferred,0
140.000,nav_aborted,0
140.000,nav_canceled,0
140.000,nav_rejected,0
140.000,run_seed,9
141.000,anomalies_detected,0
141.000,anomalies_unique,0
141.000,investigation_timeouts,0
141.000,mission_duration_s,96.64
141.000,distance_traveled_m,24.018886971194615
141.000,route_deviations,1
141.000,investigation_time_s,0.0
141.000,hazard_avoidances,1
141.000,min_hazard_distance_m,4.838036679088752
141.000,collisions,0
141.000,time_below_clearance_s,0.0
141.000,safety_zone_violations,0
141.000,min_ttc_s,18.40598275293924
141.000,avoid_success,1
141.000,avoid_timeout,0
141.000,q_convergence,0.6946287792072583
141.000,update_residual,0.06739799603621019
141.000,investigation_deferred,0
141.000,nav_aborted,0
141.000,nav_canceled,0
141.000,nav_rejected,0
141.000,run_seed,9
142.000,anomalies_detected,0
142.000,anomalies_unique,0
142.000,investigation_timeouts,0
142.000,mission_duration_s,97.64
142.000,distance_traveled_m,24.28096691681784
142.000,route_deviations,1
142.000,investigation_time_s,0.0
142.000,hazard_avoidances,1
142.000,min_hazard_distance_m,4.838036679088752
142.000,collisions,0
142.000,time_below_clearance_s,0.0
142.000,safety_zone_violations,0
142.000,min_ttc_s,18.40598275293924
142.000,avoid_success,1
142.000,avoid_timeout,0
142.000,q_convergence,0.942474439813762
142.000,update_residual,0.09233005366004023
142.000,investigation_deferred,0
142.000,nav_aborted,0
142.000,nav_canceled,0
142.000,nav_rejected,0
142.000,run_seed,9
143.000,anomalies_detected,0
143.000,anomalies_unique,0
143.000,investigation_timeouts,0
143.000,mission_duration_s,98.64
143.000,distance_traveled_m,24.543046814094755
143.000,route_deviations,1
143.000,investigation_time_s,0.0
143.000,hazard_avoidances,1
143.000,min_hazard_distance_m,4.838036679088752
143.000,collisions,0
143.000,time_below_clearance_s,0.0
143.000,safety_zone_violations,0
143.000,min_ttc_s,18.40598275293924
143.000,avoid_success,1
143.000,avoid_timeout,0
143.000,q_convergence,0.9182872030321472
143.000,update_residual,0.09007357070137643
143.000,investigation_deferred,0
143.000,nav_aborted,0
143.000,nav_canceled,0
143.000,nav_rejected,0
143.000,run_seed,9
144.000,anomalies_detected,0
144.000,anomalies_unique,0
144.000,investigation_timeouts,0
144.000,mission_duration_s,99.64
144.000,distance_traveled_m,24.795766809751964
144.000,route_deviations,1
144.000,investigation_time_s,0.0
144.000,hazard_avoidances,1
144.000,min_hazard_distance_m,4.838036679088752
144.000,collisions,0
144.000,time_below_clearance_s,0.0
144.000,safety_zone_violations,0
144.000,min_ttc_s,18.40598275293924
144.000,avoid_success,1
144.000,avoid_timeout,0
144.000,q_convergence,0.8001683172340578
144.000,update_residual,0.07852495456184323
144.000,investigation_deferred,0
144.000,nav_aborted,0
144.000,nav_canceled,0
144.000,nav_rejected,0
144.000,run_seed,9
145.000,anomalies_detected,0
145.000,anomalies_unique,0
145.000,investigation_timeouts,0
145.000,mission_duration_s,100.64
145.000,distance_traveled_m,25.05784680031207
145.000,route_deviations,1
145.000,investigation_time_s,0.0
145.000,hazard_avoidances,1
145.000,min_hazard_distance_m,4.838036679088752
145.000,collisions,0
145.000,time_below_clearance_s,0.0
145.000,safety_zone_violations,0
145.000,min_ttc_s,18.40598275293924
145.000,avoid_success,1
145.000,avoid_timeout,0
145.000,q_convergence,0.6990153460939664
145.000,update_residual,0.06840965744783407
145.000,investigation_deferred,0
145.000,nav_aborted,0
145.000,nav_canceled,0
145.000,nav_rejected,0
145.000,run_seed,9
146.000,anomalies_detected,0
146.000,anomalies_unique,0
146.000,investigation_timeouts,0
146.000,mission_duration_s,101.64
146.000,distance_traveled_m,25.30152204460132
146.000,route_deviations,1
146.000,investigation_time_s,0.0
146.000,hazard_avoidances,1
146.000,min_hazard_distance_m,4.838036679088752
146.000,collisions,0
146.000,time_below_clearance_s,0.0
146.000,safety_zone_violations,0
146.000,min_ttc_s,18.40598275293924
146.000,avoid_success,1
146.000,avoid_timeout,0
146.000,q_convergence,0.9359213848441674
146.000,update_residual,0.09241462115332633
146.000,investigation_deferred,0
146.000,nav_aborted,0
146.000,nav_canceled,0
146.000,nav_rejected,0
146.000,run_seed,9
147.000,anomalies_detected,0
147.000,anomalies_unique,0
147.000,investigation_timeouts,0
147.000,mission_duration_s,102.64
147.000,distance_traveled_m,25.390990152161223
147.000,route_deviations,1
147.000,investigation_time_s,0.0
147.000,hazard_avoidances,1
147.000,min_hazard_distance_m,4.838036679088752
147.000,collisions,0
147.000,time_below_clearance_s,0.0
147.000,safety_zone_violations,0
147.000,min_ttc_s,18.40598275293924
147.000,avoid_success,1
147.000,avoid_timeout,0
147.000,q_convergence,0.9087955098133672
147.000,update_residual,0.0896114553940086
147.000,investigation_deferred,0
147.000,nav_aborted,0
147.000,nav_canceled,0
147.000,nav_rejected,0
147.000,run_seed,9
148.000,anomalies_detected,0
148.000,anomalies_unique,0
148.000,investigation_timeouts,0
148.000,mission_duration_s,103.64
148.000,distance_traveled_m,25.443432181831756
148.000,route_deviations,1
148.000,investigation_time_s,0.0
148.000,hazard_avoidances,1
148.000,min_hazard_distance_m,4.838036679088752
148.000,collisions,0
148.000,time_below_clearance_s,0.0
148.000,safety_zone_violations,0
148.000,min_ttc_s,18.40598275293924
148.000,avoid_success,1
148.000,avoid_timeout,0
148.000,q_convergence,0.7913289926440854
148.000,update_residual,0.07805501801517954
148.000,investigation_deferred,0
148.000,nav_aborted,0
148.000,nav_canceled,0
148.000,nav_rejected,0
148.000,run_seed,9
149.000,anomalies_detected,0
149.000,anomalies_unique,0
149.000,investigation_timeouts,0
149.000,mission_duration_s,104.64
149.000,distance_traveled_m,25.614641132411233
149.000,route_deviations,1
149.000,investigation_time_s,0.0
149.000,hazard_avoidances,1
149.000,min_hazard_distance_m,4.838036679088752
149.000,collisions,0
149.000,time_below_clearance_s,0.0
149.000,safety_zone_violations,0
149.000,min_ttc_s,18.40598275293924
149.000,avoid_success,1
149.000,avoid_timeout,0
149.000,q_convergence,0.689013734146447
149.000,update_residual,0.06798517435280008
149.000,investigation_deferred,0
149.000,nav_aborted,0
149.000,nav_canceled,0
149.000,nav_rejected,0
149.000,run_seed,9
150.000,anomalies_detected,0
150.000,anomalies_unique,0
150.000,investigation_timeouts,0
150.000,mission_duration_s,105.64
150.000,distance_traveled_m,25.87672107308689
150.000,route_deviations,1
150.000,investigation_time_s,0.0
150.000,hazard_avoidances,1
150.000,min_hazard_distance_m,4.838036679088752
150.000,collisions,0
150.000,time_below_clearance_s,0.0
150.000,safety_zone_violations,0
150.000,min_ttc_s,18.40598275293924
150.000,avoid_success,1
150.000,avoid_timeout,0
150.000,q_convergence,0.6014377219394373
150.000,update_residual,0.059227573132099115
150.000,investigation_deferred,0
150.000,nav_aborted,0
150.000,nav_canceled,0
150.000,nav_rejected,0
150.000,run_seed,9
151.000,anomalies_detected,0
151.000,anomalies_unique,0
151.000,investigation_timeouts,0
151.000,mission_duration_s,106.64
151.000,distance_traveled_m,26.13880106810019
151.000,route_deviations,1
151.000,investigation_time_s,0.0
151.000,hazard_avoidances,1
151.000,min_hazard_distance_m,4.838036679088752
151.000,collisions,0
151.000,time_below_clearance_s,0.0
151.000,safety_zone_violations,0
151.000,min_ttc_s,18.40598275293924
151.000,avoid_success,1
151.000,avoid_timeout,0
151.000,q_convergence,0.899347430051459
151.000,update_residual,0.08921160017418998
151.000,investigation_deferred,0
151.000,nav_aborted,0
151.000,nav_canceled,0
151.000,nav_rejected,0
151.000,run_seed,9
152.000,anomalies_detected,0
152.000,anomalies_unique,0
152.000,investigation_timeouts,0
152.000,mission_duration_s,107.64
152.000,distance_traveled_m,26.400881065593918
152.000,route_deviations,1
152.000,investigation_time_s,0.0
152.000,hazard_avoidances,1
152.000,min_hazard_distance_m,4.838036679088752
152.000,collisions,0
152.000,time_below_clearance_s,0.0
152.000,safety_zone_violations,0
152.000,min_ttc_s,18.40598275293924
152.000,avoid_success,1
152.000,avoid_timeout,0
152.000,q_convergence,0.9174170429123256
152.000,update_residual,0.09096293508866467
152.000,investigation_deferred,0
152.000,nav_aborted,0
152.000,nav_canceled,0
152.000,nav_rejected,0
152.000,run_seed,9
153.000,anomalies_detected,0
153.000,anomalies_unique,0
153.000,investigation_timeouts,0
153.000,mission_duration_s,108.64
153.000,distance_traveled_m,26.653601065185214
153.000,route_deviations,1
153.000,investigation_time_s,0.0
153.000,hazard_avoidances,1
153.000,min_hazard_distance_m,4.838036679088752
153.000,collisions,0
153.000,time_below_clearance_s,0.0
153.000,safety_zone_violations,0
153.000,min_ttc_s,18.40598275293924
153.000,avoid_success,1
153.000,avoid_timeout,0
153.000,q_convergence,0.7982282664554496
153.000,update_residual,0.07916087282336223
153.000,investigation_deferred,0
153.000,nav_aborted,0
153.000,nav_canceled,0
153.000,nav_rejected,0
153.000,run_seed,9
154.000,anomalies_detected,0
154.000,anomalies_unique,0
154.000,investigation_timeouts,0
154.000,mission_duration_s,109.64
154.000,distance_traveled_m,26.915681064883803
154.000,route_deviations,1
154.000,investigation_time_s,0.0
154.000,hazard_avoidances,1
154.000,min_hazard_distance_m,4.838036679088752
154.000,collisions,0
154.000,time_below_clearance_s,0.0
154.000,safety_zone_violations,0
154.000,min_ttc_s,18.40598275293924
154.000,avoid_success,1
154.000,avoid_timeout,0
154.000,q_convergence,0.6962561286961121
154.000,update_residual,0.06896365904742849
154.000,investigation_deferred,0
154.000,nav_aborted,0
154.000,nav_canceled,0
154.000,nav_rejected,0
154.000,run_seed,9
155.000,anomalies_detected,0
155.000,anomalies_unique,0
155.000,investigation_timeouts,0
155.000,mission_duration_s,110.64
155.000,distance_traveled_m,27.17776106481714
155.000,route_deviations,1
155.000,investigation_time_s,0.0
155.000,hazard_avoidances,1
155.000,min_hazard_distance_m,4.838036679088752
155.000,collisions,0
155.000,time_below_clearance_s,0.0
155.000,safety_zone_violations,0
155.000,min_ttc_s,18.40598275293924
155.000,avoid_success,1
155.000,avoid_timeout,0
155.000,q_convergence,0.9588319290569574
155.000,update_residual,0.09536072221033007
155.000,investigation_deferred,0
155.000,nav_aborted,0
155.000,nav_canceled,0
155.000,nav_rejected,0
155.000,run_seed,9
156.000,anomalies_detected,0
156.000,anomalies_unique,0
156.000,investigation_timeouts,0
156.000,mission_duration_s,111.64
156.000,distance_traveled_m,27.43984106475946
156.000,route_deviations,1
156.000,investigation_time_s,0.0
156.000,hazard_avoidances,1
156.000,min_hazard_distance_m,4.838036679088752
156.000,collisions,0
156.000,time_below_clearance_s,0.0
156.000,safety_zone_violations,0
156.000,min_ttc_s,18.40598275293924
156.000,avoid_success,1
156.000,avoid_timeout,0
156.000,q_convergence,0.8991412484235911
156.000,update_residual,0.0893514640935038
156.000,investigation_deferred,0
156.000,nav_aborted,0
156.000,nav_canceled,0
156.000,nav_rejected,0
156.000,run_seed,9
157.000,anomalies_detected,0
157.000,anomalies_unique,0
157.000,investigation_timeouts,0
157.000,mission_duration_s,112.64
157.000,distance_traveled_m,27.701921064706973
157.000,route_deviations,1
157.000,investigation_time_s,0.0
157.000,hazard_avoidances,1
157.000,min_hazard_distance_m,4.838036679088752
157.000,collisions,0
157.000,time_below_clearance_s,0.0
157.000,safety_zone_violations,0
157.000,min_ttc_s,18.40598275293924
157.000,avoid_success,1
157.000,avoid_timeout,0
157.000,q_convergence,0.7814385696923711
157.000,update_residual,0.07866311246032358
157.000,investigation_deferred,0
157.000,nav_aborted,0
157.000,nav_canceled,0
157.000,nav_rejected,0
157.000,run_seed,9
158.000,anomalies_detected,0
158.000,anomalies_unique,0
158.000,investigation_timeouts,0
158.000,mission_duration_s,113.64
158.000,distance_traveled_m,27.95464106465913
158.000,route_deviations,1
158.000,investigation_time_s,0.0
158.000,hazard_avoidances,1
158.000,min_hazard_distance_m,4.838036679088752
158.000,collisions,0
158.000,time_below_clearance_s,0.0
158.000,safety_zone_violations,0
158.000,min_ttc_s,18.40598275293924
158.000,avoid_success,1
158.000,avoid_timeout,0
158.000,q_convergence,0.6787673530038324
158.000,update_residual,0.06787673530038323
158.000,investigation_deferred,0
158.000,nav_aborted,0
158.000,nav_canceled,0
158.000,nav_rejected,0
158.000,run_seed,9
159.000,anomalies_detected,0
159.000,anomalies_unique,0
159.000,investigation_timeouts,0
159.000,mission_duration_s,114.64
159.000,distance_traveled_m,28.216721064604236
159.000,route_deviations,1
159.000,investigation_time_s,0.0
159.000,hazard_avoidances,1
159.000,min_hazard_distance_m,4.838036679088752
159.000,collisions,0
159.000,time_below_clearance_s,0.0
159.000,safety_zone_violations,0
159.000,min_ttc_s,18.40598275293924
159.000,avoid_success,1
159.000,avoid_timeout,0
159.000,q_convergence,1.0280224434909095
159.000,update_residual,0.10280224434909097
159.000,investigation_deferred,0
159.000,nav_aborted,0
159.000,nav_canceled,0
159.000,nav_rejected,0
159.000,run_seed,9
160.000,anomalies_detected,0
160.000,anomalies_unique,0
160.000,investigation_timeouts,0
160.000,mission_duration_s,115.64
160.000,distance_traveled_m,28.478801064552222
160.000,route_deviations,1
160.000,investigation_time_s,0.0
160.000,hazard_avoidances,1
160.000,min_hazard_distance_m,4.838036679088752
160.000,collisions,0
160.000,time_below_clearance_s,0.0
160.000,safety_zone_violations,0
160.000,min_ttc_s,18.40598275293924
160.000,avoid_success,1
160.000,avoid_timeout,0
160.000,q_convergence,0.8763298033017355
160.000,update_residual,0.08763298033017355
160.000,investigation_deferred,0
160.000,nav_aborted,0
160.000,nav_canceled,0
160.000,nav_rejected,0
160.000,run_seed,9
161.000,anomalies_detected,0
161.000,anomalies_unique,0
161.000,investigation_timeouts,0
161.000,mission_duration_s,116.64
161.000,distance_traveled_m,28.74088106449862
161.000,route_deviations,1
161.000,investigation_time_s,0.0
161.000,hazard_avoidances,1
161.000,min_hazard_distance_m,4.838036679088752
161.000,collisions,0
161.000,time_below_clearance_s,0.0
161.000,safety_zone_violations,0
161.000,min_ttc_s,18.40598275293924
161.000,avoid_success,1
161.000,avoid_timeout,0
161.000,q_convergence,0.7615770406449613
161.000,update_residual,0.07615770406449614
161.000,investigation_deferred,0
161.000,nav_aborted,0
161.000,nav_canceled,0
161.000,nav_rejected,0
161.000,run_seed,9
162.000,anomalies_detected,0
162.000,anomalies_unique,0
162.000,investigation_timeouts,0
162.000,mission_duration_s,117.64
162.000,distance_traveled_m,28.99360106443785
162.000,route_deviations,1
162.000,investigation_time_s,0.0
162.000,hazard_avoidances,1
162.000,min_hazard_distance_m,4.838036679088752
162.000,collisions,0
162.000,time_below_clearance_s,0.0
162.000,safety_zone_violations,0
162.000,min_ttc_s,18.40598275293924
162.000,avoid_success,1
162.000,avoid_timeout,0
162.000,q_convergence,0.661850808510998
162.000,update_residual,0.0661850808510998
162.000,investigation_deferred,0
162.000,nav_aborted,0
162.000,nav_canceled,0
162.000,nav_rejected,0
162.000,run_seed,9
163.000,anomalies_detected,0
163.000,anomalies_unique,0
163.000,investigation_timeouts,0
163.000,mission_duration_s,118.64
163.000,distance_traveled_m,29.255681064384763
163.000,route_deviations,1
163.000,investigation_time_s,0.0
163.000,hazard_avoidances,1
163.000,min_hazard_distance_m,4.838036679088752
163.000,collisions,0
163.000,time_below_clearance_s,0.0
163.000,safety_zone_violations,0
163.000,min_ttc_s,18.40598275293924
163.000,avoid_success,1
163.000,avoid_timeout,0
163.000,q_convergence,1.0742731612953957
163.000,update_residual,0.10742731612953957
163.000,investigation_deferred,0
163.000,nav_aborted,0
163.000,nav_canceled,0
163.000,nav_rejected,0
163.000,run_seed,9
164.000,anomalies_detected,0
164.000,anomalies_unique,0
164.000,investigation_timeouts,0
164.000,mission_duration_s,119.64
164.000,distance_traveled_m,29.517761064335943
164.000,route_deviations,1
164.000,investigation_time_s,0.0
164.000,hazard_avoidances,1
164.000,min_hazard_distance_m,4.838036679088752
164.000,collisions,0
164.000,time_below_clearance_s,0.0
164.000,safety_zone_violations,0
164.000,min_ttc_s,18.40598275293924
164.000,avoid_success,1
164.000,avoid_timeout,0
164.000,q_convergence,0.8589342190890005
164.000,update_residual,0.08589342190890004
164.000,investigation_deferred,0
164.000,nav_aborted,0
164.000,nav_canceled,0
164.000,nav_rejected,0
164.000,run_seed,9
165.000,anomalies_detected,0
165.000,anomalies_unique,0
165.000,investigation_timeouts,0
165.000,mission_duration_s,120.64
165.000,distance_traveled_m,29.779841064288696
165.000,route_deviations,1
165.000,investigation_time_s,0.0
165.000,hazard_avoidances,1
165.000,min_hazard_distance_m,4.838036679088752
165.000,collisions,0
165.000,time_below_clearance_s,0.0
165.000,safety_zone_violations,0
165.000,min_ttc_s,18.40598275293924
165.000,avoid_success,1
165.000,avoid_timeout,0
165.000,q_convergence,0.7464593560756241
165.000,update_residual,0.0746459356075624
165.000,investigation_deferred,0
165.000,nav_aborted,0
165.000,nav_canceled,0
165.000,nav_rejected,0
165.000,run_seed,9
166.000,anomalies_detected,0
166.000,anomalies_unique,0
166.000,investigation_timeouts,0
166.000,mission_duration_s,121.64
166.000,distance_traveled_m,30.04192106424209
166.000,route_deviations,1
166.000,investigation_time_s,0.0
166.000,hazard_avoidances,1
166.000,min_hazard_distance_m,4.838036679088752
166.000,collisions,0
166.000,time_below_clearance_s,0.0
166.000,safety_zone_violations,0
166.000,min_ttc_s,18.40598275293924
166.000,avoid_success,1
166.000,avoid_timeout,0
166.000,q_convergence,0.6487127394503069
166.000,update_residual,0.06487127394503071
166.000,investigation_deferred,0
166.000,nav_aborted,0
166.000,nav_canceled,0
166.000,nav_rejected,0
166.000,run_seed,9
167.000,anomalies_detected,0
167.000,anomalies_unique,0
167.000,investigation_timeouts,0
167.000,mission_duration_s,122.64
167.000,distance_traveled_m,30.294641064194376
167.000,route_deviations,1
167.000,investigation_time_s,0.0
167.000,hazard_avoidances,1
167.000,min_hazard_distance_m,4.838036679088752
167.000,collisions,0
167.000,time_below_clearance_s,0.0
167.000,safety_zone_violations,0
167.000,min_ttc_s,18.40598275293924
167.000,avoid_success,1
167.000,avoid_timeout,0
167.000,q_convergence,1.1110665511993794
167.000,update_residual,0.11110665511993796
167.000,investigation_deferred,0
167.000,nav_aborted,0
167.000,nav_canceled,0
167.000,nav_rejected,0
167.000,run_seed,9
168.000,anomalies_detected,0
168.000,anomalies_unique,0
168.000,investigation_timeouts,0
168.000,mission_duration_s,123.64
168.000,distance_traveled_m,30.55672106408875
168.000,route_deviations,1
168.000,investigation_time_s,0.0
168.000,hazard_avoidances,1
168.000,min_hazard_distance_m,4.838036679088752
168.000,collisions,0
168.000,time_below_clearance_s,0.0
168.000,safety_zone_violations,0
168.000,min_ttc_s,18.40598275293924
168.000,avoid_success,1
168.000,avoid_timeout,0
168.000,q_convergence,0.8397282613926437
168.000,update_residual,0.08397282613926436
168.000,investigation_deferred,0
168.000,nav_aborted,0
168.000,nav_canceled,0
168.000,nav_rejected,0
168.000,run_seed,9
169.000,anomalies_detected,0
169.000,anomalies_unique,0
169.000,investigation_timeouts,0
169.000,mission_duration_s,124.64
169.000,distance_traveled_m,30.818801063979567
169.000,route_deviations,1
169.000,investigation_time_s,0.0
169.000,hazard_avoidances,1
169.000,min_hazard_distance_m,4.838036679088752
169.000,collisions,0
169.000,time_below_clearance_s,0.0
169.000,safety_zone_violations,0
169.000,min_ttc_s,18.40598275293924
169.000,avoid_success,1
169.000,avoid_timeout,0
169.000,q_convergence,0.7316417650943821
169.000,update_residual,0.0731641765094382
169.000,investigation_deferred,0
169.000,nav_aborted,0
169.000,nav_canceled,0
169.000,nav_rejected,0
169.000,run_seed,9
170.000,anomalies_detected,0
170.000,anomalies_unique,0
170.000,investigation_timeouts,0
170.000,mission_duration_s,125.64
170.000,distance_traveled_m,31.08088106390583
170.000,route_deviations,1
170.000,investigation_time_s,0.0
170.000,hazard_avoidances,1
170.000,min_hazard_distance_m,4.838036679088752
170.000,collisions,0
170.000,time_below_clearance_s,0.0
170.000,safety_zone_violations,0
170.000,min_ttc_s,18.40598275293924
170.000,avoid_success,1
170.000,avoid_timeout,0
170.000,q_convergence,0.6358354676212944
170.000,update_residual,0.06358354676212943
170.000,investigation_deferred,0
170.000,nav_aborted,0
170.000,nav_canceled,0
170.000,nav_rejected,0
170.000,run_seed,9
171.000,anomalies_detected,0
171.000,anomalies_unique,0
171.000,investigation_timeouts,0
171.000,mission_duration_s,126.64
171.000,distance_traveled_m,31.333601063852782
171.000,route_deviations,1
171.000,investigation_time_s,0.0
171.000,hazard_avoidances,1
171.000,min_hazard_distance_m,4.838036679088752
171.000,collisions,0
171.000,time_below_clearance_s,0.0
171.000,safety_zone_violations,0
171.000,min_ttc_s,18.40598275293924
171.000,avoid_success,1
171.000,avoid_timeout,0
171.000,q_convergence,1.15258889089383
171.000,update_residual,0.11525888908938302
171.000,investigation_deferred,0
171.000,nav_aborted,0
171.000,nav_canceled,0
171.000,nav_rejected,0
171.000,run_seed,9
172.000,anomalies_detected,0
172.000,anomalies_unique,0
172.000,investigation_timeouts,0
172.000,mission_duration_s,127.64
172.000,distance_traveled_m,31.59568106379475
172.000,route_deviations,1
172.000,investigation_time_s,0.0
172.000,hazard_avoidances,1
172.000,min_hazard_distance_m,4.838036679088752
172.000,collisions,0
172.000,time_below_clearance_s,0.0
172.000,safety_zone_violations,0
172.000,min_ttc_s,18.40598275293924
172.000,avoid_success,1
172.000,avoid_timeout,0
172.000,q_convergence,0.823059236064699
172.000,update_residual,0.0823059236064699
172.000,investigation_deferred,0
172.000,nav_aborted,0
172.000,nav_canceled,0
172.000,nav_rejected,0
172.000,run_seed,9
173.000,anomalies_detected,0
173.000,anomalies_unique,0
173.000,investigation_timeouts,0
173.000,mission_duration_s,128.64
173.000,distance_traveled_m,31.857761063706153
173.000,route_deviations,1
173.000,investigation_time_s,0.0
173.000,hazard_avoidances,1
173.000,min_hazard_distance_m,4.838036679088752
173.000,collisions,0
173.000,time_below_clearance_s,0.0
173.000,safety_zone_violations,0
173.000,min_ttc_s,18.40598275293924
173.000,avoid_success,1
173.000,avoid_timeout,0
173.000,q_convergence,0.717118310693652
173.000,update_residual,0.0717118310693652
173.000,investigation_deferred,0
173.000,nav_aborted,0
173.000,nav_canceled,0
173.000,nav_rejected,0
173.000,run_seed,9
174.000,anomalies_detected,0
174.000,anomalies_unique,0
174.000,investigation_timeouts,0
174.000,mission_duration_s,129.64
174.000,distance_traveled_m,32.119841063611126
174.000,route_deviations,1
174.000,investigation_time_s,0.0
174.000,hazard_avoidances,1
174.000,min_hazard_distance_m,4.838036679088752
174.000,collisions,0
174.000,time_below_clearance_s,0.0
174.000,safety_zone_violations,0
174.000,min_ttc_s,18.40598275293924
174.000,avoid_success,1
174.000,avoid_timeout,0
174.000,q_convergence,0.8904950354409177
174.000,update_residual,0.08904950354409179
174.000,investigation_deferred,0
174.000,nav_aborted,0
174.000,nav_canceled,0
174.000,nav_rejected,0
174.000,run_seed,9
175.000,anomalies_detected,0
175.000,anomalies_unique,0
175.000,investigation_timeouts,0
175.000,mission_duration_s,130.64
175.000,distance_traveled_m,32.38192106349286
175.000,route_deviations,1
175.000,investigation_time_s,0.0
175.000,hazard_avoidances,1
175.000,min_hazard_distance_m,4.838036679088752
175.000,collisions,0
175.000,time_below_clearance_s,0.0
175.000,safety_zone_violations,0
175.000,min_ttc_s,18.40598275293924
175.000,avoid_success,1
175.000,avoid_timeout,0
175.000,q_convergence,0.9260057720378846
175.000,update_residual,0.09260057720378848
175.000,investigation_deferred,0
175.000,nav_aborted,0
175.000,nav_canceled,0
175.000,nav_rejected,0
175.000,run_seed,9
176.000,anomalies_detected,0
176.000,anomalies_unique,0
176.000,investigation_timeouts,0
176.000,mission_duration_s,131.64
176.000,distance_traveled_m,32.634641063445216
176.000,route_deviations,1
176.000,investigation_time_s,0.0
176.000,hazard_avoidances,1
176.000,min_hazard_distance_m,4.838036679088752
176.000,collisions,0
176.000,time_below_clearance_s,0.0
176.000,safety_zone_violations,0
176.000,min_ttc_s,18.40598275293924
176.000,avoid_success,1
176.000,avoid_timeout,0
176.000,q_convergence,0.8047480900817247
176.000,update_residual,0.08047480900817247
176.000,investigation_deferred,0
176.000,nav_aborted,0
176.000,nav_canceled,0
176.000,nav_rejected,0
176.000,run_seed,9
177.000,anomalies_detected,0
177.000,anomalies_unique,0
177.000,investigation_timeouts,0
177.000,mission_duration_s,132.64
177.000,distance_traveled_m,32.896721063394125
177.000,route_deviations,1
177.000,investigation_time_s,0.0
177.000,hazard_avoidances,1
177.000,min_hazard_distance_m,4.838036679088752
177.000,collisions,0
177.000,time_below_clearance_s,0.0
177.000,safety_zone_violations,0
177.000,min_ttc_s,18.40598275293924
177.000,avoid_success,1
177.000,avoid_timeout,0
177.000,q_convergence,0.7010833878411515
177.000,update_residual,0.07010833878411515
177.000,investigation_deferred,0
177.000,nav_aborted,0
177.000,nav_canceled,0
177.000,nav_rejected,0
177.000,run_seed,9
178.000,anomalies_detected,0
178.000,anomalies_unique,0
178.000,investigation_timeouts,0
178.000,mission_duration_s,133.64
178.000,distance_traveled_m,33.158801063344214
178.000,route_deviations,1
178.000,investigation_time_s,0.0
178.000,hazard_avoidances,1
178.000,min_hazard_distance_m,4.838036679088752
178.000,collisions,0
178.000,time_below_clearance_s,0.0
178.000,safety_zone_violations,0
178.000,min_ttc_s,18.40598275293924
178.000,avoid_success,1
178.000,avoid_timeout,0
178.000,q_convergence,0.9363958298710744
178.000,update_residual,0.09363958298710744
178.000,investigation_deferred,0
178.000,nav_aborted,0
178.000,nav_canceled,0
178.000,nav_rejected,0
178.000,run_seed,9
179.000,anomalies_detected,0
179.000,anomalies_unique,0
179.000,investigation_timeouts,0
179.000,mission_duration_s,134.64
179.000,distance_traveled_m,33.420881063295376
179.000,route_deviations,1
179.000,investigation_time_s,0.0
179.000,hazard_avoidances,1
179.000,min_hazard_distance_m,4.838036679088752
179.000,collisions,0
179.000,time_below_clearance_s,0.0
179.000,safety_zone_violations,0
179.000,min_ttc_s,18.40598275293924
179.000,avoid_success,1
179.000,avoid_timeout,0
179.000,q_convergence,0.9076240950388005
179.000,update_residual,0.09076240950388002
179.000,investigation_deferred,0
179.000,nav_aborted,0
179.000,nav_canceled,0
179.000,nav_rejected,0
179.000,run_seed,9
180.000,anomalies_detected,0
180.000,anomalies_unique,0
180.000,investigation_timeouts,0
180.000,mission_duration_s,135.64
180.000,distance_traveled_m,33.673601063245634
180.000,route_deviations,1
180.000,investigation_time_s,0.0
180.000,hazard_avoidances,1
180.000,min_hazard_distance_m,4.838036679088752
180.000,collisions,0
180.000,time_below_clearance_s,0.0
180.000,safety_zone_violations,0
180.000,min_ttc_s,18.40598275293924
180.000,avoid_success,1
180.000,avoid_timeout,0
180.000,q_convergence,0.788773438622525
180.000,update_residual,0.07887734386225247
180.000,investigation_deferred,0
180.000,nav_aborted,0
180.000,nav_canceled,0
180.000,nav_rejected,0
180.000,run_seed,9
181.000,anomalies_detected,0
181.000,anomalies_unique,0
181.000,investigation_timeouts,0
181.000,mission_duration_s,136.64
181.000,distance_traveled_m,33.935681063194934
181.000,route_deviations,1
181.000,investigation_time_s,0.0
181.000,hazard_avoidances,1
181.000,min_hazard_distance_m,4.838036679088752
181.000,collisions,0
181.000,time_below_clearance_s,0.0
181.000,safety_zone_violations,0
181.000,min_ttc_s,18.40598275293924
181.000,avoid_success,1
181.000,avoid_timeout,0
181.000,q_convergence,0.6871665324889877
181.000,update_residual,0.06871665324889878
181.000,investigation_deferred,0
181.000,nav_aborted,0
181.000,nav_canceled,0
181.000,nav_rejected,0
181.000,run_seed,9
182.000,anomalies_detected,0
182.000,anomalies_unique,0
182.000,investigation_timeouts,0
182.000,mission_duration_s,137.64
182.000,distance_traveled_m,34.19776106313986
182.000,route_deviations,1
182.000,investigation_time_s,0.0
182.000,hazard_avoidances,1
182.000,min_hazard_distance_m,4.838036679088752
182.000,collisions,0
182.000,time_below_clearance_s,0.0
182.000,safety_zone_violations,0
182.000,min_ttc_s,18.40598275293924
182.000,avoid_success,1
182.000,avoid_timeout,0
182.000,q_convergence,0.9813854706100831
182.000,update_residual,0.09813854706100832
182.000,investigation_deferred,0
182.000,nav_aborted,0
182.000,nav_canceled,0
182.000,nav_rejected,0
182.000,run_seed,9
183.000,anomalies_detected,0
183.000,anomalies_unique,0
183.000,investigation_timeouts,0
183.000,mission_duration_s,138.64
183.000,distance_traveled_m,34.459841063082656
183.000,route_deviations,1
183.000,investigation_time_s,0.0
183.000,hazard_avoidances,1
183.000,min_hazard_distance_m,4.838036679088752
183.000,collisions,0
183.000,time_below_clearance_s,0.0
183.000,safety_zone_violations,0
183.000,min_ttc_s,18.40598275293924
183.000,avoid_success,1
183.000,avoid_timeout,0
183.000,q_convergence,0.8896073035074978
183.000,update_residual,0.08896073035074974
183.000,investigation_deferred,0
183.000,nav_aborted,0
183.000,nav_canceled,0
183.000,nav_rejected,0
183.000,run_seed,9
184.000,anomalies_detected,0
184.000,anomalies_unique,0
184.000,investigation_timeouts,0
184.000,mission_duration_s,139.64
184.000,distance_traveled_m,34.721921063031324
184.000,route_deviations,1
184.000,investigation_time_s,0.0
184.000,hazard_avoidances,1
184.000,min_hazard_distance_m,4.838036679088752
184.000,collisions,0
184.000,time_below_clearance_s,0.0
184.000,safety_zone_violations,0
184.000,min_ttc_s,18.40598275293924
184.000,avoid_success,1
184.000,avoid_timeout,0
184.000,q_convergence,0.7731158919721317
184.000,update_residual,0.07731158919721318
184.000,investigation_deferred,0
184.000,nav_aborted,0
184.000,nav_canceled,0
184.000,nav_rejected,0
184.000,run_seed,9
185.000,anomalies_detected,0
185.000,anomalies_unique,0
185.000,investigation_timeouts,0
185.000,mission_duration_s,140.64
185.000,distance_traveled_m,34.97464106298177
185.000,route_deviations,1
185.000,investigation_time_s,0.0
185.000,hazard_avoidances,1
185.000,min_hazard_distance_m,4.838036679088752
185.000,collisions,0
185.000,time_below_clearance_s,0.0
185.000,safety_zone_violations,0
185.000,min_ttc_s,18.40598275293924
185.000,avoid_success,1
185.000,avoid_timeout,0
185.000,q_convergence,0.6718786818220268
185.000,update_residual,0.06718786818220268
185.000,investigation_deferred,0
185.000,nav_aborted,0
185.000,nav_canceled,0
185.000,nav_rejected,0
185.000,run_seed,9
186.000,anomalies_detected,0
186.000,anomalies_unique,0
186.000,investigation_timeouts,0
186.000,mission_duration_s,141.64
186.000,distance_traveled_m,35.23672106293106
186.000,route_deviations,1
186.000,investigation_time_s,0.0
186.000,hazard_avoidances,1
186.000,min_hazard_distance_m,4.838036679088752
186.000,collisions,0
186.000,time_below_clearance_s,0.0
186.000,safety_zone_violations,0
186.000,min_ttc_s,18.40598275293924
186.000,avoid_success,1
186.000,avoid_timeout,0
186.000,q_convergence,1.0506840716516122
186.000,update_residual,0.10506840716516123
186.000,investigation_deferred,0
186.000,nav_aborted,0
186.000,nav_canceled,0
186.000,nav_rejected,0
186.000,run_seed,9
187.000,anomalies_detected,0
187.000,anomalies_unique,0
187.000,investigation_timeouts,0
187.000,mission_duration_s,142.64
187.000,distance_traveled_m,35.49880106288009
187.000,route_deviations,1
187.000,investigation_time_s,0.0
187.000,hazard_avoidances,1
187.000,min_hazard_distance_m,4.838036679088752
187.000,collisions,0
187.000,time_below_clearance_s,0.0
187.000,safety_zone_violations,0
187.000,min_ttc_s,18.40598275293924
187.000,avoid_success,1
187.000,avoid_timeout,0
187.000,q_convergence,0.8675884135138003
187.000,update_residual,0.08675884135138008
187.000,investigation_deferred,0
187.000,nav_aborted,0
187.000,nav_canceled,0
187.000,nav_rejected,0
187.000,run_seed,9
188.000,anomalies_detected,0
188.000,anomalies_unique,0
188.000,investigation_timeouts,0
188.000,mission_duration_s,143.64
188.000,distance_traveled_m,35.76088106274731
188.000,route_deviations,1
188.000,investigation_time_s,0.0
188.000,hazard_avoidances,1
188.000,min_hazard_distance_m,4.838036679088752
188.000,collisions,0
188.000,time_below_clearance_s,0.0
188.000,safety_zone_violations,0
188.000,min_ttc_s,18.40598275293924
188.000,avoid_success,1
188.000,avoid_timeout,0
188.000,q_convergence,0.7539803096645278
188.000,update_residual,0.07539803096645277
188.000,investigation_deferred,0
188.000,nav_aborted,0
188.000,nav_canceled,0
188.000,nav_rejected,0
188.000,run_seed,9
189.000,anomalies_detected,0
189.000,anomalies_unique,0
189.000,investigation_timeouts,0
189.000,mission_duration_s,144.64
189.000,distance_traveled_m,36.01360106267826
189.000,route_deviations,1
189.000,investigation_time_s,0.0
189.000,hazard_avoidances,1
189.000,min_hazard_distance_m,4.838036679088752
189.000,collisions,0
189.000,time_below_clearance_s,0.0
189.000,safety_zone_violations,0
189.000,min_ttc_s,18.40598275293924
189.000,avoid_success,1
189.000,avoid_timeout,0
189.000,q_convergence,0.6552488466961007
189.000,update_residual,0.06552488466961007
189.000,investigation_deferred,0
189.000,nav_aborted,0
189.000,nav_canceled,0
189.000,nav_rejected,0
189.000,run_seed,9
190.000,anomalies_detected,0
190.000,anomalies_unique,0
190.000,investigation_timeouts,0
190.000,mission_duration_s,145.64
190.000,distance_traveled_m,36.27568106262733
190.000,route_deviations,1
190.000,investigation_time_s,0.0
190.000,hazard_avoidances,1
190.000,min_hazard_distance_m,4.838036679088752
190.000,collisions,0
190.000,time_below_clearance_s,0.0
190.000,safety_zone_violations,0
190.000,min_ttc_s,18.40598275293924
190.000,avoid_success,1
190.000,avoid_timeout,0
190.000,q_convergence,1.0966886744214395
190.000,update_residual,0.10966886744214398
190.000,investigation_deferred,0
190.000,nav_aborted,0
190.000,nav_canceled,0
190.000,nav_rejected,0
190.000,run_seed,9
191.000,anomalies_detected,0
191.000,anomalies_unique,0
191.000,investigation_timeouts,0
191.000,mission_duration_s,146.64
191.000,distance_traveled_m,36.537761062579776
191.000,route_deviations,1
191.000,investigation_time_s,0.0
191.000,hazard_avoidances,1
191.000,min_hazard_distance_m,4.838036679088752
191.000,collisions,0
191.000,time_below_clearance_s,0.0
191.000,safety_zone_violations,0
191.000,min_ttc_s,18.40598275293924
191.000,avoid_success,1
191.000,avoid_timeout,0
191.000,q_convergence,0.8503663502535874
191.000,update_residual,0.08503663502535876
191.000,investigation_deferred,0
191.000,nav_aborted,0
191.000,nav_canceled,0
191.000,nav_rejected,0
191.000,run_seed,9
192.000,anomalies_detected,0
192.000,anomalies_unique,0
192.000,investigation_timeouts,0
192.000,mission_duration_s,147.64
192.000,distance_traveled_m,36.79984106252691
192.000,route_deviations,1
192.000,investigation_time_s,0.0
192.000,hazard_avoidances,1
192.000,min_hazard_distance_m,4.838036679088752
192.000,collisions,0
192.000,time_below_clearance_s,0.0
192.000,safety_zone_violations,0
192.000,min_ttc_s,18.40598275293924
192.000,avoid_success,1
192.000,avoid_timeout,0
192.000,q_convergence,0.7390134239987697
192.000,update_residual,0.07390134239987699
192.000,investigation_deferred,0
192.000,nav_aborted,0
192.000,nav_canceled,0
192.000,nav_rejected,0
192.000,run_seed,9
193.000,anomalies_detected,0
193.000,anomalies_unique,0
193.000,investigation_timeouts,0
193.000,mission_duration_s,148.64
193.000,distance_traveled_m,37.06192106237893
193.000,route_deviations,1
193.000,investigation_time_s,0.0
193.000,hazard_avoidances,1
193.000,min_hazard_distance_m,4.838036679088752
193.000,collisions,0
193.000,time_below_clearance_s,0.0
193.000,safety_zone_violations,0
193.000,min_ttc_s,18.40598275293924
193.000,avoid_success,1
193.000,avoid_timeout,0
193.000,q_convergence,0.6422418298742903
193.000,update_residual,0.06422418298742903
193.000,investigation_deferred,0
193.000,nav_aborted,0
193.000,nav_canceled,0
193.000,nav_rejected,0
193.000,run_seed,9
194.000,anomalies_detected,0
194.000,anomalies_unique,0
194.000,investigation_timeouts,0
194.000,mission_duration_s,149.64
194.000,distance_traveled_m,37.314641062329365
194.000,route_deviations,1
194.000,investigation_time_s,0.0
194.000,hazard_avoidances,1
194.000,min_hazard_distance_m,4.838036679088752
194.000,collisions,0
194.000,time_below_clearance_s,0.0
194.000,safety_zone_violations,0
194.000,min_ttc_s,18.40598275293924
194.000,avoid_success,1
194.000,avoid_timeout,0
194.000,q_convergence,1.1319317864072036
194.000,update_residual,0.11319317864072038
194.000,investigation_deferred,0
194.000,nav_aborted,0
194.000,nav_canceled,0
194.000,nav_rejected,0
194.000,run_seed,9
195.000,anomalies_detected,0
195.000,anomalies_unique,0
195.000,investigation_timeouts,0
195.000,mission_duration_s,150.64
195.000,distance_traveled_m,37.57672106223975
195.000,route_deviations,1
195.000,investigation_time_s,0.0
195.000,hazard_avoidances,1
195.000,min_hazard_distance_m,4.838036679088752
195.000,collisions,0
195.000,time_below_clearance_s,0.0
195.000,safety_zone_violations,0
195.000,min_ttc_s,18.40598275293924
195.000,avoid_success,1
195.000,avoid_timeout,0
195.000,q_convergence,0.831351971985252
195.000,update_residual,0.0831351971985252
195.000,investigation_deferred,0
195.000,nav_aborted,0
195.000,nav_canceled,0
195.000,nav_rejected,0
195.000,run_seed,9
196.000,anomalies_detected,0
196.000,anomalies_unique,0
196.000,investigation_timeouts,0
196.000,mission_duration_s,151.64
196.000,distance_traveled_m,37.838801062192076
196.000,route_deviations,1
196.000,investigation_time_s,0.0
196.000,hazard_avoidances,1
196.000,min_hazard_distance_m,4.838036679088752
196.000,collisions,0
196.000,time_below_clearance_s,0.0
196.000,safety_zone_violations,0
196.000,min_ttc_s,18.40598275293924
196.000,avoid_success,1
196.000,avoid_timeout,0
196.000,q_convergence,0.7243436384875656
196.000,update_residual,0.07243436384875657
196.000,investigation_deferred,0
196.000,nav_aborted,0
196.000,nav_canceled,0
196.000,nav_rejected,0
196.000,run_seed,9
197.000,anomalies_detected,0
197.000,anomalies_unique,0
197.000,investigation_timeouts,0
197.000,mission_duration_s,152.64
197.000,distance_traveled_m,38.10088106213713
197.000,route_deviations,1
197.000,investigation_time_s,0.0
197.000,hazard_avoidances,1
197.000,min_hazard_distance_m,4.838036679088752
197.000,collisions,0
197.000,time_below_clearance_s,0.0
197.000,safety_zone_violations,0
197.000,min_ttc_s,18.40598275293924
197.000,avoid_success,1
197.000,avoid_timeout,0
197.000,q_convergence,0.8671972034896893
197.000,update_residual,0.08671972034896894
197.000,investigation_deferred,0
197.000,nav_aborted,0
197.000,nav_canceled,0
197.000,nav_rejected,0
197.000,run_seed,9
198.000,anomalies_detected,0
198.000,anomalies_unique,0
198.000,investigation_timeouts,0
198.000,mission_duration_s,153.64
198.000,distance_traveled_m,38.35360106208395
198.000,route_deviations,1
198.000,investigation_time_s,0.0
198.000,hazard_avoidances,1
198.000,min_hazard_distance_m,4.838036679088752
198.000,collisions,0
198.000,time_below_clearance_s,0.0
198.000,safety_zone_violations,0
198.000,min_ttc_s,18.40598275293924
198.000,avoid_success,1
198.000,avoid_timeout,0
198.000,q_convergence,0.9353357461052848
198.000,update_residual,0.09353357461052848
198.000,investigation_deferred,0
198.000,nav_aborted,0
198.000,nav_canceled,0
198.000,nav_rejected,0
198.000,run_seed,9
199.000,anomalies_detected,0
199.000,anomalies_unique,0
199.000,investigation_timeouts,0
199.000,mission_duration_s,154.64
199.000,distance_traveled_m,38.61568106195884
199.000,route_deviations,1
199.000,investigation_time_s,0.0
199.000,hazard_avoidances,1
199.000,min_hazard_distance_m,4.838036679088752
199.000,collisions,0
199.000,time_below_clearance_s,0.0
199.000,safety_zone_violations,0
199.000,min_ttc_s,18.40598275293924
199.000,avoid_success,1
199.000,avoid_timeout,0
199.000,q_convergence,0.8148492201849535
199.000,update_residual,0.08148492201849536
199.000,investigation_deferred,0
199.000,nav_aborted,0
199.000,nav_canceled,0
199.000,nav_rejected,0
199.000,run_seed,9
200.000,anomalies_detected,0
200.000,anomalies_unique,0
200.000,investigation_timeouts,0
200.000,mission_duration_s,155.64
200.000,distance_traveled_m,38.87776106188894
200.000,route_deviations,1
200.000,investigation_time_s,0.0
200.000,hazard_avoidances,1
200.000,min_hazard_distance_m,4.838036679088752
200.000,collisions,0
200.000,time_below_clearance_s,0.0
200.000,safety_zone_violations,0
200.000,min_ttc_s,18.40598275293924
200.000,avoid_success,1
200.000,avoid_timeout,0
200.000,q_convergence,0.7099650555444826
200.000,update_residual,0.0709965055544483
200.000,investigation_deferred,0
200.000,nav_aborted,0
200.000,nav_canceled,0
200.000,nav_rejected,0
200.000,run_seed,9
201.000,anomalies_detected,0
201.000,anomalies_unique,0
201.000,investigation_timeouts,0
201.000,mission_duration_s,156.64
201.000,distance_traveled_m,39.139841061840876
201.000,route_deviations,1
201.000,investigation_time_s,0.0
201.000,hazard_avoidances,1
201.000,min_hazard_distance_m,4.838036679088752
201.000,collisions,0
201.000,time_below_clearance_s,0.0
201.000,safety_zone_violations,0
201.000,min_ttc_s,18.40598275293924
201.000,avoid_success,1
201.000,avoid_timeout,0
201.000,q_convergence,0.9135604715184327
201.000,update_residual,0.09135604715184328
201.000,investigation_deferred,0
201.000,nav_aborted,0
201.000,nav_canceled,0
201.000,nav_rejected,0
201.000,run_seed,9
202.000,anomalies_detected,0
202.000,anomalies_unique,0
202.000,investigation_timeouts,0
202.000,mission_duration_s,157.64
202.000,distance_traveled_m,39.40192106179298
202.000,route_deviations,1
202.000,investigation_time_s,0.0
202.000,hazard_avoidances,1
202.000,min_hazard_distance_m,4.838036679088752
202.000,collisions,0
202.000,time_below_clearance_s,0.0
202.000,safety_zone_violations,0
202.000,min_ttc_s,18.40598275293924
202.000,avoid_success,1
202.000,avoid_timeout,0
202.000,q_convergence,0.9167688644618069
202.000,update_residual,0.09167688644618069
202.000,investigation_deferred,0
202.000,nav_aborted,0
202.000,nav_canceled,0
202.000,nav_rejected,0
202.000,run_seed,9
203.000,anomalies_detected,0
203.000,anomalies_unique,0
203.000,investigation_timeouts,0
203.000,mission_duration_s,158.64
203.000,distance_traveled_m,39.65464106174403
203.000,route_deviations,1
203.000,investigation_time_s,0.0
203.000,hazard_avoidances,1
203.000,min_hazard_distance_m,4.838036679088752
203.000,collisions,0
203.000,time_below_clearance_s,0.0
203.000,safety_zone_violations,0
203.000,min_ttc_s,18.40598275293924
203.000,avoid_success,1
203.000,avoid_timeout,0
203.000,q_convergence,0.945034233431052
203.000,update_residual,0.18626352889151754
203.000,investigation_deferred,0
203.000,nav_aborted,0
203.000,nav_canceled,0
203.000,nav_rejected,0
203.000,run_seed,9
204.000,anomalies_detected,0
204.000,anomalies_unique,0
204.000,investigation_timeouts,0
204.000,mission_duration_s,159.64
204.000,distance_traveled_m,39.91672106169406
204.000,route_deviations,1
204.000,investigation_time_s,0.0
204.000,hazard_avoidances,1
204.000,min_hazard_distance_m,4.838036679088752
204.000,collisions,0
204.000,time_below_clearance_s,0.0
204.000,safety_zone_violations,0
204.000,min_ttc_s,18.40598275293924
204.000,avoid_success,1
204.000,avoid_timeout,0
204.000,q_convergence,0.6148728361039488
204.000,update_residual,0.28213433621428124
204.000,investigation_deferred,0
204.000,nav_aborted,0
204.000,nav_canceled,0
204.000,nav_rejected,0
204.000,run_seed,9
205.000,anomalies_detected,1
205.000,anomalies_unique,0
205.000,investigation_timeouts,0
205.000,mission_duration_s,160.64
205.000,distance_traveled_m,40.17880106163591
205.000,route_deviations,2
205.000,investigation_time_s,0.8000000000000114
205.000,hazard_avoidances,1
205.000,min_hazard_distance_m,4.838036679088752
205.000,collisions,0
205.000,time_below_clearance_s,0.0
205.000,safety_zone_violations,0
205.000,min_ttc_s,18.40598275293924
205.000,avoid_success,1
205.000,avoid_timeout,0
205.000,q_convergence,1.028338616219277
205.000,update_residual,0.31571407572450794
205.000,investigation_deferred,0
205.000,nav_aborted,0
205.000,nav_canceled,0
205.000,nav_rejected,0
205.000,run_seed,9
206.000,anomalies_detected,1
206.000,anomalies_unique,0
206.000,investigation_timeouts,0
206.000,mission_duration_s,161.64
206.000,distance_traveled_m,40.37471769059295
206.000,route_deviations,2
206.000,investigation_time_s,1.8000000000000114
206.000,hazard_avoidances,1
206.000,min_hazard_distance_m,4.838036679088752
206.000,collisions,0
206.000,time_below_clearance_s,0.0
206.000,safety_zone_violations,0
206.000,min_ttc_s,18.40598275293924
206.000,avoid_success,1
206.000,avoid_timeout,0
206.000,q_convergence,0.6608637187356378
206.000,update_residual,0.3020049570304056
206.000,investigation_deferred,0
206.000,nav_aborted,0
206.000,nav_canceled,0
206.000,nav_rejected,0
206.000,run_seed,9
207.000,anomalies_detected,1
207.000,anomalies_unique,0
207.000,investigation_timeouts,0
207.000,mission_duration_s,162.64
207.000,distance_traveled_m,40.626402040817545
207.000,route_deviations,2
207.000,investigation_time_s,2.8000000000000114
207.000,hazard_avoidances,1
207.000,min_hazard_distance_m,4.838036679088752
207.000,collisions,0
207.000,time_below_clearance_s,0.0
207.000,safety_zone_violations,0
207.000,min_ttc_s,18.40598275293924
207.000,avoid_success,1
207.000,avoid_timeout,0
207.000,q_convergence,0.2882805231330927
207.000,update_residual,0.22935884969662484
207.000,investigation_deferred,0
207.000,nav_aborted,0
207.000,nav_canceled,0
207.000,nav_rejected,0
207.000,run_seed,9
208.000,anomalies_detected,1
208.000,anomalies_unique,0
208.000,investigation_timeouts,0
208.000,mission_duration_s,163.64
208.000,distance_traveled_m,40.88848200929401
208.000,route_deviations,2
208.000,investigation_time_s,3.8000000000000114
208.000,hazard_avoidances,1
208.000,min_hazard_distance_m,4.838036679088752
208.000,collisions,0
208.000,time_below_clearance_s,0.0
208.000,safety_zone_violations,0
208.000,min_ttc_s,18.40598275293924
208.000,avoid_success,1
208.000,avoid_timeout,0
208.000,q_convergence,0.058469379848138284
208.000,update_residual,0.17161016131927267
208.000,investigation_deferred,0
208.000,nav_aborted,0
208.000,nav_canceled,0
208.000,nav_rejected,0
208.000,run_seed,9
209.000,anomalies_detected,1
209.000,anomalies_unique,0
209.000,investigation_timeouts,0
209.000,mission_duration_s,164.64
209.000,distance_traveled_m,41.15056198941305
209.000,route_deviations,2
209.000,investigation_time_s,4.800000000000011
209.000,hazard_avoidances,1
209.000,min_hazard_distance_m,4.838036679088752
209.000,collisions,0
209.000,time_below_clearance_s,0.0
209.000,safety_zone_violations,0
209.000,min_ttc_s,18.40598275293924
209.000,avoid_success,1
209.000,avoid_timeout,0
209.000,q_convergence,1.1753094127457384
209.000,update_residual,0.24445325819369848
209.000,investigation_deferred,0
209.000,nav_aborted,0
209.000,nav_canceled,0
209.000,nav_rejected,0
209.000,run_seed,9
210.000,anomalies_detected,1
210.000,anomalies_unique,0
210.000,investigation_timeouts,0
210.000,mission_duration_s,165.64
210.000,distance_traveled_m,41.412641978965404
210.000,route_deviations,2
210.000,investigation_time_s,5.800000000000011
210.000,hazard_avoidances,1
210.000,min_hazard_distance_m,4.838036679088752
210.000,collisions,0
210.000,time_below_clearance_s,0.0
210.000,safety_zone_violations,0
210.000,min_ttc_s,18.40598275293924
210.000,avoid_success,1
210.000,avoid_timeout,0
210.000,q_convergence,0.9897386422525437
210.000,update_residual,0.23350854382688238
210.000,investigation_deferred,0
210.000,nav_aborted,0
210.000,nav_canceled,0
210.000,nav_rejected,0
210.000,run_seed,9
211.000,anomalies_detected,1
211.000,anomalies_unique,0
211.000,investigation_timeouts,0
211.000,mission_duration_s,166.64
211.000,distance_traveled_m,41.67472197307713
211.000,route_deviations,2
211.000,investigation_time_s,6.800000000000011
211.000,hazard_avoidances,1
211.000,min_hazard_distance_m,4.838036679088752
211.000,collisions,0
211.000,time_below_clearance_s,0.0
211.000,safety_zone_violations,0
211.000,min_ttc_s,18.40598275293924
211.000,avoid_success,1
211.000,avoid_timeout,0
211.000,q_convergence,0.89647203551256
211.000,update_residual,0.20400168121263976
211.000,investigation_deferred,0
211.000,nav_aborted,0
211.000,nav_canceled,0
211.000,nav_rejected,0
211.000,run_seed,9
212.000,anomalies_detected,1
212.000,anomalies_unique,0
212.000,investigation_timeouts,0
212.000,mission_duration_s,167.64
212.000,distance_traveled_m,41.92744197112239
212.000,route_deviations,2
212.000,investigation_time_s,7.800000000000011
212.000,hazard_avoidances,1
212.000,min_hazard_distance_m,4.838036679088752
212.000,collisions,0
212.000,time_below_clearance_s,0.0
212.000,safety_zone_violations,0
212.000,min_ttc_s,18.40598275293924
212.000,avoid_success,1
212.000,avoid_timeout,0
212.000,q_convergence,0.5915021379143212
212.000,update_residual,0.18230118973446077
212.000,investigation_deferred,0
212.000,nav_aborted,0
212.000,nav_canceled,0
212.000,nav_rejected,0
212.000,run_seed,9
213.000,anomalies_detected,1
213.000,anomalies_unique,0
213.000,investigation_timeouts,0
213.000,mission_duration_s,168.64
213.000,distance_traveled_m,42.1886275257969
213.000,route_deviations,2
213.000,investigation_time_s,8.800000000000011
213.000,hazard_avoidances,1
213.000,min_hazard_distance_m,4.838036679088752
213.000,collisions,0
213.000,time_below_clearance_s,0.0
213.000,safety_zone_violations,0
213.000,min_ttc_s,18.40598275293924
213.000,avoid_success,1
213.000,avoid_timeout,0
213.000,q_convergence,0.3681900099378139
213.000,update_residual,0.1414973305453558
213.000,investigation_deferred,0
213.000,nav_aborted,0
213.000,nav_canceled,0
213.000,nav_rejected,0
213.000,run_seed,9
214.000,anomalies_detected,1
214.000,anomalies_unique,0
214.000,investigation_timeouts,0
214.000,mission_duration_s,169.64
214.000,distance_traveled_m,42.25597398531798
214.000,route_deviations,2
214.000,investigation_time_s,9.800000000000011
214.000,hazard_avoidances,1
214.000,min_hazard_distance_m,4.838036679088752
214.000,collisions,0
214.000,time_below_clearance_s,0.0
214.000,safety_zone_violations,0
214.000,min_ttc_s,18.40598275293924
214.000,avoid_success,1
214.000,avoid_timeout,0
214.000,q_convergence,0.7815406122207974
214.000,update_residual,0.1607751713324295
214.000,investigation_deferred,0
214.000,nav_aborted,0
214.000,nav_canceled,0
214.000,nav_rejected,0
214.000,run_seed,9
215.000,anomalies_detected,1
215.000,anomalies_unique,0
215.000,investigation_timeouts,0
215.000,mission_duration_s,170.64
215.000,distance_traveled_m,42.25597398532137
215.000,route_deviations,2
215.000,investigation_time_s,10.800000000000011
215.000,hazard_avoidances,1
215.000,min_hazard_distance_m,4.838036679088752
215.000,collisions,0
215.000,time_below_clearance_s,0.0
215.000,safety_zone_violations,0
215.000,min_ttc_s,18.40598275293924
215.000,avoid_success,1
215.000,avoid_timeout,0
215.000,q_convergence,0.8777997044304049
215.000,update_residual,0.17675655056187867
215.000,investigation_deferred,0
215.000,nav_aborted,0
215.000,nav_canceled,0
215.000,nav_rejected,0
215.000,run_seed,9
216.000,anomalies_detected,1
216.000,anomalies_unique,0
216.000,investigation_timeouts,0
216.000,mission_duration_s,171.64
216.000,distance_traveled_m,42.25597398532137
216.000,route_deviations,2
216.000,investigation_time_s,11.800000000000011
216.000,hazard_avoidances,1
216.000,min_hazard_distance_m,4.838036679088752
216.000,collisions,0
216.000,time_below_clearance_s,0.0
216.000,safety_zone_violations,0
216.000,min_ttc_s,18.40598275293924
216.000,avoid_success,1
216.000,avoid_timeout,0
216.000,q_convergence,0.6549727025433286
216.000,update_residual,0.14112736335534537
216.000,investigation_deferred,0
216.000,nav_aborted,0
216.000,nav_canceled,0
216.000,nav_rejected,0
216.000,run_seed,9
217.000,anomalies_detected,1
217.000,anomalies_unique,1
217.000,investigation_timeouts,0
217.000,mission_duration_s,172.64
217.000,distance_traveled_m,42.25597398532137
217.000,route_deviations,2
217.000,investigation_time_s,12.200000000000017
217.000,hazard_avoidances,1
217.000,min_hazard_distance_m,4.838036679088752
217.000,collisions,0
217.000,time_below_clearance_s,0.0
217.000,safety_zone_violations,0
217.000,min_ttc_s,18.40598275293924
217.000,avoid_success,1
217.000,avoid_timeout,0
217.000,q_convergence,0.47317760069048265
217.000,update_residual,0.12294785317006077
217.000,investigation_deferred,0
217.000,nav_aborted,0
217.000,nav_canceled,0
217.000,nav_rejected,0
217.000,run_seed,9
218.000,anomalies_detected,1
218.000,anomalies_unique,1
218.000,investigation_timeouts,0
218.000,mission_duration_s,173.64
218.000,distance_traveled_m,42.38709673648351
218.000,route_deviations,2
218.000,investigation_time_s,12.200000000000017
218.000,hazard_avoidances,1
218.000,min_hazard_distance_m,4.838036679088752
218.000,collisions,0
218.000,time_below_clearance_s,0.0
218.000,safety_zone_violations,0
218.000,min_ttc_s,18.40598275293924
218.000,avoid_success,1
218.000,avoid_timeout,0
218.000,q_convergence,0.3222598384083314
218.000,update_residual,0.09651156297669376
218.000,investigation_deferred,0
218.000,nav_aborted,0
218.000,nav_canceled,0
218.000,nav_rejected,0
218.000,run_seed,9
219.000,anomalies_detected,1
219.000,anomalies_unique,1
219.000,investigation_timeouts,0
219.000,mission_duration_s,174.64
219.000,distance_traveled_m,42.47172026305458
219.000,route_deviations,2
219.000,investigation_time_s,12.200000000000017
219.000,hazard_avoidances,1
219.000,min_hazard_distance_m,4.838036679088752
219.000,collisions,0
219.000,time_below_clearance_s,0.0
219.000,safety_zone_violations,0
219.000,min_ttc_s,18.40598275293924
219.000,avoid_success,1
219.000,avoid_timeout,0
219.000,q_convergence,0.2030489741705537
219.000,update_residual,0.08350976343855114
219.000,investigation_deferred,0
219.000,nav_aborted,0
219.000,nav_canceled,0
219.000,nav_rejected,0
219.000,run_seed,9
220.000,anomalies_detected,1
220.000,anomalies_unique,1
220.000,investigation_timeouts,0
220.000,mission_duration_s,175.64
220.000,distance_traveled_m,42.73379744912959
220.000,route_deviations,2
220.000,investigation_time_s,12.200000000000017
220.000,hazard_avoidances,1
220.000,min_hazard_distance_m,4.838036679088752
220.000,collisions,0
220.000,time_below_clearance_s,0.0
220.000,safety_zone_violations,0
220.000,min_ttc_s,18.40598275293924
220.000,avoid_success,1
220.000,avoid_timeout,0
220.000,q_convergence,0.11160511049420561
220.000,update_residual,0.06580325331490207
220.000,investigation_deferred,0
220.000,nav_aborted,0
220.000,nav_canceled,0
220.000,nav_rejected,0
220.000,run_seed,9
221.000,anomalies_detected,1
221.000,anomalies_unique,1
221.000,investigation_timeouts,0
221.000,mission_duration_s,176.64
221.000,distance_traveled_m,42.98651738731151
221.000,route_deviations,2
221.000,investigation_time_s,12.200000000000017
221.000,hazard_avoidances,1
221.000,min_hazard_distance_m,4.838036679088752
221.000,collisions,0
221.000,time_below_clearance_s,0.0
221.000,safety_zone_violations,0
221.000,min_ttc_s,18.40598275293924
221.000,avoid_success,1
221.000,avoid_timeout,0
221.000,q_convergence,0.02794614785250804
221.000,update_residual,0.05718651440993922
221.000,investigation_deferred,0
221.000,nav_aborted,0
221.000,nav_canceled,0
221.000,nav_rejected,0
221.000,run_seed,9
222.000,anomalies_detected,1
222.000,anomalies_unique,1
222.000,investigation_timeouts,0
222.000,mission_duration_s,177.64
222.000,distance_traveled_m,43.24859721015132
222.000,route_deviations,2
222.000,investigation_time_s,12.200000000000017
222.000,hazard_avoidances,1
222.000,min_hazard_distance_m,4.838036679088752
222.000,collisions,0
222.000,time_below_clearance_s,0.0
222.000,safety_zone_violations,0
222.000,min_ttc_s,18.40598275293924
222.000,avoid_success,1
222.000,avoid_timeout,0
222.000,q_convergence,1.5073550621729865
222.000,update_residual,0.1933562404631804
222.000,investigation_deferred,0
222.000,nav_aborted,0
222.000,nav_canceled,0
222.000,nav_rejected,0
222.000,run_seed,9
223.000,anomalies_detected,1
223.000,anomalies_unique,1
223.000,investigation_timeouts,0
223.000,mission_duration_s,178.64
223.000,distance_traveled_m,43.51067710692859
223.000,route_deviations,2
223.000,investigation_time_s,12.200000000000017
223.000,hazard_avoidances,1
223.000,min_hazard_distance_m,4.838036679088752
223.000,collisions,0
223.000,time_below_clearance_s,0.0
223.000,safety_zone_violations,0
223.000,min_ttc_s,18.40598275293924
223.000,avoid_success,1
223.000,avoid_timeout,0
223.000,q_convergence,0.76065170739303
223.000,update_residual,0.11554455202611343
223.000,investigation_deferred,0
223.000,nav_aborted,0
223.000,nav_canceled,0
223.000,nav_rejected,0
223.000,run_seed,9
224.000,anomalies_detected,1
224.000,anomalies_unique,1
224.000,investigation_timeouts,0
224.000,mission_duration_s,179.64
224.000,distance_traveled_m,43.772757100209915
224.000,route_deviations,2
224.000,investigation_time_s,12.200000000000017
224.000,hazard_avoidances,1
224.000,min_hazard_distance_m,4.838036679088752
224.000,collisions,0
224.000,time_below_clearance_s,0.0
224.000,safety_zone_violations,0
224.000,min_ttc_s,18.40598275293924
224.000,avoid_success,1
224.000,avoid_timeout,0
224.000,q_convergence,0.6131789348068908
224.000,update_residual,0.09487536757447793
224.000,investigation_deferred,0
224.000,nav_aborted,0
224.000,nav_canceled,0
224.000,nav_rejected,0
224.000,run_seed,9
225.000,anomalies_detected,1
225.000,anomalies_unique,1
225.000,investigation_timeouts,0
225.000,mission_duration_s,180.64
225.000,distance_traveled_m,44.02547706772433
225.000,route_deviations,2
225.000,investigation_time_s,12.200000000000017
225.000,hazard_avoidances,1
225.000,min_hazard_distance_m,4.838036679088752
225.000,collisions,0
225.000,time_below_clearance_s,0.0
225.000,safety_zone_violations,0
225.000,min_ttc_s,18.40598275293924
225.000,avoid_success,1
225.000,avoid_timeout,0
225.000,q_convergence,0.4889424830026882
225.000,update_residual,0.08245172239405765
225.000,investigation_deferred,0
225.000,nav_aborted,0
225.000,nav_canceled,0
225.000,nav_rejected,0
225.000,run_seed,9
226.000,anomalies_detected,1
226.000,anomalies_unique,1
226.000,investigation_timeouts,0
226.000,mission_duration_s,181.64
226.000,distance_traveled_m,44.28755702011545
226.000,route_deviations,2
226.000,investigation_time_s,12.200000000000017
226.000,hazard_avoidances,1
226.000,min_hazard_distance_m,4.838036679088752
226.000,collisions,0
226.000,time_below_clearance_s,0.0
226.000,safety_zone_violations,0
226.000,min_ttc_s,18.40598275293924
226.000,avoid_success,1
226.000,avoid_timeout,0
226.000,q_convergence,1.0786378287627263
226.000,update_residual,0.13427475785749532
226.000,investigation_deferred,0
226.000,nav_aborted,0
226.000,nav_canceled,0
226.000,nav_rejected,0
226.000,run_seed,9
227.000,anomalies_detected,1
227.000,anomalies_unique,1
227.000,investigation_timeouts,0
227.000,mission_duration_s,182.64
227.000,distance_traveled_m,44.5280613140085
227.000,route_deviations,2
227.000,investigation_time_s,12.200000000000017
227.000,hazard_avoidances,1
227.000,min_hazard_distance_m,4.838036679088752
227.000,collisions,0
227.000,time_below_clearance_s,0.0
227.000,safety_zone_violations,0
227.000,min_ttc_s,18.40598275293924
227.000,avoid_success,1
227.000,avoid_timeout,0
227.000,q_convergence,0.9454494474173792
227.000,update_residual,0.1170584144150173
227.000,investigation_deferred,0
227.000,nav_aborted,0
227.000,nav_canceled,0
227.000,nav_rejected,0
227.000,run_seed,9
228.000,anomalies_detected,1
228.000,anomalies_unique,1
228.000,investigation_timeouts,0
228.000,mission_duration_s,183.64
228.000,distance_traveled_m,44.598669171373835
228.000,route_deviations,2
228.000,investigation_time_s,12.200000000000017
228.000,hazard_avoidances,1
228.000,min_hazard_distance_m,4.838036679088752
228.000,collisions,0
228.000,time_below_clearance_s,0.0
228.000,safety_zone_violations,0
228.000,min_ttc_s,18.40598275293924
228.000,avoid_success,1
228.000,avoid_timeout,0
228.000,q_convergence,0.8035482737246892
228.000,update_residual,0.10460010240523135
228.000,investigation_deferred,0
228.000,nav_aborted,0
228.000,nav_canceled,0
228.000,nav_rejected,0
228.000,run_seed,9
229.000,anomalies_detected,1
229.000,anomalies_unique,1
229.000,investigation_timeouts,0
229.000,mission_duration_s,184.64
229.000,distance_traveled_m,44.65764543842277
229.000,route_deviations,2
229.000,investigation_time_s,12.200000000000017
229.000,hazard_avoidances,1
229.000,min_hazard_distance_m,4.838036679088752
229.000,collisions,0
229.000,time_below_clearance_s,0.0
229.000,safety_zone_violations,0
229.000,min_ttc_s,18.40598275293924
229.000,avoid_success,1
229.000,avoid_timeout,0
229.000,q_convergence,0.6689292768991473
229.000,update_residual,0.08750141146776279
229.000,investigation_deferred,0
229.000,nav_aborted,0
229.000,nav_canceled,0
229.000,nav_rejected,0
229.000,run_seed,9
230.000,anomalies_detected,1
230.000,anomalies_unique,1
230.000,investigation_timeouts,0
230.000,mission_duration_s,185.64
230.000,distance_traveled_m,44.71593223538757
230.000,route_deviations,2
230.000,investigation_time_s,12.200000000000017
230.000,hazard_avoidances,1
230.000,min_hazard_distance_m,4.838036679088752
230.000,collisions,0
230.000,time_below_clearance_s,0.0
230.000,safety_zone_violations,0
230.000,min_ttc_s,18.40598275293924
230.000,avoid_success,1
230.000,avoid_timeout,0
230.000,q_convergence,0.5543487997264956
230.000,update_residual,0.07604336375049765
230.000,investigation_deferred,0
230.000,nav_aborted,0
230.000,nav_canceled,0
230.000,nav_rejected,0
230.000,run_seed,9
231.000,anomalies_detected,1
231.000,anomalies_unique,1
231.000,investigation_timeouts,0
231.000,mission_duration_s,186.64
231.000,distance_traveled_m,44.85572308432907
231.000,route_deviations,2
231.000,investigation_time_s,12.200000000000017
231.000,hazard_avoidances,1
231.000,min_hazard_distance_m,4.838036679088752
231.000,collisions,0
231.000,time_below_clearance_s,0.0
231.000,safety_zone_violations,0
231.000,min_ttc_s,18.40598275293924
231.000,avoid_success,1
231.000,avoid_timeout,0
231.000,q_convergence,0.4583205831390479
231.000,update_residual,0.06334926952507566
231.000,investigation_deferred,0
231.000,nav_aborted,0
231.000,nav_canceled,0
231.000,nav_rejected,0
231.000,run_seed,9
232.000,anomalies_detected,1
232.000,anomalies_unique,1
232.000,investigation_timeouts,0
232.000,mission_duration_s,187.64
232.000,distance_traveled_m,45.11780177975182
232.000,route_deviations,2
232.000,investigation_time_s,12.200000000000017
232.000,hazard_avoidances,1
232.000,min_hazard_distance_m,4.838036679088752
232.000,collisions,0
232.000,time_below_clearance_s,0.0
232.000,safety_zone_violations,0
232.000,min_ttc_s,18.40598275293924
232.000,avoid_success,1
232.000,avoid_timeout,0
232.000,q_convergence,0.37847901826639774
232.000,update_residual,0.052737531356135015
232.000,investigation_deferred,0
232.000,nav_aborted,0
232.000,nav_canceled,0
232.000,nav_rejected,0
232.000,run_seed,9
233.000,anomalies_detected,1
233.000,anomalies_unique,1
233.000,investigation_timeouts,0
233.000,mission_duration_s,188.64
233.000,distance_traveled_m,45.379881772202395
233.000,route_deviations,2
233.000,investigation_time_s,12.200000000000017
233.000,hazard_avoidances,1
233.000,min_hazard_distance_m,4.838036679088752
233.000,collisions,0
233.000,time_below_clearance_s,0.0
233.000,safety_zone_violations,0
233.000,min_ttc_s,18.40598275293924
233.000,avoid_success,1
233.000,avoid_timeout,0
233.000,q_convergence,0.3094208007321595
233.000,update_residual,0.04583170960271117
233.000,investigation_deferred,0
233.000,nav_aborted,0
233.000,nav_canceled,0
233.000,nav_rejected,0
233.000,run_seed,9
234.000,anomalies_detected,1
234.000,anomalies_unique,1
234.000,investigation_timeouts,0
234.000,mission_duration_s,189.64
234.000,distance_traveled_m,45.63260174046965
234.000,route_deviations,2
234.000,investigation_time_s,12.200000000000017
234.000,hazard_avoidances,1
234.000,min_hazard_distance_m,4.838036679088752
234.000,collisions,0
234.000,time_below_clearance_s,0.0
234.000,safety_zone_violations,0
234.000,min_ttc_s,18.40598275293924
234.000,avoid_success,1
234.000,avoid_timeout,0
234.000,q_convergence,0.7863406559713599
234.000,update_residual,0.0903862374757733
234.000,investigation_deferred,0
234.000,nav_aborted,0
234.000,nav_canceled,0
234.000,nav_rejected,0
234.000,run_seed,9
235.000,anomalies_detected,1
235.000,anomalies_unique,1
235.000,investigation_timeouts,0
235.000,mission_duration_s,190.64
235.000,distance_traveled_m,45.89468163939555
235.000,route_deviations,2
235.000,investigation_time_s,12.200000000000017
235.000,hazard_avoidances,1
235.000,min_hazard_distance_m,4.838036679088752
235.000,collisions,0
235.000,time_below_clearance_s,0.0
235.000,safety_zone_violations,0
235.000,min_ttc_s,18.40598275293924
235.000,avoid_success,1
235.000,avoid_timeout,0
235.000,q_convergence,0.9317591764647518
235.000,update_residual,0.10393367498153552
235.000,investigation_deferred,0
235.000,nav_aborted,0
235.000,nav_canceled,0
235.000,nav_rejected,0
235.000,run_seed,9
236.000,anomalies_detected,1
236.000,anomalies_unique,1
236.000,investigation_timeouts,0
236.000,mission_duration_s,191.64
236.000,distance_traveled_m,46.156761317299306
236.000,route_deviations,2
236.000,investigation_time_s,12.200000000000017
236.000,hazard_avoidances,1
236.000,min_hazard_distance_m,4.838036679088752
236.000,collisions,0
236.000,time_below_clearance_s,0.0
236.000,safety_zone_violations,0
236.000,min_ttc_s,18.40598275293924
236.000,avoid_success,1
236.000,avoid_timeout,0
236.000,q_convergence,0.8017948603474107
236.000,update_residual,0.09093724336980137
236.000,investigation_deferred,0
236.000,nav_aborted,0
236.000,nav_canceled,0
236.000,nav_rejected,0
236.000,run_seed,9
237.000,anomalies_detected,1
237.000,anomalies_unique,1
237.000,investigation_timeouts,0
237.000,mission_duration_s,192.64
237.000,distance_traveled_m,46.418840523190426
237.000,route_deviations,2
237.000,investigation_time_s,12.200000000000017
237.000,hazard_avoidances,1
237.000,min_hazard_distance_m,4.838036679088752
237.000,collisions,0
237.000,time_below_clearance_s,0.0
237.000,safety_zone_violations,0
237.000,min_ttc_s,18.40598275293924
237.000,avoid_success,1
237.000,avoid_timeout,0
237.000,q_convergence,0.6837587277484173
237.000,update_residual,0.07751996650964298
237.000,investigation_deferred,0
237.000,nav_aborted,0
237.000,nav_canceled,0
237.000,nav_rejected,0
237.000,run_seed,9
238.000,anomalies_detected,1
238.000,anomalies_unique,1
238.000,investigation_timeouts,0
238.000,mission_duration_s,193.64
238.000,distance_traveled_m,46.68091966623063
238.000,route_deviations,2
238.000,investigation_time_s,12.200000000000017
238.000,hazard_avoidances,1
238.000,min_hazard_distance_m,4.838036679088752
238.000,collisions,0
238.000,time_below_clearance_s,0.0
238.000,safety_zone_violations,0
238.000,min_ttc_s,18.40598275293924
238.000,avoid_success,1
238.000,avoid_timeout,0
238.000,q_convergence,0.5822486537497221
238.000,update_residual,0.06736895910977349
238.000,investigation_deferred,0
238.000,nav_aborted,0
238.000,nav_canceled,0
238.000,nav_rejected,0
238.000,run_seed,9
239.000,anomalies_detected,1
239.000,anomalies_unique,1
239.000,investigation_timeouts,0
239.000,mission_duration_s,194.64
239.000,distance_traveled_m,46.93363924637364
239.000,route_deviations,2
239.000,investigation_time_s,12.200000000000017
239.000,hazard_avoidances,1
239.000,min_hazard_distance_m,4.838036679088752
239.000,collisions,0
239.000,time_below_clearance_s,0.0
239.000,safety_zone_violations,0
239.000,min_ttc_s,18.40598275293924
239.000,avoid_success,1
239.000,avoid_timeout,0
239.000,q_convergence,0.4949179638614915
239.000,update_residual,0.057264276060730236
239.000,investigation_deferred,0
239.000,nav_aborted,0
239.000,nav_canceled,0
239.000,nav_rejected,0
239.000,run_seed,9
240.000,anomalies_detected,1
240.000,anomalies_unique,1
240.000,investigation_timeouts,0
240.000,mission_duration_s,195.64
240.000,distance_traveled_m,47.19571907653504
240.000,route_deviations,2
240.000,investigation_time_s,12.200000000000017
240.000,hazard_avoidances,1
240.000,min_hazard_distance_m,4.838036679088752
240.000,collisions,0
240.000,time_below_clearance_s,0.0
240.000,safety_zone_violations,0
240.000,min_ttc_s,18.40598275293924
240.000,avoid_success,1
240.000,avoid_timeout,0
240.000,q_convergence,1.2007043894496272
240.000,update_residual,0.1266914401492355
240.000,investigation_deferred,0
240.000,nav_aborted,0
240.000,nav_canceled,0
240.000,nav_rejected,0
240.000,run_seed,9
241.000,anomalies_detected,1
241.000,anomalies_unique,1
241.000,investigation_timeouts,0
241.000,mission_duration_s,196.64
241.000,distance_traveled_m,47.45779901230144
241.000,route_deviations,2
241.000,investigation_time_s,12.200000000000017
241.000,hazard_avoidances,1
241.000,min_hazard_distance_m,4.838036679088752
241.000,collisions,0
241.000,time_below_clearance_s,0.0
241.000,safety_zone_violations,0
241.000,min_ttc_s,18.40598275293924
241.000,avoid_success,1
241.000,avoid_timeout,0
241.000,q_convergence,0.9110536437677806
241.000,update_residual,0.09771197210017193
241.000,investigation_deferred,0
241.000,nav_aborted,0
241.000,nav_canceled,0
241.000,nav_rejected,0
241.000,run_seed,9
242.000,anomalies_detected,1
242.000,anomalies_unique,1
242.000,investigation_timeouts,0
242.000,mission_duration_s,197.64
242.000,distance_traveled_m,47.719879003001324
242.000,route_deviations,2
242.000,investigation_time_s,12.200000000000017
242.000,hazard_avoidances,1
242.000,min_hazard_distance_m,4.838036679088752
242.000,collisions,0
242.000,time_below_clearance_s,0.0
242.000,safety_zone_violations,0
242.000,min_ttc_s,18.40598275293924
242.000,avoid_success,1
242.000,avoid_timeout,0
242.000,q_convergence,0.7837435603477664
242.000,update_residual,0.08398997259966147
242.000,investigation_deferred,0
242.000,nav_aborted,0
242.000,nav_canceled,0
242.000,nav_rejected,0
242.000,run_seed,9
243.000,anomalies_detected,1
243.000,anomalies_unique,1
243.000,investigation_timeouts,0
243.000,mission_duration_s,198.64
243.000,distance_traveled_m,47.97259899984178
243.000,route_deviations,2
243.000,investigation_time_s,12.200000000000017
243.000,hazard_avoidances,1
243.000,min_hazard_distance_m,4.838036679088752
243.000,collisions,0
243.000,time_below_clearance_s,0.0
243.000,safety_zone_violations,0
243.000,min_ttc_s,18.40598275293924
243.000,avoid_success,1
243.000,avoid_timeout,0
243.000,q_convergence,0.6737612071861532
243.000,update_residual,0.07299173728350015
243.000,investigation_deferred,0
243.000,nav_aborted,0
243.000,nav_canceled,0
243.000,nav_rejected,0
243.000,run_seed,9
244.000,anomalies_detected,1
244.000,anomalies_unique,1
244.000,investigation_timeouts,0
244.000,mission_duration_s,199.64
244.000,distance_traveled_m,48.234678996772324
244.000,route_deviations,2
244.000,investigation_time_s,12.200000000000017
244.000,hazard_avoidances,1
244.000,min_hazard_distance_m,4.838036679088752
244.000,collisions,0
244.000,time_below_clearance_s,0.0
244.000,safety_zone_violations,0
244.000,min_ttc_s,18.40598275293924
244.000,avoid_success,1
244.000,avoid_timeout,0
244.000,q_convergence,0.9603334583096815
244.000,update_residual,0.1004530440533312
244.000,investigation_deferred,0
244.000,nav_aborted,0
244.000,nav_canceled,0
244.000,nav_rejected,0
244.000,run_seed,9
245.000,anomalies_detected,1
245.000,anomalies_unique,1
245.000,investigation_timeouts,0
245.000,mission_duration_s,200.64
245.000,distance_traveled_m,48.49675899605763
245.000,route_deviations,2
245.000,investigation_time_s,12.200000000000017
245.000,hazard_avoidances,1
245.000,min_hazard_distance_m,4.838036679088752
245.000,collisions,0
245.000,time_below_clearance_s,0.0
245.000,safety_zone_violations,0
245.000,min_ttc_s,18.40598275293924
245.000,avoid_success,1
245.000,avoid_timeout,0
245.000,q_convergence,0.8984600025074189
245.000,update_residual,0.09461927433089401
245.000,investigation_deferred,0
245.000,nav_aborted,0
245.000,nav_canceled,0
245.000,nav_rejected,0
245.000,run_seed,9
246.000,anomalies_detected,1
246.000,anomalies_unique,1
246.000,investigation_timeouts,0
246.000,mission_duration_s,201.64
246.000,distance_traveled_m,48.758838995776436
246.000,route_deviations,2
246.000,investigation_time_s,12.200000000000017
246.000,hazard_avoidances,1
246.000,min_hazard_distance_m,4.838036679088752
246.000,collisions,0
246.000,time_below_clearance_s,0.0
246.000,safety_zone_violations,0
246.000,min_ttc_s,18.40598275293924
246.000,avoid_success,1
246.000,avoid_timeout,0
246.000,q_convergence,0.7750218874448424
246.000,update_residual,0.08155947171261349
246.000,investigation_deferred,0
246.000,nav_aborted,0
246.000,nav_canceled,0
246.000,nav_rejected,0
246.000,run_seed,9
247.000,anomalies_detected,1
247.000,anomalies_unique,1
247.000,investigation_timeouts,0
247.000,mission_duration_s,202.64
247.000,distance_traveled_m,49.020918995676126
247.000,route_deviations,2
247.000,investigation_time_s,12.200000000000017
247.000,hazard_avoidances,1
247.000,min_hazard_distance_m,4.838036679088752
247.000,collisions,0
247.000,time_below_clearance_s,0.0
247.000,safety_zone_violations,0
247.000,min_ttc_s,18.40598275293924
247.000,avoid_success,1
247.000,avoid_timeout,0
247.000,q_convergence,0.6682222023880638
247.000,update_residual,0.07087950320693567
247.000,investigation_deferred,0
247.000,nav_aborted,0
247.000,nav_canceled,0
247.000,nav_rejected,0
247.000,run_seed,9
248.000,anomalies_detected,1
248.000,anomalies_unique,1
248.000,investigation_timeouts,0
248.000,mission_duration_s,203.64
248.000,distance_traveled_m,49.273638995607755
248.000,route_deviations,2
248.000,investigation_time_s,12.200000000000017
248.000,hazard_avoidances,1
248.000,min_hazard_distance_m,4.838036679088752
248.000,collisions,0
248.000,time_below_clearance_s,0.0
248.000,safety_zone_violations,0
248.000,min_ttc_s,18.40598275293924
248.000,avoid_success,1
248.000,avoid_timeout,0
248.000,q_convergence,1.0065798216195863
248.000,update_residual,0.1038603376475178
248.000,investigation_deferred,0
248.000,nav_aborted,0
248.000,nav_canceled,0
248.000,nav_rejected,0
248.000,run_seed,9
249.000,anomalies_detected,1
249.000,anomalies_unique,1
249.000,investigation_timeouts,0
249.000,mission_duration_s,204.64
249.000,distance_traveled_m,49.535718995534474
249.000,route_deviations,2
249.000,investigation_time_s,12.200000000000017
249.000,hazard_avoidances,1
249.000,min_hazard_distance_m,4.838036679088752
249.000,collisions,0
249.000,time_below_clearance_s,0.0
249.000,safety_zone_violations,0
249.000,min_ttc_s,18.40598275293924
249.000,avoid_success,1
249.000,avoid_timeout,0
249.000,q_convergence,0.8791767559524296
249.000,update_residual,0.09084906253971636
249.000,investigation_deferred,0
249.000,nav_aborted,0
249.000,nav_canceled,0
249.000,nav_rejected,0
249.000,run_seed,9
250.000,anomalies_detected,1
250.000,anomalies_unique,1
250.000,investigation_timeouts,0
250.000,mission_duration_s,205.64
250.000,distance_traveled_m,49.79779899544805
250.000,route_deviations,2
250.000,investigation_time_s,12.200000000000017
250.000,hazard_avoidances,1
250.000,min_hazard_distance_m,4.838036679088752
250.000,collisions,0
250.000,time_below_clearance_s,0.0
250.000,safety_zone_violations,0
250.000,min_ttc_s,18.40598275293924
250.000,avoid_success,1
250.000,avoid_timeout,0
250.000,q_convergence,0.7625237743980195
250.000,update_residual,0.07874405634260438
250.000,investigation_deferred,0
250.000,nav_aborted,0
250.000,nav_canceled,0
250.000,nav_rejected,0
250.000,run_seed,9
251.000,anomalies_detected,1
251.000,anomalies_unique,1
251.000,investigation_timeouts,0
251.000,mission_duration_s,206.64
251.000,distance_traveled_m,50.05987899535799
251.000,route_deviations,2
251.000,investigation_time_s,12.200000000000017
251.000,hazard_avoidances,1
251.000,min_hazard_distance_m,4.838036679088752
251.000,collisions,0
251.000,time_below_clearance_s,0.0
251.000,safety_zone_violations,0
251.000,min_ttc_s,18.40598275293924
251.000,avoid_success,1
251.000,avoid_timeout,0
251.000,q_convergence,0.6594107914312267
251.000,update_residual,0.06843275804592507
251.000,investigation_deferred,0
251.000,nav_aborted,0
251.000,nav_canceled,0
251.000,nav_rejected,0
251.000,run_seed,9
252.000,anomalies_detected,1
252.000,anomalies_unique,1
252.000,investigation_timeouts,0
252.000,mission_duration_s,207.64
252.000,distance_traveled_m,50.312598995236584
252.000,route_deviations,2
252.000,investigation_time_s,12.200000000000017
252.000,hazard_avoidances,1
252.000,min_hazard_distance_m,4.838036679088752
252.000,collisions,0
252.000,time_below_clearance_s,0.0
252.000,safety_zone_violations,0
252.000,min_ttc_s,18.40598275293924
252.000,avoid_success,1
252.000,avoid_timeout,0
252.000,q_convergence,1.0503590283771802
252.000,update_residual,0.10700254940028706
252.000,investigation_deferred,0
252.000,nav_aborted,0
252.000,nav_canceled,0
252.000,nav_rejected,0
252.000,run_seed,9
253.000,anomalies_detected,1
253.000,anomalies_unique,1
253.000,investigation_timeouts,0
253.000,mission_duration_s,208.64
253.000,distance_traveled_m,50.57467899517423
253.000,route_deviations,2
253.000,investigation_time_s,12.200000000000017
253.000,hazard_avoidances,1
253.000,min_hazard_distance_m,4.838036679088752
253.000,collisions,0
253.000,time_below_clearance_s,0.0
253.000,safety_zone_violations,0
253.000,min_ttc_s,18.40598275293924
253.000,avoid_success,1
253.000,avoid_timeout,0
253.000,q_convergence,0.8625154808417597
253.000,update_residual,0.08836947515155799
253.000,investigation_deferred,0
253.000,nav_aborted,0
253.000,nav_canceled,0
253.000,nav_rejected,0
253.000,run_seed,9
254.000,anomalies_detected,1
254.000,anomalies_unique,1
254.000,investigation_timeouts,0
254.000,mission_duration_s,209.64
254.000,distance_traveled_m,50.83675899511133
254.000,route_deviations,2
254.000,investigation_time_s,12.200000000000017
254.000,hazard_avoidances,1
254.000,min_hazard_distance_m,4.838036679088752
254.000,collisions,0
254.000,time_below_clearance_s,0.0
254.000,safety_zone_violations,0
254.000,min_ttc_s,18.40598275293924
254.000,avoid_success,1
254.000,avoid_timeout,0
254.000,q_convergence,0.748975223312247
254.000,update_residual,0.07669776033849944
254.000,investigation_deferred,0
254.000,nav_aborted,0
254.000,nav_canceled,0
254.000,nav_rejected,0
254.000,run_seed,9
255.000,anomalies_detected,1
255.000,anomalies_unique,1
255.000,investigation_timeouts,0
255.000,mission_duration_s,210.64
255.000,distance_traveled_m,51.09883899505033
255.000,route_deviations,2
255.000,investigation_time_s,12.200000000000017
255.000,hazard_avoidances,1
255.000,min_hazard_distance_m,4.838036679088752
255.000,collisions,0
255.000,time_below_clearance_s,0.0
255.000,safety_zone_violations,0
255.000,min_ttc_s,18.40598275293924
255.000,avoid_success,1
255.000,avoid_timeout,0
255.000,q_convergence,0.6487164202364666
255.000,update_residual,0.06640184432983016
255.000,investigation_deferred,0
255.000,nav_aborted,0
255.000,nav_canceled,0
255.000,nav_rejected,0
255.000,run_seed,9
256.000,anomalies_detected,1
256.000,anomalies_unique,1
256.000,investigation_timeouts,0
256.000,mission_duration_s,211.64
256.000,distance_traveled_m,51.36091899494938
256.000,route_deviations,2
256.000,investigation_time_s,12.200000000000017
256.000,hazard_avoidances,1
256.000,min_hazard_distance_m,4.838036679088752
256.000,collisions,0
256.000,time_below_clearance_s,0.0
256.000,safety_zone_violations,0
256.000,min_ttc_s,18.40598275293924
256.000,avoid_success,1
256.000,avoid_timeout,0
256.000,q_convergence,1.1022611549680488
256.000,update_residual,0.11164701763826097
256.000,investigation_deferred,0
256.000,nav_aborted,0
256.000,nav_canceled,0
256.000,nav_rejected,0
256.000,run_seed,9
257.000,anomalies_detected,1
257.000,anomalies_unique,1
257.000,investigation_timeouts,0
257.000,mission_duration_s,212.64
257.000,distance_traveled_m,51.6136389948868
257.000,route_deviations,2
257.000,investigation_time_s,12.200000000000017
257.000,hazard_avoidances,1
257.000,min_hazard_distance_m,4.838036679088752
257.000,collisions,0
257.000,time_below_clearance_s,0.0
257.000,safety_zone_violations,0
257.000,min_ttc_s,18.40598275293924
257.000,avoid_success,1
257.000,avoid_timeout,0
257.000,q_convergence,0.8396128744893295
257.000,update_residual,0.08526195940918893
257.000,investigation_deferred,0
257.000,nav_aborted,0
257.000,nav_canceled,0
257.000,nav_rejected,0
257.000,run_seed,9
258.000,anomalies_detected,1
258.000,anomalies_unique,1
258.000,investigation_timeouts,0
258.000,mission_duration_s,213.64
258.000,distance_traveled_m,51.87571899482453
258.000,route_deviations,2
258.000,investigation_time_s,12.200000000000017
258.000,hazard_avoidances,1
258.000,min_hazard_distance_m,4.838036679088752
258.000,collisions,0
258.000,time_below_clearance_s,0.0
258.000,safety_zone_violations,0
258.000,min_ttc_s,18.40598275293924
258.000,avoid_success,1
258.000,avoid_timeout,0
258.000,q_convergence,0.7297815403919249
258.000,update_residual,0.07427882599944848
258.000,investigation_deferred,0
258.000,nav_aborted,0
258.000,nav_canceled,0
258.000,nav_rejected,0
258.000,run_seed,9
259.000,anomalies_detected,1
259.000,anomalies_unique,1
259.000,investigation_timeouts,0
259.000,mission_duration_s,214.64
259.000,distance_traveled_m,52.1377989947677
259.000,route_deviations,2
259.000,investigation_time_s,12.200000000000017
259.000,hazard_avoidances,1
259.000,min_hazard_distance_m,4.838036679088752
259.000,collisions,0
259.000,time_below_clearance_s,0.0
259.000,safety_zone_violations,0
259.000,min_ttc_s,18.40598275293924
259.000,avoid_success,1
259.000,avoid_timeout,0
259.000,q_convergence,0.634298937642762
259.000,update_residual,0.06453546493049382
259.000,investigation_deferred,0
259.000,nav_aborted,0
259.000,nav_canceled,0
259.000,nav_rejected,0
259.000,run_seed,9
260.000,anomalies_detected,1
260.000,anomalies_unique,1
260.000,investigation_timeouts,0
260.000,mission_duration_s,215.64
260.000,distance_traveled_m,52.399878994688116
260.000,route_deviations,2
260.000,investigation_time_s,12.200000000000017
260.000,hazard_avoidances,1
260.000,min_hazard_distance_m,4.838036679088752
260.000,collisions,0
260.000,time_below_clearance_s,0.0
260.000,safety_zone_violations,0
260.000,min_ttc_s,18.40598275293924
260.000,avoid_success,1
260.000,avoid_timeout,0
260.000,q_convergence,1.145160765070548
260.000,update_residual,0.11538868803467654
260.000,investigation_deferred,0
260.000,nav_aborted,0
260.000,nav_canceled,0
260.000,nav_rejected,0
260.000,run_seed,9
261.000,anomalies_detected,1
261.000,anomalies_unique,1
261.000,investigation_timeouts,0
261.000,mission_duration_s,216.64
261.000,distance_traveled_m,52.652598994620725
261.000,route_deviations,2
261.000,investigation_time_s,12.200000000000017
261.000,hazard_avoidances,1
261.000,min_hazard_distance_m,4.838036679088752
261.000,collisions,0
261.000,time_below_clearance_s,0.0
261.000,safety_zone_violations,0
261.000,min_ttc_s,18.40598275293924
261.000,avoid_success,1
261.000,avoid_timeout,0
261.000,q_convergence,0.8235292096168337
261.000,update_residual,0.08329265645296835
261.000,investigation_deferred,0
261.000,nav_aborted,0
261.000,nav_canceled,0
261.000,nav_rejected,0
261.000,run_seed,9
262.000,anomalies_detected,1
262.000,anomalies_unique,1
262.000,investigation_timeouts,0
262.000,mission_duration_s,217.64
262.000,distance_traveled_m,52.914678994557946
262.000,route_deviations,2
262.000,investigation_time_s,12.200000000000017
262.000,hazard_avoidances,1
262.000,min_hazard_distance_m,4.838036679088752
262.000,collisions,0
262.000,time_below_clearance_s,0.0
262.000,safety_zone_violations,0
262.000,min_ttc_s,18.40598275293924
262.000,avoid_success,1
262.000,avoid_timeout,0
262.000,q_convergence,0.7163225779568249
262.000,update_residual,0.07243103296327469
262.000,investigation_deferred,0
262.000,nav_aborted,0
262.000,nav_canceled,0
262.000,nav_rejected,0
262.000,run_seed,9
263.000,anomalies_detected,1
263.000,anomalies_unique,1
263.000,investigation_timeouts,0
263.000,mission_duration_s,218.64
263.000,distance_traveled_m,53.1767589944743
263.000,route_deviations,2
263.000,investigation_time_s,12.200000000000017
263.000,hazard_avoidances,1
263.000,min_hazard_distance_m,4.838036679088752
263.000,collisions,0
263.000,time_below_clearance_s,0.0
263.000,safety_zone_violations,0
263.000,min_ttc_s,18.40598275293924
263.000,avoid_success,1
263.000,avoid_timeout,0
263.000,q_convergence,0.8783700139818763
263.000,update_residual,0.08846746322689436
263.000,investigation_deferred,0
263.000,nav_aborted,0
263.000,nav_canceled,0
263.000,nav_rejected,0
263.000,run_seed,9
264.000,anomalies_detected,1
264.000,anomalies_unique,1
264.000,investigation_timeouts,0
264.000,mission_duration_s,219.64
264.000,distance_traveled_m,53.438838994385634
264.000,route_deviations,2
264.000,investigation_time_s,12.200000000000017
264.000,hazard_avoidances,1
264.000,min_hazard_distance_m,4.838036679088752
264.000,collisions,0
264.000,time_below_clearance_s,0.0
264.000,safety_zone_violations,0
264.000,min_ttc_s,18.40598275293924
264.000,avoid_success,1
264.000,avoid_timeout,0
264.000,q_convergence,0.9301882709465891
264.000,update_residual,0.0936977859871123
264.000,investigation_deferred,0
264.000,nav_aborted,0
264.000,nav_canceled,0
264.000,nav_rejected,0
264.000,run_seed,9
265.000,anomalies_detected,1
265.000,anomalies_unique,1
265.000,investigation_timeouts,0
265.000,mission_duration_s,220.64
265.000,distance_traveled_m,53.7009189943014
265.000,route_deviations,2
265.000,investigation_time_s,12.200000000000017
265.000,hazard_avoidances,1
265.000,min_hazard_distance_m,4.838036679088752
265.000,collisions,0
265.000,time_below_clearance_s,0.0
265.000,safety_zone_violations,0
265.000,min_ttc_s,18.40598275293924
265.000,avoid_success,1
265.000,avoid_timeout,0
265.000,q_convergence,0.807559683511361
265.000,update_residual,0.0813330834097215
265.000,investigation_deferred,0
265.000,nav_aborted,0
265.000,nav_canceled,0
265.000,nav_rejected,0
265.000,run_seed,9
266.000,anomalies_detected,1
266.000,anomalies_unique,1
266.000,investigation_timeouts,0
266.000,mission_duration_s,221.64
266.000,distance_traveled_m,53.95363899415318
266.000,route_deviations,2
266.000,investigation_time_s,12.200000000000017
266.000,hazard_avoidances,1
266.000,min_hazard_distance_m,4.838036679088752
266.000,collisions,0
266.000,time_below_clearance_s,0.0
266.000,safety_zone_violations,0
266.000,min_ttc_s,18.40598275293924
266.000,avoid_success,1
266.000,avoid_timeout,0
266.000,q_convergence,0.7014296343024039
266.000,update_residual,0.07014296343024039
266.000,investigation_deferred,0
266.000,nav_aborted,0
266.000,nav_canceled,0
266.000,nav_rejected,0
266.000,run_seed,9
267.000,anomalies_detected,1
267.000,anomalies_unique,1
267.000,investigation_timeouts,0
267.000,mission_duration_s,222.64
267.000,distance_traveled_m,54.21571899400973
267.000,route_deviations,2
267.000,investigation_time_s,12.200000000000017
267.000,hazard_avoidances,1
267.000,min_hazard_distance_m,4.838036679088752
267.000,collisions,0
267.000,time_below_clearance_s,0.0
267.000,safety_zone_violations,0
267.000,min_ttc_s,18.40598275293924
267.000,avoid_success,1
267.000,avoid_timeout,0
267.000,q_convergence,0.9348577565768139
267.000,update_residual,0.0934857756576814
267.000,investigation_deferred,0
267.000,nav_aborted,0
267.000,nav_canceled,0
267.000,nav_rejected,0
267.000,run_seed,9
268.000,anomalies_detected,1
268.000,anomalies_unique,1
268.000,investigation_timeouts,0
268.000,mission_duration_s,223.64
268.000,distance_traveled_m,54.47779899372527
268.000,route_deviations,2
268.000,investigation_time_s,12.200000000000017
268.000,hazard_avoidances,1
268.000,min_hazard_distance_m,4.838036679088752
268.000,collisions,0
268.000,time_below_clearance_s,0.0
268.000,safety_zone_violations,0
268.000,min_ttc_s,18.40598275293924
268.000,avoid_success,1
268.000,avoid_timeout,0
268.000,q_convergence,0.912185020139498
268.000,update_residual,0.09121850201394976
268.000,investigation_deferred,0
268.000,nav_aborted,0
268.000,nav_canceled,0
268.000,nav_rejected,0
268.000,run_seed,9
269.000,anomalies_detected,1
269.000,anomalies_unique,1
269.000,investigation_timeouts,0
269.000,mission_duration_s,224.64
269.000,distance_traveled_m,54.739878993398186
269.000,route_deviations,2
269.000,investigation_time_s,12.200000000000017
269.000,hazard_avoidances,1
269.000,min_hazard_distance_m,4.838036679088752
269.000,collisions,0
269.000,time_below_clearance_s,0.0
269.000,safety_zone_violations,0
269.000,min_ttc_s,18.40598275293924
269.000,avoid_success,1
269.000,avoid_timeout,0
269.000,q_convergence,0.7927371242437437
269.000,update_residual,0.07927371242437434
269.000,investigation_deferred,0
269.000,nav_aborted,0
269.000,nav_canceled,0
269.000,nav_rejected,0
269.000,run_seed,9
270.000,anomalies_detected,1
270.000,anomalies_unique,1
270.000,investigation_timeouts,0
270.000,mission_duration_s,225.64
270.000,distance_traveled_m,54.99259899229489
270.000,route_deviations,2
270.000,investigation_time_s,12.200000000000017
270.000,hazard_avoidances,1
270.000,min_hazard_distance_m,4.838036679088752
270.000,collisions,0
270.000,time_below_clearance_s,0.0
270.000,safety_zone_violations,0
270.000,min_ttc_s,18.40598275293924
270.000,avoid_success,1
270.000,avoid_timeout,0
270.000,q_convergence,0.6889305725039605
270.000,update_residual,0.06889305725039604
270.000,investigation_deferred,0
270.000,nav_aborted,0
270.000,nav_canceled,0
270.000,nav_rejected,0
270.000,run_seed,9
271.000,anomalies_detected,1
271.000,anomalies_unique,1
271.000,investigation_timeouts,0
271.000,mission_duration_s,226.64
271.000,distance_traveled_m,55.25467899031763
271.000,route_deviations,2
271.000,investigation_time_s,12.200000000000017
271.000,hazard_avoidances,1
271.000,min_hazard_distance_m,4.838036679088752
271.000,collisions,0
271.000,time_below_clearance_s,0.0
271.000,safety_zone_violations,0
271.000,min_ttc_s,18.40598275293924
271.000,avoid_success,1
271.000,avoid_timeout,0
271.000,q_convergence,1.2133513888193974
271.000,update_residual,0.3182843542772298
271.000,investigation_deferred,0
271.000,nav_aborted,0
271.000,nav_canceled,0
271.000,nav_rejected,0
271.000,run_seed,9
272.000,anomalies_detected,1
272.000,anomalies_unique,1
272.000,investigation_timeouts,0
272.000,mission_duration_s,227.64
272.000,distance_traveled_m,55.51675898759125
272.000,route_deviations,2
272.000,investigation_time_s,12.200000000000017
272.000,hazard_avoidances,1
272.000,min_hazard_distance_m,4.838036679088752
272.000,collisions,0
272.000,time_below_clearance_s,0.0
272.000,safety_zone_violations,0
272.000,min_ttc_s,18.40598275293924
272.000,avoid_success,1
272.000,avoid_timeout,0
272.000,q_convergence,0.6453297139312417
272.000,update_residual,0.3026426389826234
272.000,investigation_deferred,0
272.000,nav_aborted,0
272.000,nav_canceled,0
272.000,nav_rejected,0
272.000,run_seed,9
273.000,anomalies_detected,2
273.000,anomalies_unique,1
273.000,investigation_timeouts,0
273.000,mission_duration_s,228.64
273.000,distance_traveled_m,55.75335046306973
273.000,route_deviations,3
273.000,investigation_time_s,13.000000000000028
273.000,hazard_avoidances,1
273.000,min_hazard_distance_m,4.838036679088752
273.000,collisions,0
273.000,time_below_clearance_s,0.0
273.000,safety_zone_violations,0
273.000,min_ttc_s,18.40598275293924
273.000,avoid_success,1
273.000,avoid_timeout,0
273.000,q_convergence,0.2419696615130225
273.000,update_residual,0.2718375506942074
273.000,investigation_deferred,0
273.000,nav_aborted,0
273.000,nav_canceled,0
273.000,nav_rejected,0
273.000,run_seed,9
274.000,anomalies_detected,2
274.000,anomalies_unique,1
274.000,investigation_timeouts,0
274.000,mission_duration_s,229.64
274.000,distance_traveled_m,55.87119807134422
274.000,route_deviations,3
274.000,investigation_time_s,14.000000000000028
274.000,hazard_avoidances,1
274.000,min_hazard_distance_m,4.838036679088752
274.000,collisions,0
274.000,time_below_clearance_s,0.0
274.000,safety_zone_violations,0
274.000,min_ttc_s,18.40598275293924
274.000,avoid_success,1
274.000,avoid_timeout,0
274.000,q_convergence,1.395528710112546
274.000,update_residual,0.37491738944497294
274.000,investigation_deferred,0
274.000,nav_aborted,0
274.000,nav_canceled,0
274.000,nav_rejected,0
274.000,run_seed,9
275.000,anomalies_detected,2
275.000,anomalies_unique,1
275.000,investigation_timeouts,0
275.000,mission_duration_s,230.64
275.000,distance_traveled_m,56.1239162782984
275.000,route_deviations,3
275.000,investigation_time_s,15.000000000000028
275.000,hazard_avoidances,1
275.000,min_hazard_distance_m,4.838036679088752
275.000,collisions,0
275.000,time_below_clearance_s,0.0
275.000,safety_zone_violations,0
275.000,min_ttc_s,18.40598275293924
275.000,avoid_success,1
275.000,avoid_timeout,0
275.000,q_convergence,0.37991385084034723
275.000,update_residual,0.2448054991440429
275.000,investigation_deferred,0
275.000,nav_aborted,0
275.000,nav_canceled,0
275.000,nav_rejected,0
275.000,run_seed,9
276.000,anomalies_detected,2
276.000,anomalies_unique,1
276.000,investigation_timeouts,0
276.000,mission_duration_s,231.64
276.000,distance_traveled_m,56.38599626444737
276.000,route_deviations,3
276.000,investigation_time_s,16.00000000000003
276.000,hazard_avoidances,1
276.000,min_hazard_distance_m,4.838036679088752
276.000,collisions,0
276.000,time_below_clearance_s,0.0
276.000,safety_zone_violations,0
276.000,min_ttc_s,18.40598275293924
276.000,avoid_success,1
276.000,avoid_timeout,0
276.000,q_convergence,1.5086703345955064
276.000,update_residual,0.3368932026409154
276.000,investigation_deferred,0
276.000,nav_aborted,0
276.000,nav_canceled,0
276.000,nav_rejected,0
276.000,run_seed,9
277.000,anomalies_detected,2
277.000,anomalies_unique,1
277.000,investigation_timeouts,0
277.000,mission_duration_s,232.64
277.000,distance_traveled_m,56.64807625066148
277.000,route_deviations,3
277.000,investigation_time_s,17.00000000000003
277.000,hazard_avoidances,1
277.000,min_hazard_distance_m,4.838036679088752
277.000,collisions,0
277.000,time_below_clearance_s,0.0
277.000,safety_zone_violations,0
277.000,min_ttc_s,18.40598275293924
277.000,avoid_success,1
277.000,avoid_timeout,0
277.000,q_convergence,0.5759071002854734
277.000,update_residual,0.24072241033293662
277.000,investigation_deferred,0
277.000,nav_aborted,0
277.000,nav_canceled,0
277.000,nav_rejected,0
277.000,run_seed,9
278.000,anomalies_detected,2
278.000,anomalies_unique,1
278.000,investigation_timeouts,0
278.000,mission_duration_s,233.64
278.000,distance_traveled_m,56.910156245290416
278.000,route_deviations,3
278.000,investigation_time_s,18.00000000000003
278.000,hazard_avoidances,1
278.000,min_hazard_distance_m,4.838036679088752
278.000,collisions,0
278.000,time_below_clearance_s,0.0
278.000,safety_zone_violations,0
278.000,min_ttc_s,18.40598275293924
278.000,avoid_success,1
278.000,avoid_timeout,0
278.000,q_convergence,0.27845142705022613
278.000,update_residual,0.1835070879637535
278.000,investigation_deferred,0
278.000,nav_aborted,0
278.000,nav_canceled,0
278.000,nav_rejected,0
278.000,run_seed,9
279.000,anomalies_detected,2
279.000,anomalies_unique,1
279.000,investigation_timeouts,0
279.000,mission_duration_s,234.64
279.000,distance_traveled_m,57.16287622826685
279.000,route_deviations,3
279.000,investigation_time_s,19.00000000000003
279.000,hazard_avoidances,1
279.000,min_hazard_distance_m,4.838036679088752
279.000,collisions,0
279.000,time_below_clearance_s,0.0
279.000,safety_zone_violations,0
279.000,min_ttc_s,18.40598275293924
279.000,avoid_success,1
279.000,avoid_timeout,0
279.000,q_convergence,0.9795493661095404
279.000,update_residual,0.24245186886854392
279.000,investigation_deferred,0
279.000,nav_aborted,0
279.000,nav_canceled,0
279.000,nav_rejected,0
279.000,run_seed,9
280.000,anomalies_detected,2
280.000,anomalies_unique,1
280.000,investigation_timeouts,0
280.000,mission_duration_s,235.64
280.000,distance_traveled_m,57.424956226937546
280.000,route_deviations,3
280.000,investigation_time_s,20.00000000000003
280.000,hazard_avoidances,1
280.000,min_hazard_distance_m,4.838036679088752
280.000,collisions,0
280.000,time_below_clearance_s,0.0
280.000,safety_zone_violations,0
280.000,min_ttc_s,18.40598275293924
280.000,avoid_success,1
280.000,avoid_timeout,0
280.000,q_convergence,0.7724515474373242
280.000,update_residual,0.2095578082136537
280.000,investigation_deferred,0
280.000,nav_aborted,0
280.000,nav_canceled,0
280.000,nav_rejected,0
280.000,run_seed,9
281.000,anomalies_detected,2
281.000,anomalies_unique,1
281.000,investigation_timeouts,0
281.000,mission_duration_s,236.64
281.000,distance_traveled_m,57.68703616716277
281.000,route_deviations,3
281.000,investigation_time_s,21.00000000000003
281.000,hazard_avoidances,1
281.000,min_hazard_distance_m,4.838036679088752
281.000,collisions,0
281.000,time_below_clearance_s,0.0
281.000,safety_zone_violations,0
281.000,min_ttc_s,18.40598275293924
281.000,avoid_success,1
281.000,avoid_timeout,0
281.000,q_convergence,0.5027170356538047
281.000,update_residual,0.18258435703530176
281.000,investigation_deferred,0
281.000,nav_aborted,0
281.000,nav_canceled,0
281.000,nav_rejected,0
281.000,run_seed,9
282.000,anomalies_detected,2
282.000,anomalies_unique,1
282.000,investigation_timeouts,0
282.000,mission_duration_s,237.64
282.000,distance_traveled_m,57.84608650594896
282.000,route_deviations,3
282.000,investigation_time_s,22.00000000000003
282.000,hazard_avoidances,1
282.000,min_hazard_distance_m,4.838036679088752
282.000,collisions,0
282.000,time_below_clearance_s,0.0
282.000,safety_zone_violations,0
282.000,min_ttc_s,18.40598275293924
282.000,avoid_success,1
282.000,avoid_timeout,0
282.000,q_convergence,1.2484096569416376
282.000,update_residual,0.22927345289720874
282.000,investigation_deferred,0
282.000,nav_aborted,0
282.000,nav_canceled,0
282.000,nav_rejected,0
282.000,run_seed,9
283.000,anomalies_detected,2
283.000,anomalies_unique,1
283.000,investigation_timeouts,0
283.000,mission_duration_s,238.64
283.000,distance_traveled_m,57.846086505953735
283.000,route_deviations,3
283.000,investigation_time_s,23.00000000000003
283.000,hazard_avoidances,1
283.000,min_hazard_distance_m,4.838036679088752
283.000,collisions,0
283.000,time_below_clearance_s,0.0
283.000,safety_zone_violations,0
283.000,min_ttc_s,18.40598275293924
283.000,avoid_success,1
283.000,avoid_timeout,0
283.000,q_convergence,1.0201674314320162
283.000,update_residual,0.20644923034624665
283.000,investigation_deferred,0
283.000,nav_aborted,0
283.000,nav_canceled,0
283.000,nav_rejected,0
283.000,run_seed,9
284.000,anomalies_detected,2
284.000,anomalies_unique,1
284.000,investigation_timeouts,0
284.000,mission_duration_s,239.64
284.000,distance_traveled_m,57.846086505953735
284.000,route_deviations,3
284.000,investigation_time_s,24.00000000000003
284.000,hazard_avoidances,1
284.000,min_hazard_distance_m,4.838036679088752
284.000,collisions,0
284.000,time_below_clearance_s,0.0
284.000,safety_zone_violations,0
284.000,min_ttc_s,18.40598275293924
284.000,avoid_success,1
284.000,avoid_timeout,0
284.000,q_convergence,0.6749663024377037
284.000,update_residual,0.16309252237578847
284.000,investigation_deferred,0
284.000,nav_aborted,0
284.000,nav_canceled,0
284.000,nav_rejected,0
284.000,run_seed,9
285.000,anomalies_detected,2
285.000,anomalies_unique,1
285.000,investigation_timeouts,0
285.000,mission_duration_s,240.64
285.000,distance_traveled_m,57.846086505953735
285.000,route_deviations,3
285.000,investigation_time_s,24.60000000000005
285.000,hazard_avoidances,1
285.000,min_hazard_distance_m,4.838036679088752
285.000,collisions,0
285.000,time_below_clearance_s,0.0
285.000,safety_zone_violations,0
285.000,min_ttc_s,18.40598275293924
285.000,avoid_success,1
285.000,avoid_timeout,0
285.000,q_convergence,0.47382011582001365
285.000,update_residual,0.1286385198942167
285.000,investigation_deferred,0
285.000,nav_aborted,0
285.000,nav_canceled,0
285.000,nav_rejected,0
285.000,run_seed,9
286.000,anomalies_detected,2
286.000,anomalies_unique,2
286.000,investigation_timeouts,0
286.000,mission_duration_s,241.64
286.000,distance_traveled_m,57.98296689147645
286.000,route_deviations,3
286.000,investigation_time_s,24.60000000000005
286.000,hazard_avoidances,1
286.000,min_hazard_distance_m,4.838036679088752
286.000,collisions,0
286.000,time_below_clearance_s,0.0
286.000,safety_zone_violations,0
286.000,min_ttc_s,18.40598275293924
286.000,avoid_success,1
286.000,avoid_timeout,0
286.000,q_convergence,0.3161232946060211
286.000,update_residual,0.10068036152598517
286.000,investigation_deferred,0
286.000,nav_aborted,0
286.000,nav_canceled,0
286.000,nav_rejected,0
286.000,run_seed,9
287.000,anomalies_detected,2
287.000,anomalies_unique,2
287.000,investigation_timeouts,0
287.000,mission_duration_s,242.64
287.000,distance_traveled_m,58.03013759813201
287.000,route_deviations,3
287.000,investigation_time_s,24.60000000000005
287.000,hazard_avoidances,1
287.000,min_hazard_distance_m,4.838036679088752
287.000,collisions,0
287.000,time_below_clearance_s,0.0
287.000,safety_zone_violations,0
287.000,min_ttc_s,18.40598275293924
287.000,avoid_success,1
287.000,avoid_timeout,0
287.000,q_convergence,0.6757704167513786
287.000,update_residual,0.13171164287870782
287.000,investigation_deferred,0
287.000,nav_aborted,0
287.000,nav_canceled,0
287.000,nav_rejected,0
287.000,run_seed,9
288.000,anomalies_detected,2
288.000,anomalies_unique,2
288.000,investigation_timeouts,0
288.000,mission_duration_s,243.64
288.000,distance_traveled_m,58.263769734905715
288.000,route_deviations,3
288.000,investigation_time_s,24.60000000000005
288.000,hazard_avoidances,1
288.000,min_hazard_distance_m,4.838036679088752
288.000,collisions,0
288.000,time_below_clearance_s,0.0
288.000,safety_zone_violations,0
288.000,min_ttc_s,18.40598275293924
288.000,avoid_success,1
288.000,avoid_timeout,0
288.000,q_convergence,0.569980745261198
288.000,update_residual,0.1157059017816954
288.000,investigation_deferred,0
288.000,nav_aborted,0
288.000,nav_canceled,0
288.000,nav_rejected,0
288.000,run_seed,9
289.000,anomalies_detected,2
289.000,anomalies_unique,2
289.000,investigation_timeouts,0
289.000,mission_duration_s,244.64
289.000,distance_traveled_m,58.52584962804874
289.000,route_deviations,3
289.000,investigation_time_s,24.60000000000005
289.000,hazard_avoidances,1
289.000,min_hazard_distance_m,4.838036679088752
289.000,collisions,0
289.000,time_below_clearance_s,0.0
289.000,safety_zone_violations,0
289.000,min_ttc_s,18.40598275293924
289.000,avoid_success,1
289.000,avoid_timeout,0
289.000,q_convergence,0.40661286572355404
289.000,update_residual,0.099369113827931
289.000,investigation_deferred,0
289.000,nav_aborted,0
289.000,nav_canceled,0
289.000,nav_rejected,0
289.000,run_seed,9
290.000,anomalies_detected,2
290.000,anomalies_unique,2
290.000,investigation_timeouts,0
290.000,mission_duration_s,245.64
290.000,distance_traveled_m,58.78792959421973
290.000,route_deviations,3
290.000,investigation_time_s,24.60000000000005
290.000,hazard_avoidances,1
290.000,min_hazard_distance_m,4.838036679088752
290.000,collisions,0
290.000,time_below_clearance_s,0.0
290.000,safety_zone_violations,0
290.000,min_ttc_s,18.40598275293924
290.000,avoid_success,1
290.000,avoid_timeout,0
290.000,q_convergence,0.08030321928044401
290.000,update_residual,0.05793197509528366
290.000,investigation_deferred,0
290.000,nav_aborted,0
290.000,nav_canceled,0
290.000,nav_rejected,0
290.000,run_seed,9
291.000,anomalies_detected,2
291.000,anomalies_unique,2
291.000,investigation_timeouts,0
291.000,mission_duration_s,246.64
291.000,distance_traveled_m,59.050009590626445
291.000,route_deviations,3
291.000,investigation_time_s,24.60000000000005
291.000,hazard_avoidances,1
291.000,min_hazard_distance_m,4.838036679088752
291.000,collisions,0
291.000,time_below_clearance_s,0.0
291.000,safety_zone_violations,0
291.000,min_ttc_s,18.40598275293924
291.000,avoid_success,1
291.000,avoid_timeout,0
291.000,q_convergence,0.0165210011343504
291.000,update_residual,0.04334473649484965
291.000,investigation_deferred,0
291.000,nav_aborted,0
291.000,nav_canceled,0
291.000,nav_rejected,0
291.000,run_seed,9
292.000,anomalies_detected,2
292.000,anomalies_unique,2
292.000,investigation_timeouts,0
292.000,mission_duration_s,247.64
292.000,distance_traveled_m,59.31208958187179
292.000,route_deviations,3
292.000,investigation_time_s,24.60000000000005
292.000,hazard_avoidances,1
292.000,min_hazard_distance_m,4.838036679088752
292.000,collisions,0
292.000,time_below_clearance_s,0.0
292.000,safety_zone_violations,0
292.000,min_ttc_s,18.40598275293924
292.000,avoid_success,1
292.000,avoid_timeout,0
292.000,q_convergence,1.2632408247330082
292.000,update_residual,0.16324739102876157
292.000,investigation_deferred,0
292.000,nav_aborted,0
292.000,nav_canceled,0
292.000,nav_rejected,0
292.000,run_seed,9
293.000,anomalies_detected,2
293.000,anomalies_unique,2
293.000,investigation_timeouts,0
293.000,mission_duration_s,248.64
293.000,distance_traveled_m,59.56480955974498
293.000,route_deviations,3
293.000,investigation_time_s,24.60000000000005
293.000,hazard_avoidances,1
293.000,min_hazard_distance_m,4.838036679088752
293.000,collisions,0
293.000,time_below_clearance_s,0.0
293.000,safety_zone_violations,0
293.000,min_ttc_s,18.40598275293924
293.000,avoid_success,1
293.000,avoid_timeout,0
293.000,q_convergence,0.8093604751084751
293.000,update_residual,0.1169899919241779
293.000,investigation_deferred,0
293.000,nav_aborted,0
293.000,nav_canceled,0
293.000,nav_rejected,0
293.000,run_seed,9
294.000,anomalies_detected,2
294.000,anomalies_unique,2
294.000,investigation_timeouts,0
294.000,mission_duration_s,249.64
294.000,distance_traveled_m,59.8268895499831
294.000,route_deviations,3
294.000,investigation_time_s,24.60000000000005
294.000,hazard_avoidances,1
294.000,min_hazard_distance_m,4.838036679088752
294.000,collisions,0
294.000,time_below_clearance_s,0.0
294.000,safety_zone_violations,0
294.000,min_ttc_s,18.40598275293924
294.000,avoid_success,1
294.000,avoid_timeout,0
294.000,q_convergence,0.6620313365690946
294.000,update_residual,0.09684898640824027
294.000,investigation_deferred,0
294.000,nav_aborted,0
294.000,nav_canceled,0
294.000,nav_rejected,0
294.000,run_seed,9
295.000,anomalies_detected,2
295.000,anomalies_unique,2
295.000,investigation_timeouts,0
295.000,mission_duration_s,250.64
295.000,distance_traveled_m,60.08896954810597
295.000,route_deviations,3
295.000,investigation_time_s,24.60000000000005
295.000,hazard_avoidances,1
295.000,min_hazard_distance_m,4.838036679088752
295.000,collisions,0
295.000,time_below_clearance_s,0.0
295.000,safety_zone_violations,0
295.000,min_ttc_s,18.40598275293924
295.000,avoid_success,1
295.000,avoid_timeout,0
295.000,q_convergence,0.54034369350151
295.000,update_residual,0.08008334418878217
295.000,investigation_deferred,0
295.000,nav_aborted,0
295.000,nav_canceled,0
295.000,nav_rejected,0
295.000,run_seed,9
296.000,anomalies_detected,2
296.000,anomalies_unique,2
296.000,investigation_timeouts,0
296.000,mission_duration_s,251.64
296.000,distance_traveled_m,60.35104903332168
296.000,route_deviations,3
296.000,investigation_time_s,24.60000000000005
296.000,hazard_avoidances,1
296.000,min_hazard_distance_m,4.838036679088752
296.000,collisions,0
296.000,time_below_clearance_s,0.0
296.000,safety_zone_violations,0
296.000,min_ttc_s,18.40598275293924
296.000,avoid_success,1
296.000,avoid_timeout,0
296.000,q_convergence,1.2007089642249764
296.000,update_residual,0.14425923020122666
296.000,investigation_deferred,0
296.000,nav_aborted,0
296.000,nav_canceled,0
296.000,nav_rejected,0
296.000,run_seed,9
297.000,anomalies_detected,2
297.000,anomalies_unique,2
297.000,investigation_timeouts,0
297.000,mission_duration_s,252.64
297.000,distance_traveled_m,60.55579034331615
297.000,route_deviations,3
297.000,investigation_time_s,24.60000000000005
297.000,hazard_avoidances,1
297.000,min_hazard_distance_m,4.838036679088752
297.000,collisions,0
297.000,time_below_clearance_s,0.0
297.000,safety_zone_violations,0
297.000,min_ttc_s,18.40598275293924
297.000,avoid_success,1
297.000,avoid_timeout,0
297.000,q_convergence,0.9650141565116492
297.000,update_residual,0.11706149936308455
297.000,investigation_deferred,0
297.000,nav_aborted,0
297.000,nav_canceled,0
297.000,nav_rejected,0
297.000,run_seed,9
298.000,anomalies_detected,2
298.000,anomalies_unique,2
298.000,investigation_timeouts,0
298.000,mission_duration_s,253.64
298.000,distance_traveled_m,60.60318819317146
298.000,route_deviations,3
298.000,investigation_time_s,24.60000000000005
298.000,hazard_avoidances,1
298.000,min_hazard_distance_m,4.838036679088752
298.000,collisions,0
298.000,time_below_clearance_s,0.0
298.000,safety_zone_violations,0
298.000,min_ttc_s,18.40598275293924
298.000,avoid_success,1
298.000,avoid_timeout,0
298.000,q_convergence,0.783881669249429
298.000,update_residual,0.10052979553777941
298.000,investigation_deferred,0
298.000,nav_aborted,0
298.000,nav_canceled,0
298.000,nav_rejected,0
298.000,run_seed,9
299.000,anomalies_detected,2
299.000,anomalies_unique,2
299.000,investigation_timeouts,0
299.000,mission_duration_s,254.64
299.000,distance_traveled_m,60.67392027834888
299.000,route_deviations,3
299.000,investigation_time_s,24.60000000000005
299.000,hazard_avoidances,1
299.000,min_hazard_distance_m,4.838036679088752
299.000,collisions,0
299.000,time_below_clearance_s,0.0
299.000,safety_zone_violations,0
299.000,min_ttc_s,18.40598275293924
299.000,avoid_success,1
299.000,avoid_timeout,0
299.000,q_convergence,0.6566313554751169
299.000,update_residual,0.08448351986842272
299.000,investigation_deferred,0
299.000,nav_aborted,0
299.000,nav_canceled,0
299.000,nav_rejected,0
299.000,run_seed,9
300.000,anomalies_detected,2
300.000,anomalies_unique,2
300.000,investigation_timeouts,0
300.000,mission_duration_s,255.64
300.000,distance_traveled_m,60.83413150842631
300.000,route_deviations,3
300.000,investigation_time_s,24.60000000000005
300.000,hazard_avoidances,1
300.000,min_hazard_distance_m,4.838036679088752
300.000,collisions,0
300.000,time_below_clearance_s,0.0
300.000,safety_zone_violations,0
300.000,min_ttc_s,18.40598275293924
300.000,avoid_success,1
300.000,avoid_timeout,0
300.000,q_convergence,0.5478282261146777
300.000,update_residual,0.07078014928424216
300.000,investigation_deferred,0
300.000,nav_aborted,0
300.000,nav_canceled,0
300.000,nav_rejected,0
300.000,run_seed,9
301.000,anomalies_detected,2
301.000,anomalies_unique,2
301.000,investigation_timeouts,0
301.000,mission_duration_s,256.64
301.000,distance_traveled_m,60.886380958947974
301.000,route_deviations,3
301.000,investigation_time_s,24.60000000000005
301.000,hazard_avoidances,1
301.000,min_hazard_distance_m,4.838036679088752
301.000,collisions,0
301.000,time_below_clearance_s,0.0
301.000,safety_zone_violations,0
301.000,min_ttc_s,18.40598275293924
301.000,avoid_success,1
301.000,avoid_timeout,0
301.000,q_convergence,0.4566954236687771
301.000,update_residual,0.05926727003873592
301.000,investigation_deferred,0
301.000,nav_aborted,0
301.000,nav_canceled,0
301.000,nav_rejected,0
301.000,run_seed,9
302.000,anomalies_detected,2
302.000,anomalies_unique,2
302.000,investigation_timeouts,0
302.000,mission_duration_s,257.64
302.000,distance_traveled_m,61.085361253267656
302.000,route_deviations,3
302.000,investigation_time_s,24.60000000000005
302.000,hazard_avoidances,1
302.000,min_hazard_distance_m,4.838036679088752
302.000,collisions,0
302.000,time_below_clearance_s,0.0
302.000,safety_zone_violations,0
302.000,min_ttc_s,18.40598275293924
302.000,avoid_success,1
302.000,avoid_timeout,0
302.000,q_convergence,0.37908670893095103
302.000,update_residual,0.05150639856495333
302.000,investigation_deferred,0
302.000,nav_aborted,0
302.000,nav_canceled,0
302.000,nav_rejected,0
302.000,run_seed,9
303.000,anomalies_detected,2
303.000,anomalies_unique,2
303.000,investigation_timeouts,0
303.000,mission_duration_s,258.64
303.000,distance_traveled_m,61.34744079630532
303.000,route_deviations,3
303.000,investigation_time_s,24.60000000000005
303.000,hazard_avoidances,1
303.000,min_hazard_distance_m,4.838036679088752
303.000,collisions,0
303.000,time_below_clearance_s,0.0
303.000,safety_zone_violations,0
303.000,min_ttc_s,18.40598275293924
303.000,avoid_success,1
303.000,avoid_timeout,0
303.000,q_convergence,0.31401020976979704
303.000,update_residual,0.04295908949805919
303.000,investigation_deferred,0
303.000,nav_aborted,0
303.000,nav_canceled,0
303.000,nav_rejected,0
303.000,run_seed,9
304.000,anomalies_detected,2
304.000,anomalies_unique,2
304.000,investigation_timeouts,0
304.000,mission_duration_s,259.64
304.000,distance_traveled_m,61.609520787981516
304.000,route_deviations,3
304.000,investigation_time_s,24.60000000000005
304.000,hazard_avoidances,1
304.000,min_hazard_distance_m,4.838036679088752
304.000,collisions,0
304.000,time_below_clearance_s,0.0
304.000,safety_zone_violations,0
304.000,min_ttc_s,18.40598275293924
304.000,avoid_success,1
304.000,avoid_timeout,0
304.000,q_convergence,0.2587149710421161
304.000,update_residual,0.0374295656252911
304.000,investigation_deferred,0
304.000,nav_aborted,0
304.000,nav_canceled,0
304.000,nav_rejected,0
304.000,run_seed,9
305.000,anomalies_detected,2
305.000,anomalies_unique,2
305.000,investigation_timeouts,0
305.000,mission_duration_s,260.64
305.000,distance_traveled_m,61.871600784768894
305.000,route_deviations,3
305.000,investigation_time_s,24.60000000000005
305.000,hazard_avoidances,1
305.000,min_hazard_distance_m,4.838036679088752
305.000,collisions,0
305.000,time_below_clearance_s,0.0
305.000,safety_zone_violations,0
305.000,min_ttc_s,18.40598275293924
305.000,avoid_success,1
305.000,avoid_timeout,0
305.000,q_convergence,0.8293456080301895
305.000,update_residual,0.09205717917144239
305.000,investigation_deferred,0
305.000,nav_aborted,0
305.000,nav_canceled,0
305.000,nav_rejected,0
305.000,run_seed,9
306.000,anomalies_detected,2
306.000,anomalies_unique,2
306.000,investigation_timeouts,0
306.000,mission_duration_s,261.64
306.000,distance_traveled_m,62.12432078358575
306.000,route_deviations,3
306.000,investigation_time_s,24.60000000000005
306.000,hazard_avoidances,1
306.000,min_hazard_distance_m,4.838036679088752
306.000,collisions,0
306.000,time_below_clearance_s,0.0
306.000,safety_zone_violations,0
306.000,min_ttc_s,18.40598275293924
306.000,avoid_success,1
306.000,avoid_timeout,0
306.000,q_convergence,0.9456729676303981
306.000,update_residual,0.10368991513146328
306.000,investigation_deferred,0
306.000,nav_aborted,0
306.000,nav_canceled,0
306.000,nav_rejected,0
306.000,run_seed,9
307.000,anomalies_detected,2
307.000,anomalies_unique,2
307.000,investigation_timeouts,0
307.000,mission_duration_s,262.64
307.000,distance_traveled_m,62.38640073765421
307.000,route_deviations,3
307.000,investigation_time_s,24.60000000000005
307.000,hazard_avoidances,1
307.000,min_hazard_distance_m,4.838036679088752
307.000,collisions,0
307.000,time_below_clearance_s,0.0
307.000,safety_zone_violations,0
307.000,min_ttc_s,18.40598275293924
307.000,avoid_success,1
307.000,avoid_timeout,0
307.000,q_convergence,0.8578350055810026
307.000,update_residual,0.09413420506458017
307.000,investigation_deferred,0
307.000,nav_aborted,0
307.000,nav_canceled,0
307.000,nav_rejected,0
307.000,run_seed,9
308.000,anomalies_detected,2
308.000,anomalies_unique,2
308.000,investigation_timeouts,0
308.000,mission_duration_s,263.64
308.000,distance_traveled_m,62.64848073351158
308.000,route_deviations,3
308.000,investigation_time_s,24.60000000000005
308.000,hazard_avoidances,1
308.000,min_hazard_distance_m,4.838036679088752
308.000,collisions,0
308.000,time_below_clearance_s,0.0
308.000,safety_zone_violations,0
308.000,min_ttc_s,18.40598275293924
308.000,avoid_success,1
308.000,avoid_timeout,0
308.000,q_convergence,0.7374791728575901
308.000,update_residual,0.08084601611626693
308.000,investigation_deferred,0
308.000,nav_aborted,0
308.000,nav_canceled,0
308.000,nav_rejected,0
308.000,run_seed,9
309.000,anomalies_detected,2
309.000,anomalies_unique,2
309.000,investigation_timeouts,0
309.000,mission_duration_s,264.64
309.000,distance_traveled_m,62.91056072456566
309.000,route_deviations,3
309.000,investigation_time_s,24.60000000000005
309.000,hazard_avoidances,1
309.000,min_hazard_distance_m,4.838036679088752
309.000,collisions,0
309.000,time_below_clearance_s,0.0
309.000,safety_zone_violations,0
309.000,min_ttc_s,18.40598275293924
309.000,avoid_success,1
309.000,avoid_timeout,0
309.000,q_convergence,0.6323022264297606
309.000,update_residual,0.06926360664890781
309.000,investigation_deferred,0
309.000,nav_aborted,0
309.000,nav_canceled,0
309.000,nav_rejected,0
309.000,run_seed,9
310.000,anomalies_detected,2
310.000,anomalies_unique,2
310.000,investigation_timeouts,0
310.000,mission_duration_s,265.64
310.000,distance_traveled_m,63.17264071683316
310.000,route_deviations,3
310.000,investigation_time_s,24.60000000000005
310.000,hazard_avoidances,1
310.000,min_hazard_distance_m,4.838036679088752
310.000,collisions,0
310.000,time_below_clearance_s,0.0
310.000,safety_zone_violations,0
310.000,min_ttc_s,18.40598275293924
310.000,avoid_success,1
310.000,avoid_timeout,0
310.000,q_convergence,0.9995844003012658
310.000,update_residual,0.10472050383480842
310.000,investigation_deferred,0
310.000,nav_aborted,0
310.000,nav_canceled,0
310.000,nav_rejected,0
310.000,run_seed,9
311.000,anomalies_detected,2
311.000,anomalies_unique,2
311.000,investigation_timeouts,0
311.000,mission_duration_s,266.64
311.000,distance_traveled_m,63.42536071413282
311.000,route_deviations,3
311.000,investigation_time_s,24.60000000000005
311.000,hazard_avoidances,1
311.000,min_hazard_distance_m,4.838036679088752
311.000,collisions,0
311.000,time_below_clearance_s,0.0
311.000,safety_zone_violations,0
311.000,min_ttc_s,18.40598275293924
311.000,avoid_success,1
311.000,avoid_timeout,0
311.000,q_convergence,0.8792698019348959
311.000,update_residual,0.09305535659853158
311.000,investigation_deferred,0
311.000,nav_aborted,0
311.000,nav_canceled,0
311.000,nav_rejected,0
311.000,run_seed,9
312.000,anomalies_detected,2
312.000,anomalies_unique,2
312.000,investigation_timeouts,0
312.000,mission_duration_s,267.64
312.000,distance_traveled_m,63.68744071281981
312.000,route_deviations,3
312.000,investigation_time_s,24.60000000000005
312.000,hazard_avoidances,1
312.000,min_hazard_distance_m,4.838036679088752
312.000,collisions,0
312.000,time_below_clearance_s,0.0
312.000,safety_zone_violations,0
312.000,min_ttc_s,18.40598275293924
312.000,avoid_success,1
312.000,avoid_timeout,0
312.000,q_convergence,0.7598790925222294
312.000,update_residual,0.0803470291965086
312.000,investigation_deferred,0
312.000,nav_aborted,0
312.000,nav_canceled,0
312.000,nav_rejected,0
312.000,run_seed,9
313.000,anomalies_detected,2
313.000,anomalies_unique,2
313.000,investigation_timeouts,0
313.000,mission_duration_s,268.64
313.000,distance_traveled_m,63.949520666992726
313.000,route_deviations,3
313.000,investigation_time_s,24.60000000000005
313.000,hazard_avoidances,1
313.000,min_hazard_distance_m,4.838036679088752
313.000,collisions,0
313.000,time_below_clearance_s,0.0
313.000,safety_zone_violations,0
313.000,min_ttc_s,18.40598275293924
313.000,avoid_success,1
313.000,avoid_timeout,0
313.000,q_convergence,1.077015521380857
313.000,update_residual,0.11114214323696833
313.000,investigation_deferred,0
313.000,nav_aborted,0
313.000,nav_canceled,0
313.000,nav_rejected,0
313.000,run_seed,9
314.000,anomalies_detected,2
314.000,anomalies_unique,2
314.000,investigation_timeouts,0
314.000,mission_duration_s,269.64
314.000,distance_traveled_m,64.2116006593555
314.000,route_deviations,3
314.000,investigation_time_s,24.60000000000005
314.000,hazard_avoidances,1
314.000,min_hazard_distance_m,4.838036679088752
314.000,collisions,0
314.000,time_below_clearance_s,0.0
314.000,safety_zone_violations,0
314.000,min_ttc_s,18.40598275293924
314.000,avoid_success,1
314.000,avoid_timeout,0
314.000,q_convergence,0.8105176374143659
314.000,update_residual,0.084201227901183
314.000,investigation_deferred,0
314.000,nav_aborted,0
314.000,nav_canceled,0
314.000,nav_rejected,0
314.000,run_seed,9
315.000,anomalies_detected,2
315.000,anomalies_unique,2
315.000,investigation_timeouts,0
315.000,mission_duration_s,270.64
315.000,distance_traveled_m,64.46432065158506
315.000,route_deviations,3
315.000,investigation_time_s,24.60000000000005
315.000,hazard_avoidances,1
315.000,min_hazard_distance_m,4.838036679088752
315.000,collisions,0
315.000,time_below_clearance_s,0.0
315.000,safety_zone_violations,0
315.000,min_ttc_s,18.40598275293924
315.000,avoid_success,1
315.000,avoid_timeout,0
315.000,q_convergence,1.0389626216508088
315.000,update_residual,0.2971694089202782
315.000,investigation_deferred,0
315.000,nav_aborted,0
315.000,nav_canceled,0
315.000,nav_rejected,0
315.000,run_seed,9
316.000,anomalies_detected,2
316.000,anomalies_unique,2
316.000,investigation_timeouts,0
316.000,mission_duration_s,271.64
316.000,distance_traveled_m,64.72640064484366
316.000,route_deviations,3
316.000,investigation_time_s,24.60000000000005
316.000,hazard_avoidances,1
316.000,min_hazard_distance_m,4.838036679088752
316.000,collisions,0
316.000,time_below_clearance_s,0.0
316.000,safety_zone_violations,0
316.000,min_ttc_s,18.40598275293924
316.000,avoid_success,1
316.000,avoid_timeout,0
316.000,q_convergence,0.5458216214675631
316.000,update_residual,0.28667956381598364
316.000,investigation_deferred,0
316.000,nav_aborted,0
316.000,nav_canceled,0
316.000,nav_rejected,0
316.000,run_seed,9
317.000,anomalies_detected,3
317.000,anomalies_unique,2
317.000,investigation_timeouts,0
317.000,mission_duration_s,272.64
317.000,distance_traveled_m,64.98847861085572
317.000,route_deviations,4
317.000,investigation_time_s,25.400000000000063
317.000,hazard_avoidances,1
317.000,min_hazard_distance_m,4.838036679088752
317.000,collisions,0
317.000,time_below_clearance_s,0.0
317.000,safety_zone_violations,0
317.000,min_ttc_s,18.40598275293924
317.000,avoid_success,1
317.000,avoid_timeout,0
317.000,q_convergence,0.17221592804253114
317.000,update_residual,0.25786264379662505
317.000,investigation_deferred,0
317.000,nav_aborted,0
317.000,nav_canceled,0
317.000,nav_rejected,0
317.000,run_seed,9
318.000,anomalies_detected,3
318.000,anomalies_unique,2
318.000,investigation_timeouts,0
318.000,mission_duration_s,273.64
318.000,distance_traveled_m,65.25055638196478
318.000,route_deviations,4
318.000,investigation_time_s,26.400000000000063
318.000,hazard_avoidances,1
318.000,min_hazard_distance_m,4.838036679088752
318.000,collisions,0
318.000,time_below_clearance_s,0.0
318.000,safety_zone_violations,0
318.000,min_ttc_s,18.40598275293924
318.000,avoid_success,1
318.000,avoid_timeout,0
318.000,q_convergence,0.1730590204167816
318.000,update_residual,0.23242782489295433
318.000,investigation_deferred,0
318.000,nav_aborted,0
318.000,nav_canceled,0
318.000,nav_rejected,0
318.000,run_seed,9
319.000,anomalies_detected,3
319.000,anomalies_unique,2
319.000,investigation_timeouts,0
319.000,mission_duration_s,274.64
319.000,distance_traveled_m,65.51263635546871
319.000,route_deviations,4
319.000,investigation_time_s,27.400000000000063
319.000,hazard_avoidances,1
319.000,min_hazard_distance_m,4.838036679088752
319.000,collisions,0
319.000,time_below_clearance_s,0.0
319.000,safety_zone_violations,0
319.000,min_ttc_s,18.40598275293924
319.000,avoid_success,1
319.000,avoid_timeout,0
319.000,q_convergence,1.655758331609228
319.000,update_residual,0.33870496249044896
319.000,investigation_deferred,0
319.000,nav_aborted,0
319.000,nav_canceled,0
319.000,nav_rejected,0
319.000,run_seed,9
320.000,anomalies_detected,3
320.000,anomalies_unique,2
320.000,investigation_timeouts,0
320.000,mission_duration_s,275.64
320.000,distance_traveled_m,65.76535633590454
320.000,route_deviations,4
320.000,investigation_time_s,28.400000000000063
320.000,hazard_avoidances,1
320.000,min_hazard_distance_m,4.838036679088752
320.000,collisions,0
320.000,time_below_clearance_s,0.0
320.000,safety_zone_violations,0
320.000,min_ttc_s,18.40598275293924
320.000,avoid_success,1
320.000,avoid_timeout,0
320.000,q_convergence,0.546077584851541
320.000,update_residual,0.26688142637959167
320.000,investigation_deferred,0
320.000,nav_aborted,0
320.000,nav_canceled,0
320.000,nav_rejected,0
320.000,run_seed,9
321.000,anomalies_detected,3
321.000,anomalies_unique,2
321.000,investigation_timeouts,0
321.000,mission_duration_s,276.64
321.000,distance_traveled_m,66.02743632139953
321.000,route_deviations,4
321.000,investigation_time_s,29.400000000000063
321.000,hazard_avoidances,1
321.000,min_hazard_distance_m,4.838036679088752
321.000,collisions,0
321.000,time_below_clearance_s,0.0
321.000,safety_zone_violations,0
321.000,min_ttc_s,18.40598275293924
321.000,avoid_success,1
321.000,avoid_timeout,0
321.000,q_convergence,1.0745892798873076
321.000,update_residual,0.2745261666093529
321.000,investigation_deferred,0
321.000,nav_aborted,0
321.000,nav_canceled,0
321.000,nav_rejected,0
321.000,run_seed,9
322.000,anomalies_detected,3
322.000,anomalies_unique,2
322.000,investigation_timeouts,0
322.000,mission_duration_s,277.64
322.000,distance_traveled_m,66.28951630655676
322.000,route_deviations,4
322.000,investigation_time_s,30.400000000000063
322.000,hazard_avoidances,1
322.000,min_hazard_distance_m,4.838036679088752
322.000,collisions,0
322.000,time_below_clearance_s,0.0
322.000,safety_zone_violations,0
322.000,min_ttc_s,18.40598275293924
322.000,avoid_success,1
322.000,avoid_timeout,0
322.000,q_convergence,0.7079241823688776
322.000,update_residual,0.2241601432906189
322.000,investigation_deferred,0
322.000,nav_aborted,0
322.000,nav_canceled,0
322.000,nav_rejected,0
322.000,run_seed,9
323.000,anomalies_detected,3
323.000,anomalies_unique,2
323.000,investigation_timeouts,0
323.000,mission_duration_s,278.64
323.000,distance_traveled_m,66.55159629241906
323.000,route_deviations,4
323.000,investigation_time_s,31.400000000000063
323.000,hazard_avoidances,1
323.000,min_hazard_distance_m,4.838036679088752
323.000,collisions,0
323.000,time_below_clearance_s,0.0
323.000,safety_zone_violations,0
323.000,min_ttc_s,18.40598275293924
323.000,avoid_success,1
323.000,avoid_timeout,0
323.000,q_convergence,1.066309424787188
323.000,update_residual,0.24904383002861202
323.000,investigation_deferred,0
323.000,nav_aborted,0
323.000,nav_canceled,0
323.000,nav_rejected,0
323.000,run_seed,9
324.000,anomalies_detected,3
324.000,anomalies_unique,2
324.000,investigation_timeouts,0
324.000,mission_duration_s,279.64
324.000,distance_traveled_m,66.73573883390712
324.000,route_deviations,4
324.000,investigation_time_s,32.40000000000006
324.000,hazard_avoidances,1
324.000,min_hazard_distance_m,4.838036679088752
324.000,collisions,0
324.000,time_below_clearance_s,0.0
324.000,safety_zone_violations,0
324.000,min_ttc_s,18.40598275293924
324.000,avoid_success,1
324.000,avoid_timeout,0
324.000,q_convergence,0.6904340658913585
324.000,update_residual,0.19940597288480735
324.000,investigation_deferred,0
324.000,nav_aborted,0
324.000,nav_canceled,0
324.000,nav_rejected,0
324.000,run_seed,9
325.000,anomalies_detected,3
325.000,anomalies_unique,2
325.000,investigation_timeouts,0
325.000,mission_duration_s,280.64
325.000,distance_traveled_m,66.73573883391425
325.000,route_deviations,4
325.000,investigation_time_s,33.40000000000006
325.000,hazard_avoidances,1
325.000,min_hazard_distance_m,4.838036679088752
325.000,collisions,0
325.000,time_below_clearance_s,0.0
325.000,safety_zone_violations,0
325.000,min_ttc_s,18.40598275293924
325.000,avoid_success,1
325.000,avoid_timeout,0
325.000,q_convergence,1.1379646444891973
325.000,update_residual,0.2163966323668093
325.000,investigation_deferred,0
325.000,nav_aborted,0
325.000,nav_canceled,0
325.000,nav_rejected,0
325.000,run_seed,9
326.000,anomalies_detected,3
326.000,anomalies_unique,2
326.000,investigation_timeouts,0
326.000,mission_duration_s,281.64
326.000,distance_traveled_m,66.73573883391425
326.000,route_deviations,4
326.000,investigation_time_s,34.40000000000006
326.000,hazard_avoidances,1
326.000,min_hazard_distance_m,4.838036679088752
326.000,collisions,0
326.000,time_below_clearance_s,0.0
326.000,safety_zone_violations,0
326.000,min_ttc_s,18.40598275293924
326.000,avoid_success,1
326.000,avoid_timeout,0
326.000,q_convergence,0.6334988857693861
326.000,update_residual,0.1575368427255612
326.000,investigation_deferred,0
326.000,nav_aborted,0
326.000,nav_canceled,0
326.000,nav_rejected,0
326.000,run_seed,9
327.000,anomalies_detected,3
327.000,anomalies_unique,2
327.000,investigation_timeouts,0
327.000,mission_duration_s,282.64
327.000,distance_traveled_m,66.73573883391425
327.000,route_deviations,4
327.000,investigation_time_s,35.200000000000074
327.000,hazard_avoidances,1
327.000,min_hazard_distance_m,4.838036679088752
327.000,collisions,0
327.000,time_below_clearance_s,0.0
327.000,safety_zone_violations,0
327.000,min_ttc_s,18.40598275293924
327.000,avoid_success,1
327.000,avoid_timeout,0
327.000,q_convergence,0.4272091093076887
327.000,update_residual,0.1369078650793915
327.000,investigation_deferred,0
327.000,nav_aborted,0
327.000,nav_canceled,0
327.000,nav_rejected,0
327.000,run_seed,9
328.000,anomalies_detected,3
328.000,anomalies_unique,3
328.000,investigation_timeouts,0
328.000,mission_duration_s,283.64
328.000,distance_traveled_m,66.8335539755027
328.000,route_deviations,4
328.000,investigation_time_s,35.200000000000074
328.000,hazard_avoidances,1
328.000,min_hazard_distance_m,4.838036679088752
328.000,collisions,0
328.000,time_below_clearance_s,0.0
328.000,safety_zone_violations,0
328.000,min_ttc_s,18.40598275293924
328.000,avoid_success,1
328.000,avoid_timeout,0
328.000,q_convergence,0.257068154798243
328.000,update_residual,0.10576572650615357
328.000,investigation_deferred,0
328.000,nav_aborted,0
328.000,nav_canceled,0
328.000,nav_rejected,0
328.000,run_seed,9
329.000,anomalies_detected,3
329.000,anomalies_unique,3
329.000,investigation_timeouts,0
329.000,mission_duration_s,284.64
329.000,distance_traveled_m,67.08627228251757
329.000,route_deviations,4
329.000,investigation_time_s,35.200000000000074
329.000,hazard_avoidances,1
329.000,min_hazard_distance_m,4.838036679088752
329.000,collisions,0
329.000,time_below_clearance_s,0.0
329.000,safety_zone_violations,0
329.000,min_ttc_s,18.40598275293924
329.000,avoid_success,1
329.000,avoid_timeout,0
329.000,q_convergence,0.11857110419864204
329.000,update_residual,0.09191602144619342
329.000,investigation_deferred,0
329.000,nav_aborted,0
329.000,nav_canceled,0
329.000,nav_rejected,0
329.000,run_seed,9
330.000,anomalies_detected,3
330.000,anomalies_unique,3
330.000,investigation_timeouts,0
330.000,mission_duration_s,285.64
330.000,distance_traveled_m,67.34835225150235
330.000,route_deviations,4
330.000,investigation_time_s,35.200000000000074
330.000,hazard_avoidances,1
330.000,min_hazard_distance_m,4.838036679088752
330.000,collisions,0
330.000,time_below_clearance_s,0.0
330.000,safety_zone_violations,0
330.000,min_ttc_s,18.40598275293924
330.000,avoid_success,1
330.000,avoid_timeout,0
330.000,q_convergence,0.02380119330015807
330.000,update_residual,0.0688159036075906
330.000,investigation_deferred,0
330.000,nav_aborted,0
330.000,nav_canceled,0
330.000,nav_rejected,0
330.000,run_seed,9
331.000,anomalies_detected,3
331.000,anomalies_unique,3
331.000,investigation_timeouts,0
331.000,mission_duration_s,286.64
331.000,distance_traveled_m,67.61043224053176
331.000,route_deviations,4
331.000,investigation_time_s,35.200000000000074
331.000,hazard_avoidances,1
331.000,min_hazard_distance_m,4.838036679088752
331.000,collisions,0
331.000,time_below_clearance_s,0.0
331.000,safety_zone_violations,0
331.000,min_ttc_s,18.40598275293924
331.000,avoid_success,1
331.000,avoid_timeout,0
331.000,q_convergence,0.07431820258062403
331.000,update_residual,0.050410742958460465
331.000,investigation_deferred,0
331.000,nav_aborted,0
331.000,nav_canceled,0
331.000,nav_rejected,0
331.000,run_seed,9
332.000,anomalies_detected,3
332.000,anomalies_unique,3
332.000,investigation_timeouts,0
332.000,mission_duration_s,287.64
332.000,distance_traveled_m,67.87251223088171
332.000,route_deviations,4
332.000,investigation_time_s,35.200000000000074
332.000,hazard_avoidances,1
332.000,min_hazard_distance_m,4.838036679088752
332.000,collisions,0
332.000,time_below_clearance_s,0.0
332.000,safety_zone_violations,0
332.000,min_ttc_s,18.40598275293924
332.000,avoid_success,1
332.000,avoid_timeout,0
332.000,q_convergence,1.55633487754851
332.000,update_residual,0.20693629881835743
332.000,investigation_deferred,0
332.000,nav_aborted,0
332.000,nav_canceled,0
332.000,nav_rejected,0
332.000,run_seed,9
333.000,anomalies_detected,3
333.000,anomalies_unique,3
333.000,investigation_timeouts,0
333.000,mission_duration_s,288.64
333.000,distance_traveled_m,68.12523222011946
333.000,route_deviations,4
333.000,investigation_time_s,35.200000000000074
333.000,hazard_avoidances,1
333.000,min_hazard_distance_m,4.838036679088752
333.000,collisions,0
333.000,time_below_clearance_s,0.0
333.000,safety_zone_violations,0
333.000,min_ttc_s,18.40598275293924
333.000,avoid_success,1
333.000,avoid_timeout,0
333.000,q_convergence,0.9692373999069454
333.000,update_residual,0.14257804881516437
333.000,investigation_deferred,0
333.000,nav_aborted,0
333.000,nav_canceled,0
333.000,nav_rejected,0
333.000,run_seed,9
334.000,anomalies_detected,3
334.000,anomalies_unique,3
334.000,investigation_timeouts,0
334.000,mission_duration_s,289.64
334.000,distance_traveled_m,68.38731221662825
334.000,route_deviations,4
334.000,investigation_time_s,35.200000000000074
334.000,hazard_avoidances,1
334.000,min_hazard_distance_m,4.838036679088752
334.000,collisions,0
334.000,time_below_clearance_s,0.0
334.000,safety_zone_violations,0
334.000,min_ttc_s,18.40598275293924
334.000,avoid_success,1
334.000,avoid_timeout,0
334.000,q_convergence,0.8633395692387201
334.000,update_residual,0.12812520884780979
334.000,investigation_deferred,0
334.000,nav_aborted,0
334.000,nav_canceled,0
334.000,nav_rejected,0
334.000,run_seed,9
335.000,anomalies_detected,3
335.000,anomalies_unique,3
335.000,investigation_timeouts,0
335.000,mission_duration_s,290.64
335.000,distance_traveled_m,68.64939220647753
335.000,route_deviations,4
335.000,investigation_time_s,35.200000000000074
335.000,hazard_avoidances,1
335.000,min_hazard_distance_m,4.838036679088752
335.000,collisions,0
335.000,time_below_clearance_s,0.0
335.000,safety_zone_violations,0
335.000,min_ttc_s,18.40598275293924
335.000,avoid_success,1
335.000,avoid_timeout,0
335.000,q_convergence,0.7024754746367512
335.000,update_residual,0.10577011159902225
335.000,investigation_deferred,0
335.000,nav_aborted,0
335.000,nav_canceled,0
335.000,nav_rejected,0
335.000,run_seed,9
336.000,anomalies_detected,3
336.000,anomalies_unique,3
336.000,investigation_timeouts,0
336.000,mission_duration_s,291.64
336.000,distance_traveled_m,68.91147218157418
336.000,route_deviations,4
336.000,investigation_time_s,35.200000000000074
336.000,hazard_avoidances,1
336.000,min_hazard_distance_m,4.838036679088752
336.000,collisions,0
336.000,time_below_clearance_s,0.0
336.000,safety_zone_violations,0
336.000,min_ttc_s,18.40598275293924
336.000,avoid_success,1
336.000,avoid_timeout,0
336.000,q_convergence,1.0774261399618912
336.000,update_residual,0.14072785212186859
336.000,investigation_deferred,0
336.000,nav_aborted,0
336.000,nav_canceled,0
336.000,nav_rejected,0
336.000,run_seed,9
337.000,anomalies_detected,3
337.000,anomalies_unique,3
337.000,investigation_timeouts,0
337.000,mission_duration_s,292.64
337.000,distance_traveled_m,69.17355217146988
337.000,route_deviations,4
337.000,investigation_time_s,35.200000000000074
337.000,hazard_avoidances,1
337.000,min_hazard_distance_m,4.838036679088752
337.000,collisions,0
337.000,time_below_clearance_s,0.0
337.000,safety_zone_violations,0
337.000,min_ttc_s,18.40598275293924
337.000,avoid_success,1
337.000,avoid_timeout,0
337.000,q_convergence,0.7948960098016772
337.000,update_residual,0.10968378049521277
337.000,investigation_deferred,0
337.000,nav_aborted,0
337.000,nav_canceled,0
337.000,nav_rejected,0
337.000,run_seed,9
338.000,anomalies_detected,3
338.000,anomalies_unique,3
338.000,investigation_timeouts,0
338.000,mission_duration_s,293.64
338.000,distance_traveled_m,69.42627214991059
338.000,route_deviations,4
338.000,investigation_time_s,35.200000000000074
338.000,hazard_avoidances,1
338.000,min_hazard_distance_m,4.838036679088752
338.000,collisions,0
338.000,time_below_clearance_s,0.0
338.000,safety_zone_violations,0
338.000,min_ttc_s,18.40598275293924
338.000,avoid_success,1
338.000,avoid_timeout,0
338.000,q_convergence,0.6512683848704837
338.000,update_residual,0.0953210180020934
338.000,investigation_deferred,0
338.000,nav_aborted,0
338.000,nav_canceled,0
338.000,nav_rejected,0
338.000,run_seed,9
339.000,anomalies_detected,3
339.000,anomalies_unique,3
339.000,investigation_timeouts,0
339.000,mission_duration_s,294.64
339.000,distance_traveled_m,69.68835213088211
339.000,route_deviations,4
339.000,investigation_time_s,35.200000000000074
339.000,hazard_avoidances,1
339.000,min_hazard_distance_m,4.838036679088752
339.000,collisions,0
339.000,time_below_clearance_s,0.0
339.000,safety_zone_violations,0
339.000,min_ttc_s,18.40598275293924
339.000,avoid_success,1
339.000,avoid_timeout,0
339.000,q_convergence,0.5313042052781735
339.000,update_residual,0.07879547311560565
339.000,investigation_deferred,0
339.000,nav_aborted,0
339.000,nav_canceled,0
339.000,nav_rejected,0
339.000,run_seed,9
340.000,anomalies_detected,3
340.000,anomalies_unique,3
340.000,investigation_timeouts,0
340.000,mission_duration_s,295.64
340.000,distance_traveled_m,69.95043210319233
340.000,route_deviations,4
340.000,investigation_time_s,35.200000000000074
340.000,hazard_avoidances,1
340.000,min_hazard_distance_m,4.838036679088752
340.000,collisions,0
340.000,time_below_clearance_s,0.0
340.000,safety_zone_violations,0
340.000,min_ttc_s,18.40598275293924
340.000,avoid_success,1
340.000,avoid_timeout,0
340.000,q_convergence,1.046497123155469
340.000,update_residual,0.12490677167947979
340.000,investigation_deferred,0
340.000,nav_aborted,0
340.000,nav_canceled,0
340.000,nav_rejected,0
340.000,run_seed,9
341.000,anomalies_detected,3
341.000,anomalies_unique,3
341.000,investigation_timeouts,0
341.000,mission_duration_s,296.64
341.000,distance_traveled_m,70.21251209500903
341.000,route_deviations,4
341.000,investigation_time_s,35.200000000000074
341.000,hazard_avoidances,1
341.000,min_hazard_distance_m,4.838036679088752
341.000,collisions,0
341.000,time_below_clearance_s,0.0
341.000,safety_zone_violations,0
341.000,min_ttc_s,18.40598275293924
341.000,avoid_success,1
341.000,avoid_timeout,0
341.000,q_convergence,0.849350785436409
341.000,update_residual,0.10675037324326096
341.000,investigation_deferred,0
341.000,nav_aborted,0
341.000,nav_canceled,0
341.000,nav_rejected,0
341.000,run_seed,9
342.000,anomalies_detected,3
342.000,anomalies_unique,3
342.000,investigation_timeouts,0
342.000,mission_duration_s,297.64
342.000,distance_traveled_m,70.46523207735147
342.000,route_deviations,4
342.000,investigation_time_s,35.200000000000074
342.000,hazard_avoidances,1
342.000,min_hazard_distance_m,4.838036679088752
342.000,collisions,0
342.000,time_below_clearance_s,0.0
342.000,safety_zone_violations,0
342.000,min_ttc_s,18.40598275293924
342.000,avoid_success,1
342.000,avoid_timeout,0
342.000,q_convergence,0.7116803740629709
342.000,update_residual,0.08971103790097412
342.000,investigation_deferred,0
342.000,nav_aborted,0
342.000,nav_canceled,0
342.000,nav_rejected,0
342.000,run_seed,9
343.000,anomalies_detected,3
343.000,anomalies_unique,3
343.000,investigation_timeouts,0
343.000,mission_duration_s,298.64
343.000,distance_traveled_m,70.72731205357056
343.000,route_deviations,4
343.000,investigation_time_s,35.200000000000074
343.000,hazard_avoidances,1
343.000,min_hazard_distance_m,4.838036679088752
343.000,collisions,0
343.000,time_below_clearance_s,0.0
343.000,safety_zone_violations,0
343.000,min_ttc_s,18.40598275293924
343.000,avoid_success,1
343.000,avoid_timeout,0
343.000,q_convergence,1.1025981070782178
343.000,update_residual,0.1274292556103005
343.000,investigation_deferred,0
343.000,nav_aborted,0
343.000,nav_canceled,0
343.000,nav_rejected,0
343.000,run_seed,9
344.000,anomalies_detected,3
344.000,anomalies_unique,3
344.000,investigation_timeouts,0
344.000,mission_duration_s,299.64
344.000,distance_traveled_m,70.98884509337047
344.000,route_deviations,4
344.000,investigation_time_s,35.200000000000074
344.000,hazard_avoidances,1
344.000,min_hazard_distance_m,4.838036679088752
344.000,collisions,0
344.000,time_below_clearance_s,0.0
344.000,safety_zone_violations,0
344.000,min_ttc_s,18.40598275293924
344.000,avoid_success,1
344.000,avoid_timeout,0
344.000,q_convergence,0.952957367146989
344.000,update_residual,0.1099314621051404
344.000,investigation_deferred,0
344.000,nav_aborted,0
344.000,nav_canceled,0
344.000,nav_rejected,0
344.000,run_seed,9
345.000,anomalies_detected,3
345.000,anomalies_unique,3
345.000,investigation_timeouts,0
345.000,mission_duration_s,300.64
345.000,distance_traveled_m,71.1434526329061
345.000,route_deviations,4
345.000,investigation_time_s,35.200000000000074
345.000,hazard_avoidances,1
345.000,min_hazard_distance_m,4.838036679088752
345.000,collisions,0
345.000,time_below_clearance_s,0.0
345.000,safety_zone_violations,0
345.000,min_ttc_s,18.40598275293924
345.000,avoid_success,1
345.000,avoid_timeout,0
345.000,q_convergence,0.8998728311593001
345.000,update_residual,0.1033846009733342
345.000,investigation_deferred,0
345.000,nav_aborted,0
345.000,nav_canceled,0
345.000,nav_rejected,0
345.000,run_seed,9
346.000,anomalies_detected,3
346.000,anomalies_unique,3
346.000,investigation_timeouts,0
346.000,mission_duration_s,301.64
346.000,distance_traveled_m,71.18593037461335
346.000,route_deviations,4
346.000,investigation_time_s,35.200000000000074
346.000,hazard_avoidances,1
346.000,min_hazard_distance_m,4.838036679088752
346.000,collisions,0
346.000,time_below_clearance_s,0.0
346.000,safety_zone_violations,0
346.000,min_ttc_s,18.40598275293924
346.000,avoid_success,1
346.000,avoid_timeout,0
346.000,q_convergence,0.764493793117233
346.000,update_residual,0.08984669716912745
346.000,investigation_deferred,0
346.000,nav_aborted,0
346.000,nav_canceled,0
346.000,nav_rejected,0
346.000,run_seed,9
347.000,anomalies_detected,3
347.000,anomalies_unique,3
347.000,investigation_timeouts,0
347.000,mission_duration_s,302.64
347.000,distance_traveled_m,71.23589372221763
347.000,route_deviations,4
347.000,investigation_time_s,35.200000000000074
347.000,hazard_avoidances,1
347.000,min_hazard_distance_m,4.838036679088752
347.000,collisions,0
347.000,time_below_clearance_s,0.0
347.000,safety_zone_violations,0
347.000,min_ttc_s,18.40598275293924
347.000,avoid_success,1
347.000,avoid_timeout,0
347.000,q_convergence,0.648141725917898
347.000,update_residual,0.07620189277058331
347.000,investigation_deferred,0
347.000,nav_aborted,0
347.000,nav_canceled,0
347.000,nav_rejected,0
347.000,run_seed,9
348.000,anomalies_detected,3
348.000,anomalies_unique,3
348.000,investigation_timeouts,0
348.000,mission_duration_s,303.64
348.000,distance_traveled_m,71.32719995003445
348.000,route_deviations,4
348.000,investigation_time_s,35.200000000000074
348.000,hazard_avoidances,1
348.000,min_hazard_distance_m,4.838036679088752
348.000,collisions,0
348.000,time_below_clearance_s,0.0
348.000,safety_zone_violations,0
348.000,min_ttc_s,18.40598275293924
348.000,avoid_success,1
348.000,avoid_timeout,0
348.000,q_convergence,0.5510466345523507
348.000,update_residual,0.06478422560720958
348.000,investigation_deferred,0
348.000,nav_aborted,0
348.000,nav_canceled,0
348.000,nav_rejected,0
348.000,run_seed,9
349.000,anomalies_detected,3
349.000,anomalies_unique,3
349.000,investigation_timeouts,0
349.000,mission_duration_s,304.64
349.000,distance_traveled_m,71.45884783978073
349.000,route_deviations,4
349.000,investigation_time_s,35.200000000000074
349.000,hazard_avoidances,1
349.000,min_hazard_distance_m,4.838036679088752
349.000,collisions,0
349.000,time_below_clearance_s,0.0
349.000,safety_zone_violations,0
349.000,min_ttc_s,18.40598275293924
349.000,avoid_success,1
349.000,avoid_timeout,0
349.000,q_convergence,0.4676589449482583
349.000,update_residual,0.05644545664680035
349.000,investigation_deferred,0
349.000,nav_aborted,0
349.000,nav_canceled,0
349.000,nav_rejected,0
349.000,run_seed,9
350.000,anomalies_detected,3
350.000,anomalies_unique,3
350.000,investigation_timeouts,0
350.000,mission_duration_s,305.64
350.000,distance_traveled_m,71.72092606838572
350.000,route_deviations,4
350.000,investigation_time_s,35.200000000000074
350.000,hazard_avoidances,1
350.000,min_hazard_distance_m,4.838036679088752
350.000,collisions,0
350.000,time_below_clearance_s,0.0
350.000,safety_zone_violations,0
350.000,min_ttc_s,18.40598275293924
350.000,avoid_success,1
350.000,avoid_timeout,0
350.000,q_convergence,0.39468419281535166
350.000,update_residual,0.047696047110713506
350.000,investigation_deferred,0
350.000,nav_aborted,0
350.000,nav_canceled,0
350.000,nav_rejected,0
350.000,run_seed,9
351.000,anomalies_detected,3
351.000,anomalies_unique,3
351.000,investigation_timeouts,0
351.000,mission_duration_s,306.64
351.000,distance_traveled_m,71.9736460206652
351.000,route_deviations,4
351.000,investigation_time_s,35.200000000000074
351.000,hazard_avoidances,1
351.000,min_hazard_distance_m,4.838036679088752
351.000,collisions,0
351.000,time_below_clearance_s,0.0
351.000,safety_zone_violations,0
351.000,min_ttc_s,18.40598275293924
351.000,avoid_success,1
351.000,avoid_timeout,0
351.000,q_convergence,0.33222764788055087
351.000,update_residual,0.04145039261723339
351.000,investigation_deferred,0
351.000,nav_aborted,0
351.000,nav_canceled,0
351.000,nav_rejected,0
351.000,run_seed,9
352.000,anomalies_detected,3
352.000,anomalies_unique,3
352.000,investigation_timeouts,0
352.000,mission_duration_s,307.64
352.000,distance_traveled_m,72.23572600383777
352.000,route_deviations,4
352.000,investigation_time_s,35.200000000000074
352.000,hazard_avoidances,1
352.000,min_hazard_distance_m,4.838036679088752
352.000,collisions,0
352.000,time_below_clearance_s,0.0
352.000,safety_zone_violations,0
352.000,min_ttc_s,18.40598275293924
352.000,avoid_success,1
352.000,avoid_timeout,0
352.000,q_convergence,0.9612282747758468
352.000,update_residual,0.10259827530610466
352.000,investigation_deferred,0
352.000,nav_aborted,0
352.000,nav_canceled,0
352.000,nav_rejected,0
352.000,run_seed,9
353.000,anomalies_detected,3
353.000,anomalies_unique,3
353.000,investigation_timeouts,0
353.000,mission_duration_s,308.64
353.000,distance_traveled_m,72.49780599264936
353.000,route_deviations,4
353.000,investigation_time_s,35.200000000000074
353.000,hazard_avoidances,1
353.000,min_hazard_distance_m,4.838036679088752
353.000,collisions,0
353.000,time_below_clearance_s,0.0
353.000,safety_zone_violations,0
353.000,min_ttc_s,18.40598275293924
353.000,avoid_success,1
353.000,avoid_timeout,0
353.000,q_convergence,0.8963083080355014
353.000,update_residual,0.09662431445835176
353.000,investigation_deferred,0
353.000,nav_aborted,0
353.000,nav_canceled,0
353.000,nav_rejected,0
353.000,run_seed,9
354.000,anomalies_detected,3
354.000,anomalies_unique,3
354.000,investigation_timeouts,0
354.000,mission_duration_s,309.64
354.000,distance_traveled_m,72.75988591662107
354.000,route_deviations,4
354.000,investigation_time_s,35.200000000000074
354.000,hazard_avoidances,1
354.000,min_hazard_distance_m,4.838036679088752
354.000,collisions,0
354.000,time_below_clearance_s,0.0
354.000,safety_zone_violations,0
354.000,min_ttc_s,18.40598275293924
354.000,avoid_success,1
354.000,avoid_timeout,0
354.000,q_convergence,0.7704600052813559
354.000,update_residual,0.0829904616347169
354.000,investigation_deferred,0
354.000,nav_aborted,0
354.000,nav_canceled,0
354.000,nav_rejected,0
354.000,run_seed,9
355.000,anomalies_detected,3
355.000,anomalies_unique,3
355.000,investigation_timeouts,0
355.000,mission_duration_s,310.64
355.000,distance_traveled_m,73.0219658824283
355.000,route_deviations,4
355.000,investigation_time_s,35.200000000000074
355.000,hazard_avoidances,1
355.000,min_hazard_distance_m,4.838036679088752
355.000,collisions,0
355.000,time_below_clearance_s,0.0
355.000,safety_zone_violations,0
355.000,min_ttc_s,18.40598275293924
355.000,avoid_success,1
355.000,avoid_timeout,0
355.000,q_convergence,0.6623630730009283
355.000,update_residual,0.071289099240687
355.000,investigation_deferred,0
355.000,nav_aborted,0
355.000,nav_canceled,0
355.000,nav_rejected,0
355.000,run_seed,9
356.000,anomalies_detected,3
356.000,anomalies_unique,3
356.000,investigation_timeouts,0
356.000,mission_duration_s,311.64
356.000,distance_traveled_m,73.27468586523123
356.000,route_deviations,4
356.000,investigation_time_s,35.200000000000074
356.000,hazard_avoidances,1
356.000,min_hazard_distance_m,4.838036679088752
356.000,collisions,0
356.000,time_below_clearance_s,0.0
356.000,safety_zone_violations,0
356.000,min_ttc_s,18.40598275293924
356.000,avoid_success,1
356.000,avoid_timeout,0
356.000,q_convergence,1.0076570465194379
356.000,update_residual,0.10475380114791273
356.000,investigation_deferred,0
356.000,nav_aborted,0
356.000,nav_canceled,0
356.000,nav_rejected,0
356.000,run_seed,9
357.000,anomalies_detected,3
357.000,anomalies_unique,3
357.000,investigation_timeouts,0
357.000,mission_duration_s,312.64
357.000,distance_traveled_m,73.53676580932171
357.000,route_deviations,4
357.000,investigation_time_s,35.200000000000074
357.000,hazard_avoidances,1
357.000,min_hazard_distance_m,4.838036679088752
357.000,collisions,0
357.000,time_below_clearance_s,0.0
357.000,safety_zone_violations,0
357.000,min_ttc_s,18.40598275293924
357.000,avoid_success,1
357.000,avoid_timeout,0
357.000,q_convergence,0.8778631671134879
357.000,update_residual,0.09208118986085383
357.000,investigation_deferred,0
357.000,nav_aborted,0
357.000,nav_canceled,0
357.000,nav_rejected,0
357.000,run_seed,9
358.000,anomalies_detected,3
358.000,anomalies_unique,3
358.000,investigation_timeouts,0
358.000,mission_duration_s,313.64
358.000,distance_traveled_m,73.79884578812224
358.000,route_deviations,4
358.000,investigation_time_s,35.200000000000074
358.000,hazard_avoidances,1
358.000,min_hazard_distance_m,4.838036679088752
358.000,collisions,0
358.000,time_below_clearance_s,0.0
358.000,safety_zone_violations,0
358.000,min_ttc_s,18.40598275293924
358.000,avoid_success,1
358.000,avoid_timeout,0
358.000,q_convergence,0.7597564932934718
358.000,update_residual,0.07962629150642646
358.000,investigation_deferred,0
358.000,nav_aborted,0
358.000,nav_canceled,0
358.000,nav_rejected,0
358.000,run_seed,9
359.000,anomalies_detected,3
359.000,anomalies_unique,3
359.000,investigation_timeouts,0
359.000,mission_duration_s,314.64
359.000,distance_traveled_m,74.06092576673223
359.000,route_deviations,4
359.000,investigation_time_s,35.200000000000074
359.000,hazard_avoidances,1
359.000,min_hazard_distance_m,4.838036679088752
359.000,collisions,0
359.000,time_below_clearance_s,0.0
359.000,safety_zone_violations,0
359.000,min_ttc_s,18.40598275293924
359.000,avoid_success,1
359.000,avoid_timeout,0
359.000,q_convergence,0.6554882498074074
359.000,update_residual,0.06919946715782
359.000,investigation_deferred,0
359.000,nav_aborted,0
359.000,nav_canceled,0
359.000,nav_rejected,0
359.000,run_seed,9
360.000,anomalies_detected,3
360.000,anomalies_unique,3
360.000,investigation_timeouts,0
360.000,mission_duration_s,315.64
360.000,distance_traveled_m,74.31364571026691
360.000,route_deviations,4
360.000,investigation_time_s,35.200000000000074
360.000,hazard_avoidances,1
360.000,min_hazard_distance_m,4.838036679088752
360.000,collisions,0
360.000,time_below_clearance_s,0.0
360.000,safety_zone_violations,0
360.000,min_ttc_s,18.40598275293924
360.000,avoid_success,1
360.000,avoid_timeout,0
360.000,q_convergence,1.0517424860991273
360.000,update_residual,0.1080556483282503
360.000,investigation_deferred,0
360.000,nav_aborted,0
360.000,nav_canceled,0
360.000,nav_rejected,0
360.000,run_seed,9
361.000,anomalies_detected,3
361.000,anomalies_unique,3
361.000,investigation_timeouts,0
361.000,mission_duration_s,316.64
361.000,distance_traveled_m,74.57572567699792
361.000,route_deviations,4
361.000,investigation_time_s,35.200000000000074
361.000,hazard_avoidances,1
361.000,min_hazard_distance_m,4.838036679088752
361.000,collisions,0
361.000,time_below_clearance_s,0.0
361.000,safety_zone_violations,0
361.000,min_ttc_s,18.40598275293924
361.000,avoid_success,1
361.000,avoid_timeout,0
361.000,q_convergence,0.8611891849982911
361.000,update_residual,0.08922196435034645
361.000,investigation_deferred,0
361.000,nav_aborted,0
361.000,nav_canceled,0
361.000,nav_rejected,0
361.000,run_seed,9
362.000,anomalies_detected,3
362.000,anomalies_unique,3
362.000,investigation_timeouts,0
362.000,mission_duration_s,317.64
362.000,distance_traveled_m,74.83780565744115
362.000,route_deviations,4
362.000,investigation_time_s,35.200000000000074
362.000,hazard_avoidances,1
362.000,min_hazard_distance_m,4.838036679088752
362.000,collisions,0
362.000,time_below_clearance_s,0.0
362.000,safety_zone_violations,0
362.000,min_ttc_s,18.40598275293924
362.000,avoid_success,1
362.000,avoid_timeout,0
362.000,q_convergence,0.7466471900892048
362.000,update_residual,0.07730230798186023
362.000,investigation_deferred,0
362.000,nav_aborted,0
362.000,nav_canceled,0
362.000,nav_rejected,0
362.000,run_seed,9
363.000,anomalies_detected,3
363.000,anomalies_unique,3
363.000,investigation_timeouts,0
363.000,mission_duration_s,318.64
363.000,distance_traveled_m,75.09988560775611
363.000,route_deviations,4
363.000,investigation_time_s,35.200000000000074
363.000,hazard_avoidances,1
363.000,min_hazard_distance_m,4.838036679088752
363.000,collisions,0
363.000,time_below_clearance_s,0.0
363.000,safety_zone_violations,0
363.000,min_ttc_s,18.40598275293924
363.000,avoid_success,1
363.000,avoid_timeout,0
363.000,q_convergence,0.6456779699971052
363.000,update_residual,0.06680974762670935
363.000,investigation_deferred,0
363.000,nav_aborted,0
363.000,nav_canceled,0
363.000,nav_rejected,0
363.000,run_seed,9
364.000,anomalies_detected,3
364.000,anomalies_unique,3
364.000,investigation_timeouts,0
364.000,mission_duration_s,319.64
364.000,distance_traveled_m,75.36196557115969
364.000,route_deviations,4
364.000,investigation_time_s,35.200000000000074
364.000,hazard_avoidances,1
364.000,min_hazard_distance_m,4.838036679088752
364.000,collisions,0
364.000,time_below_clearance_s,0.0
364.000,safety_zone_violations,0
364.000,min_ttc_s,18.40598275293924
364.000,avoid_success,1
364.000,avoid_timeout,0
364.000,q_convergence,1.0943687484283124
364.000,update_residual,0.11151868613933014
364.000,investigation_deferred,0
364.000,nav_aborted,0
364.000,nav_canceled,0
364.000,nav_rejected,0
364.000,run_seed,9
365.000,anomalies_detected,3
365.000,anomalies_unique,3
365.000,investigation_timeouts,0
365.000,mission_duration_s,320.64
365.000,distance_traveled_m,75.61468555534597
365.000,route_deviations,4
365.000,investigation_time_s,35.200000000000074
365.000,hazard_avoidances,1
365.000,min_hazard_distance_m,4.838036679088752
365.000,collisions,0
365.000,time_below_clearance_s,0.0
365.000,safety_zone_violations,0
365.000,min_ttc_s,18.40598275293924
365.000,avoid_success,1
365.000,avoid_timeout,0
365.000,q_convergence,0.8428819430818671
365.000,update_residual,0.08619385234113573
365.000,investigation_deferred,0
365.000,nav_aborted,0
365.000,nav_canceled,0
365.000,nav_rejected,0
365.000,run_seed,9
366.000,anomalies_detected,3
366.000,anomalies_unique,3
366.000,investigation_timeouts,0
366.000,mission_duration_s,321.64
366.000,distance_traveled_m,75.87676551359962
366.000,route_deviations,4
366.000,investigation_time_s,35.200000000000074
366.000,hazard_avoidances,1
366.000,min_hazard_distance_m,4.838036679088752
366.000,collisions,0
366.000,time_below_clearance_s,0.0
366.000,safety_zone_violations,0
366.000,min_ttc_s,18.40598275293924
366.000,avoid_success,1
366.000,avoid_timeout,0
366.000,q_convergence,0.732028465561605
366.000,update_residual,0.07482265588416714
366.000,investigation_deferred,0
366.000,nav_aborted,0
366.000,nav_canceled,0
366.000,nav_rejected,0
366.000,run_seed,9
367.000,anomalies_detected,3
367.000,anomalies_unique,3
367.000,investigation_timeouts,0
367.000,mission_duration_s,322.64
367.000,distance_traveled_m,76.13884547935689
367.000,route_deviations,4
367.000,investigation_time_s,35.200000000000074
367.000,hazard_avoidances,1
367.000,min_hazard_distance_m,4.838036679088752
367.000,collisions,0
367.000,time_below_clearance_s,0.0
367.000,safety_zone_violations,0
367.000,min_ttc_s,18.40598275293924
367.000,avoid_success,1
367.000,avoid_timeout,0
367.000,q_convergence,0.635876821691353
367.000,update_residual,0.06496452009794092
367.000,investigation_deferred,0
367.000,nav_aborted,0
367.000,nav_canceled,0
367.000,nav_rejected,0
367.000,run_seed,9
368.000,anomalies_detected,3
368.000,anomalies_unique,3
368.000,investigation_timeouts,0
368.000,mission_duration_s,323.64
368.000,distance_traveled_m,76.4009254614642
368.000,route_deviations,4
368.000,investigation_time_s,35.200000000000074
368.000,hazard_avoidances,1
368.000,min_hazard_distance_m,4.838036679088752
368.000,collisions,0
368.000,time_below_clearance_s,0.0
368.000,safety_zone_violations,0
368.000,min_ttc_s,18.40598275293924
368.000,avoid_success,1
368.000,avoid_timeout,0
368.000,q_convergence,1.1356073372746478
368.000,update_residual,0.11464745223555783
368.000,investigation_deferred,0
368.000,nav_aborted,0
368.000,nav_canceled,0
368.000,nav_rejected,0
368.000,run_seed,9
369.000,anomalies_detected,3
369.000,anomalies_unique,3
369.000,investigation_timeouts,0
369.000,mission_duration_s,324.64
369.000,distance_traveled_m,76.65364542905657
369.000,route_deviations,4
369.000,investigation_time_s,35.200000000000074
369.000,hazard_avoidances,1
369.000,min_hazard_distance_m,4.838036679088752
369.000,collisions,0
369.000,time_below_clearance_s,0.0
369.000,safety_zone_violations,0
369.000,min_ttc_s,18.40598275293924
369.000,avoid_success,1
369.000,avoid_timeout,0
369.000,q_convergence,0.8273212189038146
369.000,update_residual,0.0839024341298663
369.000,investigation_deferred,0
369.000,nav_aborted,0
369.000,nav_canceled,0
369.000,nav_rejected,0
369.000,run_seed,9
370.000,anomalies_detected,3
370.000,anomalies_unique,3
370.000,investigation_timeouts,0
370.000,mission_duration_s,325.64
370.000,distance_traveled_m,76.91572539676379
370.000,route_deviations,4
370.000,investigation_time_s,35.200000000000074
370.000,hazard_avoidances,1
370.000,min_hazard_distance_m,4.838036679088752
370.000,collisions,0
370.000,time_below_clearance_s,0.0
370.000,safety_zone_violations,0
370.000,min_ttc_s,18.40598275293924
370.000,avoid_success,1
370.000,avoid_timeout,0
370.000,q_convergence,0.7193506659502754
370.000,update_residual,0.07292983199858961
370.000,investigation_deferred,0
370.000,nav_aborted,0
370.000,nav_canceled,0
370.000,nav_rejected,0
370.000,run_seed,9
371.000,anomalies_detected,3
371.000,anomalies_unique,3
371.000,investigation_timeouts,0
371.000,mission_duration_s,326.64
371.000,distance_traveled_m,77.17780537995318
371.000,route_deviations,4
371.000,investigation_time_s,35.200000000000074
371.000,hazard_avoidances,1
371.000,min_hazard_distance_m,4.838036679088752
371.000,collisions,0
371.000,time_below_clearance_s,0.0
371.000,safety_zone_violations,0
371.000,min_ttc_s,18.40598275293924
371.000,avoid_success,1
371.000,avoid_timeout,0
371.000,q_convergence,0.866442903992369
371.000,update_residual,0.08742944452133412
371.000,investigation_deferred,0
371.000,nav_aborted,0
371.000,nav_canceled,0
371.000,nav_rejected,0
371.000,run_seed,9
372.000,anomalies_detected,3
372.000,anomalies_unique,3
372.000,investigation_timeouts,0
372.000,mission_duration_s,327.64
372.000,distance_traveled_m,77.43988535716264
372.000,route_deviations,4
372.000,investigation_time_s,35.200000000000074
372.000,hazard_avoidances,1
372.000,min_hazard_distance_m,4.838036679088752
372.000,collisions,0
372.000,time_below_clearance_s,0.0
372.000,safety_zone_violations,0
372.000,min_ttc_s,18.40598275293924
372.000,avoid_success,1
372.000,avoid_timeout,0
372.000,q_convergence,0.9348709924703437
372.000,update_residual,0.09420581725110798
372.000,investigation_deferred,0
372.000,nav_aborted,0
372.000,nav_canceled,0
372.000,nav_rejected,0
372.000,run_seed,9
373.000,anomalies_detected,3
373.000,anomalies_unique,3
373.000,investigation_timeouts,0
373.000,mission_duration_s,328.64
373.000,distance_traveled_m,77.70196532193873
373.000,route_deviations,4
373.000,investigation_time_s,35.200000000000074
373.000,hazard_avoidances,1
373.000,min_hazard_distance_m,4.838036679088752
373.000,collisions,0
373.000,time_below_clearance_s,0.0
373.000,safety_zone_violations,0
373.000,min_ttc_s,18.40598275293924
373.000,avoid_success,1
373.000,avoid_timeout,0
373.000,q_convergence,0.8115112967579113
373.000,update_residual,0.08186984767986472
373.000,investigation_deferred,0
373.000,nav_aborted,0
373.000,nav_canceled,0
373.000,nav_rejected,0
373.000,run_seed,9
374.000,anomalies_detected,3
374.000,anomalies_unique,3
374.000,investigation_timeouts,0
374.000,mission_duration_s,329.64
374.000,distance_traveled_m,77.95468530168732
374.000,route_deviations,4
374.000,investigation_time_s,35.200000000000074
374.000,hazard_avoidances,1
374.000,min_hazard_distance_m,4.838036679088752
374.000,collisions,0
374.000,time_below_clearance_s,0.0
374.000,safety_zone_violations,0
374.000,min_ttc_s,18.40598275293924
374.000,avoid_success,1
374.000,avoid_timeout,0
374.000,q_convergence,0.7043748967147108
374.000,update_residual,0.07104839997493365
374.000,investigation_deferred,0
374.000,nav_aborted,0
374.000,nav_canceled,0
374.000,nav_rejected,0
374.000,run_seed,9
375.000,anomalies_detected,3
375.000,anomalies_unique,3
375.000,investigation_timeouts,0
375.000,mission_duration_s,330.64
375.000,distance_traveled_m,78.21676526839988
375.000,route_deviations,4
375.000,investigation_time_s,35.200000000000074
375.000,hazard_avoidances,1
375.000,min_hazard_distance_m,4.838036679088752
375.000,collisions,0
375.000,time_below_clearance_s,0.0
375.000,safety_zone_violations,0
375.000,min_ttc_s,18.40598275293924
375.000,avoid_success,1
375.000,avoid_timeout,0
375.000,q_convergence,0.9228891843444296
375.000,update_residual,0.09276972746957553
375.000,investigation_deferred,0
375.000,nav_aborted,0
375.000,nav_canceled,0
375.000,nav_rejected,0
375.000,run_seed,9
376.000,anomalies_detected,3
376.000,anomalies_unique,3
376.000,investigation_timeouts,0
376.000,mission_duration_s,331.64
376.000,distance_traveled_m,78.4788452406546
376.000,route_deviations,4
376.000,investigation_time_s,35.200000000000074
376.000,hazard_avoidances,1
376.000,min_hazard_distance_m,4.838036679088752
376.000,collisions,0
376.000,time_below_clearance_s,0.0
376.000,safety_zone_violations,0
376.000,min_ttc_s,18.40598275293924
376.000,avoid_success,1
376.000,avoid_timeout,0
376.000,q_convergence,0.9163366670165184
376.000,update_residual,0.09215294045959507
376.000,investigation_deferred,0
376.000,nav_aborted,0
376.000,nav_canceled,0
376.000,nav_rejected,0
376.000,run_seed,9
377.000,anomalies_detected,3
377.000,anomalies_unique,3
377.000,investigation_timeouts,0
377.000,mission_duration_s,332.64
377.000,distance_traveled_m,78.74092518165509
377.000,route_deviations,4
377.000,investigation_time_s,35.200000000000074
377.000,hazard_avoidances,1
377.000,min_hazard_distance_m,4.838036679088752
377.000,collisions,0
377.000,time_below_clearance_s,0.0
377.000,safety_zone_violations,0
377.000,min_ttc_s,18.40598275293924
377.000,avoid_success,1
377.000,avoid_timeout,0
377.000,q_convergence,0.7960009364689637
377.000,update_residual,0.07960009364689638
377.000,investigation_deferred,0
377.000,nav_aborted,0
377.000,nav_canceled,0
377.000,nav_rejected,0
377.000,run_seed,9
378.000,anomalies_detected,3
378.000,anomalies_unique,3
378.000,investigation_timeouts,0
378.000,mission_duration_s,333.64
378.000,distance_traveled_m,78.99364514694207
378.000,route_deviations,4
378.000,investigation_time_s,35.200000000000074
378.000,hazard_avoidances,1
378.000,min_hazard_distance_m,4.838036679088752
378.000,collisions,0
378.000,time_below_clearance_s,0.0
378.000,safety_zone_violations,0
378.000,min_ttc_s,18.40598275293924
378.000,avoid_success,1
378.000,avoid_timeout,0
378.000,q_convergence,0.6917669982951853
378.000,update_residual,0.06917669982951855
378.000,investigation_deferred,0
378.000,nav_aborted,0
378.000,nav_canceled,0
378.000,nav_rejected,0
378.000,run_seed,9
379.000,anomalies_detected,3
379.000,anomalies_unique,3
379.000,investigation_timeouts,0
379.000,mission_duration_s,334.64
379.000,distance_traveled_m,79.25572510475806
379.000,route_deviations,4
379.000,investigation_time_s,35.200000000000074
379.000,hazard_avoidances,1
379.000,min_hazard_distance_m,4.838036679088752
379.000,collisions,0
379.000,time_below_clearance_s,0.0
379.000,safety_zone_violations,0
379.000,min_ttc_s,18.40598275293924
379.000,avoid_success,1
379.000,avoid_timeout,0
379.000,q_convergence,0.9587640571801914
379.000,update_residual,0.09587640571801916
379.000,investigation_deferred,0
379.000,nav_aborted,0
379.000,nav_canceled,0
379.000,nav_rejected,0
379.000,run_seed,9
380.000,anomalies_detected,3
380.000,anomalies_unique,3
380.000,investigation_timeouts,0
380.000,mission_duration_s,335.64
380.000,distance_traveled_m,79.51780507474041
380.000,route_deviations,4
380.000,investigation_time_s,35.200000000000074
380.000,hazard_avoidances,1
380.000,min_hazard_distance_m,4.838036679088752
380.000,collisions,0
380.000,time_below_clearance_s,0.0
380.000,safety_zone_violations,0
380.000,min_ttc_s,18.40598275293924
380.000,avoid_success,1
380.000,avoid_timeout,0
380.000,q_convergence,0.9030859745636065
380.000,update_residual,0.09030859745636063
380.000,investigation_deferred,0
380.000,nav_aborted,0
380.000,nav_canceled,0
380.000,nav_rejected,0
380.000,run_seed,9
381.000,anomalies_detected,3
381.000,anomalies_unique,3
381.000,investigation_timeouts,0
381.000,mission_duration_s,336.64
381.000,distance_traveled_m,79.77988503812925
381.000,route_deviations,4
381.000,investigation_time_s,35.200000000000074
381.000,hazard_avoidances,1
381.000,min_hazard_distance_m,4.838036679088752
381.000,collisions,0
381.000,time_below_clearance_s,0.0
381.000,safety_zone_violations,0
381.000,min_ttc_s,18.40598275293924
381.000,avoid_success,1
381.000,avoid_timeout,0
381.000,q_convergence,0.7848295714294122
381.000,update_residual,0.07848295714294122
381.000,investigation_deferred,0
381.000,nav_aborted,0
381.000,nav_canceled,0
381.000,nav_rejected,0
381.000,run_seed,9
382.000,anomalies_detected,3
382.000,anomalies_unique,3
382.000,investigation_timeouts,0
382.000,mission_duration_s,337.64
382.000,distance_traveled_m,80.0419649917611
382.000,route_deviations,4
382.000,investigation_time_s,35.200000000000074
382.000,hazard_avoidances,1
382.000,min_hazard_distance_m,4.838036679088752
382.000,collisions,0
382.000,time_below_clearance_s,0.0
382.000,safety_zone_violations,0
382.000,min_ttc_s,18.40598275293924
382.000,avoid_success,1
382.000,avoid_timeout,0
382.000,q_convergence,1.0095435646158104
382.000,update_residual,0.10095435646158106
382.000,investigation_deferred,0
382.000,nav_aborted,0
382.000,nav_canceled,0
382.000,nav_rejected,0
382.000,run_seed,9
383.000,anomalies_detected,3
383.000,anomalies_unique,3
383.000,investigation_timeouts,0
383.000,mission_duration_s,338.64
383.000,distance_traveled_m,80.29468496328846
383.000,route_deviations,4
383.000,investigation_time_s,35.200000000000074
383.000,hazard_avoidances,1
383.000,min_hazard_distance_m,4.838036679088752
383.000,collisions,0
383.000,time_below_clearance_s,0.0
383.000,safety_zone_violations,0
383.000,min_ttc_s,18.40598275293924
383.000,avoid_success,1
383.000,avoid_timeout,0
383.000,q_convergence,0.9608825056984737
383.000,update_residual,0.09608825056984738
383.000,investigation_deferred,0
383.000,nav_aborted,0
383.000,nav_canceled,0
383.000,nav_rejected,0
383.000,run_seed,9
384.000,anomalies_detected,3
384.000,anomalies_unique,3
384.000,investigation_timeouts,0
384.000,mission_duration_s,339.64
384.000,distance_traveled_m,80.55676493821043
384.000,route_deviations,4
384.000,investigation_time_s,35.200000000000074
384.000,hazard_avoidances,1
384.000,min_hazard_distance_m,4.838036679088752
384.000,collisions,0
384.000,time_below_clearance_s,0.0
384.000,safety_zone_violations,0
384.000,min_ttc_s,18.40598275293924
384.000,avoid_success,1
384.000,avoid_timeout,0
384.000,q_convergence,0.8828927739224239
384.000,update_residual,0.08828927739224239
384.000,investigation_deferred,0
384.000,nav_aborted,0
384.000,nav_canceled,0
384.000,nav_rejected,0
384.000,run_seed,9
385.000,anomalies_detected,3
385.000,anomalies_unique,3
385.000,investigation_timeouts,0
385.000,mission_duration_s,340.64
385.000,distance_traveled_m,80.81884492578897
385.000,route_deviations,4
385.000,investigation_time_s,35.200000000000074
385.000,hazard_avoidances,1
385.000,min_hazard_distance_m,4.838036679088752
385.000,collisions,0
385.000,time_below_clearance_s,0.0
385.000,safety_zone_violations,0
385.000,min_ttc_s,18.40598275293924
385.000,avoid_success,1
385.000,avoid_timeout,0
385.000,q_convergence,0.769250312512271
385.000,update_residual,0.07692503125122711
385.000,investigation_deferred,0
385.000,nav_aborted,0
385.000,nav_canceled,0
385.000,nav_rejected,0
385.000,run_seed,9
386.000,anomalies_detected,3
386.000,anomalies_unique,3
386.000,investigation_timeouts,0
386.000,mission_duration_s,341.64
386.000,distance_traveled_m,81.08092490412655
386.000,route_deviations,4
386.000,investigation_time_s,35.200000000000074
386.000,hazard_avoidances,1
386.000,min_hazard_distance_m,4.838036679088752
386.000,collisions,0
386.000,time_below_clearance_s,0.0
386.000,safety_zone_violations,0
386.000,min_ttc_s,18.40598275293924
386.000,avoid_success,1
386.000,avoid_timeout,0
386.000,q_convergence,0.6685192884129167
386.000,update_residual,0.06685192884129167
386.000,investigation_deferred,0
386.000,nav_aborted,0
386.000,nav_canceled,0
386.000,nav_rejected,0
386.000,run_seed,9
387.000,anomalies_detected,3
387.000,anomalies_unique,3
387.000,investigation_timeouts,0
387.000,mission_duration_s,342.64
387.000,distance_traveled_m,81.3336448761057
387.000,route_deviations,4
387.000,investigation_time_s,35.200000000000074
387.000,hazard_avoidances,1
387.000,min_hazard_distance_m,4.838036679088752
387.000,collisions,0
387.000,time_below_clearance_s,0.0
387.000,safety_zone_violations,0
387.000,min_ttc_s,18.40598275293924
387.000,avoid_success,1
387.000,avoid_timeout,0
387.000,q_convergence,1.0472009851757345
387.000,update_residual,0.10472009851757347
387.000,investigation_deferred,0
387.000,nav_aborted,0
387.000,nav_canceled,0
387.000,nav_rejected,0
387.000,run_seed,9
388.000,anomalies_detected,3
388.000,anomalies_unique,3
388.000,investigation_timeouts,0
388.000,mission_duration_s,343.64
388.000,distance_traveled_m,81.59572486925738
388.000,route_deviations,4
388.000,investigation_time_s,35.200000000000074
388.000,hazard_avoidances,1
388.000,min_hazard_distance_m,4.838036679088752
388.000,collisions,0
388.000,time_below_clearance_s,0.0
388.000,safety_zone_violations,0
388.000,min_ttc_s,18.40598275293924
388.000,avoid_success,1
388.000,avoid_timeout,0
388.000,q_convergence,0.8653669114654845
388.000,update_residual,0.08653669114654848
388.000,investigation_deferred,0
388.000,nav_aborted,0
388.000,nav_canceled,0
388.000,nav_rejected,0
388.000,run_seed,9
389.000,anomalies_detected,3
389.000,anomalies_unique,3
389.000,investigation_timeouts,0
389.000,mission_duration_s,344.64
389.000,distance_traveled_m,81.85780482951988
389.000,route_deviations,4
389.000,investigation_time_s,35.200000000000074
389.000,hazard_avoidances,1
389.000,min_hazard_distance_m,4.838036679088752
389.000,collisions,0
389.000,time_below_clearance_s,0.0
389.000,safety_zone_violations,0
389.000,min_ttc_s,18.40598275293924
389.000,avoid_success,1
389.000,avoid_timeout,0
389.000,q_convergence,0.7539803096645278
389.000,update_residual,0.07539803096645277
389.000,investigation_deferred,0
389.000,nav_aborted,0
389.000,nav_canceled,0
389.000,nav_rejected,0
389.000,run_seed,9
390.000,anomalies_detected,3
390.000,anomalies_unique,3
390.000,investigation_timeouts,0
390.000,mission_duration_s,345.64
390.000,distance_traveled_m,82.11988482657951
390.000,route_deviations,4
390.000,investigation_time_s,35.200000000000074
390.000,hazard_avoidances,1
390.000,min_hazard_distance_m,4.838036679088752
390.000,collisions,0
390.000,time_below_clearance_s,0.0
390.000,safety_zone_violations,0
390.000,min_ttc_s,18.40598275293924
390.000,avoid_success,1
390.000,avoid_timeout,0
390.000,q_convergence,0.6552488466961007
390.000,update_residual,0.06552488466961007
390.000,investigation_deferred,0
390.000,nav_aborted,0
390.000,nav_canceled,0
390.000,nav_rejected,0
390.000,run_seed,9
391.000,anomalies_detected,3
391.000,anomalies_unique,3
391.000,investigation_timeouts,0
391.000,mission_duration_s,346.64
391.000,distance_traveled_m,82.38196481212499
391.000,route_deviations,4
391.000,investigation_time_s,35.200000000000074
391.000,hazard_avoidances,1
391.000,min_hazard_distance_m,4.838036679088752
391.000,collisions,0
391.000,time_below_clearance_s,0.0
391.000,safety_zone_violations,0
391.000,min_ttc_s,18.40598275293924
391.000,avoid_success,1
391.000,avoid_timeout,0
391.000,q_convergence,1.0806142673494767
391.000,update_residual,0.10806142673494767
391.000,investigation_deferred,0
391.000,nav_aborted,0
391.000,nav_canceled,0
391.000,nav_rejected,0
391.000,run_seed,9
392.000,anomalies_detected,3
392.000,anomalies_unique,3
392.000,investigation_timeouts,0
392.000,mission_duration_s,347.64
392.000,distance_traveled_m,82.63468479900148
392.000,route_deviations,4
392.000,investigation_time_s,35.200000000000074
392.000,hazard_avoidances,1
392.000,min_hazard_distance_m,4.838036679088752
392.000,collisions,0
392.000,time_below_clearance_s,0.0
392.000,safety_zone_violations,0
392.000,min_ttc_s,18.40598275293924
392.000,avoid_success,1
392.000,avoid_timeout,0
392.000,q_convergence,0.8503663502535874
392.000,update_residual,0.08503663502535876
392.000,investigation_deferred,0
392.000,nav_aborted,0
392.000,nav_canceled,0
392.000,nav_rejected,0
392.000,run_seed,9
393.000,anomalies_detected,3
393.000,anomalies_unique,3
393.000,investigation_timeouts,0
393.000,mission_duration_s,348.64
393.000,distance_traveled_m,82.89676479633131
393.000,route_deviations,4
393.000,investigation_time_s,35.200000000000074
393.000,hazard_avoidances,1
393.000,min_hazard_distance_m,4.838036679088752
393.000,collisions,0
393.000,time_below_clearance_s,0.0
393.000,safety_zone_violations,0
393.000,min_ttc_s,18.40598275293924
393.000,avoid_success,1
393.000,avoid_timeout,0
393.000,q_convergence,0.7408252707767923
393.000,update_residual,0.07408252707767923
393.000,investigation_deferred,0
393.000,nav_aborted,0
393.000,nav_canceled,0
393.000,nav_rejected,0
393.000,run_seed,9
394.000,anomalies_detected,3
394.000,anomalies_unique,3
394.000,investigation_timeouts,0
394.000,mission_duration_s,349.64
394.000,distance_traveled_m,83.15884479007288
394.000,route_deviations,4
394.000,investigation_time_s,35.200000000000074
394.000,hazard_avoidances,1
394.000,min_hazard_distance_m,4.838036679088752
394.000,collisions,0
394.000,time_below_clearance_s,0.0
394.000,safety_zone_violations,0
394.000,min_ttc_s,18.40598275293924
394.000,avoid_success,1
394.000,avoid_timeout,0
394.000,q_convergence,0.6454691757530556
394.000,update_residual,0.06454691757530555
394.000,investigation_deferred,0
394.000,nav_aborted,0
394.000,nav_canceled,0
394.000,nav_rejected,0
394.000,run_seed,9
395.000,anomalies_detected,3
395.000,anomalies_unique,3
395.000,investigation_timeouts,0
395.000,mission_duration_s,350.64
395.000,distance_traveled_m,83.42092478143444
395.000,route_deviations,4
395.000,investigation_time_s,35.200000000000074
395.000,hazard_avoidances,1
395.000,min_hazard_distance_m,4.838036679088752
395.000,collisions,0
395.000,time_below_clearance_s,0.0
395.000,safety_zone_violations,0
395.000,min_ttc_s,18.40598275293924
395.000,avoid_success,1
395.000,avoid_timeout,0
395.000,q_convergence,1.1126331116314583
395.000,update_residual,0.11126331116314585
395.000,investigation_deferred,0
395.000,nav_aborted,0
395.000,nav_canceled,0
395.000,nav_rejected,0
395.000,run_seed,9
396.000,anomalies_detected,3
396.000,anomalies_unique,3
396.000,investigation_timeouts,0
396.000,mission_duration_s,351.64
396.000,distance_traveled_m,83.67364477856614
396.000,route_deviations,4
396.000,investigation_time_s,35.200000000000074
396.000,hazard_avoidances,1
396.000,min_hazard_distance_m,4.838036679088752
396.000,collisions,0
396.000,time_below_clearance_s,0.0
396.000,safety_zone_violations,0
396.000,min_ttc_s,18.40598275293924
396.000,avoid_success,1
396.000,avoid_timeout,0
396.000,q_convergence,0.837674526180259
396.000,update_residual,0.08376745261802589
396.000,investigation_deferred,0
396.000,nav_aborted,0
396.000,nav_canceled,0
396.000,nav_rejected,0
396.000,run_seed,9
397.000,anomalies_detected,3
397.000,anomalies_unique,3
397.000,investigation_timeouts,0
397.000,mission_duration_s,352.64
397.000,distance_traveled_m,83.93572477306118
397.000,route_deviations,4
397.000,investigation_time_s,35.200000000000074
397.000,hazard_avoidances,1
397.000,min_hazard_distance_m,4.838036679088752
397.000,collisions,0
397.000,time_below_clearance_s,0.0
397.000,safety_zone_violations,0
397.000,min_ttc_s,18.40598275293924
397.000,avoid_success,1
397.000,avoid_timeout,0
397.000,q_convergence,0.7297683610072897
397.000,update_residual,0.07297683610072898
397.000,investigation_deferred,0
397.000,nav_aborted,0
397.000,nav_canceled,0
397.000,nav_rejected,0
397.000,run_seed,9
398.000,anomalies_detected,3
398.000,anomalies_unique,3
398.000,investigation_timeouts,0
398.000,mission_duration_s,353.64
398.000,distance_traveled_m,84.19780476806844
398.000,route_deviations,4
398.000,investigation_time_s,35.200000000000074
398.000,hazard_avoidances,1
398.000,min_hazard_distance_m,4.838036679088752
398.000,collisions,0
398.000,time_below_clearance_s,0.0
398.000,safety_zone_violations,0
398.000,min_ttc_s,18.40598275293924
398.000,avoid_success,1
398.000,avoid_timeout,0
398.000,q_convergence,0.6358354676212944
398.000,update_residual,0.06358354676212943
398.000,investigation_deferred,0
398.000,nav_aborted,0
398.000,nav_canceled,0
398.000,nav_rejected,0
398.000,run_seed,9
399.000,anomalies_detected,3
399.000,anomalies_unique,3
399.000,investigation_timeouts,0
399.000,mission_duration_s,354.64
399.000,distance_traveled_m,84.4598847627112
399.000,route_deviations,4
399.000,investigation_time_s,35.200000000000074
399.000,hazard_avoidances,1
399.000,min_hazard_distance_m,4.838036679088752
399.000,collisions,0
399.000,time_below_clearance_s,0.0
399.000,safety_zone_violations,0
399.000,min_ttc_s,18.40598275293924
399.000,avoid_success,1
399.000,avoid_timeout,0
399.000,q_convergence,1.1354854542145736
399.000,update_residual,0.11354854542145738
399.000,investigation_deferred,0
399.000,nav_aborted,0
399.000,nav_canceled,0
399.000,nav_rejected,0
399.000,run_seed,9
400.000,anomalies_detected,3
400.000,anomalies_unique,3
400.000,investigation_timeouts,0
400.000,mission_duration_s,355.64
400.000,distance_traveled_m,84.72196475359743
400.000,route_deviations,4
400.000,investigation_time_s,35.200000000000074
400.000,hazard_avoidances,1
400.000,min_hazard_distance_m,4.838036679088752
400.000,collisions,0
400.000,time_below_clearance_s,0.0
400.000,safety_zone_violations,0
400.000,min_ttc_s,18.40598275293924
400.000,avoid_success,1
400.000,avoid_timeout,0
400.000,q_convergence,0.8293187227816107
400.000,update_residual,0.0829318722781611
400.000,investigation_deferred,0
400.000,nav_aborted,0
400.000,nav_canceled,0
400.000,nav_rejected,0
400.000,run_seed,9
401.000,anomalies_detected,3
401.000,anomalies_unique,3
401.000,investigation_timeouts,0
401.000,mission_duration_s,356.64
401.000,distance_traveled_m,84.97468473196989
401.000,route_deviations,4
401.000,investigation_time_s,35.200000000000074
401.000,hazard_avoidances,1
401.000,min_hazard_distance_m,4.838036679088752
401.000,collisions,0
401.000,time_below_clearance_s,0.0
401.000,safety_zone_violations,0
401.000,min_ttc_s,18.40598275293924
401.000,avoid_success,1
401.000,avoid_timeout,0
401.000,q_convergence,0.7207219202951275
401.000,update_residual,0.07207219202951277
401.000,investigation_deferred,0
401.000,nav_aborted,0
401.000,nav_canceled,0
401.000,nav_rejected,0
401.000,run_seed,9
402.000,anomalies_detected,3
402.000,anomalies_unique,3
402.000,investigation_timeouts,0
402.000,mission_duration_s,357.64
402.000,distance_traveled_m,85.23676472575274
402.000,route_deviations,4
402.000,investigation_time_s,35.200000000000074
402.000,hazard_avoidances,1
402.000,min_hazard_distance_m,4.838036679088752
402.000,collisions,0
402.000,time_below_clearance_s,0.0
402.000,safety_zone_violations,0
402.000,min_ttc_s,18.40598275293924
402.000,avoid_success,1
402.000,avoid_timeout,0
402.000,q_convergence,0.6278811615701694
402.000,update_residual,0.06278811615701696
402.000,investigation_deferred,0
402.000,nav_aborted,0
402.000,nav_canceled,0
402.000,nav_rejected,0
402.000,run_seed,9
403.000,anomalies_detected,3
403.000,anomalies_unique,3
403.000,investigation_timeouts,0
403.000,mission_duration_s,358.64
403.000,distance_traveled_m,85.49884470674144
403.000,route_deviations,4
403.000,investigation_time_s,35.200000000000074
403.000,hazard_avoidances,1
403.000,min_hazard_distance_m,4.838036679088752
403.000,collisions,0
403.000,time_below_clearance_s,0.0
403.000,safety_zone_violations,0
403.000,min_ttc_s,18.40598275293924
403.000,avoid_success,1
403.000,avoid_timeout,0
403.000,q_convergence,0.9388035976976709
403.000,update_residual,0.09388035976976708
403.000,investigation_deferred,0
403.000,nav_aborted,0
403.000,nav_canceled,0
403.000,nav_rejected,0
403.000,run_seed,9
404.000,anomalies_detected,3
404.000,anomalies_unique,3
404.000,investigation_timeouts,0
404.000,mission_duration_s,359.64
404.000,distance_traveled_m,85.76092469507464
404.000,route_deviations,4
404.000,investigation_time_s,35.200000000000074
404.000,hazard_avoidances,1
404.000,min_hazard_distance_m,4.838036679088752
404.000,collisions,0
404.000,time_below_clearance_s,0.0
404.000,safety_zone_violations,0
404.000,min_ttc_s,18.40598275293924
404.000,avoid_success,1
404.000,avoid_timeout,0
404.000,q_convergence,0.9783050905567546
404.000,update_residual,0.09783050905567549
404.000,investigation_deferred,0
404.000,nav_aborted,0
404.000,nav_canceled,0
404.000,nav_rejected,0
404.000,run_seed,9
405.000,anomalies_detected,3
405.000,anomalies_unique,3
405.000,investigation_timeouts,0
405.000,mission_duration_s,360.64
405.000,distance_traveled_m,86.0136446611702
405.000,route_deviations,4
405.000,investigation_time_s,35.200000000000074
405.000,hazard_avoidances,1
405.000,min_hazard_distance_m,4.838036679088752
405.000,collisions,0
405.000,time_below_clearance_s,0.0
405.000,safety_zone_violations,0
405.000,min_ttc_s,18.40598275293924
405.000,avoid_success,1
405.000,avoid_timeout,0
405.000,q_convergence,0.8851592669899604
405.000,update_residual,0.08851592669899602
405.000,investigation_deferred,0
405.000,nav_aborted,0
405.000,nav_canceled,0
405.000,nav_rejected,0
405.000,run_seed,9
406.000,anomalies_detected,3
406.000,anomalies_unique,3
406.000,investigation_timeouts,0
406.000,mission_duration_s,361.64
406.000,distance_traveled_m,86.27572442884332
406.000,route_deviations,4
406.000,investigation_time_s,35.200000000000074
406.000,hazard_avoidances,1
406.000,min_hazard_distance_m,4.838036679088752
406.000,collisions,0
406.000,time_below_clearance_s,0.0
406.000,safety_zone_violations,0
406.000,min_ttc_s,18.40598275293924
406.000,avoid_success,1
406.000,avoid_timeout,0
406.000,q_convergence,0.7711362913794432
406.000,update_residual,0.07711362913794434
406.000,investigation_deferred,0
406.000,nav_aborted,0
406.000,nav_canceled,0
406.000,nav_rejected,0
406.000,run_seed,9
407.000,anomalies_detected,3
407.000,anomalies_unique,3
407.000,investigation_timeouts,0
407.000,mission_duration_s,362.64
407.000,distance_traveled_m,86.41117115585354
407.000,route_deviations,4
407.000,investigation_time_s,35.200000000000074
407.000,hazard_avoidances,1
407.000,min_hazard_distance_m,4.838036679088752
407.000,collisions,0
407.000,time_below_clearance_s,0.0
407.000,safety_zone_violations,0
407.000,min_ttc_s,18.40598275293924
407.000,avoid_success,1
407.000,avoid_timeout,0
407.000,q_convergence,0.6702496933516652
407.000,update_residual,0.06702496933516652
407.000,investigation_deferred,0
407.000,nav_aborted,0
407.000,nav_canceled,0
407.000,nav_rejected,0
407.000,run_seed,9
407.000,anomalies_detected,3
407.000,anomalies_unique,3
407.000,investigation_timeouts,0
407.000,mission_duration_s,362.64
407.000,distance_traveled_m,86.41117115585354
407.000,route_deviations,4
407.000,investigation_time_s,35.200000000000074
407.000,hazard_avoidances,1
407.000,min_hazard_distance_m,4.838036679088752
407.000,collisions,0
407.000,time_below_clearance_s,0.0
407.000,safety_zone_violations,0
407.000,min_ttc_s,18.40598275293924
407.000,avoid_success,1
407.000,avoid_timeout,0
407.000,q_convergence,0.5339902239272393
407.000,update_residual,0.053399022392723906
407.000,investigation_deferred,0
407.000,nav_aborted,0
407.000,nav_canceled,0
407.000,nav_rejected,0
407.000,run_seed,9
408.000,anomalies_detected,3
408.000,anomalies_unique,3
408.000,investigation_timeouts,0
408.000,mission_duration_s,362.64
408.000,distance_traveled_m,86.41117115586142
408.000,route_deviations,4
408.000,investigation_time_s,35.200000000000074
408.000,hazard_avoidances,1
408.000,min_hazard_distance_m,4.838036679088752
408.000,collisions,0
408.000,time_below_clearance_s,0.0
408.000,safety_zone_violations,0
408.000,min_ttc_s,18.40598275293924
408.000,avoid_success,1
408.000,avoid_timeout,0
408.000,q_convergence,0.5339902239272393
408.000,update_residual,0.053399022392723906
408.000,investigation_deferred,0
408.000,nav_aborted,0
408.000,nav_canceled,0
408.000,nav_rejected,0
408.000,run_seed,9
409.000,anomalies_detected,3
409.000,anomalies_unique,3
409.000,investigation_timeouts,0
409.000,mission_duration_s,362.64
409.000,distance_traveled_m,86.41117115586142
409.000,route_deviations,4
409.000,investigation_time_s,35.200000000000074
409.000,hazard_avoidances,1
409.000,min_hazard_distance_m,4.838036679088752
409.000,collisions,0
409.000,time_below_clearance_s,0.0
409.000,safety_zone_violations,0
409.000,min_ttc_s,18.40598275293924
409.000,avoid_success,1
409.000,avoid_timeout,0
409.000,q_convergence,0.46406580369585126
409.000,update_residual,0.046406580369585115
409.000,investigation_deferred,0
409.000,nav_aborted,0
409.000,nav_canceled,0
409.000,nav_rejected,0
409.000,run_seed,9
410.000,anomalies_detected,3
410.000,anomalies_unique,3
410.000,investigation_timeouts,0
410.000,mission_duration_s,362.64
410.000,distance_traveled_m,86.41117115586142
410.000,route_deviations,4
410.000,investigation_time_s,35.200000000000074
410.000,hazard_avoidances,1
410.000,min_hazard_distance_m,4.838036679088752
410.000,collisions,0
410.000,time_below_clearance_s,0.0
410.000,safety_zone_violations,0
410.000,min_ttc_s,18.40598275293924
410.000,avoid_success,1
410.000,avoid_timeout,0
410.000,q_convergence,0.403297776831998
410.000,update_residual,0.04032977768319979
410.000,investigation_deferred,0
410.000,nav_aborted,0
410.000,nav_canceled,0
410.000,nav_rejected,0
410.000,run_seed,9
411.000,anomalies_detected,3
411.000,anomalies_unique,3
411.000,investigation_timeouts,0
411.000,mission_duration_s,362.64
411.000,distance_traveled_m,86.41117115586142
411.000,route_deviations,4
411.000,investigation_time_s,35.200000000000074
411.000,hazard_avoidances,1
411.000,min_hazard_distance_m,4.838036679088752
411.000,collisions,0
411.000,time_below_clearance_s,0.0
411.000,safety_zone_violations,0
411.000,min_ttc_s,18.40598275293924
411.000,avoid_success,1
411.000,avoid_timeout,0
411.000,q_convergence,0.35134643396478044
411.000,update_residual,0.03513464339647804
411.000,investigation_deferred,0
411.000,nav_aborted,0
411.000,nav_canceled,0
411.000,nav_rejected,0
411.000,run_seed,9
412.000,anomalies_detected,3
412.000,anomalies_unique,3
412.000,investigation_timeouts,0
412.000,mission_duration_s,362.64
412.000,distance_traveled_m,86.41117115586142
412.000,route_deviations,4
412.000,investigation_time_s,35.200000000000074
412.000,hazard_avoidances,1
412.000,min_hazard_distance_m,4.838036679088752
412.000,collisions,0
412.000,time_below_clearance_s,0.0
412.000,safety_zone_violations,0
412.000,min_ttc_s,18.40598275293924
412.000,avoid_success,1
412.000,avoid_timeout,0
412.000,q_convergence,0.30612251239381777
412.000,update_residual,0.03061225123938178
412.000,investigation_deferred,0
412.000,nav_aborted,0
412.000,nav_canceled,0
412.000,nav_rejected,0
412.000,run_seed,9
413.000,anomalies_detected,3
413.000,anomalies_unique,3
413.000,investigation_timeouts,0
413.000,mission_duration_s,362.64
413.000,distance_traveled_m,86.41117115586142
413.000,route_deviations,4
413.000,investigation_time_s,35.200000000000074
413.000,hazard_avoidances,1
413.000,min_hazard_distance_m,4.838036679088752
413.000,collisions,0
413.000,time_below_clearance_s,0.0
413.000,safety_zone_violations,0
413.000,min_ttc_s,18.40598275293924
413.000,avoid_success,1
413.000,avoid_timeout,0
413.000,q_convergence,0.26603668639968847
413.000,update_residual,0.026603668639968853
413.000,investigation_deferred,0
413.000,nav_aborted,0
413.000,nav_canceled,0
413.000,nav_rejected,0
413.000,run_seed,9
414.000,anomalies_detected,3
414.000,anomalies_unique,3
414.000,investigation_timeouts,0
414.000,mission_duration_s,362.64
414.000,distance_traveled_m,86.41117115586142
414.000,route_deviations,4
414.000,investigation_time_s,35.200000000000074
414.000,hazard_avoidances,1
414.000,min_hazard_distance_m,4.838036679088752
414.000,collisions,0
414.000,time_below_clearance_s,0.0
414.000,safety_zone_violations,0
414.000,min_ttc_s,18.40598275293924
414.000,avoid_success,1
414.000,avoid_timeout,0
414.000,q_convergence,0.2311999792405842
414.000,update_residual,0.023119997924058416
414.000,investigation_deferred,0
414.000,nav_aborted,0
414.000,nav_canceled,0
414.000,nav_rejected,0
414.000,run_seed,9
