timestamp,metric,value
43.252,anomalies_detected,0
43.252,anomalies_unique,0
43.252,investigation_timeouts,0
43.252,mission_duration_s,0.0
43.252,distance_traveled_m,0.0
43.252,route_deviations,0
43.252,investigation_time_s,0.0
43.252,hazard_avoidances,0
43.252,min_hazard_distance_m,-1.0
43.252,collisions,0
43.252,time_below_clearance_s,0.0
43.252,safety_zone_violations,0
43.252,min_ttc_s,-1.0
43.252,avoid_success,0
43.252,avoid_timeout,0
43.252,q_convergence,0.0
43.252,update_residual,0.0
44.000,anomalies_detected,0
44.000,anomalies_unique,0
44.000,investigation_timeouts,0
44.000,mission_duration_s,0.0
44.000,distance_traveled_m,1.7941174366426598e-19
44.000,route_deviations,0
44.000,investigation_time_s,0.0
44.000,hazard_avoidances,0
44.000,min_hazard_distance_m,-1.0
44.000,collisions,0
44.000,time_below_clearance_s,0.0
44.000,safety_zone_violations,0
44.000,min_ttc_s,-1.0
44.000,avoid_success,0
44.000,avoid_timeout,0
44.000,q_convergence,0.0
44.000,update_residual,0.0
45.000,anomalies_detected,0
45.000,anomalies_unique,0
45.000,investigation_timeouts,0
45.000,mission_duration_s,0.9239999999999995
45.000,distance_traveled_m,4.513746015700092e-19
45.000,route_deviations,0
45.000,investigation_time_s,0.0
45.000,hazard_avoidances,0
45.000,min_hazard_distance_m,-1.0
45.000,collisions,0
45.000,time_below_clearance_s,0.0
45.000,safety_zone_violations,0
45.000,min_ttc_s,-1.0
45.000,avoid_success,0
45.000,avoid_timeout,0
45.000,q_convergence,0.9515483059690995
45.000,update_residual,0.09515483059690995
46.000,anomalies_detected,0
46.000,anomalies_unique,0
46.000,investigation_timeouts,0
46.000,mission_duration_s,1.9239999999999995
46.000,distance_traveled_m,7.011883778321631e-19
46.000,route_deviations,0
46.000,investigation_time_s,0.0
46.000,hazard_avoidances,0
46.000,min_hazard_distance_m,12.369316876853498
46.000,collisions,0
46.000,time_below_clearance_s,0.0
46.000,safety_zone_violations,0
46.000,min_ttc_s,-1.0
46.000,avoid_success,0
46.000,avoid_timeout,0
46.000,q_convergence,0.8439480013996417
46.000,update_residual,0.08439480013996417
47.000,anomalies_detected,0
47.000,anomalies_unique,0
47.000,investigation_timeouts,0
47.000,mission_duration_s,2.9239999999999995
47.000,distance_traveled_m,9.744740889844539e-19
47.000,route_deviations,0
47.000,investigation_time_s,0.0
47.000,hazard_avoidances,0
47.000,min_hazard_distance_m,12.369316876853498
47.000,collisions,0
47.000,time_below_clearance_s,0.0
47.000,safety_zone_violations,0
47.000,min_ttc_s,-1.0
47.000,avoid_success,0
47.000,avoid_timeout,0
47.000,q_convergence,0.7353183568787758
47.000,update_residual,0.07353183568787759
48.000,anomalies_detected,0
48.000,anomalies_unique,0
48.000,investigation_timeouts,0
48.000,mission_duration_s,3.9239999999999995
48.000,distance_traveled_m,1.3018439834374558e-18
48.000,route_deviations,0
48.000,investigation_time_s,0.0
48.000,hazard_avoidances,0
48.000,min_hazard_distance_m,12.369316876853498
48.000,collisions,0
48.000,time_below_clearance_s,0.0
48.000,safety_zone_violations,0
48.000,min_ttc_s,-1.0
48.000,avoid_success,0
48.000,avoid_timeout,0
48.000,q_convergence,0.6390306207249188
48.000,update_residual,0.0639030620724919
49.000,anomalies_detected,0
49.000,anomalies_unique,0
49.000,investigation_timeouts,0
49.000,mission_duration_s,4.9239999999999995
49.000,distance_traveled_m,1.5604482419965406e-18
49.000,route_deviations,0
49.000,investigation_time_s,0.0
49.000,hazard_avoidances,0
49.000,min_hazard_distance_m,12.369316876853498
49.000,collisions,0
49.000,time_below_clearance_s,0.0
49.000,safety_zone_violations,0
49.000,min_ttc_s,-1.0
49.000,avoid_success,0
49.000,avoid_timeout,0
49.000,q_convergence,0.5553514751861377
49.000,update_residual,0.05553514751861378
50.000,anomalies_detected,0
50.000,anomalies_unique,0
50.000,investigation_timeouts,0
50.000,mission_duration_s,5.9239999999999995
50.000,distance_traveled_m,1.751689123208093e-18
50.000,route_deviations,0
50.000,investigation_time_s,0.0
50.000,hazard_avoidances,0
50.000,min_hazard_distance_m,12.369316876853498
50.000,collisions,0
50.000,time_below_clearance_s,0.0
50.000,safety_zone_violations,0
50.000,min_ttc_s,-1.0
50.000,avoid_success,0
50.000,avoid_timeout,0
50.000,q_convergence,0.4826298630909921
50.000,update_residual,0.04826298630909921
51.000,anomalies_detected,0
51.000,anomalies_unique,0
51.000,investigation_timeouts,0
51.000,mission_duration_s,6.9239999999999995
51.000,distance_traveled_m,1.9955675716136235e-18
51.000,route_deviations,0
51.000,investigation_time_s,0.0
51.000,hazard_avoidances,0
51.000,min_hazard_distance_m,12.369316876853498
51.000,collisions,0
51.000,time_below_clearance_s,0.0
51.000,safety_zone_violations,0
51.000,min_ttc_s,-1.0
51.000,avoid_success,0
51.000,avoid_timeout,0
51.000,q_convergence,0.4204592513599905
51.000,update_residual,0.04204592513599906
52.000,anomalies_detected,0
52.000,anomalies_unique,0
52.000,investigation_timeouts,0
52.000,mission_duration_s,7.9239999999999995
52.000,distance_traveled_m,2.355516417162901e-18
52.000,route_deviations,0
52.000,investigation_time_s,0.0
52.000,hazard_avoidances,0
52.000,min_hazard_distance_m,12.369316876853498
52.000,collisions,0
52.000,time_below_clearance_s,0.0
52.000,safety_zone_violations,0
52.000,min_ttc_s,-1.0
52.000,avoid_success,0
52.000,avoid_timeout,0
52.000,q_convergence,0.3663394016358407
52.000,update_residual,0.036633940163584074
53.000,anomalies_detected,0
53.000,anomalies_unique,0
53.000,investigation_timeouts,0
53.000,mission_duration_s,8.924
53.000,distance_traveled_m,2.589023687972939e-18
53.000,route_deviations,0
53.000,investigation_time_s,0.0
53.000,hazard_avoidances,0
53.000,min_hazard_distance_m,12.369316876853498
53.000,collisions,0
53.000,time_below_clearance_s,0.0
53.000,safety_zone_violations,0
53.000,min_ttc_s,-1.0
53.000,avoid_success,0
53.000,avoid_timeout,0
53.000,q_convergence,0.3183683543778858
53.000,update_residual,0.031836835437788584
54.000,anomalies_detected,0
54.000,anomalies_unique,0
54.000,investigation_timeouts,0
54.000,mission_duration_s,9.924
54.000,distance_traveled_m,2.9059054864051553e-18
54.000,route_deviations,0
54.000,investigation_time_s,0.0
54.000,hazard_avoidances,0
54.000,min_hazard_distance_m,12.369316876853498
54.000,collisions,0
54.000,time_below_clearance_s,0.0
54.000,safety_zone_violations,0
54.000,min_ttc_s,-1.0
54.000,avoid_success,0
54.000,avoid_timeout,0
54.000,q_convergence,0.2766789720589164
54.000,update_residual,0.027667897205891637
55.000,anomalies_detected,0
55.000,anomalies_unique,0
55.000,investigation_timeouts,0
55.000,mission_duration_s,10.924
55.000,distance_traveled_m,3.2303252767464038e-18
55.000,route_deviations,0
55.000,investigation_time_s,0.0
55.000,hazard_avoidances,0
55.000,min_hazard_distance_m,12.369316876853498
55.000,collisions,0
55.000,time_below_clearance_s,0.0
55.000,safety_zone_violations,0
55.000,min_ttc_s,-1.0
55.000,avoid_success,0
55.000,avoid_timeout,0
55.000,q_convergence,0.24103819998600284
55.000,update_residual,0.024103819998600277
56.000,anomalies_detected,0
56.000,anomalies_unique,0
56.000,investigation_timeouts,0
56.000,mission_duration_s,11.924
56.000,distance_traveled_m,3.581824649245243e-18
56.000,route_deviations,0
56.000,investigation_time_s,0.0
56.000,hazard_avoidances,0
56.000,min_hazard_distance_m,12.369316876853498
56.000,collisions,0
56.000,time_below_clearance_s,0.0
56.000,safety_zone_violations,0
56.000,min_ttc_s,-1.0
56.000,avoid_success,0
56.000,avoid_timeout,0
56.000,q_convergence,0.21001271744797417
56.000,update_residual,0.021001271744797417
57.000,anomalies_detected,0
57.000,anomalies_unique,0
57.000,investigation_timeouts,0
57.000,mission_duration_s,12.924
57.000,distance_traveled_m,3.865033526795069e-18
57.000,route_deviations,0
57.000,investigation_time_s,0.0
57.000,hazard_avoidances,0
57.000,min_hazard_distance_m,12.369316876853498
57.000,collisions,0
57.000,time_below_clearance_s,0.0
57.000,safety_zone_violations,0
57.000,min_ttc_s,-1.0
57.000,avoid_success,0
57.000,avoid_timeout,0
57.000,q_convergence,0.18251218120076196
57.000,update_residual,0.018251218120076195
58.000,anomalies_detected,0
58.000,anomalies_unique,0
58.000,investigation_timeouts,0
58.000,mission_duration_s,13.924
58.000,distance_traveled_m,4.170064665635995e-18
58.000,route_deviations,0
58.000,investigation_time_s,0.0
58.000,hazard_avoidances,0
58.000,min_hazard_distance_m,12.369316876853498
58.000,collisions,0
58.000,time_below_clearance_s,0.0
58.000,safety_zone_violations,0
58.000,min_ttc_s,-1.0
58.000,avoid_success,0
58.000,avoid_timeout,0
58.000,q_convergence,0.1586127577960215
58.000,update_residual,0.015861275779602148
59.000,anomalies_detected,0
59.000,anomalies_unique,0
59.000,investigation_timeouts,0
59.000,mission_duration_s,14.924
59.000,distance_traveled_m,4.426174337299108e-18
59.000,route_deviations,0
59.000,investigation_time_s,0.0
59.000,hazard_avoidances,0
59.000,min_hazard_distance_m,12.369316876853498
59.000,collisions,0
59.000,time_below_clearance_s,0.0
59.000,safety_zone_violations,0
59.000,min_ttc_s,-1.0
59.000,avoid_success,0
59.000,avoid_timeout,0
59.000,q_convergence,0.13784289229432747
59.000,update_residual,0.013784289229432745
60.000,anomalies_detected,0
60.000,anomalies_unique,0
60.000,investigation_timeouts,0
60.000,mission_duration_s,15.924
60.000,distance_traveled_m,4.641175161695776e-18
60.000,route_deviations,0
60.000,investigation_time_s,0.0
60.000,hazard_avoidances,0
60.000,min_hazard_distance_m,12.369316876853498
60.000,collisions,0
60.000,time_below_clearance_s,0.0
60.000,safety_zone_violations,0
60.000,min_ttc_s,-1.0
60.000,avoid_success,0
60.000,avoid_timeout,0
60.000,q_convergence,0.12008647564446662
60.000,update_residual,0.01200864756444666
61.000,anomalies_detected,0
61.000,anomalies_unique,0
61.000,investigation_timeouts,0
61.000,mission_duration_s,16.924
61.000,distance_traveled_m,4.900853742078047e-18
61.000,route_deviations,0
61.000,investigation_time_s,0.0
61.000,hazard_avoidances,0
61.000,min_hazard_distance_m,12.369316876853498
61.000,collisions,0
61.000,time_below_clearance_s,0.0
61.000,safety_zone_violations,0
61.000,min_ttc_s,-1.0
61.000,avoid_success,0
61.000,avoid_timeout,0
61.000,q_convergence,0.10462942006830822
61.000,update_residual,0.010462942006830825
62.000,anomalies_detected,0
62.000,anomalies_unique,0
62.000,investigation_timeouts,0
62.000,mission_duration_s,17.924
62.000,distance_traveled_m,5.136428135623267e-18
62.000,route_deviations,0
62.000,investigation_time_s,0.0
62.000,hazard_avoidances,0
62.000,min_hazard_distance_m,12.369316876853498
62.000,collisions,0
62.000,time_below_clearance_s,0.0
62.000,safety_zone_violations,0
62.000,min_ttc_s,-1.0
62.000,avoid_success,0
62.000,avoid_timeout,0
62.000,q_convergence,0.09092851093252666
62.000,update_residual,0.009092851093252667
63.000,anomalies_detected,0
63.000,anomalies_unique,0
63.000,investigation_timeouts,0
63.000,mission_duration_s,18.924
63.000,distance_traveled_m,5.350463324397801e-18
63.000,route_deviations,0
63.000,investigation_time_s,0.0
63.000,hazard_avoidances,0
63.000,min_hazard_distance_m,12.369316876853498
63.000,collisions,0
63.000,time_below_clearance_s,0.0
63.000,safety_zone_violations,0
63.000,min_ttc_s,-1.0
63.000,avoid_success,0
63.000,avoid_timeout,0
63.000,q_convergence,0.07902169480638259
63.000,update_residual,0.00790216948063826
64.000,anomalies_detected,0
64.000,anomalies_unique,0
64.000,investigation_timeouts,0
64.000,mission_duration_s,19.924
64.000,distance_traveled_m,5.611561448493202e-18
64.000,route_deviations,0
64.000,investigation_time_s,0.0
64.000,hazard_avoidances,0
64.000,min_hazard_distance_m,12.369316876853498
64.000,collisions,0
64.000,time_below_clearance_s,0.0
64.000,safety_zone_violations,0
64.000,min_ttc_s,-1.0
64.000,avoid_success,0
64.000,avoid_timeout,0
64.000,q_convergence,0.06867404058455014
64.000,update_residual,0.006867404058455012
65.000,anomalies_detected,0
65.000,anomalies_unique,0
65.000,investigation_timeouts,0
65.000,mission_duration_s,20.924
65.000,distance_traveled_m,5.90602529765542e-18
65.000,route_deviations,0
65.000,investigation_time_s,0.0
65.000,hazard_avoidances,0
65.000,min_hazard_distance_m,12.369316876853498
65.000,collisions,0
65.000,time_below_clearance_s,0.0
65.000,safety_zone_violations,0
65.000,min_ttc_s,-1.0
65.000,avoid_success,0
65.000,avoid_timeout,0
65.000,q_convergence,0.05982770213827703
65.000,update_residual,0.005982770213827704
66.000,anomalies_detected,0
66.000,anomalies_unique,0
66.000,investigation_timeouts,0
66.000,mission_duration_s,21.924
66.000,distance_traveled_m,6.251348938893145e-18
66.000,route_deviations,0
66.000,investigation_time_s,0.0
66.000,hazard_avoidances,0
66.000,min_hazard_distance_m,12.369316876853498
66.000,collisions,0
66.000,time_below_clearance_s,0.0
66.000,safety_zone_violations,0
66.000,min_ttc_s,-1.0
66.000,avoid_success,0
66.000,avoid_timeout,0
66.000,q_convergence,0.05212691724986814
66.000,update_residual,0.005212691724986814
67.000,anomalies_detected,0
67.000,anomalies_unique,0
67.000,investigation_timeouts,0
67.000,mission_duration_s,22.924
67.000,distance_traveled_m,6.476069578965979e-18
67.000,route_deviations,0
67.000,investigation_time_s,0.0
67.000,hazard_avoidances,0
67.000,min_hazard_distance_m,12.369316876853498
67.000,collisions,0
67.000,time_below_clearance_s,0.0
67.000,safety_zone_violations,0
67.000,min_ttc_s,-1.0
67.000,avoid_success,0
67.000,avoid_timeout,0
67.000,q_convergence,0.04530105358453808
67.000,update_residual,0.004530105358453808
68.000,anomalies_detected,0
68.000,anomalies_unique,0
68.000,investigation_timeouts,0
68.000,mission_duration_s,23.924
68.000,distance_traveled_m,6.74843310086534e-18
68.000,route_deviations,0
68.000,investigation_time_s,0.0
68.000,hazard_avoidances,0
68.000,min_hazard_distance_m,12.369316876853498
68.000,collisions,0
68.000,time_below_clearance_s,0.0
68.000,safety_zone_violations,0
68.000,min_ttc_s,-1.0
68.000,avoid_success,0
68.000,avoid_timeout,0
68.000,q_convergence,0.039369016318998994
68.000,update_residual,0.003936901631899899
69.000,anomalies_detected,0
69.000,anomalies_unique,0
69.000,investigation_timeouts,0
69.000,mission_duration_s,24.924
69.000,distance_traveled_m,7.054934537089208e-18
69.000,route_deviations,0
69.000,investigation_time_s,0.0
69.000,hazard_avoidances,0
69.000,min_hazard_distance_m,12.369316876853498
69.000,collisions,0
69.000,time_below_clearance_s,0.0
69.000,safety_zone_violations,0
69.000,min_ttc_s,-1.0
69.000,avoid_success,0
69.000,avoid_timeout,0
69.000,q_convergence,0.03429764379322075
69.000,update_residual,0.0034297643793220756
70.000,anomalies_detected,0
70.000,anomalies_unique,0
70.000,investigation_timeouts,0
70.000,mission_duration_s,25.924
70.000,distance_traveled_m,7.332620135010768e-18
70.000,route_deviations,0
70.000,investigation_time_s,0.0
70.000,hazard_avoidances,0
70.000,min_hazard_distance_m,12.369316876853498
70.000,collisions,0
70.000,time_below_clearance_s,0.0
70.000,safety_zone_violations,0
70.000,min_ttc_s,-1.0
70.000,avoid_success,0
70.000,avoid_timeout,0
70.000,q_convergence,0.029882986910353817
70.000,update_residual,0.0029882986910353825
71.000,anomalies_detected,0
71.000,anomalies_unique,0
71.000,investigation_timeouts,0
71.000,mission_duration_s,26.924
71.000,distance_traveled_m,7.595772852963128e-18
71.000,route_deviations,0
71.000,investigation_time_s,0.0
71.000,hazard_avoidances,0
71.000,min_hazard_distance_m,12.369316876853498
71.000,collisions,0
71.000,time_below_clearance_s,0.0
71.000,safety_zone_violations,0
71.000,min_ttc_s,-1.0
71.000,avoid_success,0
71.000,avoid_timeout,0
71.000,q_convergence,0.025969899290282785
71.000,update_residual,0.002596989929028279
72.000,anomalies_detected,0
72.000,anomalies_unique,0
72.000,investigation_timeouts,0
72.000,mission_duration_s,27.924
72.000,distance_traveled_m,7.894201176045127e-18
72.000,route_deviations,0
72.000,investigation_time_s,0.0
72.000,hazard_avoidances,0
72.000,min_hazard_distance_m,12.369316876853498
72.000,collisions,0
72.000,time_below_clearance_s,0.0
72.000,safety_zone_violations,0
72.000,min_ttc_s,-1.0
72.000,avoid_success,0
72.000,avoid_timeout,0
72.000,q_convergence,0.02256921877222887
72.000,update_residual,0.0022569218772228875
73.000,anomalies_detected,0
73.000,anomalies_unique,0
73.000,investigation_timeouts,0
73.000,mission_duration_s,28.924
73.000,distance_traveled_m,8.142892742058066e-18
73.000,route_deviations,0
73.000,investigation_time_s,0.0
73.000,hazard_avoidances,0
73.000,min_hazard_distance_m,12.369316876853498
73.000,collisions,0
73.000,time_below_clearance_s,0.0
73.000,safety_zone_violations,0
73.000,min_ttc_s,-1.0
73.000,avoid_success,0
73.000,avoid_timeout,0
73.000,q_convergence,0.019661934651072376
73.000,update_residual,0.0019661934651072376
74.000,anomalies_detected,0
74.000,anomalies_unique,0
74.000,investigation_timeouts,0
74.000,mission_duration_s,29.924
74.000,distance_traveled_m,8.38817281246865e-18
74.000,route_deviations,0
74.000,investigation_time_s,0.0
74.000,hazard_avoidances,0
74.000,min_hazard_distance_m,12.369316876853498
74.000,collisions,0
74.000,time_below_clearance_s,0.0
74.000,safety_zone_violations,0
74.000,min_ttc_s,-1.0
74.000,avoid_success,0
74.000,avoid_timeout,0
74.000,q_convergence,0.017131128288362798
74.000,update_residual,0.00171311282883628
75.000,anomalies_detected,0
75.000,anomalies_unique,0
75.000,investigation_timeouts,0
75.000,mission_duration_s,30.924
75.000,distance_traveled_m,8.69326042819681e-18
75.000,route_deviations,0
75.000,investigation_time_s,0.0
75.000,hazard_avoidances,0
75.000,min_hazard_distance_m,12.369316876853498
75.000,collisions,0
75.000,time_below_clearance_s,0.0
75.000,safety_zone_violations,0
75.000,min_ttc_s,-1.0
75.000,avoid_success,0
75.000,avoid_timeout,0
75.000,q_convergence,0.014887858356071426
75.000,update_residual,0.0014887858356071426
76.000,anomalies_detected,0
76.000,anomalies_unique,0
76.000,investigation_timeouts,0
76.000,mission_duration_s,31.924
76.000,distance_traveled_m,9.023327047769008e-18
76.000,route_deviations,0
76.000,investigation_time_s,0.0
76.000,hazard_avoidances,0
76.000,min_hazard_distance_m,12.369316876853498
76.000,collisions,0
76.000,time_below_clearance_s,0.0
76.000,safety_zone_violations,0
76.000,min_ttc_s,-1.0
76.000,avoid_success,0
76.000,avoid_timeout,0
76.000,q_convergence,0.012938337901597485
76.000,update_residual,0.0012938337901597483
77.000,anomalies_detected,0
77.000,anomalies_unique,0
77.000,investigation_timeouts,0
77.000,mission_duration_s,32.924
77.000,distance_traveled_m,9.224559039702805e-18
77.000,route_deviations,0
77.000,investigation_time_s,0.0
77.000,hazard_avoidances,0
77.000,min_hazard_distance_m,12.369316876853498
77.000,collisions,0
77.000,time_below_clearance_s,0.0
77.000,safety_zone_violations,0
77.000,min_ttc_s,-1.0
77.000,avoid_success,0
77.000,avoid_timeout,0
77.000,q_convergence,0.01124410131076051
77.000,update_residual,0.001124410131076051
78.000,anomalies_detected,0
78.000,anomalies_unique,0
78.000,investigation_timeouts,0
78.000,mission_duration_s,33.924
78.000,distance_traveled_m,9.499571804615498e-18
78.000,route_deviations,0
78.000,investigation_time_s,0.0
78.000,hazard_avoidances,0
78.000,min_hazard_distance_m,12.369316876853498
78.000,collisions,0
78.000,time_below_clearance_s,0.0
78.000,safety_zone_violations,0
78.000,min_ttc_s,-1.0
78.000,avoid_success,0
78.000,avoid_timeout,0
78.000,q_convergence,0.009795677352122752
78.000,update_residual,0.0009795677352122754
79.000,anomalies_detected,0
79.000,anomalies_unique,0
79.000,investigation_timeouts,0
79.000,mission_duration_s,34.924
79.000,distance_traveled_m,9.775715973275991e-18
79.000,route_deviations,0
79.000,investigation_time_s,0.0
79.000,hazard_avoidances,0
79.000,min_hazard_distance_m,12.369316876853498
79.000,collisions,0
79.000,time_below_clearance_s,0.0
79.000,safety_zone_violations,0
79.000,min_ttc_s,-1.0
79.000,avoid_success,0
79.000,avoid_timeout,0
79.000,q_convergence,0.008534816556389277
79.000,update_residual,0.0008534816556389276
80.000,anomalies_detected,0
80.000,anomalies_unique,0
80.000,investigation_timeouts,0
80.000,mission_duration_s,35.924
80.000,distance_traveled_m,1.0065736124177043e-17
80.000,route_deviations,0
80.000,investigation_time_s,0.0
80.000,hazard_avoidances,0
80.000,min_hazard_distance_m,12.369316876853498
80.000,collisions,0
80.000,time_below_clearance_s,0.0
80.000,safety_zone_violations,0
80.000,min_ttc_s,-1.0
80.000,avoid_success,0
80.000,avoid_timeout,0
80.000,q_convergence,0.007417207894758653
80.000,update_residual,0.0007417207894758653
81.000,anomalies_detected,0
81.000,anomalies_unique,0
81.000,investigation_timeouts,0
81.000,mission_duration_s,36.924
81.000,distance_traveled_m,1.0376706823712883e-17
81.000,route_deviations,0
81.000,investigation_time_s,0.0
81.000,hazard_avoidances,0
81.000,min_hazard_distance_m,12.369316876853498
81.000,collisions,0
81.000,time_below_clearance_s,0.0
81.000,safety_zone_violations,0
81.000,min_ttc_s,-1.0
81.000,avoid_success,0
81.000,avoid_timeout,0
81.000,q_convergence,0.006445946739522209
81.000,update_residual,0.0006445946739522208
82.000,anomalies_detected,0
82.000,anomalies_unique,0
82.000,investigation_timeouts,0
82.000,mission_duration_s,37.924
82.000,distance_traveled_m,1.0677872074184318e-17
82.000,route_deviations,0
82.000,investigation_time_s,0.0
82.000,hazard_avoidances,0
82.000,min_hazard_distance_m,12.369316876853498
82.000,collisions,0
82.000,time_below_clearance_s,0.0
82.000,safety_zone_violations,0
82.000,min_ttc_s,-1.0
82.000,avoid_success,0
82.000,avoid_timeout,0
82.000,q_convergence,0.005615603483481327
82.000,update_residual,0.0005615603483481327
83.000,anomalies_detected,0
83.000,anomalies_unique,0
83.000,investigation_timeouts,0
83.000,mission_duration_s,38.924
83.000,distance_traveled_m,1.0993716844198954e-17
83.000,route_deviations,0
83.000,investigation_time_s,0.0
83.000,hazard_avoidances,0
83.000,min_hazard_distance_m,12.369316876853498
83.000,collisions,0
83.000,time_below_clearance_s,0.0
83.000,safety_zone_violations,0
83.000,min_ttc_s,-1.0
83.000,avoid_success,0
83.000,avoid_timeout,0
83.000,q_convergence,0.004892785242109073
83.000,update_residual,0.0004892785242109074
84.000,anomalies_detected,0
84.000,anomalies_unique,0
84.000,investigation_timeouts,0
84.000,mission_duration_s,39.924
84.000,distance_traveled_m,1.1295438288814007e-17
84.000,route_deviations,0
84.000,investigation_time_s,0.0
84.000,hazard_avoidances,0
84.000,min_hazard_distance_m,12.369316876853498
84.000,collisions,0
84.000,time_below_clearance_s,0.0
84.000,safety_zone_violations,0
84.000,min_ttc_s,-1.0
84.000,avoid_success,0
84.000,avoid_timeout,0
84.000,q_convergence,0.004252089671214598
84.000,update_residual,0.00042520896712145974
85.000,anomalies_detected,0
85.000,anomalies_unique,0
85.000,investigation_timeouts,0
85.000,mission_duration_s,40.924
85.000,distance_traveled_m,1.1617812011559395e-17
85.000,route_deviations,0
85.000,investigation_time_s,0.0
85.000,hazard_avoidances,0
85.000,min_hazard_distance_m,12.369316876853498
85.000,collisions,0
85.000,time_below_clearance_s,0.0
85.000,safety_zone_violations,0
85.000,min_ttc_s,-1.0
85.000,avoid_success,0
85.000,avoid_timeout,0
85.000,q_convergence,0.0036952912660963883
85.000,update_residual,0.0003695291266096388
86.000,anomalies_detected,0
86.000,anomalies_unique,0
86.000,investigation_timeouts,0
86.000,mission_duration_s,41.924
86.000,distance_traveled_m,1.1886422102878482e-17
86.000,route_deviations,0
86.000,investigation_time_s,0.0
86.000,hazard_avoidances,0
86.000,min_hazard_distance_m,12.369316876853498
86.000,collisions,0
86.000,time_below_clearance_s,0.0
86.000,safety_zone_violations,0
86.000,min_ttc_s,-1.0
86.000,avoid_success,0
86.000,avoid_timeout,0
86.000,q_convergence,0.0032114039442125986
86.000,update_residual,0.00032114039442125995
87.000,anomalies_detected,0
87.000,anomalies_unique,0
87.000,investigation_timeouts,0
87.000,mission_duration_s,42.924
87.000,distance_traveled_m,1.2155474832760512e-17
87.000,route_deviations,0
87.000,investigation_time_s,0.0
87.000,hazard_avoidances,0
87.000,min_hazard_distance_m,12.369316876853498
87.000,collisions,0
87.000,time_below_clearance_s,0.0
87.000,safety_zone_violations,0
87.000,min_ttc_s,-1.0
87.000,avoid_success,0
87.000,avoid_timeout,0
87.000,q_convergence,0.0027977226472279794
87.000,update_residual,0.00027977226472279795
88.000,anomalies_detected,0
88.000,anomalies_unique,0
88.000,investigation_timeouts,0
88.000,mission_duration_s,43.924
88.000,distance_traveled_m,1.2488625722877998e-17
88.000,route_deviations,0
88.000,investigation_time_s,0.0
88.000,hazard_avoidances,0
88.000,min_hazard_distance_m,12.369316876853498
88.000,collisions,0
88.000,time_below_clearance_s,0.0
88.000,safety_zone_violations,0
88.000,min_ttc_s,-1.0
88.000,avoid_success,0
88.000,avoid_timeout,0
88.000,q_convergence,0.002437610867671961
88.000,update_residual,0.00024376108676719613
89.000,anomalies_detected,0
89.000,anomalies_unique,0
89.000,investigation_timeouts,0
89.000,mission_duration_s,44.924
89.000,distance_traveled_m,1.2719991280102675e-17
89.000,route_deviations,0
89.000,investigation_time_s,0.0
89.000,hazard_avoidances,0
89.000,min_hazard_distance_m,12.369316876853498
89.000,collisions,0
89.000,time_below_clearance_s,0.0
89.000,safety_zone_violations,0
89.000,min_ttc_s,-1.0
89.000,avoid_success,0
89.000,avoid_timeout,0
89.000,q_convergence,0.0021184130265242524
89.000,update_residual,0.0002118413026524252
90.000,anomalies_detected,0
90.000,anomalies_unique,0
90.000,investigation_timeouts,0
90.000,mission_duration_s,45.924
90.000,distance_traveled_m,1.293219756931168e-17
90.000,route_deviations,0
90.000,investigation_time_s,0.0
90.000,hazard_avoidances,0
90.000,min_hazard_distance_m,12.369316876853498
90.000,collisions,0
90.000,time_below_clearance_s,0.0
90.000,safety_zone_violations,0
90.000,min_ttc_s,-1.0
90.000,avoid_success,0
90.000,avoid_timeout,0
90.000,q_convergence,0.0018410131865035848
90.000,update_residual,0.00018410131865035845
91.000,anomalies_detected,0
91.000,anomalies_unique,0
91.000,investigation_timeouts,0
91.000,mission_duration_s,46.924
91.000,distance_traveled_m,1.3189223435591662e-17
91.000,route_deviations,0
91.000,investigation_time_s,0.0
91.000,hazard_avoidances,0
91.000,min_hazard_distance_m,12.369316876853498
91.000,collisions,0
91.000,time_below_clearance_s,0.0
91.000,safety_zone_violations,0
91.000,min_ttc_s,-1.0
91.000,avoid_success,0
91.000,avoid_timeout,0
91.000,q_convergence,0.0016038606090049783
91.000,update_residual,0.00016038606090049783
92.000,anomalies_detected,0
92.000,anomalies_unique,0
92.000,investigation_timeouts,0
92.000,mission_duration_s,47.924
92.000,distance_traveled_m,1.3493483907057978e-17
92.000,route_deviations,0
92.000,investigation_time_s,0.0
92.000,hazard_avoidances,0
92.000,min_hazard_distance_m,12.369316876853498
92.000,collisions,0
92.000,time_below_clearance_s,0.0
92.000,safety_zone_violations,0
92.000,min_ttc_s,-1.0
92.000,avoid_success,0
92.000,avoid_timeout,0
92.000,q_convergence,0.0013974180230543912
92.000,update_residual,0.00013974180230543913
93.000,anomalies_detected,0
93.000,anomalies_unique,0
93.000,investigation_timeouts,0
93.000,mission_duration_s,48.924
93.000,distance_traveled_m,1.3827995917218865e-17
93.000,route_deviations,0
93.000,investigation_time_s,0.0
93.000,hazard_avoidances,0
93.000,min_hazard_distance_m,12.369316876853498
93.000,collisions,0
93.000,time_below_clearance_s,0.0
93.000,safety_zone_violations,0
93.000,min_ttc_s,-1.0
93.000,avoid_success,0
93.000,avoid_timeout,0
93.000,q_convergence,0.0012144303189638756
93.000,update_residual,0.00012144303189638757
94.000,anomalies_detected,0
94.000,anomalies_unique,0
94.000,investigation_timeouts,0
94.000,mission_duration_s,49.924
94.000,distance_traveled_m,1.415099478817454e-17
94.000,route_deviations,0
94.000,investigation_time_s,0.0
94.000,hazard_avoidances,0
94.000,min_hazard_distance_m,12.369316876853498
94.000,collisions,0
94.000,time_below_clearance_s,0.0
94.000,safety_zone_violations,0
94.000,min_ttc_s,-1.0
94.000,avoid_success,0
94.000,avoid_timeout,0
94.000,q_convergence,0.0010554043065768173
94.000,update_residual,0.00010554043065768173
95.000,anomalies_detected,0
95.000,anomalies_unique,0
95.000,investigation_timeouts,0
95.000,mission_duration_s,50.924
95.000,distance_traveled_m,1.4338030242762193e-17
95.000,route_deviations,0
95.000,investigation_time_s,0.0
95.000,hazard_avoidances,0
95.000,min_hazard_distance_m,12.369316876853498
95.000,collisions,0
95.000,time_below_clearance_s,0.0
95.000,safety_zone_violations,0
95.000,min_ttc_s,-1.0
95.000,avoid_success,0
95.000,avoid_timeout,0
95.000,q_convergence,0.0009172022741422227
95.000,update_residual,9.172022741422231e-05
96.000,anomalies_detected,0
96.000,anomalies_unique,0
96.000,investigation_timeouts,0
96.000,mission_duration_s,51.924
96.000,distance_traveled_m,1.454117535966557e-17
96.000,route_deviations,0
96.000,investigation_time_s,0.0
96.000,hazard_avoidances,0
96.000,min_hazard_distance_m,12.369316876853498
96.000,collisions,0
96.000,time_below_clearance_s,0.0
96.000,safety_zone_violations,0
96.000,min_ttc_s,-1.0
96.000,avoid_success,0
96.000,avoid_timeout,0
96.000,q_convergence,0.0007990516356808857
96.000,update_residual,7.990516356808857e-05
97.000,anomalies_detected,0
97.000,anomalies_unique,0
97.000,investigation_timeouts,0
97.000,mission_duration_s,52.924
97.000,distance_traveled_m,1.48569495228679e-17
97.000,route_deviations,0
97.000,investigation_time_s,0.0
97.000,hazard_avoidances,0
97.000,min_hazard_distance_m,12.369316876853498
97.000,collisions,0
97.000,time_below_clearance_s,0.0
97.000,safety_zone_violations,0
97.000,min_ttc_s,-1.0
97.000,avoid_success,0
97.000,avoid_timeout,0
97.000,q_convergence,0.0006962008735561044
97.000,update_residual,6.962008735561046e-05
98.000,anomalies_detected,0
98.000,anomalies_unique,0
98.000,investigation_timeouts,0
98.000,mission_duration_s,53.924
98.000,distance_traveled_m,1.517520006933817e-17
98.000,route_deviations,0
98.000,investigation_time_s,0.0
98.000,hazard_avoidances,0
98.000,min_hazard_distance_m,12.369316876853498
98.000,collisions,0
98.000,time_below_clearance_s,0.0
98.000,safety_zone_violations,0
98.000,min_ttc_s,-1.0
98.000,avoid_success,0
98.000,avoid_timeout,0
98.000,q_convergence,0.0006050354546647897
98.000,update_residual,6.0503545466478965e-05
99.000,anomalies_detected,0
99.000,anomalies_unique,0
99.000,investigation_timeouts,0
99.000,mission_duration_s,54.924
99.000,distance_traveled_m,1.5483687291562965e-17
99.000,route_deviations,0
99.000,investigation_time_s,0.0
99.000,hazard_avoidances,0
99.000,min_hazard_distance_m,12.369316876853498
99.000,collisions,0
99.000,time_below_clearance_s,0.0
99.000,safety_zone_violations,0
99.000,min_ttc_s,-1.0
99.000,avoid_success,0
99.000,avoid_timeout,0
99.000,q_convergence,0.0005258078742871319
99.000,update_residual,5.25807874287132e-05
100.000,anomalies_detected,0
100.000,anomalies_unique,0
100.000,investigation_timeouts,0
100.000,mission_duration_s,55.924
100.000,distance_traveled_m,1.5849240583030322e-17
100.000,route_deviations,0
100.000,investigation_time_s,0.0
100.000,hazard_avoidances,0
100.000,min_hazard_distance_m,12.369316876853498
100.000,collisions,0
100.000,time_below_clearance_s,0.0
100.000,safety_zone_violations,0
100.000,min_ttc_s,-1.0
100.000,avoid_success,0
100.000,avoid_timeout,0
100.000,q_convergence,0.0004580752292572964
100.000,update_residual,4.5807522925729645e-05
101.000,anomalies_detected,0
101.000,anomalies_unique,0
101.000,investigation_timeouts,0
101.000,mission_duration_s,56.924
101.000,distance_traveled_m,1.6047495449349758e-17
101.000,route_deviations,0
101.000,investigation_time_s,0.0
101.000,hazard_avoidances,0
101.000,min_hazard_distance_m,12.369316876853498
101.000,collisions,0
101.000,time_below_clearance_s,0.0
101.000,safety_zone_violations,0
101.000,min_ttc_s,-1.0
101.000,avoid_success,0
101.000,avoid_timeout,0
101.000,q_convergence,0.0003991135998262507
101.000,update_residual,3.991135998262506e-05
102.000,anomalies_detected,0
102.000,anomalies_unique,0
102.000,investigation_timeouts,0
102.000,mission_duration_s,57.924
102.000,distance_traveled_m,1.6374798508578617e-17
102.000,route_deviations,0
102.000,investigation_time_s,0.0
102.000,hazard_avoidances,0
102.000,min_hazard_distance_m,12.369316876853498
102.000,collisions,0
102.000,time_below_clearance_s,0.0
102.000,safety_zone_violations,0
102.000,min_ttc_s,-1.0
102.000,avoid_success,0
102.000,avoid_timeout,0
102.000,q_convergence,0.0003468508694915836
102.000,update_residual,3.468508694915837e-05
103.000,anomalies_detected,0
103.000,anomalies_unique,0
103.000,investigation_timeouts,0
103.000,mission_duration_s,58.924
103.000,distance_traveled_m,1.6613531826527202e-17
103.000,route_deviations,0
103.000,investigation_time_s,0.0
103.000,hazard_avoidances,0
103.000,min_hazard_distance_m,12.369316876853498
103.000,collisions,0
103.000,time_below_clearance_s,0.0
103.000,safety_zone_violations,0
103.000,min_ttc_s,-1.0
103.000,avoid_success,0
103.000,avoid_timeout,0
103.000,q_convergence,0.000301431787139071
103.000,update_residual,3.0143178713907096e-05
104.000,anomalies_detected,0
104.000,anomalies_unique,0
104.000,investigation_timeouts,0
104.000,mission_duration_s,59.924
104.000,distance_traveled_m,1.6888280206259988e-17
104.000,route_deviations,0
104.000,investigation_time_s,0.0
104.000,hazard_avoidances,0
104.000,min_hazard_distance_m,12.369316876853498
104.000,collisions,0
104.000,time_below_clearance_s,0.0
104.000,safety_zone_violations,0
104.000,min_ttc_s,-1.0
104.000,avoid_success,0
104.000,avoid_timeout,0
104.000,q_convergence,0.0002619601975659691
104.000,update_residual,2.6196019756596913e-05
105.000,anomalies_detected,0
105.000,anomalies_unique,0
105.000,investigation_timeouts,0
105.000,mission_duration_s,60.924
105.000,distance_traveled_m,1.7202290868056175e-17
105.000,route_deviations,0
105.000,investigation_time_s,0.0
105.000,hazard_avoidances,0
105.000,min_hazard_distance_m,12.369316876853498
105.000,collisions,0
105.000,time_below_clearance_s,0.0
105.000,safety_zone_violations,0
105.000,min_ttc_s,-1.0
105.000,avoid_success,0
105.000,avoid_timeout,0
105.000,q_convergence,0.00022821544412834186
105.000,update_residual,2.2821544412834184e-05
106.000,anomalies_detected,0
106.000,anomalies_unique,0
106.000,investigation_timeouts,0
106.000,mission_duration_s,61.924
106.000,distance_traveled_m,1.7507216404851888e-17
106.000,route_deviations,0
106.000,investigation_time_s,0.0
106.000,hazard_avoidances,0
106.000,min_hazard_distance_m,12.369316876853498
106.000,collisions,0
106.000,time_below_clearance_s,0.0
106.000,safety_zone_violations,0
106.000,min_ttc_s,-1.0
106.000,avoid_success,0
106.000,avoid_timeout,0
106.000,q_convergence,0.00019884045594333242
106.000,update_residual,1.9884045594333245e-05
107.000,anomalies_detected,0
107.000,anomalies_unique,0
107.000,investigation_timeouts,0
107.000,mission_duration_s,62.924
107.000,distance_traveled_m,1.7826818864942277e-17
107.000,route_deviations,0
107.000,investigation_time_s,0.0
107.000,hazard_avoidances,0
107.000,min_hazard_distance_m,12.369316876853498
107.000,collisions,0
107.000,time_below_clearance_s,0.0
107.000,safety_zone_violations,0
107.000,min_ttc_s,-1.0
107.000,avoid_success,0
107.000,avoid_timeout,0
107.000,q_convergence,0.00017280289387297136
107.000,update_residual,1.7280289387297136e-05
108.000,anomalies_detected,0
108.000,anomalies_unique,0
108.000,investigation_timeouts,0
108.000,mission_duration_s,63.924
108.000,distance_traveled_m,1.8117094594457768e-17
108.000,route_deviations,0
108.000,investigation_time_s,0.0
108.000,hazard_avoidances,0
108.000,min_hazard_distance_m,12.369316876853498
108.000,collisions,0
108.000,time_below_clearance_s,0.0
108.000,safety_zone_violations,0
108.000,min_ttc_s,-1.0
108.000,avoid_success,0
108.000,avoid_timeout,0
108.000,q_convergence,0.00015017487255900415
108.000,update_residual,1.5017487255900418e-05
109.000,anomalies_detected,0
109.000,anomalies_unique,0
109.000,investigation_timeouts,0
109.000,mission_duration_s,64.924
109.000,distance_traveled_m,1.8427623248351142e-17
109.000,route_deviations,0
109.000,investigation_time_s,0.0
109.000,hazard_avoidances,0
109.000,min_hazard_distance_m,12.369316876853498
109.000,collisions,0
109.000,time_below_clearance_s,0.0
109.000,safety_zone_violations,0
109.000,min_ttc_s,-1.0
109.000,avoid_success,0
109.000,avoid_timeout,0
109.000,q_convergence,0.00013082989536712303
109.000,update_residual,1.3082989536712308e-05
110.000,anomalies_detected,0
110.000,anomalies_unique,0
110.000,investigation_timeouts,0
110.000,mission_duration_s,65.924
110.000,distance_traveled_m,1.863524970992708e-17
110.000,route_deviations,0
110.000,investigation_time_s,0.0
110.000,hazard_avoidances,0
110.000,min_hazard_distance_m,12.369316876853498
110.000,collisions,0
110.000,time_below_clearance_s,0.0
110.000,safety_zone_violations,0
110.000,min_ttc_s,-1.0
110.000,avoid_success,0
110.000,avoid_timeout,0
110.000,q_convergence,0.00011398998935036835
110.000,update_residual,1.1398998935036836e-05
111.000,anomalies_detected,0
111.000,anomalies_unique,0
111.000,investigation_timeouts,0
111.000,mission_duration_s,66.924
111.000,distance_traveled_m,1.8879844365880523e-17
111.000,route_deviations,0
111.000,investigation_time_s,0.0
111.000,hazard_avoidances,0
111.000,min_hazard_distance_m,12.369316876853498
111.000,collisions,0
111.000,time_below_clearance_s,0.0
111.000,safety_zone_violations,0
111.000,min_ttc_s,-1.0
111.000,avoid_success,0
111.000,avoid_timeout,0
111.000,q_convergence,9.906334170699844e-05
111.000,update_residual,9.906334170699844e-06
112.000,anomalies_detected,0
112.000,anomalies_unique,0
112.000,investigation_timeouts,0
112.000,mission_duration_s,67.924
112.000,distance_traveled_m,1.9241866013761553e-17
112.000,route_deviations,0
112.000,investigation_time_s,0.0
112.000,hazard_avoidances,0
112.000,min_hazard_distance_m,12.369316876853498
112.000,collisions,0
112.000,time_below_clearance_s,0.0
112.000,safety_zone_violations,0
112.000,min_ttc_s,-1.0
112.000,avoid_success,0
112.000,avoid_timeout,0
112.000,q_convergence,8.60912938590427e-05
112.000,update_residual,8.609129385904268e-06
113.000,anomalies_detected,0
113.000,anomalies_unique,0
113.000,investigation_timeouts,0
113.000,mission_duration_s,68.924
113.000,distance_traveled_m,1.9529164486800125e-17
113.000,route_deviations,0
113.000,investigation_time_s,0.0
113.000,hazard_avoidances,0
113.000,min_hazard_distance_m,12.369316876853498
113.000,collisions,0
113.000,time_below_clearance_s,0.0
113.000,safety_zone_violations,0
113.000,min_ttc_s,-1.0
113.000,avoid_success,0
113.000,avoid_timeout,0
113.000,q_convergence,7.481789681840212e-05
113.000,update_residual,7.481789681840212e-06
114.000,anomalies_detected,0
114.000,anomalies_unique,0
114.000,investigation_timeouts,0
114.000,mission_duration_s,69.924
114.000,distance_traveled_m,1.9890658201195477e-17
114.000,route_deviations,0
114.000,investigation_time_s,0.0
114.000,hazard_avoidances,0
114.000,min_hazard_distance_m,12.369316876853498
114.000,collisions,0
114.000,time_below_clearance_s,0.0
114.000,safety_zone_violations,0
114.000,min_ttc_s,-1.0
114.000,avoid_success,0
114.000,avoid_timeout,0
114.000,q_convergence,6.518012930890727e-05
114.000,update_residual,6.518012930890728e-06
115.000,anomalies_detected,0
115.000,anomalies_unique,0
115.000,investigation_timeouts,0
115.000,mission_duration_s,70.924
115.000,distance_traveled_m,2.0239457547930605e-17
115.000,route_deviations,0
115.000,investigation_time_s,0.0
115.000,hazard_avoidances,0
115.000,min_hazard_distance_m,12.369316876853498
115.000,collisions,0
115.000,time_below_clearance_s,0.0
115.000,safety_zone_violations,0
115.000,min_ttc_s,-1.0
115.000,avoid_success,0
115.000,avoid_timeout,0
115.000,q_convergence,5.67904011920766e-05
115.000,update_residual,5.679040119207661e-06
116.000,anomalies_detected,0
116.000,anomalies_unique,0
116.000,investigation_timeouts,0
116.000,mission_duration_s,71.924
116.000,distance_traveled_m,2.0496933395617055e-17
116.000,route_deviations,0
116.000,investigation_time_s,0.0
116.000,hazard_avoidances,0
116.000,min_hazard_distance_m,12.369316876853498
116.000,collisions,0
116.000,time_below_clearance_s,0.0
116.000,safety_zone_violations,0
116.000,min_ttc_s,-1.0
116.000,avoid_success,0
116.000,avoid_timeout,0
116.000,q_convergence,4.9353868273855585e-05
116.000,update_residual,4.935386827385558e-06
117.000,anomalies_detected,0
117.000,anomalies_unique,0
117.000,investigation_timeouts,0
117.000,mission_duration_s,72.924
117.000,distance_traveled_m,2.0734976630869475e-17
117.000,route_deviations,0
117.000,investigation_time_s,0.0
117.000,hazard_avoidances,0
117.000,min_hazard_distance_m,12.369316876853498
117.000,collisions,0
117.000,time_below_clearance_s,0.0
117.000,safety_zone_violations,0
117.000,min_ttc_s,-1.0
117.000,avoid_success,0
117.000,avoid_timeout,0
117.000,q_convergence,4.2891127065125545e-05
117.000,update_residual,4.289112706512554e-06
118.000,anomalies_detected,0
118.000,anomalies_unique,0
118.000,investigation_timeouts,0
118.000,mission_duration_s,73.924
118.000,distance_traveled_m,2.1012411908104922e-17
118.000,route_deviations,0
118.000,investigation_time_s,0.0
118.000,hazard_avoidances,0
118.000,min_hazard_distance_m,12.369316876853498
118.000,collisions,0
118.000,time_below_clearance_s,0.0
118.000,safety_zone_violations,0
118.000,min_ttc_s,-1.0
118.000,avoid_success,0
118.000,avoid_timeout,0
118.000,q_convergence,3.736604912984586e-05
118.000,update_residual,3.7366049129845873e-06
119.000,anomalies_detected,0
119.000,anomalies_unique,0
119.000,investigation_timeouts,0
119.000,mission_duration_s,74.924
119.000,distance_traveled_m,2.125220594301744e-17
119.000,route_deviations,0
119.000,investigation_time_s,0.0
119.000,hazard_avoidances,0
119.000,min_hazard_distance_m,12.369316876853498
119.000,collisions,0
119.000,time_below_clearance_s,0.0
119.000,safety_zone_violations,0
119.000,min_ttc_s,-1.0
119.000,avoid_success,0
119.000,avoid_timeout,0
119.000,q_convergence,3.255643926384063e-05
119.000,update_residual,3.2556439263840643e-06
120.000,anomalies_detected,0
120.000,anomalies_unique,0
120.000,investigation_timeouts,0
120.000,mission_duration_s,75.924
120.000,distance_traveled_m,2.1505393721143537e-17
120.000,route_deviations,0
120.000,investigation_time_s,0.0
120.000,hazard_avoidances,0
120.000,min_hazard_distance_m,12.369316876853498
120.000,collisions,0
120.000,time_below_clearance_s,0.0
120.000,safety_zone_violations,0
120.000,min_ttc_s,-1.0
120.000,avoid_success,0
120.000,avoid_timeout,0
120.000,q_convergence,2.8293271066078978e-05
120.000,update_residual,2.829327106607898e-06
121.000,anomalies_detected,0
121.000,anomalies_unique,0
121.000,investigation_timeouts,0
121.000,mission_duration_s,76.924
121.000,distance_traveled_m,2.168076066066455e-17
121.000,route_deviations,0
121.000,investigation_time_s,0.0
121.000,hazard_avoidances,0
121.000,min_hazard_distance_m,12.369316876853498
121.000,collisions,0
121.000,time_below_clearance_s,0.0
121.000,safety_zone_violations,0
121.000,min_ttc_s,-1.0
121.000,avoid_success,0
121.000,avoid_timeout,0
121.000,q_convergence,2.4588351973672422e-05
121.000,update_residual,2.458835197367242e-06
122.000,anomalies_detected,0
122.000,anomalies_unique,0
122.000,investigation_timeouts,0
122.000,mission_duration_s,77.924
122.000,distance_traveled_m,2.1966124014938095e-17
122.000,route_deviations,0
122.000,investigation_time_s,0.0
122.000,hazard_avoidances,0
122.000,min_hazard_distance_m,12.369316876853498
122.000,collisions,0
122.000,time_below_clearance_s,0.0
122.000,safety_zone_violations,0
122.000,min_ttc_s,-1.0
122.000,avoid_success,0
122.000,avoid_timeout,0
122.000,q_convergence,2.1368580938485593e-05
122.000,update_residual,2.1368580938485595e-06
123.000,anomalies_detected,0
123.000,anomalies_unique,0
123.000,investigation_timeouts,0
123.000,mission_duration_s,78.924
123.000,distance_traveled_m,2.2233292188277834e-17
123.000,route_deviations,0
123.000,investigation_time_s,0.0
123.000,hazard_avoidances,0
123.000,min_hazard_distance_m,12.369316876853498
123.000,collisions,0
123.000,time_below_clearance_s,0.0
123.000,safety_zone_violations,0
123.000,min_ttc_s,-1.0
123.000,avoid_success,0
123.000,avoid_timeout,0
123.000,q_convergence,1.8615958586802133e-05
123.000,update_residual,1.861595858680213e-06
124.000,anomalies_detected,0
124.000,anomalies_unique,0
124.000,investigation_timeouts,0
124.000,mission_duration_s,79.924
124.000,distance_traveled_m,2.2527762654884952e-17
124.000,route_deviations,0
124.000,investigation_time_s,0.0
124.000,hazard_avoidances,0
124.000,min_hazard_distance_m,12.369316876853498
124.000,collisions,0
124.000,time_below_clearance_s,0.0
124.000,safety_zone_violations,0
124.000,min_ttc_s,-1.0
124.000,avoid_success,0
124.000,avoid_timeout,0
124.000,q_convergence,1.621978612081116e-05
124.000,update_residual,1.6219786120811163e-06
125.000,anomalies_detected,0
125.000,anomalies_unique,0
125.000,investigation_timeouts,0
125.000,mission_duration_s,80.924
125.000,distance_traveled_m,2.27987047977642e-17
125.000,route_deviations,0
125.000,investigation_time_s,0.0
125.000,hazard_avoidances,0
125.000,min_hazard_distance_m,12.369316876853498
125.000,collisions,0
125.000,time_below_clearance_s,0.0
125.000,safety_zone_violations,0
125.000,min_ttc_s,-1.0
125.000,avoid_success,0
125.000,avoid_timeout,0
125.000,q_convergence,1.4095853715241041e-05
125.000,update_residual,1.4095853715241042e-06
126.000,anomalies_detected,0
126.000,anomalies_unique,0
126.000,investigation_timeouts,0
126.000,mission_duration_s,81.924
126.000,distance_traveled_m,2.3040592541513773e-17
126.000,route_deviations,0
126.000,investigation_time_s,0.0
126.000,hazard_avoidances,0
126.000,min_hazard_distance_m,12.369316876853498
126.000,collisions,0
126.000,time_below_clearance_s,0.0
126.000,safety_zone_violations,0
126.000,min_ttc_s,-1.0
126.000,avoid_success,0
126.000,avoid_timeout,0
126.000,q_convergence,1.2250043896473123e-05
126.000,update_residual,1.2250043896473122e-06
127.000,anomalies_detected,0
127.000,anomalies_unique,0
127.000,investigation_timeouts,0
127.000,mission_duration_s,82.924
127.000,distance_traveled_m,2.332308157967581e-17
127.000,route_deviations,0
127.000,investigation_time_s,0.0
127.000,hazard_avoidances,0
127.000,min_hazard_distance_m,12.369316876853498
127.000,collisions,0
127.000,time_below_clearance_s,0.0
127.000,safety_zone_violations,0
127.000,min_ttc_s,-1.0
127.000,avoid_success,0
127.000,avoid_timeout,0
127.000,q_convergence,1.067203809741786e-05
127.000,update_residual,1.067203809741786e-06
128.000,anomalies_detected,0
128.000,anomalies_unique,0
128.000,investigation_timeouts,0
128.000,mission_duration_s,83.924
128.000,distance_traveled_m,2.359916159014004e-17
128.000,route_deviations,0
128.000,investigation_time_s,0.0
128.000,hazard_avoidances,0
128.000,min_hazard_distance_m,12.369316876853498
128.000,collisions,0
128.000,time_below_clearance_s,0.0
128.000,safety_zone_violations,0
128.000,min_ttc_s,-1.0
128.000,avoid_success,0
128.000,avoid_timeout,0
128.000,q_convergence,9.298375617409046e-06
128.000,update_residual,9.298375617409047e-07
129.000,anomalies_detected,0
129.000,anomalies_unique,0
129.000,investigation_timeouts,0
129.000,mission_duration_s,84.924
129.000,distance_traveled_m,2.39031131686165e-17
129.000,route_deviations,0
129.000,investigation_time_s,0.0
129.000,hazard_avoidances,0
129.000,min_hazard_distance_m,12.369316876853498
129.000,collisions,0
129.000,time_below_clearance_s,0.0
129.000,safety_zone_violations,0
129.000,min_ttc_s,-1.0
129.000,avoid_success,0
129.000,avoid_timeout,0
129.000,q_convergence,8.080781184384631e-06
129.000,update_residual,8.080781184384631e-07
130.000,anomalies_detected,0
130.000,anomalies_unique,0
130.000,investigation_timeouts,0
130.000,mission_duration_s,85.924
130.000,distance_traveled_m,2.4130696872236455e-17
130.000,route_deviations,0
130.000,investigation_time_s,0.0
130.000,hazard_avoidances,0
130.000,min_hazard_distance_m,12.369316876853498
130.000,collisions,0
130.000,time_below_clearance_s,0.0
130.000,safety_zone_violations,0
130.000,min_ttc_s,-1.0
130.000,avoid_success,0
130.000,avoid_timeout,0
130.000,q_convergence,7.022627094320301e-06
130.000,update_residual,7.022627094320303e-07
131.000,anomalies_detected,0
131.000,anomalies_unique,0
131.000,investigation_timeouts,0
131.000,mission_duration_s,86.924
131.000,distance_traveled_m,2.4402807387536094e-17
131.000,route_deviations,0
131.000,investigation_time_s,0.0
131.000,hazard_avoidances,0
131.000,min_hazard_distance_m,12.369316876853498
131.000,collisions,0
131.000,time_below_clearance_s,0.0
131.000,safety_zone_violations,0
131.000,min_ttc_s,-1.0
131.000,avoid_success,0
131.000,avoid_timeout,0
131.000,q_convergence,6.103035112836608e-06
131.000,update_residual,6.103035112836608e-07
132.000,anomalies_detected,0
132.000,anomalies_unique,0
132.000,investigation_timeouts,0
132.000,mission_duration_s,87.924
132.000,distance_traveled_m,2.4716608661161793e-17
132.000,route_deviations,0
132.000,investigation_time_s,0.0
132.000,hazard_avoidances,0
132.000,min_hazard_distance_m,12.369316876853498
132.000,collisions,0
132.000,time_below_clearance_s,0.0
132.000,safety_zone_violations,0
132.000,min_ttc_s,-1.0
132.000,avoid_success,0
132.000,avoid_timeout,0
132.000,q_convergence,5.316864476788573e-06
132.000,update_residual,5.316864476788573e-07
133.000,anomalies_detected,0
133.000,anomalies_unique,0
133.000,investigation_timeouts,0
133.000,mission_duration_s,88.924
133.000,distance_traveled_m,2.5009467033534402e-17
133.000,route_deviations,0
133.000,investigation_time_s,0.0
133.000,hazard_avoidances,0
133.000,min_hazard_distance_m,12.369316876853498
133.000,collisions,0
133.000,time_below_clearance_s,0.0
133.000,safety_zone_violations,0
133.000,min_ttc_s,-1.0
133.000,avoid_success,0
133.000,avoid_timeout,0
133.000,q_convergence,4.632498737373274e-06
133.000,update_residual,4.6324987373732755e-07
134.000,anomalies_detected,0
134.000,anomalies_unique,0
134.000,investigation_timeouts,0
134.000,mission_duration_s,89.924
134.000,distance_traveled_m,2.531352204593814e-17
134.000,route_deviations,0
134.000,investigation_time_s,0.0
134.000,hazard_avoidances,0
134.000,min_hazard_distance_m,12.369316876853498
134.000,collisions,0
134.000,time_below_clearance_s,0.0
134.000,safety_zone_violations,0
134.000,min_ttc_s,-1.0
134.000,avoid_success,0
134.000,avoid_timeout,0
134.000,q_convergence,4.025886904481167e-06
134.000,update_residual,4.025886904481166e-07
135.000,anomalies_detected,0
135.000,anomalies_unique,0
135.000,investigation_timeouts,0
135.000,mission_duration_s,90.924
135.000,distance_traveled_m,2.556316879310887e-17
135.000,route_deviations,0
135.000,investigation_time_s,0.0
135.000,hazard_avoidances,0
135.000,min_hazard_distance_m,12.369316876853498
135.000,collisions,0
135.000,time_below_clearance_s,0.0
135.000,safety_zone_violations,0
135.000,min_ttc_s,-1.0
135.000,avoid_success,0
135.000,avoid_timeout,0
135.000,q_convergence,3.4987090743296027e-06
135.000,update_residual,3.4987090743296037e-07
136.000,anomalies_detected,0
136.000,anomalies_unique,0
136.000,investigation_timeouts,0
136.000,mission_duration_s,91.924
136.000,distance_traveled_m,2.5840448539386523e-17
136.000,route_deviations,0
136.000,investigation_time_s,0.0
136.000,hazard_avoidances,0
136.000,min_hazard_distance_m,12.369316876853498
136.000,collisions,0
136.000,time_below_clearance_s,0.0
136.000,safety_zone_violations,0
136.000,min_ttc_s,-1.0
136.000,avoid_success,0
136.000,avoid_timeout,0
136.000,q_convergence,3.048018182475424e-06
136.000,update_residual,3.0480181824754237e-07
137.000,anomalies_detected,0
137.000,anomalies_unique,0
137.000,investigation_timeouts,0
137.000,mission_duration_s,92.924
137.000,distance_traveled_m,2.616892279185091e-17
137.000,route_deviations,0
137.000,investigation_time_s,0.0
137.000,hazard_avoidances,0
137.000,min_hazard_distance_m,12.369316876853498
137.000,collisions,0
137.000,time_below_clearance_s,0.0
137.000,safety_zone_violations,0
137.000,min_ttc_s,-1.0
137.000,avoid_success,0
137.000,avoid_timeout,0
137.000,q_convergence,2.655689352997521e-06
137.000,update_residual,2.6556893529975206e-07
138.000,anomalies_detected,0
138.000,anomalies_unique,0
138.000,investigation_timeouts,0
138.000,mission_duration_s,93.924
138.000,distance_traveled_m,2.6461924246274652e-17
138.000,route_deviations,0
138.000,investigation_time_s,0.0
138.000,hazard_avoidances,0
138.000,min_hazard_distance_m,12.369316876853498
138.000,collisions,0
138.000,time_below_clearance_s,0.0
138.000,safety_zone_violations,0
138.000,min_ttc_s,-1.0
138.000,avoid_success,0
138.000,avoid_timeout,0
138.000,q_convergence,2.3079347870285412e-06
138.000,update_residual,2.3079347870285408e-07
139.000,anomalies_detected,0
139.000,anomalies_unique,0
139.000,investigation_timeouts,0
139.000,mission_duration_s,94.924
139.000,distance_traveled_m,2.672178713122157e-17
139.000,route_deviations,0
139.000,investigation_time_s,0.0
139.000,hazard_avoidances,0
139.000,min_hazard_distance_m,12.369316876853498
139.000,collisions,0
139.000,time_below_clearance_s,0.0
139.000,safety_zone_violations,0
139.000,min_ttc_s,-1.0
139.000,avoid_success,0
139.000,avoid_timeout,0
139.000,q_convergence,2.005717640355239e-06
139.000,update_residual,2.0057176403552397e-07
140.000,anomalies_detected,0
140.000,anomalies_unique,0
140.000,investigation_timeouts,0
140.000,mission_duration_s,95.924
140.000,distance_traveled_m,2.70273426088668e-17
140.000,route_deviations,0
140.000,investigation_time_s,0.0
140.000,hazard_avoidances,0
140.000,min_hazard_distance_m,12.369316876853498
140.000,collisions,0
140.000,time_below_clearance_s,0.0
140.000,safety_zone_violations,0
140.000,min_ttc_s,-1.0
140.000,avoid_success,0
140.000,avoid_timeout,0
140.000,q_convergence,1.7430749237641002e-06
140.000,update_residual,1.7430749237641002e-07
141.000,anomalies_detected,0
141.000,anomalies_unique,0
141.000,investigation_timeouts,0
141.000,mission_duration_s,96.924
141.000,distance_traveled_m,2.7248485975518092e-17
141.000,route_deviations,0
141.000,investigation_time_s,0.0
141.000,hazard_avoidances,0
141.000,min_hazard_distance_m,12.369316876853498
141.000,collisions,0
141.000,time_below_clearance_s,0.0
141.000,safety_zone_violations,0
141.000,min_ttc_s,-1.0
141.000,avoid_success,0
141.000,avoid_timeout,0
141.000,q_convergence,1.5185383946177186e-06
141.000,update_residual,1.5185383946177185e-07
142.000,anomalies_detected,0
142.000,anomalies_unique,0
142.000,investigation_timeouts,0
142.000,mission_duration_s,97.924
142.000,distance_traveled_m,2.7573271924950746e-17
142.000,route_deviations,0
142.000,investigation_time_s,0.0
142.000,hazard_avoidances,0
142.000,min_hazard_distance_m,12.369316876853498
142.000,collisions,0
142.000,time_below_clearance_s,0.0
142.000,safety_zone_violations,0
142.000,min_ttc_s,-1.0
142.000,avoid_success,0
142.000,avoid_timeout,0
142.000,q_convergence,1.3230781462171746e-06
142.000,update_residual,1.3230781462171745e-07
143.000,anomalies_detected,0
143.000,anomalies_unique,0
143.000,investigation_timeouts,0
143.000,mission_duration_s,98.924
143.000,distance_traveled_m,2.78921129499392e-17
143.000,route_deviations,0
143.000,investigation_time_s,0.0
143.000,hazard_avoidances,0
143.000,min_hazard_distance_m,12.369316876853498
143.000,collisions,0
143.000,time_below_clearance_s,0.0
143.000,safety_zone_violations,0
143.000,min_ttc_s,-1.0
143.000,avoid_success,0
143.000,avoid_timeout,0
143.000,q_convergence,1.1498250255418237e-06
143.000,update_residual,1.1498250255418237e-07
144.000,anomalies_detected,0
144.000,anomalies_unique,0
144.000,investigation_timeouts,0
144.000,mission_duration_s,99.924
144.000,distance_traveled_m,2.816564635402513e-17
144.000,route_deviations,0
144.000,investigation_time_s,0.0
144.000,hazard_avoidances,0
144.000,min_hazard_distance_m,12.369316876853498
144.000,collisions,0
144.000,time_below_clearance_s,0.0
144.000,safety_zone_violations,0
144.000,min_ttc_s,-1.0
144.000,avoid_success,0
144.000,avoid_timeout,0
144.000,q_convergence,9.992588826232155e-07
144.000,update_residual,9.992588826232156e-08
145.000,anomalies_detected,0
145.000,anomalies_unique,0
145.000,investigation_timeouts,0
145.000,mission_duration_s,100.924
145.000,distance_traveled_m,2.8414665049775496e-17
145.000,route_deviations,0
145.000,investigation_time_s,0.0
145.000,hazard_avoidances,0
145.000,min_hazard_distance_m,12.369316876853498
145.000,collisions,0
145.000,time_below_clearance_s,0.0
145.000,safety_zone_violations,0
145.000,min_ttc_s,-1.0
145.000,avoid_success,0
145.000,avoid_timeout,0
145.000,q_convergence,8.705380125733157e-07
145.000,update_residual,8.705380125733157e-08
146.000,anomalies_detected,0
146.000,anomalies_unique,0
146.000,investigation_timeouts,0
146.000,mission_duration_s,101.924
146.000,distance_traveled_m,2.865443280958666e-17
146.000,route_deviations,0
146.000,investigation_time_s,0.0
146.000,hazard_avoidances,0
146.000,min_hazard_distance_m,12.369316876853498
146.000,collisions,0
146.000,time_below_clearance_s,0.0
146.000,safety_zone_violations,0
146.000,min_ttc_s,-1.0
146.000,avoid_success,0
146.000,avoid_timeout,0
146.000,q_convergence,7.584858073680525e-07
146.000,update_residual,7.584858073680529e-08
147.000,anomalies_detected,0
147.000,anomalies_unique,0
147.000,investigation_timeouts,0
147.000,mission_duration_s,102.924
147.000,distance_traveled_m,2.8983285955200244e-17
147.000,route_deviations,0
147.000,investigation_time_s,0.0
147.000,hazard_avoidances,0
147.000,min_hazard_distance_m,12.369316876853498
147.000,collisions,0
147.000,time_below_clearance_s,0.0
147.000,safety_zone_violations,0
147.000,min_ttc_s,-1.0
147.000,avoid_success,0
147.000,avoid_timeout,0
147.000,q_convergence,6.591643624582437e-07
147.000,update_residual,6.591643624582438e-08
148.000,anomalies_detected,0
148.000,anomalies_unique,0
148.000,investigation_timeouts,0
148.000,mission_duration_s,103.924
148.000,distance_traveled_m,2.923595844504116e-17
148.000,route_deviations,0
148.000,investigation_time_s,0.0
148.000,hazard_avoidances,0
148.000,min_hazard_distance_m,12.369316876853498
148.000,collisions,0
148.000,time_below_clearance_s,0.0
148.000,safety_zone_violations,0
148.000,min_ttc_s,-1.0
148.000,avoid_success,0
148.000,avoid_timeout,0
148.000,q_convergence,5.728487638531224e-07
148.000,update_residual,5.728487638531223e-08
149.000,anomalies_detected,0
149.000,anomalies_unique,0
149.000,investigation_timeouts,0
149.000,mission_duration_s,104.924
149.000,distance_traveled_m,2.9439536551413325e-17
149.000,route_deviations,0
149.000,investigation_time_s,0.0
149.000,hazard_avoidances,0
149.000,min_hazard_distance_m,12.369316876853498
149.000,collisions,0
149.000,time_below_clearance_s,0.0
149.000,safety_zone_violations,0
149.000,min_ttc_s,-1.0
149.000,avoid_success,0
149.000,avoid_timeout,0
149.000,q_convergence,4.978359342544536e-07
149.000,update_residual,4.978359342544536e-08
150.000,anomalies_detected,0
150.000,anomalies_unique,0
150.000,investigation_timeouts,0
150.000,mission_duration_s,105.924
150.000,distance_traveled_m,2.965624062470177e-17
150.000,route_deviations,0
150.000,investigation_time_s,0.0
150.000,hazard_avoidances,0
150.000,min_hazard_distance_m,12.369316876853498
150.000,collisions,0
150.000,time_below_clearance_s,0.0
150.000,safety_zone_violations,0
150.000,min_ttc_s,-1.0
150.000,avoid_success,0
150.000,avoid_timeout,0
150.000,q_convergence,4.337065318898786e-07
150.000,update_residual,4.337065318898786e-08
151.000,anomalies_detected,0
151.000,anomalies_unique,0
151.000,investigation_timeouts,0
151.000,mission_duration_s,106.924
151.000,distance_traveled_m,2.995447691586586e-17
151.000,route_deviations,0
151.000,investigation_time_s,0.0
151.000,hazard_avoidances,0
151.000,min_hazard_distance_m,12.369316876853498
151.000,collisions,0
151.000,time_below_clearance_s,0.0
151.000,safety_zone_violations,0
151.000,min_ttc_s,-1.0
151.000,avoid_success,0
151.000,avoid_timeout,0
151.000,q_convergence,3.7788154459507594e-07
151.000,update_residual,3.77881544595076e-08
152.000,anomalies_detected,0
152.000,anomalies_unique,0
152.000,investigation_timeouts,0
152.000,mission_duration_s,107.924
152.000,distance_traveled_m,3.0301763293522873e-17
152.000,route_deviations,0
152.000,investigation_time_s,0.0
152.000,hazard_avoidances,0
152.000,min_hazard_distance_m,12.369316876853498
152.000,collisions,0
152.000,time_below_clearance_s,0.0
152.000,safety_zone_violations,0
152.000,min_ttc_s,-1.0
152.000,avoid_success,0
152.000,avoid_timeout,0
152.000,q_convergence,3.2839908849423084e-07
152.000,update_residual,3.283990884942308e-08
153.000,anomalies_detected,0
153.000,anomalies_unique,0
153.000,investigation_timeouts,0
153.000,mission_duration_s,108.924
153.000,distance_traveled_m,3.0577798872917543e-17
153.000,route_deviations,0
153.000,investigation_time_s,0.0
153.000,hazard_avoidances,0
153.000,min_hazard_distance_m,12.369316876853498
153.000,collisions,0
153.000,time_below_clearance_s,0.0
153.000,safety_zone_violations,0
153.000,min_ttc_s,-1.0
153.000,avoid_success,0
153.000,avoid_timeout,0
153.000,q_convergence,2.8539621155232453e-07
153.000,update_residual,2.8539621155232457e-08
154.000,anomalies_detected,0
154.000,anomalies_unique,0
154.000,investigation_timeouts,0
154.000,mission_duration_s,109.924
154.000,distance_traveled_m,3.0884475393550285e-17
154.000,route_deviations,0
154.000,investigation_time_s,0.0
154.000,hazard_avoidances,0
154.000,min_hazard_distance_m,12.369316876853498
154.000,collisions,0
154.000,time_below_clearance_s,0.0
154.000,safety_zone_violations,0
154.000,min_ttc_s,-1.0
154.000,avoid_success,0
154.000,avoid_timeout,0
154.000,q_convergence,2.4863251671494826e-07
154.000,update_residual,2.486325167149483e-08
155.000,anomalies_detected,0
155.000,anomalies_unique,0
155.000,investigation_timeouts,0
155.000,mission_duration_s,110.924
155.000,distance_traveled_m,3.117048279355682e-17
155.000,route_deviations,0
155.000,investigation_time_s,0.0
155.000,hazard_avoidances,0
155.000,min_hazard_distance_m,12.369316876853498
155.000,collisions,0
155.000,time_below_clearance_s,0.0
155.000,safety_zone_violations,0
155.000,min_ttc_s,-1.0
155.000,avoid_success,0
155.000,avoid_timeout,0
155.000,q_convergence,2.1662952384307994e-07
155.000,update_residual,2.1662952384307998e-08
156.000,anomalies_detected,0
156.000,anomalies_unique,0
156.000,investigation_timeouts,0
156.000,mission_duration_s,111.924
156.000,distance_traveled_m,3.142336133941976e-17
156.000,route_deviations,0
156.000,investigation_time_s,0.0
156.000,hazard_avoidances,0
156.000,min_hazard_distance_m,12.369316876853498
156.000,collisions,0
156.000,time_below_clearance_s,0.0
156.000,safety_zone_violations,0
156.000,min_ttc_s,-1.0
156.000,avoid_success,0
156.000,avoid_timeout,0
156.000,q_convergence,1.8826253698835315e-07
156.000,update_residual,1.8826253698835316e-08
157.000,anomalies_detected,0
157.000,anomalies_unique,0
157.000,investigation_timeouts,0
157.000,mission_duration_s,112.924
157.000,distance_traveled_m,3.1601774696279516e-17
157.000,route_deviations,0
157.000,investigation_time_s,0.0
157.000,hazard_avoidances,0
157.000,min_hazard_distance_m,12.369316876853498
157.000,collisions,0
157.000,time_below_clearance_s,0.0
157.000,safety_zone_violations,0
157.000,min_ttc_s,-1.0
157.000,avoid_success,0
157.000,avoid_timeout,0
157.000,q_convergence,1.636101215142714e-07
157.000,update_residual,1.6361012151427144e-08
158.000,anomalies_detected,0
158.000,anomalies_unique,0
158.000,investigation_timeouts,0
158.000,mission_duration_s,113.924
158.000,distance_traveled_m,3.1914902533411084e-17
158.000,route_deviations,0
158.000,investigation_time_s,0.0
158.000,hazard_avoidances,0
158.000,min_hazard_distance_m,12.369316876853498
158.000,collisions,0
158.000,time_below_clearance_s,0.0
158.000,safety_zone_violations,0
158.000,min_ttc_s,-1.0
158.000,avoid_success,0
158.000,avoid_timeout,0
158.000,q_convergence,1.421858661286381e-07
158.000,update_residual,1.4218586612863804e-08
159.000,anomalies_detected,0
159.000,anomalies_unique,0
159.000,investigation_timeouts,0
159.000,mission_duration_s,114.924
159.000,distance_traveled_m,3.2184979555229526e-17
159.000,route_deviations,0
159.000,investigation_time_s,0.0
159.000,hazard_avoidances,0
159.000,min_hazard_distance_m,12.369316876853498
159.000,collisions,0
159.000,time_below_clearance_s,0.0
159.000,safety_zone_violations,0
159.000,min_ttc_s,-1.0
159.000,avoid_success,0
159.000,avoid_timeout,0
159.000,q_convergence,1.2387000343968188e-07
159.000,update_residual,1.2387000343968187e-08
160.000,anomalies_detected,0
160.000,anomalies_unique,0
160.000,investigation_timeouts,0
160.000,mission_duration_s,115.924
160.000,distance_traveled_m,3.2475511764049284e-17
160.000,route_deviations,0
160.000,investigation_time_s,0.0
160.000,hazard_avoidances,0
160.000,min_hazard_distance_m,12.369316876853498
160.000,collisions,0
160.000,time_below_clearance_s,0.0
160.000,safety_zone_violations,0
160.000,min_ttc_s,-1.0
160.000,avoid_success,0
160.000,avoid_timeout,0
160.000,q_convergence,1.0792594754402021e-07
160.000,update_residual,1.079259475440202e-08
161.000,anomalies_detected,0
161.000,anomalies_unique,0
161.000,investigation_timeouts,0
161.000,mission_duration_s,116.924
161.000,distance_traveled_m,3.2707930180829866e-17
161.000,route_deviations,0
161.000,investigation_time_s,0.0
161.000,hazard_avoidances,0
161.000,min_hazard_distance_m,12.369316876853498
161.000,collisions,0
161.000,time_below_clearance_s,0.0
161.000,safety_zone_violations,0
161.000,min_ttc_s,-1.0
161.000,avoid_success,0
161.000,avoid_timeout,0
161.000,q_convergence,9.379336735853322e-08
161.000,update_residual,9.379336735853322e-09
162.000,anomalies_detected,0
162.000,anomalies_unique,0
162.000,investigation_timeouts,0
162.000,mission_duration_s,117.924
162.000,distance_traveled_m,3.299920246992082e-17
162.000,route_deviations,0
162.000,investigation_time_s,0.0
162.000,hazard_avoidances,0
162.000,min_hazard_distance_m,12.369316876853498
162.000,collisions,0
162.000,time_below_clearance_s,0.0
162.000,safety_zone_violations,0
162.000,min_ttc_s,-1.0
162.000,avoid_success,0
162.000,avoid_timeout,0
162.000,q_convergence,8.151140689400499e-08
162.000,update_residual,8.151140689400498e-09
163.000,anomalies_detected,0
163.000,anomalies_unique,0
163.000,investigation_timeouts,0
163.000,mission_duration_s,118.924
163.000,distance_traveled_m,3.3286923998182895e-17
163.000,route_deviations,0
163.000,investigation_time_s,0.0
163.000,hazard_avoidances,0
163.000,min_hazard_distance_m,12.369316876853498
163.000,collisions,0
163.000,time_below_clearance_s,0.0
163.000,safety_zone_violations,0
163.000,min_ttc_s,-1.0
163.000,avoid_success,0
163.000,avoid_timeout,0
163.000,q_convergence,7.101140587485167e-08
163.000,update_residual,7.101140587485167e-09
164.000,anomalies_detected,0
164.000,anomalies_unique,0
164.000,investigation_timeouts,0
164.000,mission_duration_s,119.924
164.000,distance_traveled_m,3.3563908159869706e-17
164.000,route_deviations,0
164.000,investigation_time_s,0.0
164.000,hazard_avoidances,0
164.000,min_hazard_distance_m,12.369316876853498
164.000,collisions,0
164.000,time_below_clearance_s,0.0
164.000,safety_zone_violations,0
164.000,min_ttc_s,-1.0
164.000,avoid_success,0
164.000,avoid_timeout,0
164.000,q_convergence,6.187109922807719e-08
164.000,update_residual,6.18710992280772e-09
165.000,anomalies_detected,0
165.000,anomalies_unique,0
165.000,investigation_timeouts,0
165.000,mission_duration_s,120.924
165.000,distance_traveled_m,3.3849768502672967e-17
165.000,route_deviations,0
165.000,investigation_time_s,0.0
165.000,hazard_avoidances,0
165.000,min_hazard_distance_m,12.369316876853498
165.000,collisions,0
165.000,time_below_clearance_s,0.0
165.000,safety_zone_violations,0
165.000,min_ttc_s,-1.0
165.000,avoid_success,0
165.000,avoid_timeout,0
165.000,q_convergence,5.376926408879561e-08
165.000,update_residual,5.376926408879562e-09
166.000,anomalies_detected,0
166.000,anomalies_unique,0
166.000,investigation_timeouts,0
166.000,mission_duration_s,121.924
166.000,distance_traveled_m,3.413493723201125e-17
166.000,route_deviations,0
166.000,investigation_time_s,0.0
166.000,hazard_avoidances,0
166.000,min_hazard_distance_m,12.369316876853498
166.000,collisions,0
166.000,time_below_clearance_s,0.0
166.000,safety_zone_violations,0
166.000,min_ttc_s,-1.0
166.000,avoid_success,0
166.000,avoid_timeout,0
166.000,q_convergence,4.672834005451218e-08
166.000,update_residual,4.672834005451218e-09
167.000,anomalies_detected,0
167.000,anomalies_unique,0
167.000,investigation_timeouts,0
167.000,mission_duration_s,122.924
167.000,distance_traveled_m,3.446176431988342e-17
167.000,route_deviations,0
167.000,investigation_time_s,0.0
167.000,hazard_avoidances,0
167.000,min_hazard_distance_m,12.369316876853498
167.000,collisions,0
167.000,time_below_clearance_s,0.0
167.000,safety_zone_violations,0
167.000,min_ttc_s,-1.0
167.000,avoid_success,0
167.000,avoid_timeout,0
167.000,q_convergence,4.060940383965317e-08
167.000,update_residual,4.060940383965316e-09
168.000,anomalies_detected,0
168.000,anomalies_unique,0
168.000,investigation_timeouts,0
168.000,mission_duration_s,123.924
168.000,distance_traveled_m,3.478139535486345e-17
168.000,route_deviations,0
168.000,investigation_time_s,0.0
168.000,hazard_avoidances,0
168.000,min_hazard_distance_m,12.369316876853498
168.000,collisions,0
168.000,time_below_clearance_s,0.0
168.000,safety_zone_violations,0
168.000,min_ttc_s,-1.0
168.000,avoid_success,0
168.000,avoid_timeout,0
168.000,q_convergence,3.537824966315384e-08
168.000,update_residual,3.5378249663153836e-09
169.000,anomalies_detected,0
169.000,anomalies_unique,0
169.000,investigation_timeouts,0
169.000,mission_duration_s,124.924
169.000,distance_traveled_m,3.518201677129836e-17
169.000,route_deviations,0
169.000,investigation_time_s,0.0
169.000,hazard_avoidances,0
169.000,min_hazard_distance_m,12.369316876853498
169.000,collisions,0
169.000,time_below_clearance_s,0.0
169.000,safety_zone_violations,0
169.000,min_ttc_s,-1.0
169.000,avoid_success,0
169.000,avoid_timeout,0
169.000,q_convergence,3.0824501681284544e-08
169.000,update_residual,3.0824501681284546e-09
170.000,anomalies_detected,0
170.000,anomalies_unique,0
170.000,investigation_timeouts,0
170.000,mission_duration_s,125.924
170.000,distance_traveled_m,3.554566081116629e-17
170.000,route_deviations,0
170.000,investigation_time_s,0.0
170.000,hazard_avoidances,0
170.000,min_hazard_distance_m,12.369316876853498
170.000,collisions,0
170.000,time_below_clearance_s,0.0
170.000,safety_zone_violations,0
170.000,min_ttc_s,-1.0
170.000,avoid_success,0
170.000,avoid_timeout,0
170.000,q_convergence,2.678812524184845e-08
170.000,update_residual,2.6788125241848447e-09
171.000,anomalies_detected,0
171.000,anomalies_unique,0
171.000,investigation_timeouts,0
171.000,mission_duration_s,126.924
171.000,distance_traveled_m,3.577369380229804e-17
171.000,route_deviations,0
171.000,investigation_time_s,0.0
171.000,hazard_avoidances,0
171.000,min_hazard_distance_m,12.369316876853498
171.000,collisions,0
171.000,time_below_clearance_s,0.0
171.000,safety_zone_violations,0
171.000,min_ttc_s,-1.0
171.000,avoid_success,0
171.000,avoid_timeout,0
171.000,q_convergence,2.3280300100379592e-08
171.000,update_residual,2.328030010037959e-09
172.000,anomalies_detected,0
172.000,anomalies_unique,0
172.000,investigation_timeouts,0
172.000,mission_duration_s,127.924
172.000,distance_traveled_m,3.5969332482940284e-17
172.000,route_deviations,0
172.000,investigation_time_s,0.0
172.000,hazard_avoidances,0
172.000,min_hazard_distance_m,12.369316876853498
172.000,collisions,0
172.000,time_below_clearance_s,0.0
172.000,safety_zone_violations,0
172.000,min_ttc_s,-1.0
172.000,avoid_success,0
172.000,avoid_timeout,0
172.000,q_convergence,2.0281417105420756e-08
172.000,update_residual,2.0281417105420754e-09
173.000,anomalies_detected,0
173.000,anomalies_unique,0
173.000,investigation_timeouts,0
173.000,mission_duration_s,128.924
173.000,distance_traveled_m,3.628039717652778e-17
173.000,route_deviations,0
173.000,investigation_time_s,0.0
173.000,hazard_avoidances,0
173.000,min_hazard_distance_m,12.369316876853498
173.000,collisions,0
173.000,time_below_clearance_s,0.0
173.000,safety_zone_violations,0
173.000,min_ttc_s,-1.0
173.000,avoid_success,0
173.000,avoid_timeout,0
173.000,q_convergence,1.7670873272582606e-08
173.000,update_residual,1.7670873272582607e-09
174.000,anomalies_detected,0
174.000,anomalies_unique,0
174.000,investigation_timeouts,0
174.000,mission_duration_s,129.924
174.000,distance_traveled_m,3.654064626677126e-17
174.000,route_deviations,0
174.000,investigation_time_s,0.0
174.000,hazard_avoidances,0
174.000,min_hazard_distance_m,12.369316876853498
174.000,collisions,0
174.000,time_below_clearance_s,0.0
174.000,safety_zone_violations,0
174.000,min_ttc_s,-1.0
174.000,avoid_success,0
174.000,avoid_timeout,0
174.000,q_convergence,1.5356925635907307e-08
174.000,update_residual,1.535692563590731e-09
175.000,anomalies_detected,0
175.000,anomalies_unique,0
175.000,investigation_timeouts,0
175.000,mission_duration_s,130.924
175.000,distance_traveled_m,3.6802242787380565e-17
175.000,route_deviations,0
175.000,investigation_time_s,0.0
175.000,hazard_avoidances,0
175.000,min_hazard_distance_m,12.369316876853498
175.000,collisions,0
175.000,time_below_clearance_s,0.0
175.000,safety_zone_violations,0
175.000,min_ttc_s,-1.0
175.000,avoid_success,0
175.000,avoid_timeout,0
175.000,q_convergence,1.334598209723481e-08
175.000,update_residual,1.3345982097234812e-09
176.000,anomalies_detected,0
176.000,anomalies_unique,0
176.000,investigation_timeouts,0
176.000,mission_duration_s,131.924
176.000,distance_traveled_m,3.710065420334321e-17
176.000,route_deviations,0
176.000,investigation_time_s,0.0
176.000,hazard_avoidances,0
176.000,min_hazard_distance_m,12.369316876853498
176.000,collisions,0
176.000,time_below_clearance_s,0.0
176.000,safety_zone_violations,0
176.000,min_ttc_s,-1.0
176.000,avoid_success,0
176.000,avoid_timeout,0
176.000,q_convergence,1.1598365823317636e-08
176.000,update_residual,1.1598365823317633e-09
177.000,anomalies_detected,0
177.000,anomalies_unique,0
177.000,investigation_timeouts,0
177.000,mission_duration_s,132.924
177.000,distance_traveled_m,3.7395755011465454e-17
177.000,route_deviations,0
177.000,investigation_time_s,0.0
177.000,hazard_avoidances,0
177.000,min_hazard_distance_m,12.369316876853498
177.000,collisions,0
177.000,time_below_clearance_s,0.0
177.000,safety_zone_violations,0
177.000,min_ttc_s,-1.0
177.000,avoid_success,0
177.000,avoid_timeout,0
177.000,q_convergence,1.0104306790447448e-08
177.000,update_residual,1.0104306790447447e-09
178.000,anomalies_detected,0
178.000,anomalies_unique,0
178.000,investigation_timeouts,0
178.000,mission_duration_s,133.924
178.000,distance_traveled_m,3.762289749339238e-17
178.000,route_deviations,0
178.000,investigation_time_s,0.0
178.000,hazard_avoidances,0
178.000,min_hazard_distance_m,12.369316876853498
178.000,collisions,0
178.000,time_below_clearance_s,0.0
178.000,safety_zone_violations,0
178.000,min_ttc_s,-1.0
178.000,avoid_success,0
178.000,avoid_timeout,0
178.000,q_convergence,8.803720292454337e-09
178.000,update_residual,8.803720292454338e-10
179.000,anomalies_detected,0
179.000,anomalies_unique,0
179.000,investigation_timeouts,0
179.000,mission_duration_s,134.924
179.000,distance_traveled_m,3.7959613222565035e-17
179.000,route_deviations,0
179.000,investigation_time_s,0.0
179.000,hazard_avoidances,0
179.000,min_hazard_distance_m,12.369316876853498
179.000,collisions,0
179.000,time_below_clearance_s,0.0
179.000,safety_zone_violations,0
179.000,min_ttc_s,-1.0
179.000,avoid_success,0
179.000,avoid_timeout,0
179.000,q_convergence,7.65089908887668e-09
179.000,update_residual,7.65089908887668e-10
180.000,anomalies_detected,0
180.000,anomalies_unique,0
180.000,investigation_timeouts,0
180.000,mission_duration_s,135.924
180.000,distance_traveled_m,3.8223631085004215e-17
180.000,route_deviations,0
180.000,investigation_time_s,0.0
180.000,hazard_avoidances,0
180.000,min_hazard_distance_m,12.369316876853498
180.000,collisions,0
180.000,time_below_clearance_s,0.0
180.000,safety_zone_violations,0
180.000,min_ttc_s,-1.0
180.000,avoid_success,0
180.000,avoid_timeout,0
180.000,q_convergence,6.649037130403355e-09
180.000,update_residual,6.649037130403356e-10
181.000,anomalies_detected,0
181.000,anomalies_unique,0
181.000,investigation_timeouts,0
181.000,mission_duration_s,136.924
181.000,distance_traveled_m,3.8500260493644786e-17
181.000,route_deviations,0
181.000,investigation_time_s,0.0
181.000,hazard_avoidances,0
181.000,min_hazard_distance_m,12.369316876853498
181.000,collisions,0
181.000,time_below_clearance_s,0.0
181.000,safety_zone_violations,0
181.000,min_ttc_s,-1.0
181.000,avoid_success,0
181.000,avoid_timeout,0
181.000,q_convergence,5.792532544159325e-09
181.000,update_residual,5.792532544159326e-10
182.000,anomalies_detected,0
182.000,anomalies_unique,0
182.000,investigation_timeouts,0
182.000,mission_duration_s,137.924
182.000,distance_traveled_m,3.885386388969674e-17
182.000,route_deviations,0
182.000,investigation_time_s,0.0
182.000,hazard_avoidances,0
182.000,min_hazard_distance_m,12.369316876853498
182.000,collisions,0
182.000,time_below_clearance_s,0.0
182.000,safety_zone_violations,0
182.000,min_ttc_s,-1.0
182.000,avoid_success,0
182.000,avoid_timeout,0
182.000,q_convergence,5.046940389417744e-09
182.000,update_residual,5.046940389417746e-10
183.000,anomalies_detected,0
183.000,anomalies_unique,0
183.000,investigation_timeouts,0
183.000,mission_duration_s,138.924
183.000,distance_traveled_m,3.9152927850996285e-17
183.000,route_deviations,0
183.000,investigation_time_s,0.0
183.000,hazard_avoidances,0
183.000,min_hazard_distance_m,12.369316876853498
183.000,collisions,0
183.000,time_below_clearance_s,0.0
183.000,safety_zone_violations,0
183.000,min_ttc_s,-1.0
183.000,avoid_success,0
183.000,avoid_timeout,0
183.000,q_convergence,4.386057485459917e-09
183.000,update_residual,4.386057485459918e-10
184.000,anomalies_detected,0
184.000,anomalies_unique,0
184.000,investigation_timeouts,0
184.000,mission_duration_s,139.924
184.000,distance_traveled_m,3.945787183698927e-17
184.000,route_deviations,0
184.000,investigation_time_s,0.0
184.000,hazard_avoidances,0
184.000,min_hazard_distance_m,12.369316876853498
184.000,collisions,0
184.000,time_below_clearance_s,0.0
184.000,safety_zone_violations,0
184.000,min_ttc_s,-1.0
184.000,avoid_success,0
184.000,avoid_timeout,0
184.000,q_convergence,3.811716656595568e-09
184.000,update_residual,3.8117166565955676e-10
185.000,anomalies_detected,0
185.000,anomalies_unique,0
185.000,investigation_timeouts,0
185.000,mission_duration_s,140.924
185.000,distance_traveled_m,3.971986665879601e-17
185.000,route_deviations,0
185.000,investigation_time_s,0.0
185.000,hazard_avoidances,0
185.000,min_hazard_distance_m,12.369316876853498
185.000,collisions,0
185.000,time_below_clearance_s,0.0
185.000,safety_zone_violations,0
185.000,min_ttc_s,-1.0
185.000,avoid_success,0
185.000,avoid_timeout,0
185.000,q_convergence,3.3125838580109044e-09
185.000,update_residual,3.3125838580109035e-10
186.000,anomalies_detected,0
186.000,anomalies_unique,0
186.000,investigation_timeouts,0
186.000,mission_duration_s,141.924
186.000,distance_traveled_m,3.998875509800681e-17
186.000,route_deviations,0
186.000,investigation_time_s,0.0
186.000,hazard_avoidances,0
186.000,min_hazard_distance_m,12.369316876853498
186.000,collisions,0
186.000,time_below_clearance_s,0.0
186.000,safety_zone_violations,0
186.000,min_ttc_s,-1.0
186.000,avoid_success,0
186.000,avoid_timeout,0
186.000,q_convergence,2.8858689265436825e-09
186.000,update_residual,2.8858689265436834e-10
187.000,anomalies_detected,0
187.000,anomalies_unique,0
187.000,investigation_timeouts,0
187.000,mission_duration_s,142.924
187.000,distance_traveled_m,4.026910020195897e-17
187.000,route_deviations,0
187.000,investigation_time_s,0.0
187.000,hazard_avoidances,0
187.000,min_hazard_distance_m,12.369316876853498
187.000,collisions,0
187.000,time_below_clearance_s,0.0
187.000,safety_zone_violations,0
187.000,min_ttc_s,-1.0
187.000,avoid_success,0
187.000,avoid_timeout,0
187.000,q_convergence,2.5144114092410875e-09
187.000,update_residual,2.5144114092410873e-10
188.000,anomalies_detected,0
188.000,anomalies_unique,0
188.000,investigation_timeouts,0
188.000,mission_duration_s,143.924
188.000,distance_traveled_m,4.058059893999365e-17
188.000,route_deviations,0
188.000,investigation_time_s,0.0
188.000,hazard_avoidances,0
188.000,min_hazard_distance_m,12.369316876853498
188.000,collisions,0
188.000,time_below_clearance_s,0.0
188.000,safety_zone_violations,0
188.000,min_ttc_s,-1.0
188.000,avoid_success,0
188.000,avoid_timeout,0
188.000,q_convergence,2.1851568173961564e-09
188.000,update_residual,2.185156817396156e-10
189.000,anomalies_detected,0
189.000,anomalies_unique,0
189.000,investigation_timeouts,0
189.000,mission_duration_s,144.924
189.000,distance_traveled_m,4.082704838448865e-17
189.000,route_deviations,0
189.000,investigation_time_s,0.0
189.000,hazard_avoidances,0
189.000,min_hazard_distance_m,12.369316876853498
189.000,collisions,0
189.000,time_below_clearance_s,0.0
189.000,safety_zone_violations,0
189.000,min_ttc_s,-1.0
189.000,avoid_success,0
189.000,avoid_timeout,0
189.000,q_convergence,1.89901719746136e-09
189.000,update_residual,1.8990171974613597e-10
190.000,anomalies_detected,0
190.000,anomalies_unique,0
190.000,investigation_timeouts,0
190.000,mission_duration_s,145.924
190.000,distance_traveled_m,4.116946097277903e-17
190.000,route_deviations,0
190.000,investigation_time_s,0.0
190.000,hazard_avoidances,0
190.000,min_hazard_distance_m,12.369316876853498
190.000,collisions,0
190.000,time_below_clearance_s,0.0
190.000,safety_zone_violations,0
190.000,min_ttc_s,-1.0
190.000,avoid_success,0
190.000,avoid_timeout,0
190.000,q_convergence,1.6543924419710056e-09
190.000,update_residual,1.6543924419710057e-10
191.000,anomalies_detected,0
191.000,anomalies_unique,0
191.000,investigation_timeouts,0
191.000,mission_duration_s,146.924
191.000,distance_traveled_m,4.14071078802737e-17
191.000,route_deviations,0
191.000,investigation_time_s,0.0
191.000,hazard_avoidances,0
191.000,min_hazard_distance_m,12.369316876853498
191.000,collisions,0
191.000,time_below_clearance_s,0.0
191.000,safety_zone_violations,0
191.000,min_ttc_s,-1.0
191.000,avoid_success,0
191.000,avoid_timeout,0
191.000,q_convergence,1.4414458198481433e-09
191.000,update_residual,1.4414458198481434e-10
192.000,anomalies_detected,0
192.000,anomalies_unique,0
192.000,investigation_timeouts,0
192.000,mission_duration_s,147.924
192.000,distance_traveled_m,4.1651055939482066e-17
192.000,route_deviations,0
192.000,investigation_time_s,0.0
192.000,hazard_avoidances,0
192.000,min_hazard_distance_m,12.369316876853498
192.000,collisions,0
192.000,time_below_clearance_s,0.0
192.000,safety_zone_violations,0
192.000,min_ttc_s,-1.0
192.000,avoid_success,0
192.000,avoid_timeout,0
192.000,q_convergence,1.2526930603939945e-09
192.000,update_residual,1.2526930603939946e-10
193.000,anomalies_detected,0
193.000,anomalies_unique,0
193.000,investigation_timeouts,0
193.000,mission_duration_s,148.924
193.000,distance_traveled_m,4.186589853731381e-17
193.000,route_deviations,0
193.000,investigation_time_s,0.0
193.000,hazard_avoidances,0
193.000,min_hazard_distance_m,12.369316876853498
193.000,collisions,0
193.000,time_below_clearance_s,0.0
193.000,safety_zone_violations,0
193.000,min_ttc_s,-1.0
193.000,avoid_success,0
193.000,avoid_timeout,0
193.000,q_convergence,1.088656276237998e-09
193.000,update_residual,1.0886562762379984e-10
194.000,anomalies_detected,0
194.000,anomalies_unique,0
194.000,investigation_timeouts,0
194.000,mission_duration_s,149.924
194.000,distance_traveled_m,4.211505140434447e-17
194.000,route_deviations,0
194.000,investigation_time_s,0.0
194.000,hazard_avoidances,0
194.000,min_hazard_distance_m,12.369316876853498
194.000,collisions,0
194.000,time_below_clearance_s,0.0
194.000,safety_zone_violations,0
194.000,min_ttc_s,-1.0
194.000,avoid_success,0
194.000,avoid_timeout,0
194.000,q_convergence,9.461005946929747e-10
194.000,update_residual,9.461005946929747e-11
195.000,anomalies_detected,0
195.000,anomalies_unique,0
195.000,investigation_timeouts,0
195.000,mission_duration_s,150.924
195.000,distance_traveled_m,4.2422268576364805e-17
195.000,route_deviations,0
195.000,investigation_time_s,0.0
195.000,hazard_avoidances,0
195.000,min_hazard_distance_m,12.369316876853498
195.000,collisions,0
195.000,time_below_clearance_s,0.0
195.000,safety_zone_violations,0
195.000,min_ttc_s,-1.0
195.000,avoid_success,0
195.000,avoid_timeout,0
195.000,q_convergence,8.242272050059304e-10
195.000,update_residual,8.242272050059304e-11
196.000,anomalies_detected,0
196.000,anomalies_unique,0
196.000,investigation_timeouts,0
196.000,mission_duration_s,151.924
196.000,distance_traveled_m,4.2659898696293566e-17
196.000,route_deviations,0
196.000,investigation_time_s,0.0
196.000,hazard_avoidances,0
196.000,min_hazard_distance_m,12.369316876853498
196.000,collisions,0
196.000,time_below_clearance_s,0.0
196.000,safety_zone_violations,0
196.000,min_ttc_s,-1.0
196.000,avoid_success,0
196.000,avoid_timeout,0
196.000,q_convergence,7.18135265539591e-10
196.000,update_residual,7.181352655395911e-11
197.000,anomalies_detected,0
197.000,anomalies_unique,0
197.000,investigation_timeouts,0
197.000,mission_duration_s,152.924
197.000,distance_traveled_m,4.2999545726567115e-17
197.000,route_deviations,0
197.000,investigation_time_s,0.0
197.000,hazard_avoidances,0
197.000,min_hazard_distance_m,12.369316876853498
197.000,collisions,0
197.000,time_below_clearance_s,0.0
197.000,safety_zone_violations,0
197.000,min_ttc_s,-1.0
197.000,avoid_success,0
197.000,avoid_timeout,0
197.000,q_convergence,6.240974721143694e-10
197.000,update_residual,6.240974721143695e-11
198.000,anomalies_detected,0
198.000,anomalies_unique,0
198.000,investigation_timeouts,0
198.000,mission_duration_s,153.924
198.000,distance_traveled_m,4.325097998357659e-17
198.000,route_deviations,0
198.000,investigation_time_s,0.0
198.000,hazard_avoidances,0
198.000,min_hazard_distance_m,12.369316876853498
198.000,collisions,0
198.000,time_below_clearance_s,0.0
198.000,safety_zone_violations,0
198.000,min_ttc_s,-1.0
198.000,avoid_success,0
198.000,avoid_timeout,0
198.000,q_convergence,5.42373891830396e-10
198.000,update_residual,5.4237389183039615e-11
199.000,anomalies_detected,0
199.000,anomalies_unique,0
199.000,investigation_timeouts,0
199.000,mission_duration_s,154.924
199.000,distance_traveled_m,4.3556757496208393e-17
199.000,route_deviations,0
199.000,investigation_time_s,0.0
199.000,hazard_avoidances,0
199.000,min_hazard_distance_m,12.369316876853498
199.000,collisions,0
199.000,time_below_clearance_s,0.0
199.000,safety_zone_violations,0
199.000,min_ttc_s,-1.0
199.000,avoid_success,0
199.000,avoid_timeout,0
199.000,q_convergence,4.725067086568473e-10
199.000,update_residual,4.7250670865684737e-11
200.000,anomalies_detected,0
200.000,anomalies_unique,0
200.000,investigation_timeouts,0
200.000,mission_duration_s,155.924
200.000,distance_traveled_m,4.3885701932188564e-17
200.000,route_deviations,0
200.000,investigation_time_s,0.0
200.000,hazard_avoidances,0
200.000,min_hazard_distance_m,12.369316876853498
200.000,collisions,0
200.000,time_below_clearance_s,0.0
200.000,safety_zone_violations,0
200.000,min_ttc_s,-1.0
200.000,avoid_success,0
200.000,avoid_timeout,0
200.000,q_convergence,4.116876998036137e-10
200.000,update_residual,4.1168769980361374e-11
201.000,anomalies_detected,0
201.000,anomalies_unique,0
201.000,investigation_timeouts,0
201.000,mission_duration_s,156.924
201.000,distance_traveled_m,4.423163246711755e-17
201.000,route_deviations,0
201.000,investigation_time_s,0.0
201.000,hazard_avoidances,0
201.000,min_hazard_distance_m,12.369316876853498
201.000,collisions,0
201.000,time_below_clearance_s,0.0
201.000,safety_zone_violations,0
201.000,min_ttc_s,-1.0
201.000,avoid_success,0
201.000,avoid_timeout,0
201.000,q_convergence,3.577788224414949e-10
201.000,update_residual,3.5777882244149496e-11
202.000,anomalies_detected,0
202.000,anomalies_unique,0
202.000,investigation_timeouts,0
202.000,mission_duration_s,157.924
202.000,distance_traveled_m,4.4513832742505415e-17
202.000,route_deviations,0
202.000,investigation_time_s,0.0
202.000,hazard_avoidances,0
202.000,min_hazard_distance_m,12.369316876853498
202.000,collisions,0
202.000,time_below_clearance_s,0.0
202.000,safety_zone_violations,0
202.000,min_ttc_s,-1.0
202.000,avoid_success,0
202.000,avoid_timeout,0
202.000,q_convergence,3.1092842586336443e-10
202.000,update_residual,3.109284258633644e-11
203.000,anomalies_detected,0
203.000,anomalies_unique,0
203.000,investigation_timeouts,0
203.000,mission_duration_s,158.924
203.000,distance_traveled_m,4.480551226860624e-17
203.000,route_deviations,0
203.000,investigation_time_s,0.0
203.000,hazard_avoidances,0
203.000,min_hazard_distance_m,12.369316876853498
203.000,collisions,0
203.000,time_below_clearance_s,0.0
203.000,safety_zone_violations,0
203.000,min_ttc_s,-1.0
203.000,avoid_success,0
203.000,avoid_timeout,0
203.000,q_convergence,2.70213438925891e-10
203.000,update_residual,2.70213438925891e-11
204.000,anomalies_detected,0
204.000,anomalies_unique,0
204.000,investigation_timeouts,0
204.000,mission_duration_s,159.924
204.000,distance_traveled_m,4.5122039569254985e-17
204.000,route_deviations,0
204.000,investigation_time_s,0.0
204.000,hazard_avoidances,0
204.000,min_hazard_distance_m,12.369316876853498
204.000,collisions,0
204.000,time_below_clearance_s,0.0
204.000,safety_zone_violations,0
204.000,min_ttc_s,-1.0
204.000,avoid_success,0
204.000,avoid_timeout,0
204.000,q_convergence,2.354051768331071e-10
204.000,update_residual,2.35405176833107e-11
205.000,anomalies_detected,0
205.000,anomalies_unique,0
205.000,investigation_timeouts,0
205.000,mission_duration_s,160.924
205.000,distance_traveled_m,4.5411758551288266e-17
205.000,route_deviations,0
205.000,investigation_time_s,0.0
205.000,hazard_avoidances,0
205.000,min_hazard_distance_m,12.369316876853498
205.000,collisions,0
205.000,time_below_clearance_s,0.0
205.000,safety_zone_violations,0
205.000,min_ttc_s,-1.0
205.000,avoid_success,0
205.000,avoid_timeout,0
205.000,q_convergence,2.0510488545661636e-10
205.000,update_residual,2.051048854566164e-11
206.000,anomalies_detected,0
206.000,anomalies_unique,0
206.000,investigation_timeouts,0
206.000,mission_duration_s,161.924
206.000,distance_traveled_m,4.565556419891416e-17
206.000,route_deviations,0
206.000,investigation_time_s,0.0
206.000,hazard_avoidances,0
206.000,min_hazard_distance_m,12.369316876853498
206.000,collisions,0
206.000,time_below_clearance_s,0.0
206.000,safety_zone_violations,0
206.000,min_ttc_s,-1.0
206.000,avoid_success,0
206.000,avoid_timeout,0
206.000,q_convergence,1.782471313406729e-10
206.000,update_residual,1.782471313406729e-11
207.000,anomalies_detected,0
207.000,anomalies_unique,0
207.000,investigation_timeouts,0
207.000,mission_duration_s,162.924
207.000,distance_traveled_m,4.5947785071105054e-17
207.000,route_deviations,0
207.000,investigation_time_s,0.0
207.000,hazard_avoidances,0
207.000,min_hazard_distance_m,12.369316876853498
207.000,collisions,0
207.000,time_below_clearance_s,0.0
207.000,safety_zone_violations,0
207.000,min_ttc_s,-1.0
207.000,avoid_success,0
207.000,avoid_timeout,0
207.000,q_convergence,1.5490618311884774e-10
207.000,update_residual,1.5490618311884774e-11
208.000,anomalies_detected,0
208.000,anomalies_unique,0
208.000,investigation_timeouts,0
208.000,mission_duration_s,163.924
208.000,distance_traveled_m,4.63017101014748e-17
208.000,route_deviations,0
208.000,investigation_time_s,0.0
208.000,hazard_avoidances,0
208.000,min_hazard_distance_m,12.369316876853498
208.000,collisions,0
208.000,time_below_clearance_s,0.0
208.000,safety_zone_violations,0
208.000,min_ttc_s,-1.0
208.000,avoid_success,0
208.000,avoid_timeout,0
208.000,q_convergence,1.3495167123707048e-10
208.000,update_residual,1.3495167123707047e-11
209.000,anomalies_detected,0
209.000,anomalies_unique,0
209.000,investigation_timeouts,0
209.000,mission_duration_s,164.924
209.000,distance_traveled_m,4.65502764166718e-17
209.000,route_deviations,0
209.000,investigation_time_s,0.0
209.000,hazard_avoidances,0
209.000,min_hazard_distance_m,12.369316876853498
209.000,collisions,0
209.000,time_below_clearance_s,0.0
209.000,safety_zone_violations,0
209.000,min_ttc_s,-1.0
209.000,avoid_success,0
209.000,avoid_timeout,0
209.000,q_convergence,1.1758099256147554e-10
209.000,update_residual,1.1758099256147553e-11
210.000,anomalies_detected,0
210.000,anomalies_unique,0
210.000,investigation_timeouts,0
210.000,mission_duration_s,165.924
210.000,distance_traveled_m,4.6837571882294923e-17
210.000,route_deviations,0
210.000,investigation_time_s,0.0
210.000,hazard_avoidances,0
210.000,min_hazard_distance_m,12.369316876853498
210.000,collisions,0
210.000,time_below_clearance_s,0.0
210.000,safety_zone_violations,0
210.000,min_ttc_s,-1.0
210.000,avoid_success,0
210.000,avoid_timeout,0
210.000,q_convergence,1.0218441965597386e-10
210.000,update_residual,1.0218441965597386e-11
211.000,anomalies_detected,0
211.000,anomalies_unique,0
211.000,investigation_timeouts,0
211.000,mission_duration_s,166.924
211.000,distance_traveled_m,4.7082372436750646e-17
211.000,route_deviations,0
211.000,investigation_time_s,0.0
211.000,hazard_avoidances,0
211.000,min_hazard_distance_m,12.369316876853498
211.000,collisions,0
211.000,time_below_clearance_s,0.0
211.000,safety_zone_violations,0
211.000,min_ttc_s,-1.0
211.000,avoid_success,0
211.000,avoid_timeout,0
211.000,q_convergence,8.880413864582287e-11
211.000,update_residual,8.880413864582289e-12
212.000,anomalies_detected,0
212.000,anomalies_unique,0
212.000,investigation_timeouts,0
212.000,mission_duration_s,167.924
212.000,distance_traveled_m,4.736703171168889e-17
212.000,route_deviations,0
212.000,investigation_time_s,0.0
212.000,hazard_avoidances,0
212.000,min_hazard_distance_m,12.369316876853498
212.000,collisions,0
212.000,time_below_clearance_s,0.0
212.000,safety_zone_violations,0
212.000,min_ttc_s,-1.0
212.000,avoid_success,0
212.000,avoid_timeout,0
212.000,q_convergence,7.717559924458328e-11
212.000,update_residual,7.717559924458329e-12
213.000,anomalies_detected,0
213.000,anomalies_unique,0
213.000,investigation_timeouts,0
213.000,mission_duration_s,168.924
213.000,distance_traveled_m,4.762674124106609e-17
213.000,route_deviations,0
213.000,investigation_time_s,0.0
213.000,hazard_avoidances,0
213.000,min_hazard_distance_m,12.369316876853498
213.000,collisions,0
213.000,time_below_clearance_s,0.0
213.000,safety_zone_violations,0
213.000,min_ttc_s,-1.0
213.000,avoid_success,0
213.000,avoid_timeout,0
213.000,q_convergence,6.723405371539465e-11
213.000,update_residual,6.723405371539463e-12
214.000,anomalies_detected,0
214.000,anomalies_unique,0
214.000,investigation_timeouts,0
214.000,mission_duration_s,169.924
214.000,distance_traveled_m,4.789087680629812e-17
214.000,route_deviations,0
214.000,investigation_time_s,0.0
214.000,hazard_avoidances,0
214.000,min_hazard_distance_m,12.369316876853498
214.000,collisions,0
214.000,time_below_clearance_s,0.0
214.000,safety_zone_violations,0
214.000,min_ttc_s,-1.0
214.000,avoid_success,0
214.000,avoid_timeout,0
214.000,q_convergence,5.858006143658453e-11
214.000,update_residual,5.858006143658453e-12
215.000,anomalies_detected,0
215.000,anomalies_unique,0
215.000,investigation_timeouts,0
215.000,mission_duration_s,170.924
215.000,distance_traveled_m,4.820258830665702e-17
215.000,route_deviations,0
215.000,investigation_time_s,0.0
215.000,hazard_avoidances,0
215.000,min_hazard_distance_m,12.369316876853498
215.000,collisions,0
215.000,time_below_clearance_s,0.0
215.000,safety_zone_violations,0
215.000,min_ttc_s,-1.0
215.000,avoid_success,0
215.000,avoid_timeout,0
215.000,q_convergence,5.090911819089732e-11
215.000,update_residual,5.090911819089733e-12
216.000,anomalies_detected,0
216.000,anomalies_unique,0
216.000,investigation_timeouts,0
216.000,mission_duration_s,171.924
216.000,distance_traveled_m,4.848993242407109e-17
216.000,route_deviations,0
216.000,investigation_time_s,0.0
216.000,hazard_avoidances,0
216.000,min_hazard_distance_m,12.369316876853498
216.000,collisions,0
216.000,time_below_clearance_s,0.0
216.000,safety_zone_violations,0
216.000,min_ttc_s,-1.0
216.000,avoid_success,0
216.000,avoid_timeout,0
216.000,q_convergence,4.4242704737890954e-11
216.000,update_residual,4.424270473789096e-12
217.000,anomalies_detected,0
217.000,anomalies_unique,0
217.000,investigation_timeouts,0
217.000,mission_duration_s,172.924
217.000,distance_traveled_m,4.8814488348631e-17
217.000,route_deviations,0
217.000,investigation_time_s,0.0
217.000,hazard_avoidances,0
217.000,min_hazard_distance_m,12.369316876853498
217.000,collisions,0
217.000,time_below_clearance_s,0.0
217.000,safety_zone_violations,0
217.000,min_ttc_s,-1.0
217.000,avoid_success,0
217.000,avoid_timeout,0
217.000,q_convergence,3.854391702925905e-11
217.000,update_residual,3.854391702925905e-12
218.000,anomalies_detected,0
218.000,anomalies_unique,0
218.000,investigation_timeouts,0
218.000,mission_duration_s,173.924
218.000,distance_traveled_m,4.9113899163563496e-17
218.000,route_deviations,0
218.000,investigation_time_s,0.0
218.000,hazard_avoidances,0
218.000,min_hazard_distance_m,12.369316876853498
218.000,collisions,0
218.000,time_below_clearance_s,0.0
218.000,safety_zone_violations,0
218.000,min_ttc_s,-1.0
218.000,avoid_success,0
218.000,avoid_timeout,0
218.000,q_convergence,3.358240669675589e-11
218.000,update_residual,3.3582406696755883e-12
219.000,anomalies_detected,0
219.000,anomalies_unique,0
219.000,investigation_timeouts,0
219.000,mission_duration_s,174.924
219.000,distance_traveled_m,4.9449338966641287e-17
219.000,route_deviations,0
219.000,investigation_time_s,0.0
219.000,hazard_avoidances,0
219.000,min_hazard_distance_m,12.369316876853498
219.000,collisions,0
219.000,time_below_clearance_s,0.0
219.000,safety_zone_violations,0
219.000,min_ttc_s,-1.0
219.000,avoid_success,0
219.000,avoid_timeout,0
219.000,q_convergence,2.918452781029503e-11
219.000,update_residual,2.9184527810295024e-12
220.000,anomalies_detected,0
220.000,anomalies_unique,0
220.000,investigation_timeouts,0
220.000,mission_duration_s,175.924
220.000,distance_traveled_m,4.973535617730069e-17
220.000,route_deviations,0
220.000,investigation_time_s,0.0
220.000,hazard_avoidances,0
220.000,min_hazard_distance_m,12.369316876853498
220.000,collisions,0
220.000,time_below_clearance_s,0.0
220.000,safety_zone_violations,0
220.000,min_ttc_s,-1.0
220.000,avoid_success,0
220.000,avoid_timeout,0
220.000,q_convergence,2.5363076718219547e-11
220.000,update_residual,2.536307671821955e-12
221.000,anomalies_detected,0
221.000,anomalies_unique,0
221.000,investigation_timeouts,0
221.000,mission_duration_s,176.924
221.000,distance_traveled_m,5.007911871142606e-17
221.000,route_deviations,0
221.000,investigation_time_s,0.0
221.000,hazard_avoidances,0
221.000,min_hazard_distance_m,12.369316876853498
221.000,collisions,0
221.000,time_below_clearance_s,0.0
221.000,safety_zone_violations,0
221.000,min_ttc_s,-1.0
221.000,avoid_success,0
221.000,avoid_timeout,0
221.000,q_convergence,2.2042304489592166e-11
221.000,update_residual,2.204230448959217e-12
222.000,anomalies_detected,0
222.000,anomalies_unique,0
222.000,investigation_timeouts,0
222.000,mission_duration_s,177.924
222.000,distance_traveled_m,5.030237461254349e-17
222.000,route_deviations,0
222.000,investigation_time_s,0.0
222.000,hazard_avoidances,0
222.000,min_hazard_distance_m,12.369316876853498
222.000,collisions,0
222.000,time_below_clearance_s,0.0
222.000,safety_zone_violations,0
222.000,min_ttc_s,-1.0
222.000,avoid_success,0
222.000,avoid_timeout,0
222.000,q_convergence,1.920281217988102e-11
222.000,update_residual,1.920281217988102e-12
223.000,anomalies_detected,0
223.000,anomalies_unique,0
223.000,investigation_timeouts,0
223.000,mission_duration_s,178.924
223.000,distance_traveled_m,5.0618477885385275e-17
223.000,route_deviations,0
223.000,investigation_time_s,0.0
223.000,hazard_avoidances,0
223.000,min_hazard_distance_m,12.369316876853498
223.000,collisions,0
223.000,time_below_clearance_s,0.0
223.000,safety_zone_violations,0
223.000,min_ttc_s,-1.0
223.000,avoid_success,0
223.000,avoid_timeout,0
223.000,q_convergence,1.6731378187679572e-11
223.000,update_residual,1.6731378187679573e-12
224.000,anomalies_detected,0
224.000,anomalies_unique,0
224.000,investigation_timeouts,0
224.000,mission_duration_s,179.924
224.000,distance_traveled_m,5.092132745491404e-17
224.000,route_deviations,0
224.000,investigation_time_s,0.0
224.000,hazard_avoidances,0
224.000,min_hazard_distance_m,12.369316876853498
224.000,collisions,0
224.000,time_below_clearance_s,0.0
224.000,safety_zone_violations,0
224.000,min_ttc_s,-1.0
224.000,avoid_success,0
224.000,avoid_timeout,0
224.000,q_convergence,1.4540242026279365e-11
224.000,update_residual,1.4540242026279363e-12
225.000,anomalies_detected,0
225.000,anomalies_unique,0
225.000,investigation_timeouts,0
225.000,mission_duration_s,180.924
225.000,distance_traveled_m,5.1181955304212985e-17
225.000,route_deviations,0
225.000,investigation_time_s,0.0
225.000,hazard_avoidances,0
225.000,min_hazard_distance_m,12.369316876853498
225.000,collisions,0
225.000,time_below_clearance_s,0.0
225.000,safety_zone_violations,0
225.000,min_ttc_s,-1.0
225.000,avoid_success,0
225.000,avoid_timeout,0
225.000,q_convergence,1.263674879023061e-11
225.000,update_residual,1.263674879023061e-12
226.000,anomalies_detected,0
226.000,anomalies_unique,0
226.000,investigation_timeouts,0
226.000,mission_duration_s,181.924
226.000,distance_traveled_m,5.149929083059823e-17
226.000,route_deviations,0
226.000,investigation_time_s,0.0
226.000,hazard_avoidances,0
226.000,min_hazard_distance_m,12.369316876853498
226.000,collisions,0
226.000,time_below_clearance_s,0.0
226.000,safety_zone_violations,0
226.000,min_ttc_s,-1.0
226.000,avoid_success,0
226.000,avoid_timeout,0
226.000,q_convergence,1.1008807034697923e-11
226.000,update_residual,1.1008807034697925e-12
227.000,anomalies_detected,0
227.000,anomalies_unique,0
227.000,investigation_timeouts,0
227.000,mission_duration_s,182.924
227.000,distance_traveled_m,5.1815331971190025e-17
227.000,route_deviations,0
227.000,investigation_time_s,0.0
227.000,hazard_avoidances,0
227.000,min_hazard_distance_m,12.369316876853498
227.000,collisions,0
227.000,time_below_clearance_s,0.0
227.000,safety_zone_violations,0
227.000,min_ttc_s,-1.0
227.000,avoid_success,0
227.000,avoid_timeout,0
227.000,q_convergence,9.591692519604423e-12
227.000,update_residual,9.591692519604423e-13
228.000,anomalies_detected,0
228.000,anomalies_unique,0
228.000,investigation_timeouts,0
228.000,mission_duration_s,183.924
228.000,distance_traveled_m,5.203842762868199e-17
228.000,route_deviations,0
228.000,investigation_time_s,0.0
228.000,hazard_avoidances,0
228.000,min_hazard_distance_m,12.369316876853498
228.000,collisions,0
228.000,time_below_clearance_s,0.0
228.000,safety_zone_violations,0
228.000,min_ttc_s,-1.0
228.000,avoid_success,0
228.000,avoid_timeout,0
228.000,q_convergence,8.336061999411219e-12
228.000,update_residual,8.336061999411218e-13
229.000,anomalies_detected,0
229.000,anomalies_unique,0
229.000,investigation_timeouts,0
229.000,mission_duration_s,184.924
229.000,distance_traveled_m,5.229764998099014e-17
229.000,route_deviations,0
229.000,investigation_time_s,0.0
229.000,hazard_avoidances,0
229.000,min_hazard_distance_m,12.369316876853498
229.000,collisions,0
229.000,time_below_clearance_s,0.0
229.000,safety_zone_violations,0
229.000,min_ttc_s,-1.0
229.000,avoid_success,0
229.000,avoid_timeout,0
229.000,q_convergence,7.24461760423115e-12
229.000,update_residual,7.244617604231149e-13
230.000,anomalies_detected,0
230.000,anomalies_unique,0
230.000,investigation_timeouts,0
230.000,mission_duration_s,185.924
230.000,distance_traveled_m,5.2528584490681764e-17
230.000,route_deviations,0
230.000,investigation_time_s,0.0
230.000,hazard_avoidances,0
230.000,min_hazard_distance_m,12.369316876853498
230.000,collisions,0
230.000,time_below_clearance_s,0.0
230.000,safety_zone_violations,0
230.000,min_ttc_s,-1.0
230.000,avoid_success,0
230.000,avoid_timeout,0
230.000,q_convergence,6.296423699885573e-12
230.000,update_residual,6.296423699885574e-13
231.000,anomalies_detected,0
231.000,anomalies_unique,0
231.000,investigation_timeouts,0
231.000,mission_duration_s,186.924
231.000,distance_traveled_m,5.2798635654220334e-17
231.000,route_deviations,0
231.000,investigation_time_s,0.0
231.000,hazard_avoidances,0
231.000,min_hazard_distance_m,12.369316876853498
231.000,collisions,0
231.000,time_below_clearance_s,0.0
231.000,safety_zone_violations,0
231.000,min_ttc_s,-1.0
231.000,avoid_success,0
231.000,avoid_timeout,0
231.000,q_convergence,5.485521502056077e-12
231.000,update_residual,5.485521502056076e-13
232.000,anomalies_detected,0
232.000,anomalies_unique,0
232.000,investigation_timeouts,0
232.000,mission_duration_s,187.924
232.000,distance_traveled_m,5.305420858744789e-17
232.000,route_deviations,0
232.000,investigation_time_s,0.0
232.000,hazard_avoidances,0
232.000,min_hazard_distance_m,12.369316876853498
232.000,collisions,0
232.000,time_below_clearance_s,0.0
232.000,safety_zone_violations,0
232.000,min_ttc_s,-1.0
232.000,avoid_success,0
232.000,avoid_timeout,0
232.000,q_convergence,4.779668724300531e-12
232.000,update_residual,4.779668724300531e-13
233.000,anomalies_detected,0
233.000,anomalies_unique,0
233.000,investigation_timeouts,0
233.000,mission_duration_s,188.924
233.000,distance_traveled_m,5.325820737897723e-17
233.000,route_deviations,0
233.000,investigation_time_s,0.0
233.000,hazard_avoidances,0
233.000,min_hazard_distance_m,12.369316876853498
233.000,collisions,0
233.000,time_below_clearance_s,0.0
233.000,safety_zone_violations,0
233.000,min_ttc_s,-1.0
233.000,avoid_success,0
233.000,avoid_timeout,0
233.000,q_convergence,4.153629821043328e-12
233.000,update_residual,4.1536298210433284e-13
234.000,anomalies_detected,0
234.000,anomalies_unique,0
234.000,investigation_timeouts,0
234.000,mission_duration_s,189.924
234.000,distance_traveled_m,5.355738715283267e-17
234.000,route_deviations,0
234.000,investigation_time_s,0.0
234.000,hazard_avoidances,0
234.000,min_hazard_distance_m,12.369316876853498
234.000,collisions,0
234.000,time_below_clearance_s,0.0
234.000,safety_zone_violations,0
234.000,min_ttc_s,-1.0
234.000,avoid_success,0
234.000,avoid_timeout,0
234.000,q_convergence,3.6100646281868518e-12
234.000,update_residual,3.610064628186853e-13
235.000,anomalies_detected,0
235.000,anomalies_unique,0
235.000,investigation_timeouts,0
235.000,mission_duration_s,190.924
235.000,distance_traveled_m,5.388088627499628e-17
235.000,route_deviations,0
235.000,investigation_time_s,0.0
235.000,hazard_avoidances,0
235.000,min_hazard_distance_m,12.369316876853498
235.000,collisions,0
235.000,time_below_clearance_s,0.0
235.000,safety_zone_violations,0
235.000,min_ttc_s,-1.0
235.000,avoid_success,0
235.000,avoid_timeout,0
235.000,q_convergence,3.1445463517027544e-12
235.000,update_residual,3.144546351702755e-13
236.000,anomalies_detected,0
236.000,anomalies_unique,0
236.000,investigation_timeouts,0
236.000,mission_duration_s,191.924
236.000,distance_traveled_m,5.4075638093621657e-17
236.000,route_deviations,0
236.000,investigation_time_s,0.0
236.000,hazard_avoidances,0
236.000,min_hazard_distance_m,12.369316876853498
236.000,collisions,0
236.000,time_below_clearance_s,0.0
236.000,safety_zone_violations,0
236.000,min_ttc_s,-1.0
236.000,avoid_success,0
236.000,avoid_timeout,0
236.000,q_convergence,2.7399035421435004e-12
236.000,update_residual,2.739903542143501e-13
237.000,anomalies_detected,0
237.000,anomalies_unique,0
237.000,investigation_timeouts,0
237.000,mission_duration_s,192.924
237.000,distance_traveled_m,5.4337502434149114e-17
237.000,route_deviations,0
237.000,investigation_time_s,0.0
237.000,hazard_avoidances,0
237.000,min_hazard_distance_m,12.369316876853498
237.000,collisions,0
237.000,time_below_clearance_s,0.0
237.000,safety_zone_violations,0
237.000,min_ttc_s,-1.0
237.000,avoid_success,0
237.000,avoid_timeout,0
237.000,q_convergence,2.381460108478807e-12
237.000,update_residual,2.3814601084788073e-13
238.000,anomalies_detected,0
238.000,anomalies_unique,0
238.000,investigation_timeouts,0
238.000,mission_duration_s,193.924
238.000,distance_traveled_m,5.4649136383902205e-17
238.000,route_deviations,0
238.000,investigation_time_s,0.0
238.000,hazard_avoidances,0
238.000,min_hazard_distance_m,12.369316876853498
238.000,collisions,0
238.000,time_below_clearance_s,0.0
238.000,safety_zone_violations,0
238.000,min_ttc_s,-1.0
238.000,avoid_success,0
238.000,avoid_timeout,0
238.000,q_convergence,2.0695826005326777e-12
238.000,update_residual,2.0695826005326774e-13
239.000,anomalies_detected,0
239.000,anomalies_unique,0
239.000,investigation_timeouts,0
239.000,mission_duration_s,194.924
239.000,distance_traveled_m,5.4932284970163575e-17
239.000,route_deviations,0
239.000,investigation_time_s,0.0
239.000,hazard_avoidances,0
239.000,min_hazard_distance_m,12.369316876853498
239.000,collisions,0
239.000,time_below_clearance_s,0.0
239.000,safety_zone_violations,0
239.000,min_ttc_s,-1.0
239.000,avoid_success,0
239.000,avoid_timeout,0
239.000,q_convergence,1.798815065155525e-12
239.000,update_residual,1.7988150651555254e-13
240.000,anomalies_detected,0
240.000,anomalies_unique,0
240.000,investigation_timeouts,0
240.000,mission_duration_s,195.924
240.000,distance_traveled_m,5.5222735160471307e-17
240.000,route_deviations,0
240.000,investigation_time_s,0.0
240.000,hazard_avoidances,0
240.000,min_hazard_distance_m,12.369316876853498
240.000,collisions,0
240.000,time_below_clearance_s,0.0
240.000,safety_zone_violations,0
240.000,min_ttc_s,-1.0
240.000,avoid_success,0
240.000,avoid_timeout,0
240.000,q_convergence,1.5666151503629173e-12
240.000,update_residual,1.5666151503629171e-13
241.000,anomalies_detected,0
241.000,anomalies_unique,0
241.000,investigation_timeouts,0
241.000,mission_duration_s,196.924
241.000,distance_traveled_m,5.5449837315727786e-17
241.000,route_deviations,0
241.000,investigation_time_s,0.0
241.000,hazard_avoidances,0
241.000,min_hazard_distance_m,12.369316876853498
241.000,collisions,0
241.000,time_below_clearance_s,0.0
241.000,safety_zone_violations,0
241.000,min_ttc_s,-1.0
241.000,avoid_success,0
241.000,avoid_timeout,0
241.000,q_convergence,1.3655108789732496e-12
241.000,update_residual,1.3655108789732498e-13
242.000,anomalies_detected,0
242.000,anomalies_unique,0
242.000,investigation_timeouts,0
242.000,mission_duration_s,197.924
242.000,distance_traveled_m,5.578337424150519e-17
242.000,route_deviations,0
242.000,investigation_time_s,0.0
242.000,hazard_avoidances,0
242.000,min_hazard_distance_m,12.369316876853498
242.000,collisions,0
242.000,time_below_clearance_s,0.0
242.000,safety_zone_violations,0
242.000,min_ttc_s,-1.0
242.000,avoid_success,0
242.000,avoid_timeout,0
242.000,q_convergence,1.186352603456596e-12
242.000,update_residual,1.186352603456596e-13
243.000,anomalies_detected,0
243.000,anomalies_unique,0
243.000,investigation_timeouts,0
243.000,mission_duration_s,198.924
243.000,distance_traveled_m,5.612683846473642e-17
243.000,route_deviations,0
243.000,investigation_time_s,0.0
243.000,hazard_avoidances,0
243.000,min_hazard_distance_m,12.369316876853498
243.000,collisions,0
243.000,time_below_clearance_s,0.0
243.000,safety_zone_violations,0
243.000,min_ttc_s,-1.0
243.000,avoid_success,0
243.000,avoid_timeout,0
243.000,q_convergence,1.0310482626404597e-12
243.000,update_residual,1.0310482626404597e-13
244.000,anomalies_detected,0
244.000,anomalies_unique,0
244.000,investigation_timeouts,0
244.000,mission_duration_s,199.924
244.000,distance_traveled_m,5.636447201536446e-17
244.000,route_deviations,0
244.000,investigation_time_s,0.0
244.000,hazard_avoidances,0
244.000,min_hazard_distance_m,12.369316876853498
244.000,collisions,0
244.000,time_below_clearance_s,0.0
244.000,safety_zone_violations,0
244.000,min_ttc_s,-1.0
244.000,avoid_success,0
244.000,avoid_timeout,0
244.000,q_convergence,8.981786507960081e-13
244.000,update_residual,8.981786507960081e-14
245.000,anomalies_detected,0
245.000,anomalies_unique,0
245.000,investigation_timeouts,0
245.000,mission_duration_s,200.924
245.000,distance_traveled_m,5.656101573499442e-17
245.000,route_deviations,0
245.000,investigation_time_s,0.0
245.000,hazard_avoidances,0
245.000,min_hazard_distance_m,12.369316876853498
245.000,collisions,0
245.000,time_below_clearance_s,0.0
245.000,safety_zone_violations,0
245.000,min_ttc_s,-1.0
245.000,avoid_success,0
245.000,avoid_timeout,0
245.000,q_convergence,7.82612070387196e-13
245.000,update_residual,7.826120703871962e-14
246.000,anomalies_detected,0
246.000,anomalies_unique,0
246.000,investigation_timeouts,0
246.000,mission_duration_s,201.924
246.000,distance_traveled_m,5.682368972539844e-17
246.000,route_deviations,0
246.000,investigation_time_s,0.0
246.000,hazard_avoidances,0
246.000,min_hazard_distance_m,12.369316876853498
246.000,collisions,0
246.000,time_below_clearance_s,0.0
246.000,safety_zone_violations,0
246.000,min_ttc_s,-1.0
246.000,avoid_success,0
246.000,avoid_timeout,0
246.000,q_convergence,6.805984347530674e-13
246.000,update_residual,6.805984347530673e-14
247.000,anomalies_detected,0
247.000,anomalies_unique,0
247.000,investigation_timeouts,0
247.000,mission_duration_s,202.924
247.000,distance_traveled_m,5.708448374671983e-17
247.000,route_deviations,0
247.000,investigation_time_s,0.0
247.000,hazard_avoidances,0
247.000,min_hazard_distance_m,12.369316876853498
247.000,collisions,0
247.000,time_below_clearance_s,0.0
247.000,safety_zone_violations,0
247.000,min_ttc_s,-1.0
247.000,avoid_success,0
247.000,avoid_timeout,0
247.000,q_convergence,5.906386491005833e-13
247.000,update_residual,5.906386491005833e-14
248.000,anomalies_detected,0
248.000,anomalies_unique,0
248.000,investigation_timeouts,0
248.000,mission_duration_s,203.924
248.000,distance_traveled_m,5.725140550984439e-17
248.000,route_deviations,0
248.000,investigation_time_s,0.0
248.000,hazard_avoidances,0
248.000,min_hazard_distance_m,12.369316876853498
248.000,collisions,0
248.000,time_below_clearance_s,0.0
248.000,safety_zone_violations,0
248.000,min_ttc_s,-1.0
248.000,avoid_success,0
248.000,avoid_timeout,0
248.000,q_convergence,5.132402439552867e-13
248.000,update_residual,5.132402439552868e-14
249.000,anomalies_detected,0
249.000,anomalies_unique,0
249.000,investigation_timeouts,0
249.000,mission_duration_s,204.924
249.000,distance_traveled_m,5.763057057689478e-17
249.000,route_deviations,0
249.000,investigation_time_s,0.0
249.000,hazard_avoidances,0
249.000,min_hazard_distance_m,12.369316876853498
249.000,collisions,0
249.000,time_below_clearance_s,0.0
249.000,safety_zone_violations,0
249.000,min_ttc_s,-1.0
249.000,avoid_success,0
249.000,avoid_timeout,0
249.000,q_convergence,4.471155955764482e-13
249.000,update_residual,4.471155955764483e-14
250.000,anomalies_detected,0
250.000,anomalies_unique,0
250.000,investigation_timeouts,0
250.000,mission_duration_s,205.924
250.000,distance_traveled_m,5.793047514918272e-17
250.000,route_deviations,0
250.000,investigation_time_s,0.0
250.000,hazard_avoidances,0
250.000,min_hazard_distance_m,12.369316876853498
250.000,collisions,0
250.000,time_below_clearance_s,0.0
250.000,safety_zone_violations,0
250.000,min_ttc_s,-1.0
250.000,avoid_success,0
250.000,avoid_timeout,0
250.000,q_convergence,3.8940279572281206e-13
250.000,update_residual,3.8940279572281204e-14
251.000,anomalies_detected,0
251.000,anomalies_unique,0
251.000,investigation_timeouts,0
251.000,mission_duration_s,206.924
251.000,distance_traveled_m,5.823430269903491e-17
251.000,route_deviations,0
251.000,investigation_time_s,0.0
251.000,hazard_avoidances,0
251.000,min_hazard_distance_m,12.369316876853498
251.000,collisions,0
251.000,time_below_clearance_s,0.0
251.000,safety_zone_violations,0
251.000,min_ttc_s,-1.0
251.000,avoid_success,0
251.000,avoid_timeout,0
251.000,q_convergence,3.383959779057477e-13
251.000,update_residual,3.383959779057477e-14
252.000,anomalies_detected,0
252.000,anomalies_unique,0
252.000,investigation_timeouts,0
252.000,mission_duration_s,207.924
252.000,distance_traveled_m,5.843759737810941e-17
252.000,route_deviations,0
252.000,investigation_time_s,0.0
252.000,hazard_avoidances,0
252.000,min_hazard_distance_m,12.369316876853498
252.000,collisions,0
252.000,time_below_clearance_s,0.0
252.000,safety_zone_violations,0
252.000,min_ttc_s,-1.0
252.000,avoid_success,0
252.000,avoid_timeout,0
252.000,q_convergence,2.9436770481489866e-13
252.000,update_residual,2.943677048148987e-14
253.000,anomalies_detected,0
253.000,anomalies_unique,0
253.000,investigation_timeouts,0
253.000,mission_duration_s,208.924
253.000,distance_traveled_m,5.870263990083887e-17
253.000,route_deviations,0
253.000,investigation_time_s,0.0
253.000,hazard_avoidances,0
253.000,min_hazard_distance_m,12.369316876853498
253.000,collisions,0
253.000,time_below_clearance_s,0.0
253.000,safety_zone_violations,0
253.000,min_ttc_s,-1.0
253.000,avoid_success,0
253.000,avoid_timeout,0
253.000,q_convergence,2.565848768022584e-13
253.000,update_residual,2.5658487680225847e-14
254.000,anomalies_detected,0
254.000,anomalies_unique,0
254.000,investigation_timeouts,0
254.000,mission_duration_s,209.924
254.000,distance_traveled_m,5.897081133278612e-17
254.000,route_deviations,0
254.000,investigation_time_s,0.0
254.000,hazard_avoidances,0
254.000,min_hazard_distance_m,12.369316876853498
254.000,collisions,0
254.000,time_below_clearance_s,0.0
254.000,safety_zone_violations,0
254.000,min_ttc_s,-1.0
254.000,avoid_success,0
254.000,avoid_timeout,0
254.000,q_convergence,2.2369407913304583e-13
254.000,update_residual,2.2369407913304587e-14
255.000,anomalies_detected,0
255.000,anomalies_unique,0
255.000,investigation_timeouts,0
255.000,mission_duration_s,210.924
255.000,distance_traveled_m,5.923337641242248e-17
255.000,route_deviations,0
255.000,investigation_time_s,0.0
255.000,hazard_avoidances,0
255.000,min_hazard_distance_m,12.369316876853498
255.000,collisions,0
255.000,time_below_clearance_s,0.0
255.000,safety_zone_violations,0
255.000,min_ttc_s,-1.0
255.000,avoid_success,0
255.000,avoid_timeout,0
255.000,q_convergence,1.9425730865155597e-13
255.000,update_residual,1.9425730865155595e-14
256.000,anomalies_detected,0
256.000,anomalies_unique,0
256.000,investigation_timeouts,0
256.000,mission_duration_s,211.924
256.000,distance_traveled_m,5.952647915446599e-17
256.000,route_deviations,0
256.000,investigation_time_s,0.0
256.000,hazard_avoidances,0
256.000,min_hazard_distance_m,12.369316876853498
256.000,collisions,0
256.000,time_below_clearance_s,0.0
256.000,safety_zone_violations,0
256.000,min_ttc_s,-1.0
256.000,avoid_success,0
256.000,avoid_timeout,0
256.000,q_convergence,1.6888078237440952e-13
256.000,update_residual,1.688807823744095e-14
257.000,anomalies_detected,0
257.000,anomalies_unique,0
257.000,investigation_timeouts,0
257.000,mission_duration_s,212.924
257.000,distance_traveled_m,5.977559796572766e-17
257.000,route_deviations,0
257.000,investigation_time_s,0.0
257.000,hazard_avoidances,0
257.000,min_hazard_distance_m,12.369316876853498
257.000,collisions,0
257.000,time_below_clearance_s,0.0
257.000,safety_zone_violations,0
257.000,min_ttc_s,-1.0
257.000,avoid_success,0
257.000,avoid_timeout,0
257.000,q_convergence,1.474376176702208e-13
257.000,update_residual,1.474376176702208e-14
258.000,anomalies_detected,0
258.000,anomalies_unique,0
258.000,investigation_timeouts,0
258.000,mission_duration_s,213.924
258.000,distance_traveled_m,6.007910808421199e-17
258.000,route_deviations,0
258.000,investigation_time_s,0.0
258.000,hazard_avoidances,0
258.000,min_hazard_distance_m,12.369316876853498
258.000,collisions,0
258.000,time_below_clearance_s,0.0
258.000,safety_zone_violations,0
258.000,min_ttc_s,-1.0
258.000,avoid_success,0
258.000,avoid_timeout,0
258.000,q_convergence,1.2802927442492176e-13
258.000,update_residual,1.280292744249218e-14
259.000,anomalies_detected,0
259.000,anomalies_unique,0
259.000,investigation_timeouts,0
259.000,mission_duration_s,214.924
259.000,distance_traveled_m,6.030556317339533e-17
259.000,route_deviations,0
259.000,investigation_time_s,0.0
259.000,hazard_avoidances,0
259.000,min_hazard_distance_m,12.369316876853498
259.000,collisions,0
259.000,time_below_clearance_s,0.0
259.000,safety_zone_violations,0
259.000,min_ttc_s,-1.0
259.000,avoid_success,0
259.000,avoid_timeout,0
259.000,q_convergence,1.1165671561944431e-13
259.000,update_residual,1.1165671561944434e-14
260.000,anomalies_detected,0
260.000,anomalies_unique,0
260.000,investigation_timeouts,0
260.000,mission_duration_s,215.924
260.000,distance_traveled_m,6.061344079258924e-17
260.000,route_deviations,0
260.000,investigation_time_s,0.0
260.000,hazard_avoidances,0
260.000,min_hazard_distance_m,12.369316876853498
260.000,collisions,0
260.000,time_below_clearance_s,0.0
260.000,safety_zone_violations,0
260.000,min_ttc_s,-1.0
260.000,avoid_success,0
260.000,avoid_timeout,0
260.000,q_convergence,9.681144774731365e-14
260.000,update_residual,9.681144774731367e-15
261.000,anomalies_detected,0
261.000,anomalies_unique,0
261.000,investigation_timeouts,0
261.000,mission_duration_s,216.924
261.000,distance_traveled_m,6.093316374801484e-17
261.000,route_deviations,0
261.000,investigation_time_s,0.0
261.000,hazard_avoidances,0
261.000,min_hazard_distance_m,12.369316876853498
261.000,collisions,0
261.000,time_below_clearance_s,0.0
261.000,safety_zone_violations,0
261.000,min_ttc_s,-1.0
261.000,avoid_success,0
261.000,avoid_timeout,0
261.000,q_convergence,8.463071513428337e-14
261.000,update_residual,8.463071513428331e-15
262.000,anomalies_detected,0
262.000,anomalies_unique,0
262.000,investigation_timeouts,0
262.000,mission_duration_s,217.924
262.000,distance_traveled_m,6.12187898419928e-17
262.000,route_deviations,0
262.000,investigation_time_s,0.0
262.000,hazard_avoidances,0
262.000,min_hazard_distance_m,12.369316876853498
262.000,collisions,0
262.000,time_below_clearance_s,0.0
262.000,safety_zone_violations,0
262.000,min_ttc_s,-1.0
262.000,avoid_success,0
262.000,avoid_timeout,0
262.000,q_convergence,7.473856924291425e-14
262.000,update_residual,7.473856924291425e-15
263.000,anomalies_detected,0
263.000,anomalies_unique,0
263.000,investigation_timeouts,0
263.000,mission_duration_s,218.924
263.000,distance_traveled_m,6.151120439157709e-17
263.000,route_deviations,0
263.000,investigation_time_s,0.0
263.000,hazard_avoidances,0
263.000,min_hazard_distance_m,12.369316876853498
263.000,collisions,0
263.000,time_below_clearance_s,0.0
263.000,safety_zone_violations,0
263.000,min_ttc_s,-1.0
263.000,avoid_success,0
263.000,avoid_timeout,0
263.000,q_convergence,6.496390726949487e-14
263.000,update_residual,6.496390726949488e-15
264.000,anomalies_detected,0
264.000,anomalies_unique,0
264.000,investigation_timeouts,0
264.000,mission_duration_s,219.924
264.000,distance_traveled_m,6.17634458661967e-17
264.000,route_deviations,0
264.000,investigation_time_s,0.0
264.000,hazard_avoidances,0
264.000,min_hazard_distance_m,12.369316876853498
264.000,collisions,0
264.000,time_below_clearance_s,0.0
264.000,safety_zone_violations,0
264.000,min_ttc_s,-1.0
264.000,avoid_success,0
264.000,avoid_timeout,0
264.000,q_convergence,5.5067062021407764e-14
264.000,update_residual,5.5067062021407766e-15
265.000,anomalies_detected,0
265.000,anomalies_unique,0
265.000,investigation_timeouts,0
265.000,mission_duration_s,220.924
265.000,distance_traveled_m,6.203024125815337e-17
265.000,route_deviations,0
265.000,investigation_time_s,0.0
265.000,hazard_avoidances,0
265.000,min_hazard_distance_m,12.369316876853498
265.000,collisions,0
265.000,time_below_clearance_s,0.0
265.000,safety_zone_violations,0
265.000,min_ttc_s,-1.0
265.000,avoid_success,0
265.000,avoid_timeout,0
265.000,q_convergence,4.8215399926578226e-14
265.000,update_residual,4.8215399926578205e-15
266.000,anomalies_detected,0
266.000,anomalies_unique,0
266.000,investigation_timeouts,0
266.000,mission_duration_s,221.924
266.000,distance_traveled_m,6.223457309327684e-17
266.000,route_deviations,0
266.000,investigation_time_s,0.0
266.000,hazard_avoidances,0
266.000,min_hazard_distance_m,12.369316876853498
266.000,collisions,0
266.000,time_below_clearance_s,0.0
266.000,safety_zone_violations,0
266.000,min_ttc_s,-1.0
266.000,avoid_success,0
266.000,avoid_timeout,0
266.000,q_convergence,4.364762519669187e-14
266.000,update_residual,4.3647625196691855e-15
267.000,anomalies_detected,0
267.000,anomalies_unique,0
267.000,investigation_timeouts,0
267.000,mission_duration_s,222.924
267.000,distance_traveled_m,6.248789187774804e-17
267.000,route_deviations,0
267.000,investigation_time_s,0.0
267.000,hazard_avoidances,0
267.000,min_hazard_distance_m,12.369316876853498
267.000,collisions,0
267.000,time_below_clearance_s,0.0
267.000,safety_zone_violations,0
267.000,min_ttc_s,-1.0
267.000,avoid_success,0
267.000,avoid_timeout,0
267.000,q_convergence,3.8158776550079453e-14
267.000,update_residual,3.815877655007946e-15
268.000,anomalies_detected,0
268.000,anomalies_unique,0
268.000,investigation_timeouts,0
268.000,mission_duration_s,223.924
268.000,distance_traveled_m,6.274654595859095e-17
268.000,route_deviations,0
268.000,investigation_time_s,0.0
268.000,hazard_avoidances,0
268.000,min_hazard_distance_m,12.369316876853498
268.000,collisions,0
268.000,time_below_clearance_s,0.0
268.000,safety_zone_violations,0
268.000,min_ttc_s,-1.0
268.000,avoid_success,0
268.000,avoid_timeout,0
268.000,q_convergence,3.3623897317219024e-14
268.000,update_residual,3.362389731721901e-15
269.000,anomalies_detected,0
269.000,anomalies_unique,0
269.000,investigation_timeouts,0
269.000,mission_duration_s,224.924
269.000,distance_traveled_m,6.30087411624777e-17
269.000,route_deviations,0
269.000,investigation_time_s,0.0
269.000,hazard_avoidances,0
269.000,min_hazard_distance_m,12.369316876853498
269.000,collisions,0
269.000,time_below_clearance_s,0.0
269.000,safety_zone_violations,0
269.000,min_ttc_s,-1.0
269.000,avoid_success,0
269.000,avoid_timeout,0
269.000,q_convergence,2.867547469317547e-14
269.000,update_residual,2.8675474693175484e-15
270.000,anomalies_detected,0
270.000,anomalies_unique,0
270.000,investigation_timeouts,0
270.000,mission_duration_s,225.924
270.000,distance_traveled_m,6.329812761144239e-17
270.000,route_deviations,0
270.000,investigation_time_s,0.0
270.000,hazard_avoidances,0
270.000,min_hazard_distance_m,12.369316876853498
270.000,collisions,0
270.000,time_below_clearance_s,0.0
270.000,safety_zone_violations,0
270.000,min_ttc_s,-1.0
270.000,avoid_success,0
270.000,avoid_timeout,0
270.000,q_convergence,2.347328680636045e-14
270.000,update_residual,2.3473286806360452e-15
271.000,anomalies_detected,0
271.000,anomalies_unique,0
271.000,investigation_timeouts,0
271.000,mission_duration_s,226.924
271.000,distance_traveled_m,6.351555631191109e-17
271.000,route_deviations,0
271.000,investigation_time_s,0.0
271.000,hazard_avoidances,0
271.000,min_hazard_distance_m,12.369316876853498
271.000,collisions,0
271.000,time_below_clearance_s,0.0
271.000,safety_zone_violations,0
271.000,min_ttc_s,-1.0
271.000,avoid_success,0
271.000,avoid_timeout,0
271.000,q_convergence,1.8947806286936004e-14
271.000,update_residual,1.8947806286936005e-15
272.000,anomalies_detected,0
272.000,anomalies_unique,0
272.000,investigation_timeouts,0
272.000,mission_duration_s,227.924
272.000,distance_traveled_m,6.381049960351896e-17
272.000,route_deviations,0
272.000,investigation_time_s,0.0
272.000,hazard_avoidances,0
272.000,min_hazard_distance_m,12.369316876853498
272.000,collisions,0
272.000,time_below_clearance_s,0.0
272.000,safety_zone_violations,0
272.000,min_ttc_s,-1.0
272.000,avoid_success,0
272.000,avoid_timeout,0
272.000,q_convergence,1.7763568394002505e-14
272.000,update_residual,1.7763568394002505e-15
273.000,anomalies_detected,0
273.000,anomalies_unique,0
273.000,investigation_timeouts,0
273.000,mission_duration_s,228.924
273.000,distance_traveled_m,6.405072335229735e-17
273.000,route_deviations,0
273.000,investigation_time_s,0.0
273.000,hazard_avoidances,0
273.000,min_hazard_distance_m,12.369316876853498
273.000,collisions,0
273.000,time_below_clearance_s,0.0
273.000,safety_zone_violations,0
273.000,min_ttc_s,-1.0
273.000,avoid_success,0
273.000,avoid_timeout,0
273.000,q_convergence,1.7763568394002505e-14
273.000,update_residual,1.7763568394002505e-15
274.000,anomalies_detected,0
274.000,anomalies_unique,0
274.000,investigation_timeouts,0
274.000,mission_duration_s,229.924
274.000,distance_traveled_m,6.432568357427748e-17
274.000,route_deviations,0
274.000,investigation_time_s,0.0
274.000,hazard_avoidances,0
274.000,min_hazard_distance_m,12.369316876853498
274.000,collisions,0
274.000,time_below_clearance_s,0.0
274.000,safety_zone_violations,0
274.000,min_ttc_s,-1.0
274.000,avoid_success,0
274.000,avoid_timeout,0
274.000,q_convergence,1.7763568394002505e-14
274.000,update_residual,1.7763568394002505e-15
275.000,anomalies_detected,0
275.000,anomalies_unique,0
275.000,investigation_timeouts,0
275.000,mission_duration_s,230.924
275.000,distance_traveled_m,6.464485576393222e-17
275.000,route_deviations,0
275.000,investigation_time_s,0.0
275.000,hazard_avoidances,0
275.000,min_hazard_distance_m,12.369316876853498
275.000,collisions,0
275.000,time_below_clearance_s,0.0
275.000,safety_zone_violations,0
275.000,min_ttc_s,-1.0
275.000,avoid_success,0
275.000,avoid_timeout,0
275.000,q_convergence,1.7763568394002505e-14
275.000,update_residual,1.7763568394002505e-15
276.000,anomalies_detected,0
276.000,anomalies_unique,0
276.000,investigation_timeouts,0
276.000,mission_duration_s,231.924
276.000,distance_traveled_m,6.494028260965499e-17
276.000,route_deviations,0
276.000,investigation_time_s,0.0
276.000,hazard_avoidances,0
276.000,min_hazard_distance_m,12.369316876853498
276.000,collisions,0
276.000,time_below_clearance_s,0.0
276.000,safety_zone_violations,0
276.000,min_ttc_s,-1.0
276.000,avoid_success,0
276.000,avoid_timeout,0
276.000,q_convergence,1.7763568394002505e-14
276.000,update_residual,1.7763568394002505e-15
277.000,anomalies_detected,0
277.000,anomalies_unique,0
277.000,investigation_timeouts,0
277.000,mission_duration_s,232.924
277.000,distance_traveled_m,6.52044289266194e-17
277.000,route_deviations,0
277.000,investigation_time_s,0.0
277.000,hazard_avoidances,0
277.000,min_hazard_distance_m,12.369316876853498
277.000,collisions,0
277.000,time_below_clearance_s,0.0
277.000,safety_zone_violations,0
277.000,min_ttc_s,-1.0
277.000,avoid_success,0
277.000,avoid_timeout,0
277.000,q_convergence,1.7763568394002505e-14
277.000,update_residual,1.7763568394002505e-15
278.000,anomalies_detected,0
278.000,anomalies_unique,0
278.000,investigation_timeouts,0
278.000,mission_duration_s,233.924
278.000,distance_traveled_m,6.54695779512761e-17
278.000,route_deviations,0
278.000,investigation_time_s,0.0
278.000,hazard_avoidances,0
278.000,min_hazard_distance_m,12.369316876853498
278.000,collisions,0
278.000,time_below_clearance_s,0.0
278.000,safety_zone_violations,0
278.000,min_ttc_s,-1.0
278.000,avoid_success,0
278.000,avoid_timeout,0
278.000,q_convergence,1.7763568394002505e-14
278.000,update_residual,1.7763568394002505e-15
279.000,anomalies_detected,0
279.000,anomalies_unique,0
279.000,investigation_timeouts,0
279.000,mission_duration_s,234.924
279.000,distance_traveled_m,6.572725007664345e-17
279.000,route_deviations,0
279.000,investigation_time_s,0.0
279.000,hazard_avoidances,0
279.000,min_hazard_distance_m,12.369316876853498
279.000,collisions,0
279.000,time_below_clearance_s,0.0
279.000,safety_zone_violations,0
279.000,min_ttc_s,-1.0
279.000,avoid_success,0
279.000,avoid_timeout,0
279.000,q_convergence,1.7763568394002505e-14
279.000,update_residual,1.7763568394002505e-15
280.000,anomalies_detected,0
280.000,anomalies_unique,0
280.000,investigation_timeouts,0
280.000,mission_duration_s,235.924
280.000,distance_traveled_m,6.596411000902698e-17
280.000,route_deviations,0
280.000,investigation_time_s,0.0
280.000,hazard_avoidances,0
280.000,min_hazard_distance_m,12.369316876853498
280.000,collisions,0
280.000,time_below_clearance_s,0.0
280.000,safety_zone_violations,0
280.000,min_ttc_s,-1.0
280.000,avoid_success,0
280.000,avoid_timeout,0
280.000,q_convergence,1.7763568394002505e-14
280.000,update_residual,1.7763568394002505e-15
281.000,anomalies_detected,0
281.000,anomalies_unique,0
281.000,investigation_timeouts,0
281.000,mission_duration_s,236.924
281.000,distance_traveled_m,6.627915924293425e-17
281.000,route_deviations,0
281.000,investigation_time_s,0.0
281.000,hazard_avoidances,0
281.000,min_hazard_distance_m,12.369316876853498
281.000,collisions,0
281.000,time_below_clearance_s,0.0
281.000,safety_zone_violations,0
281.000,min_ttc_s,-1.0
281.000,avoid_success,0
281.000,avoid_timeout,0
281.000,q_convergence,1.7763568394002505e-14
281.000,update_residual,1.7763568394002505e-15
282.000,anomalies_detected,0
282.000,anomalies_unique,0
282.000,investigation_timeouts,0
282.000,mission_duration_s,237.924
282.000,distance_traveled_m,6.659652025762991e-17
282.000,route_deviations,0
282.000,investigation_time_s,0.0
282.000,hazard_avoidances,0
282.000,min_hazard_distance_m,12.369316876853498
282.000,collisions,0
282.000,time_below_clearance_s,0.0
282.000,safety_zone_violations,0
282.000,min_ttc_s,-1.0
282.000,avoid_success,0
282.000,avoid_timeout,0
282.000,q_convergence,1.7763568394002505e-14
282.000,update_residual,1.7763568394002505e-15
283.000,anomalies_detected,0
283.000,anomalies_unique,0
283.000,investigation_timeouts,0
283.000,mission_duration_s,238.924
283.000,distance_traveled_m,6.688670439466402e-17
283.000,route_deviations,0
283.000,investigation_time_s,0.0
283.000,hazard_avoidances,0
283.000,min_hazard_distance_m,12.369316876853498
283.000,collisions,0
283.000,time_below_clearance_s,0.0
283.000,safety_zone_violations,0
283.000,min_ttc_s,-1.0
283.000,avoid_success,0
283.000,avoid_timeout,0
283.000,q_convergence,1.7763568394002505e-14
283.000,update_residual,1.7763568394002505e-15
284.000,anomalies_detected,0
284.000,anomalies_unique,0
284.000,investigation_timeouts,0
284.000,mission_duration_s,239.924
284.000,distance_traveled_m,6.718789248630636e-17
284.000,route_deviations,0
284.000,investigation_time_s,0.0
284.000,hazard_avoidances,0
284.000,min_hazard_distance_m,12.369316876853498
284.000,collisions,0
284.000,time_below_clearance_s,0.0
284.000,safety_zone_violations,0
284.000,min_ttc_s,-1.0
284.000,avoid_success,0
284.000,avoid_timeout,0
284.000,q_convergence,1.7763568394002505e-14
284.000,update_residual,1.7763568394002505e-15
285.000,anomalies_detected,0
285.000,anomalies_unique,0
285.000,investigation_timeouts,0
285.000,mission_duration_s,240.924
285.000,distance_traveled_m,6.745427038389044e-17
285.000,route_deviations,0
285.000,investigation_time_s,0.0
285.000,hazard_avoidances,0
285.000,min_hazard_distance_m,12.369316876853498
285.000,collisions,0
285.000,time_below_clearance_s,0.0
285.000,safety_zone_violations,0
285.000,min_ttc_s,-1.0
285.000,avoid_success,0
285.000,avoid_timeout,0
285.000,q_convergence,1.7763568394002505e-14
285.000,update_residual,1.7763568394002505e-15
286.000,anomalies_detected,0
286.000,anomalies_unique,0
286.000,investigation_timeouts,0
286.000,mission_duration_s,241.924
286.000,distance_traveled_m,6.774119631707623e-17
286.000,route_deviations,0
286.000,investigation_time_s,0.0
286.000,hazard_avoidances,0
286.000,min_hazard_distance_m,12.369316876853498
286.000,collisions,0
286.000,time_below_clearance_s,0.0
286.000,safety_zone_violations,0
286.000,min_ttc_s,-1.0
286.000,avoid_success,0
286.000,avoid_timeout,0
286.000,q_convergence,1.7763568394002505e-14
286.000,update_residual,1.7763568394002505e-15
287.000,anomalies_detected,0
287.000,anomalies_unique,0
287.000,investigation_timeouts,0
287.000,mission_duration_s,242.924
287.000,distance_traveled_m,6.796080553591766e-17
287.000,route_deviations,0
287.000,investigation_time_s,0.0
287.000,hazard_avoidances,0
287.000,min_hazard_distance_m,12.369316876853498
287.000,collisions,0
287.000,time_below_clearance_s,0.0
287.000,safety_zone_violations,0
287.000,min_ttc_s,-1.0
287.000,avoid_success,0
287.000,avoid_timeout,0
287.000,q_convergence,1.7763568394002505e-14
287.000,update_residual,1.7763568394002505e-15
288.000,anomalies_detected,0
288.000,anomalies_unique,0
288.000,investigation_timeouts,0
288.000,mission_duration_s,243.924
288.000,distance_traveled_m,6.822638524460031e-17
288.000,route_deviations,0
288.000,investigation_time_s,0.0
288.000,hazard_avoidances,0
288.000,min_hazard_distance_m,12.369316876853498
288.000,collisions,0
288.000,time_below_clearance_s,0.0
288.000,safety_zone_violations,0
288.000,min_ttc_s,-1.0
288.000,avoid_success,0
288.000,avoid_timeout,0
288.000,q_convergence,1.7763568394002505e-14
288.000,update_residual,1.7763568394002505e-15
289.000,anomalies_detected,0
289.000,anomalies_unique,0
289.000,investigation_timeouts,0
289.000,mission_duration_s,244.924
289.000,distance_traveled_m,6.856267914316451e-17
289.000,route_deviations,0
289.000,investigation_time_s,0.0
289.000,hazard_avoidances,0
289.000,min_hazard_distance_m,12.369316876853498
289.000,collisions,0
289.000,time_below_clearance_s,0.0
289.000,safety_zone_violations,0
289.000,min_ttc_s,-1.0
289.000,avoid_success,0
289.000,avoid_timeout,0
289.000,q_convergence,1.7763568394002505e-14
289.000,update_residual,1.7763568394002505e-15
290.000,anomalies_detected,0
290.000,anomalies_unique,0
290.000,investigation_timeouts,0
290.000,mission_duration_s,245.924
290.000,distance_traveled_m,6.885841108847855e-17
290.000,route_deviations,0
290.000,investigation_time_s,0.0
290.000,hazard_avoidances,0
290.000,min_hazard_distance_m,12.369316876853498
290.000,collisions,0
290.000,time_below_clearance_s,0.0
290.000,safety_zone_violations,0
290.000,min_ttc_s,-1.0
290.000,avoid_success,0
290.000,avoid_timeout,0
290.000,q_convergence,1.7763568394002505e-14
290.000,update_residual,1.7763568394002505e-15
291.000,anomalies_detected,0
291.000,anomalies_unique,0
291.000,investigation_timeouts,0
291.000,mission_duration_s,246.924
291.000,distance_traveled_m,6.914079132734843e-17
291.000,route_deviations,0
291.000,investigation_time_s,0.0
291.000,hazard_avoidances,0
291.000,min_hazard_distance_m,12.369316876853498
291.000,collisions,0
291.000,time_below_clearance_s,0.0
291.000,safety_zone_violations,0
291.000,min_ttc_s,-1.0
291.000,avoid_success,0
291.000,avoid_timeout,0
291.000,q_convergence,1.7763568394002505e-14
291.000,update_residual,1.7763568394002505e-15
292.000,anomalies_detected,0
292.000,anomalies_unique,0
292.000,investigation_timeouts,0
292.000,mission_duration_s,247.924
292.000,distance_traveled_m,6.939068864723687e-17
292.000,route_deviations,0
292.000,investigation_time_s,0.0
292.000,hazard_avoidances,0
292.000,min_hazard_distance_m,12.369316876853498
292.000,collisions,0
292.000,time_below_clearance_s,0.0
292.000,safety_zone_violations,0
292.000,min_ttc_s,-1.0
292.000,avoid_success,0
292.000,avoid_timeout,0
292.000,q_convergence,1.7763568394002505e-14
292.000,update_residual,1.7763568394002505e-15
293.000,anomalies_detected,0
293.000,anomalies_unique,0
293.000,investigation_timeouts,0
293.000,mission_duration_s,248.924
293.000,distance_traveled_m,6.968945186860703e-17
293.000,route_deviations,0
293.000,investigation_time_s,0.0
293.000,hazard_avoidances,0
293.000,min_hazard_distance_m,12.369316876853498
293.000,collisions,0
293.000,time_below_clearance_s,0.0
293.000,safety_zone_violations,0
293.000,min_ttc_s,-1.0
293.000,avoid_success,0
293.000,avoid_timeout,0
293.000,q_convergence,1.7763568394002505e-14
293.000,update_residual,1.7763568394002505e-15
294.000,anomalies_detected,0
294.000,anomalies_unique,0
294.000,investigation_timeouts,0
294.000,mission_duration_s,249.924
294.000,distance_traveled_m,7.005083161706257e-17
294.000,route_deviations,0
294.000,investigation_time_s,0.0
294.000,hazard_avoidances,0
294.000,min_hazard_distance_m,12.369316876853498
294.000,collisions,0
294.000,time_below_clearance_s,0.0
294.000,safety_zone_violations,0
294.000,min_ttc_s,-1.0
294.000,avoid_success,0
294.000,avoid_timeout,0
294.000,q_convergence,1.7763568394002505e-14
294.000,update_residual,1.7763568394002505e-15
295.000,anomalies_detected,0
295.000,anomalies_unique,0
295.000,investigation_timeouts,0
295.000,mission_duration_s,250.924
295.000,distance_traveled_m,7.029096764026738e-17
295.000,route_deviations,0
295.000,investigation_time_s,0.0
295.000,hazard_avoidances,0
295.000,min_hazard_distance_m,12.369316876853498
295.000,collisions,0
295.000,time_below_clearance_s,0.0
295.000,safety_zone_violations,0
295.000,min_ttc_s,-1.0
295.000,avoid_success,0
295.000,avoid_timeout,0
295.000,q_convergence,1.7763568394002505e-14
295.000,update_residual,1.7763568394002505e-15
296.000,anomalies_detected,0
296.000,anomalies_unique,0
296.000,investigation_timeouts,0
296.000,mission_duration_s,251.924
296.000,distance_traveled_m,7.052752157236982e-17
296.000,route_deviations,0
296.000,investigation_time_s,0.0
296.000,hazard_avoidances,0
296.000,min_hazard_distance_m,12.369316876853498
296.000,collisions,0
296.000,time_below_clearance_s,0.0
296.000,safety_zone_violations,0
296.000,min_ttc_s,-1.0
296.000,avoid_success,0
296.000,avoid_timeout,0
296.000,q_convergence,1.7763568394002505e-14
296.000,update_residual,1.7763568394002505e-15
297.000,anomalies_detected,0
297.000,anomalies_unique,0
297.000,investigation_timeouts,0
297.000,mission_duration_s,252.924
297.000,distance_traveled_m,7.083638315682969e-17
297.000,route_deviations,0
297.000,investigation_time_s,0.0
297.000,hazard_avoidances,0
297.000,min_hazard_distance_m,12.369316876853498
297.000,collisions,0
297.000,time_below_clearance_s,0.0
297.000,safety_zone_violations,0
297.000,min_ttc_s,-1.0
297.000,avoid_success,0
297.000,avoid_timeout,0
297.000,q_convergence,1.7763568394002505e-14
297.000,update_residual,1.7763568394002505e-15
298.000,anomalies_detected,0
298.000,anomalies_unique,0
298.000,investigation_timeouts,0
298.000,mission_duration_s,253.924
298.000,distance_traveled_m,7.108105167904249e-17
298.000,route_deviations,0
298.000,investigation_time_s,0.0
298.000,hazard_avoidances,0
298.000,min_hazard_distance_m,12.369316876853498
298.000,collisions,0
298.000,time_below_clearance_s,0.0
298.000,safety_zone_violations,0
298.000,min_ttc_s,-1.0
298.000,avoid_success,0
298.000,avoid_timeout,0
298.000,q_convergence,1.7763568394002505e-14
298.000,update_residual,1.7763568394002505e-15
299.000,anomalies_detected,0
299.000,anomalies_unique,0
299.000,investigation_timeouts,0
299.000,mission_duration_s,254.924
299.000,distance_traveled_m,7.140716101001868e-17
299.000,route_deviations,0
299.000,investigation_time_s,0.0
299.000,hazard_avoidances,0
299.000,min_hazard_distance_m,12.369316876853498
299.000,collisions,0
299.000,time_below_clearance_s,0.0
299.000,safety_zone_violations,0
299.000,min_ttc_s,-1.0
299.000,avoid_success,0
299.000,avoid_timeout,0
299.000,q_convergence,1.7763568394002505e-14
299.000,update_residual,1.7763568394002505e-15
300.000,anomalies_detected,0
300.000,anomalies_unique,0
300.000,investigation_timeouts,0
300.000,mission_duration_s,255.924
300.000,distance_traveled_m,7.166662371241695e-17
300.000,route_deviations,0
300.000,investigation_time_s,0.0
300.000,hazard_avoidances,0
300.000,min_hazard_distance_m,12.369316876853498
300.000,collisions,0
300.000,time_below_clearance_s,0.0
300.000,safety_zone_violations,0
300.000,min_ttc_s,-1.0
300.000,avoid_success,0
300.000,avoid_timeout,0
300.000,q_convergence,1.7763568394002505e-14
300.000,update_residual,1.7763568394002505e-15
301.000,anomalies_detected,0
301.000,anomalies_unique,0
301.000,investigation_timeouts,0
301.000,mission_duration_s,256.924
301.000,distance_traveled_m,7.19856956847784e-17
301.000,route_deviations,0
301.000,investigation_time_s,0.0
301.000,hazard_avoidances,0
301.000,min_hazard_distance_m,12.369316876853498
301.000,collisions,0
301.000,time_below_clearance_s,0.0
301.000,safety_zone_violations,0
301.000,min_ttc_s,-1.0
301.000,avoid_success,0
301.000,avoid_timeout,0
301.000,q_convergence,1.7763568394002505e-14
301.000,update_residual,1.7763568394002505e-15
302.000,anomalies_detected,0
302.000,anomalies_unique,0
302.000,investigation_timeouts,0
302.000,mission_duration_s,257.924
302.000,distance_traveled_m,7.225393749412459e-17
302.000,route_deviations,0
302.000,investigation_time_s,0.0
302.000,hazard_avoidances,0
302.000,min_hazard_distance_m,12.369316876853498
302.000,collisions,0
302.000,time_below_clearance_s,0.0
302.000,safety_zone_violations,0
302.000,min_ttc_s,-1.0
302.000,avoid_success,0
302.000,avoid_timeout,0
302.000,q_convergence,1.7763568394002505e-14
302.000,update_residual,1.7763568394002505e-15
303.000,anomalies_detected,0
303.000,anomalies_unique,0
303.000,investigation_timeouts,0
303.000,mission_duration_s,258.924
303.000,distance_traveled_m,7.248349665125795e-17
303.000,route_deviations,0
303.000,investigation_time_s,0.0
303.000,hazard_avoidances,0
303.000,min_hazard_distance_m,12.369316876853498
303.000,collisions,0
303.000,time_below_clearance_s,0.0
303.000,safety_zone_violations,0
303.000,min_ttc_s,-1.0
303.000,avoid_success,0
303.000,avoid_timeout,0
303.000,q_convergence,1.7763568394002505e-14
303.000,update_residual,1.7763568394002505e-15
304.000,anomalies_detected,0
304.000,anomalies_unique,0
304.000,investigation_timeouts,0
304.000,mission_duration_s,259.924
304.000,distance_traveled_m,7.274897000826296e-17
304.000,route_deviations,0
304.000,investigation_time_s,0.0
304.000,hazard_avoidances,0
304.000,min_hazard_distance_m,12.369316876853498
304.000,collisions,0
304.000,time_below_clearance_s,0.0
304.000,safety_zone_violations,0
304.000,min_ttc_s,-1.0
304.000,avoid_success,0
304.000,avoid_timeout,0
304.000,q_convergence,1.7763568394002505e-14
304.000,update_residual,1.7763568394002505e-15
305.000,anomalies_detected,0
305.000,anomalies_unique,0
305.000,investigation_timeouts,0
305.000,mission_duration_s,260.924
305.000,distance_traveled_m,7.301660890391679e-17
305.000,route_deviations,0
305.000,investigation_time_s,0.0
305.000,hazard_avoidances,0
305.000,min_hazard_distance_m,12.369316876853498
305.000,collisions,0
305.000,time_below_clearance_s,0.0
305.000,safety_zone_violations,0
305.000,min_ttc_s,-1.0
305.000,avoid_success,0
305.000,avoid_timeout,0
305.000,q_convergence,1.7763568394002505e-14
305.000,update_residual,1.7763568394002505e-15
306.000,anomalies_detected,0
306.000,anomalies_unique,0
306.000,investigation_timeouts,0
306.000,mission_duration_s,261.924
306.000,distance_traveled_m,7.330665598827095e-17
306.000,route_deviations,0
306.000,investigation_time_s,0.0
306.000,hazard_avoidances,0
306.000,min_hazard_distance_m,12.369316876853498
306.000,collisions,0
306.000,time_below_clearance_s,0.0
306.000,safety_zone_violations,0
306.000,min_ttc_s,-1.0
306.000,avoid_success,0
306.000,avoid_timeout,0
306.000,q_convergence,1.7763568394002505e-14
306.000,update_residual,1.7763568394002505e-15
307.000,anomalies_detected,0
307.000,anomalies_unique,0
307.000,investigation_timeouts,0
307.000,mission_duration_s,262.924
307.000,distance_traveled_m,7.356054062405786e-17
307.000,route_deviations,0
307.000,investigation_time_s,0.0
307.000,hazard_avoidances,0
307.000,min_hazard_distance_m,12.369316876853498
307.000,collisions,0
307.000,time_below_clearance_s,0.0
307.000,safety_zone_violations,0
307.000,min_ttc_s,-1.0
307.000,avoid_success,0
307.000,avoid_timeout,0
307.000,q_convergence,1.7763568394002505e-14
307.000,update_residual,1.7763568394002505e-15
308.000,anomalies_detected,0
308.000,anomalies_unique,0
308.000,investigation_timeouts,0
308.000,mission_duration_s,263.924
308.000,distance_traveled_m,7.384798081397644e-17
308.000,route_deviations,0
308.000,investigation_time_s,0.0
308.000,hazard_avoidances,0
308.000,min_hazard_distance_m,12.369316876853498
308.000,collisions,0
308.000,time_below_clearance_s,0.0
308.000,safety_zone_violations,0
308.000,min_ttc_s,-1.0
308.000,avoid_success,0
308.000,avoid_timeout,0
308.000,q_convergence,1.7763568394002505e-14
308.000,update_residual,1.7763568394002505e-15
309.000,anomalies_detected,0
309.000,anomalies_unique,0
309.000,investigation_timeouts,0
309.000,mission_duration_s,264.924
309.000,distance_traveled_m,7.407335237895228e-17
309.000,route_deviations,0
309.000,investigation_time_s,0.0
309.000,hazard_avoidances,0
309.000,min_hazard_distance_m,12.369316876853498
309.000,collisions,0
309.000,time_below_clearance_s,0.0
309.000,safety_zone_violations,0
309.000,min_ttc_s,-1.0
309.000,avoid_success,0
309.000,avoid_timeout,0
309.000,q_convergence,1.7763568394002505e-14
309.000,update_residual,1.7763568394002505e-15
310.000,anomalies_detected,0
310.000,anomalies_unique,0
310.000,investigation_timeouts,0
310.000,mission_duration_s,265.924
310.000,distance_traveled_m,7.434913947216003e-17
310.000,route_deviations,0
310.000,investigation_time_s,0.0
310.000,hazard_avoidances,0
310.000,min_hazard_distance_m,12.369316876853498
310.000,collisions,0
310.000,time_below_clearance_s,0.0
310.000,safety_zone_violations,0
310.000,min_ttc_s,-1.0
310.000,avoid_success,0
310.000,avoid_timeout,0
310.000,q_convergence,1.7763568394002505e-14
310.000,update_residual,1.7763568394002505e-15
311.000,anomalies_detected,0
311.000,anomalies_unique,0
311.000,investigation_timeouts,0
311.000,mission_duration_s,266.924
311.000,distance_traveled_m,7.457973352998272e-17
311.000,route_deviations,0
311.000,investigation_time_s,0.0
311.000,hazard_avoidances,0
311.000,min_hazard_distance_m,12.369316876853498
311.000,collisions,0
311.000,time_below_clearance_s,0.0
311.000,safety_zone_violations,0
311.000,min_ttc_s,-1.0
311.000,avoid_success,0
311.000,avoid_timeout,0
311.000,q_convergence,1.7763568394002505e-14
311.000,update_residual,1.7763568394002505e-15
312.000,anomalies_detected,0
312.000,anomalies_unique,0
312.000,investigation_timeouts,0
312.000,mission_duration_s,267.924
312.000,distance_traveled_m,7.481821543753167e-17
312.000,route_deviations,0
312.000,investigation_time_s,0.0
312.000,hazard_avoidances,0
312.000,min_hazard_distance_m,12.369316876853498
312.000,collisions,0
312.000,time_below_clearance_s,0.0
312.000,safety_zone_violations,0
312.000,min_ttc_s,-1.0
312.000,avoid_success,0
312.000,avoid_timeout,0
312.000,q_convergence,1.7763568394002505e-14
312.000,update_residual,1.7763568394002505e-15
313.000,anomalies_detected,0
313.000,anomalies_unique,0
313.000,investigation_timeouts,0
313.000,mission_duration_s,268.924
313.000,distance_traveled_m,7.512470281006954e-17
313.000,route_deviations,0
313.000,investigation_time_s,0.0
313.000,hazard_avoidances,0
313.000,min_hazard_distance_m,12.369316876853498
313.000,collisions,0
313.000,time_below_clearance_s,0.0
313.000,safety_zone_violations,0
313.000,min_ttc_s,-1.0
313.000,avoid_success,0
313.000,avoid_timeout,0
313.000,q_convergence,1.7763568394002505e-14
313.000,update_residual,1.7763568394002505e-15
314.000,anomalies_detected,0
314.000,anomalies_unique,0
314.000,investigation_timeouts,0
314.000,mission_duration_s,269.924
314.000,distance_traveled_m,7.545791702393253e-17
314.000,route_deviations,0
314.000,investigation_time_s,0.0
314.000,hazard_avoidances,0
314.000,min_hazard_distance_m,12.369316876853498
314.000,collisions,0
314.000,time_below_clearance_s,0.0
314.000,safety_zone_violations,0
314.000,min_ttc_s,-1.0
314.000,avoid_success,0
314.000,avoid_timeout,0
314.000,q_convergence,1.7763568394002505e-14
314.000,update_residual,1.7763568394002505e-15
315.000,anomalies_detected,0
315.000,anomalies_unique,0
315.000,investigation_timeouts,0
315.000,mission_duration_s,270.924
315.000,distance_traveled_m,7.575489811860027e-17
315.000,route_deviations,0
315.000,investigation_time_s,0.0
315.000,hazard_avoidances,0
315.000,min_hazard_distance_m,12.369316876853498
315.000,collisions,0
315.000,time_below_clearance_s,0.0
315.000,safety_zone_violations,0
315.000,min_ttc_s,-1.0
315.000,avoid_success,0
315.000,avoid_timeout,0
315.000,q_convergence,1.7763568394002505e-14
315.000,update_residual,1.7763568394002505e-15
316.000,anomalies_detected,0
316.000,anomalies_unique,0
316.000,investigation_timeouts,0
316.000,mission_duration_s,271.924
316.000,distance_traveled_m,7.60750926194816e-17
316.000,route_deviations,0
316.000,investigation_time_s,0.0
316.000,hazard_avoidances,0
316.000,min_hazard_distance_m,12.369316876853498
316.000,collisions,0
316.000,time_below_clearance_s,0.0
316.000,safety_zone_violations,0
316.000,min_ttc_s,-1.0
316.000,avoid_success,0
316.000,avoid_timeout,0
316.000,q_convergence,1.7763568394002505e-14
316.000,update_residual,1.7763568394002505e-15
317.000,anomalies_detected,0
317.000,anomalies_unique,0
317.000,investigation_timeouts,0
317.000,mission_duration_s,272.924
317.000,distance_traveled_m,7.641024516228126e-17
317.000,route_deviations,0
317.000,investigation_time_s,0.0
317.000,hazard_avoidances,0
317.000,min_hazard_distance_m,12.369316876853498
317.000,collisions,0
317.000,time_below_clearance_s,0.0
317.000,safety_zone_violations,0
317.000,min_ttc_s,-1.0
317.000,avoid_success,0
317.000,avoid_timeout,0
317.000,q_convergence,1.7763568394002505e-14
317.000,update_residual,1.7763568394002505e-15
318.000,anomalies_detected,0
318.000,anomalies_unique,0
318.000,investigation_timeouts,0
318.000,mission_duration_s,273.924
318.000,distance_traveled_m,7.669853816410227e-17
318.000,route_deviations,0
318.000,investigation_time_s,0.0
318.000,hazard_avoidances,0
318.000,min_hazard_distance_m,12.369316876853498
318.000,collisions,0
318.000,time_below_clearance_s,0.0
318.000,safety_zone_violations,0
318.000,min_ttc_s,-1.0
318.000,avoid_success,0
318.000,avoid_timeout,0
318.000,q_convergence,1.7763568394002505e-14
318.000,update_residual,1.7763568394002505e-15
319.000,anomalies_detected,0
319.000,anomalies_unique,0
319.000,investigation_timeouts,0
319.000,mission_duration_s,274.924
319.000,distance_traveled_m,7.69418524931015e-17
319.000,route_deviations,0
319.000,investigation_time_s,0.0
319.000,hazard_avoidances,0
319.000,min_hazard_distance_m,12.369316876853498
319.000,collisions,0
319.000,time_below_clearance_s,0.0
319.000,safety_zone_violations,0
319.000,min_ttc_s,-1.0
319.000,avoid_success,0
319.000,avoid_timeout,0
319.000,q_convergence,1.7763568394002505e-14
319.000,update_residual,1.7763568394002505e-15
320.000,anomalies_detected,0
320.000,anomalies_unique,0
320.000,investigation_timeouts,0
320.000,mission_duration_s,275.924
320.000,distance_traveled_m,7.713019760562778e-17
320.000,route_deviations,0
320.000,investigation_time_s,0.0
320.000,hazard_avoidances,0
320.000,min_hazard_distance_m,12.369316876853498
320.000,collisions,0
320.000,time_below_clearance_s,0.0
320.000,safety_zone_violations,0
320.000,min_ttc_s,-1.0
320.000,avoid_success,0
320.000,avoid_timeout,0
320.000,q_convergence,1.7763568394002505e-14
320.000,update_residual,1.7763568394002505e-15
321.000,anomalies_detected,0
321.000,anomalies_unique,0
321.000,investigation_timeouts,0
321.000,mission_duration_s,276.924
321.000,distance_traveled_m,7.738609167314891e-17
321.000,route_deviations,0
321.000,investigation_time_s,0.0
321.000,hazard_avoidances,0
321.000,min_hazard_distance_m,12.369316876853498
321.000,collisions,0
321.000,time_below_clearance_s,0.0
321.000,safety_zone_violations,0
321.000,min_ttc_s,-1.0
321.000,avoid_success,0
321.000,avoid_timeout,0
321.000,q_convergence,1.7763568394002505e-14
321.000,update_residual,1.7763568394002505e-15
322.000,anomalies_detected,0
322.000,anomalies_unique,0
322.000,investigation_timeouts,0
322.000,mission_duration_s,277.924
322.000,distance_traveled_m,7.763759114575642e-17
322.000,route_deviations,0
322.000,investigation_time_s,0.0
322.000,hazard_avoidances,0
322.000,min_hazard_distance_m,12.369316876853498
322.000,collisions,0
322.000,time_below_clearance_s,0.0
322.000,safety_zone_violations,0
322.000,min_ttc_s,-1.0
322.000,avoid_success,0
322.000,avoid_timeout,0
322.000,q_convergence,1.7763568394002505e-14
322.000,update_residual,1.7763568394002505e-15
323.000,anomalies_detected,0
323.000,anomalies_unique,0
323.000,investigation_timeouts,0
323.000,mission_duration_s,278.924
323.000,distance_traveled_m,7.794026446361461e-17
323.000,route_deviations,0
323.000,investigation_time_s,0.0
323.000,hazard_avoidances,0
323.000,min_hazard_distance_m,12.369316876853498
323.000,collisions,0
323.000,time_below_clearance_s,0.0
323.000,safety_zone_violations,0
323.000,min_ttc_s,-1.0
323.000,avoid_success,0
323.000,avoid_timeout,0
323.000,q_convergence,1.7763568394002505e-14
323.000,update_residual,1.7763568394002505e-15
324.000,anomalies_detected,0
324.000,anomalies_unique,0
324.000,investigation_timeouts,0
324.000,mission_duration_s,279.924
324.000,distance_traveled_m,7.830126295450919e-17
324.000,route_deviations,0
324.000,investigation_time_s,0.0
324.000,hazard_avoidances,0
324.000,min_hazard_distance_m,12.369316876853498
324.000,collisions,0
324.000,time_below_clearance_s,0.0
324.000,safety_zone_violations,0
324.000,min_ttc_s,-1.0
324.000,avoid_success,0
324.000,avoid_timeout,0
324.000,q_convergence,1.7763568394002505e-14
324.000,update_residual,1.7763568394002505e-15
325.000,anomalies_detected,0
325.000,anomalies_unique,0
325.000,investigation_timeouts,0
325.000,mission_duration_s,280.924
325.000,distance_traveled_m,7.857692724209213e-17
325.000,route_deviations,0
325.000,investigation_time_s,0.0
325.000,hazard_avoidances,0
325.000,min_hazard_distance_m,12.369316876853498
325.000,collisions,0
325.000,time_below_clearance_s,0.0
325.000,safety_zone_violations,0
325.000,min_ttc_s,-1.0
325.000,avoid_success,0
325.000,avoid_timeout,0
325.000,q_convergence,1.7763568394002505e-14
325.000,update_residual,1.7763568394002505e-15
326.000,anomalies_detected,0
326.000,anomalies_unique,0
326.000,investigation_timeouts,0
326.000,mission_duration_s,281.924
326.000,distance_traveled_m,7.887995905711974e-17
326.000,route_deviations,0
326.000,investigation_time_s,0.0
326.000,hazard_avoidances,0
326.000,min_hazard_distance_m,12.369316876853498
326.000,collisions,0
326.000,time_below_clearance_s,0.0
326.000,safety_zone_violations,0
326.000,min_ttc_s,-1.0
326.000,avoid_success,0
326.000,avoid_timeout,0
326.000,q_convergence,1.7763568394002505e-14
326.000,update_residual,1.7763568394002505e-15
327.000,anomalies_detected,0
327.000,anomalies_unique,0
327.000,investigation_timeouts,0
327.000,mission_duration_s,282.924
327.000,distance_traveled_m,7.919510520929138e-17
327.000,route_deviations,0
327.000,investigation_time_s,0.0
327.000,hazard_avoidances,0
327.000,min_hazard_distance_m,12.369316876853498
327.000,collisions,0
327.000,time_below_clearance_s,0.0
327.000,safety_zone_violations,0
327.000,min_ttc_s,-1.0
327.000,avoid_success,0
327.000,avoid_timeout,0
327.000,q_convergence,1.7763568394002505e-14
327.000,update_residual,1.7763568394002505e-15
328.000,anomalies_detected,0
328.000,anomalies_unique,0
328.000,investigation_timeouts,0
328.000,mission_duration_s,283.924
328.000,distance_traveled_m,7.950948473790301e-17
328.000,route_deviations,0
328.000,investigation_time_s,0.0
328.000,hazard_avoidances,0
328.000,min_hazard_distance_m,12.369316876853498
328.000,collisions,0
328.000,time_below_clearance_s,0.0
328.000,safety_zone_violations,0
328.000,min_ttc_s,-1.0
328.000,avoid_success,0
328.000,avoid_timeout,0
328.000,q_convergence,1.7763568394002505e-14
328.000,update_residual,1.7763568394002505e-15
329.000,anomalies_detected,0
329.000,anomalies_unique,0
329.000,investigation_timeouts,0
329.000,mission_duration_s,284.924
329.000,distance_traveled_m,7.975293165409935e-17
329.000,route_deviations,0
329.000,investigation_time_s,0.0
329.000,hazard_avoidances,0
329.000,min_hazard_distance_m,12.369316876853498
329.000,collisions,0
329.000,time_below_clearance_s,0.0
329.000,safety_zone_violations,0
329.000,min_ttc_s,-1.0
329.000,avoid_success,0
329.000,avoid_timeout,0
329.000,q_convergence,1.7763568394002505e-14
329.000,update_residual,1.7763568394002505e-15
330.000,anomalies_detected,0
330.000,anomalies_unique,0
330.000,investigation_timeouts,0
330.000,mission_duration_s,285.924
330.000,distance_traveled_m,8.000742794228942e-17
330.000,route_deviations,0
330.000,investigation_time_s,0.0
330.000,hazard_avoidances,0
330.000,min_hazard_distance_m,12.369316876853498
330.000,collisions,0
330.000,time_below_clearance_s,0.0
330.000,safety_zone_violations,0
330.000,min_ttc_s,-1.0
330.000,avoid_success,0
330.000,avoid_timeout,0
330.000,q_convergence,1.7763568394002505e-14
330.000,update_residual,1.7763568394002505e-15
331.000,anomalies_detected,0
331.000,anomalies_unique,0
331.000,investigation_timeouts,0
331.000,mission_duration_s,286.924
331.000,distance_traveled_m,8.020776714300157e-17
331.000,route_deviations,0
331.000,investigation_time_s,0.0
331.000,hazard_avoidances,0
331.000,min_hazard_distance_m,12.369316876853498
331.000,collisions,0
331.000,time_below_clearance_s,0.0
331.000,safety_zone_violations,0
331.000,min_ttc_s,-1.0
331.000,avoid_success,0
331.000,avoid_timeout,0
331.000,q_convergence,1.7763568394002505e-14
331.000,update_residual,1.7763568394002505e-15
332.000,anomalies_detected,0
332.000,anomalies_unique,0
332.000,investigation_timeouts,0
332.000,mission_duration_s,287.924
332.000,distance_traveled_m,8.04899731989602e-17
332.000,route_deviations,0
332.000,investigation_time_s,0.0
332.000,hazard_avoidances,0
332.000,min_hazard_distance_m,12.369316876853498
332.000,collisions,0
332.000,time_below_clearance_s,0.0
332.000,safety_zone_violations,0
332.000,min_ttc_s,-1.0
332.000,avoid_success,0
332.000,avoid_timeout,0
332.000,q_convergence,1.7763568394002505e-14
332.000,update_residual,1.7763568394002505e-15
333.000,anomalies_detected,0
333.000,anomalies_unique,0
333.000,investigation_timeouts,0
333.000,mission_duration_s,288.924
333.000,distance_traveled_m,8.07837318411073e-17
333.000,route_deviations,0
333.000,investigation_time_s,0.0
333.000,hazard_avoidances,0
333.000,min_hazard_distance_m,12.369316876853498
333.000,collisions,0
333.000,time_below_clearance_s,0.0
333.000,safety_zone_violations,0
333.000,min_ttc_s,-1.0
333.000,avoid_success,0
333.000,avoid_timeout,0
333.000,q_convergence,1.7763568394002505e-14
333.000,update_residual,1.7763568394002505e-15
334.000,anomalies_detected,0
334.000,anomalies_unique,0
334.000,investigation_timeouts,0
334.000,mission_duration_s,289.924
334.000,distance_traveled_m,8.105474270944764e-17
334.000,route_deviations,0
334.000,investigation_time_s,0.0
334.000,hazard_avoidances,0
334.000,min_hazard_distance_m,12.369316876853498
334.000,collisions,0
334.000,time_below_clearance_s,0.0
334.000,safety_zone_violations,0
334.000,min_ttc_s,-1.0
334.000,avoid_success,0
334.000,avoid_timeout,0
334.000,q_convergence,1.7763568394002505e-14
334.000,update_residual,1.7763568394002505e-15
335.000,anomalies_detected,0
335.000,anomalies_unique,0
335.000,investigation_timeouts,0
335.000,mission_duration_s,290.924
335.000,distance_traveled_m,8.131144418360259e-17
335.000,route_deviations,0
335.000,investigation_time_s,0.0
335.000,hazard_avoidances,0
335.000,min_hazard_distance_m,12.369316876853498
335.000,collisions,0
335.000,time_below_clearance_s,0.0
335.000,safety_zone_violations,0
335.000,min_ttc_s,-1.0
335.000,avoid_success,0
335.000,avoid_timeout,0
335.000,q_convergence,1.7763568394002505e-14
335.000,update_residual,1.7763568394002505e-15
336.000,anomalies_detected,0
336.000,anomalies_unique,0
336.000,investigation_timeouts,0
336.000,mission_duration_s,291.924
336.000,distance_traveled_m,8.154761537907404e-17
336.000,route_deviations,0
336.000,investigation_time_s,0.0
336.000,hazard_avoidances,0
336.000,min_hazard_distance_m,12.369316876853498
336.000,collisions,0
336.000,time_below_clearance_s,0.0
336.000,safety_zone_violations,0
336.000,min_ttc_s,-1.0
336.000,avoid_success,0
336.000,avoid_timeout,0
336.000,q_convergence,1.7763568394002505e-14
336.000,update_residual,1.7763568394002505e-15
337.000,anomalies_detected,0
337.000,anomalies_unique,0
337.000,investigation_timeouts,0
337.000,mission_duration_s,292.924
337.000,distance_traveled_m,8.183553569079266e-17
337.000,route_deviations,0
337.000,investigation_time_s,0.0
337.000,hazard_avoidances,0
337.000,min_hazard_distance_m,12.369316876853498
337.000,collisions,0
337.000,time_below_clearance_s,0.0
337.000,safety_zone_violations,0
337.000,min_ttc_s,-1.0
337.000,avoid_success,0
337.000,avoid_timeout,0
337.000,q_convergence,1.7763568394002505e-14
337.000,update_residual,1.7763568394002505e-15
338.000,anomalies_detected,0
338.000,anomalies_unique,0
338.000,investigation_timeouts,0
338.000,mission_duration_s,293.924
338.000,distance_traveled_m,8.212939693645525e-17
338.000,route_deviations,0
338.000,investigation_time_s,0.0
338.000,hazard_avoidances,0
338.000,min_hazard_distance_m,12.369316876853498
338.000,collisions,0
338.000,time_below_clearance_s,0.0
338.000,safety_zone_violations,0
338.000,min_ttc_s,-1.0
338.000,avoid_success,0
338.000,avoid_timeout,0
338.000,q_convergence,1.7763568394002505e-14
338.000,update_residual,1.7763568394002505e-15
339.000,anomalies_detected,0
339.000,anomalies_unique,0
339.000,investigation_timeouts,0
339.000,mission_duration_s,294.924
339.000,distance_traveled_m,8.24425158224263e-17
339.000,route_deviations,0
339.000,investigation_time_s,0.0
339.000,hazard_avoidances,0
339.000,min_hazard_distance_m,12.369316876853498
339.000,collisions,0
339.000,time_below_clearance_s,0.0
339.000,safety_zone_violations,0
339.000,min_ttc_s,-1.0
339.000,avoid_success,0
339.000,avoid_timeout,0
339.000,q_convergence,1.7763568394002505e-14
339.000,update_residual,1.7763568394002505e-15
340.000,anomalies_detected,0
340.000,anomalies_unique,0
340.000,investigation_timeouts,0
340.000,mission_duration_s,295.924
340.000,distance_traveled_m,8.265420798899624e-17
340.000,route_deviations,0
340.000,investigation_time_s,0.0
340.000,hazard_avoidances,0
340.000,min_hazard_distance_m,12.369316876853498
340.000,collisions,0
340.000,time_below_clearance_s,0.0
340.000,safety_zone_violations,0
340.000,min_ttc_s,-1.0
340.000,avoid_success,0
340.000,avoid_timeout,0
340.000,q_convergence,1.7763568394002505e-14
340.000,update_residual,1.7763568394002505e-15
341.000,anomalies_detected,0
341.000,anomalies_unique,0
341.000,investigation_timeouts,0
341.000,mission_duration_s,296.924
341.000,distance_traveled_m,8.307681060414552e-17
341.000,route_deviations,0
341.000,investigation_time_s,0.0
341.000,hazard_avoidances,0
341.000,min_hazard_distance_m,12.369316876853498
341.000,collisions,0
341.000,time_below_clearance_s,0.0
341.000,safety_zone_violations,0
341.000,min_ttc_s,-1.0
341.000,avoid_success,0
341.000,avoid_timeout,0
341.000,q_convergence,1.7763568394002505e-14
341.000,update_residual,1.7763568394002505e-15
342.000,anomalies_detected,0
342.000,anomalies_unique,0
342.000,investigation_timeouts,0
342.000,mission_duration_s,297.924
342.000,distance_traveled_m,8.333265094935548e-17
342.000,route_deviations,0
342.000,investigation_time_s,0.0
342.000,hazard_avoidances,0
342.000,min_hazard_distance_m,12.369316876853498
342.000,collisions,0
342.000,time_below_clearance_s,0.0
342.000,safety_zone_violations,0
342.000,min_ttc_s,-1.0
342.000,avoid_success,0
342.000,avoid_timeout,0
342.000,q_convergence,1.7763568394002505e-14
342.000,update_residual,1.7763568394002505e-15
343.000,anomalies_detected,0
343.000,anomalies_unique,0
343.000,investigation_timeouts,0
343.000,mission_duration_s,298.924
343.000,distance_traveled_m,8.359373423912981e-17
343.000,route_deviations,0
343.000,investigation_time_s,0.0
343.000,hazard_avoidances,0
343.000,min_hazard_distance_m,12.369316876853498
343.000,collisions,0
343.000,time_below_clearance_s,0.0
343.000,safety_zone_violations,0
343.000,min_ttc_s,-1.0
343.000,avoid_success,0
343.000,avoid_timeout,0
343.000,q_convergence,1.7763568394002505e-14
343.000,update_residual,1.7763568394002505e-15
344.000,anomalies_detected,0
344.000,anomalies_unique,0
344.000,investigation_timeouts,0
344.000,mission_duration_s,299.924
344.000,distance_traveled_m,8.394540462314236e-17
344.000,route_deviations,0
344.000,investigation_time_s,0.0
344.000,hazard_avoidances,0
344.000,min_hazard_distance_m,12.369316876853498
344.000,collisions,0
344.000,time_below_clearance_s,0.0
344.000,safety_zone_violations,0
344.000,min_ttc_s,-1.0
344.000,avoid_success,0
344.000,avoid_timeout,0
344.000,q_convergence,1.7763568394002505e-14
344.000,update_residual,1.7763568394002505e-15
345.000,anomalies_detected,0
345.000,anomalies_unique,0
345.000,investigation_timeouts,0
345.000,mission_duration_s,300.924
345.000,distance_traveled_m,8.427357253282118e-17
345.000,route_deviations,0
345.000,investigation_time_s,0.0
345.000,hazard_avoidances,0
345.000,min_hazard_distance_m,12.369316876853498
345.000,collisions,0
345.000,time_below_clearance_s,0.0
345.000,safety_zone_violations,0
345.000,min_ttc_s,-1.0
345.000,avoid_success,0
345.000,avoid_timeout,0
345.000,q_convergence,1.7763568394002505e-14
345.000,update_residual,1.7763568394002505e-15
346.000,anomalies_detected,0
346.000,anomalies_unique,0
346.000,investigation_timeouts,0
346.000,mission_duration_s,301.924
346.000,distance_traveled_m,8.454483904601503e-17
346.000,route_deviations,0
346.000,investigation_time_s,0.0
346.000,hazard_avoidances,0
346.000,min_hazard_distance_m,12.369316876853498
346.000,collisions,0
346.000,time_below_clearance_s,0.0
346.000,safety_zone_violations,0
346.000,min_ttc_s,-1.0
346.000,avoid_success,0
346.000,avoid_timeout,0
346.000,q_convergence,1.7763568394002505e-14
346.000,update_residual,1.7763568394002505e-15
347.000,anomalies_detected,0
347.000,anomalies_unique,0
347.000,investigation_timeouts,0
347.000,mission_duration_s,302.924
347.000,distance_traveled_m,8.482444780008669e-17
347.000,route_deviations,0
347.000,investigation_time_s,0.0
347.000,hazard_avoidances,0
347.000,min_hazard_distance_m,12.369316876853498
347.000,collisions,0
347.000,time_below_clearance_s,0.0
347.000,safety_zone_violations,0
347.000,min_ttc_s,-1.0
347.000,avoid_success,0
347.000,avoid_timeout,0
347.000,q_convergence,1.7763568394002505e-14
347.000,update_residual,1.7763568394002505e-15
348.000,anomalies_detected,0
348.000,anomalies_unique,0
348.000,investigation_timeouts,0
348.000,mission_duration_s,303.924
348.000,distance_traveled_m,8.516406228839639e-17
348.000,route_deviations,0
348.000,investigation_time_s,0.0
348.000,hazard_avoidances,0
348.000,min_hazard_distance_m,12.369316876853498
348.000,collisions,0
348.000,time_below_clearance_s,0.0
348.000,safety_zone_violations,0
348.000,min_ttc_s,-1.0
348.000,avoid_success,0
348.000,avoid_timeout,0
348.000,q_convergence,1.7763568394002505e-14
348.000,update_residual,1.7763568394002505e-15
349.000,anomalies_detected,0
349.000,anomalies_unique,0
349.000,investigation_timeouts,0
349.000,mission_duration_s,304.924
349.000,distance_traveled_m,8.547395908293052e-17
349.000,route_deviations,0
349.000,investigation_time_s,0.0
349.000,hazard_avoidances,0
349.000,min_hazard_distance_m,12.369316876853498
349.000,collisions,0
349.000,time_below_clearance_s,0.0
349.000,safety_zone_violations,0
349.000,min_ttc_s,-1.0
349.000,avoid_success,0
349.000,avoid_timeout,0
349.000,q_convergence,1.7763568394002505e-14
349.000,update_residual,1.7763568394002505e-15
350.000,anomalies_detected,0
350.000,anomalies_unique,0
350.000,investigation_timeouts,0
350.000,mission_duration_s,305.924
350.000,distance_traveled_m,8.577570795940732e-17
350.000,route_deviations,0
350.000,investigation_time_s,0.0
350.000,hazard_avoidances,0
350.000,min_hazard_distance_m,12.369316876853498
350.000,collisions,0
350.000,time_below_clearance_s,0.0
350.000,safety_zone_violations,0
350.000,min_ttc_s,-1.0
350.000,avoid_success,0
350.000,avoid_timeout,0
350.000,q_convergence,1.7763568394002505e-14
350.000,update_residual,1.7763568394002505e-15
351.000,anomalies_detected,0
351.000,anomalies_unique,0
351.000,investigation_timeouts,0
351.000,mission_duration_s,306.924
351.000,distance_traveled_m,8.599607895181619e-17
351.000,route_deviations,0
351.000,investigation_time_s,0.0
351.000,hazard_avoidances,0
351.000,min_hazard_distance_m,12.369316876853498
351.000,collisions,0
351.000,time_below_clearance_s,0.0
351.000,safety_zone_violations,0
351.000,min_ttc_s,-1.0
351.000,avoid_success,0
351.000,avoid_timeout,0
351.000,q_convergence,1.7763568394002505e-14
351.000,update_residual,1.7763568394002505e-15
352.000,anomalies_detected,0
352.000,anomalies_unique,0
352.000,investigation_timeouts,0
352.000,mission_duration_s,307.924
352.000,distance_traveled_m,8.628147793786397e-17
352.000,route_deviations,0
352.000,investigation_time_s,0.0
352.000,hazard_avoidances,0
352.000,min_hazard_distance_m,12.369316876853498
352.000,collisions,0
352.000,time_below_clearance_s,0.0
352.000,safety_zone_violations,0
352.000,min_ttc_s,-1.0
352.000,avoid_success,0
352.000,avoid_timeout,0
352.000,q_convergence,1.7763568394002505e-14
352.000,update_residual,1.7763568394002505e-15
353.000,anomalies_detected,0
353.000,anomalies_unique,0
353.000,investigation_timeouts,0
353.000,mission_duration_s,308.924
353.000,distance_traveled_m,8.644830020667048e-17
353.000,route_deviations,0
353.000,investigation_time_s,0.0
353.000,hazard_avoidances,0
353.000,min_hazard_distance_m,12.369316876853498
353.000,collisions,0
353.000,time_below_clearance_s,0.0
353.000,safety_zone_violations,0
353.000,min_ttc_s,-1.0
353.000,avoid_success,0
353.000,avoid_timeout,0
353.000,q_convergence,1.7763568394002505e-14
353.000,update_residual,1.7763568394002505e-15
354.000,anomalies_detected,0
354.000,anomalies_unique,0
354.000,investigation_timeouts,0
354.000,mission_duration_s,309.924
354.000,distance_traveled_m,8.6713964489724e-17
354.000,route_deviations,0
354.000,investigation_time_s,0.0
354.000,hazard_avoidances,0
354.000,min_hazard_distance_m,12.369316876853498
354.000,collisions,0
354.000,time_below_clearance_s,0.0
354.000,safety_zone_violations,0
354.000,min_ttc_s,-1.0
354.000,avoid_success,0
354.000,avoid_timeout,0
354.000,q_convergence,1.7763568394002505e-14
354.000,update_residual,1.7763568394002505e-15
355.000,anomalies_detected,0
355.000,anomalies_unique,0
355.000,investigation_timeouts,0
355.000,mission_duration_s,310.924
355.000,distance_traveled_m,8.69531096983812e-17
355.000,route_deviations,0
355.000,investigation_time_s,0.0
355.000,hazard_avoidances,0
355.000,min_hazard_distance_m,12.369316876853498
355.000,collisions,0
355.000,time_below_clearance_s,0.0
355.000,safety_zone_violations,0
355.000,min_ttc_s,-1.0
355.000,avoid_success,0
355.000,avoid_timeout,0
355.000,q_convergence,1.7763568394002505e-14
355.000,update_residual,1.7763568394002505e-15
356.000,anomalies_detected,0
356.000,anomalies_unique,0
356.000,investigation_timeouts,0
356.000,mission_duration_s,311.924
356.000,distance_traveled_m,8.724555687393987e-17
356.000,route_deviations,0
356.000,investigation_time_s,0.0
356.000,hazard_avoidances,0
356.000,min_hazard_distance_m,12.369316876853498
356.000,collisions,0
356.000,time_below_clearance_s,0.0
356.000,safety_zone_violations,0
356.000,min_ttc_s,-1.0
356.000,avoid_success,0
356.000,avoid_timeout,0
356.000,q_convergence,1.7763568394002505e-14
356.000,update_residual,1.7763568394002505e-15
357.000,anomalies_detected,0
357.000,anomalies_unique,0
357.000,investigation_timeouts,0
357.000,mission_duration_s,312.924
357.000,distance_traveled_m,8.754204138882144e-17
357.000,route_deviations,0
357.000,investigation_time_s,0.0
357.000,hazard_avoidances,0
357.000,min_hazard_distance_m,12.369316876853498
357.000,collisions,0
357.000,time_below_clearance_s,0.0
357.000,safety_zone_violations,0
357.000,min_ttc_s,-1.0
357.000,avoid_success,0
357.000,avoid_timeout,0
357.000,q_convergence,1.7763568394002505e-14
357.000,update_residual,1.7763568394002505e-15
358.000,anomalies_detected,0
358.000,anomalies_unique,0
358.000,investigation_timeouts,0
358.000,mission_duration_s,313.924
358.000,distance_traveled_m,8.785685984983913e-17
358.000,route_deviations,0
358.000,investigation_time_s,0.0
358.000,hazard_avoidances,0
358.000,min_hazard_distance_m,12.369316876853498
358.000,collisions,0
358.000,time_below_clearance_s,0.0
358.000,safety_zone_violations,0
358.000,min_ttc_s,-1.0
358.000,avoid_success,0
358.000,avoid_timeout,0
358.000,q_convergence,1.7763568394002505e-14
358.000,update_residual,1.7763568394002505e-15
359.000,anomalies_detected,0
359.000,anomalies_unique,0
359.000,investigation_timeouts,0
359.000,mission_duration_s,314.924
359.000,distance_traveled_m,8.815905509930853e-17
359.000,route_deviations,0
359.000,investigation_time_s,0.0
359.000,hazard_avoidances,0
359.000,min_hazard_distance_m,12.369316876853498
359.000,collisions,0
359.000,time_below_clearance_s,0.0
359.000,safety_zone_violations,0
359.000,min_ttc_s,-1.0
359.000,avoid_success,0
359.000,avoid_timeout,0
359.000,q_convergence,1.7763568394002505e-14
359.000,update_residual,1.7763568394002505e-15
360.000,anomalies_detected,0
360.000,anomalies_unique,0
360.000,investigation_timeouts,0
360.000,mission_duration_s,315.924
360.000,distance_traveled_m,8.842658637100985e-17
360.000,route_deviations,0
360.000,investigation_time_s,0.0
360.000,hazard_avoidances,0
360.000,min_hazard_distance_m,12.369316876853498
360.000,collisions,0
360.000,time_below_clearance_s,0.0
360.000,safety_zone_violations,0
360.000,min_ttc_s,-1.0
360.000,avoid_success,0
360.000,avoid_timeout,0
360.000,q_convergence,1.7763568394002505e-14
360.000,update_residual,1.7763568394002505e-15
361.000,anomalies_detected,0
361.000,anomalies_unique,0
361.000,investigation_timeouts,0
361.000,mission_duration_s,316.924
361.000,distance_traveled_m,8.864498751437707e-17
361.000,route_deviations,0
361.000,investigation_time_s,0.0
361.000,hazard_avoidances,0
361.000,min_hazard_distance_m,12.369316876853498
361.000,collisions,0
361.000,time_below_clearance_s,0.0
361.000,safety_zone_violations,0
361.000,min_ttc_s,-1.0
361.000,avoid_success,0
361.000,avoid_timeout,0
361.000,q_convergence,1.7763568394002505e-14
361.000,update_residual,1.7763568394002505e-15
362.000,anomalies_detected,0
362.000,anomalies_unique,0
362.000,investigation_timeouts,0
362.000,mission_duration_s,317.924
362.000,distance_traveled_m,8.890021955064144e-17
362.000,route_deviations,0
362.000,investigation_time_s,0.0
362.000,hazard_avoidances,0
362.000,min_hazard_distance_m,12.369316876853498
362.000,collisions,0
362.000,time_below_clearance_s,0.0
362.000,safety_zone_violations,0
362.000,min_ttc_s,-1.0
362.000,avoid_success,0
362.000,avoid_timeout,0
362.000,q_convergence,1.7763568394002505e-14
362.000,update_residual,1.7763568394002505e-15
363.000,anomalies_detected,0
363.000,anomalies_unique,0
363.000,investigation_timeouts,0
363.000,mission_duration_s,318.924
363.000,distance_traveled_m,8.918144210096865e-17
363.000,route_deviations,0
363.000,investigation_time_s,0.0
363.000,hazard_avoidances,0
363.000,min_hazard_distance_m,12.369316876853498
363.000,collisions,0
363.000,time_below_clearance_s,0.0
363.000,safety_zone_violations,0
363.000,min_ttc_s,-1.0
363.000,avoid_success,0
363.000,avoid_timeout,0
363.000,q_convergence,1.7763568394002505e-14
363.000,update_residual,1.7763568394002505e-15
364.000,anomalies_detected,0
364.000,anomalies_unique,0
364.000,investigation_timeouts,0
364.000,mission_duration_s,319.924
364.000,distance_traveled_m,8.944953087947814e-17
364.000,route_deviations,0
364.000,investigation_time_s,0.0
364.000,hazard_avoidances,0
364.000,min_hazard_distance_m,12.369316876853498
364.000,collisions,0
364.000,time_below_clearance_s,0.0
364.000,safety_zone_violations,0
364.000,min_ttc_s,-1.0
364.000,avoid_success,0
364.000,avoid_timeout,0
364.000,q_convergence,1.7763568394002505e-14
364.000,update_residual,1.7763568394002505e-15
365.000,anomalies_detected,0
365.000,anomalies_unique,0
365.000,investigation_timeouts,0
365.000,mission_duration_s,320.924
365.000,distance_traveled_m,8.969988862150489e-17
365.000,route_deviations,0
365.000,investigation_time_s,0.0
365.000,hazard_avoidances,0
365.000,min_hazard_distance_m,12.369316876853498
365.000,collisions,0
365.000,time_below_clearance_s,0.0
365.000,safety_zone_violations,0
365.000,min_ttc_s,-1.0
365.000,avoid_success,0
365.000,avoid_timeout,0
365.000,q_convergence,1.7763568394002505e-14
365.000,update_residual,1.7763568394002505e-15
366.000,anomalies_detected,0
366.000,anomalies_unique,0
366.000,investigation_timeouts,0
366.000,mission_duration_s,321.924
366.000,distance_traveled_m,8.995715415932839e-17
366.000,route_deviations,0
366.000,investigation_time_s,0.0
366.000,hazard_avoidances,0
366.000,min_hazard_distance_m,12.369316876853498
366.000,collisions,0
366.000,time_below_clearance_s,0.0
366.000,safety_zone_violations,0
366.000,min_ttc_s,-1.0
366.000,avoid_success,0
366.000,avoid_timeout,0
366.000,q_convergence,1.7763568394002505e-14
366.000,update_residual,1.7763568394002505e-15
367.000,anomalies_detected,0
367.000,anomalies_unique,0
367.000,investigation_timeouts,0
367.000,mission_duration_s,322.924
367.000,distance_traveled_m,9.022004843826929e-17
367.000,route_deviations,0
367.000,investigation_time_s,0.0
367.000,hazard_avoidances,0
367.000,min_hazard_distance_m,12.369316876853498
367.000,collisions,0
367.000,time_below_clearance_s,0.0
367.000,safety_zone_violations,0
367.000,min_ttc_s,-1.0
367.000,avoid_success,0
367.000,avoid_timeout,0
367.000,q_convergence,1.7763568394002505e-14
367.000,update_residual,1.7763568394002505e-15
368.000,anomalies_detected,0
368.000,anomalies_unique,0
368.000,investigation_timeouts,0
368.000,mission_duration_s,323.924
368.000,distance_traveled_m,9.04610067775538e-17
368.000,route_deviations,0
368.000,investigation_time_s,0.0
368.000,hazard_avoidances,0
368.000,min_hazard_distance_m,12.369316876853498
368.000,collisions,0
368.000,time_below_clearance_s,0.0
368.000,safety_zone_violations,0
368.000,min_ttc_s,-1.0
368.000,avoid_success,0
368.000,avoid_timeout,0
368.000,q_convergence,1.7763568394002505e-14
368.000,update_residual,1.7763568394002505e-15
369.000,anomalies_detected,0
369.000,anomalies_unique,0
369.000,investigation_timeouts,0
369.000,mission_duration_s,324.924
369.000,distance_traveled_m,9.070111746027441e-17
369.000,route_deviations,0
369.000,investigation_time_s,0.0
369.000,hazard_avoidances,0
369.000,min_hazard_distance_m,12.369316876853498
369.000,collisions,0
369.000,time_below_clearance_s,0.0
369.000,safety_zone_violations,0
369.000,min_ttc_s,-1.0
369.000,avoid_success,0
369.000,avoid_timeout,0
369.000,q_convergence,1.7763568394002505e-14
369.000,update_residual,1.7763568394002505e-15
370.000,anomalies_detected,0
370.000,anomalies_unique,0
370.000,investigation_timeouts,0
370.000,mission_duration_s,325.924
370.000,distance_traveled_m,9.099147346023665e-17
370.000,route_deviations,0
370.000,investigation_time_s,0.0
370.000,hazard_avoidances,0
370.000,min_hazard_distance_m,12.369316876853498
370.000,collisions,0
370.000,time_below_clearance_s,0.0
370.000,safety_zone_violations,0
370.000,min_ttc_s,-1.0
370.000,avoid_success,0
370.000,avoid_timeout,0
370.000,q_convergence,1.7763568394002505e-14
370.000,update_residual,1.7763568394002505e-15
371.000,anomalies_detected,0
371.000,anomalies_unique,0
371.000,investigation_timeouts,0
371.000,mission_duration_s,326.924
371.000,distance_traveled_m,9.128325784521261e-17
371.000,route_deviations,0
371.000,investigation_time_s,0.0
371.000,hazard_avoidances,0
371.000,min_hazard_distance_m,12.369316876853498
371.000,collisions,0
371.000,time_below_clearance_s,0.0
371.000,safety_zone_violations,0
371.000,min_ttc_s,-1.0
371.000,avoid_success,0
371.000,avoid_timeout,0
371.000,q_convergence,1.7763568394002505e-14
371.000,update_residual,1.7763568394002505e-15
372.000,anomalies_detected,0
372.000,anomalies_unique,0
372.000,investigation_timeouts,0
372.000,mission_duration_s,327.924
372.000,distance_traveled_m,9.160013881565642e-17
372.000,route_deviations,0
372.000,investigation_time_s,0.0
372.000,hazard_avoidances,0
372.000,min_hazard_distance_m,12.369316876853498
372.000,collisions,0
372.000,time_below_clearance_s,0.0
372.000,safety_zone_violations,0
372.000,min_ttc_s,-1.0
372.000,avoid_success,0
372.000,avoid_timeout,0
372.000,q_convergence,1.7763568394002505e-14
372.000,update_residual,1.7763568394002505e-15
373.000,anomalies_detected,0
373.000,anomalies_unique,0
373.000,investigation_timeouts,0
373.000,mission_duration_s,328.924
373.000,distance_traveled_m,9.189835562122409e-17
373.000,route_deviations,0
373.000,investigation_time_s,0.0
373.000,hazard_avoidances,0
373.000,min_hazard_distance_m,12.369316876853498
373.000,collisions,0
373.000,time_below_clearance_s,0.0
373.000,safety_zone_violations,0
373.000,min_ttc_s,-1.0
373.000,avoid_success,0
373.000,avoid_timeout,0
373.000,q_convergence,1.7763568394002505e-14
373.000,update_residual,1.7763568394002505e-15
374.000,anomalies_detected,0
374.000,anomalies_unique,0
374.000,investigation_timeouts,0
374.000,mission_duration_s,329.924
374.000,distance_traveled_m,9.222867231268198e-17
374.000,route_deviations,0
374.000,investigation_time_s,0.0
374.000,hazard_avoidances,0
374.000,min_hazard_distance_m,12.369316876853498
374.000,collisions,0
374.000,time_below_clearance_s,0.0
374.000,safety_zone_violations,0
374.000,min_ttc_s,-1.0
374.000,avoid_success,0
374.000,avoid_timeout,0
374.000,q_convergence,1.7763568394002505e-14
374.000,update_residual,1.7763568394002505e-15
375.000,anomalies_detected,0
375.000,anomalies_unique,0
375.000,investigation_timeouts,0
375.000,mission_duration_s,330.924
375.000,distance_traveled_m,9.248249020371763e-17
375.000,route_deviations,0
375.000,investigation_time_s,0.0
375.000,hazard_avoidances,0
375.000,min_hazard_distance_m,12.369316876853498
375.000,collisions,0
375.000,time_below_clearance_s,0.0
375.000,safety_zone_violations,0
375.000,min_ttc_s,-1.0
375.000,avoid_success,0
375.000,avoid_timeout,0
375.000,q_convergence,1.7763568394002505e-14
375.000,update_residual,1.7763568394002505e-15
376.000,anomalies_detected,0
376.000,anomalies_unique,0
376.000,investigation_timeouts,0
376.000,mission_duration_s,331.924
376.000,distance_traveled_m,9.276840608232862e-17
376.000,route_deviations,0
376.000,investigation_time_s,0.0
376.000,hazard_avoidances,0
376.000,min_hazard_distance_m,12.369316876853498
376.000,collisions,0
376.000,time_below_clearance_s,0.0
376.000,safety_zone_violations,0
376.000,min_ttc_s,-1.0
376.000,avoid_success,0
376.000,avoid_timeout,0
376.000,q_convergence,1.7763568394002505e-14
376.000,update_residual,1.7763568394002505e-15
377.000,anomalies_detected,0
377.000,anomalies_unique,0
377.000,investigation_timeouts,0
377.000,mission_duration_s,332.924
377.000,distance_traveled_m,9.298926004885661e-17
377.000,route_deviations,0
377.000,investigation_time_s,0.0
377.000,hazard_avoidances,0
377.000,min_hazard_distance_m,12.369316876853498
377.000,collisions,0
377.000,time_below_clearance_s,0.0
377.000,safety_zone_violations,0
377.000,min_ttc_s,-1.0
377.000,avoid_success,0
377.000,avoid_timeout,0
377.000,q_convergence,1.7763568394002505e-14
377.000,update_residual,1.7763568394002505e-15
378.000,anomalies_detected,0
378.000,anomalies_unique,0
378.000,investigation_timeouts,0
378.000,mission_duration_s,333.924
378.000,distance_traveled_m,9.326097884889977e-17
378.000,route_deviations,0
378.000,investigation_time_s,0.0
378.000,hazard_avoidances,0
378.000,min_hazard_distance_m,12.369316876853498
378.000,collisions,0
378.000,time_below_clearance_s,0.0
378.000,safety_zone_violations,0
378.000,min_ttc_s,-1.0
378.000,avoid_success,0
378.000,avoid_timeout,0
378.000,q_convergence,1.7763568394002505e-14
378.000,update_residual,1.7763568394002505e-15
379.000,anomalies_detected,0
379.000,anomalies_unique,0
379.000,investigation_timeouts,0
379.000,mission_duration_s,334.924
379.000,distance_traveled_m,9.357257086851218e-17
379.000,route_deviations,0
379.000,investigation_time_s,0.0
379.000,hazard_avoidances,0
379.000,min_hazard_distance_m,12.369316876853498
379.000,collisions,0
379.000,time_below_clearance_s,0.0
379.000,safety_zone_violations,0
379.000,min_ttc_s,-1.0
379.000,avoid_success,0
379.000,avoid_timeout,0
379.000,q_convergence,1.7763568394002505e-14
379.000,update_residual,1.7763568394002505e-15
380.000,anomalies_detected,0
380.000,anomalies_unique,0
380.000,investigation_timeouts,0
380.000,mission_duration_s,335.924
380.000,distance_traveled_m,9.384597852256575e-17
380.000,route_deviations,0
380.000,investigation_time_s,0.0
380.000,hazard_avoidances,0
380.000,min_hazard_distance_m,12.369316876853498
380.000,collisions,0
380.000,time_below_clearance_s,0.0
380.000,safety_zone_violations,0
380.000,min_ttc_s,-1.0
380.000,avoid_success,0
380.000,avoid_timeout,0
380.000,q_convergence,1.7763568394002505e-14
380.000,update_residual,1.7763568394002505e-15
381.000,anomalies_detected,0
381.000,anomalies_unique,0
381.000,investigation_timeouts,0
381.000,mission_duration_s,336.924
381.000,distance_traveled_m,9.410420749073495e-17
381.000,route_deviations,0
381.000,investigation_time_s,0.0
381.000,hazard_avoidances,0
381.000,min_hazard_distance_m,12.369316876853498
381.000,collisions,0
381.000,time_below_clearance_s,0.0
381.000,safety_zone_violations,0
381.000,min_ttc_s,-1.0
381.000,avoid_success,0
381.000,avoid_timeout,0
381.000,q_convergence,1.7763568394002505e-14
381.000,update_residual,1.7763568394002505e-15
382.000,anomalies_detected,0
382.000,anomalies_unique,0
382.000,investigation_timeouts,0
382.000,mission_duration_s,337.924
382.000,distance_traveled_m,9.446046851550525e-17
382.000,route_deviations,0
382.000,investigation_time_s,0.0
382.000,hazard_avoidances,0
382.000,min_hazard_distance_m,12.369316876853498
382.000,collisions,0
382.000,time_below_clearance_s,0.0
382.000,safety_zone_violations,0
382.000,min_ttc_s,-1.0
382.000,avoid_success,0
382.000,avoid_timeout,0
382.000,q_convergence,1.7763568394002505e-14
382.000,update_residual,1.7763568394002505e-15
383.000,anomalies_detected,0
383.000,anomalies_unique,0
383.000,investigation_timeouts,0
383.000,mission_duration_s,338.924
383.000,distance_traveled_m,9.476571873684726e-17
383.000,route_deviations,0
383.000,investigation_time_s,0.0
383.000,hazard_avoidances,0
383.000,min_hazard_distance_m,12.369316876853498
383.000,collisions,0
383.000,time_below_clearance_s,0.0
383.000,safety_zone_violations,0
383.000,min_ttc_s,-1.0
383.000,avoid_success,0
383.000,avoid_timeout,0
383.000,q_convergence,1.7763568394002505e-14
383.000,update_residual,1.7763568394002505e-15
384.000,anomalies_detected,0
384.000,anomalies_unique,0
384.000,investigation_timeouts,0
384.000,mission_duration_s,339.924
384.000,distance_traveled_m,9.50217652576327e-17
384.000,route_deviations,0
384.000,investigation_time_s,0.0
384.000,hazard_avoidances,0
384.000,min_hazard_distance_m,12.369316876853498
384.000,collisions,0
384.000,time_below_clearance_s,0.0
384.000,safety_zone_violations,0
384.000,min_ttc_s,-1.0
384.000,avoid_success,0
384.000,avoid_timeout,0
384.000,q_convergence,1.7763568394002505e-14
384.000,update_residual,1.7763568394002505e-15
385.000,anomalies_detected,0
385.000,anomalies_unique,0
385.000,investigation_timeouts,0
385.000,mission_duration_s,340.924
385.000,distance_traveled_m,9.526902310234761e-17
385.000,route_deviations,0
385.000,investigation_time_s,0.0
385.000,hazard_avoidances,0
385.000,min_hazard_distance_m,12.369316876853498
385.000,collisions,0
385.000,time_below_clearance_s,0.0
385.000,safety_zone_violations,0
385.000,min_ttc_s,-1.0
385.000,avoid_success,0
385.000,avoid_timeout,0
385.000,q_convergence,1.7763568394002505e-14
385.000,update_residual,1.7763568394002505e-15
386.000,anomalies_detected,0
386.000,anomalies_unique,0
386.000,investigation_timeouts,0
386.000,mission_duration_s,341.924
386.000,distance_traveled_m,9.54722759934531e-17
386.000,route_deviations,0
386.000,investigation_time_s,0.0
386.000,hazard_avoidances,0
386.000,min_hazard_distance_m,12.369316876853498
386.000,collisions,0
386.000,time_below_clearance_s,0.0
386.000,safety_zone_violations,0
386.000,min_ttc_s,-1.0
386.000,avoid_success,0
386.000,avoid_timeout,0
386.000,q_convergence,1.7763568394002505e-14
386.000,update_residual,1.7763568394002505e-15
387.000,anomalies_detected,0
387.000,anomalies_unique,0
387.000,investigation_timeouts,0
387.000,mission_duration_s,342.924
387.000,distance_traveled_m,9.576997082058927e-17
387.000,route_deviations,0
387.000,investigation_time_s,0.0
387.000,hazard_avoidances,0
387.000,min_hazard_distance_m,12.369316876853498
387.000,collisions,0
387.000,time_below_clearance_s,0.0
387.000,safety_zone_violations,0
387.000,min_ttc_s,-1.0
387.000,avoid_success,0
387.000,avoid_timeout,0
387.000,q_convergence,1.7763568394002505e-14
387.000,update_residual,1.7763568394002505e-15
388.000,anomalies_detected,0
388.000,anomalies_unique,0
388.000,investigation_timeouts,0
388.000,mission_duration_s,343.924
388.000,distance_traveled_m,9.607759327637463e-17
388.000,route_deviations,0
388.000,investigation_time_s,0.0
388.000,hazard_avoidances,0
388.000,min_hazard_distance_m,12.369316876853498
388.000,collisions,0
388.000,time_below_clearance_s,0.0
388.000,safety_zone_violations,0
388.000,min_ttc_s,-1.0
388.000,avoid_success,0
388.000,avoid_timeout,0
388.000,q_convergence,1.7763568394002505e-14
388.000,update_residual,1.7763568394002505e-15
389.000,anomalies_detected,0
389.000,anomalies_unique,0
389.000,investigation_timeouts,0
389.000,mission_duration_s,344.924
389.000,distance_traveled_m,9.633777909861036e-17
389.000,route_deviations,0
389.000,investigation_time_s,0.0
389.000,hazard_avoidances,0
389.000,min_hazard_distance_m,12.369316876853498
389.000,collisions,0
389.000,time_below_clearance_s,0.0
389.000,safety_zone_violations,0
389.000,min_ttc_s,-1.0
389.000,avoid_success,0
389.000,avoid_timeout,0
389.000,q_convergence,1.7763568394002505e-14
389.000,update_residual,1.7763568394002505e-15
390.000,anomalies_detected,0
390.000,anomalies_unique,0
390.000,investigation_timeouts,0
390.000,mission_duration_s,345.924
390.000,distance_traveled_m,9.66536169741069e-17
390.000,route_deviations,0
390.000,investigation_time_s,0.0
390.000,hazard_avoidances,0
390.000,min_hazard_distance_m,12.369316876853498
390.000,collisions,0
390.000,time_below_clearance_s,0.0
390.000,safety_zone_violations,0
390.000,min_ttc_s,-1.0
390.000,avoid_success,0
390.000,avoid_timeout,0
390.000,q_convergence,1.7763568394002505e-14
390.000,update_residual,1.7763568394002505e-15
391.000,anomalies_detected,0
391.000,anomalies_unique,0
391.000,investigation_timeouts,0
391.000,mission_duration_s,346.924
391.000,distance_traveled_m,9.693068187718411e-17
391.000,route_deviations,0
391.000,investigation_time_s,0.0
391.000,hazard_avoidances,0
391.000,min_hazard_distance_m,12.369316876853498
391.000,collisions,0
391.000,time_below_clearance_s,0.0
391.000,safety_zone_violations,0
391.000,min_ttc_s,-1.0
391.000,avoid_success,0
391.000,avoid_timeout,0
391.000,q_convergence,1.7763568394002505e-14
391.000,update_residual,1.7763568394002505e-15
392.000,anomalies_detected,0
392.000,anomalies_unique,0
392.000,investigation_timeouts,0
392.000,mission_duration_s,347.924
392.000,distance_traveled_m,9.718190495352918e-17
392.000,route_deviations,0
392.000,investigation_time_s,0.0
392.000,hazard_avoidances,0
392.000,min_hazard_distance_m,12.369316876853498
392.000,collisions,0
392.000,time_below_clearance_s,0.0
392.000,safety_zone_violations,0
392.000,min_ttc_s,-1.0
392.000,avoid_success,0
392.000,avoid_timeout,0
392.000,q_convergence,1.7763568394002505e-14
392.000,update_residual,1.7763568394002505e-15
393.000,anomalies_detected,0
393.000,anomalies_unique,0
393.000,investigation_timeouts,0
393.000,mission_duration_s,348.924
393.000,distance_traveled_m,9.73902277606248e-17
393.000,route_deviations,0
393.000,investigation_time_s,0.0
393.000,hazard_avoidances,0
393.000,min_hazard_distance_m,12.369316876853498
393.000,collisions,0
393.000,time_below_clearance_s,0.0
393.000,safety_zone_violations,0
393.000,min_ttc_s,-1.0
393.000,avoid_success,0
393.000,avoid_timeout,0
393.000,q_convergence,1.7763568394002505e-14
393.000,update_residual,1.7763568394002505e-15
394.000,anomalies_detected,0
394.000,anomalies_unique,0
394.000,investigation_timeouts,0
394.000,mission_duration_s,349.924
394.000,distance_traveled_m,9.772104655879245e-17
394.000,route_deviations,0
394.000,investigation_time_s,0.0
394.000,hazard_avoidances,0
394.000,min_hazard_distance_m,12.369316876853498
394.000,collisions,0
394.000,time_below_clearance_s,0.0
394.000,safety_zone_violations,0
394.000,min_ttc_s,-1.0
394.000,avoid_success,0
394.000,avoid_timeout,0
394.000,q_convergence,1.7763568394002505e-14
394.000,update_residual,1.7763568394002505e-15
395.000,anomalies_detected,0
395.000,anomalies_unique,0
395.000,investigation_timeouts,0
395.000,mission_duration_s,350.924
395.000,distance_traveled_m,9.809454201521771e-17
395.000,route_deviations,0
395.000,investigation_time_s,0.0
395.000,hazard_avoidances,0
395.000,min_hazard_distance_m,12.369316876853498
395.000,collisions,0
395.000,time_below_clearance_s,0.0
395.000,safety_zone_violations,0
395.000,min_ttc_s,-1.0
395.000,avoid_success,0
395.000,avoid_timeout,0
395.000,q_convergence,1.7763568394002505e-14
395.000,update_residual,1.7763568394002505e-15
396.000,anomalies_detected,0
396.000,anomalies_unique,0
396.000,investigation_timeouts,0
396.000,mission_duration_s,351.924
396.000,distance_traveled_m,9.841081289553112e-17
396.000,route_deviations,0
396.000,investigation_time_s,0.0
396.000,hazard_avoidances,0
396.000,min_hazard_distance_m,12.369316876853498
396.000,collisions,0
396.000,time_below_clearance_s,0.0
396.000,safety_zone_violations,0
396.000,min_ttc_s,-1.0
396.000,avoid_success,0
396.000,avoid_timeout,0
396.000,q_convergence,1.7763568394002505e-14
396.000,update_residual,1.7763568394002505e-15
397.000,anomalies_detected,0
397.000,anomalies_unique,0
397.000,investigation_timeouts,0
397.000,mission_duration_s,352.924
397.000,distance_traveled_m,9.867404176256745e-17
397.000,route_deviations,0
397.000,investigation_time_s,0.0
397.000,hazard_avoidances,0
397.000,min_hazard_distance_m,12.369316876853498
397.000,collisions,0
397.000,time_below_clearance_s,0.0
397.000,safety_zone_violations,0
397.000,min_ttc_s,-1.0
397.000,avoid_success,0
397.000,avoid_timeout,0
397.000,q_convergence,1.7763568394002505e-14
397.000,update_residual,1.7763568394002505e-15
398.000,anomalies_detected,0
398.000,anomalies_unique,0
398.000,investigation_timeouts,0
398.000,mission_duration_s,353.924
398.000,distance_traveled_m,9.903125790710323e-17
398.000,route_deviations,0
398.000,investigation_time_s,0.0
398.000,hazard_avoidances,0
398.000,min_hazard_distance_m,12.369316876853498
398.000,collisions,0
398.000,time_below_clearance_s,0.0
398.000,safety_zone_violations,0
398.000,min_ttc_s,-1.0
398.000,avoid_success,0
398.000,avoid_timeout,0
398.000,q_convergence,1.7763568394002505e-14
398.000,update_residual,1.7763568394002505e-15
399.000,anomalies_detected,0
399.000,anomalies_unique,0
399.000,investigation_timeouts,0
399.000,mission_duration_s,354.924
399.000,distance_traveled_m,9.934224525122552e-17
399.000,route_deviations,0
399.000,investigation_time_s,0.0
399.000,hazard_avoidances,0
399.000,min_hazard_distance_m,12.369316876853498
399.000,collisions,0
399.000,time_below_clearance_s,0.0
399.000,safety_zone_violations,0
399.000,min_ttc_s,-1.0
399.000,avoid_success,0
399.000,avoid_timeout,0
399.000,q_convergence,1.7763568394002505e-14
399.000,update_residual,1.7763568394002505e-15
400.000,anomalies_detected,0
400.000,anomalies_unique,0
400.000,investigation_timeouts,0
400.000,mission_duration_s,355.924
400.000,distance_traveled_m,9.956539020028094e-17
400.000,route_deviations,0
400.000,investigation_time_s,0.0
400.000,hazard_avoidances,0
400.000,min_hazard_distance_m,12.369316876853498
400.000,collisions,0
400.000,time_below_clearance_s,0.0
400.000,safety_zone_violations,0
400.000,min_ttc_s,-1.0
400.000,avoid_success,0
400.000,avoid_timeout,0
400.000,q_convergence,1.7763568394002505e-14
400.000,update_residual,1.7763568394002505e-15
401.000,anomalies_detected,0
401.000,anomalies_unique,0
401.000,investigation_timeouts,0
401.000,mission_duration_s,356.924
401.000,distance_traveled_m,9.983999820487883e-17
401.000,route_deviations,0
401.000,investigation_time_s,0.0
401.000,hazard_avoidances,0
401.000,min_hazard_distance_m,12.369316876853498
401.000,collisions,0
401.000,time_below_clearance_s,0.0
401.000,safety_zone_violations,0
401.000,min_ttc_s,-1.0
401.000,avoid_success,0
401.000,avoid_timeout,0
401.000,q_convergence,1.7763568394002505e-14
401.000,update_residual,1.7763568394002505e-15
402.000,anomalies_detected,0
402.000,anomalies_unique,0
402.000,investigation_timeouts,0
402.000,mission_duration_s,357.924
402.000,distance_traveled_m,1.0015696264220854e-16
402.000,route_deviations,0
402.000,investigation_time_s,0.0
402.000,hazard_avoidances,0
402.000,min_hazard_distance_m,12.369316876853498
402.000,collisions,0
402.000,time_below_clearance_s,0.0
402.000,safety_zone_violations,0
402.000,min_ttc_s,-1.0
402.000,avoid_success,0
402.000,avoid_timeout,0
402.000,q_convergence,1.7763568394002505e-14
402.000,update_residual,1.7763568394002505e-15
403.000,anomalies_detected,0
403.000,anomalies_unique,0
403.000,investigation_timeouts,0
403.000,mission_duration_s,358.924
403.000,distance_traveled_m,1.0046506621580341e-16
403.000,route_deviations,0
403.000,investigation_time_s,0.0
403.000,hazard_avoidances,0
403.000,min_hazard_distance_m,12.369316876853498
403.000,collisions,0
403.000,time_below_clearance_s,0.0
403.000,safety_zone_violations,0
403.000,min_ttc_s,-1.0
403.000,avoid_success,0
403.000,avoid_timeout,0
403.000,q_convergence,1.7763568394002505e-14
403.000,update_residual,1.7763568394002505e-15
404.000,anomalies_detected,0
404.000,anomalies_unique,0
404.000,investigation_timeouts,0
404.000,mission_duration_s,359.924
404.000,distance_traveled_m,1.0074841146425541e-16
404.000,route_deviations,0
404.000,investigation_time_s,0.0
404.000,hazard_avoidances,0
404.000,min_hazard_distance_m,12.369316876853498
404.000,collisions,0
404.000,time_below_clearance_s,0.0
404.000,safety_zone_violations,0
404.000,min_ttc_s,-1.0
404.000,avoid_success,0
404.000,avoid_timeout,0
404.000,q_convergence,1.7763568394002505e-14
404.000,update_residual,1.7763568394002505e-15
405.000,anomalies_detected,0
405.000,anomalies_unique,0
405.000,investigation_timeouts,0
405.000,mission_duration_s,360.924
405.000,distance_traveled_m,1.0112685323133037e-16
405.000,route_deviations,0
405.000,investigation_time_s,0.0
405.000,hazard_avoidances,0
405.000,min_hazard_distance_m,12.369316876853498
405.000,collisions,0
405.000,time_below_clearance_s,0.0
405.000,safety_zone_violations,0
405.000,min_ttc_s,-1.0
405.000,avoid_success,0
405.000,avoid_timeout,0
405.000,q_convergence,1.7763568394002505e-14
405.000,update_residual,1.7763568394002505e-15
406.000,anomalies_detected,0
406.000,anomalies_unique,0
406.000,investigation_timeouts,0
406.000,mission_duration_s,361.924
406.000,distance_traveled_m,1.0139177209136604e-16
406.000,route_deviations,0
406.000,investigation_time_s,0.0
406.000,hazard_avoidances,0
406.000,min_hazard_distance_m,12.369316876853498
406.000,collisions,0
406.000,time_below_clearance_s,0.0
406.000,safety_zone_violations,0
406.000,min_ttc_s,-1.0
406.000,avoid_success,0
406.000,avoid_timeout,0
406.000,q_convergence,1.7763568394002505e-14
406.000,update_residual,1.7763568394002505e-15
407.000,anomalies_detected,0
407.000,anomalies_unique,0
407.000,investigation_timeouts,0
407.000,mission_duration_s,362.924
407.000,distance_traveled_m,1.0160786611814493e-16
407.000,route_deviations,0
407.000,investigation_time_s,0.0
407.000,hazard_avoidances,0
407.000,min_hazard_distance_m,12.369316876853498
407.000,collisions,0
407.000,time_below_clearance_s,0.0
407.000,safety_zone_violations,0
407.000,min_ttc_s,-1.0
407.000,avoid_success,0
407.000,avoid_timeout,0
407.000,q_convergence,1.7763568394002505e-14
407.000,update_residual,1.7763568394002505e-15
408.000,anomalies_detected,0
408.000,anomalies_unique,0
408.000,investigation_timeouts,0
408.000,mission_duration_s,363.924
408.000,distance_traveled_m,1.0185997712198658e-16
408.000,route_deviations,0
408.000,investigation_time_s,0.0
408.000,hazard_avoidances,0
408.000,min_hazard_distance_m,12.369316876853498
408.000,collisions,0
408.000,time_below_clearance_s,0.0
408.000,safety_zone_violations,0
408.000,min_ttc_s,-1.0
408.000,avoid_success,0
408.000,avoid_timeout,0
408.000,q_convergence,1.7763568394002505e-14
408.000,update_residual,1.7763568394002505e-15
409.000,anomalies_detected,0
409.000,anomalies_unique,0
409.000,investigation_timeouts,0
409.000,mission_duration_s,364.924
409.000,distance_traveled_m,1.0210474120456275e-16
409.000,route_deviations,0
409.000,investigation_time_s,0.0
409.000,hazard_avoidances,0
409.000,min_hazard_distance_m,12.369316876853498
409.000,collisions,0
409.000,time_below_clearance_s,0.0
409.000,safety_zone_violations,0
409.000,min_ttc_s,-1.0
409.000,avoid_success,0
409.000,avoid_timeout,0
409.000,q_convergence,1.7763568394002505e-14
409.000,update_residual,1.7763568394002505e-15
410.000,anomalies_detected,0
410.000,anomalies_unique,0
410.000,investigation_timeouts,0
410.000,mission_duration_s,365.924
410.000,distance_traveled_m,1.0241999792186328e-16
410.000,route_deviations,0
410.000,investigation_time_s,0.0
410.000,hazard_avoidances,0
410.000,min_hazard_distance_m,12.369316876853498
410.000,collisions,0
410.000,time_below_clearance_s,0.0
410.000,safety_zone_violations,0
410.000,min_ttc_s,-1.0
410.000,avoid_success,0
410.000,avoid_timeout,0
410.000,q_convergence,1.7763568394002505e-14
410.000,update_residual,1.7763568394002505e-15
411.000,anomalies_detected,0
411.000,anomalies_unique,0
411.000,investigation_timeouts,0
411.000,mission_duration_s,366.924
411.000,distance_traveled_m,1.0269851738165799e-16
411.000,route_deviations,0
411.000,investigation_time_s,0.0
411.000,hazard_avoidances,0
411.000,min_hazard_distance_m,12.369316876853498
411.000,collisions,0
411.000,time_below_clearance_s,0.0
411.000,safety_zone_violations,0
411.000,min_ttc_s,-1.0
411.000,avoid_success,0
411.000,avoid_timeout,0
411.000,q_convergence,1.7763568394002505e-14
411.000,update_residual,1.7763568394002505e-15
412.000,anomalies_detected,0
412.000,anomalies_unique,0
412.000,investigation_timeouts,0
412.000,mission_duration_s,367.924
412.000,distance_traveled_m,1.0302051531802824e-16
412.000,route_deviations,0
412.000,investigation_time_s,0.0
412.000,hazard_avoidances,0
412.000,min_hazard_distance_m,12.369316876853498
412.000,collisions,0
412.000,time_below_clearance_s,0.0
412.000,safety_zone_violations,0
412.000,min_ttc_s,-1.0
412.000,avoid_success,0
412.000,avoid_timeout,0
412.000,q_convergence,1.7763568394002505e-14
412.000,update_residual,1.7763568394002505e-15
413.000,anomalies_detected,0
413.000,anomalies_unique,0
413.000,investigation_timeouts,0
413.000,mission_duration_s,368.924
413.000,distance_traveled_m,1.032709329555246e-16
413.000,route_deviations,0
413.000,investigation_time_s,0.0
413.000,hazard_avoidances,0
413.000,min_hazard_distance_m,12.369316876853498
413.000,collisions,0
413.000,time_below_clearance_s,0.0
413.000,safety_zone_violations,0
413.000,min_ttc_s,-1.0
413.000,avoid_success,0
413.000,avoid_timeout,0
413.000,q_convergence,1.7763568394002505e-14
413.000,update_residual,1.7763568394002505e-15
414.000,anomalies_detected,0
414.000,anomalies_unique,0
414.000,investigation_timeouts,0
414.000,mission_duration_s,369.924
414.000,distance_traveled_m,1.035002151913297e-16
414.000,route_deviations,0
414.000,investigation_time_s,0.0
414.000,hazard_avoidances,0
414.000,min_hazard_distance_m,12.369316876853498
414.000,collisions,0
414.000,time_below_clearance_s,0.0
414.000,safety_zone_violations,0
414.000,min_ttc_s,-1.0
414.000,avoid_success,0
414.000,avoid_timeout,0
414.000,q_convergence,1.7763568394002505e-14
414.000,update_residual,1.7763568394002505e-15
415.000,anomalies_detected,0
415.000,anomalies_unique,0
415.000,investigation_timeouts,0
415.000,mission_duration_s,370.924
415.000,distance_traveled_m,1.0378969826532969e-16
415.000,route_deviations,0
415.000,investigation_time_s,0.0
415.000,hazard_avoidances,0
415.000,min_hazard_distance_m,12.369316876853498
415.000,collisions,0
415.000,time_below_clearance_s,0.0
415.000,safety_zone_violations,0
415.000,min_ttc_s,-1.0
415.000,avoid_success,0
415.000,avoid_timeout,0
415.000,q_convergence,1.7763568394002505e-14
415.000,update_residual,1.7763568394002505e-15
416.000,anomalies_detected,0
416.000,anomalies_unique,0
416.000,investigation_timeouts,0
416.000,mission_duration_s,371.924
416.000,distance_traveled_m,1.0403950432716328e-16
416.000,route_deviations,0
416.000,investigation_time_s,0.0
416.000,hazard_avoidances,0
416.000,min_hazard_distance_m,12.369316876853498
416.000,collisions,0
416.000,time_below_clearance_s,0.0
416.000,safety_zone_violations,0
416.000,min_ttc_s,-1.0
416.000,avoid_success,0
416.000,avoid_timeout,0
416.000,q_convergence,1.7763568394002505e-14
416.000,update_residual,1.7763568394002505e-15
417.000,anomalies_detected,0
417.000,anomalies_unique,0
417.000,investigation_timeouts,0
417.000,mission_duration_s,372.924
417.000,distance_traveled_m,1.0432388033636258e-16
417.000,route_deviations,0
417.000,investigation_time_s,0.0
417.000,hazard_avoidances,0
417.000,min_hazard_distance_m,12.369316876853498
417.000,collisions,0
417.000,time_below_clearance_s,0.0
417.000,safety_zone_violations,0
417.000,min_ttc_s,-1.0
417.000,avoid_success,0
417.000,avoid_timeout,0
417.000,q_convergence,1.7763568394002505e-14
417.000,update_residual,1.7763568394002505e-15
418.000,anomalies_detected,0
418.000,anomalies_unique,0
418.000,investigation_timeouts,0
418.000,mission_duration_s,373.924
418.000,distance_traveled_m,1.0460193226866675e-16
418.000,route_deviations,0
418.000,investigation_time_s,0.0
418.000,hazard_avoidances,0
418.000,min_hazard_distance_m,12.369316876853498
418.000,collisions,0
418.000,time_below_clearance_s,0.0
418.000,safety_zone_violations,0
418.000,min_ttc_s,-1.0
418.000,avoid_success,0
418.000,avoid_timeout,0
418.000,q_convergence,1.7763568394002505e-14
418.000,update_residual,1.7763568394002505e-15
419.000,anomalies_detected,0
419.000,anomalies_unique,0
419.000,investigation_timeouts,0
419.000,mission_duration_s,374.924
419.000,distance_traveled_m,1.0487744468540455e-16
419.000,route_deviations,0
419.000,investigation_time_s,0.0
419.000,hazard_avoidances,0
419.000,min_hazard_distance_m,12.369316876853498
419.000,collisions,0
419.000,time_below_clearance_s,0.0
419.000,safety_zone_violations,0
419.000,min_ttc_s,-1.0
419.000,avoid_success,0
419.000,avoid_timeout,0
419.000,q_convergence,1.7763568394002505e-14
419.000,update_residual,1.7763568394002505e-15
420.000,anomalies_detected,0
420.000,anomalies_unique,0
420.000,investigation_timeouts,0
420.000,mission_duration_s,375.924
420.000,distance_traveled_m,1.0519341667886701e-16
420.000,route_deviations,0
420.000,investigation_time_s,0.0
420.000,hazard_avoidances,0
420.000,min_hazard_distance_m,12.369316876853498
420.000,collisions,0
420.000,time_below_clearance_s,0.0
420.000,safety_zone_violations,0
420.000,min_ttc_s,-1.0
420.000,avoid_success,0
420.000,avoid_timeout,0
420.000,q_convergence,1.7763568394002505e-14
420.000,update_residual,1.7763568394002505e-15
421.000,anomalies_detected,0
421.000,anomalies_unique,0
421.000,investigation_timeouts,0
421.000,mission_duration_s,376.924
421.000,distance_traveled_m,1.0557235074280664e-16
421.000,route_deviations,0
421.000,investigation_time_s,0.0
421.000,hazard_avoidances,0
421.000,min_hazard_distance_m,12.369316876853498
421.000,collisions,0
421.000,time_below_clearance_s,0.0
421.000,safety_zone_violations,0
421.000,min_ttc_s,-1.0
421.000,avoid_success,0
421.000,avoid_timeout,0
421.000,q_convergence,1.7763568394002505e-14
421.000,update_residual,1.7763568394002505e-15
422.000,anomalies_detected,0
422.000,anomalies_unique,0
422.000,investigation_timeouts,0
422.000,mission_duration_s,377.924
422.000,distance_traveled_m,1.0586779331869354e-16
422.000,route_deviations,0
422.000,investigation_time_s,0.0
422.000,hazard_avoidances,0
422.000,min_hazard_distance_m,12.369316876853498
422.000,collisions,0
422.000,time_below_clearance_s,0.0
422.000,safety_zone_violations,0
422.000,min_ttc_s,-1.0
422.000,avoid_success,0
422.000,avoid_timeout,0
422.000,q_convergence,1.7763568394002505e-14
422.000,update_residual,1.7763568394002505e-15
423.000,anomalies_detected,0
423.000,anomalies_unique,0
423.000,investigation_timeouts,0
423.000,mission_duration_s,378.924
423.000,distance_traveled_m,1.0611485850787391e-16
423.000,route_deviations,0
423.000,investigation_time_s,0.0
423.000,hazard_avoidances,0
423.000,min_hazard_distance_m,12.369316876853498
423.000,collisions,0
423.000,time_below_clearance_s,0.0
423.000,safety_zone_violations,0
423.000,min_ttc_s,-1.0
423.000,avoid_success,0
423.000,avoid_timeout,0
423.000,q_convergence,1.7763568394002505e-14
423.000,update_residual,1.7763568394002505e-15
424.000,anomalies_detected,0
424.000,anomalies_unique,0
424.000,investigation_timeouts,0
424.000,mission_duration_s,379.924
424.000,distance_traveled_m,1.0633693924787381e-16
424.000,route_deviations,0
424.000,investigation_time_s,0.0
424.000,hazard_avoidances,0
424.000,min_hazard_distance_m,12.369316876853498
424.000,collisions,0
424.000,time_below_clearance_s,0.0
424.000,safety_zone_violations,0
424.000,min_ttc_s,-1.0
424.000,avoid_success,0
424.000,avoid_timeout,0
424.000,q_convergence,1.7763568394002505e-14
424.000,update_residual,1.7763568394002505e-15
425.000,anomalies_detected,0
425.000,anomalies_unique,0
425.000,investigation_timeouts,0
425.000,mission_duration_s,380.924
425.000,distance_traveled_m,1.0660194966161677e-16
425.000,route_deviations,0
425.000,investigation_time_s,0.0
425.000,hazard_avoidances,0
425.000,min_hazard_distance_m,12.369316876853498
425.000,collisions,0
425.000,time_below_clearance_s,0.0
425.000,safety_zone_violations,0
425.000,min_ttc_s,-1.0
425.000,avoid_success,0
425.000,avoid_timeout,0
425.000,q_convergence,1.7763568394002505e-14
425.000,update_residual,1.7763568394002505e-15
426.000,anomalies_detected,0
426.000,anomalies_unique,0
426.000,investigation_timeouts,0
426.000,mission_duration_s,381.924
426.000,distance_traveled_m,1.0688221117428283e-16
426.000,route_deviations,0
426.000,investigation_time_s,0.0
426.000,hazard_avoidances,0
426.000,min_hazard_distance_m,12.369316876853498
426.000,collisions,0
426.000,time_below_clearance_s,0.0
426.000,safety_zone_violations,0
426.000,min_ttc_s,-1.0
426.000,avoid_success,0
426.000,avoid_timeout,0
426.000,q_convergence,1.7763568394002505e-14
426.000,update_residual,1.7763568394002505e-15
427.000,anomalies_detected,0
427.000,anomalies_unique,0
427.000,investigation_timeouts,0
427.000,mission_duration_s,382.924
427.000,distance_traveled_m,1.0726836257485951e-16
427.000,route_deviations,0
427.000,investigation_time_s,0.0
427.000,hazard_avoidances,0
427.000,min_hazard_distance_m,12.369316876853498
427.000,collisions,0
427.000,time_below_clearance_s,0.0
427.000,safety_zone_violations,0
427.000,min_ttc_s,-1.0
427.000,avoid_success,0
427.000,avoid_timeout,0
427.000,q_convergence,1.7763568394002505e-14
427.000,update_residual,1.7763568394002505e-15
428.000,anomalies_detected,0
428.000,anomalies_unique,0
428.000,investigation_timeouts,0
428.000,mission_duration_s,383.924
428.000,distance_traveled_m,1.0755787793717617e-16
428.000,route_deviations,0
428.000,investigation_time_s,0.0
428.000,hazard_avoidances,0
428.000,min_hazard_distance_m,12.369316876853498
428.000,collisions,0
428.000,time_below_clearance_s,0.0
428.000,safety_zone_violations,0
428.000,min_ttc_s,-1.0
428.000,avoid_success,0
428.000,avoid_timeout,0
428.000,q_convergence,1.7763568394002505e-14
428.000,update_residual,1.7763568394002505e-15
429.000,anomalies_detected,0
429.000,anomalies_unique,0
429.000,investigation_timeouts,0
429.000,mission_duration_s,384.924
429.000,distance_traveled_m,1.0782771640462959e-16
429.000,route_deviations,0
429.000,investigation_time_s,0.0
429.000,hazard_avoidances,0
429.000,min_hazard_distance_m,12.369316876853498
429.000,collisions,0
429.000,time_below_clearance_s,0.0
429.000,safety_zone_violations,0
429.000,min_ttc_s,-1.0
429.000,avoid_success,0
429.000,avoid_timeout,0
429.000,q_convergence,1.7763568394002505e-14
429.000,update_residual,1.7763568394002505e-15
430.000,anomalies_detected,0
430.000,anomalies_unique,0
430.000,investigation_timeouts,0
430.000,mission_duration_s,385.924
430.000,distance_traveled_m,1.081548576361498e-16
430.000,route_deviations,0
430.000,investigation_time_s,0.0
430.000,hazard_avoidances,0
430.000,min_hazard_distance_m,12.369316876853498
430.000,collisions,0
430.000,time_below_clearance_s,0.0
430.000,safety_zone_violations,0
430.000,min_ttc_s,-1.0
430.000,avoid_success,0
430.000,avoid_timeout,0
430.000,q_convergence,1.7763568394002505e-14
430.000,update_residual,1.7763568394002505e-15
431.000,anomalies_detected,0
431.000,anomalies_unique,0
431.000,investigation_timeouts,0
431.000,mission_duration_s,386.924
431.000,distance_traveled_m,1.0844139356498588e-16
431.000,route_deviations,0
431.000,investigation_time_s,0.0
431.000,hazard_avoidances,0
431.000,min_hazard_distance_m,12.369316876853498
431.000,collisions,0
431.000,time_below_clearance_s,0.0
431.000,safety_zone_violations,0
431.000,min_ttc_s,-1.0
431.000,avoid_success,0
431.000,avoid_timeout,0
431.000,q_convergence,1.7763568394002505e-14
431.000,update_residual,1.7763568394002505e-15
432.000,anomalies_detected,0
432.000,anomalies_unique,0
432.000,investigation_timeouts,0
432.000,mission_duration_s,387.924
432.000,distance_traveled_m,1.0871377425169074e-16
432.000,route_deviations,0
432.000,investigation_time_s,0.0
432.000,hazard_avoidances,0
432.000,min_hazard_distance_m,12.369316876853498
432.000,collisions,0
432.000,time_below_clearance_s,0.0
432.000,safety_zone_violations,0
432.000,min_ttc_s,-1.0
432.000,avoid_success,0
432.000,avoid_timeout,0
432.000,q_convergence,1.7763568394002505e-14
432.000,update_residual,1.7763568394002505e-15
433.000,anomalies_detected,0
433.000,anomalies_unique,0
433.000,investigation_timeouts,0
433.000,mission_duration_s,388.924
433.000,distance_traveled_m,1.090235131904372e-16
433.000,route_deviations,0
433.000,investigation_time_s,0.0
433.000,hazard_avoidances,0
433.000,min_hazard_distance_m,12.369316876853498
433.000,collisions,0
433.000,time_below_clearance_s,0.0
433.000,safety_zone_violations,0
433.000,min_ttc_s,-1.0
433.000,avoid_success,0
433.000,avoid_timeout,0
433.000,q_convergence,1.7763568394002505e-14
433.000,update_residual,1.7763568394002505e-15
434.000,anomalies_detected,0
434.000,anomalies_unique,0
434.000,investigation_timeouts,0
434.000,mission_duration_s,389.924
434.000,distance_traveled_m,1.0923451595689654e-16
434.000,route_deviations,0
434.000,investigation_time_s,0.0
434.000,hazard_avoidances,0
434.000,min_hazard_distance_m,12.369316876853498
434.000,collisions,0
434.000,time_below_clearance_s,0.0
434.000,safety_zone_violations,0
434.000,min_ttc_s,-1.0
434.000,avoid_success,0
434.000,avoid_timeout,0
434.000,q_convergence,1.7763568394002505e-14
434.000,update_residual,1.7763568394002505e-15
435.000,anomalies_detected,0
435.000,anomalies_unique,0
435.000,investigation_timeouts,0
435.000,mission_duration_s,390.924
435.000,distance_traveled_m,1.0957415625340291e-16
435.000,route_deviations,0
435.000,investigation_time_s,0.0
435.000,hazard_avoidances,0
435.000,min_hazard_distance_m,12.369316876853498
435.000,collisions,0
435.000,time_below_clearance_s,0.0
435.000,safety_zone_violations,0
435.000,min_ttc_s,-1.0
435.000,avoid_success,0
435.000,avoid_timeout,0
435.000,q_convergence,1.7763568394002505e-14
435.000,update_residual,1.7763568394002505e-15
436.000,anomalies_detected,0
436.000,anomalies_unique,0
436.000,investigation_timeouts,0
436.000,mission_duration_s,391.924
436.000,distance_traveled_m,1.098665623914328e-16
436.000,route_deviations,0
436.000,investigation_time_s,0.0
436.000,hazard_avoidances,0
436.000,min_hazard_distance_m,12.369316876853498
436.000,collisions,0
436.000,time_below_clearance_s,0.0
436.000,safety_zone_violations,0
436.000,min_ttc_s,-1.0
436.000,avoid_success,0
436.000,avoid_timeout,0
436.000,q_convergence,1.7763568394002505e-14
436.000,update_residual,1.7763568394002505e-15
437.000,anomalies_detected,0
437.000,anomalies_unique,0
437.000,investigation_timeouts,0
437.000,mission_duration_s,392.924
437.000,distance_traveled_m,1.1011294287539878e-16
437.000,route_deviations,0
437.000,investigation_time_s,0.0
437.000,hazard_avoidances,0
437.000,min_hazard_distance_m,12.369316876853498
437.000,collisions,0
437.000,time_below_clearance_s,0.0
437.000,safety_zone_violations,0
437.000,min_ttc_s,-1.0
437.000,avoid_success,0
437.000,avoid_timeout,0
437.000,q_convergence,1.7763568394002505e-14
437.000,update_residual,1.7763568394002505e-15
438.000,anomalies_detected,0
438.000,anomalies_unique,0
438.000,investigation_timeouts,0
438.000,mission_duration_s,393.924
438.000,distance_traveled_m,1.1047969306813193e-16
438.000,route_deviations,0
438.000,investigation_time_s,0.0
438.000,hazard_avoidances,0
438.000,min_hazard_distance_m,12.369316876853498
438.000,collisions,0
438.000,time_below_clearance_s,0.0
438.000,safety_zone_violations,0
438.000,min_ttc_s,-1.0
438.000,avoid_success,0
438.000,avoid_timeout,0
438.000,q_convergence,1.7763568394002505e-14
438.000,update_residual,1.7763568394002505e-15
439.000,anomalies_detected,0
439.000,anomalies_unique,0
439.000,investigation_timeouts,0
439.000,mission_duration_s,394.924
439.000,distance_traveled_m,1.1078378299256584e-16
439.000,route_deviations,0
439.000,investigation_time_s,0.0
439.000,hazard_avoidances,0
439.000,min_hazard_distance_m,12.369316876853498
439.000,collisions,0
439.000,time_below_clearance_s,0.0
439.000,safety_zone_violations,0
439.000,min_ttc_s,-1.0
439.000,avoid_success,0
439.000,avoid_timeout,0
439.000,q_convergence,1.7763568394002505e-14
439.000,update_residual,1.7763568394002505e-15
440.000,anomalies_detected,0
440.000,anomalies_unique,0
440.000,investigation_timeouts,0
440.000,mission_duration_s,395.924
440.000,distance_traveled_m,1.1104568607325718e-16
440.000,route_deviations,0
440.000,investigation_time_s,0.0
440.000,hazard_avoidances,0
440.000,min_hazard_distance_m,12.369316876853498
440.000,collisions,0
440.000,time_below_clearance_s,0.0
440.000,safety_zone_violations,0
440.000,min_ttc_s,-1.0
440.000,avoid_success,0
440.000,avoid_timeout,0
440.000,q_convergence,1.7763568394002505e-14
440.000,update_residual,1.7763568394002505e-15
441.000,anomalies_detected,0
441.000,anomalies_unique,0
441.000,investigation_timeouts,0
441.000,mission_duration_s,396.924
441.000,distance_traveled_m,1.1132235630697683e-16
441.000,route_deviations,0
441.000,investigation_time_s,0.0
441.000,hazard_avoidances,0
441.000,min_hazard_distance_m,12.369316876853498
441.000,collisions,0
441.000,time_below_clearance_s,0.0
441.000,safety_zone_violations,0
441.000,min_ttc_s,-1.0
441.000,avoid_success,0
441.000,avoid_timeout,0
441.000,q_convergence,1.7763568394002505e-14
441.000,update_residual,1.7763568394002505e-15
442.000,anomalies_detected,0
442.000,anomalies_unique,0
442.000,investigation_timeouts,0
442.000,mission_duration_s,397.924
442.000,distance_traveled_m,1.1165378681893995e-16
442.000,route_deviations,0
442.000,investigation_time_s,0.0
442.000,hazard_avoidances,0
442.000,min_hazard_distance_m,12.369316876853498
442.000,collisions,0
442.000,time_below_clearance_s,0.0
442.000,safety_zone_violations,0
442.000,min_ttc_s,-1.0
442.000,avoid_success,0
442.000,avoid_timeout,0
442.000,q_convergence,1.7763568394002505e-14
442.000,update_residual,1.7763568394002505e-15
443.000,anomalies_detected,0
443.000,anomalies_unique,0
443.000,investigation_timeouts,0
443.000,mission_duration_s,398.924
443.000,distance_traveled_m,1.1195127438644168e-16
443.000,route_deviations,0
443.000,investigation_time_s,0.0
443.000,hazard_avoidances,0
443.000,min_hazard_distance_m,12.369316876853498
443.000,collisions,0
443.000,time_below_clearance_s,0.0
443.000,safety_zone_violations,0
443.000,min_ttc_s,-1.0
443.000,avoid_success,0
443.000,avoid_timeout,0
443.000,q_convergence,1.7763568394002505e-14
443.000,update_residual,1.7763568394002505e-15
444.000,anomalies_detected,0
444.000,anomalies_unique,0
444.000,investigation_timeouts,0
444.000,mission_duration_s,399.924
444.000,distance_traveled_m,1.1229999093999075e-16
444.000,route_deviations,0
444.000,investigation_time_s,0.0
444.000,hazard_avoidances,0
444.000,min_hazard_distance_m,12.369316876853498
444.000,collisions,0
444.000,time_below_clearance_s,0.0
444.000,safety_zone_violations,0
444.000,min_ttc_s,-1.0
444.000,avoid_success,0
444.000,avoid_timeout,0
444.000,q_convergence,1.7763568394002505e-14
444.000,update_residual,1.7763568394002505e-15
445.000,anomalies_detected,0
445.000,anomalies_unique,0
445.000,investigation_timeouts,0
445.000,mission_duration_s,400.924
445.000,distance_traveled_m,1.1261693983375664e-16
445.000,route_deviations,0
445.000,investigation_time_s,0.0
445.000,hazard_avoidances,0
445.000,min_hazard_distance_m,12.369316876853498
445.000,collisions,0
445.000,time_below_clearance_s,0.0
445.000,safety_zone_violations,0
445.000,min_ttc_s,-1.0
445.000,avoid_success,0
445.000,avoid_timeout,0
445.000,q_convergence,1.7763568394002505e-14
445.000,update_residual,1.7763568394002505e-15
446.000,anomalies_detected,0
446.000,anomalies_unique,0
446.000,investigation_timeouts,0
446.000,mission_duration_s,401.924
446.000,distance_traveled_m,1.12885583893603e-16
446.000,route_deviations,0
446.000,investigation_time_s,0.0
446.000,hazard_avoidances,0
446.000,min_hazard_distance_m,12.369316876853498
446.000,collisions,0
446.000,time_below_clearance_s,0.0
446.000,safety_zone_violations,0
446.000,min_ttc_s,-1.0
446.000,avoid_success,0
446.000,avoid_timeout,0
446.000,q_convergence,1.7763568394002505e-14
446.000,update_residual,1.7763568394002505e-15
447.000,anomalies_detected,0
447.000,anomalies_unique,0
447.000,investigation_timeouts,0
447.000,mission_duration_s,402.924
447.000,distance_traveled_m,1.131895016150277e-16
447.000,route_deviations,0
447.000,investigation_time_s,0.0
447.000,hazard_avoidances,0
447.000,min_hazard_distance_m,12.369316876853498
447.000,collisions,0
447.000,time_below_clearance_s,0.0
447.000,safety_zone_violations,0
447.000,min_ttc_s,-1.0
447.000,avoid_success,0
447.000,avoid_timeout,0
447.000,q_convergence,1.7763568394002505e-14
447.000,update_residual,1.7763568394002505e-15
448.000,anomalies_detected,0
448.000,anomalies_unique,0
448.000,investigation_timeouts,0
448.000,mission_duration_s,403.924
448.000,distance_traveled_m,1.13465786092584e-16
448.000,route_deviations,0
448.000,investigation_time_s,0.0
448.000,hazard_avoidances,0
448.000,min_hazard_distance_m,12.369316876853498
448.000,collisions,0
448.000,time_below_clearance_s,0.0
448.000,safety_zone_violations,0
448.000,min_ttc_s,-1.0
448.000,avoid_success,0
448.000,avoid_timeout,0
448.000,q_convergence,1.7763568394002505e-14
448.000,update_residual,1.7763568394002505e-15
449.000,anomalies_detected,0
449.000,anomalies_unique,0
449.000,investigation_timeouts,0
449.000,mission_duration_s,404.924
449.000,distance_traveled_m,1.1375392292286692e-16
449.000,route_deviations,0
449.000,investigation_time_s,0.0
449.000,hazard_avoidances,0
449.000,min_hazard_distance_m,12.369316876853498
449.000,collisions,0
449.000,time_below_clearance_s,0.0
449.000,safety_zone_violations,0
449.000,min_ttc_s,-1.0
449.000,avoid_success,0
449.000,avoid_timeout,0
449.000,q_convergence,1.7763568394002505e-14
449.000,update_residual,1.7763568394002505e-15
450.000,anomalies_detected,0
450.000,anomalies_unique,0
450.000,investigation_timeouts,0
450.000,mission_duration_s,405.924
450.000,distance_traveled_m,1.140035389011807e-16
450.000,route_deviations,0
450.000,investigation_time_s,0.0
450.000,hazard_avoidances,0
450.000,min_hazard_distance_m,12.369316876853498
450.000,collisions,0
450.000,time_below_clearance_s,0.0
450.000,safety_zone_violations,0
450.000,min_ttc_s,-1.0
450.000,avoid_success,0
450.000,avoid_timeout,0
450.000,q_convergence,1.7763568394002505e-14
450.000,update_residual,1.7763568394002505e-15
451.000,anomalies_detected,0
451.000,anomalies_unique,0
451.000,investigation_timeouts,0
451.000,mission_duration_s,406.924
451.000,distance_traveled_m,1.1426770604063987e-16
451.000,route_deviations,0
451.000,investigation_time_s,0.0
451.000,hazard_avoidances,0
451.000,min_hazard_distance_m,12.369316876853498
451.000,collisions,0
451.000,time_below_clearance_s,0.0
451.000,safety_zone_violations,0
451.000,min_ttc_s,-1.0
451.000,avoid_success,0
451.000,avoid_timeout,0
451.000,q_convergence,1.7763568394002505e-14
451.000,update_residual,1.7763568394002505e-15
452.000,anomalies_detected,0
452.000,anomalies_unique,0
452.000,investigation_timeouts,0
452.000,mission_duration_s,407.924
452.000,distance_traveled_m,1.145414203517107e-16
452.000,route_deviations,0
452.000,investigation_time_s,0.0
452.000,hazard_avoidances,0
452.000,min_hazard_distance_m,12.369316876853498
452.000,collisions,0
452.000,time_below_clearance_s,0.0
452.000,safety_zone_violations,0
452.000,min_ttc_s,-1.0
452.000,avoid_success,0
452.000,avoid_timeout,0
452.000,q_convergence,1.7763568394002505e-14
452.000,update_residual,1.7763568394002505e-15
453.000,anomalies_detected,0
453.000,anomalies_unique,0
453.000,investigation_timeouts,0
453.000,mission_duration_s,408.924
453.000,distance_traveled_m,1.1483866677506124e-16
453.000,route_deviations,0
453.000,investigation_time_s,0.0
453.000,hazard_avoidances,0
453.000,min_hazard_distance_m,12.369316876853498
453.000,collisions,0
453.000,time_below_clearance_s,0.0
453.000,safety_zone_violations,0
453.000,min_ttc_s,-1.0
453.000,avoid_success,0
453.000,avoid_timeout,0
453.000,q_convergence,1.7763568394002505e-14
453.000,update_residual,1.7763568394002505e-15
454.000,anomalies_detected,0
454.000,anomalies_unique,0
454.000,investigation_timeouts,0
454.000,mission_duration_s,409.924
454.000,distance_traveled_m,1.1515781566148716e-16
454.000,route_deviations,0
454.000,investigation_time_s,0.0
454.000,hazard_avoidances,0
454.000,min_hazard_distance_m,12.369316876853498
454.000,collisions,0
454.000,time_below_clearance_s,0.0
454.000,safety_zone_violations,0
454.000,min_ttc_s,-1.0
454.000,avoid_success,0
454.000,avoid_timeout,0
454.000,q_convergence,1.7763568394002505e-14
454.000,update_residual,1.7763568394002505e-15
455.000,anomalies_detected,0
455.000,anomalies_unique,0
455.000,investigation_timeouts,0
455.000,mission_duration_s,410.924
455.000,distance_traveled_m,1.1543000417087128e-16
455.000,route_deviations,0
455.000,investigation_time_s,0.0
455.000,hazard_avoidances,0
455.000,min_hazard_distance_m,12.369316876853498
455.000,collisions,0
455.000,time_below_clearance_s,0.0
455.000,safety_zone_violations,0
455.000,min_ttc_s,-1.0
455.000,avoid_success,0
455.000,avoid_timeout,0
455.000,q_convergence,1.7763568394002505e-14
455.000,update_residual,1.7763568394002505e-15
456.000,anomalies_detected,0
456.000,anomalies_unique,0
456.000,investigation_timeouts,0
456.000,mission_duration_s,411.924
456.000,distance_traveled_m,1.1573898854076112e-16
456.000,route_deviations,0
456.000,investigation_time_s,0.0
456.000,hazard_avoidances,0
456.000,min_hazard_distance_m,12.369316876853498
456.000,collisions,0
456.000,time_below_clearance_s,0.0
456.000,safety_zone_violations,0
456.000,min_ttc_s,-1.0
456.000,avoid_success,0
456.000,avoid_timeout,0
456.000,q_convergence,1.7763568394002505e-14
456.000,update_residual,1.7763568394002505e-15
457.000,anomalies_detected,0
457.000,anomalies_unique,0
457.000,investigation_timeouts,0
457.000,mission_duration_s,412.924
457.000,distance_traveled_m,1.1597299726073695e-16
457.000,route_deviations,0
457.000,investigation_time_s,0.0
457.000,hazard_avoidances,0
457.000,min_hazard_distance_m,12.369316876853498
457.000,collisions,0
457.000,time_below_clearance_s,0.0
457.000,safety_zone_violations,0
457.000,min_ttc_s,-1.0
457.000,avoid_success,0
457.000,avoid_timeout,0
457.000,q_convergence,1.7763568394002505e-14
457.000,update_residual,1.7763568394002505e-15
458.000,anomalies_detected,0
458.000,anomalies_unique,0
458.000,investigation_timeouts,0
458.000,mission_duration_s,413.924
458.000,distance_traveled_m,1.162701963037636e-16
458.000,route_deviations,0
458.000,investigation_time_s,0.0
458.000,hazard_avoidances,0
458.000,min_hazard_distance_m,12.369316876853498
458.000,collisions,0
458.000,time_below_clearance_s,0.0
458.000,safety_zone_violations,0
458.000,min_ttc_s,-1.0
458.000,avoid_success,0
458.000,avoid_timeout,0
458.000,q_convergence,1.7763568394002505e-14
458.000,update_residual,1.7763568394002505e-15
459.000,anomalies_detected,0
459.000,anomalies_unique,0
459.000,investigation_timeouts,0
459.000,mission_duration_s,414.924
459.000,distance_traveled_m,1.1654213682456164e-16
459.000,route_deviations,0
459.000,investigation_time_s,0.0
459.000,hazard_avoidances,0
459.000,min_hazard_distance_m,12.369316876853498
459.000,collisions,0
459.000,time_below_clearance_s,0.0
459.000,safety_zone_violations,0
459.000,min_ttc_s,-1.0
459.000,avoid_success,0
459.000,avoid_timeout,0
459.000,q_convergence,1.7763568394002505e-14
459.000,update_residual,1.7763568394002505e-15
460.000,anomalies_detected,0
460.000,anomalies_unique,0
460.000,investigation_timeouts,0
460.000,mission_duration_s,415.924
460.000,distance_traveled_m,1.168180242457304e-16
460.000,route_deviations,0
460.000,investigation_time_s,0.0
460.000,hazard_avoidances,0
460.000,min_hazard_distance_m,12.369316876853498
460.000,collisions,0
460.000,time_below_clearance_s,0.0
460.000,safety_zone_violations,0
460.000,min_ttc_s,-1.0
460.000,avoid_success,0
460.000,avoid_timeout,0
460.000,q_convergence,1.7763568394002505e-14
460.000,update_residual,1.7763568394002505e-15
461.000,anomalies_detected,0
461.000,anomalies_unique,0
461.000,investigation_timeouts,0
461.000,mission_duration_s,416.924
461.000,distance_traveled_m,1.1700752002464989e-16
461.000,route_deviations,0
461.000,investigation_time_s,0.0
461.000,hazard_avoidances,0
461.000,min_hazard_distance_m,12.369316876853498
461.000,collisions,0
461.000,time_below_clearance_s,0.0
461.000,safety_zone_violations,0
461.000,min_ttc_s,-1.0
461.000,avoid_success,0
461.000,avoid_timeout,0
461.000,q_convergence,1.7763568394002505e-14
461.000,update_residual,1.7763568394002505e-15
462.000,anomalies_detected,0
462.000,anomalies_unique,0
462.000,investigation_timeouts,0
462.000,mission_duration_s,417.924
462.000,distance_traveled_m,1.1728350762595344e-16
462.000,route_deviations,0
462.000,investigation_time_s,0.0
462.000,hazard_avoidances,0
462.000,min_hazard_distance_m,12.369316876853498
462.000,collisions,0
462.000,time_below_clearance_s,0.0
462.000,safety_zone_violations,0
462.000,min_ttc_s,-1.0
462.000,avoid_success,0
462.000,avoid_timeout,0
462.000,q_convergence,1.7763568394002505e-14
462.000,update_residual,1.7763568394002505e-15
463.000,anomalies_detected,0
463.000,anomalies_unique,0
463.000,investigation_timeouts,0
463.000,mission_duration_s,418.924
463.000,distance_traveled_m,1.175257306654256e-16
463.000,route_deviations,0
463.000,investigation_time_s,0.0
463.000,hazard_avoidances,0
463.000,min_hazard_distance_m,12.369316876853498
463.000,collisions,0
463.000,time_below_clearance_s,0.0
463.000,safety_zone_violations,0
463.000,min_ttc_s,-1.0
463.000,avoid_success,0
463.000,avoid_timeout,0
463.000,q_convergence,1.7763568394002505e-14
463.000,update_residual,1.7763568394002505e-15
464.000,anomalies_detected,0
464.000,anomalies_unique,0
464.000,investigation_timeouts,0
464.000,mission_duration_s,419.924
464.000,distance_traveled_m,1.17773963747197e-16
464.000,route_deviations,0
464.000,investigation_time_s,0.0
464.000,hazard_avoidances,0
464.000,min_hazard_distance_m,12.369316876853498
464.000,collisions,0
464.000,time_below_clearance_s,0.0
464.000,safety_zone_violations,0
464.000,min_ttc_s,-1.0
464.000,avoid_success,0
464.000,avoid_timeout,0
464.000,q_convergence,1.7763568394002505e-14
464.000,update_residual,1.7763568394002505e-15
465.000,anomalies_detected,0
465.000,anomalies_unique,0
465.000,investigation_timeouts,0
465.000,mission_duration_s,420.924
465.000,distance_traveled_m,1.1806830036564124e-16
465.000,route_deviations,0
465.000,investigation_time_s,0.0
465.000,hazard_avoidances,0
465.000,min_hazard_distance_m,12.369316876853498
465.000,collisions,0
465.000,time_below_clearance_s,0.0
465.000,safety_zone_violations,0
465.000,min_ttc_s,-1.0
465.000,avoid_success,0
465.000,avoid_timeout,0
465.000,q_convergence,1.7763568394002505e-14
465.000,update_residual,1.7763568394002505e-15
466.000,anomalies_detected,0
466.000,anomalies_unique,0
466.000,investigation_timeouts,0
466.000,mission_duration_s,421.924
466.000,distance_traveled_m,1.1840027072766074e-16
466.000,route_deviations,0
466.000,investigation_time_s,0.0
466.000,hazard_avoidances,0
466.000,min_hazard_distance_m,12.369316876853498
466.000,collisions,0
466.000,time_below_clearance_s,0.0
466.000,safety_zone_violations,0
466.000,min_ttc_s,-1.0
466.000,avoid_success,0
466.000,avoid_timeout,0
466.000,q_convergence,1.7763568394002505e-14
466.000,update_residual,1.7763568394002505e-15
467.000,anomalies_detected,0
467.000,anomalies_unique,0
467.000,investigation_timeouts,0
467.000,mission_duration_s,422.924
467.000,distance_traveled_m,1.1865878898366993e-16
467.000,route_deviations,0
467.000,investigation_time_s,0.0
467.000,hazard_avoidances,0
467.000,min_hazard_distance_m,12.369316876853498
467.000,collisions,0
467.000,time_below_clearance_s,0.0
467.000,safety_zone_violations,0
467.000,min_ttc_s,-1.0
467.000,avoid_success,0
467.000,avoid_timeout,0
467.000,q_convergence,1.7763568394002505e-14
467.000,update_residual,1.7763568394002505e-15
468.000,anomalies_detected,0
468.000,anomalies_unique,0
468.000,investigation_timeouts,0
468.000,mission_duration_s,423.924
468.000,distance_traveled_m,1.1890955630853907e-16
468.000,route_deviations,0
468.000,investigation_time_s,0.0
468.000,hazard_avoidances,0
468.000,min_hazard_distance_m,12.369316876853498
468.000,collisions,0
468.000,time_below_clearance_s,0.0
468.000,safety_zone_violations,0
468.000,min_ttc_s,-1.0
468.000,avoid_success,0
468.000,avoid_timeout,0
468.000,q_convergence,1.7763568394002505e-14
468.000,update_residual,1.7763568394002505e-15
469.000,anomalies_detected,0
469.000,anomalies_unique,0
469.000,investigation_timeouts,0
469.000,mission_duration_s,424.924
469.000,distance_traveled_m,1.1918417396061554e-16
469.000,route_deviations,0
469.000,investigation_time_s,0.0
469.000,hazard_avoidances,0
469.000,min_hazard_distance_m,12.369316876853498
469.000,collisions,0
469.000,time_below_clearance_s,0.0
469.000,safety_zone_violations,0
469.000,min_ttc_s,-1.0
469.000,avoid_success,0
469.000,avoid_timeout,0
469.000,q_convergence,1.7763568394002505e-14
469.000,update_residual,1.7763568394002505e-15
470.000,anomalies_detected,0
470.000,anomalies_unique,0
470.000,investigation_timeouts,0
470.000,mission_duration_s,425.924
470.000,distance_traveled_m,1.1944847333184266e-16
470.000,route_deviations,0
470.000,investigation_time_s,0.0
470.000,hazard_avoidances,0
470.000,min_hazard_distance_m,12.369316876853498
470.000,collisions,0
470.000,time_below_clearance_s,0.0
470.000,safety_zone_violations,0
470.000,min_ttc_s,-1.0
470.000,avoid_success,0
470.000,avoid_timeout,0
470.000,q_convergence,1.7763568394002505e-14
470.000,update_residual,1.7763568394002505e-15
471.000,anomalies_detected,0
471.000,anomalies_unique,0
471.000,investigation_timeouts,0
471.000,mission_duration_s,426.924
471.000,distance_traveled_m,1.1976522005668917e-16
471.000,route_deviations,0
471.000,investigation_time_s,0.0
471.000,hazard_avoidances,0
471.000,min_hazard_distance_m,12.369316876853498
471.000,collisions,0
471.000,time_below_clearance_s,0.0
471.000,safety_zone_violations,0
471.000,min_ttc_s,-1.0
471.000,avoid_success,0
471.000,avoid_timeout,0
471.000,q_convergence,1.7763568394002505e-14
471.000,update_residual,1.7763568394002505e-15
472.000,anomalies_detected,0
472.000,anomalies_unique,0
472.000,investigation_timeouts,0
472.000,mission_duration_s,427.924
472.000,distance_traveled_m,1.2001043358591247e-16
472.000,route_deviations,0
472.000,investigation_time_s,0.0
472.000,hazard_avoidances,0
472.000,min_hazard_distance_m,12.369316876853498
472.000,collisions,0
472.000,time_below_clearance_s,0.0
472.000,safety_zone_violations,0
472.000,min_ttc_s,-1.0
472.000,avoid_success,0
472.000,avoid_timeout,0
472.000,q_convergence,1.7763568394002505e-14
472.000,update_residual,1.7763568394002505e-15
473.000,anomalies_detected,0
473.000,anomalies_unique,0
473.000,investigation_timeouts,0
473.000,mission_duration_s,428.924
473.000,distance_traveled_m,1.2022012745941368e-16
473.000,route_deviations,0
473.000,investigation_time_s,0.0
473.000,hazard_avoidances,0
473.000,min_hazard_distance_m,12.369316876853498
473.000,collisions,0
473.000,time_below_clearance_s,0.0
473.000,safety_zone_violations,0
473.000,min_ttc_s,-1.0
473.000,avoid_success,0
473.000,avoid_timeout,0
473.000,q_convergence,1.7763568394002505e-14
473.000,update_residual,1.7763568394002505e-15
474.000,anomalies_detected,0
474.000,anomalies_unique,0
474.000,investigation_timeouts,0
474.000,mission_duration_s,429.924
474.000,distance_traveled_m,1.2049725367321483e-16
474.000,route_deviations,0
474.000,investigation_time_s,0.0
474.000,hazard_avoidances,0
474.000,min_hazard_distance_m,12.369316876853498
474.000,collisions,0
474.000,time_below_clearance_s,0.0
474.000,safety_zone_violations,0
474.000,min_ttc_s,-1.0
474.000,avoid_success,0
474.000,avoid_timeout,0
474.000,q_convergence,1.7763568394002505e-14
474.000,update_residual,1.7763568394002505e-15
475.000,anomalies_detected,0
475.000,anomalies_unique,0
475.000,investigation_timeouts,0
475.000,mission_duration_s,430.924
475.000,distance_traveled_m,1.2073970731270876e-16
475.000,route_deviations,0
475.000,investigation_time_s,0.0
475.000,hazard_avoidances,0
475.000,min_hazard_distance_m,12.369316876853498
475.000,collisions,0
475.000,time_below_clearance_s,0.0
475.000,safety_zone_violations,0
475.000,min_ttc_s,-1.0
475.000,avoid_success,0
475.000,avoid_timeout,0
475.000,q_convergence,1.7763568394002505e-14
475.000,update_residual,1.7763568394002505e-15
476.000,anomalies_detected,0
476.000,anomalies_unique,0
476.000,investigation_timeouts,0
476.000,mission_duration_s,431.924
476.000,distance_traveled_m,1.2105349086738257e-16
476.000,route_deviations,0
476.000,investigation_time_s,0.0
476.000,hazard_avoidances,0
476.000,min_hazard_distance_m,12.369316876853498
476.000,collisions,0
476.000,time_below_clearance_s,0.0
476.000,safety_zone_violations,0
476.000,min_ttc_s,-1.0
476.000,avoid_success,0
476.000,avoid_timeout,0
476.000,q_convergence,1.7763568394002505e-14
476.000,update_residual,1.7763568394002505e-15
477.000,anomalies_detected,0
477.000,anomalies_unique,0
477.000,investigation_timeouts,0
477.000,mission_duration_s,432.924
477.000,distance_traveled_m,1.2132741001793832e-16
477.000,route_deviations,0
477.000,investigation_time_s,0.0
477.000,hazard_avoidances,0
477.000,min_hazard_distance_m,12.369316876853498
477.000,collisions,0
477.000,time_below_clearance_s,0.0
477.000,safety_zone_violations,0
477.000,min_ttc_s,-1.0
477.000,avoid_success,0
477.000,avoid_timeout,0
477.000,q_convergence,1.7763568394002505e-14
477.000,update_residual,1.7763568394002505e-15
478.000,anomalies_detected,0
478.000,anomalies_unique,0
478.000,investigation_timeouts,0
478.000,mission_duration_s,433.924
478.000,distance_traveled_m,1.216312815561892e-16
478.000,route_deviations,0
478.000,investigation_time_s,0.0
478.000,hazard_avoidances,0
478.000,min_hazard_distance_m,12.369316876853498
478.000,collisions,0
478.000,time_below_clearance_s,0.0
478.000,safety_zone_violations,0
478.000,min_ttc_s,-1.0
478.000,avoid_success,0
478.000,avoid_timeout,0
478.000,q_convergence,1.7763568394002505e-14
478.000,update_residual,1.7763568394002505e-15
479.000,anomalies_detected,0
479.000,anomalies_unique,0
479.000,investigation_timeouts,0
479.000,mission_duration_s,434.924
479.000,distance_traveled_m,1.2184474804698349e-16
479.000,route_deviations,0
479.000,investigation_time_s,0.0
479.000,hazard_avoidances,0
479.000,min_hazard_distance_m,12.369316876853498
479.000,collisions,0
479.000,time_below_clearance_s,0.0
479.000,safety_zone_violations,0
479.000,min_ttc_s,-1.0
479.000,avoid_success,0
479.000,avoid_timeout,0
479.000,q_convergence,1.7763568394002505e-14
479.000,update_residual,1.7763568394002505e-15
480.000,anomalies_detected,0
480.000,anomalies_unique,0
480.000,investigation_timeouts,0
480.000,mission_duration_s,435.924
480.000,distance_traveled_m,1.2218091071463598e-16
480.000,route_deviations,0
480.000,investigation_time_s,0.0
480.000,hazard_avoidances,0
480.000,min_hazard_distance_m,12.369316876853498
480.000,collisions,0
480.000,time_below_clearance_s,0.0
480.000,safety_zone_violations,0
480.000,min_ttc_s,-1.0
480.000,avoid_success,0
480.000,avoid_timeout,0
480.000,q_convergence,1.7763568394002505e-14
480.000,update_residual,1.7763568394002505e-15
481.000,anomalies_detected,0
481.000,anomalies_unique,0
481.000,investigation_timeouts,0
481.000,mission_duration_s,436.924
481.000,distance_traveled_m,1.2248631014191215e-16
481.000,route_deviations,0
481.000,investigation_time_s,0.0
481.000,hazard_avoidances,0
481.000,min_hazard_distance_m,12.369316876853498
481.000,collisions,0
481.000,time_below_clearance_s,0.0
481.000,safety_zone_violations,0
481.000,min_ttc_s,-1.0
481.000,avoid_success,0
481.000,avoid_timeout,0
481.000,q_convergence,1.7763568394002505e-14
481.000,update_residual,1.7763568394002505e-15
482.000,anomalies_detected,0
482.000,anomalies_unique,0
482.000,investigation_timeouts,0
482.000,mission_duration_s,437.924
482.000,distance_traveled_m,1.227916027885723e-16
482.000,route_deviations,0
482.000,investigation_time_s,0.0
482.000,hazard_avoidances,0
482.000,min_hazard_distance_m,12.369316876853498
482.000,collisions,0
482.000,time_below_clearance_s,0.0
482.000,safety_zone_violations,0
482.000,min_ttc_s,-1.0
482.000,avoid_success,0
482.000,avoid_timeout,0
482.000,q_convergence,1.7763568394002505e-14
482.000,update_residual,1.7763568394002505e-15
483.000,anomalies_detected,0
483.000,anomalies_unique,0
483.000,investigation_timeouts,0
483.000,mission_duration_s,438.924
483.000,distance_traveled_m,1.2306645182099911e-16
483.000,route_deviations,0
483.000,investigation_time_s,0.0
483.000,hazard_avoidances,0
483.000,min_hazard_distance_m,12.369316876853498
483.000,collisions,0
483.000,time_below_clearance_s,0.0
483.000,safety_zone_violations,0
483.000,min_ttc_s,-1.0
483.000,avoid_success,0
483.000,avoid_timeout,0
483.000,q_convergence,1.7763568394002505e-14
483.000,update_residual,1.7763568394002505e-15
484.000,anomalies_detected,0
484.000,anomalies_unique,0
484.000,investigation_timeouts,0
484.000,mission_duration_s,439.924
484.000,distance_traveled_m,1.233811386116654e-16
484.000,route_deviations,0
484.000,investigation_time_s,0.0
484.000,hazard_avoidances,0
484.000,min_hazard_distance_m,12.369316876853498
484.000,collisions,0
484.000,time_below_clearance_s,0.0
484.000,safety_zone_violations,0
484.000,min_ttc_s,-1.0
484.000,avoid_success,0
484.000,avoid_timeout,0
484.000,q_convergence,1.7763568394002505e-14
484.000,update_residual,1.7763568394002505e-15
485.000,anomalies_detected,0
485.000,anomalies_unique,0
485.000,investigation_timeouts,0
485.000,mission_duration_s,440.924
485.000,distance_traveled_m,1.2366522711905628e-16
485.000,route_deviations,0
485.000,investigation_time_s,0.0
485.000,hazard_avoidances,0
485.000,min_hazard_distance_m,12.369316876853498
485.000,collisions,0
485.000,time_below_clearance_s,0.0
485.000,safety_zone_violations,0
485.000,min_ttc_s,-1.0
485.000,avoid_success,0
485.000,avoid_timeout,0
485.000,q_convergence,1.7763568394002505e-14
485.000,update_residual,1.7763568394002505e-15
486.000,anomalies_detected,0
486.000,anomalies_unique,0
486.000,investigation_timeouts,0
486.000,mission_duration_s,441.924
486.000,distance_traveled_m,1.2384130989615575e-16
486.000,route_deviations,0
486.000,investigation_time_s,0.0
486.000,hazard_avoidances,0
486.000,min_hazard_distance_m,12.369316876853498
486.000,collisions,0
486.000,time_below_clearance_s,0.0
486.000,safety_zone_violations,0
486.000,min_ttc_s,-1.0
486.000,avoid_success,0
486.000,avoid_timeout,0
486.000,q_convergence,1.7763568394002505e-14
486.000,update_residual,1.7763568394002505e-15
487.000,anomalies_detected,0
487.000,anomalies_unique,0
487.000,investigation_timeouts,0
487.000,mission_duration_s,442.924
487.000,distance_traveled_m,1.2407717569961466e-16
487.000,route_deviations,0
487.000,investigation_time_s,0.0
487.000,hazard_avoidances,0
487.000,min_hazard_distance_m,12.369316876853498
487.000,collisions,0
487.000,time_below_clearance_s,0.0
487.000,safety_zone_violations,0
487.000,min_ttc_s,-1.0
487.000,avoid_success,0
487.000,avoid_timeout,0
487.000,q_convergence,1.7763568394002505e-14
487.000,update_residual,1.7763568394002505e-15
488.000,anomalies_detected,0
488.000,anomalies_unique,0
488.000,investigation_timeouts,0
488.000,mission_duration_s,443.924
488.000,distance_traveled_m,1.2430492774499058e-16
488.000,route_deviations,0
488.000,investigation_time_s,0.0
488.000,hazard_avoidances,0
488.000,min_hazard_distance_m,12.369316876853498
488.000,collisions,0
488.000,time_below_clearance_s,0.0
488.000,safety_zone_violations,0
488.000,min_ttc_s,-1.0
488.000,avoid_success,0
488.000,avoid_timeout,0
488.000,q_convergence,1.7763568394002505e-14
488.000,update_residual,1.7763568394002505e-15
489.000,anomalies_detected,0
489.000,anomalies_unique,0
489.000,investigation_timeouts,0
489.000,mission_duration_s,444.924
489.000,distance_traveled_m,1.2466714807777734e-16
489.000,route_deviations,0
489.000,investigation_time_s,0.0
489.000,hazard_avoidances,0
489.000,min_hazard_distance_m,12.369316876853498
489.000,collisions,0
489.000,time_below_clearance_s,0.0
489.000,safety_zone_violations,0
489.000,min_ttc_s,-1.0
489.000,avoid_success,0
489.000,avoid_timeout,0
489.000,q_convergence,1.7763568394002505e-14
489.000,update_residual,1.7763568394002505e-15
490.000,anomalies_detected,0
490.000,anomalies_unique,0
490.000,investigation_timeouts,0
490.000,mission_duration_s,445.924
490.000,distance_traveled_m,1.2495696186407922e-16
490.000,route_deviations,0
490.000,investigation_time_s,0.0
490.000,hazard_avoidances,0
490.000,min_hazard_distance_m,12.369316876853498
490.000,collisions,0
490.000,time_below_clearance_s,0.0
490.000,safety_zone_violations,0
490.000,min_ttc_s,-1.0
490.000,avoid_success,0
490.000,avoid_timeout,0
490.000,q_convergence,1.7763568394002505e-14
490.000,update_residual,1.7763568394002505e-15
491.000,anomalies_detected,0
491.000,anomalies_unique,0
491.000,investigation_timeouts,0
491.000,mission_duration_s,446.924
491.000,distance_traveled_m,1.253287133628559e-16
491.000,route_deviations,0
491.000,investigation_time_s,0.0
491.000,hazard_avoidances,0
491.000,min_hazard_distance_m,12.369316876853498
491.000,collisions,0
491.000,time_below_clearance_s,0.0
491.000,safety_zone_violations,0
491.000,min_ttc_s,-1.0
491.000,avoid_success,0
491.000,avoid_timeout,0
491.000,q_convergence,1.7763568394002505e-14
491.000,update_residual,1.7763568394002505e-15
492.000,anomalies_detected,0
492.000,anomalies_unique,0
492.000,investigation_timeouts,0
492.000,mission_duration_s,447.924
492.000,distance_traveled_m,1.2562012310448462e-16
492.000,route_deviations,0
492.000,investigation_time_s,0.0
492.000,hazard_avoidances,0
492.000,min_hazard_distance_m,12.369316876853498
492.000,collisions,0
492.000,time_below_clearance_s,0.0
492.000,safety_zone_violations,0
492.000,min_ttc_s,-1.0
492.000,avoid_success,0
492.000,avoid_timeout,0
492.000,q_convergence,1.7763568394002505e-14
492.000,update_residual,1.7763568394002505e-15
493.000,anomalies_detected,0
493.000,anomalies_unique,0
493.000,investigation_timeouts,0
493.000,mission_duration_s,448.924
493.000,distance_traveled_m,1.2594108201799498e-16
493.000,route_deviations,0
493.000,investigation_time_s,0.0
493.000,hazard_avoidances,0
493.000,min_hazard_distance_m,12.369316876853498
493.000,collisions,0
493.000,time_below_clearance_s,0.0
493.000,safety_zone_violations,0
493.000,min_ttc_s,-1.0
493.000,avoid_success,0
493.000,avoid_timeout,0
493.000,q_convergence,1.7763568394002505e-14
493.000,update_residual,1.7763568394002505e-15
494.000,anomalies_detected,0
494.000,anomalies_unique,0
494.000,investigation_timeouts,0
494.000,mission_duration_s,449.924
494.000,distance_traveled_m,1.2624410227268885e-16
494.000,route_deviations,0
494.000,investigation_time_s,0.0
494.000,hazard_avoidances,0
494.000,min_hazard_distance_m,12.369316876853498
494.000,collisions,0
494.000,time_below_clearance_s,0.0
494.000,safety_zone_violations,0
494.000,min_ttc_s,-1.0
494.000,avoid_success,0
494.000,avoid_timeout,0
494.000,q_convergence,1.7763568394002505e-14
494.000,update_residual,1.7763568394002505e-15
495.000,anomalies_detected,0
495.000,anomalies_unique,0
495.000,investigation_timeouts,0
495.000,mission_duration_s,450.924
495.000,distance_traveled_m,1.2649849903424912e-16
495.000,route_deviations,0
495.000,investigation_time_s,0.0
495.000,hazard_avoidances,0
495.000,min_hazard_distance_m,12.369316876853498
495.000,collisions,0
495.000,time_below_clearance_s,0.0
495.000,safety_zone_violations,0
495.000,min_ttc_s,-1.0
495.000,avoid_success,0
495.000,avoid_timeout,0
495.000,q_convergence,1.7763568394002505e-14
495.000,update_residual,1.7763568394002505e-15
496.000,anomalies_detected,0
496.000,anomalies_unique,0
496.000,investigation_timeouts,0
496.000,mission_duration_s,451.924
496.000,distance_traveled_m,1.2673580096623089e-16
496.000,route_deviations,0
496.000,investigation_time_s,0.0
496.000,hazard_avoidances,0
496.000,min_hazard_distance_m,12.369316876853498
496.000,collisions,0
496.000,time_below_clearance_s,0.0
496.000,safety_zone_violations,0
496.000,min_ttc_s,-1.0
496.000,avoid_success,0
496.000,avoid_timeout,0
496.000,q_convergence,1.7763568394002505e-14
496.000,update_residual,1.7763568394002505e-15
497.000,anomalies_detected,0
497.000,anomalies_unique,0
497.000,investigation_timeouts,0
497.000,mission_duration_s,452.924
497.000,distance_traveled_m,1.2703610810648188e-16
497.000,route_deviations,0
497.000,investigation_time_s,0.0
497.000,hazard_avoidances,0
497.000,min_hazard_distance_m,12.369316876853498
497.000,collisions,0
497.000,time_below_clearance_s,0.0
497.000,safety_zone_violations,0
497.000,min_ttc_s,-1.0
497.000,avoid_success,0
497.000,avoid_timeout,0
497.000,q_convergence,1.7763568394002505e-14
497.000,update_residual,1.7763568394002505e-15
498.000,anomalies_detected,0
498.000,anomalies_unique,0
498.000,investigation_timeouts,0
498.000,mission_duration_s,453.924
498.000,distance_traveled_m,1.2728731908046373e-16
498.000,route_deviations,0
498.000,investigation_time_s,0.0
498.000,hazard_avoidances,0
498.000,min_hazard_distance_m,12.369316876853498
498.000,collisions,0
498.000,time_below_clearance_s,0.0
498.000,safety_zone_violations,0
498.000,min_ttc_s,-1.0
498.000,avoid_success,0
498.000,avoid_timeout,0
498.000,q_convergence,1.7763568394002505e-14
498.000,update_residual,1.7763568394002505e-15
499.000,anomalies_detected,0
499.000,anomalies_unique,0
499.000,investigation_timeouts,0
499.000,mission_duration_s,454.924
499.000,distance_traveled_m,1.275590376405922e-16
499.000,route_deviations,0
499.000,investigation_time_s,0.0
499.000,hazard_avoidances,0
499.000,min_hazard_distance_m,12.369316876853498
499.000,collisions,0
499.000,time_below_clearance_s,0.0
499.000,safety_zone_violations,0
499.000,min_ttc_s,-1.0
499.000,avoid_success,0
499.000,avoid_timeout,0
499.000,q_convergence,1.7763568394002505e-14
499.000,update_residual,1.7763568394002505e-15
500.000,anomalies_detected,0
500.000,anomalies_unique,0
500.000,investigation_timeouts,0
500.000,mission_duration_s,455.924
500.000,distance_traveled_m,1.2784466269574762e-16
500.000,route_deviations,0
500.000,investigation_time_s,0.0
500.000,hazard_avoidances,0
500.000,min_hazard_distance_m,12.369316876853498
500.000,collisions,0
500.000,time_below_clearance_s,0.0
500.000,safety_zone_violations,0
500.000,min_ttc_s,-1.0
500.000,avoid_success,0
500.000,avoid_timeout,0
500.000,q_convergence,1.7763568394002505e-14
500.000,update_residual,1.7763568394002505e-15
501.000,anomalies_detected,0
501.000,anomalies_unique,0
501.000,investigation_timeouts,0
501.000,mission_duration_s,456.924
501.000,distance_traveled_m,1.280727484091421e-16
501.000,route_deviations,0
501.000,investigation_time_s,0.0
501.000,hazard_avoidances,0
501.000,min_hazard_distance_m,12.369316876853498
501.000,collisions,0
501.000,time_below_clearance_s,0.0
501.000,safety_zone_violations,0
501.000,min_ttc_s,-1.0
501.000,avoid_success,0
501.000,avoid_timeout,0
501.000,q_convergence,1.7763568394002505e-14
501.000,update_residual,1.7763568394002505e-15
502.000,anomalies_detected,0
502.000,anomalies_unique,0
502.000,investigation_timeouts,0
502.000,mission_duration_s,457.924
502.000,distance_traveled_m,1.2832320292968494e-16
502.000,route_deviations,0
502.000,investigation_time_s,0.0
502.000,hazard_avoidances,0
502.000,min_hazard_distance_m,12.369316876853498
502.000,collisions,0
502.000,time_below_clearance_s,0.0
502.000,safety_zone_violations,0
502.000,min_ttc_s,-1.0
502.000,avoid_success,0
502.000,avoid_timeout,0
502.000,q_convergence,1.7763568394002505e-14
502.000,update_residual,1.7763568394002505e-15
503.000,anomalies_detected,0
503.000,anomalies_unique,0
503.000,investigation_timeouts,0
503.000,mission_duration_s,458.924
503.000,distance_traveled_m,1.2856419418978847e-16
503.000,route_deviations,0
503.000,investigation_time_s,0.0
503.000,hazard_avoidances,0
503.000,min_hazard_distance_m,12.369316876853498
503.000,collisions,0
503.000,time_below_clearance_s,0.0
503.000,safety_zone_violations,0
503.000,min_ttc_s,-1.0
503.000,avoid_success,0
503.000,avoid_timeout,0
503.000,q_convergence,1.7763568394002505e-14
503.000,update_residual,1.7763568394002505e-15
504.000,anomalies_detected,0
504.000,anomalies_unique,0
504.000,investigation_timeouts,0
504.000,mission_duration_s,459.924
504.000,distance_traveled_m,1.2884783890185603e-16
504.000,route_deviations,0
504.000,investigation_time_s,0.0
504.000,hazard_avoidances,0
504.000,min_hazard_distance_m,12.369316876853498
504.000,collisions,0
504.000,time_below_clearance_s,0.0
504.000,safety_zone_violations,0
504.000,min_ttc_s,-1.0
504.000,avoid_success,0
504.000,avoid_timeout,0
504.000,q_convergence,1.7763568394002505e-14
504.000,update_residual,1.7763568394002505e-15
505.000,anomalies_detected,0
505.000,anomalies_unique,0
505.000,investigation_timeouts,0
505.000,mission_duration_s,460.924
505.000,distance_traveled_m,1.2907069932178336e-16
505.000,route_deviations,0
505.000,investigation_time_s,0.0
505.000,hazard_avoidances,0
505.000,min_hazard_distance_m,12.369316876853498
505.000,collisions,0
505.000,time_below_clearance_s,0.0
505.000,safety_zone_violations,0
505.000,min_ttc_s,-1.0
505.000,avoid_success,0
505.000,avoid_timeout,0
505.000,q_convergence,1.7763568394002505e-14
505.000,update_residual,1.7763568394002505e-15
506.000,anomalies_detected,0
506.000,anomalies_unique,0
506.000,investigation_timeouts,0
506.000,mission_duration_s,461.924
506.000,distance_traveled_m,1.2930553584518058e-16
506.000,route_deviations,0
506.000,investigation_time_s,0.0
506.000,hazard_avoidances,0
506.000,min_hazard_distance_m,12.369316876853498
506.000,collisions,0
506.000,time_below_clearance_s,0.0
506.000,safety_zone_violations,0
506.000,min_ttc_s,-1.0
506.000,avoid_success,0
506.000,avoid_timeout,0
506.000,q_convergence,1.7763568394002505e-14
506.000,update_residual,1.7763568394002505e-15
507.000,anomalies_detected,0
507.000,anomalies_unique,0
507.000,investigation_timeouts,0
507.000,mission_duration_s,462.924
507.000,distance_traveled_m,1.2961010931565146e-16
507.000,route_deviations,0
507.000,investigation_time_s,0.0
507.000,hazard_avoidances,0
507.000,min_hazard_distance_m,12.369316876853498
507.000,collisions,0
507.000,time_below_clearance_s,0.0
507.000,safety_zone_violations,0
507.000,min_ttc_s,-1.0
507.000,avoid_success,0
507.000,avoid_timeout,0
507.000,q_convergence,1.7763568394002505e-14
507.000,update_residual,1.7763568394002505e-15
508.000,anomalies_detected,0
508.000,anomalies_unique,0
508.000,investigation_timeouts,0
508.000,mission_duration_s,463.924
508.000,distance_traveled_m,1.2990802678361937e-16
508.000,route_deviations,0
508.000,investigation_time_s,0.0
508.000,hazard_avoidances,0
508.000,min_hazard_distance_m,12.369316876853498
508.000,collisions,0
508.000,time_below_clearance_s,0.0
508.000,safety_zone_violations,0
508.000,min_ttc_s,-1.0
508.000,avoid_success,0
508.000,avoid_timeout,0
508.000,q_convergence,1.7763568394002505e-14
508.000,update_residual,1.7763568394002505e-15
509.000,anomalies_detected,0
509.000,anomalies_unique,0
509.000,investigation_timeouts,0
509.000,mission_duration_s,464.924
509.000,distance_traveled_m,1.3020032364171993e-16
509.000,route_deviations,0
509.000,investigation_time_s,0.0
509.000,hazard_avoidances,0
509.000,min_hazard_distance_m,12.369316876853498
509.000,collisions,0
509.000,time_below_clearance_s,0.0
509.000,safety_zone_violations,0
509.000,min_ttc_s,-1.0
509.000,avoid_success,0
509.000,avoid_timeout,0
509.000,q_convergence,1.7763568394002505e-14
509.000,update_residual,1.7763568394002505e-15
510.000,anomalies_detected,0
510.000,anomalies_unique,0
510.000,investigation_timeouts,0
510.000,mission_duration_s,465.924
510.000,distance_traveled_m,1.3043977852207999e-16
510.000,route_deviations,0
510.000,investigation_time_s,0.0
510.000,hazard_avoidances,0
510.000,min_hazard_distance_m,12.369316876853498
510.000,collisions,0
510.000,time_below_clearance_s,0.0
510.000,safety_zone_violations,0
510.000,min_ttc_s,-1.0
510.000,avoid_success,0
510.000,avoid_timeout,0
510.000,q_convergence,1.7763568394002505e-14
510.000,update_residual,1.7763568394002505e-15
511.000,anomalies_detected,0
511.000,anomalies_unique,0
511.000,investigation_timeouts,0
511.000,mission_duration_s,466.924
511.000,distance_traveled_m,1.3078247586164168e-16
511.000,route_deviations,0
511.000,investigation_time_s,0.0
511.000,hazard_avoidances,0
511.000,min_hazard_distance_m,12.369316876853498
511.000,collisions,0
511.000,time_below_clearance_s,0.0
511.000,safety_zone_violations,0
511.000,min_ttc_s,-1.0
511.000,avoid_success,0
511.000,avoid_timeout,0
511.000,q_convergence,1.7763568394002505e-14
511.000,update_residual,1.7763568394002505e-15
512.000,anomalies_detected,0
512.000,anomalies_unique,0
512.000,investigation_timeouts,0
512.000,mission_duration_s,467.924
512.000,distance_traveled_m,1.3099346795310903e-16
512.000,route_deviations,0
512.000,investigation_time_s,0.0
512.000,hazard_avoidances,0
512.000,min_hazard_distance_m,12.369316876853498
512.000,collisions,0
512.000,time_below_clearance_s,0.0
512.000,safety_zone_violations,0
512.000,min_ttc_s,-1.0
512.000,avoid_success,0
512.000,avoid_timeout,0
512.000,q_convergence,1.7763568394002505e-14
512.000,update_residual,1.7763568394002505e-15
513.000,anomalies_detected,0
513.000,anomalies_unique,0
513.000,investigation_timeouts,0
513.000,mission_duration_s,468.924
513.000,distance_traveled_m,1.3130556128375454e-16
513.000,route_deviations,0
513.000,investigation_time_s,0.0
513.000,hazard_avoidances,0
513.000,min_hazard_distance_m,12.369316876853498
513.000,collisions,0
513.000,time_below_clearance_s,0.0
513.000,safety_zone_violations,0
513.000,min_ttc_s,-1.0
513.000,avoid_success,0
513.000,avoid_timeout,0
513.000,q_convergence,1.7763568394002505e-14
513.000,update_residual,1.7763568394002505e-15
514.000,anomalies_detected,0
514.000,anomalies_unique,0
514.000,investigation_timeouts,0
514.000,mission_duration_s,469.924
514.000,distance_traveled_m,1.3158049105999513e-16
514.000,route_deviations,0
514.000,investigation_time_s,0.0
514.000,hazard_avoidances,0
514.000,min_hazard_distance_m,12.369316876853498
514.000,collisions,0
514.000,time_below_clearance_s,0.0
514.000,safety_zone_violations,0
514.000,min_ttc_s,-1.0
514.000,avoid_success,0
514.000,avoid_timeout,0
514.000,q_convergence,1.7763568394002505e-14
514.000,update_residual,1.7763568394002505e-15
515.000,anomalies_detected,0
515.000,anomalies_unique,0
515.000,investigation_timeouts,0
515.000,mission_duration_s,470.924
515.000,distance_traveled_m,1.318678943337477e-16
515.000,route_deviations,0
515.000,investigation_time_s,0.0
515.000,hazard_avoidances,0
515.000,min_hazard_distance_m,12.369316876853498
515.000,collisions,0
515.000,time_below_clearance_s,0.0
515.000,safety_zone_violations,0
515.000,min_ttc_s,-1.0
515.000,avoid_success,0
515.000,avoid_timeout,0
515.000,q_convergence,1.7763568394002505e-14
515.000,update_residual,1.7763568394002505e-15
516.000,anomalies_detected,0
516.000,anomalies_unique,0
516.000,investigation_timeouts,0
516.000,mission_duration_s,471.924
516.000,distance_traveled_m,1.3220285956779843e-16
516.000,route_deviations,0
516.000,investigation_time_s,0.0
516.000,hazard_avoidances,0
516.000,min_hazard_distance_m,12.369316876853498
516.000,collisions,0
516.000,time_below_clearance_s,0.0
516.000,safety_zone_violations,0
516.000,min_ttc_s,-1.0
516.000,avoid_success,0
516.000,avoid_timeout,0
516.000,q_convergence,1.7763568394002505e-14
516.000,update_residual,1.7763568394002505e-15
517.000,anomalies_detected,0
517.000,anomalies_unique,0
517.000,investigation_timeouts,0
517.000,mission_duration_s,472.924
517.000,distance_traveled_m,1.324728232981847e-16
517.000,route_deviations,0
517.000,investigation_time_s,0.0
517.000,hazard_avoidances,0
517.000,min_hazard_distance_m,12.369316876853498
517.000,collisions,0
517.000,time_below_clearance_s,0.0
517.000,safety_zone_violations,0
517.000,min_ttc_s,-1.0
517.000,avoid_success,0
517.000,avoid_timeout,0
517.000,q_convergence,1.7763568394002505e-14
517.000,update_residual,1.7763568394002505e-15
518.000,anomalies_detected,0
518.000,anomalies_unique,0
518.000,investigation_timeouts,0
518.000,mission_duration_s,473.924
518.000,distance_traveled_m,1.3269837310523446e-16
518.000,route_deviations,0
518.000,investigation_time_s,0.0
518.000,hazard_avoidances,0
518.000,min_hazard_distance_m,12.369316876853498
518.000,collisions,0
518.000,time_below_clearance_s,0.0
518.000,safety_zone_violations,0
518.000,min_ttc_s,-1.0
518.000,avoid_success,0
518.000,avoid_timeout,0
518.000,q_convergence,1.7763568394002505e-14
518.000,update_residual,1.7763568394002505e-15
519.000,anomalies_detected,0
519.000,anomalies_unique,0
519.000,investigation_timeouts,0
519.000,mission_duration_s,474.924
519.000,distance_traveled_m,1.3302367643432984e-16
519.000,route_deviations,0
519.000,investigation_time_s,0.0
519.000,hazard_avoidances,0
519.000,min_hazard_distance_m,12.369316876853498
519.000,collisions,0
519.000,time_below_clearance_s,0.0
519.000,safety_zone_violations,0
519.000,min_ttc_s,-1.0
519.000,avoid_success,0
519.000,avoid_timeout,0
519.000,q_convergence,1.7763568394002505e-14
519.000,update_residual,1.7763568394002505e-15
520.000,anomalies_detected,0
520.000,anomalies_unique,0
520.000,investigation_timeouts,0
520.000,mission_duration_s,475.924
520.000,distance_traveled_m,1.33271529672179e-16
520.000,route_deviations,0
520.000,investigation_time_s,0.0
520.000,hazard_avoidances,0
520.000,min_hazard_distance_m,12.369316876853498
520.000,collisions,0
520.000,time_below_clearance_s,0.0
520.000,safety_zone_violations,0
520.000,min_ttc_s,-1.0
520.000,avoid_success,0
520.000,avoid_timeout,0
520.000,q_convergence,1.7763568394002505e-14
520.000,update_residual,1.7763568394002505e-15
521.000,anomalies_detected,0
521.000,anomalies_unique,0
521.000,investigation_timeouts,0
521.000,mission_duration_s,476.924
521.000,distance_traveled_m,1.335381807566617e-16
521.000,route_deviations,0
521.000,investigation_time_s,0.0
521.000,hazard_avoidances,0
521.000,min_hazard_distance_m,12.369316876853498
521.000,collisions,0
521.000,time_below_clearance_s,0.0
521.000,safety_zone_violations,0
521.000,min_ttc_s,-1.0
521.000,avoid_success,0
521.000,avoid_timeout,0
521.000,q_convergence,1.7763568394002505e-14
521.000,update_residual,1.7763568394002505e-15
522.000,anomalies_detected,0
522.000,anomalies_unique,0
522.000,investigation_timeouts,0
522.000,mission_duration_s,477.924
522.000,distance_traveled_m,1.3377469403655288e-16
522.000,route_deviations,0
522.000,investigation_time_s,0.0
522.000,hazard_avoidances,0
522.000,min_hazard_distance_m,12.369316876853498
522.000,collisions,0
522.000,time_below_clearance_s,0.0
522.000,safety_zone_violations,0
522.000,min_ttc_s,-1.0
522.000,avoid_success,0
522.000,avoid_timeout,0
522.000,q_convergence,1.7763568394002505e-14
522.000,update_residual,1.7763568394002505e-15
523.000,anomalies_detected,0
523.000,anomalies_unique,0
523.000,investigation_timeouts,0
523.000,mission_duration_s,478.924
523.000,distance_traveled_m,1.3406654620348704e-16
523.000,route_deviations,0
523.000,investigation_time_s,0.0
523.000,hazard_avoidances,0
523.000,min_hazard_distance_m,12.369316876853498
523.000,collisions,0
523.000,time_below_clearance_s,0.0
523.000,safety_zone_violations,0
523.000,min_ttc_s,-1.0
523.000,avoid_success,0
523.000,avoid_timeout,0
523.000,q_convergence,1.7763568394002505e-14
523.000,update_residual,1.7763568394002505e-15
524.000,anomalies_detected,0
524.000,anomalies_unique,0
524.000,investigation_timeouts,0
524.000,mission_duration_s,479.924
524.000,distance_traveled_m,1.343328062092546e-16
524.000,route_deviations,0
524.000,investigation_time_s,0.0
524.000,hazard_avoidances,0
524.000,min_hazard_distance_m,12.369316876853498
524.000,collisions,0
524.000,time_below_clearance_s,0.0
524.000,safety_zone_violations,0
524.000,min_ttc_s,-1.0
524.000,avoid_success,0
524.000,avoid_timeout,0
524.000,q_convergence,1.7763568394002505e-14
524.000,update_residual,1.7763568394002505e-15
525.000,anomalies_detected,0
525.000,anomalies_unique,0
525.000,investigation_timeouts,0
525.000,mission_duration_s,480.924
525.000,distance_traveled_m,1.3458676836252777e-16
525.000,route_deviations,0
525.000,investigation_time_s,0.0
525.000,hazard_avoidances,0
525.000,min_hazard_distance_m,12.369316876853498
525.000,collisions,0
525.000,time_below_clearance_s,0.0
525.000,safety_zone_violations,0
525.000,min_ttc_s,-1.0
525.000,avoid_success,0
525.000,avoid_timeout,0
525.000,q_convergence,1.7763568394002505e-14
525.000,update_residual,1.7763568394002505e-15
526.000,anomalies_detected,0
526.000,anomalies_unique,0
526.000,investigation_timeouts,0
526.000,mission_duration_s,481.924
526.000,distance_traveled_m,1.3483936568636949e-16
526.000,route_deviations,0
526.000,investigation_time_s,0.0
526.000,hazard_avoidances,0
526.000,min_hazard_distance_m,12.369316876853498
526.000,collisions,0
526.000,time_below_clearance_s,0.0
526.000,safety_zone_violations,0
526.000,min_ttc_s,-1.0
526.000,avoid_success,0
526.000,avoid_timeout,0
526.000,q_convergence,1.7763568394002505e-14
526.000,update_residual,1.7763568394002505e-15
527.000,anomalies_detected,0
527.000,anomalies_unique,0
527.000,investigation_timeouts,0
527.000,mission_duration_s,482.924
527.000,distance_traveled_m,1.3510622907515745e-16
527.000,route_deviations,0
527.000,investigation_time_s,0.0
527.000,hazard_avoidances,0
527.000,min_hazard_distance_m,12.369316876853498
527.000,collisions,0
527.000,time_below_clearance_s,0.0
527.000,safety_zone_violations,0
527.000,min_ttc_s,-1.0
527.000,avoid_success,0
527.000,avoid_timeout,0
527.000,q_convergence,1.7763568394002505e-14
527.000,update_residual,1.7763568394002505e-15
528.000,anomalies_detected,0
528.000,anomalies_unique,0
528.000,investigation_timeouts,0
528.000,mission_duration_s,483.924
528.000,distance_traveled_m,1.3540149299457232e-16
528.000,route_deviations,0
528.000,investigation_time_s,0.0
528.000,hazard_avoidances,0
528.000,min_hazard_distance_m,12.369316876853498
528.000,collisions,0
528.000,time_below_clearance_s,0.0
528.000,safety_zone_violations,0
528.000,min_ttc_s,-1.0
528.000,avoid_success,0
528.000,avoid_timeout,0
528.000,q_convergence,1.7763568394002505e-14
528.000,update_residual,1.7763568394002505e-15
529.000,anomalies_detected,0
529.000,anomalies_unique,0
529.000,investigation_timeouts,0
529.000,mission_duration_s,484.924
529.000,distance_traveled_m,1.3565420646620427e-16
529.000,route_deviations,0
529.000,investigation_time_s,0.0
529.000,hazard_avoidances,0
529.000,min_hazard_distance_m,12.369316876853498
529.000,collisions,0
529.000,time_below_clearance_s,0.0
529.000,safety_zone_violations,0
529.000,min_ttc_s,-1.0
529.000,avoid_success,0
529.000,avoid_timeout,0
529.000,q_convergence,1.7763568394002505e-14
529.000,update_residual,1.7763568394002505e-15
530.000,anomalies_detected,0
530.000,anomalies_unique,0
530.000,investigation_timeouts,0
530.000,mission_duration_s,485.924
530.000,distance_traveled_m,1.360555788220793e-16
530.000,route_deviations,0
530.000,investigation_time_s,0.0
530.000,hazard_avoidances,0
530.000,min_hazard_distance_m,12.369316876853498
530.000,collisions,0
530.000,time_below_clearance_s,0.0
530.000,safety_zone_violations,0
530.000,min_ttc_s,-1.0
530.000,avoid_success,0
530.000,avoid_timeout,0
530.000,q_convergence,1.7763568394002505e-14
530.000,update_residual,1.7763568394002505e-15
531.000,anomalies_detected,0
531.000,anomalies_unique,0
531.000,investigation_timeouts,0
531.000,mission_duration_s,486.924
531.000,distance_traveled_m,1.3630218180955212e-16
531.000,route_deviations,0
531.000,investigation_time_s,0.0
531.000,hazard_avoidances,0
531.000,min_hazard_distance_m,12.369316876853498
531.000,collisions,0
531.000,time_below_clearance_s,0.0
531.000,safety_zone_violations,0
531.000,min_ttc_s,-1.0
531.000,avoid_success,0
531.000,avoid_timeout,0
531.000,q_convergence,1.7763568394002505e-14
531.000,update_residual,1.7763568394002505e-15
532.000,anomalies_detected,0
532.000,anomalies_unique,0
532.000,investigation_timeouts,0
532.000,mission_duration_s,487.924
532.000,distance_traveled_m,1.3658047682471205e-16
532.000,route_deviations,0
532.000,investigation_time_s,0.0
532.000,hazard_avoidances,0
532.000,min_hazard_distance_m,12.369316876853498
532.000,collisions,0
532.000,time_below_clearance_s,0.0
532.000,safety_zone_violations,0
532.000,min_ttc_s,-1.0
532.000,avoid_success,0
532.000,avoid_timeout,0
532.000,q_convergence,1.7763568394002505e-14
532.000,update_residual,1.7763568394002505e-15
533.000,anomalies_detected,0
533.000,anomalies_unique,0
533.000,investigation_timeouts,0
533.000,mission_duration_s,488.924
533.000,distance_traveled_m,1.368877714592887e-16
533.000,route_deviations,0
533.000,investigation_time_s,0.0
533.000,hazard_avoidances,0
533.000,min_hazard_distance_m,12.369316876853498
533.000,collisions,0
533.000,time_below_clearance_s,0.0
533.000,safety_zone_violations,0
533.000,min_ttc_s,-1.0
533.000,avoid_success,0
533.000,avoid_timeout,0
533.000,q_convergence,1.7763568394002505e-14
533.000,update_residual,1.7763568394002505e-15
534.000,anomalies_detected,0
534.000,anomalies_unique,0
534.000,investigation_timeouts,0
534.000,mission_duration_s,489.924
534.000,distance_traveled_m,1.3723869509227077e-16
534.000,route_deviations,0
534.000,investigation_time_s,0.0
534.000,hazard_avoidances,0
534.000,min_hazard_distance_m,12.369316876853498
534.000,collisions,0
534.000,time_below_clearance_s,0.0
534.000,safety_zone_violations,0
534.000,min_ttc_s,-1.0
534.000,avoid_success,0
534.000,avoid_timeout,0
534.000,q_convergence,1.7763568394002505e-14
534.000,update_residual,1.7763568394002505e-15
535.000,anomalies_detected,0
535.000,anomalies_unique,0
535.000,investigation_timeouts,0
535.000,mission_duration_s,490.924
535.000,distance_traveled_m,1.3757129219304609e-16
535.000,route_deviations,0
535.000,investigation_time_s,0.0
535.000,hazard_avoidances,0
535.000,min_hazard_distance_m,12.369316876853498
535.000,collisions,0
535.000,time_below_clearance_s,0.0
535.000,safety_zone_violations,0
535.000,min_ttc_s,-1.0
535.000,avoid_success,0
535.000,avoid_timeout,0
535.000,q_convergence,1.7763568394002505e-14
535.000,update_residual,1.7763568394002505e-15
536.000,anomalies_detected,0
536.000,anomalies_unique,0
536.000,investigation_timeouts,0
536.000,mission_duration_s,491.924
536.000,distance_traveled_m,1.3783926132359581e-16
536.000,route_deviations,0
536.000,investigation_time_s,0.0
536.000,hazard_avoidances,0
536.000,min_hazard_distance_m,12.369316876853498
536.000,collisions,0
536.000,time_below_clearance_s,0.0
536.000,safety_zone_violations,0
536.000,min_ttc_s,-1.0
536.000,avoid_success,0
536.000,avoid_timeout,0
536.000,q_convergence,1.7763568394002505e-14
536.000,update_residual,1.7763568394002505e-15
537.000,anomalies_detected,0
537.000,anomalies_unique,0
537.000,investigation_timeouts,0
537.000,mission_duration_s,492.924
537.000,distance_traveled_m,1.3816227649744126e-16
537.000,route_deviations,0
537.000,investigation_time_s,0.0
537.000,hazard_avoidances,0
537.000,min_hazard_distance_m,12.369316876853498
537.000,collisions,0
537.000,time_below_clearance_s,0.0
537.000,safety_zone_violations,0
537.000,min_ttc_s,-1.0
537.000,avoid_success,0
537.000,avoid_timeout,0
537.000,q_convergence,1.7763568394002505e-14
537.000,update_residual,1.7763568394002505e-15
538.000,anomalies_detected,0
538.000,anomalies_unique,0
538.000,investigation_timeouts,0
538.000,mission_duration_s,493.924
538.000,distance_traveled_m,1.3848236509658596e-16
538.000,route_deviations,0
538.000,investigation_time_s,0.0
538.000,hazard_avoidances,0
538.000,min_hazard_distance_m,12.369316876853498
538.000,collisions,0
538.000,time_below_clearance_s,0.0
538.000,safety_zone_violations,0
538.000,min_ttc_s,-1.0
538.000,avoid_success,0
538.000,avoid_timeout,0
538.000,q_convergence,1.7763568394002505e-14
538.000,update_residual,1.7763568394002505e-15
539.000,anomalies_detected,0
539.000,anomalies_unique,0
539.000,investigation_timeouts,0
539.000,mission_duration_s,494.924
539.000,distance_traveled_m,1.387410494624175e-16
539.000,route_deviations,0
539.000,investigation_time_s,0.0
539.000,hazard_avoidances,0
539.000,min_hazard_distance_m,12.369316876853498
539.000,collisions,0
539.000,time_below_clearance_s,0.0
539.000,safety_zone_violations,0
539.000,min_ttc_s,-1.0
539.000,avoid_success,0
539.000,avoid_timeout,0
539.000,q_convergence,1.7763568394002505e-14
539.000,update_residual,1.7763568394002505e-15
540.000,anomalies_detected,0
540.000,anomalies_unique,0
540.000,investigation_timeouts,0
540.000,mission_duration_s,495.924
540.000,distance_traveled_m,1.3907196638973207e-16
540.000,route_deviations,0
540.000,investigation_time_s,0.0
540.000,hazard_avoidances,0
540.000,min_hazard_distance_m,12.369316876853498
540.000,collisions,0
540.000,time_below_clearance_s,0.0
540.000,safety_zone_violations,0
540.000,min_ttc_s,-1.0
540.000,avoid_success,0
540.000,avoid_timeout,0
540.000,q_convergence,1.7763568394002505e-14
540.000,update_residual,1.7763568394002505e-15
541.000,anomalies_detected,0
541.000,anomalies_unique,0
541.000,investigation_timeouts,0
541.000,mission_duration_s,496.924
541.000,distance_traveled_m,1.394267601099946e-16
541.000,route_deviations,0
541.000,investigation_time_s,0.0
541.000,hazard_avoidances,0
541.000,min_hazard_distance_m,12.369316876853498
541.000,collisions,0
541.000,time_below_clearance_s,0.0
541.000,safety_zone_violations,0
541.000,min_ttc_s,-1.0
541.000,avoid_success,0
541.000,avoid_timeout,0
541.000,q_convergence,1.7763568394002505e-14
541.000,update_residual,1.7763568394002505e-15
542.000,anomalies_detected,0
542.000,anomalies_unique,0
542.000,investigation_timeouts,0
542.000,mission_duration_s,497.924
542.000,distance_traveled_m,1.3965263163941165e-16
542.000,route_deviations,0
542.000,investigation_time_s,0.0
542.000,hazard_avoidances,0
542.000,min_hazard_distance_m,12.369316876853498
542.000,collisions,0
542.000,time_below_clearance_s,0.0
542.000,safety_zone_violations,0
542.000,min_ttc_s,-1.0
542.000,avoid_success,0
542.000,avoid_timeout,0
542.000,q_convergence,1.7763568394002505e-14
542.000,update_residual,1.7763568394002505e-15
543.000,anomalies_detected,0
543.000,anomalies_unique,0
543.000,investigation_timeouts,0
543.000,mission_duration_s,498.924
543.000,distance_traveled_m,1.3987149580843587e-16
543.000,route_deviations,0
543.000,investigation_time_s,0.0
543.000,hazard_avoidances,0
543.000,min_hazard_distance_m,12.369316876853498
543.000,collisions,0
543.000,time_below_clearance_s,0.0
543.000,safety_zone_violations,0
543.000,min_ttc_s,-1.0
543.000,avoid_success,0
543.000,avoid_timeout,0
543.000,q_convergence,1.7763568394002505e-14
543.000,update_residual,1.7763568394002505e-15
544.000,anomalies_detected,0
544.000,anomalies_unique,0
544.000,investigation_timeouts,0
544.000,mission_duration_s,499.924
544.000,distance_traveled_m,1.401463381596021e-16
544.000,route_deviations,0
544.000,investigation_time_s,0.0
544.000,hazard_avoidances,0
544.000,min_hazard_distance_m,12.369316876853498
544.000,collisions,0
544.000,time_below_clearance_s,0.0
544.000,safety_zone_violations,0
544.000,min_ttc_s,-1.0
544.000,avoid_success,0
544.000,avoid_timeout,0
544.000,q_convergence,1.7763568394002505e-14
544.000,update_residual,1.7763568394002505e-15
545.000,anomalies_detected,0
545.000,anomalies_unique,0
545.000,investigation_timeouts,0
545.000,mission_duration_s,500.924
545.000,distance_traveled_m,1.4043373478117463e-16
545.000,route_deviations,0
545.000,investigation_time_s,0.0
545.000,hazard_avoidances,0
545.000,min_hazard_distance_m,12.369316876853498
545.000,collisions,0
545.000,time_below_clearance_s,0.0
545.000,safety_zone_violations,0
545.000,min_ttc_s,-1.0
545.000,avoid_success,0
545.000,avoid_timeout,0
545.000,q_convergence,1.7763568394002505e-14
545.000,update_residual,1.7763568394002505e-15
546.000,anomalies_detected,0
546.000,anomalies_unique,0
546.000,investigation_timeouts,0
546.000,mission_duration_s,501.924
546.000,distance_traveled_m,1.4070772250694187e-16
546.000,route_deviations,0
546.000,investigation_time_s,0.0
546.000,hazard_avoidances,0
546.000,min_hazard_distance_m,12.369316876853498
546.000,collisions,0
546.000,time_below_clearance_s,0.0
546.000,safety_zone_violations,0
546.000,min_ttc_s,-1.0
546.000,avoid_success,0
546.000,avoid_timeout,0
546.000,q_convergence,1.7763568394002505e-14
546.000,update_residual,1.7763568394002505e-15
547.000,anomalies_detected,0
547.000,anomalies_unique,0
547.000,investigation_timeouts,0
547.000,mission_duration_s,502.924
547.000,distance_traveled_m,1.4104995944456008e-16
547.000,route_deviations,0
547.000,investigation_time_s,0.0
547.000,hazard_avoidances,0
547.000,min_hazard_distance_m,12.369316876853498
547.000,collisions,0
547.000,time_below_clearance_s,0.0
547.000,safety_zone_violations,0
547.000,min_ttc_s,-1.0
547.000,avoid_success,0
547.000,avoid_timeout,0
547.000,q_convergence,1.7763568394002505e-14
547.000,update_residual,1.7763568394002505e-15
548.000,anomalies_detected,0
548.000,anomalies_unique,0
548.000,investigation_timeouts,0
548.000,mission_duration_s,503.924
548.000,distance_traveled_m,1.4133585549830135e-16
548.000,route_deviations,0
548.000,investigation_time_s,0.0
548.000,hazard_avoidances,0
548.000,min_hazard_distance_m,12.369316876853498
548.000,collisions,0
548.000,time_below_clearance_s,0.0
548.000,safety_zone_violations,0
548.000,min_ttc_s,-1.0
548.000,avoid_success,0
548.000,avoid_timeout,0
548.000,q_convergence,1.7763568394002505e-14
548.000,update_residual,1.7763568394002505e-15
549.000,anomalies_detected,0
549.000,anomalies_unique,0
549.000,investigation_timeouts,0
549.000,mission_duration_s,504.924
549.000,distance_traveled_m,1.416641874336951e-16
549.000,route_deviations,0
549.000,investigation_time_s,0.0
549.000,hazard_avoidances,0
549.000,min_hazard_distance_m,12.369316876853498
549.000,collisions,0
549.000,time_below_clearance_s,0.0
549.000,safety_zone_violations,0
549.000,min_ttc_s,-1.0
549.000,avoid_success,0
549.000,avoid_timeout,0
549.000,q_convergence,1.7763568394002505e-14
549.000,update_residual,1.7763568394002505e-15
550.000,anomalies_detected,0
550.000,anomalies_unique,0
550.000,investigation_timeouts,0
550.000,mission_duration_s,505.924
550.000,distance_traveled_m,1.4197345740061613e-16
550.000,route_deviations,0
550.000,investigation_time_s,0.0
550.000,hazard_avoidances,0
550.000,min_hazard_distance_m,12.369316876853498
550.000,collisions,0
550.000,time_below_clearance_s,0.0
550.000,safety_zone_violations,0
550.000,min_ttc_s,-1.0
550.000,avoid_success,0
550.000,avoid_timeout,0
550.000,q_convergence,1.7763568394002505e-14
550.000,update_residual,1.7763568394002505e-15
551.000,anomalies_detected,0
551.000,anomalies_unique,0
551.000,investigation_timeouts,0
551.000,mission_duration_s,506.924
551.000,distance_traveled_m,1.4218653909894481e-16
551.000,route_deviations,0
551.000,investigation_time_s,0.0
551.000,hazard_avoidances,0
551.000,min_hazard_distance_m,12.369316876853498
551.000,collisions,0
551.000,time_below_clearance_s,0.0
551.000,safety_zone_violations,0
551.000,min_ttc_s,-1.0
551.000,avoid_success,0
551.000,avoid_timeout,0
551.000,q_convergence,1.7763568394002505e-14
551.000,update_residual,1.7763568394002505e-15
552.000,anomalies_detected,0
552.000,anomalies_unique,0
552.000,investigation_timeouts,0
552.000,mission_duration_s,507.924
552.000,distance_traveled_m,1.424745374419064e-16
552.000,route_deviations,0
552.000,investigation_time_s,0.0
552.000,hazard_avoidances,0
552.000,min_hazard_distance_m,12.369316876853498
552.000,collisions,0
552.000,time_below_clearance_s,0.0
552.000,safety_zone_violations,0
552.000,min_ttc_s,-1.0
552.000,avoid_success,0
552.000,avoid_timeout,0
552.000,q_convergence,1.7763568394002505e-14
552.000,update_residual,1.7763568394002505e-15
553.000,anomalies_detected,0
553.000,anomalies_unique,0
553.000,investigation_timeouts,0
553.000,mission_duration_s,508.924
553.000,distance_traveled_m,1.4281695570656218e-16
553.000,route_deviations,0
553.000,investigation_time_s,0.0
553.000,hazard_avoidances,0
553.000,min_hazard_distance_m,12.369316876853498
553.000,collisions,0
553.000,time_below_clearance_s,0.0
553.000,safety_zone_violations,0
553.000,min_ttc_s,-1.0
553.000,avoid_success,0
553.000,avoid_timeout,0
553.000,q_convergence,1.7763568394002505e-14
553.000,update_residual,1.7763568394002505e-15
554.000,anomalies_detected,0
554.000,anomalies_unique,0
554.000,investigation_timeouts,0
554.000,mission_duration_s,509.924
554.000,distance_traveled_m,1.4307088704735754e-16
554.000,route_deviations,0
554.000,investigation_time_s,0.0
554.000,hazard_avoidances,0
554.000,min_hazard_distance_m,12.369316876853498
554.000,collisions,0
554.000,time_below_clearance_s,0.0
554.000,safety_zone_violations,0
554.000,min_ttc_s,-1.0
554.000,avoid_success,0
554.000,avoid_timeout,0
554.000,q_convergence,1.7763568394002505e-14
554.000,update_residual,1.7763568394002505e-15
555.000,anomalies_detected,0
555.000,anomalies_unique,0
555.000,investigation_timeouts,0
555.000,mission_duration_s,510.924
555.000,distance_traveled_m,1.4332921384336667e-16
555.000,route_deviations,0
555.000,investigation_time_s,0.0
555.000,hazard_avoidances,0
555.000,min_hazard_distance_m,12.369316876853498
555.000,collisions,0
555.000,time_below_clearance_s,0.0
555.000,safety_zone_violations,0
555.000,min_ttc_s,-1.0
555.000,avoid_success,0
555.000,avoid_timeout,0
555.000,q_convergence,1.7763568394002505e-14
555.000,update_residual,1.7763568394002505e-15
556.000,anomalies_detected,0
556.000,anomalies_unique,0
556.000,investigation_timeouts,0
556.000,mission_duration_s,511.924
556.000,distance_traveled_m,1.4369117907736836e-16
556.000,route_deviations,0
556.000,investigation_time_s,0.0
556.000,hazard_avoidances,0
556.000,min_hazard_distance_m,12.369316876853498
556.000,collisions,0
556.000,time_below_clearance_s,0.0
556.000,safety_zone_violations,0
556.000,min_ttc_s,-1.0
556.000,avoid_success,0
556.000,avoid_timeout,0
556.000,q_convergence,1.7763568394002505e-14
556.000,update_residual,1.7763568394002505e-15
557.000,anomalies_detected,0
557.000,anomalies_unique,0
557.000,investigation_timeouts,0
557.000,mission_duration_s,512.924
557.000,distance_traveled_m,1.4397497170128478e-16
557.000,route_deviations,0
557.000,investigation_time_s,0.0
557.000,hazard_avoidances,0
557.000,min_hazard_distance_m,12.369316876853498
557.000,collisions,0
557.000,time_below_clearance_s,0.0
557.000,safety_zone_violations,0
557.000,min_ttc_s,-1.0
557.000,avoid_success,0
557.000,avoid_timeout,0
557.000,q_convergence,1.7763568394002505e-14
557.000,update_residual,1.7763568394002505e-15
558.000,anomalies_detected,0
558.000,anomalies_unique,0
558.000,investigation_timeouts,0
558.000,mission_duration_s,513.924
558.000,distance_traveled_m,1.4425417792132071e-16
558.000,route_deviations,0
558.000,investigation_time_s,0.0
558.000,hazard_avoidances,0
558.000,min_hazard_distance_m,12.369316876853498
558.000,collisions,0
558.000,time_below_clearance_s,0.0
558.000,safety_zone_violations,0
558.000,min_ttc_s,-1.0
558.000,avoid_success,0
558.000,avoid_timeout,0
558.000,q_convergence,1.7763568394002505e-14
558.000,update_residual,1.7763568394002505e-15
559.000,anomalies_detected,0
559.000,anomalies_unique,0
559.000,investigation_timeouts,0
559.000,mission_duration_s,514.924
559.000,distance_traveled_m,1.445839926490483e-16
559.000,route_deviations,0
559.000,investigation_time_s,0.0
559.000,hazard_avoidances,0
559.000,min_hazard_distance_m,12.369316876853498
559.000,collisions,0
559.000,time_below_clearance_s,0.0
559.000,safety_zone_violations,0
559.000,min_ttc_s,-1.0
559.000,avoid_success,0
559.000,avoid_timeout,0
559.000,q_convergence,1.7763568394002505e-14
559.000,update_residual,1.7763568394002505e-15
560.000,anomalies_detected,0
560.000,anomalies_unique,0
560.000,investigation_timeouts,0
560.000,mission_duration_s,515.924
560.000,distance_traveled_m,1.449312089627303e-16
560.000,route_deviations,0
560.000,investigation_time_s,0.0
560.000,hazard_avoidances,0
560.000,min_hazard_distance_m,12.369316876853498
560.000,collisions,0
560.000,time_below_clearance_s,0.0
560.000,safety_zone_violations,0
560.000,min_ttc_s,-1.0
560.000,avoid_success,0
560.000,avoid_timeout,0
560.000,q_convergence,1.7763568394002505e-14
560.000,update_residual,1.7763568394002505e-15
561.000,anomalies_detected,0
561.000,anomalies_unique,0
561.000,investigation_timeouts,0
561.000,mission_duration_s,516.924
561.000,distance_traveled_m,1.4521147680769012e-16
561.000,route_deviations,0
561.000,investigation_time_s,0.0
561.000,hazard_avoidances,0
561.000,min_hazard_distance_m,12.369316876853498
561.000,collisions,0
561.000,time_below_clearance_s,0.0
561.000,safety_zone_violations,0
561.000,min_ttc_s,-1.0
561.000,avoid_success,0
561.000,avoid_timeout,0
561.000,q_convergence,1.7763568394002505e-14
561.000,update_residual,1.7763568394002505e-15
562.000,anomalies_detected,0
562.000,anomalies_unique,0
562.000,investigation_timeouts,0
562.000,mission_duration_s,517.924
562.000,distance_traveled_m,1.4551317485294892e-16
562.000,route_deviations,0
562.000,investigation_time_s,0.0
562.000,hazard_avoidances,0
562.000,min_hazard_distance_m,12.369316876853498
562.000,collisions,0
562.000,time_below_clearance_s,0.0
562.000,safety_zone_violations,0
562.000,min_ttc_s,-1.0
562.000,avoid_success,0
562.000,avoid_timeout,0
562.000,q_convergence,1.7763568394002505e-14
562.000,update_residual,1.7763568394002505e-15
563.000,anomalies_detected,0
563.000,anomalies_unique,0
563.000,investigation_timeouts,0
563.000,mission_duration_s,518.924
563.000,distance_traveled_m,1.458038443810205e-16
563.000,route_deviations,0
563.000,investigation_time_s,0.0
563.000,hazard_avoidances,0
563.000,min_hazard_distance_m,12.369316876853498
563.000,collisions,0
563.000,time_below_clearance_s,0.0
563.000,safety_zone_violations,0
563.000,min_ttc_s,-1.0
563.000,avoid_success,0
563.000,avoid_timeout,0
563.000,q_convergence,1.7763568394002505e-14
563.000,update_residual,1.7763568394002505e-15
564.000,anomalies_detected,0
564.000,anomalies_unique,0
564.000,investigation_timeouts,0
564.000,mission_duration_s,519.924
564.000,distance_traveled_m,1.4605219343448313e-16
564.000,route_deviations,0
564.000,investigation_time_s,0.0
564.000,hazard_avoidances,0
564.000,min_hazard_distance_m,12.369316876853498
564.000,collisions,0
564.000,time_below_clearance_s,0.0
564.000,safety_zone_violations,0
564.000,min_ttc_s,-1.0
564.000,avoid_success,0
564.000,avoid_timeout,0
564.000,q_convergence,1.7763568394002505e-14
564.000,update_residual,1.7763568394002505e-15
565.000,anomalies_detected,0
565.000,anomalies_unique,0
565.000,investigation_timeouts,0
565.000,mission_duration_s,520.924
565.000,distance_traveled_m,1.463948223038465e-16
565.000,route_deviations,0
565.000,investigation_time_s,0.0
565.000,hazard_avoidances,0
565.000,min_hazard_distance_m,12.369316876853498
565.000,collisions,0
565.000,time_below_clearance_s,0.0
565.000,safety_zone_violations,0
565.000,min_ttc_s,-1.0
565.000,avoid_success,0
565.000,avoid_timeout,0
565.000,q_convergence,1.7763568394002505e-14
565.000,update_residual,1.7763568394002505e-15
566.000,anomalies_detected,0
566.000,anomalies_unique,0
566.000,investigation_timeouts,0
566.000,mission_duration_s,521.924
566.000,distance_traveled_m,1.4667141493768494e-16
566.000,route_deviations,0
566.000,investigation_time_s,0.0
566.000,hazard_avoidances,0
566.000,min_hazard_distance_m,12.369316876853498
566.000,collisions,0
566.000,time_below_clearance_s,0.0
566.000,safety_zone_violations,0
566.000,min_ttc_s,-1.0
566.000,avoid_success,0
566.000,avoid_timeout,0
566.000,q_convergence,1.7763568394002505e-14
566.000,update_residual,1.7763568394002505e-15
567.000,anomalies_detected,0
567.000,anomalies_unique,0
567.000,investigation_timeouts,0
567.000,mission_duration_s,522.924
567.000,distance_traveled_m,1.4691294972653675e-16
567.000,route_deviations,0
567.000,investigation_time_s,0.0
567.000,hazard_avoidances,0
567.000,min_hazard_distance_m,12.369316876853498
567.000,collisions,0
567.000,time_below_clearance_s,0.0
567.000,safety_zone_violations,0
567.000,min_ttc_s,-1.0
567.000,avoid_success,0
567.000,avoid_timeout,0
567.000,q_convergence,1.7763568394002505e-14
567.000,update_residual,1.7763568394002505e-15
568.000,anomalies_detected,0
568.000,anomalies_unique,0
568.000,investigation_timeouts,0
568.000,mission_duration_s,523.924
568.000,distance_traveled_m,1.4721028282048246e-16
568.000,route_deviations,0
568.000,investigation_time_s,0.0
568.000,hazard_avoidances,0
568.000,min_hazard_distance_m,12.369316876853498
568.000,collisions,0
568.000,time_below_clearance_s,0.0
568.000,safety_zone_violations,0
568.000,min_ttc_s,-1.0
568.000,avoid_success,0
568.000,avoid_timeout,0
568.000,q_convergence,1.7763568394002505e-14
568.000,update_residual,1.7763568394002505e-15
569.000,anomalies_detected,0
569.000,anomalies_unique,0
569.000,investigation_timeouts,0
569.000,mission_duration_s,524.924
569.000,distance_traveled_m,1.4745000740695865e-16
569.000,route_deviations,0
569.000,investigation_time_s,0.0
569.000,hazard_avoidances,0
569.000,min_hazard_distance_m,12.369316876853498
569.000,collisions,0
569.000,time_below_clearance_s,0.0
569.000,safety_zone_violations,0
569.000,min_ttc_s,-1.0
569.000,avoid_success,0
569.000,avoid_timeout,0
569.000,q_convergence,1.7763568394002505e-14
569.000,update_residual,1.7763568394002505e-15
570.000,anomalies_detected,0
570.000,anomalies_unique,0
570.000,investigation_timeouts,0
570.000,mission_duration_s,525.924
570.000,distance_traveled_m,1.477419535509808e-16
570.000,route_deviations,0
570.000,investigation_time_s,0.0
570.000,hazard_avoidances,0
570.000,min_hazard_distance_m,12.369316876853498
570.000,collisions,0
570.000,time_below_clearance_s,0.0
570.000,safety_zone_violations,0
570.000,min_ttc_s,-1.0
570.000,avoid_success,0
570.000,avoid_timeout,0
570.000,q_convergence,1.7763568394002505e-14
570.000,update_residual,1.7763568394002505e-15
571.000,anomalies_detected,0
571.000,anomalies_unique,0
571.000,investigation_timeouts,0
571.000,mission_duration_s,526.924
571.000,distance_traveled_m,1.4801026875887386e-16
571.000,route_deviations,0
571.000,investigation_time_s,0.0
571.000,hazard_avoidances,0
571.000,min_hazard_distance_m,12.369316876853498
571.000,collisions,0
571.000,time_below_clearance_s,0.0
571.000,safety_zone_violations,0
571.000,min_ttc_s,-1.0
571.000,avoid_success,0
571.000,avoid_timeout,0
571.000,q_convergence,1.7763568394002505e-14
571.000,update_residual,1.7763568394002505e-15
572.000,anomalies_detected,0
572.000,anomalies_unique,0
572.000,investigation_timeouts,0
572.000,mission_duration_s,527.924
572.000,distance_traveled_m,1.4829313128604613e-16
572.000,route_deviations,0
572.000,investigation_time_s,0.0
572.000,hazard_avoidances,0
572.000,min_hazard_distance_m,12.369316876853498
572.000,collisions,0
572.000,time_below_clearance_s,0.0
572.000,safety_zone_violations,0
572.000,min_ttc_s,-1.0
572.000,avoid_success,0
572.000,avoid_timeout,0
572.000,q_convergence,1.7763568394002505e-14
572.000,update_residual,1.7763568394002505e-15
573.000,anomalies_detected,0
573.000,anomalies_unique,0
573.000,investigation_timeouts,0
573.000,mission_duration_s,528.924
573.000,distance_traveled_m,1.4858643909456455e-16
573.000,route_deviations,0
573.000,investigation_time_s,0.0
573.000,hazard_avoidances,0
573.000,min_hazard_distance_m,12.369316876853498
573.000,collisions,0
573.000,time_below_clearance_s,0.0
573.000,safety_zone_violations,0
573.000,min_ttc_s,-1.0
573.000,avoid_success,0
573.000,avoid_timeout,0
573.000,q_convergence,1.7763568394002505e-14
573.000,update_residual,1.7763568394002505e-15
574.000,anomalies_detected,0
574.000,anomalies_unique,0
574.000,investigation_timeouts,0
574.000,mission_duration_s,529.924
574.000,distance_traveled_m,1.4882144187318696e-16
574.000,route_deviations,0
574.000,investigation_time_s,0.0
574.000,hazard_avoidances,0
574.000,min_hazard_distance_m,12.369316876853498
574.000,collisions,0
574.000,time_below_clearance_s,0.0
574.000,safety_zone_violations,0
574.000,min_ttc_s,-1.0
574.000,avoid_success,0
574.000,avoid_timeout,0
574.000,q_convergence,1.7763568394002505e-14
574.000,update_residual,1.7763568394002505e-15
575.000,anomalies_detected,0
575.000,anomalies_unique,0
575.000,investigation_timeouts,0
575.000,mission_duration_s,530.924
575.000,distance_traveled_m,1.4909365981937645e-16
575.000,route_deviations,0
575.000,investigation_time_s,0.0
575.000,hazard_avoidances,0
575.000,min_hazard_distance_m,12.369316876853498
575.000,collisions,0
575.000,time_below_clearance_s,0.0
575.000,safety_zone_violations,0
575.000,min_ttc_s,-1.0
575.000,avoid_success,0
575.000,avoid_timeout,0
575.000,q_convergence,1.7763568394002505e-14
575.000,update_residual,1.7763568394002505e-15
576.000,anomalies_detected,0
576.000,anomalies_unique,0
576.000,investigation_timeouts,0
576.000,mission_duration_s,531.924
576.000,distance_traveled_m,1.4939044608231378e-16
576.000,route_deviations,0
576.000,investigation_time_s,0.0
576.000,hazard_avoidances,0
576.000,min_hazard_distance_m,12.369316876853498
576.000,collisions,0
576.000,time_below_clearance_s,0.0
576.000,safety_zone_violations,0
576.000,min_ttc_s,-1.0
576.000,avoid_success,0
576.000,avoid_timeout,0
576.000,q_convergence,1.7763568394002505e-14
576.000,update_residual,1.7763568394002505e-15
577.000,anomalies_detected,0
577.000,anomalies_unique,0
577.000,investigation_timeouts,0
577.000,mission_duration_s,532.924
577.000,distance_traveled_m,1.496087840529929e-16
577.000,route_deviations,0
577.000,investigation_time_s,0.0
577.000,hazard_avoidances,0
577.000,min_hazard_distance_m,12.369316876853498
577.000,collisions,0
577.000,time_below_clearance_s,0.0
577.000,safety_zone_violations,0
577.000,min_ttc_s,-1.0
577.000,avoid_success,0
577.000,avoid_timeout,0
577.000,q_convergence,1.7763568394002505e-14
577.000,update_residual,1.7763568394002505e-15
578.000,anomalies_detected,0
578.000,anomalies_unique,0
578.000,investigation_timeouts,0
578.000,mission_duration_s,533.924
578.000,distance_traveled_m,1.4984137210803812e-16
578.000,route_deviations,0
578.000,investigation_time_s,0.0
578.000,hazard_avoidances,0
578.000,min_hazard_distance_m,12.369316876853498
578.000,collisions,0
578.000,time_below_clearance_s,0.0
578.000,safety_zone_violations,0
578.000,min_ttc_s,-1.0
578.000,avoid_success,0
578.000,avoid_timeout,0
578.000,q_convergence,1.7763568394002505e-14
578.000,update_residual,1.7763568394002505e-15
579.000,anomalies_detected,0
579.000,anomalies_unique,0
579.000,investigation_timeouts,0
579.000,mission_duration_s,534.924
579.000,distance_traveled_m,1.500969271817577e-16
579.000,route_deviations,0
579.000,investigation_time_s,0.0
579.000,hazard_avoidances,0
579.000,min_hazard_distance_m,12.369316876853498
579.000,collisions,0
579.000,time_below_clearance_s,0.0
579.000,safety_zone_violations,0
579.000,min_ttc_s,-1.0
579.000,avoid_success,0
579.000,avoid_timeout,0
579.000,q_convergence,1.7763568394002505e-14
579.000,update_residual,1.7763568394002505e-15
580.000,anomalies_detected,0
580.000,anomalies_unique,0
580.000,investigation_timeouts,0
580.000,mission_duration_s,535.924
580.000,distance_traveled_m,1.503418419452991e-16
580.000,route_deviations,0
580.000,investigation_time_s,0.0
580.000,hazard_avoidances,0
580.000,min_hazard_distance_m,12.369316876853498
580.000,collisions,0
580.000,time_below_clearance_s,0.0
580.000,safety_zone_violations,0
580.000,min_ttc_s,-1.0
580.000,avoid_success,0
580.000,avoid_timeout,0
580.000,q_convergence,1.7763568394002505e-14
580.000,update_residual,1.7763568394002505e-15
581.000,anomalies_detected,0
581.000,anomalies_unique,0
581.000,investigation_timeouts,0
581.000,mission_duration_s,536.924
581.000,distance_traveled_m,1.5063899603542155e-16
581.000,route_deviations,0
581.000,investigation_time_s,0.0
581.000,hazard_avoidances,0
581.000,min_hazard_distance_m,12.369316876853498
581.000,collisions,0
581.000,time_below_clearance_s,0.0
581.000,safety_zone_violations,0
581.000,min_ttc_s,-1.0
581.000,avoid_success,0
581.000,avoid_timeout,0
581.000,q_convergence,1.7763568394002505e-14
581.000,update_residual,1.7763568394002505e-15
582.000,anomalies_detected,0
582.000,anomalies_unique,0
582.000,investigation_timeouts,0
582.000,mission_duration_s,537.924
582.000,distance_traveled_m,1.5100633967531425e-16
582.000,route_deviations,0
582.000,investigation_time_s,0.0
582.000,hazard_avoidances,0
582.000,min_hazard_distance_m,12.369316876853498
582.000,collisions,0
582.000,time_below_clearance_s,0.0
582.000,safety_zone_violations,0
582.000,min_ttc_s,-1.0
582.000,avoid_success,0
582.000,avoid_timeout,0
582.000,q_convergence,1.7763568394002505e-14
582.000,update_residual,1.7763568394002505e-15
583.000,anomalies_detected,0
583.000,anomalies_unique,0
583.000,investigation_timeouts,0
583.000,mission_duration_s,538.924
583.000,distance_traveled_m,1.5129936890652758e-16
583.000,route_deviations,0
583.000,investigation_time_s,0.0
583.000,hazard_avoidances,0
583.000,min_hazard_distance_m,12.369316876853498
583.000,collisions,0
583.000,time_below_clearance_s,0.0
583.000,safety_zone_violations,0
583.000,min_ttc_s,-1.0
583.000,avoid_success,0
583.000,avoid_timeout,0
583.000,q_convergence,1.7763568394002505e-14
583.000,update_residual,1.7763568394002505e-15
584.000,anomalies_detected,0
584.000,anomalies_unique,0
584.000,investigation_timeouts,0
584.000,mission_duration_s,539.924
584.000,distance_traveled_m,1.5159603241634669e-16
584.000,route_deviations,0
584.000,investigation_time_s,0.0
584.000,hazard_avoidances,0
584.000,min_hazard_distance_m,12.369316876853498
584.000,collisions,0
584.000,time_below_clearance_s,0.0
584.000,safety_zone_violations,0
584.000,min_ttc_s,-1.0
584.000,avoid_success,0
584.000,avoid_timeout,0
584.000,q_convergence,1.7763568394002505e-14
584.000,update_residual,1.7763568394002505e-15
585.000,anomalies_detected,0
585.000,anomalies_unique,0
585.000,investigation_timeouts,0
585.000,mission_duration_s,540.924
585.000,distance_traveled_m,1.518760018728642e-16
585.000,route_deviations,0
585.000,investigation_time_s,0.0
585.000,hazard_avoidances,0
585.000,min_hazard_distance_m,12.369316876853498
585.000,collisions,0
585.000,time_below_clearance_s,0.0
585.000,safety_zone_violations,0
585.000,min_ttc_s,-1.0
585.000,avoid_success,0
585.000,avoid_timeout,0
585.000,q_convergence,1.7763568394002505e-14
585.000,update_residual,1.7763568394002505e-15
586.000,anomalies_detected,0
586.000,anomalies_unique,0
586.000,investigation_timeouts,0
586.000,mission_duration_s,541.924
586.000,distance_traveled_m,1.5217455979107594e-16
586.000,route_deviations,0
586.000,investigation_time_s,0.0
586.000,hazard_avoidances,0
586.000,min_hazard_distance_m,12.369316876853498
586.000,collisions,0
586.000,time_below_clearance_s,0.0
586.000,safety_zone_violations,0
586.000,min_ttc_s,-1.0
586.000,avoid_success,0
586.000,avoid_timeout,0
586.000,q_convergence,1.7763568394002505e-14
586.000,update_residual,1.7763568394002505e-15
587.000,anomalies_detected,0
587.000,anomalies_unique,0
587.000,investigation_timeouts,0
587.000,mission_duration_s,542.924
587.000,distance_traveled_m,1.5239411162022341e-16
587.000,route_deviations,0
587.000,investigation_time_s,0.0
587.000,hazard_avoidances,0
587.000,min_hazard_distance_m,12.369316876853498
587.000,collisions,0
587.000,time_below_clearance_s,0.0
587.000,safety_zone_violations,0
587.000,min_ttc_s,-1.0
587.000,avoid_success,0
587.000,avoid_timeout,0
587.000,q_convergence,1.7763568394002505e-14
587.000,update_residual,1.7763568394002505e-15
588.000,anomalies_detected,0
588.000,anomalies_unique,0
588.000,investigation_timeouts,0
588.000,mission_duration_s,543.924
588.000,distance_traveled_m,1.527196800364713e-16
588.000,route_deviations,0
588.000,investigation_time_s,0.0
588.000,hazard_avoidances,0
588.000,min_hazard_distance_m,12.369316876853498
588.000,collisions,0
588.000,time_below_clearance_s,0.0
588.000,safety_zone_violations,0
588.000,min_ttc_s,-1.0
588.000,avoid_success,0
588.000,avoid_timeout,0
588.000,q_convergence,1.7763568394002505e-14
588.000,update_residual,1.7763568394002505e-15
589.000,anomalies_detected,0
589.000,anomalies_unique,0
589.000,investigation_timeouts,0
589.000,mission_duration_s,544.924
589.000,distance_traveled_m,1.5305175512408e-16
589.000,route_deviations,0
589.000,investigation_time_s,0.0
589.000,hazard_avoidances,0
589.000,min_hazard_distance_m,12.369316876853498
589.000,collisions,0
589.000,time_below_clearance_s,0.0
589.000,safety_zone_violations,0
589.000,min_ttc_s,-1.0
589.000,avoid_success,0
589.000,avoid_timeout,0
589.000,q_convergence,1.7763568394002505e-14
589.000,update_residual,1.7763568394002505e-15
590.000,anomalies_detected,0
590.000,anomalies_unique,0
590.000,investigation_timeouts,0
590.000,mission_duration_s,545.924
590.000,distance_traveled_m,1.5332052526919306e-16
590.000,route_deviations,0
590.000,investigation_time_s,0.0
590.000,hazard_avoidances,0
590.000,min_hazard_distance_m,12.369316876853498
590.000,collisions,0
590.000,time_below_clearance_s,0.0
590.000,safety_zone_violations,0
590.000,min_ttc_s,-1.0
590.000,avoid_success,0
590.000,avoid_timeout,0
590.000,q_convergence,1.7763568394002505e-14
590.000,update_residual,1.7763568394002505e-15
591.000,anomalies_detected,0
591.000,anomalies_unique,0
591.000,investigation_timeouts,0
591.000,mission_duration_s,546.924
591.000,distance_traveled_m,1.5358228658857575e-16
591.000,route_deviations,0
591.000,investigation_time_s,0.0
591.000,hazard_avoidances,0
591.000,min_hazard_distance_m,12.369316876853498
591.000,collisions,0
591.000,time_below_clearance_s,0.0
591.000,safety_zone_violations,0
591.000,min_ttc_s,-1.0
591.000,avoid_success,0
591.000,avoid_timeout,0
591.000,q_convergence,1.7763568394002505e-14
591.000,update_residual,1.7763568394002505e-15
592.000,anomalies_detected,0
592.000,anomalies_unique,0
592.000,investigation_timeouts,0
592.000,mission_duration_s,547.924
592.000,distance_traveled_m,1.538656740095065e-16
592.000,route_deviations,0
592.000,investigation_time_s,0.0
592.000,hazard_avoidances,0
592.000,min_hazard_distance_m,12.369316876853498
592.000,collisions,0
592.000,time_below_clearance_s,0.0
592.000,safety_zone_violations,0
592.000,min_ttc_s,-1.0
592.000,avoid_success,0
592.000,avoid_timeout,0
592.000,q_convergence,1.7763568394002505e-14
592.000,update_residual,1.7763568394002505e-15
593.000,anomalies_detected,0
593.000,anomalies_unique,0
593.000,investigation_timeouts,0
593.000,mission_duration_s,548.924
593.000,distance_traveled_m,1.5419388367807377e-16
593.000,route_deviations,0
593.000,investigation_time_s,0.0
593.000,hazard_avoidances,0
593.000,min_hazard_distance_m,12.369316876853498
593.000,collisions,0
593.000,time_below_clearance_s,0.0
593.000,safety_zone_violations,0
593.000,min_ttc_s,-1.0
593.000,avoid_success,0
593.000,avoid_timeout,0
593.000,q_convergence,1.7763568394002505e-14
593.000,update_residual,1.7763568394002505e-15
594.000,anomalies_detected,0
594.000,anomalies_unique,0
594.000,investigation_timeouts,0
594.000,mission_duration_s,549.924
594.000,distance_traveled_m,1.5450050426627214e-16
594.000,route_deviations,0
594.000,investigation_time_s,0.0
594.000,hazard_avoidances,0
594.000,min_hazard_distance_m,12.369316876853498
594.000,collisions,0
594.000,time_below_clearance_s,0.0
594.000,safety_zone_violations,0
594.000,min_ttc_s,-1.0
594.000,avoid_success,0
594.000,avoid_timeout,0
594.000,q_convergence,1.7763568394002505e-14
594.000,update_residual,1.7763568394002505e-15
595.000,anomalies_detected,0
595.000,anomalies_unique,0
595.000,investigation_timeouts,0
595.000,mission_duration_s,550.924
595.000,distance_traveled_m,1.5480319855122015e-16
595.000,route_deviations,0
595.000,investigation_time_s,0.0
595.000,hazard_avoidances,0
595.000,min_hazard_distance_m,12.369316876853498
595.000,collisions,0
595.000,time_below_clearance_s,0.0
595.000,safety_zone_violations,0
595.000,min_ttc_s,-1.0
595.000,avoid_success,0
595.000,avoid_timeout,0
595.000,q_convergence,1.7763568394002505e-14
595.000,update_residual,1.7763568394002505e-15
596.000,anomalies_detected,0
596.000,anomalies_unique,0
596.000,investigation_timeouts,0
596.000,mission_duration_s,551.924
596.000,distance_traveled_m,1.5502247020282349e-16
596.000,route_deviations,0
596.000,investigation_time_s,0.0
596.000,hazard_avoidances,0
596.000,min_hazard_distance_m,12.369316876853498
596.000,collisions,0
596.000,time_below_clearance_s,0.0
596.000,safety_zone_violations,0
596.000,min_ttc_s,-1.0
596.000,avoid_success,0
596.000,avoid_timeout,0
596.000,q_convergence,1.7763568394002505e-14
596.000,update_residual,1.7763568394002505e-15
597.000,anomalies_detected,0
597.000,anomalies_unique,0
597.000,investigation_timeouts,0
597.000,mission_duration_s,552.924
597.000,distance_traveled_m,1.5533057117451528e-16
597.000,route_deviations,0
597.000,investigation_time_s,0.0
597.000,hazard_avoidances,0
597.000,min_hazard_distance_m,12.369316876853498
597.000,collisions,0
597.000,time_below_clearance_s,0.0
597.000,safety_zone_violations,0
597.000,min_ttc_s,-1.0
597.000,avoid_success,0
597.000,avoid_timeout,0
597.000,q_convergence,1.7763568394002505e-14
597.000,update_residual,1.7763568394002505e-15
598.000,anomalies_detected,0
598.000,anomalies_unique,0
598.000,investigation_timeouts,0
598.000,mission_duration_s,553.924
598.000,distance_traveled_m,1.5560565848827288e-16
598.000,route_deviations,0
598.000,investigation_time_s,0.0
598.000,hazard_avoidances,0
598.000,min_hazard_distance_m,12.369316876853498
598.000,collisions,0
598.000,time_below_clearance_s,0.0
598.000,safety_zone_violations,0
598.000,min_ttc_s,-1.0
598.000,avoid_success,0
598.000,avoid_timeout,0
598.000,q_convergence,1.7763568394002505e-14
598.000,update_residual,1.7763568394002505e-15
599.000,anomalies_detected,0
599.000,anomalies_unique,0
599.000,investigation_timeouts,0
599.000,mission_duration_s,554.924
599.000,distance_traveled_m,1.5597906831696446e-16
599.000,route_deviations,0
599.000,investigation_time_s,0.0
599.000,hazard_avoidances,0
599.000,min_hazard_distance_m,12.369316876853498
599.000,collisions,0
599.000,time_below_clearance_s,0.0
599.000,safety_zone_violations,0
599.000,min_ttc_s,-1.0
599.000,avoid_success,0
599.000,avoid_timeout,0
599.000,q_convergence,1.7763568394002505e-14
599.000,update_residual,1.7763568394002505e-15
600.000,anomalies_detected,0
600.000,anomalies_unique,0
600.000,investigation_timeouts,0
600.000,mission_duration_s,555.924
600.000,distance_traveled_m,1.5625742694021323e-16
600.000,route_deviations,0
600.000,investigation_time_s,0.0
600.000,hazard_avoidances,0
600.000,min_hazard_distance_m,12.369316876853498
600.000,collisions,0
600.000,time_below_clearance_s,0.0
600.000,safety_zone_violations,0
600.000,min_ttc_s,-1.0
600.000,avoid_success,0
600.000,avoid_timeout,0
600.000,q_convergence,1.7763568394002505e-14
600.000,update_residual,1.7763568394002505e-15
601.000,anomalies_detected,0
601.000,anomalies_unique,0
601.000,investigation_timeouts,0
601.000,mission_duration_s,556.924
601.000,distance_traveled_m,1.5655055171805745e-16
601.000,route_deviations,0
601.000,investigation_time_s,0.0
601.000,hazard_avoidances,0
601.000,min_hazard_distance_m,12.369316876853498
601.000,collisions,0
601.000,time_below_clearance_s,0.0
601.000,safety_zone_violations,0
601.000,min_ttc_s,-1.0
601.000,avoid_success,0
601.000,avoid_timeout,0
601.000,q_convergence,1.7763568394002505e-14
601.000,update_residual,1.7763568394002505e-15
602.000,anomalies_detected,0
602.000,anomalies_unique,0
602.000,investigation_timeouts,0
602.000,mission_duration_s,557.924
602.000,distance_traveled_m,1.5683767755268607e-16
602.000,route_deviations,0
602.000,investigation_time_s,0.0
602.000,hazard_avoidances,0
602.000,min_hazard_distance_m,12.369316876853498
602.000,collisions,0
602.000,time_below_clearance_s,0.0
602.000,safety_zone_violations,0
602.000,min_ttc_s,-1.0
602.000,avoid_success,0
602.000,avoid_timeout,0
602.000,q_convergence,1.7763568394002505e-14
602.000,update_residual,1.7763568394002505e-15
603.000,anomalies_detected,0
603.000,anomalies_unique,0
603.000,investigation_timeouts,0
603.000,mission_duration_s,558.924
603.000,distance_traveled_m,1.5715358713520976e-16
603.000,route_deviations,0
603.000,investigation_time_s,0.0
603.000,hazard_avoidances,0
603.000,min_hazard_distance_m,12.369316876853498
603.000,collisions,0
603.000,time_below_clearance_s,0.0
603.000,safety_zone_violations,0
603.000,min_ttc_s,-1.0
603.000,avoid_success,0
603.000,avoid_timeout,0
603.000,q_convergence,1.7763568394002505e-14
603.000,update_residual,1.7763568394002505e-15
604.000,anomalies_detected,0
604.000,anomalies_unique,0
604.000,investigation_timeouts,0
604.000,mission_duration_s,559.924
604.000,distance_traveled_m,1.574428405486519e-16
604.000,route_deviations,0
604.000,investigation_time_s,0.0
604.000,hazard_avoidances,0
604.000,min_hazard_distance_m,12.369316876853498
604.000,collisions,0
604.000,time_below_clearance_s,0.0
604.000,safety_zone_violations,0
604.000,min_ttc_s,-1.0
604.000,avoid_success,0
604.000,avoid_timeout,0
604.000,q_convergence,1.7763568394002505e-14
604.000,update_residual,1.7763568394002505e-15
605.000,anomalies_detected,0
605.000,anomalies_unique,0
605.000,investigation_timeouts,0
605.000,mission_duration_s,560.924
605.000,distance_traveled_m,1.5774115403580043e-16
605.000,route_deviations,0
605.000,investigation_time_s,0.0
605.000,hazard_avoidances,0
605.000,min_hazard_distance_m,12.369316876853498
605.000,collisions,0
605.000,time_below_clearance_s,0.0
605.000,safety_zone_violations,0
605.000,min_ttc_s,-1.0
605.000,avoid_success,0
605.000,avoid_timeout,0
605.000,q_convergence,1.7763568394002505e-14
605.000,update_residual,1.7763568394002505e-15
606.000,anomalies_detected,0
606.000,anomalies_unique,0
606.000,investigation_timeouts,0
606.000,mission_duration_s,561.924
606.000,distance_traveled_m,1.5808366499153683e-16
606.000,route_deviations,0
606.000,investigation_time_s,0.0
606.000,hazard_avoidances,0
606.000,min_hazard_distance_m,12.369316876853498
606.000,collisions,0
606.000,time_below_clearance_s,0.0
606.000,safety_zone_violations,0
606.000,min_ttc_s,-1.0
606.000,avoid_success,0
606.000,avoid_timeout,0
606.000,q_convergence,1.7763568394002505e-14
606.000,update_residual,1.7763568394002505e-15
607.000,anomalies_detected,0
607.000,anomalies_unique,0
607.000,investigation_timeouts,0
607.000,mission_duration_s,562.924
607.000,distance_traveled_m,1.5835171154667657e-16
607.000,route_deviations,0
607.000,investigation_time_s,0.0
607.000,hazard_avoidances,0
607.000,min_hazard_distance_m,12.369316876853498
607.000,collisions,0
607.000,time_below_clearance_s,0.0
607.000,safety_zone_violations,0
607.000,min_ttc_s,-1.0
607.000,avoid_success,0
607.000,avoid_timeout,0
607.000,q_convergence,1.7763568394002505e-14
607.000,update_residual,1.7763568394002505e-15
608.000,anomalies_detected,0
608.000,anomalies_unique,0
608.000,investigation_timeouts,0
608.000,mission_duration_s,563.924
608.000,distance_traveled_m,1.5860185662412213e-16
608.000,route_deviations,0
608.000,investigation_time_s,0.0
608.000,hazard_avoidances,0
608.000,min_hazard_distance_m,12.369316876853498
608.000,collisions,0
608.000,time_below_clearance_s,0.0
608.000,safety_zone_violations,0
608.000,min_ttc_s,-1.0
608.000,avoid_success,0
608.000,avoid_timeout,0
608.000,q_convergence,1.7763568394002505e-14
608.000,update_residual,1.7763568394002505e-15
609.000,anomalies_detected,0
609.000,anomalies_unique,0
609.000,investigation_timeouts,0
609.000,mission_duration_s,564.924
609.000,distance_traveled_m,1.5890998316651928e-16
609.000,route_deviations,0
609.000,investigation_time_s,0.0
609.000,hazard_avoidances,0
609.000,min_hazard_distance_m,12.369316876853498
609.000,collisions,0
609.000,time_below_clearance_s,0.0
609.000,safety_zone_violations,0
609.000,min_ttc_s,-1.0
609.000,avoid_success,0
609.000,avoid_timeout,0
609.000,q_convergence,1.7763568394002505e-14
609.000,update_residual,1.7763568394002505e-15
610.000,anomalies_detected,0
610.000,anomalies_unique,0
610.000,investigation_timeouts,0
610.000,mission_duration_s,565.924
610.000,distance_traveled_m,1.591717128252409e-16
610.000,route_deviations,0
610.000,investigation_time_s,0.0
610.000,hazard_avoidances,0
610.000,min_hazard_distance_m,12.369316876853498
610.000,collisions,0
610.000,time_below_clearance_s,0.0
610.000,safety_zone_violations,0
610.000,min_ttc_s,-1.0
610.000,avoid_success,0
610.000,avoid_timeout,0
610.000,q_convergence,1.7763568394002505e-14
610.000,update_residual,1.7763568394002505e-15
611.000,anomalies_detected,0
611.000,anomalies_unique,0
611.000,investigation_timeouts,0
611.000,mission_duration_s,566.924
611.000,distance_traveled_m,1.5944560408591597e-16
611.000,route_deviations,0
611.000,investigation_time_s,0.0
611.000,hazard_avoidances,0
611.000,min_hazard_distance_m,12.369316876853498
611.000,collisions,0
611.000,time_below_clearance_s,0.0
611.000,safety_zone_violations,0
611.000,min_ttc_s,-1.0
611.000,avoid_success,0
611.000,avoid_timeout,0
611.000,q_convergence,1.7763568394002505e-14
611.000,update_residual,1.7763568394002505e-15
612.000,anomalies_detected,0
612.000,anomalies_unique,0
612.000,investigation_timeouts,0
612.000,mission_duration_s,567.924
612.000,distance_traveled_m,1.596946213276379e-16
612.000,route_deviations,0
612.000,investigation_time_s,0.0
612.000,hazard_avoidances,0
612.000,min_hazard_distance_m,12.369316876853498
612.000,collisions,0
612.000,time_below_clearance_s,0.0
612.000,safety_zone_violations,0
612.000,min_ttc_s,-1.0
612.000,avoid_success,0
612.000,avoid_timeout,0
612.000,q_convergence,1.7763568394002505e-14
612.000,update_residual,1.7763568394002505e-15
613.000,anomalies_detected,0
613.000,anomalies_unique,0
613.000,investigation_timeouts,0
613.000,mission_duration_s,568.924
613.000,distance_traveled_m,1.599412129292604e-16
613.000,route_deviations,0
613.000,investigation_time_s,0.0
613.000,hazard_avoidances,0
613.000,min_hazard_distance_m,12.369316876853498
613.000,collisions,0
613.000,time_below_clearance_s,0.0
613.000,safety_zone_violations,0
613.000,min_ttc_s,-1.0
613.000,avoid_success,0
613.000,avoid_timeout,0
613.000,q_convergence,1.7763568394002505e-14
613.000,update_residual,1.7763568394002505e-15
614.000,anomalies_detected,0
614.000,anomalies_unique,0
614.000,investigation_timeouts,0
614.000,mission_duration_s,569.924
614.000,distance_traveled_m,1.6028064083179643e-16
614.000,route_deviations,0
614.000,investigation_time_s,0.0
614.000,hazard_avoidances,0
614.000,min_hazard_distance_m,12.369316876853498
614.000,collisions,0
614.000,time_below_clearance_s,0.0
614.000,safety_zone_violations,0
614.000,min_ttc_s,-1.0
614.000,avoid_success,0
614.000,avoid_timeout,0
614.000,q_convergence,1.7763568394002505e-14
614.000,update_residual,1.7763568394002505e-15
615.000,anomalies_detected,0
615.000,anomalies_unique,0
615.000,investigation_timeouts,0
615.000,mission_duration_s,570.924
615.000,distance_traveled_m,1.605888314629196e-16
615.000,route_deviations,0
615.000,investigation_time_s,0.0
615.000,hazard_avoidances,0
615.000,min_hazard_distance_m,12.369316876853498
615.000,collisions,0
615.000,time_below_clearance_s,0.0
615.000,safety_zone_violations,0
615.000,min_ttc_s,-1.0
615.000,avoid_success,0
615.000,avoid_timeout,0
615.000,q_convergence,1.7763568394002505e-14
615.000,update_residual,1.7763568394002505e-15
616.000,anomalies_detected,0
616.000,anomalies_unique,0
616.000,investigation_timeouts,0
616.000,mission_duration_s,571.924
616.000,distance_traveled_m,1.6086908076174692e-16
616.000,route_deviations,0
616.000,investigation_time_s,0.0
616.000,hazard_avoidances,0
616.000,min_hazard_distance_m,12.369316876853498
616.000,collisions,0
616.000,time_below_clearance_s,0.0
616.000,safety_zone_violations,0
616.000,min_ttc_s,-1.0
616.000,avoid_success,0
616.000,avoid_timeout,0
616.000,q_convergence,1.7763568394002505e-14
616.000,update_residual,1.7763568394002505e-15
617.000,anomalies_detected,0
617.000,anomalies_unique,0
617.000,investigation_timeouts,0
617.000,mission_duration_s,572.924
617.000,distance_traveled_m,1.611516542409939e-16
617.000,route_deviations,0
617.000,investigation_time_s,0.0
617.000,hazard_avoidances,0
617.000,min_hazard_distance_m,12.369316876853498
617.000,collisions,0
617.000,time_below_clearance_s,0.0
617.000,safety_zone_violations,0
617.000,min_ttc_s,-1.0
617.000,avoid_success,0
617.000,avoid_timeout,0
617.000,q_convergence,1.7763568394002505e-14
617.000,update_residual,1.7763568394002505e-15
618.000,anomalies_detected,0
618.000,anomalies_unique,0
618.000,investigation_timeouts,0
618.000,mission_duration_s,573.924
618.000,distance_traveled_m,1.6145637945225515e-16
618.000,route_deviations,0
618.000,investigation_time_s,0.0
618.000,hazard_avoidances,0
618.000,min_hazard_distance_m,12.369316876853498
618.000,collisions,0
618.000,time_below_clearance_s,0.0
618.000,safety_zone_violations,0
618.000,min_ttc_s,-1.0
618.000,avoid_success,0
618.000,avoid_timeout,0
618.000,q_convergence,1.7763568394002505e-14
618.000,update_residual,1.7763568394002505e-15
619.000,anomalies_detected,0
619.000,anomalies_unique,0
619.000,investigation_timeouts,0
619.000,mission_duration_s,574.924
619.000,distance_traveled_m,1.6168548919262975e-16
619.000,route_deviations,0
619.000,investigation_time_s,0.0
619.000,hazard_avoidances,0
619.000,min_hazard_distance_m,12.369316876853498
619.000,collisions,0
619.000,time_below_clearance_s,0.0
619.000,safety_zone_violations,0
619.000,min_ttc_s,-1.0
619.000,avoid_success,0
619.000,avoid_timeout,0
619.000,q_convergence,1.7763568394002505e-14
619.000,update_residual,1.7763568394002505e-15
620.000,anomalies_detected,0
620.000,anomalies_unique,0
620.000,investigation_timeouts,0
620.000,mission_duration_s,575.924
620.000,distance_traveled_m,1.619067837257302e-16
620.000,route_deviations,0
620.000,investigation_time_s,0.0
620.000,hazard_avoidances,0
620.000,min_hazard_distance_m,12.369316876853498
620.000,collisions,0
620.000,time_below_clearance_s,0.0
620.000,safety_zone_violations,0
620.000,min_ttc_s,-1.0
620.000,avoid_success,0
620.000,avoid_timeout,0
620.000,q_convergence,1.7763568394002505e-14
620.000,update_residual,1.7763568394002505e-15
621.000,anomalies_detected,0
621.000,anomalies_unique,0
621.000,investigation_timeouts,0
621.000,mission_duration_s,576.924
621.000,distance_traveled_m,1.6214864336068702e-16
621.000,route_deviations,0
621.000,investigation_time_s,0.0
621.000,hazard_avoidances,0
621.000,min_hazard_distance_m,12.369316876853498
621.000,collisions,0
621.000,time_below_clearance_s,0.0
621.000,safety_zone_violations,0
621.000,min_ttc_s,-1.0
621.000,avoid_success,0
621.000,avoid_timeout,0
621.000,q_convergence,1.7763568394002505e-14
621.000,update_residual,1.7763568394002505e-15
622.000,anomalies_detected,0
622.000,anomalies_unique,0
622.000,investigation_timeouts,0
622.000,mission_duration_s,577.924
622.000,distance_traveled_m,1.6245139884488345e-16
622.000,route_deviations,0
622.000,investigation_time_s,0.0
622.000,hazard_avoidances,0
622.000,min_hazard_distance_m,12.369316876853498
622.000,collisions,0
622.000,time_below_clearance_s,0.0
622.000,safety_zone_violations,0
622.000,min_ttc_s,-1.0
622.000,avoid_success,0
622.000,avoid_timeout,0
622.000,q_convergence,1.7763568394002505e-14
622.000,update_residual,1.7763568394002505e-15
623.000,anomalies_detected,0
623.000,anomalies_unique,0
623.000,investigation_timeouts,0
623.000,mission_duration_s,578.924
623.000,distance_traveled_m,1.6271134760474888e-16
623.000,route_deviations,0
623.000,investigation_time_s,0.0
623.000,hazard_avoidances,0
623.000,min_hazard_distance_m,12.369316876853498
623.000,collisions,0
623.000,time_below_clearance_s,0.0
623.000,safety_zone_violations,0
623.000,min_ttc_s,-1.0
623.000,avoid_success,0
623.000,avoid_timeout,0
623.000,q_convergence,1.7763568394002505e-14
623.000,update_residual,1.7763568394002505e-15
624.000,anomalies_detected,0
624.000,anomalies_unique,0
624.000,investigation_timeouts,0
624.000,mission_duration_s,579.924
624.000,distance_traveled_m,1.6302518075310094e-16
624.000,route_deviations,0
624.000,investigation_time_s,0.0
624.000,hazard_avoidances,0
624.000,min_hazard_distance_m,12.369316876853498
624.000,collisions,0
624.000,time_below_clearance_s,0.0
624.000,safety_zone_violations,0
624.000,min_ttc_s,-1.0
624.000,avoid_success,0
624.000,avoid_timeout,0
624.000,q_convergence,1.7763568394002505e-14
624.000,update_residual,1.7763568394002505e-15
625.000,anomalies_detected,0
625.000,anomalies_unique,0
625.000,investigation_timeouts,0
625.000,mission_duration_s,580.924
625.000,distance_traveled_m,1.6328640784467048e-16
625.000,route_deviations,0
625.000,investigation_time_s,0.0
625.000,hazard_avoidances,0
625.000,min_hazard_distance_m,12.369316876853498
625.000,collisions,0
625.000,time_below_clearance_s,0.0
625.000,safety_zone_violations,0
625.000,min_ttc_s,-1.0
625.000,avoid_success,0
625.000,avoid_timeout,0
625.000,q_convergence,1.7763568394002505e-14
625.000,update_residual,1.7763568394002505e-15
626.000,anomalies_detected,0
626.000,anomalies_unique,0
626.000,investigation_timeouts,0
626.000,mission_duration_s,581.924
626.000,distance_traveled_m,1.6344929313119567e-16
626.000,route_deviations,0
626.000,investigation_time_s,0.0
626.000,hazard_avoidances,0
626.000,min_hazard_distance_m,12.369316876853498
626.000,collisions,0
626.000,time_below_clearance_s,0.0
626.000,safety_zone_violations,0
626.000,min_ttc_s,-1.0
626.000,avoid_success,0
626.000,avoid_timeout,0
626.000,q_convergence,1.7763568394002505e-14
626.000,update_residual,1.7763568394002505e-15
627.000,anomalies_detected,0
627.000,anomalies_unique,0
627.000,investigation_timeouts,0
627.000,mission_duration_s,582.924
627.000,distance_traveled_m,1.6373677696458508e-16
627.000,route_deviations,0
627.000,investigation_time_s,0.0
627.000,hazard_avoidances,0
627.000,min_hazard_distance_m,12.369316876853498
627.000,collisions,0
627.000,time_below_clearance_s,0.0
627.000,safety_zone_violations,0
627.000,min_ttc_s,-1.0
627.000,avoid_success,0
627.000,avoid_timeout,0
627.000,q_convergence,1.7763568394002505e-14
627.000,update_residual,1.7763568394002505e-15
628.000,anomalies_detected,0
628.000,anomalies_unique,0
628.000,investigation_timeouts,0
628.000,mission_duration_s,583.924
628.000,distance_traveled_m,1.6398472358256279e-16
628.000,route_deviations,0
628.000,investigation_time_s,0.0
628.000,hazard_avoidances,0
628.000,min_hazard_distance_m,12.369316876853498
628.000,collisions,0
628.000,time_below_clearance_s,0.0
628.000,safety_zone_violations,0
628.000,min_ttc_s,-1.0
628.000,avoid_success,0
628.000,avoid_timeout,0
628.000,q_convergence,1.7763568394002505e-14
628.000,update_residual,1.7763568394002505e-15
629.000,anomalies_detected,0
629.000,anomalies_unique,0
629.000,investigation_timeouts,0
629.000,mission_duration_s,584.924
629.000,distance_traveled_m,1.6428497047029942e-16
629.000,route_deviations,0
629.000,investigation_time_s,0.0
629.000,hazard_avoidances,0
629.000,min_hazard_distance_m,12.369316876853498
629.000,collisions,0
629.000,time_below_clearance_s,0.0
629.000,safety_zone_violations,0
629.000,min_ttc_s,-1.0
629.000,avoid_success,0
629.000,avoid_timeout,0
629.000,q_convergence,1.7763568394002505e-14
629.000,update_residual,1.7763568394002505e-15
630.000,anomalies_detected,0
630.000,anomalies_unique,0
630.000,investigation_timeouts,0
630.000,mission_duration_s,585.924
630.000,distance_traveled_m,1.6462815879163786e-16
630.000,route_deviations,0
630.000,investigation_time_s,0.0
630.000,hazard_avoidances,0
630.000,min_hazard_distance_m,12.369316876853498
630.000,collisions,0
630.000,time_below_clearance_s,0.0
630.000,safety_zone_violations,0
630.000,min_ttc_s,-1.0
630.000,avoid_success,0
630.000,avoid_timeout,0
630.000,q_convergence,1.7763568394002505e-14
630.000,update_residual,1.7763568394002505e-15
631.000,anomalies_detected,0
631.000,anomalies_unique,0
631.000,investigation_timeouts,0
631.000,mission_duration_s,586.924
631.000,distance_traveled_m,1.6499225356335249e-16
631.000,route_deviations,0
631.000,investigation_time_s,0.0
631.000,hazard_avoidances,0
631.000,min_hazard_distance_m,12.369316876853498
631.000,collisions,0
631.000,time_below_clearance_s,0.0
631.000,safety_zone_violations,0
631.000,min_ttc_s,-1.0
631.000,avoid_success,0
631.000,avoid_timeout,0
631.000,q_convergence,1.7763568394002505e-14
631.000,update_residual,1.7763568394002505e-15
632.000,anomalies_detected,0
632.000,anomalies_unique,0
632.000,investigation_timeouts,0
632.000,mission_duration_s,587.924
632.000,distance_traveled_m,1.6528634428781937e-16
632.000,route_deviations,0
632.000,investigation_time_s,0.0
632.000,hazard_avoidances,0
632.000,min_hazard_distance_m,12.369316876853498
632.000,collisions,0
632.000,time_below_clearance_s,0.0
632.000,safety_zone_violations,0
632.000,min_ttc_s,-1.0
632.000,avoid_success,0
632.000,avoid_timeout,0
632.000,q_convergence,1.7763568394002505e-14
632.000,update_residual,1.7763568394002505e-15
633.000,anomalies_detected,0
633.000,anomalies_unique,0
633.000,investigation_timeouts,0
633.000,mission_duration_s,588.924
633.000,distance_traveled_m,1.655382368150051e-16
633.000,route_deviations,0
633.000,investigation_time_s,0.0
633.000,hazard_avoidances,0
633.000,min_hazard_distance_m,12.369316876853498
633.000,collisions,0
633.000,time_below_clearance_s,0.0
633.000,safety_zone_violations,0
633.000,min_ttc_s,-1.0
633.000,avoid_success,0
633.000,avoid_timeout,0
633.000,q_convergence,1.7763568394002505e-14
633.000,update_residual,1.7763568394002505e-15
634.000,anomalies_detected,0
634.000,anomalies_unique,0
634.000,investigation_timeouts,0
634.000,mission_duration_s,589.924
634.000,distance_traveled_m,1.657655024450613e-16
634.000,route_deviations,0
634.000,investigation_time_s,0.0
634.000,hazard_avoidances,0
634.000,min_hazard_distance_m,12.369316876853498
634.000,collisions,0
634.000,time_below_clearance_s,0.0
634.000,safety_zone_violations,0
634.000,min_ttc_s,-1.0
634.000,avoid_success,0
634.000,avoid_timeout,0
634.000,q_convergence,1.7763568394002505e-14
634.000,update_residual,1.7763568394002505e-15
635.000,anomalies_detected,0
635.000,anomalies_unique,0
635.000,investigation_timeouts,0
635.000,mission_duration_s,590.924
635.000,distance_traveled_m,1.6600694934678083e-16
635.000,route_deviations,0
635.000,investigation_time_s,0.0
635.000,hazard_avoidances,0
635.000,min_hazard_distance_m,12.369316876853498
635.000,collisions,0
635.000,time_below_clearance_s,0.0
635.000,safety_zone_violations,0
635.000,min_ttc_s,-1.0
635.000,avoid_success,0
635.000,avoid_timeout,0
635.000,q_convergence,1.7763568394002505e-14
635.000,update_residual,1.7763568394002505e-15
636.000,anomalies_detected,0
636.000,anomalies_unique,0
636.000,investigation_timeouts,0
636.000,mission_duration_s,591.924
636.000,distance_traveled_m,1.662706911094178e-16
636.000,route_deviations,0
636.000,investigation_time_s,0.0
636.000,hazard_avoidances,0
636.000,min_hazard_distance_m,12.369316876853498
636.000,collisions,0
636.000,time_below_clearance_s,0.0
636.000,safety_zone_violations,0
636.000,min_ttc_s,-1.0
636.000,avoid_success,0
636.000,avoid_timeout,0
636.000,q_convergence,1.7763568394002505e-14
636.000,update_residual,1.7763568394002505e-15
637.000,anomalies_detected,0
637.000,anomalies_unique,0
637.000,investigation_timeouts,0
637.000,mission_duration_s,592.924
637.000,distance_traveled_m,1.665865451625961e-16
637.000,route_deviations,0
637.000,investigation_time_s,0.0
637.000,hazard_avoidances,0
637.000,min_hazard_distance_m,12.369316876853498
637.000,collisions,0
637.000,time_below_clearance_s,0.0
637.000,safety_zone_violations,0
637.000,min_ttc_s,-1.0
637.000,avoid_success,0
637.000,avoid_timeout,0
637.000,q_convergence,1.7763568394002505e-14
637.000,update_residual,1.7763568394002505e-15
638.000,anomalies_detected,0
638.000,anomalies_unique,0
638.000,investigation_timeouts,0
638.000,mission_duration_s,593.924
638.000,distance_traveled_m,1.6682187966972472e-16
638.000,route_deviations,0
638.000,investigation_time_s,0.0
638.000,hazard_avoidances,0
638.000,min_hazard_distance_m,12.369316876853498
638.000,collisions,0
638.000,time_below_clearance_s,0.0
638.000,safety_zone_violations,0
638.000,min_ttc_s,-1.0
638.000,avoid_success,0
638.000,avoid_timeout,0
638.000,q_convergence,1.7763568394002505e-14
638.000,update_residual,1.7763568394002505e-15
639.000,anomalies_detected,0
639.000,anomalies_unique,0
639.000,investigation_timeouts,0
639.000,mission_duration_s,594.924
639.000,distance_traveled_m,1.6710135363132283e-16
639.000,route_deviations,0
639.000,investigation_time_s,0.0
639.000,hazard_avoidances,0
639.000,min_hazard_distance_m,12.369316876853498
639.000,collisions,0
639.000,time_below_clearance_s,0.0
639.000,safety_zone_violations,0
639.000,min_ttc_s,-1.0
639.000,avoid_success,0
639.000,avoid_timeout,0
639.000,q_convergence,1.7763568394002505e-14
639.000,update_residual,1.7763568394002505e-15
640.000,anomalies_detected,0
640.000,anomalies_unique,0
640.000,investigation_timeouts,0
640.000,mission_duration_s,595.924
640.000,distance_traveled_m,1.6740564608091308e-16
640.000,route_deviations,0
640.000,investigation_time_s,0.0
640.000,hazard_avoidances,0
640.000,min_hazard_distance_m,12.369316876853498
640.000,collisions,0
640.000,time_below_clearance_s,0.0
640.000,safety_zone_violations,0
640.000,min_ttc_s,-1.0
640.000,avoid_success,0
640.000,avoid_timeout,0
640.000,q_convergence,1.7763568394002505e-14
640.000,update_residual,1.7763568394002505e-15
641.000,anomalies_detected,0
641.000,anomalies_unique,0
641.000,investigation_timeouts,0
641.000,mission_duration_s,596.924
641.000,distance_traveled_m,1.6764647134186198e-16
641.000,route_deviations,0
641.000,investigation_time_s,0.0
641.000,hazard_avoidances,0
641.000,min_hazard_distance_m,12.369316876853498
641.000,collisions,0
641.000,time_below_clearance_s,0.0
641.000,safety_zone_violations,0
641.000,min_ttc_s,-1.0
641.000,avoid_success,0
641.000,avoid_timeout,0
641.000,q_convergence,1.7763568394002505e-14
641.000,update_residual,1.7763568394002505e-15
642.000,anomalies_detected,0
642.000,anomalies_unique,0
642.000,investigation_timeouts,0
642.000,mission_duration_s,597.924
642.000,distance_traveled_m,1.67929307354826e-16
642.000,route_deviations,0
642.000,investigation_time_s,0.0
642.000,hazard_avoidances,0
642.000,min_hazard_distance_m,12.369316876853498
642.000,collisions,0
642.000,time_below_clearance_s,0.0
642.000,safety_zone_violations,0
642.000,min_ttc_s,-1.0
642.000,avoid_success,0
642.000,avoid_timeout,0
642.000,q_convergence,1.7763568394002505e-14
642.000,update_residual,1.7763568394002505e-15
643.000,anomalies_detected,0
643.000,anomalies_unique,0
643.000,investigation_timeouts,0
643.000,mission_duration_s,598.924
643.000,distance_traveled_m,1.681306737943055e-16
643.000,route_deviations,0
643.000,investigation_time_s,0.0
643.000,hazard_avoidances,0
643.000,min_hazard_distance_m,12.369316876853498
643.000,collisions,0
643.000,time_below_clearance_s,0.0
643.000,safety_zone_violations,0
643.000,min_ttc_s,-1.0
643.000,avoid_success,0
643.000,avoid_timeout,0
643.000,q_convergence,1.7763568394002505e-14
643.000,update_residual,1.7763568394002505e-15
644.000,anomalies_detected,0
644.000,anomalies_unique,0
644.000,investigation_timeouts,0
644.000,mission_duration_s,599.924
644.000,distance_traveled_m,1.6842398556747474e-16
644.000,route_deviations,0
644.000,investigation_time_s,0.0
644.000,hazard_avoidances,0
644.000,min_hazard_distance_m,12.369316876853498
644.000,collisions,0
644.000,time_below_clearance_s,0.0
644.000,safety_zone_violations,0
644.000,min_ttc_s,-1.0
644.000,avoid_success,0
644.000,avoid_timeout,0
644.000,q_convergence,1.7763568394002505e-14
644.000,update_residual,1.7763568394002505e-15
645.000,anomalies_detected,0
645.000,anomalies_unique,0
645.000,investigation_timeouts,0
645.000,mission_duration_s,600.924
645.000,distance_traveled_m,1.6865477437867187e-16
645.000,route_deviations,0
645.000,investigation_time_s,0.0
645.000,hazard_avoidances,0
645.000,min_hazard_distance_m,12.369316876853498
645.000,collisions,0
645.000,time_below_clearance_s,0.0
645.000,safety_zone_violations,0
645.000,min_ttc_s,-1.0
645.000,avoid_success,0
645.000,avoid_timeout,0
645.000,q_convergence,1.7763568394002505e-14
645.000,update_residual,1.7763568394002505e-15
646.000,anomalies_detected,0
646.000,anomalies_unique,0
646.000,investigation_timeouts,0
646.000,mission_duration_s,601.924
646.000,distance_traveled_m,1.689265195127853e-16
646.000,route_deviations,0
646.000,investigation_time_s,0.0
646.000,hazard_avoidances,0
646.000,min_hazard_distance_m,12.369316876853498
646.000,collisions,0
646.000,time_below_clearance_s,0.0
646.000,safety_zone_violations,0
646.000,min_ttc_s,-1.0
646.000,avoid_success,0
646.000,avoid_timeout,0
646.000,q_convergence,1.7763568394002505e-14
646.000,update_residual,1.7763568394002505e-15
647.000,anomalies_detected,0
647.000,anomalies_unique,0
647.000,investigation_timeouts,0
647.000,mission_duration_s,602.924
647.000,distance_traveled_m,1.6919185419586868e-16
647.000,route_deviations,0
647.000,investigation_time_s,0.0
647.000,hazard_avoidances,0
647.000,min_hazard_distance_m,12.369316876853498
647.000,collisions,0
647.000,time_below_clearance_s,0.0
647.000,safety_zone_violations,0
647.000,min_ttc_s,-1.0
647.000,avoid_success,0
647.000,avoid_timeout,0
647.000,q_convergence,1.7763568394002505e-14
647.000,update_residual,1.7763568394002505e-15
648.000,anomalies_detected,0
648.000,anomalies_unique,0
648.000,investigation_timeouts,0
648.000,mission_duration_s,603.924
648.000,distance_traveled_m,1.6952774074998646e-16
648.000,route_deviations,0
648.000,investigation_time_s,0.0
648.000,hazard_avoidances,0
648.000,min_hazard_distance_m,12.369316876853498
648.000,collisions,0
648.000,time_below_clearance_s,0.0
648.000,safety_zone_violations,0
648.000,min_ttc_s,-1.0
648.000,avoid_success,0
648.000,avoid_timeout,0
648.000,q_convergence,1.7763568394002505e-14
648.000,update_residual,1.7763568394002505e-15
649.000,anomalies_detected,0
649.000,anomalies_unique,0
649.000,investigation_timeouts,0
649.000,mission_duration_s,604.924
649.000,distance_traveled_m,1.6983409871237931e-16
649.000,route_deviations,0
649.000,investigation_time_s,0.0
649.000,hazard_avoidances,0
649.000,min_hazard_distance_m,12.369316876853498
649.000,collisions,0
649.000,time_below_clearance_s,0.0
649.000,safety_zone_violations,0
649.000,min_ttc_s,-1.0
649.000,avoid_success,0
649.000,avoid_timeout,0
649.000,q_convergence,1.7763568394002505e-14
649.000,update_residual,1.7763568394002505e-15
650.000,anomalies_detected,0
650.000,anomalies_unique,0
650.000,investigation_timeouts,0
650.000,mission_duration_s,605.924
650.000,distance_traveled_m,1.701857178596615e-16
650.000,route_deviations,0
650.000,investigation_time_s,0.0
650.000,hazard_avoidances,0
650.000,min_hazard_distance_m,12.369316876853498
650.000,collisions,0
650.000,time_below_clearance_s,0.0
650.000,safety_zone_violations,0
650.000,min_ttc_s,-1.0
650.000,avoid_success,0
650.000,avoid_timeout,0
650.000,q_convergence,1.7763568394002505e-14
650.000,update_residual,1.7763568394002505e-15
651.000,anomalies_detected,0
651.000,anomalies_unique,0
651.000,investigation_timeouts,0
651.000,mission_duration_s,606.924
651.000,distance_traveled_m,1.7050315461146641e-16
651.000,route_deviations,0
651.000,investigation_time_s,0.0
651.000,hazard_avoidances,0
651.000,min_hazard_distance_m,12.369316876853498
651.000,collisions,0
651.000,time_below_clearance_s,0.0
651.000,safety_zone_violations,0
651.000,min_ttc_s,-1.0
651.000,avoid_success,0
651.000,avoid_timeout,0
651.000,q_convergence,1.7763568394002505e-14
651.000,update_residual,1.7763568394002505e-15
652.000,anomalies_detected,0
652.000,anomalies_unique,0
652.000,investigation_timeouts,0
652.000,mission_duration_s,607.924
652.000,distance_traveled_m,1.7075222066007567e-16
652.000,route_deviations,0
652.000,investigation_time_s,0.0
652.000,hazard_avoidances,0
652.000,min_hazard_distance_m,12.369316876853498
652.000,collisions,0
652.000,time_below_clearance_s,0.0
652.000,safety_zone_violations,0
652.000,min_ttc_s,-1.0
652.000,avoid_success,0
652.000,avoid_timeout,0
652.000,q_convergence,1.7763568394002505e-14
652.000,update_residual,1.7763568394002505e-15
653.000,anomalies_detected,0
653.000,anomalies_unique,0
653.000,investigation_timeouts,0
653.000,mission_duration_s,608.924
653.000,distance_traveled_m,1.7107837304160222e-16
653.000,route_deviations,0
653.000,investigation_time_s,0.0
653.000,hazard_avoidances,0
653.000,min_hazard_distance_m,12.369316876853498
653.000,collisions,0
653.000,time_below_clearance_s,0.0
653.000,safety_zone_violations,0
653.000,min_ttc_s,-1.0
653.000,avoid_success,0
653.000,avoid_timeout,0
653.000,q_convergence,1.7763568394002505e-14
653.000,update_residual,1.7763568394002505e-15
654.000,anomalies_detected,0
654.000,anomalies_unique,0
654.000,investigation_timeouts,0
654.000,mission_duration_s,609.924
654.000,distance_traveled_m,1.71338058565778e-16
654.000,route_deviations,0
654.000,investigation_time_s,0.0
654.000,hazard_avoidances,0
654.000,min_hazard_distance_m,12.369316876853498
654.000,collisions,0
654.000,time_below_clearance_s,0.0
654.000,safety_zone_violations,0
654.000,min_ttc_s,-1.0
654.000,avoid_success,0
654.000,avoid_timeout,0
654.000,q_convergence,1.7763568394002505e-14
654.000,update_residual,1.7763568394002505e-15
655.000,anomalies_detected,0
655.000,anomalies_unique,0
655.000,investigation_timeouts,0
655.000,mission_duration_s,610.924
655.000,distance_traveled_m,1.716549985172691e-16
655.000,route_deviations,0
655.000,investigation_time_s,0.0
655.000,hazard_avoidances,0
655.000,min_hazard_distance_m,12.369316876853498
655.000,collisions,0
655.000,time_below_clearance_s,0.0
655.000,safety_zone_violations,0
655.000,min_ttc_s,-1.0
655.000,avoid_success,0
655.000,avoid_timeout,0
655.000,q_convergence,1.7763568394002505e-14
655.000,update_residual,1.7763568394002505e-15
656.000,anomalies_detected,0
656.000,anomalies_unique,0
656.000,investigation_timeouts,0
656.000,mission_duration_s,611.924
656.000,distance_traveled_m,1.7193725521138306e-16
656.000,route_deviations,0
656.000,investigation_time_s,0.0
656.000,hazard_avoidances,0
656.000,min_hazard_distance_m,12.369316876853498
656.000,collisions,0
656.000,time_below_clearance_s,0.0
656.000,safety_zone_violations,0
656.000,min_ttc_s,-1.0
656.000,avoid_success,0
656.000,avoid_timeout,0
656.000,q_convergence,1.7763568394002505e-14
656.000,update_residual,1.7763568394002505e-15
657.000,anomalies_detected,0
657.000,anomalies_unique,0
657.000,investigation_timeouts,0
657.000,mission_duration_s,612.924
657.000,distance_traveled_m,1.7222379465088997e-16
657.000,route_deviations,0
657.000,investigation_time_s,0.0
657.000,hazard_avoidances,0
657.000,min_hazard_distance_m,12.369316876853498
657.000,collisions,0
657.000,time_below_clearance_s,0.0
657.000,safety_zone_violations,0
657.000,min_ttc_s,-1.0
657.000,avoid_success,0
657.000,avoid_timeout,0
657.000,q_convergence,1.7763568394002505e-14
657.000,update_residual,1.7763568394002505e-15
658.000,anomalies_detected,0
658.000,anomalies_unique,0
658.000,investigation_timeouts,0
658.000,mission_duration_s,613.924
658.000,distance_traveled_m,1.7249652889752998e-16
658.000,route_deviations,0
658.000,investigation_time_s,0.0
658.000,hazard_avoidances,0
658.000,min_hazard_distance_m,12.369316876853498
658.000,collisions,0
658.000,time_below_clearance_s,0.0
658.000,safety_zone_violations,0
658.000,min_ttc_s,-1.0
658.000,avoid_success,0
658.000,avoid_timeout,0
658.000,q_convergence,1.7763568394002505e-14
658.000,update_residual,1.7763568394002505e-15
659.000,anomalies_detected,0
659.000,anomalies_unique,0
659.000,investigation_timeouts,0
659.000,mission_duration_s,614.924
659.000,distance_traveled_m,1.728011206322134e-16
659.000,route_deviations,0
659.000,investigation_time_s,0.0
659.000,hazard_avoidances,0
659.000,min_hazard_distance_m,12.369316876853498
659.000,collisions,0
659.000,time_below_clearance_s,0.0
659.000,safety_zone_violations,0
659.000,min_ttc_s,-1.0
659.000,avoid_success,0
659.000,avoid_timeout,0
659.000,q_convergence,1.7763568394002505e-14
659.000,update_residual,1.7763568394002505e-15
660.000,anomalies_detected,0
660.000,anomalies_unique,0
660.000,investigation_timeouts,0
660.000,mission_duration_s,615.924
660.000,distance_traveled_m,1.7306678907701939e-16
660.000,route_deviations,0
660.000,investigation_time_s,0.0
660.000,hazard_avoidances,0
660.000,min_hazard_distance_m,12.369316876853498
660.000,collisions,0
660.000,time_below_clearance_s,0.0
660.000,safety_zone_violations,0
660.000,min_ttc_s,-1.0
660.000,avoid_success,0
660.000,avoid_timeout,0
660.000,q_convergence,1.7763568394002505e-14
660.000,update_residual,1.7763568394002505e-15
661.000,anomalies_detected,0
661.000,anomalies_unique,0
661.000,investigation_timeouts,0
661.000,mission_duration_s,616.924
661.000,distance_traveled_m,1.7340244714591896e-16
661.000,route_deviations,0
661.000,investigation_time_s,0.0
661.000,hazard_avoidances,0
661.000,min_hazard_distance_m,12.369316876853498
661.000,collisions,0
661.000,time_below_clearance_s,0.0
661.000,safety_zone_violations,0
661.000,min_ttc_s,-1.0
661.000,avoid_success,0
661.000,avoid_timeout,0
661.000,q_convergence,1.7763568394002505e-14
661.000,update_residual,1.7763568394002505e-15
662.000,anomalies_detected,0
662.000,anomalies_unique,0
662.000,investigation_timeouts,0
662.000,mission_duration_s,617.924
662.000,distance_traveled_m,1.73667366161051e-16
662.000,route_deviations,0
662.000,investigation_time_s,0.0
662.000,hazard_avoidances,0
662.000,min_hazard_distance_m,12.369316876853498
662.000,collisions,0
662.000,time_below_clearance_s,0.0
662.000,safety_zone_violations,0
662.000,min_ttc_s,-1.0
662.000,avoid_success,0
662.000,avoid_timeout,0
662.000,q_convergence,1.7763568394002505e-14
662.000,update_residual,1.7763568394002505e-15
663.000,anomalies_detected,0
663.000,anomalies_unique,0
663.000,investigation_timeouts,0
663.000,mission_duration_s,618.924
663.000,distance_traveled_m,1.7397658966287826e-16
663.000,route_deviations,0
663.000,investigation_time_s,0.0
663.000,hazard_avoidances,0
663.000,min_hazard_distance_m,12.369316876853498
663.000,collisions,0
663.000,time_below_clearance_s,0.0
663.000,safety_zone_violations,0
663.000,min_ttc_s,-1.0
663.000,avoid_success,0
663.000,avoid_timeout,0
663.000,q_convergence,1.7763568394002505e-14
663.000,update_residual,1.7763568394002505e-15
664.000,anomalies_detected,0
664.000,anomalies_unique,0
664.000,investigation_timeouts,0
664.000,mission_duration_s,619.924
664.000,distance_traveled_m,1.742496326805313e-16
664.000,route_deviations,0
664.000,investigation_time_s,0.0
664.000,hazard_avoidances,0
664.000,min_hazard_distance_m,12.369316876853498
664.000,collisions,0
664.000,time_below_clearance_s,0.0
664.000,safety_zone_violations,0
664.000,min_ttc_s,-1.0
664.000,avoid_success,0
664.000,avoid_timeout,0
664.000,q_convergence,1.7763568394002505e-14
664.000,update_residual,1.7763568394002505e-15
665.000,anomalies_detected,0
665.000,anomalies_unique,0
665.000,investigation_timeouts,0
665.000,mission_duration_s,620.924
665.000,distance_traveled_m,1.7448125807828928e-16
665.000,route_deviations,0
665.000,investigation_time_s,0.0
665.000,hazard_avoidances,0
665.000,min_hazard_distance_m,12.369316876853498
665.000,collisions,0
665.000,time_below_clearance_s,0.0
665.000,safety_zone_violations,0
665.000,min_ttc_s,-1.0
665.000,avoid_success,0
665.000,avoid_timeout,0
665.000,q_convergence,1.7763568394002505e-14
665.000,update_residual,1.7763568394002505e-15
666.000,anomalies_detected,0
666.000,anomalies_unique,0
666.000,investigation_timeouts,0
666.000,mission_duration_s,621.924
666.000,distance_traveled_m,1.7473827037121395e-16
666.000,route_deviations,0
666.000,investigation_time_s,0.0
666.000,hazard_avoidances,0
666.000,min_hazard_distance_m,12.369316876853498
666.000,collisions,0
666.000,time_below_clearance_s,0.0
666.000,safety_zone_violations,0
666.000,min_ttc_s,-1.0
666.000,avoid_success,0
666.000,avoid_timeout,0
666.000,q_convergence,1.7763568394002505e-14
666.000,update_residual,1.7763568394002505e-15
667.000,anomalies_detected,0
667.000,anomalies_unique,0
667.000,investigation_timeouts,0
667.000,mission_duration_s,622.924
667.000,distance_traveled_m,1.751124725823868e-16
667.000,route_deviations,0
667.000,investigation_time_s,0.0
667.000,hazard_avoidances,0
667.000,min_hazard_distance_m,12.369316876853498
667.000,collisions,0
667.000,time_below_clearance_s,0.0
667.000,safety_zone_violations,0
667.000,min_ttc_s,-1.0
667.000,avoid_success,0
667.000,avoid_timeout,0
667.000,q_convergence,1.7763568394002505e-14
667.000,update_residual,1.7763568394002505e-15
