timestamp,metric,value
43.264,anomalies_detected,0
43.264,anomalies_unique,0
43.264,investigation_timeouts,0
43.264,mission_duration_s,0.0
43.264,distance_traveled_m,0.0
43.264,route_deviations,0
43.264,investigation_time_s,0.0
43.264,hazard_avoidances,0
43.264,min_hazard_distance_m,-1.0
43.264,collisions,0
43.264,time_below_clearance_s,0.0
43.264,safety_zone_violations,0
43.264,min_ttc_s,-1.0
43.264,avoid_success,0
43.264,avoid_timeout,0
43.264,q_convergence,0.0
43.264,update_residual,0.0
44.000,anomalies_detected,0
44.000,anomalies_unique,0
44.000,investigation_timeouts,0
44.000,mission_duration_s,0.0
44.000,distance_traveled_m,1.7941174366426598e-19
44.000,route_deviations,0
44.000,investigation_time_s,0.0
44.000,hazard_avoidances,0
44.000,min_hazard_distance_m,-1.0
44.000,collisions,0
44.000,time_below_clearance_s,0.0
44.000,safety_zone_violations,0
44.000,min_ttc_s,-1.0
44.000,avoid_success,0
44.000,avoid_timeout,0
44.000,q_convergence,0.0
44.000,update_residual,0.0
45.000,anomalies_detected,0
45.000,anomalies_unique,0
45.000,investigation_timeouts,0
45.000,mission_duration_s,0.5760000000000005
45.000,distance_traveled_m,0.05125954820127428
45.000,route_deviations,0
45.000,investigation_time_s,0.0
45.000,hazard_avoidances,0
45.000,min_hazard_distance_m,-1.0
45.000,collisions,0
45.000,time_below_clearance_s,0.0
45.000,safety_zone_violations,0
45.000,min_ttc_s,-1.0
45.000,avoid_success,0
45.000,avoid_timeout,0
45.000,q_convergence,0.9492091751465606
45.000,update_residual,0.09492091751465606
46.000,anomalies_detected,0
46.000,anomalies_unique,0
46.000,investigation_timeouts,0
46.000,mission_duration_s,1.5760000000000005
46.000,distance_traveled_m,0.2979158562485543
46.000,route_deviations,0
46.000,investigation_time_s,0.0
46.000,hazard_avoidances,0
46.000,min_hazard_distance_m,-1.0
46.000,collisions,0
46.000,time_below_clearance_s,0.0
46.000,safety_zone_violations,0
46.000,min_ttc_s,-1.0
46.000,avoid_success,0
46.000,avoid_timeout,0
46.000,q_convergence,0.8397282613926437
46.000,update_residual,0.08397282613926436
47.000,anomalies_detected,0
47.000,anomalies_unique,0
47.000,investigation_timeouts,0
47.000,mission_duration_s,2.5760000000000005
47.000,distance_traveled_m,0.5599957984313683
47.000,route_deviations,0
47.000,investigation_time_s,0.0
47.000,hazard_avoidances,0
47.000,min_hazard_distance_m,11.916748060342481
47.000,collisions,0
47.000,time_below_clearance_s,0.0
47.000,safety_zone_violations,0
47.000,min_ttc_s,30.811225141464902
47.000,avoid_success,0
47.000,avoid_timeout,0
47.000,q_convergence,0.7316417650943821
47.000,update_residual,0.0731641765094382
48.000,anomalies_detected,0
48.000,anomalies_unique,0
48.000,investigation_timeouts,0
48.000,mission_duration_s,3.5760000000000005
48.000,distance_traveled_m,0.8220757732940811
48.000,route_deviations,0
48.000,investigation_time_s,0.0
48.000,hazard_avoidances,0
48.000,min_hazard_distance_m,11.718210390867764
48.000,collisions,0
48.000,time_below_clearance_s,0.0
48.000,safety_zone_violations,0
48.000,min_ttc_s,29.820942738371308
48.000,avoid_success,0
48.000,avoid_timeout,0
48.000,q_convergence,0.893344030766081
48.000,update_residual,0.0893344030766081
49.000,anomalies_detected,0
49.000,anomalies_unique,0
49.000,investigation_timeouts,0
49.000,mission_duration_s,4.5760000000000005
49.000,distance_traveled_m,1.0841557635663743
49.000,route_deviations,0
49.000,investigation_time_s,0.0
49.000,hazard_avoidances,0
49.000,min_hazard_distance_m,11.517368158396264
49.000,collisions,0
49.000,time_below_clearance_s,0.0
49.000,safety_zone_violations,0
49.000,min_ttc_s,28.907958260358456
49.000,avoid_success,0
49.000,avoid_timeout,0
49.000,q_convergence,0.9260057720378846
49.000,update_residual,0.09260057720378848
50.000,anomalies_detected,0
50.000,anomalies_unique,0
50.000,investigation_timeouts,0
50.000,mission_duration_s,5.5760000000000005
50.000,distance_traveled_m,1.3368757584105275
50.000,route_deviations,0
50.000,investigation_time_s,0.0
50.000,hazard_avoidances,0
50.000,min_hazard_distance_m,11.324154045166487
50.000,collisions,0
50.000,time_below_clearance_s,0.0
50.000,safety_zone_violations,0
50.000,min_ttc_s,28.688197950491656
50.000,avoid_success,0
50.000,avoid_timeout,0
50.000,q_convergence,0.8047480900817247
50.000,update_residual,0.08047480900817247
51.000,anomalies_detected,0
51.000,anomalies_unique,0
51.000,investigation_timeouts,0
51.000,mission_duration_s,6.5760000000000005
51.000,distance_traveled_m,1.598955753020186
51.000,route_deviations,0
51.000,investigation_time_s,0.0
51.000,hazard_avoidances,0
51.000,min_hazard_distance_m,11.12528417158414
51.000,collisions,0
51.000,time_below_clearance_s,0.0
51.000,safety_zone_violations,0
51.000,min_ttc_s,28.372085963758952
51.000,avoid_success,0
51.000,avoid_timeout,0
51.000,q_convergence,0.9044510515169226
51.000,update_residual,0.09044510515169225
52.000,anomalies_detected,0
52.000,anomalies_unique,0
52.000,investigation_timeouts,0
52.000,mission_duration_s,7.5760000000000005
52.000,distance_traveled_m,1.8610357491594387
52.000,route_deviations,0
52.000,investigation_time_s,0.0
52.000,hazard_avoidances,0
52.000,min_hazard_distance_m,10.928282050316941
52.000,collisions,0
52.000,time_below_clearance_s,0.0
52.000,safety_zone_violations,0
52.000,min_ttc_s,28.229135806852227
52.000,avoid_success,0
52.000,avoid_timeout,0
52.000,q_convergence,0.9306590673747583
52.000,update_residual,0.09306590673747582
53.000,anomalies_detected,0
53.000,anomalies_unique,0
53.000,investigation_timeouts,0
53.000,mission_duration_s,8.576
53.000,distance_traveled_m,2.12311569201029
53.000,route_deviations,0
53.000,investigation_time_s,0.0
53.000,hazard_avoidances,0
53.000,min_hazard_distance_m,10.73361862120721
53.000,collisions,0
53.000,time_below_clearance_s,0.0
53.000,safety_zone_violations,0
53.000,min_ttc_s,28.229135806852227
53.000,avoid_success,0
53.000,avoid_timeout,0
53.000,q_convergence,0.9699784969149824
53.000,update_residual,0.09699784969149826
54.000,anomalies_detected,0
54.000,anomalies_unique,0
54.000,investigation_timeouts,0
54.000,mission_duration_s,9.576
54.000,distance_traveled_m,2.375835405359167
54.000,route_deviations,0
54.000,investigation_time_s,0.0
54.000,hazard_avoidances,0
54.000,min_hazard_distance_m,10.53280237343456
54.000,collisions,0
54.000,time_below_clearance_s,0.0
54.000,safety_zone_violations,0
54.000,min_ttc_s,24.769050645159012
54.000,avoid_success,0
54.000,avoid_timeout,0
54.000,q_convergence,0.8251721291677026
54.000,update_residual,0.08251721291677028
55.000,anomalies_detected,0
55.000,anomalies_unique,0
55.000,investigation_timeouts,0
55.000,mission_duration_s,10.576
55.000,distance_traveled_m,2.6379153635299573
55.000,route_deviations,0
55.000,investigation_time_s,0.0
55.000,hazard_avoidances,0
55.000,min_hazard_distance_m,10.323631333321238
55.000,collisions,0
55.000,time_below_clearance_s,0.0
55.000,safety_zone_violations,0
55.000,min_ttc_s,24.769050645159012
55.000,avoid_success,0
55.000,avoid_timeout,0
55.000,q_convergence,0.7188764769982107
55.000,update_residual,0.07188764769982109
56.000,anomalies_detected,0
56.000,anomalies_unique,0
56.000,investigation_timeouts,0
56.000,mission_duration_s,11.576
56.000,distance_traveled_m,2.899995315702465
56.000,route_deviations,0
56.000,investigation_time_s,0.0
56.000,hazard_avoidances,0
56.000,min_hazard_distance_m,10.127169641877854
56.000,collisions,0
56.000,time_below_clearance_s,0.0
56.000,safety_zone_violations,0
56.000,min_ttc_s,24.769050645159012
56.000,avoid_success,0
56.000,avoid_timeout,0
56.000,q_convergence,0.6263455437876131
56.000,update_residual,0.06263455437876132
57.000,anomalies_detected,0
57.000,anomalies_unique,0
57.000,investigation_timeouts,0
57.000,mission_duration_s,12.576
57.000,distance_traveled_m,3.1620751877765425
57.000,route_deviations,0
57.000,investigation_time_s,0.0
57.000,hazard_avoidances,0
57.000,min_hazard_distance_m,9.927312788367459
57.000,collisions,0
57.000,time_below_clearance_s,0.0
57.000,safety_zone_violations,0
57.000,min_ttc_s,24.738908177810362
57.000,avoid_success,0
57.000,avoid_timeout,0
57.000,q_convergence,1.1314457423609203
57.000,update_residual,0.11314457423609206
58.000,anomalies_detected,0
58.000,anomalies_unique,0
58.000,investigation_timeouts,0
58.000,mission_duration_s,13.576
58.000,distance_traveled_m,3.4241551488005175
58.000,route_deviations,0
58.000,investigation_time_s,0.0
58.000,hazard_avoidances,0
58.000,min_hazard_distance_m,9.728865048299534
58.000,collisions,0
58.000,time_below_clearance_s,0.0
58.000,safety_zone_violations,0
58.000,min_ttc_s,24.738908177810362
58.000,avoid_success,0
58.000,avoid_timeout,0
58.000,q_convergence,0.8334861535493575
58.000,update_residual,0.08334861535493576
59.000,anomalies_detected,0
59.000,anomalies_unique,0
59.000,investigation_timeouts,0
59.000,mission_duration_s,14.576
59.000,distance_traveled_m,3.6768751167002294
59.000,route_deviations,0
59.000,investigation_time_s,0.0
59.000,hazard_avoidances,0
59.000,min_hazard_distance_m,9.541459374161477
59.000,collisions,0
59.000,time_below_clearance_s,0.0
59.000,safety_zone_violations,0
59.000,min_ttc_s,24.738908177810362
59.000,avoid_success,0
59.000,avoid_timeout,0
59.000,q_convergence,0.7243436384875656
59.000,update_residual,0.07243436384875657
60.000,anomalies_detected,0
60.000,anomalies_unique,0
60.000,investigation_timeouts,0
60.000,mission_duration_s,15.576
60.000,distance_traveled_m,3.9389550771857933
60.000,route_deviations,0
60.000,investigation_time_s,0.0
60.000,hazard_avoidances,0
60.000,min_hazard_distance_m,9.350638228581643
60.000,collisions,0
60.000,time_below_clearance_s,0.0
60.000,safety_zone_violations,0
60.000,min_ttc_s,24.46986362087826
60.000,avoid_success,0
60.000,avoid_timeout,0
60.000,q_convergence,0.6310363432866025
60.000,update_residual,0.06310363432866026
61.000,anomalies_detected,0
61.000,anomalies_unique,0
61.000,investigation_timeouts,0
61.000,mission_duration_s,16.576
61.000,distance_traveled_m,4.201035033315322
61.000,route_deviations,0
61.000,investigation_time_s,0.0
61.000,hazard_avoidances,0
61.000,min_hazard_distance_m,9.165336078167087
61.000,collisions,0
61.000,time_below_clearance_s,0.0
61.000,safety_zone_violations,0
61.000,min_ttc_s,24.46986362087826
61.000,avoid_success,0
61.000,avoid_timeout,0
61.000,q_convergence,1.1188214160001566
61.000,update_residual,0.11188214160001567
62.000,anomalies_detected,0
62.000,anomalies_unique,0
62.000,investigation_timeouts,0
62.000,mission_duration_s,17.576
62.000,distance_traveled_m,4.463114571750049
62.000,route_deviations,0
62.000,investigation_time_s,0.0
62.000,hazard_avoidances,0
62.000,min_hazard_distance_m,8.966479081312656
62.000,collisions,0
62.000,time_below_clearance_s,0.0
62.000,safety_zone_violations,0
62.000,min_ttc_s,23.30947652905963
62.000,avoid_success,0
62.000,avoid_timeout,0
62.000,q_convergence,0.837674526180259
62.000,update_residual,0.08376745261802589
63.000,anomalies_detected,0
63.000,anomalies_unique,0
63.000,investigation_timeouts,0
63.000,mission_duration_s,18.576
63.000,distance_traveled_m,4.715834539473065
63.000,route_deviations,0
63.000,investigation_time_s,0.0
63.000,hazard_avoidances,0
63.000,min_hazard_distance_m,8.75914545292146
63.000,collisions,0
63.000,time_below_clearance_s,0.0
63.000,safety_zone_violations,0
63.000,min_ttc_s,20.55704321361467
63.000,avoid_success,0
63.000,avoid_timeout,0
63.000,q_convergence,0.7279835562689101
63.000,update_residual,0.072798355626891
64.000,anomalies_detected,0
64.000,anomalies_unique,0
64.000,investigation_timeouts,0
64.000,mission_duration_s,19.576
64.000,distance_traveled_m,4.977914514328445
64.000,route_deviations,0
64.000,investigation_time_s,0.0
64.000,hazard_avoidances,0
64.000,min_hazard_distance_m,8.545532688260549
64.000,collisions,0
64.000,time_below_clearance_s,0.0
64.000,safety_zone_violations,0
64.000,min_ttc_s,20.230732713097638
64.000,avoid_success,0
64.000,avoid_timeout,0
64.000,q_convergence,0.6342073801875402
64.000,update_residual,0.06342073801875402
65.000,anomalies_detected,0
65.000,anomalies_unique,0
65.000,investigation_timeouts,0
65.000,mission_duration_s,20.576
65.000,distance_traveled_m,5.239994504240189
65.000,route_deviations,0
65.000,investigation_time_s,0.0
65.000,hazard_avoidances,0
65.000,min_hazard_distance_m,8.334323382381159
65.000,collisions,0
65.000,time_below_clearance_s,0.0
65.000,safety_zone_violations,0
65.000,min_ttc_s,20.230732713097638
65.000,avoid_success,0
65.000,avoid_timeout,0
65.000,q_convergence,1.126522823250078
65.000,update_residual,0.1126522823250078
66.000,anomalies_detected,0
66.000,anomalies_unique,0
66.000,investigation_timeouts,0
66.000,mission_duration_s,21.576
66.000,distance_traveled_m,5.5020744717136765
66.000,route_deviations,0
66.000,investigation_time_s,0.0
66.000,hazard_avoidances,0
66.000,min_hazard_distance_m,8.129174947318289
66.000,collisions,0
66.000,time_below_clearance_s,0.0
66.000,safety_zone_violations,0
66.000,min_ttc_s,20.230732713097638
66.000,avoid_success,0
66.000,avoid_timeout,0
66.000,q_convergence,0.8334861535493575
66.000,update_residual,0.08334861535493576
67.000,anomalies_detected,0
67.000,anomalies_unique,0
67.000,investigation_timeouts,0
67.000,mission_duration_s,22.576
67.000,distance_traveled_m,5.764154460992854
67.000,route_deviations,0
67.000,investigation_time_s,0.0
67.000,hazard_avoidances,0
67.000,min_hazard_distance_m,7.925852257609806
67.000,collisions,0
67.000,time_below_clearance_s,0.0
67.000,safety_zone_violations,0
67.000,min_ttc_s,19.913871692571416
67.000,avoid_success,0
67.000,avoid_timeout,0
67.000,q_convergence,1.0273927998760162
67.000,update_residual,0.10273927998760164
68.000,anomalies_detected,0
68.000,anomalies_unique,0
68.000,investigation_timeouts,0
68.000,mission_duration_s,23.576
68.000,distance_traveled_m,6.016874408594846
68.000,route_deviations,0
68.000,investigation_time_s,0.0
68.000,hazard_avoidances,0
68.000,min_hazard_distance_m,7.736251211039886
68.000,collisions,0
68.000,time_below_clearance_s,0.0
68.000,safety_zone_violations,0
68.000,min_ttc_s,19.800507329396506
68.000,avoid_success,0
68.000,avoid_timeout,0
68.000,q_convergence,0.9258318907552193
68.000,update_residual,0.09258318907552196
69.000,anomalies_detected,0
69.000,anomalies_unique,0
69.000,investigation_timeouts,0
69.000,mission_duration_s,24.576
69.000,distance_traveled_m,6.278954390124074
69.000,route_deviations,0
69.000,investigation_time_s,0.0
69.000,hazard_avoidances,0
69.000,min_hazard_distance_m,7.5389995294620995
69.000,collisions,0
69.000,time_below_clearance_s,0.0
69.000,safety_zone_violations,0
69.000,min_ttc_s,19.590557960902327
69.000,avoid_success,0
69.000,avoid_timeout,0
69.000,q_convergence,0.9376289183304662
69.000,update_residual,0.09376289183304662
70.000,anomalies_detected,0
70.000,anomalies_unique,0
70.000,investigation_timeouts,0
70.000,mission_duration_s,25.576
70.000,distance_traveled_m,6.54103435037774
70.000,route_deviations,0
70.000,investigation_time_s,0.0
70.000,hazard_avoidances,0
70.000,min_hazard_distance_m,7.351390851825717
70.000,collisions,0
70.000,time_below_clearance_s,0.0
70.000,safety_zone_violations,0
70.000,min_ttc_s,19.590557960902327
70.000,avoid_success,0
70.000,avoid_timeout,0
70.000,q_convergence,0.8169410371792546
70.000,update_residual,0.08169410371792549
71.000,anomalies_detected,0
71.000,anomalies_unique,0
71.000,investigation_timeouts,0
71.000,mission_duration_s,26.576
71.000,distance_traveled_m,6.8031143460933565
71.000,route_deviations,0
71.000,investigation_time_s,0.0
71.000,hazard_avoidances,0
71.000,min_hazard_distance_m,7.165301718058741
71.000,collisions,0
71.000,time_below_clearance_s,0.0
71.000,safety_zone_violations,0
71.000,min_ttc_s,19.590557960902327
71.000,avoid_success,0
71.000,avoid_timeout,0
71.000,q_convergence,0.7099650555444826
71.000,update_residual,0.0709965055544483
72.000,anomalies_detected,0
72.000,anomalies_unique,0
72.000,investigation_timeouts,0
72.000,mission_duration_s,27.576
72.000,distance_traveled_m,7.055834318502987
72.000,route_deviations,0
72.000,investigation_time_s,0.0
72.000,hazard_avoidances,0
72.000,min_hazard_distance_m,6.992568529073055
72.000,collisions,0
72.000,time_below_clearance_s,0.0
72.000,safety_zone_violations,0
72.000,min_ttc_s,19.590557960902327
72.000,avoid_success,0
72.000,avoid_timeout,0
72.000,q_convergence,0.9135604715184327
72.000,update_residual,0.09135604715184328
73.000,anomalies_detected,0
73.000,anomalies_unique,0
73.000,investigation_timeouts,0
73.000,mission_duration_s,28.576
73.000,distance_traveled_m,7.317914287313498
73.000,route_deviations,0
73.000,investigation_time_s,0.0
73.000,hazard_avoidances,0
73.000,min_hazard_distance_m,6.811781701666611
73.000,collisions,0
73.000,time_below_clearance_s,0.0
73.000,safety_zone_violations,0
73.000,min_ttc_s,19.16428519855795
73.000,avoid_success,0
73.000,avoid_timeout,0
73.000,q_convergence,0.9190165160731655
73.000,update_residual,0.09190165160731656
74.000,anomalies_detected,0
74.000,anomalies_unique,0
74.000,investigation_timeouts,0
74.000,mission_duration_s,29.576
74.000,distance_traveled_m,7.579994268033863
74.000,route_deviations,0
74.000,investigation_time_s,0.0
74.000,hazard_avoidances,0
74.000,min_hazard_distance_m,6.634358444318869
74.000,collisions,0
74.000,time_below_clearance_s,0.0
74.000,safety_zone_violations,0
74.000,min_ttc_s,19.00396178857137
74.000,avoid_success,0
74.000,avoid_timeout,0
74.000,q_convergence,0.800724349631316
74.000,update_residual,0.08007243496313159
75.000,anomalies_detected,0
75.000,anomalies_unique,0
75.000,investigation_timeouts,0
75.000,mission_duration_s,30.576
75.000,distance_traveled_m,7.8420742544274535
75.000,route_deviations,0
75.000,investigation_time_s,0.0
75.000,hazard_avoidances,0
75.000,min_hazard_distance_m,6.458406961103349
75.000,collisions,0
75.000,time_below_clearance_s,0.0
75.000,safety_zone_violations,0
75.000,min_ttc_s,19.00396178857137
75.000,avoid_success,0
75.000,avoid_timeout,0
75.000,q_convergence,0.6958718946531254
75.000,update_residual,0.06958718946531253
76.000,anomalies_detected,0
76.000,anomalies_unique,0
76.000,investigation_timeouts,0
76.000,mission_duration_s,31.576
76.000,distance_traveled_m,8.104154249735194
76.000,route_deviations,0
76.000,investigation_time_s,0.0
76.000,hazard_avoidances,0
76.000,min_hazard_distance_m,6.28427333967803
76.000,collisions,0
76.000,time_below_clearance_s,0.0
76.000,safety_zone_violations,0
76.000,min_ttc_s,18.48561800599304
76.000,avoid_success,0
76.000,avoid_timeout,0
76.000,q_convergence,0.9590034055241484
76.000,update_residual,0.09590034055241488
77.000,anomalies_detected,0
77.000,anomalies_unique,0
77.000,investigation_timeouts,0
77.000,mission_duration_s,32.576
77.000,distance_traveled_m,8.356874247953304
77.000,route_deviations,0
77.000,investigation_time_s,0.0
77.000,hazard_avoidances,0
77.000,min_hazard_distance_m,6.120535908368474
77.000,collisions,0
77.000,time_below_clearance_s,0.0
77.000,safety_zone_violations,0
77.000,min_ttc_s,18.370828703534574
77.000,avoid_success,0
77.000,avoid_timeout,0
77.000,q_convergence,0.8985705446907885
77.000,update_residual,0.08985705446907881
78.000,anomalies_detected,0
78.000,anomalies_unique,0
78.000,investigation_timeouts,0
78.000,mission_duration_s,33.576
78.000,distance_traveled_m,8.6189542461918
78.000,route_deviations,0
78.000,investigation_time_s,0.0
78.000,hazard_avoidances,0
78.000,min_hazard_distance_m,5.962895268752998
78.000,collisions,0
78.000,time_below_clearance_s,0.0
78.000,safety_zone_violations,0
78.000,min_ttc_s,18.370828703534574
78.000,avoid_success,0
78.000,avoid_timeout,0
78.000,q_convergence,0.7828199773945543
78.000,update_residual,0.07828199773945542
79.000,anomalies_detected,0
79.000,anomalies_unique,0
79.000,investigation_timeouts,0
79.000,mission_duration_s,34.576
79.000,distance_traveled_m,8.881034243384265
79.000,route_deviations,0
79.000,investigation_time_s,0.0
79.000,hazard_avoidances,0
79.000,min_hazard_distance_m,5.800894914883397
79.000,collisions,0
79.000,time_below_clearance_s,0.0
79.000,safety_zone_violations,0
79.000,min_ttc_s,18.370828703534574
79.000,avoid_success,0
79.000,avoid_timeout,0
79.000,q_convergence,0.6820584900432335
79.000,update_residual,0.06820584900432335
80.000,anomalies_detected,0
80.000,anomalies_unique,0
80.000,investigation_timeouts,0
80.000,mission_duration_s,35.576
80.000,distance_traveled_m,9.143114241992278
80.000,route_deviations,0
80.000,investigation_time_s,0.0
80.000,hazard_avoidances,0
80.000,min_hazard_distance_m,5.65190415547476
80.000,collisions,0
80.000,time_below_clearance_s,0.0
80.000,safety_zone_violations,0
80.000,min_ttc_s,18.370828703534574
80.000,avoid_success,0
80.000,avoid_timeout,0
80.000,q_convergence,1.0035442745967855
80.000,update_residual,0.10035442745967858
81.000,anomalies_detected,0
81.000,anomalies_unique,0
81.000,investigation_timeouts,0
81.000,mission_duration_s,36.576
81.000,distance_traveled_m,9.395834239963175
81.000,route_deviations,0
81.000,investigation_time_s,0.0
81.000,hazard_avoidances,0
81.000,min_hazard_distance_m,5.5165451528476925
81.000,collisions,0
81.000,time_below_clearance_s,0.0
81.000,safety_zone_violations,0
81.000,min_ttc_s,18.370828703534574
81.000,avoid_success,0
81.000,avoid_timeout,0
81.000,q_convergence,0.8807334706550105
81.000,update_residual,0.08807334706550105
82.000,anomalies_detected,0
82.000,anomalies_unique,0
82.000,investigation_timeouts,0
82.000,mission_duration_s,37.576
82.000,distance_traveled_m,9.65791423721352
82.000,route_deviations,0
82.000,investigation_time_s,0.0
82.000,hazard_avoidances,0
82.000,min_hazard_distance_m,5.384984365192909
82.000,collisions,0
82.000,time_below_clearance_s,0.0
82.000,safety_zone_violations,0
82.000,min_ttc_s,18.370828703534574
82.000,avoid_success,0
82.000,avoid_timeout,0
82.000,q_convergence,0.7672806099225461
82.000,update_residual,0.0767280609922546
83.000,anomalies_detected,0
83.000,anomalies_unique,0
83.000,investigation_timeouts,0
83.000,mission_duration_s,38.576
83.000,distance_traveled_m,9.919994235720475
83.000,route_deviations,0
83.000,investigation_time_s,0.0
83.000,hazard_avoidances,0
83.000,min_hazard_distance_m,5.262723702388828
83.000,collisions,0
83.000,time_below_clearance_s,0.0
83.000,safety_zone_violations,0
83.000,min_ttc_s,18.370828703534574
83.000,avoid_success,0
83.000,avoid_timeout,0
83.000,q_convergence,0.6685192884129167
83.000,update_residual,0.06685192884129167
84.000,anomalies_detected,0
84.000,anomalies_unique,0
84.000,investigation_timeouts,0
84.000,mission_duration_s,39.576
84.000,distance_traveled_m,10.182074233731266
84.000,route_deviations,0
84.000,investigation_time_s,0.0
84.000,hazard_avoidances,0
84.000,min_hazard_distance_m,5.1515308347606155
84.000,collisions,0
84.000,time_below_clearance_s,0.0
84.000,safety_zone_violations,0
84.000,min_ttc_s,18.370828703534574
84.000,avoid_success,0
84.000,avoid_timeout,0
84.000,q_convergence,1.0472009851757345
84.000,update_residual,0.10472009851757347
85.000,anomalies_detected,0
85.000,anomalies_unique,0
85.000,investigation_timeouts,0
85.000,mission_duration_s,40.576
85.000,distance_traveled_m,10.444154231080198
85.000,route_deviations,0
85.000,investigation_time_s,0.0
85.000,hazard_avoidances,0
85.000,min_hazard_distance_m,5.051491708105764
85.000,collisions,0
85.000,time_below_clearance_s,0.0
85.000,safety_zone_violations,0
85.000,min_ttc_s,18.370828703534574
85.000,avoid_success,0
85.000,avoid_timeout,0
85.000,q_convergence,0.8632504714462313
85.000,update_residual,0.08632504714462316
86.000,anomalies_detected,0
86.000,anomalies_unique,0
86.000,investigation_timeouts,0
86.000,mission_duration_s,41.576
86.000,distance_traveled_m,10.69687422940632
86.000,route_deviations,0
86.000,investigation_time_s,0.0
86.000,hazard_avoidances,0
86.000,min_hazard_distance_m,4.96569349861241
86.000,collisions,0
86.000,time_below_clearance_s,0.0
86.000,safety_zone_violations,0
86.000,min_ttc_s,18.370828703534574
86.000,avoid_success,0
86.000,avoid_timeout,0
86.000,q_convergence,0.750210408116205
86.000,update_residual,0.07502104081162052
87.000,anomalies_detected,0
87.000,anomalies_unique,0
87.000,investigation_timeouts,0
87.000,mission_duration_s,42.576
87.000,distance_traveled_m,10.95895422653891
87.000,route_deviations,0
87.000,investigation_time_s,0.0
87.000,hazard_avoidances,0
87.000,min_hazard_distance_m,4.88910831919909
87.000,collisions,0
87.000,time_below_clearance_s,0.0
87.000,safety_zone_violations,0
87.000,min_ttc_s,18.370828703534574
87.000,avoid_success,0
87.000,avoid_timeout,0
87.000,q_convergence,0.6535710503673134
87.000,update_residual,0.06535710503673132
88.000,anomalies_detected,0
88.000,anomalies_unique,0
88.000,investigation_timeouts,0
88.000,mission_duration_s,43.576
88.000,distance_traveled_m,11.143645450858205
88.000,route_deviations,1
88.000,investigation_time_s,0.0
88.000,hazard_avoidances,1
88.000,min_hazard_distance_m,4.847167440004272
88.000,collisions,0
88.000,time_below_clearance_s,0.0
88.000,safety_zone_violations,0
88.000,min_ttc_s,18.370828703534574
88.000,avoid_success,0
88.000,avoid_timeout,0
88.000,q_convergence,1.277531955359391
88.000,update_residual,0.1863333452322558
89.000,anomalies_detected,0
89.000,anomalies_unique,0
89.000,investigation_timeouts,0
89.000,mission_duration_s,44.576
89.000,distance_traveled_m,11.204548254846875
89.000,route_deviations,1
89.000,investigation_time_s,0.0
89.000,hazard_avoidances,1
89.000,min_hazard_distance_m,4.847167440004272
89.000,collisions,0
89.000,time_below_clearance_s,0.0
89.000,safety_zone_violations,0
89.000,min_ttc_s,18.370828703534574
89.000,avoid_success,0
89.000,avoid_timeout,0
89.000,q_convergence,1.1020185759327774
89.000,update_residual,0.15900674145078794
90.000,anomalies_detected,0
90.000,anomalies_unique,0
90.000,investigation_timeouts,0
90.000,mission_duration_s,45.576
90.000,distance_traveled_m,11.407345488611005
90.000,route_deviations,1
90.000,investigation_time_s,0.0
90.000,hazard_avoidances,1
90.000,min_hazard_distance_m,4.847167440004272
90.000,collisions,0
90.000,time_below_clearance_s,0.0
90.000,safety_zone_violations,0
90.000,min_ttc_s,18.370828703534574
90.000,avoid_success,0
90.000,avoid_timeout,0
90.000,q_convergence,1.1574203044896352
90.000,update_residual,0.1546098956027371
91.000,anomalies_detected,0
91.000,anomalies_unique,0
91.000,investigation_timeouts,0
91.000,mission_duration_s,46.576
91.000,distance_traveled_m,11.669425126270697
91.000,route_deviations,1
91.000,investigation_time_s,0.0
91.000,hazard_avoidances,1
91.000,min_hazard_distance_m,4.847167440004272
91.000,collisions,0
91.000,time_below_clearance_s,0.0
91.000,safety_zone_violations,0
91.000,min_ttc_s,18.370828703534574
91.000,avoid_success,0
91.000,avoid_timeout,0
91.000,q_convergence,1.2063075809164532
91.000,update_residual,0.1497211679600553
92.000,anomalies_detected,0
92.000,anomalies_unique,0
92.000,investigation_timeouts,0
92.000,mission_duration_s,47.576
92.000,distance_traveled_m,11.931505104139006
92.000,route_deviations,1
92.000,investigation_time_s,0.0
92.000,hazard_avoidances,1
92.000,min_hazard_distance_m,4.847167440004272
92.000,collisions,0
92.000,time_below_clearance_s,0.0
92.000,safety_zone_violations,0
92.000,min_ttc_s,18.370828703534574
92.000,avoid_success,0
92.000,avoid_timeout,0
92.000,q_convergence,1.2010873287821788
92.000,update_residual,0.12905698509279495
93.000,anomalies_detected,0
93.000,anomalies_unique,0
93.000,investigation_timeouts,0
93.000,mission_duration_s,48.576
93.000,distance_traveled_m,12.193585040054217
93.000,route_deviations,1
93.000,investigation_time_s,0.0
93.000,hazard_avoidances,1
93.000,min_hazard_distance_m,4.847167440004272
93.000,collisions,0
93.000,time_below_clearance_s,0.0
93.000,safety_zone_violations,0
93.000,min_ttc_s,18.370828703534574
93.000,avoid_success,0
93.000,avoid_timeout,0
93.000,q_convergence,1.0830381965044522
93.000,update_residual,0.08702544692190846
94.000,anomalies_detected,0
94.000,anomalies_unique,0
94.000,investigation_timeouts,0
94.000,mission_duration_s,49.576
94.000,distance_traveled_m,12.45566500183512
94.000,route_deviations,1
94.000,investigation_time_s,0.0
94.000,hazard_avoidances,1
94.000,min_hazard_distance_m,4.847167440004272
94.000,collisions,0
94.000,time_below_clearance_s,0.0
94.000,safety_zone_violations,0
94.000,min_ttc_s,18.370828703534574
94.000,avoid_success,0
94.000,avoid_timeout,0
94.000,q_convergence,1.1158540238823913
94.000,update_residual,0.08887463785356363
95.000,anomalies_detected,0
95.000,anomalies_unique,0
95.000,investigation_timeouts,0
95.000,mission_duration_s,50.576
95.000,distance_traveled_m,12.647316583367536
95.000,route_deviations,1
95.000,investigation_time_s,0.0
95.000,hazard_avoidances,1
95.000,min_hazard_distance_m,4.847167440004272
95.000,collisions,0
95.000,time_below_clearance_s,0.0
95.000,safety_zone_violations,0
95.000,min_ttc_s,18.370828703534574
95.000,avoid_success,1
95.000,avoid_timeout,0
95.000,q_convergence,1.058288202593422
95.000,update_residual,0.060201056327158435
96.000,anomalies_detected,0
96.000,anomalies_unique,0
96.000,investigation_timeouts,0
96.000,mission_duration_s,51.576
96.000,distance_traveled_m,12.797658145246055
96.000,route_deviations,1
96.000,investigation_time_s,0.0
96.000,hazard_avoidances,1
96.000,min_hazard_distance_m,4.847167440004272
96.000,collisions,0
96.000,time_below_clearance_s,0.0
96.000,safety_zone_violations,0
96.000,min_ttc_s,18.370828703534574
96.000,avoid_success,1
96.000,avoid_timeout,0
96.000,q_convergence,1.025064597623424
96.000,update_residual,0.03861893533618314
97.000,anomalies_detected,0
97.000,anomalies_unique,0
97.000,investigation_timeouts,0
97.000,mission_duration_s,52.576
97.000,distance_traveled_m,12.8687806661094
97.000,route_deviations,1
97.000,investigation_time_s,0.0
97.000,hazard_avoidances,1
97.000,min_hazard_distance_m,4.847167440004272
97.000,collisions,0
97.000,time_below_clearance_s,0.0
97.000,safety_zone_violations,0
97.000,min_ttc_s,18.370828703534574
97.000,avoid_success,1
97.000,avoid_timeout,0
97.000,q_convergence,1.0238756149427122
97.000,update_residual,0.019138328830618754
98.000,anomalies_detected,0
98.000,anomalies_unique,0
98.000,investigation_timeouts,0
98.000,mission_duration_s,53.576
98.000,distance_traveled_m,13.114277720846792
98.000,route_deviations,1
98.000,investigation_time_s,0.0
98.000,hazard_avoidances,1
98.000,min_hazard_distance_m,4.847167440004272
98.000,collisions,0
98.000,time_below_clearance_s,0.0
98.000,safety_zone_violations,0
98.000,min_ttc_s,18.370828703534574
98.000,avoid_success,1
98.000,avoid_timeout,0
98.000,q_convergence,1.0152346802783374
98.000,update_residual,0.01843311780591299
99.000,anomalies_detected,0
99.000,anomalies_unique,0
99.000,investigation_timeouts,0
99.000,mission_duration_s,54.576
99.000,distance_traveled_m,13.366997525589937
99.000,route_deviations,1
99.000,investigation_time_s,0.0
99.000,hazard_avoidances,1
99.000,min_hazard_distance_m,4.847167440004272
99.000,collisions,0
99.000,time_below_clearance_s,0.0
99.000,safety_zone_violations,0
99.000,min_ttc_s,18.370828703534574
99.000,avoid_success,1
99.000,avoid_timeout,0
99.000,q_convergence,1.0128345409750141
99.000,update_residual,0.002303652972647212
100.000,anomalies_detected,0
100.000,anomalies_unique,0
100.000,investigation_timeouts,0
100.000,mission_duration_s,55.576
100.000,distance_traveled_m,13.62907751581713
100.000,route_deviations,1
100.000,investigation_time_s,0.0
100.000,hazard_avoidances,1
100.000,min_hazard_distance_m,4.847167440004272
100.000,collisions,0
100.000,time_below_clearance_s,0.0
100.000,safety_zone_violations,0
100.000,min_ttc_s,18.370828703534574
100.000,avoid_success,1
100.000,avoid_timeout,0
100.000,q_convergence,1.0024855598619895
100.000,update_residual,0.013579922721316954
101.000,anomalies_detected,0
101.000,anomalies_unique,0
101.000,investigation_timeouts,0
101.000,mission_duration_s,56.576
101.000,distance_traveled_m,13.89115751388142
101.000,route_deviations,1
101.000,investigation_time_s,0.0
101.000,hazard_avoidances,1
101.000,min_hazard_distance_m,4.847167440004272
101.000,collisions,0
101.000,time_below_clearance_s,0.0
101.000,safety_zone_violations,0
101.000,min_ttc_s,18.370828703534574
101.000,avoid_success,1
101.000,avoid_timeout,0
101.000,q_convergence,0.9949295051101285
101.000,update_residual,0.02582461223586314
102.000,anomalies_detected,0
102.000,anomalies_unique,0
102.000,investigation_timeouts,0
102.000,mission_duration_s,57.576
102.000,distance_traveled_m,14.153237513176164
102.000,route_deviations,1
102.000,investigation_time_s,0.0
102.000,hazard_avoidances,1
102.000,min_hazard_distance_m,4.847167440004272
102.000,collisions,0
102.000,time_below_clearance_s,0.0
102.000,safety_zone_violations,0
102.000,min_ttc_s,18.370828703534574
102.000,avoid_success,1
102.000,avoid_timeout,0
102.000,q_convergence,0.97668225288378
102.000,update_residual,0.023999887013228312
103.000,anomalies_detected,0
103.000,anomalies_unique,0
103.000,investigation_timeouts,0
103.000,mission_duration_s,58.576
103.000,distance_traveled_m,14.41531751302592
103.000,route_deviations,1
103.000,investigation_time_s,0.0
103.000,hazard_avoidances,1
103.000,min_hazard_distance_m,4.847167440004272
103.000,collisions,0
103.000,time_below_clearance_s,0.0
103.000,safety_zone_violations,0
103.000,min_ttc_s,18.370828703534574
103.000,avoid_success,1
103.000,avoid_timeout,0
103.000,q_convergence,0.9462563816843456
103.000,update_residual,0.0360154614342087
104.000,anomalies_detected,0
104.000,anomalies_unique,0
104.000,investigation_timeouts,0
104.000,mission_duration_s,59.576
104.000,distance_traveled_m,14.668037512961556
104.000,route_deviations,1
104.000,investigation_time_s,0.0
104.000,hazard_avoidances,1
104.000,min_hazard_distance_m,4.847167440004272
104.000,collisions,0
104.000,time_below_clearance_s,0.0
104.000,safety_zone_violations,0
104.000,min_ttc_s,18.370828703534574
104.000,avoid_success,1
104.000,avoid_timeout,0
104.000,q_convergence,0.9316802118098086
104.000,update_residual,0.03994264677718523
105.000,anomalies_detected,0
105.000,anomalies_unique,0
105.000,investigation_timeouts,0
105.000,mission_duration_s,60.576
105.000,distance_traveled_m,14.93011751290866
105.000,route_deviations,1
105.000,investigation_time_s,0.0
105.000,hazard_avoidances,1
105.000,min_hazard_distance_m,4.847167440004272
105.000,collisions,0
105.000,time_below_clearance_s,0.0
105.000,safety_zone_violations,0
105.000,min_ttc_s,18.370828703534574
105.000,avoid_success,1
105.000,avoid_timeout,0
105.000,q_convergence,0.8802275568002537
105.000,update_residual,0.034797381276229764
106.000,anomalies_detected,0
106.000,anomalies_unique,0
106.000,investigation_timeouts,0
106.000,mission_duration_s,61.576
106.000,distance_traveled_m,15.192197512850026
106.000,route_deviations,1
106.000,investigation_time_s,0.0
106.000,hazard_avoidances,1
106.000,min_hazard_distance_m,4.847167440004272
106.000,collisions,0
106.000,time_below_clearance_s,0.0
106.000,safety_zone_violations,0
106.000,min_ttc_s,18.370828703534574
106.000,avoid_success,1
106.000,avoid_timeout,0
106.000,q_convergence,0.8302750769880227
106.000,update_residual,0.03778593945557595
107.000,anomalies_detected,0
107.000,anomalies_unique,0
107.000,investigation_timeouts,0
107.000,mission_duration_s,62.576
107.000,distance_traveled_m,15.454277512800918
107.000,route_deviations,1
107.000,investigation_time_s,0.0
107.000,hazard_avoidances,1
107.000,min_hazard_distance_m,4.847167440004272
107.000,collisions,0
107.000,time_below_clearance_s,0.0
107.000,safety_zone_violations,0
107.000,min_ttc_s,18.370828703534574
107.000,avoid_success,1
107.000,avoid_timeout,0
107.000,q_convergence,1.0319148587908449
107.000,update_residual,0.06748296237282375
108.000,anomalies_detected,0
108.000,anomalies_unique,0
108.000,investigation_timeouts,0
108.000,mission_duration_s,63.576
108.000,distance_traveled_m,15.70699751274312
108.000,route_deviations,1
108.000,investigation_time_s,0.0
108.000,hazard_avoidances,1
108.000,min_hazard_distance_m,4.847167440004272
108.000,collisions,0
108.000,time_below_clearance_s,0.0
108.000,safety_zone_violations,0
108.000,min_ttc_s,18.370828703534574
108.000,avoid_success,1
108.000,avoid_timeout,0
108.000,q_convergence,0.887336970930661
108.000,update_residual,0.05027836408632375
109.000,anomalies_detected,0
109.000,anomalies_unique,0
109.000,investigation_timeouts,0
109.000,mission_duration_s,64.576
109.000,distance_traveled_m,15.969077512693191
109.000,route_deviations,1
109.000,investigation_time_s,0.0
109.000,hazard_avoidances,1
109.000,min_hazard_distance_m,4.847167440004272
109.000,collisions,0
109.000,time_below_clearance_s,0.0
109.000,safety_zone_violations,0
109.000,min_ttc_s,18.370828703534574
109.000,avoid_success,1
109.000,avoid_timeout,0
109.000,q_convergence,0.8189724722701783
109.000,update_residual,0.04921021417128685
110.000,anomalies_detected,0
110.000,anomalies_unique,0
110.000,investigation_timeouts,0
110.000,mission_duration_s,65.576
110.000,distance_traveled_m,16.231157512636013
110.000,route_deviations,1
110.000,investigation_time_s,0.0
110.000,hazard_avoidances,1
110.000,min_hazard_distance_m,4.847167440004272
110.000,collisions,0
110.000,time_below_clearance_s,0.0
110.000,safety_zone_violations,0
110.000,min_ttc_s,18.370828703534574
110.000,avoid_success,1
110.000,avoid_timeout,0
110.000,q_convergence,0.9144768665867161
110.000,update_residual,0.06564827842539823
111.000,anomalies_detected,0
111.000,anomalies_unique,0
111.000,investigation_timeouts,0
111.000,mission_duration_s,66.576
111.000,distance_traveled_m,16.49323751258911
111.000,route_deviations,1
111.000,investigation_time_s,0.0
111.000,hazard_avoidances,1
111.000,min_hazard_distance_m,4.847167440004272
111.000,collisions,0
111.000,time_below_clearance_s,0.0
111.000,safety_zone_violations,0
111.000,min_ttc_s,18.370828703534574
111.000,avoid_success,1
111.000,avoid_timeout,0
111.000,q_convergence,0.9432206894724254
111.000,update_residual,0.06653809084987118
112.000,anomalies_detected,0
112.000,anomalies_unique,0
112.000,investigation_timeouts,0
112.000,mission_duration_s,67.576
112.000,distance_traveled_m,16.755317512544053
112.000,route_deviations,1
112.000,investigation_time_s,0.0
112.000,hazard_avoidances,1
112.000,min_hazard_distance_m,4.847167440004272
112.000,collisions,0
112.000,time_below_clearance_s,0.0
112.000,safety_zone_violations,0
112.000,min_ttc_s,18.370828703534574
112.000,avoid_success,1
112.000,avoid_timeout,0
112.000,q_convergence,0.853396107362305
112.000,update_residual,0.0617232293534649
113.000,anomalies_detected,0
113.000,anomalies_unique,0
113.000,investigation_timeouts,0
113.000,mission_duration_s,68.576
113.000,distance_traveled_m,17.008037512498717
113.000,route_deviations,1
113.000,investigation_time_s,0.0
113.000,hazard_avoidances,1
113.000,min_hazard_distance_m,4.847167440004272
113.000,collisions,0
113.000,time_below_clearance_s,0.0
113.000,safety_zone_violations,0
113.000,min_ttc_s,18.370828703534574
113.000,avoid_success,1
113.000,avoid_timeout,0
113.000,q_convergence,0.7702806839485001
113.000,update_residual,0.05695414421949922
114.000,anomalies_detected,0
114.000,anomalies_unique,0
114.000,investigation_timeouts,0
114.000,mission_duration_s,69.576
114.000,distance_traveled_m,17.270117512445605
114.000,route_deviations,1
114.000,investigation_time_s,0.0
114.000,hazard_avoidances,1
114.000,min_hazard_distance_m,4.847167440004272
114.000,collisions,0
114.000,time_below_clearance_s,0.0
114.000,safety_zone_violations,0
114.000,min_ttc_s,18.370828703534574
114.000,avoid_success,1
114.000,avoid_timeout,0
114.000,q_convergence,0.9619852343083816
114.000,update_residual,0.08039960162616394
115.000,anomalies_detected,0
115.000,anomalies_unique,0
115.000,investigation_timeouts,0
115.000,mission_duration_s,70.576
115.000,distance_traveled_m,17.53219751239448
115.000,route_deviations,1
115.000,investigation_time_s,0.0
115.000,hazard_avoidances,1
115.000,min_hazard_distance_m,4.847167440004272
115.000,collisions,0
115.000,time_below_clearance_s,0.0
115.000,safety_zone_violations,0
115.000,min_ttc_s,18.370828703534574
115.000,avoid_success,1
115.000,avoid_timeout,0
115.000,q_convergence,0.9158772858484944
115.000,update_residual,0.07452489303580127
116.000,anomalies_detected,0
116.000,anomalies_unique,0
116.000,investigation_timeouts,0
116.000,mission_duration_s,71.576
116.000,distance_traveled_m,17.794277512348955
116.000,route_deviations,1
116.000,investigation_time_s,0.0
116.000,hazard_avoidances,1
116.000,min_hazard_distance_m,4.847167440004272
116.000,collisions,0
116.000,time_below_clearance_s,0.0
116.000,safety_zone_violations,0
116.000,min_ttc_s,18.370828703534574
116.000,avoid_success,1
116.000,avoid_timeout,0
116.000,q_convergence,0.8166341375498523
116.000,update_residual,0.06716000353829428
117.000,anomalies_detected,0
117.000,anomalies_unique,0
117.000,investigation_timeouts,0
117.000,mission_duration_s,72.576
117.000,distance_traveled_m,18.046997512302898
117.000,route_deviations,1
117.000,investigation_time_s,0.0
117.000,hazard_avoidances,1
117.000,min_hazard_distance_m,4.847167440004272
117.000,collisions,0
117.000,time_below_clearance_s,0.0
117.000,safety_zone_violations,0
117.000,min_ttc_s,18.370828703534574
117.000,avoid_success,1
117.000,avoid_timeout,0
117.000,q_convergence,0.7272833464238718
117.000,update_residual,0.06040043595819987
118.000,anomalies_detected,0
118.000,anomalies_unique,0
118.000,investigation_timeouts,0
118.000,mission_duration_s,73.576
118.000,distance_traveled_m,18.309077512251445
118.000,route_deviations,1
118.000,investigation_time_s,0.0
118.000,hazard_avoidances,1
118.000,min_hazard_distance_m,4.847167440004272
118.000,collisions,0
118.000,time_below_clearance_s,0.0
118.000,safety_zone_violations,0
118.000,min_ttc_s,18.370828703534574
118.000,avoid_success,1
118.000,avoid_timeout,0
118.000,q_convergence,1.0048045776288468
118.000,update_residual,0.0907779449095891
119.000,anomalies_detected,0
119.000,anomalies_unique,0
119.000,investigation_timeouts,0
119.000,mission_duration_s,74.576
119.000,distance_traveled_m,18.571157512192794
119.000,route_deviations,1
119.000,investigation_time_s,0.0
119.000,hazard_avoidances,1
119.000,min_hazard_distance_m,4.847167440004272
119.000,collisions,0
119.000,time_below_clearance_s,0.0
119.000,safety_zone_violations,0
119.000,min_ttc_s,18.370828703534574
119.000,avoid_success,1
119.000,avoid_timeout,0
119.000,q_convergence,0.8932310690215374
119.000,update_residual,0.07884439302059454
120.000,anomalies_detected,0
120.000,anomalies_unique,0
120.000,investigation_timeouts,0
120.000,mission_duration_s,75.576
120.000,distance_traveled_m,18.83323751213896
120.000,route_deviations,1
120.000,investigation_time_s,0.0
120.000,hazard_avoidances,1
120.000,min_hazard_distance_m,4.847167440004272
120.000,collisions,0
120.000,time_below_clearance_s,0.0
120.000,safety_zone_violations,0
120.000,min_ttc_s,18.370828703534574
120.000,avoid_success,1
120.000,avoid_timeout,0
120.000,q_convergence,0.788970300858156
120.000,update_residual,0.06999012328649028
121.000,anomalies_detected,0
121.000,anomalies_unique,0
121.000,investigation_timeouts,0
121.000,mission_duration_s,76.576
121.000,distance_traveled_m,19.09531751207245
121.000,route_deviations,1
121.000,investigation_time_s,0.0
121.000,hazard_avoidances,1
121.000,min_hazard_distance_m,4.847167440004272
121.000,collisions,0
121.000,time_below_clearance_s,0.0
121.000,safety_zone_violations,0
121.000,min_ttc_s,18.370828703534574
121.000,avoid_success,1
121.000,avoid_timeout,0
121.000,q_convergence,0.6973203310003179
121.000,update_residual,0.06082512630070646
122.000,anomalies_detected,0
122.000,anomalies_unique,0
122.000,investigation_timeouts,0
122.000,mission_duration_s,77.576
122.000,distance_traveled_m,19.3480375119897
122.000,route_deviations,1
122.000,investigation_time_s,0.0
122.000,hazard_avoidances,1
122.000,min_hazard_distance_m,4.847167440004272
122.000,collisions,0
122.000,time_below_clearance_s,0.0
122.000,safety_zone_violations,0
122.000,min_ttc_s,18.370828703534574
122.000,avoid_success,1
122.000,avoid_timeout,0
122.000,q_convergence,1.0457849338299556
122.000,update_residual,0.09754839908781376
123.000,anomalies_detected,0
123.000,anomalies_unique,0
123.000,investigation_timeouts,0
123.000,mission_duration_s,78.576
123.000,distance_traveled_m,19.610117511838524
123.000,route_deviations,1
123.000,investigation_time_s,0.0
123.000,hazard_avoidances,1
123.000,min_hazard_distance_m,4.847167440004272
123.000,collisions,0
123.000,time_below_clearance_s,0.0
123.000,safety_zone_violations,0
123.000,min_ttc_s,18.370828703534574
123.000,avoid_success,1
123.000,avoid_timeout,0
123.000,q_convergence,0.8708522480210911
123.000,update_residual,0.0806499846395966
124.000,anomalies_detected,0
124.000,anomalies_unique,0
124.000,investigation_timeouts,0
124.000,mission_duration_s,79.576
124.000,distance_traveled_m,19.87219751166675
124.000,route_deviations,1
124.000,investigation_time_s,0.0
124.000,hazard_avoidances,1
124.000,min_hazard_distance_m,4.847167440004272
124.000,collisions,0
124.000,time_below_clearance_s,0.0
124.000,safety_zone_violations,0
124.000,min_ttc_s,18.370828703534574
124.000,avoid_success,1
124.000,avoid_timeout,0
124.000,q_convergence,0.7670427817093864
124.000,update_residual,0.07026903800842609
125.000,anomalies_detected,0
125.000,anomalies_unique,0
125.000,investigation_timeouts,0
125.000,mission_duration_s,80.576
125.000,distance_traveled_m,20.134277511390888
125.000,route_deviations,1
125.000,investigation_time_s,0.0
125.000,hazard_avoidances,1
125.000,min_hazard_distance_m,4.847167440004272
125.000,collisions,0
125.000,time_below_clearance_s,0.0
125.000,safety_zone_violations,0
125.000,min_ttc_s,18.370828703534574
125.000,avoid_success,1
125.000,avoid_timeout,0
125.000,q_convergence,0.6744033863725768
125.000,update_residual,0.06197038449912202
126.000,anomalies_detected,0
126.000,anomalies_unique,0
126.000,investigation_timeouts,0
126.000,mission_duration_s,81.576
126.000,distance_traveled_m,20.38699751101886
126.000,route_deviations,1
126.000,investigation_time_s,0.0
126.000,hazard_avoidances,1
126.000,min_hazard_distance_m,4.847167440004272
126.000,collisions,0
126.000,time_below_clearance_s,0.0
126.000,safety_zone_violations,0
126.000,min_ttc_s,18.370828703534574
126.000,avoid_success,1
126.000,avoid_timeout,0
126.000,q_convergence,1.089629467491258
126.000,update_residual,0.10388370362085696
127.000,anomalies_detected,0
127.000,anomalies_unique,0
127.000,investigation_timeouts,0
127.000,mission_duration_s,82.576
127.000,distance_traveled_m,20.649077510027432
127.000,route_deviations,1
127.000,investigation_time_s,0.0
127.000,hazard_avoidances,1
127.000,min_hazard_distance_m,4.847167440004272
127.000,collisions,0
127.000,time_below_clearance_s,0.0
127.000,safety_zone_violations,0
127.000,min_ttc_s,18.370828703534574
127.000,avoid_success,1
127.000,avoid_timeout,0
127.000,q_convergence,0.8519722237203081
127.000,update_residual,0.0805477613546155
128.000,anomalies_detected,0
128.000,anomalies_unique,0
128.000,investigation_timeouts,0
128.000,mission_duration_s,83.576
128.000,distance_traveled_m,20.911157507698064
128.000,route_deviations,1
128.000,investigation_time_s,0.0
128.000,hazard_avoidances,1
128.000,min_hazard_distance_m,4.847167440004272
128.000,collisions,0
128.000,time_below_clearance_s,0.0
128.000,safety_zone_violations,0
128.000,min_ttc_s,18.370828703534574
128.000,avoid_success,1
128.000,avoid_timeout,0
128.000,q_convergence,0.7478433542812091
128.000,update_residual,0.0708322935633179
129.000,anomalies_detected,0
129.000,anomalies_unique,0
129.000,investigation_timeouts,0
129.000,mission_duration_s,84.576
129.000,distance_traveled_m,21.173237503420015
129.000,route_deviations,1
129.000,investigation_time_s,0.0
129.000,hazard_avoidances,1
129.000,min_hazard_distance_m,4.847167440004272
129.000,collisions,0
129.000,time_below_clearance_s,0.0
129.000,safety_zone_violations,0
129.000,min_ttc_s,18.370828703534574
129.000,avoid_success,1
129.000,avoid_timeout,0
129.000,q_convergence,0.6550905876734566
129.000,update_residual,0.06155701690254264
130.000,anomalies_detected,0
130.000,anomalies_unique,0
130.000,investigation_timeouts,0
130.000,mission_duration_s,85.576
130.000,distance_traveled_m,21.43531749251217
130.000,route_deviations,1
130.000,investigation_time_s,0.0
130.000,hazard_avoidances,1
130.000,min_hazard_distance_m,4.847167440004272
130.000,collisions,0
130.000,time_below_clearance_s,0.0
130.000,safety_zone_violations,0
130.000,min_ttc_s,18.370828703534574
130.000,avoid_success,1
130.000,avoid_timeout,0
130.000,q_convergence,1.1325154165466906
130.000,update_residual,0.11013225146852097
131.000,anomalies_detected,0
131.000,anomalies_unique,0
131.000,investigation_timeouts,0
131.000,mission_duration_s,86.576
131.000,distance_traveled_m,21.68803748168402
131.000,route_deviations,1
131.000,investigation_time_s,0.0
131.000,hazard_avoidances,1
131.000,min_hazard_distance_m,4.847167440004272
131.000,collisions,0
131.000,time_below_clearance_s,0.0
131.000,safety_zone_violations,0
131.000,min_ttc_s,18.370828703534574
131.000,avoid_success,1
131.000,avoid_timeout,0
131.000,q_convergence,0.8307191755231944
131.000,update_residual,0.08021656730499926
132.000,anomalies_detected,0
132.000,anomalies_unique,0
132.000,investigation_timeouts,0
132.000,mission_duration_s,87.576
132.000,distance_traveled_m,21.95011744407435
132.000,route_deviations,1
132.000,investigation_time_s,0.0
132.000,hazard_avoidances,1
132.000,min_hazard_distance_m,4.847167440004272
132.000,collisions,0
132.000,time_below_clearance_s,0.0
132.000,safety_zone_violations,0
132.000,min_ttc_s,18.370828703534574
132.000,avoid_success,1
132.000,avoid_timeout,0
132.000,q_convergence,0.727387130788684
132.000,update_residual,0.06988336283154822
133.000,anomalies_detected,0
133.000,anomalies_unique,0
133.000,investigation_timeouts,0
133.000,mission_duration_s,88.576
133.000,distance_traveled_m,22.212197421536636
133.000,route_deviations,1
133.000,investigation_time_s,0.0
133.000,hazard_avoidances,1
133.000,min_hazard_distance_m,4.847167440004272
133.000,collisions,0
133.000,time_below_clearance_s,0.0
133.000,safety_zone_violations,0
133.000,min_ttc_s,18.370828703534574
133.000,avoid_success,1
133.000,avoid_timeout,0
133.000,q_convergence,0.8805399468672627
133.000,update_residual,0.08580030752723429
134.000,anomalies_detected,0
134.000,anomalies_unique,0
134.000,investigation_timeouts,0
134.000,mission_duration_s,89.576
134.000,distance_traveled_m,22.47427730606039
134.000,route_deviations,1
134.000,investigation_time_s,0.0
134.000,hazard_avoidances,1
134.000,min_hazard_distance_m,4.847167440004272
134.000,collisions,0
134.000,time_below_clearance_s,0.0
134.000,safety_zone_violations,0
134.000,min_ttc_s,18.370828703534574
134.000,avoid_success,1
134.000,avoid_timeout,0
134.000,q_convergence,0.9323420048922859
134.000,update_residual,0.09080715277900643
135.000,anomalies_detected,0
135.000,anomalies_unique,0
135.000,investigation_timeouts,0
135.000,mission_duration_s,90.576
135.000,distance_traveled_m,22.726997195489183
135.000,route_deviations,1
135.000,investigation_time_s,0.0
135.000,hazard_avoidances,1
135.000,min_hazard_distance_m,4.847167440004272
135.000,collisions,0
135.000,time_below_clearance_s,0.0
135.000,safety_zone_violations,0
135.000,min_ttc_s,18.370828703534574
135.000,avoid_success,1
135.000,avoid_timeout,0
135.000,q_convergence,0.8131973436535151
135.000,update_residual,0.07925674381166273
136.000,anomalies_detected,0
136.000,anomalies_unique,0
136.000,investigation_timeouts,0
136.000,mission_duration_s,91.576
136.000,distance_traveled_m,22.989077184050398
136.000,route_deviations,1
136.000,investigation_time_s,0.0
136.000,hazard_avoidances,1
136.000,min_hazard_distance_m,4.847167440004272
136.000,collisions,0
136.000,time_below_clearance_s,0.0
136.000,safety_zone_violations,0
136.000,min_ttc_s,18.370828703534574
136.000,avoid_success,1
136.000,avoid_timeout,0
136.000,q_convergence,0.7111017083975307
136.000,update_residual,0.06904718028606423
137.000,anomalies_detected,0
137.000,anomalies_unique,0
137.000,investigation_timeouts,0
137.000,mission_duration_s,92.576
137.000,distance_traveled_m,23.251157149897605
137.000,route_deviations,1
137.000,investigation_time_s,0.0
137.000,hazard_avoidances,1
137.000,min_hazard_distance_m,4.847167440004272
137.000,collisions,0
137.000,time_below_clearance_s,0.0
137.000,safety_zone_violations,0
137.000,min_ttc_s,18.370828703534574
137.000,avoid_success,1
137.000,avoid_timeout,0
137.000,q_convergence,0.9135689333509855
137.000,update_residual,0.08972860436236561
138.000,anomalies_detected,0
138.000,anomalies_unique,0
138.000,investigation_timeouts,0
138.000,mission_duration_s,93.576
138.000,distance_traveled_m,23.513237144142696
138.000,route_deviations,1
138.000,investigation_time_s,0.0
138.000,hazard_avoidances,1
138.000,min_hazard_distance_m,4.847167440004272
138.000,collisions,0
138.000,time_below_clearance_s,0.0
138.000,safety_zone_violations,0
138.000,min_ttc_s,18.370828703534574
138.000,avoid_success,1
138.000,avoid_timeout,0
138.000,q_convergence,0.9180582701312993
138.000,update_residual,0.09031531633808973
139.000,anomalies_detected,0
139.000,anomalies_unique,0
139.000,investigation_timeouts,0
139.000,mission_duration_s,94.576
139.000,distance_traveled_m,23.77531712972108
139.000,route_deviations,1
139.000,investigation_time_s,0.0
139.000,hazard_avoidances,1
139.000,min_hazard_distance_m,4.847167440004272
139.000,collisions,0
139.000,time_below_clearance_s,0.0
139.000,safety_zone_violations,0
139.000,min_ttc_s,18.370828703534574
139.000,avoid_success,1
139.000,avoid_timeout,0
139.000,q_convergence,0.799648494681663
139.000,update_residual,0.07869791539438213
140.000,anomalies_detected,0
140.000,anomalies_unique,0
140.000,investigation_timeouts,0
140.000,mission_duration_s,95.576
140.000,distance_traveled_m,24.028037118527763
140.000,route_deviations,1
140.000,investigation_time_s,0.0
140.000,hazard_avoidances,1
140.000,min_hazard_distance_m,4.847167440004272
140.000,collisions,0
140.000,time_below_clearance_s,0.0
140.000,safety_zone_violations,0
140.000,min_ttc_s,18.370828703534574
140.000,avoid_success,1
140.000,avoid_timeout,0
140.000,q_convergence,0.6964730438844714
140.000,update_residual,0.0685704104257306
141.000,anomalies_detected,0
141.000,anomalies_unique,0
141.000,investigation_timeouts,0
141.000,mission_duration_s,96.576
141.000,distance_traveled_m,24.290117114738123
141.000,route_deviations,1
141.000,investigation_time_s,0.0
141.000,hazard_avoidances,1
141.000,min_hazard_distance_m,4.847167440004272
141.000,collisions,0
141.000,time_below_clearance_s,0.0
141.000,safety_zone_violations,0
141.000,min_ttc_s,18.370828703534574
141.000,avoid_success,1
141.000,avoid_timeout,0
141.000,q_convergence,0.9217129716997449
141.000,update_residual,0.09132374173635503
142.000,anomalies_detected,0
142.000,anomalies_unique,0
142.000,investigation_timeouts,0
142.000,mission_duration_s,97.576
142.000,distance_traveled_m,24.55219710238853
142.000,route_deviations,1
142.000,investigation_time_s,0.0
142.000,hazard_avoidances,1
142.000,min_hazard_distance_m,4.847167440004272
142.000,collisions,0
142.000,time_below_clearance_s,0.0
142.000,safety_zone_violations,0
142.000,min_ttc_s,18.370828703534574
142.000,avoid_success,1
142.000,avoid_timeout,0
142.000,q_convergence,0.9264294204573603
142.000,update_residual,0.09186488615767334
143.000,anomalies_detected,0
143.000,anomalies_unique,0
143.000,investigation_timeouts,0
143.000,mission_duration_s,98.576
143.000,distance_traveled_m,24.814277098534323
143.000,route_deviations,1
143.000,investigation_time_s,0.0
143.000,hazard_avoidances,1
143.000,min_hazard_distance_m,4.847167440004272
143.000,collisions,0
143.000,time_below_clearance_s,0.0
143.000,safety_zone_violations,0
143.000,min_ttc_s,18.370828703534574
143.000,avoid_success,1
143.000,avoid_timeout,0
143.000,q_convergence,0.8224386285665376
143.000,update_residual,0.08146580696859107
144.000,anomalies_detected,0
144.000,anomalies_unique,0
144.000,investigation_timeouts,0
144.000,mission_duration_s,99.576
144.000,distance_traveled_m,25.066997092663
144.000,route_deviations,1
144.000,investigation_time_s,0.0
144.000,hazard_avoidances,1
144.000,min_hazard_distance_m,4.847167440004272
144.000,collisions,0
144.000,time_below_clearance_s,0.0
144.000,safety_zone_violations,0
144.000,min_ttc_s,18.370828703534574
144.000,avoid_success,1
144.000,avoid_timeout,0
144.000,q_convergence,0.715686126081052
144.000,update_residual,0.07090726510325189
145.000,anomalies_detected,0
145.000,anomalies_unique,0
145.000,investigation_timeouts,0
145.000,mission_duration_s,100.576
145.000,distance_traveled_m,25.314321729744673
145.000,route_deviations,1
145.000,investigation_time_s,0.0
145.000,hazard_avoidances,1
145.000,min_hazard_distance_m,4.847167440004272
145.000,collisions,0
145.000,time_below_clearance_s,0.0
145.000,safety_zone_violations,0
145.000,min_ttc_s,18.370828703534574
145.000,avoid_success,1
145.000,avoid_timeout,0
145.000,q_convergence,0.9115633753468898
145.000,update_residual,0.09063583255401737
146.000,anomalies_detected,0
146.000,anomalies_unique,0
146.000,investigation_timeouts,0
146.000,mission_duration_s,101.576
146.000,distance_traveled_m,25.396484999353394
146.000,route_deviations,1
146.000,investigation_time_s,0.0
146.000,hazard_avoidances,1
146.000,min_hazard_distance_m,4.847167440004272
146.000,collisions,0
146.000,time_below_clearance_s,0.0
146.000,safety_zone_violations,0
146.000,min_ttc_s,18.370828703534574
146.000,avoid_success,1
146.000,avoid_timeout,0
146.000,q_convergence,0.9218177258042936
146.000,update_residual,0.09161962720130408
147.000,anomalies_detected,0
147.000,anomalies_unique,0
147.000,investigation_timeouts,0
147.000,mission_duration_s,102.576
147.000,distance_traveled_m,25.4371176473439
147.000,route_deviations,1
147.000,investigation_time_s,0.0
147.000,hazard_avoidances,1
147.000,min_hazard_distance_m,4.847167440004272
147.000,collisions,0
147.000,time_below_clearance_s,0.0
147.000,safety_zone_violations,0
147.000,min_ttc_s,18.370828703534574
147.000,avoid_success,1
147.000,avoid_timeout,0
147.000,q_convergence,0.8014810613763704
147.000,update_residual,0.08014810613763705
148.000,anomalies_detected,0
148.000,anomalies_unique,0
148.000,investigation_timeouts,0
148.000,mission_duration_s,103.576
148.000,distance_traveled_m,25.614876657892786
148.000,route_deviations,1
148.000,investigation_time_s,0.0
148.000,hazard_avoidances,1
148.000,min_hazard_distance_m,4.847167440004272
148.000,collisions,0
148.000,time_below_clearance_s,0.0
148.000,safety_zone_violations,0
148.000,min_ttc_s,18.370828703534574
148.000,avoid_success,1
148.000,avoid_timeout,0
148.000,q_convergence,0.6965295172619294
148.000,update_residual,0.06965295172619293
149.000,anomalies_detected,0
149.000,anomalies_unique,0
149.000,investigation_timeouts,0
149.000,mission_duration_s,104.576
149.000,distance_traveled_m,25.867596601967218
149.000,route_deviations,1
149.000,investigation_time_s,0.0
149.000,hazard_avoidances,1
149.000,min_hazard_distance_m,4.847167440004272
149.000,collisions,0
149.000,time_below_clearance_s,0.0
149.000,safety_zone_violations,0
149.000,min_ttc_s,18.370828703534574
149.000,avoid_success,1
149.000,avoid_timeout,0
149.000,q_convergence,0.6053210634621736
149.000,update_residual,0.060532106346217376
150.000,anomalies_detected,0
150.000,anomalies_unique,0
150.000,investigation_timeouts,0
150.000,mission_duration_s,105.576
150.000,distance_traveled_m,26.12967660182845
150.000,route_deviations,1
150.000,investigation_time_s,0.0
150.000,hazard_avoidances,1
150.000,min_hazard_distance_m,4.847167440004272
150.000,collisions,0
150.000,time_below_clearance_s,0.0
150.000,safety_zone_violations,0
150.000,min_ttc_s,18.370828703534574
150.000,avoid_success,1
150.000,avoid_timeout,0
150.000,q_convergence,0.943699153240797
150.000,update_residual,0.09436991532407969
151.000,anomalies_detected,0
151.000,anomalies_unique,0
151.000,investigation_timeouts,0
151.000,mission_duration_s,106.576
151.000,distance_traveled_m,26.391756601661985
151.000,route_deviations,1
151.000,investigation_time_s,0.0
151.000,hazard_avoidances,1
151.000,min_hazard_distance_m,4.847167440004272
151.000,collisions,0
151.000,time_below_clearance_s,0.0
151.000,safety_zone_violations,0
151.000,min_ttc_s,18.370828703534574
151.000,avoid_success,1
151.000,avoid_timeout,0
151.000,q_convergence,0.9076240950388005
151.000,update_residual,0.09076240950388002
152.000,anomalies_detected,0
152.000,anomalies_unique,0
152.000,investigation_timeouts,0
152.000,mission_duration_s,107.576
152.000,distance_traveled_m,26.653836601596975
152.000,route_deviations,1
152.000,investigation_time_s,0.0
152.000,hazard_avoidances,1
152.000,min_hazard_distance_m,4.847167440004272
152.000,collisions,0
152.000,time_below_clearance_s,0.0
152.000,safety_zone_violations,0
152.000,min_ttc_s,18.370828703534574
152.000,avoid_success,1
152.000,avoid_timeout,0
152.000,q_convergence,0.788773438622525
152.000,update_residual,0.07887734386225247
153.000,anomalies_detected,0
153.000,anomalies_unique,0
153.000,investigation_timeouts,0
153.000,mission_duration_s,108.576
153.000,distance_traveled_m,26.906556601542565
153.000,route_deviations,1
153.000,investigation_time_s,0.0
153.000,hazard_avoidances,1
153.000,min_hazard_distance_m,4.847167440004272
153.000,collisions,0
153.000,time_below_clearance_s,0.0
153.000,safety_zone_violations,0
153.000,min_ttc_s,18.370828703534574
153.000,avoid_success,1
153.000,avoid_timeout,0
153.000,q_convergence,0.6854859196414406
153.000,update_residual,0.06854859196414406
154.000,anomalies_detected,0
154.000,anomalies_unique,0
154.000,investigation_timeouts,0
154.000,mission_duration_s,109.576
154.000,distance_traveled_m,27.168636601497518
154.000,route_deviations,1
154.000,investigation_time_s,0.0
154.000,hazard_avoidances,1
154.000,min_hazard_distance_m,4.847167440004272
154.000,collisions,0
154.000,time_below_clearance_s,0.0
154.000,safety_zone_violations,0
154.000,min_ttc_s,18.370828703534574
154.000,avoid_success,1
154.000,avoid_timeout,0
154.000,q_convergence,0.9940253260860986
154.000,update_residual,0.09940253260860986
155.000,anomalies_detected,0
155.000,anomalies_unique,0
155.000,investigation_timeouts,0
155.000,mission_duration_s,110.576
155.000,distance_traveled_m,27.430716601424198
155.000,route_deviations,1
155.000,investigation_time_s,0.0
155.000,hazard_avoidances,1
155.000,min_hazard_distance_m,4.847167440004272
155.000,collisions,0
155.000,time_below_clearance_s,0.0
155.000,safety_zone_violations,0
155.000,min_ttc_s,18.370828703534574
155.000,avoid_success,1
155.000,avoid_timeout,0
155.000,q_convergence,0.8896073035074978
155.000,update_residual,0.08896073035074974
156.000,anomalies_detected,0
156.000,anomalies_unique,0
156.000,investigation_timeouts,0
156.000,mission_duration_s,111.576
156.000,distance_traveled_m,27.692796601367185
156.000,route_deviations,1
156.000,investigation_time_s,0.0
156.000,hazard_avoidances,1
156.000,min_hazard_distance_m,4.847167440004272
156.000,collisions,0
156.000,time_below_clearance_s,0.0
156.000,safety_zone_violations,0
156.000,min_ttc_s,18.370828703534574
156.000,avoid_success,1
156.000,avoid_timeout,0
156.000,q_convergence,0.7731158919721317
156.000,update_residual,0.07731158919721318
157.000,anomalies_detected,0
157.000,anomalies_unique,0
157.000,investigation_timeouts,0
157.000,mission_duration_s,112.576
157.000,distance_traveled_m,27.954876601303447
157.000,route_deviations,1
157.000,investigation_time_s,0.0
157.000,hazard_avoidances,1
157.000,min_hazard_distance_m,4.847167440004272
157.000,collisions,0
157.000,time_below_clearance_s,0.0
157.000,safety_zone_violations,0
157.000,min_ttc_s,18.370828703534574
157.000,avoid_success,1
157.000,avoid_timeout,0
157.000,q_convergence,0.6718786818220268
157.000,update_residual,0.06718786818220268
158.000,anomalies_detected,0
158.000,anomalies_unique,0
158.000,investigation_timeouts,0
158.000,mission_duration_s,113.576
158.000,distance_traveled_m,28.20759660125651
158.000,route_deviations,1
158.000,investigation_time_s,0.0
158.000,hazard_avoidances,1
158.000,min_hazard_distance_m,4.847167440004272
158.000,collisions,0
158.000,time_below_clearance_s,0.0
158.000,safety_zone_violations,0
158.000,min_ttc_s,18.370828703534574
158.000,avoid_success,1
158.000,avoid_timeout,0
158.000,q_convergence,1.036368731562349
158.000,update_residual,0.10363687315623493
159.000,anomalies_detected,0
159.000,anomalies_unique,0
159.000,investigation_timeouts,0
159.000,mission_duration_s,114.576
159.000,distance_traveled_m,28.469676601207077
159.000,route_deviations,1
159.000,investigation_time_s,0.0
159.000,hazard_avoidances,1
159.000,min_hazard_distance_m,4.847167440004272
159.000,collisions,0
159.000,time_below_clearance_s,0.0
159.000,safety_zone_violations,0
159.000,min_ttc_s,18.370828703534574
159.000,avoid_success,1
159.000,avoid_timeout,0
159.000,q_convergence,0.8697154889100347
159.000,update_residual,0.08697154889100352
160.000,anomalies_detected,0
160.000,anomalies_unique,0
160.000,investigation_timeouts,0
160.000,mission_duration_s,115.576
160.000,distance_traveled_m,28.731756601124943
160.000,route_deviations,1
160.000,investigation_time_s,0.0
160.000,hazard_avoidances,1
160.000,min_hazard_distance_m,4.847167440004272
160.000,collisions,0
160.000,time_below_clearance_s,0.0
160.000,safety_zone_violations,0
160.000,min_ttc_s,18.370828703534574
160.000,avoid_success,1
160.000,avoid_timeout,0
160.000,q_convergence,0.7577691554417364
160.000,update_residual,0.07577691554417365
161.000,anomalies_detected,0
161.000,anomalies_unique,0
161.000,investigation_timeouts,0
161.000,mission_duration_s,116.576
161.000,distance_traveled_m,28.99383660105951
161.000,route_deviations,1
161.000,investigation_time_s,0.0
161.000,hazard_avoidances,1
161.000,min_hazard_distance_m,4.847167440004272
161.000,collisions,0
161.000,time_below_clearance_s,0.0
161.000,safety_zone_violations,0
161.000,min_ttc_s,18.370828703534574
161.000,avoid_success,1
161.000,avoid_timeout,0
161.000,q_convergence,0.658541554468443
161.000,update_residual,0.06585415544684428
162.000,anomalies_detected,0
162.000,anomalies_unique,0
162.000,investigation_timeouts,0
162.000,mission_duration_s,117.576
162.000,distance_traveled_m,29.246556601001334
162.000,route_deviations,1
162.000,investigation_time_s,0.0
162.000,hazard_avoidances,1
162.000,min_hazard_distance_m,4.847167440004272
162.000,collisions,0
162.000,time_below_clearance_s,0.0
162.000,safety_zone_violations,0
162.000,min_ttc_s,18.370828703534574
162.000,avoid_success,1
162.000,avoid_timeout,0
162.000,q_convergence,1.0793738602788183
162.000,update_residual,0.10793738602788185
163.000,anomalies_detected,0
163.000,anomalies_unique,0
163.000,investigation_timeouts,0
163.000,mission_duration_s,118.576
163.000,distance_traveled_m,29.508636600953075
163.000,route_deviations,1
163.000,investigation_time_s,0.0
163.000,hazard_avoidances,1
163.000,min_hazard_distance_m,4.847167440004272
163.000,collisions,0
163.000,time_below_clearance_s,0.0
163.000,safety_zone_violations,0
163.000,min_ttc_s,18.370828703534574
163.000,avoid_success,1
163.000,avoid_timeout,0
163.000,q_convergence,0.8524512021409982
163.000,update_residual,0.08524512021409984
164.000,anomalies_detected,0
164.000,anomalies_unique,0
164.000,investigation_timeouts,0
164.000,mission_duration_s,119.576
164.000,distance_traveled_m,29.77071660090551
164.000,route_deviations,1
164.000,investigation_time_s,0.0
164.000,hazard_avoidances,1
164.000,min_hazard_distance_m,4.847167440004272
164.000,collisions,0
164.000,time_below_clearance_s,0.0
164.000,safety_zone_violations,0
164.000,min_ttc_s,18.370828703534574
164.000,avoid_success,1
164.000,avoid_timeout,0
164.000,q_convergence,0.7427270592952459
164.000,update_residual,0.0742727059295246
165.000,anomalies_detected,0
165.000,anomalies_unique,0
165.000,investigation_timeouts,0
165.000,mission_duration_s,120.576
165.000,distance_traveled_m,30.03279660083456
165.000,route_deviations,1
165.000,investigation_time_s,0.0
165.000,hazard_avoidances,1
165.000,min_hazard_distance_m,4.847167440004272
165.000,collisions,0
165.000,time_below_clearance_s,0.0
165.000,safety_zone_violations,0
165.000,min_ttc_s,18.370828703534574
165.000,avoid_success,1
165.000,avoid_timeout,0
165.000,q_convergence,0.6454691757530556
165.000,update_residual,0.06454691757530555
166.000,anomalies_detected,0
166.000,anomalies_unique,0
166.000,investigation_timeouts,0
166.000,mission_duration_s,121.576
166.000,distance_traveled_m,30.294876600731996
166.000,route_deviations,1
166.000,investigation_time_s,0.0
166.000,hazard_avoidances,1
166.000,min_hazard_distance_m,4.847167440004272
166.000,collisions,0
166.000,time_below_clearance_s,0.0
166.000,safety_zone_violations,0
166.000,min_ttc_s,18.370828703534574
166.000,avoid_success,1
166.000,avoid_timeout,0
166.000,q_convergence,1.1215253157145795
166.000,update_residual,0.11215253157145798
167.000,anomalies_detected,0
167.000,anomalies_unique,0
167.000,investigation_timeouts,0
167.000,mission_duration_s,122.576
167.000,distance_traveled_m,30.54759660065529
167.000,route_deviations,1
167.000,investigation_time_s,0.0
167.000,hazard_avoidances,1
167.000,min_hazard_distance_m,4.847167440004272
167.000,collisions,0
167.000,time_below_clearance_s,0.0
167.000,safety_zone_violations,0
167.000,min_ttc_s,18.370828703534574
167.000,avoid_success,1
167.000,avoid_timeout,0
167.000,q_convergence,0.8334861535493575
167.000,update_residual,0.08334861535493576
168.000,anomalies_detected,0
168.000,anomalies_unique,0
168.000,investigation_timeouts,0
168.000,mission_duration_s,123.576
168.000,distance_traveled_m,30.809676600597662
168.000,route_deviations,1
168.000,investigation_time_s,0.0
168.000,hazard_avoidances,1
168.000,min_hazard_distance_m,4.847167440004272
168.000,collisions,0
168.000,time_below_clearance_s,0.0
168.000,safety_zone_violations,0
168.000,min_ttc_s,18.370828703534574
168.000,avoid_success,1
168.000,avoid_timeout,0
168.000,q_convergence,0.7261195192022535
168.000,update_residual,0.07261195192022535
169.000,anomalies_detected,0
169.000,anomalies_unique,0
169.000,investigation_timeouts,0
169.000,mission_duration_s,124.576
169.000,distance_traveled_m,31.071756600548735
169.000,route_deviations,1
169.000,investigation_time_s,0.0
169.000,hazard_avoidances,1
169.000,min_hazard_distance_m,4.847167440004272
169.000,collisions,0
169.000,time_below_clearance_s,0.0
169.000,safety_zone_violations,0
169.000,min_ttc_s,18.370828703534574
169.000,avoid_success,1
169.000,avoid_timeout,0
169.000,q_convergence,0.868145071705359
169.000,update_residual,0.08681450717053589
170.000,anomalies_detected,0
170.000,anomalies_unique,0
170.000,investigation_timeouts,0
170.000,mission_duration_s,125.576
170.000,distance_traveled_m,31.33383660047955
170.000,route_deviations,1
170.000,investigation_time_s,0.0
170.000,hazard_avoidances,1
170.000,min_hazard_distance_m,4.847167440004272
170.000,collisions,0
170.000,time_below_clearance_s,0.0
170.000,safety_zone_violations,0
170.000,min_ttc_s,18.370828703534574
170.000,avoid_success,1
170.000,avoid_timeout,0
170.000,q_convergence,0.9353357461052848
170.000,update_residual,0.09353357461052848
171.000,anomalies_detected,0
171.000,anomalies_unique,0
171.000,investigation_timeouts,0
171.000,mission_duration_s,126.576
171.000,distance_traveled_m,31.58655660033458
171.000,route_deviations,1
171.000,investigation_time_s,0.0
171.000,hazard_avoidances,1
171.000,min_hazard_distance_m,4.847167440004272
171.000,collisions,0
171.000,time_below_clearance_s,0.0
171.000,safety_zone_violations,0
171.000,min_ttc_s,18.370828703534574
171.000,avoid_success,1
171.000,avoid_timeout,0
171.000,q_convergence,0.8128563319933584
171.000,update_residual,0.08128563319933586
172.000,anomalies_detected,0
172.000,anomalies_unique,0
172.000,investigation_timeouts,0
172.000,mission_duration_s,127.576
172.000,distance_traveled_m,31.848636600271114
172.000,route_deviations,1
172.000,investigation_time_s,0.0
172.000,hazard_avoidances,1
172.000,min_hazard_distance_m,4.847167440004272
172.000,collisions,0
172.000,time_below_clearance_s,0.0
172.000,safety_zone_violations,0
172.000,min_ttc_s,18.370828703534574
172.000,avoid_success,1
172.000,avoid_timeout,0
172.000,q_convergence,0.7081471557194529
172.000,update_residual,0.0708147155719453
173.000,anomalies_detected,0
173.000,anomalies_unique,0
173.000,investigation_timeouts,0
173.000,mission_duration_s,128.576
173.000,distance_traveled_m,32.110716600212086
173.000,route_deviations,1
173.000,investigation_time_s,0.0
173.000,hazard_avoidances,1
173.000,min_hazard_distance_m,4.847167440004272
173.000,collisions,0
173.000,time_below_clearance_s,0.0
173.000,safety_zone_violations,0
173.000,min_ttc_s,18.370828703534574
173.000,avoid_success,1
173.000,avoid_timeout,0
173.000,q_convergence,0.9135604715184327
173.000,update_residual,0.09135604715184328
174.000,anomalies_detected,0
174.000,anomalies_unique,0
174.000,investigation_timeouts,0
174.000,mission_duration_s,129.576
174.000,distance_traveled_m,32.372796600165046
174.000,route_deviations,1
174.000,investigation_time_s,0.0
174.000,hazard_avoidances,1
174.000,min_hazard_distance_m,4.847167440004272
174.000,collisions,0
174.000,time_below_clearance_s,0.0
174.000,safety_zone_violations,0
174.000,min_ttc_s,18.370828703534574
174.000,avoid_success,1
174.000,avoid_timeout,0
174.000,q_convergence,0.9167688644618069
174.000,update_residual,0.09167688644618069
175.000,anomalies_detected,0
175.000,anomalies_unique,0
175.000,investigation_timeouts,0
175.000,mission_duration_s,130.576
175.000,distance_traveled_m,32.634876600115795
175.000,route_deviations,1
175.000,investigation_time_s,0.0
175.000,hazard_avoidances,1
175.000,min_hazard_distance_m,4.847167440004272
175.000,collisions,0
175.000,time_below_clearance_s,0.0
175.000,safety_zone_violations,0
175.000,min_ttc_s,18.370828703534574
175.000,avoid_success,1
175.000,avoid_timeout,0
175.000,q_convergence,0.7967207278831593
175.000,update_residual,0.07967207278831592
176.000,anomalies_detected,0
176.000,anomalies_unique,0
176.000,investigation_timeouts,0
176.000,mission_duration_s,131.576
176.000,distance_traveled_m,32.88759660005282
176.000,route_deviations,1
176.000,investigation_time_s,0.0
176.000,hazard_avoidances,1
176.000,min_hazard_distance_m,4.847167440004272
176.000,collisions,0
176.000,time_below_clearance_s,0.0
176.000,safety_zone_violations,0
176.000,min_ttc_s,18.370828703534574
176.000,avoid_success,1
176.000,avoid_timeout,0
176.000,q_convergence,0.6923925351798598
176.000,update_residual,0.06923925351798597
177.000,anomalies_detected,0
177.000,anomalies_unique,0
177.000,investigation_timeouts,0
177.000,mission_duration_s,132.576
177.000,distance_traveled_m,33.149676599984474
177.000,route_deviations,1
177.000,investigation_time_s,0.0
177.000,hazard_avoidances,1
177.000,min_hazard_distance_m,4.847167440004272
177.000,collisions,0
177.000,time_below_clearance_s,0.0
177.000,safety_zone_violations,0
177.000,min_ttc_s,18.370828703534574
177.000,avoid_success,1
177.000,avoid_timeout,0
177.000,q_convergence,0.9705754280711427
177.000,update_residual,0.0970575428071143
178.000,anomalies_detected,0
178.000,anomalies_unique,0
178.000,investigation_timeouts,0
178.000,mission_duration_s,133.576
178.000,distance_traveled_m,33.41175659993377
178.000,route_deviations,1
178.000,investigation_time_s,0.0
178.000,hazard_avoidances,1
178.000,min_hazard_distance_m,4.847167440004272
178.000,collisions,0
178.000,time_below_clearance_s,0.0
178.000,safety_zone_violations,0
178.000,min_ttc_s,18.370828703534574
178.000,avoid_success,1
178.000,avoid_timeout,0
178.000,q_convergence,0.8985705446907885
178.000,update_residual,0.08985705446907881
179.000,anomalies_detected,0
179.000,anomalies_unique,0
179.000,investigation_timeouts,0
179.000,mission_duration_s,134.576
179.000,distance_traveled_m,33.6738365998896
179.000,route_deviations,1
179.000,investigation_time_s,0.0
179.000,hazard_avoidances,1
179.000,min_hazard_distance_m,4.847167440004272
179.000,collisions,0
179.000,time_below_clearance_s,0.0
179.000,safety_zone_violations,0
179.000,min_ttc_s,18.370828703534574
179.000,avoid_success,1
179.000,avoid_timeout,0
179.000,q_convergence,0.7809054235722653
179.000,update_residual,0.0780905423572265
180.000,anomalies_detected,0
180.000,anomalies_unique,0
180.000,investigation_timeouts,0
180.000,mission_duration_s,135.576
180.000,distance_traveled_m,33.926556599816124
180.000,route_deviations,1
180.000,investigation_time_s,0.0
180.000,hazard_avoidances,1
180.000,min_hazard_distance_m,4.847167440004272
180.000,collisions,0
180.000,time_below_clearance_s,0.0
180.000,safety_zone_violations,0
180.000,min_ttc_s,18.370828703534574
180.000,avoid_success,1
180.000,avoid_timeout,0
180.000,q_convergence,0.6786481975930173
180.000,update_residual,0.06786481975930173
181.000,anomalies_detected,0
181.000,anomalies_unique,0
181.000,investigation_timeouts,0
181.000,mission_duration_s,136.576
181.000,distance_traveled_m,34.188636599739915
181.000,route_deviations,1
181.000,investigation_time_s,0.0
181.000,hazard_avoidances,1
181.000,min_hazard_distance_m,4.847167440004272
181.000,collisions,0
181.000,time_below_clearance_s,0.0
181.000,safety_zone_violations,0
181.000,min_ttc_s,18.370828703534574
181.000,avoid_success,1
181.000,avoid_timeout,0
181.000,q_convergence,1.0172413113683552
181.000,update_residual,0.10172413113683552
182.000,anomalies_detected,0
182.000,anomalies_unique,0
182.000,investigation_timeouts,0
182.000,mission_duration_s,137.576
182.000,distance_traveled_m,34.45071659966725
182.000,route_deviations,1
182.000,investigation_time_s,0.0
182.000,hazard_avoidances,1
182.000,min_hazard_distance_m,4.847167440004272
182.000,collisions,0
182.000,time_below_clearance_s,0.0
182.000,safety_zone_violations,0
182.000,min_ttc_s,18.370828703534574
182.000,avoid_success,1
182.000,avoid_timeout,0
182.000,q_convergence,0.8807334706550105
182.000,update_residual,0.08807334706550105
183.000,anomalies_detected,0
183.000,anomalies_unique,0
183.000,investigation_timeouts,0
183.000,mission_duration_s,138.576
183.000,distance_traveled_m,34.712796599609185
183.000,route_deviations,1
183.000,investigation_time_s,0.0
183.000,hazard_avoidances,1
183.000,min_hazard_distance_m,4.847167440004272
183.000,collisions,0
183.000,time_below_clearance_s,0.0
183.000,safety_zone_violations,0
183.000,min_ttc_s,18.370828703534574
183.000,avoid_success,1
183.000,avoid_timeout,0
183.000,q_convergence,0.7654040609497098
183.000,update_residual,0.07654040609497097
184.000,anomalies_detected,0
184.000,anomalies_unique,0
184.000,investigation_timeouts,0
184.000,mission_duration_s,139.576
184.000,distance_traveled_m,34.97487659956395
184.000,route_deviations,1
184.000,investigation_time_s,0.0
184.000,hazard_avoidances,1
184.000,min_hazard_distance_m,4.847167440004272
184.000,collisions,0
184.000,time_below_clearance_s,0.0
184.000,safety_zone_violations,0
184.000,min_ttc_s,18.370828703534574
184.000,avoid_success,1
184.000,avoid_timeout,0
184.000,q_convergence,0.6651766919708523
184.000,update_residual,0.06651766919708521
185.000,anomalies_detected,0
185.000,anomalies_unique,0
185.000,investigation_timeouts,0
185.000,mission_duration_s,140.576
185.000,distance_traveled_m,35.22759659949852
185.000,route_deviations,1
185.000,investigation_time_s,0.0
185.000,hazard_avoidances,1
185.000,min_hazard_distance_m,4.847167440004272
185.000,collisions,0
185.000,time_below_clearance_s,0.0
185.000,safety_zone_violations,0
185.000,min_ttc_s,18.370828703534574
185.000,avoid_success,1
185.000,avoid_timeout,0
185.000,q_convergence,1.0579790775210527
185.000,update_residual,0.10579790775210529
186.000,anomalies_detected,0
186.000,anomalies_unique,0
186.000,investigation_timeouts,0
186.000,mission_duration_s,141.576
186.000,distance_traveled_m,35.489676599412505
186.000,route_deviations,1
186.000,investigation_time_s,0.0
186.000,hazard_avoidances,1
186.000,min_hazard_distance_m,4.847167440004272
186.000,collisions,0
186.000,time_below_clearance_s,0.0
186.000,safety_zone_violations,0
186.000,min_ttc_s,18.370828703534574
186.000,avoid_success,1
186.000,avoid_timeout,0
186.000,q_convergence,0.8610400769081573
186.000,update_residual,0.08610400769081572
187.000,anomalies_detected,0
187.000,anomalies_unique,0
187.000,investigation_timeouts,0
187.000,mission_duration_s,142.576
187.000,distance_traveled_m,35.751756599356895
187.000,route_deviations,1
187.000,investigation_time_s,0.0
187.000,hazard_avoidances,1
187.000,min_hazard_distance_m,4.847167440004272
187.000,collisions,0
187.000,time_below_clearance_s,0.0
187.000,safety_zone_violations,0
187.000,min_ttc_s,18.370828703534574
187.000,avoid_success,1
187.000,avoid_timeout,0
187.000,q_convergence,0.750210408116205
187.000,update_residual,0.07502104081162052
188.000,anomalies_detected,0
188.000,anomalies_unique,0
188.000,investigation_timeouts,0
188.000,mission_duration_s,143.576
188.000,distance_traveled_m,36.013836599308206
188.000,route_deviations,1
188.000,investigation_time_s,0.0
188.000,hazard_avoidances,1
188.000,min_hazard_distance_m,4.847167440004272
188.000,collisions,0
188.000,time_below_clearance_s,0.0
188.000,safety_zone_violations,0
188.000,min_ttc_s,18.370828703534574
188.000,avoid_success,1
188.000,avoid_timeout,0
188.000,q_convergence,0.6519726024626202
188.000,update_residual,0.06519726024626202
189.000,anomalies_detected,0
189.000,anomalies_unique,0
189.000,investigation_timeouts,0
189.000,mission_duration_s,144.576
189.000,distance_traveled_m,36.26655659926312
189.000,route_deviations,1
189.000,investigation_time_s,0.0
189.000,hazard_avoidances,1
189.000,min_hazard_distance_m,4.847167440004272
189.000,collisions,0
189.000,time_below_clearance_s,0.0
189.000,safety_zone_violations,0
189.000,min_ttc_s,18.370828703534574
189.000,avoid_success,1
189.000,avoid_timeout,0
189.000,q_convergence,1.1005552300785753
189.000,update_residual,0.11005552300785755
190.000,anomalies_detected,0
190.000,anomalies_unique,0
190.000,investigation_timeouts,0
190.000,mission_duration_s,145.576
190.000,distance_traveled_m,36.52863659918683
190.000,route_deviations,1
190.000,investigation_time_s,0.0
190.000,hazard_avoidances,1
190.000,min_hazard_distance_m,4.847167440004272
190.000,collisions,0
190.000,time_below_clearance_s,0.0
190.000,safety_zone_violations,0
190.000,min_ttc_s,18.370828703534574
190.000,avoid_success,1
190.000,avoid_timeout,0
190.000,q_convergence,0.8439480013996417
190.000,update_residual,0.08439480013996417
191.000,anomalies_detected,0
191.000,anomalies_unique,0
191.000,investigation_timeouts,0
191.000,mission_duration_s,146.576
191.000,distance_traveled_m,36.79071659908254
191.000,route_deviations,1
191.000,investigation_time_s,0.0
191.000,hazard_avoidances,1
191.000,min_hazard_distance_m,4.847167440004272
191.000,collisions,0
191.000,time_below_clearance_s,0.0
191.000,safety_zone_violations,0
191.000,min_ttc_s,18.370828703534574
191.000,avoid_success,1
191.000,avoid_timeout,0
191.000,q_convergence,0.7353183568787758
191.000,update_residual,0.07353183568787759
192.000,anomalies_detected,0
192.000,anomalies_unique,0
192.000,investigation_timeouts,0
192.000,mission_duration_s,147.576
192.000,distance_traveled_m,37.05279659901243
192.000,route_deviations,1
192.000,investigation_time_s,0.0
192.000,hazard_avoidances,1
192.000,min_hazard_distance_m,4.847167440004272
192.000,collisions,0
192.000,time_below_clearance_s,0.0
192.000,safety_zone_violations,0
192.000,min_ttc_s,18.370828703534574
192.000,avoid_success,1
192.000,avoid_timeout,0
192.000,q_convergence,0.6390306207249188
192.000,update_residual,0.0639030620724919
193.000,anomalies_detected,0
193.000,anomalies_unique,0
193.000,investigation_timeouts,0
193.000,mission_duration_s,148.576
193.000,distance_traveled_m,37.31487659896306
193.000,route_deviations,1
193.000,investigation_time_s,0.0
193.000,hazard_avoidances,1
193.000,min_hazard_distance_m,4.847167440004272
193.000,collisions,0
193.000,time_below_clearance_s,0.0
193.000,safety_zone_violations,0
193.000,min_ttc_s,18.370828703534574
193.000,avoid_success,1
193.000,avoid_timeout,0
193.000,q_convergence,1.1505849995248132
193.000,update_residual,0.11505849995248132
194.000,anomalies_detected,0
194.000,anomalies_unique,0
194.000,investigation_timeouts,0
194.000,mission_duration_s,149.576
194.000,distance_traveled_m,37.56759659891981
194.000,route_deviations,1
194.000,investigation_time_s,0.0
194.000,hazard_avoidances,1
194.000,min_hazard_distance_m,4.847167440004272
194.000,collisions,0
194.000,time_below_clearance_s,0.0
194.000,safety_zone_violations,0
194.000,min_ttc_s,18.370828703534574
194.000,avoid_success,1
194.000,avoid_timeout,0
194.000,q_convergence,0.8210462685218641
194.000,update_residual,0.08210462685218642
195.000,anomalies_detected,0
195.000,anomalies_unique,0
195.000,investigation_timeouts,0
195.000,mission_duration_s,150.576
195.000,distance_traveled_m,37.82967659886242
195.000,route_deviations,1
195.000,investigation_time_s,0.0
195.000,hazard_avoidances,1
195.000,min_hazard_distance_m,4.847167440004272
195.000,collisions,0
195.000,time_below_clearance_s,0.0
195.000,safety_zone_violations,0
195.000,min_ttc_s,18.370828703534574
195.000,avoid_success,1
195.000,avoid_timeout,0
195.000,q_convergence,0.7152820946132197
195.000,update_residual,0.07152820946132199
196.000,anomalies_detected,0
196.000,anomalies_unique,0
196.000,investigation_timeouts,0
196.000,mission_duration_s,151.576
196.000,distance_traveled_m,38.09175659871791
196.000,route_deviations,1
196.000,investigation_time_s,0.0
196.000,hazard_avoidances,1
196.000,min_hazard_distance_m,4.847167440004272
196.000,collisions,0
196.000,time_below_clearance_s,0.0
196.000,safety_zone_violations,0
196.000,min_ttc_s,18.370828703534574
196.000,avoid_success,1
196.000,avoid_timeout,0
196.000,q_convergence,0.8904950354409177
196.000,update_residual,0.08904950354409179
197.000,anomalies_detected,0
197.000,anomalies_unique,0
197.000,investigation_timeouts,0
197.000,mission_duration_s,152.576
197.000,distance_traveled_m,38.35383659865385
197.000,route_deviations,1
197.000,investigation_time_s,0.0
197.000,hazard_avoidances,1
197.000,min_hazard_distance_m,4.847167440004272
197.000,collisions,0
197.000,time_below_clearance_s,0.0
197.000,safety_zone_violations,0
197.000,min_ttc_s,18.370828703534574
197.000,avoid_success,1
197.000,avoid_timeout,0
197.000,q_convergence,0.9260057720378846
197.000,update_residual,0.09260057720378848
198.000,anomalies_detected,0
198.000,anomalies_unique,0
198.000,investigation_timeouts,0
198.000,mission_duration_s,153.576
198.000,distance_traveled_m,38.606556598599965
198.000,route_deviations,1
198.000,investigation_time_s,0.0
198.000,hazard_avoidances,1
198.000,min_hazard_distance_m,4.847167440004272
198.000,collisions,0
198.000,time_below_clearance_s,0.0
198.000,safety_zone_violations,0
198.000,min_ttc_s,18.370828703534574
198.000,avoid_success,1
198.000,avoid_timeout,0
198.000,q_convergence,0.8047480900817247
198.000,update_residual,0.08047480900817247
199.000,anomalies_detected,0
199.000,anomalies_unique,0
199.000,investigation_timeouts,0
199.000,mission_duration_s,154.576
199.000,distance_traveled_m,38.868636598554
199.000,route_deviations,1
199.000,investigation_time_s,0.0
199.000,hazard_avoidances,1
199.000,min_hazard_distance_m,4.847167440004272
199.000,collisions,0
199.000,time_below_clearance_s,0.0
199.000,safety_zone_violations,0
199.000,min_ttc_s,18.370828703534574
199.000,avoid_success,1
199.000,avoid_timeout,0
199.000,q_convergence,0.7010833878411515
199.000,update_residual,0.07010833878411515
200.000,anomalies_detected,0
200.000,anomalies_unique,0
200.000,investigation_timeouts,0
200.000,mission_duration_s,155.576
200.000,distance_traveled_m,39.130716598479346
200.000,route_deviations,1
200.000,investigation_time_s,0.0
200.000,hazard_avoidances,1
200.000,min_hazard_distance_m,4.847167440004272
200.000,collisions,0
200.000,time_below_clearance_s,0.0
200.000,safety_zone_violations,0
200.000,min_ttc_s,18.370828703534574
200.000,avoid_success,1
200.000,avoid_timeout,0
200.000,q_convergence,0.9363958298710744
200.000,update_residual,0.09363958298710744
201.000,anomalies_detected,0
201.000,anomalies_unique,0
201.000,investigation_timeouts,0
201.000,mission_duration_s,156.576
201.000,distance_traveled_m,39.39279659841638
201.000,route_deviations,1
201.000,investigation_time_s,0.0
201.000,hazard_avoidances,1
201.000,min_hazard_distance_m,4.847167440004272
201.000,collisions,0
201.000,time_below_clearance_s,0.0
201.000,safety_zone_violations,0
201.000,min_ttc_s,18.370828703534574
201.000,avoid_success,1
201.000,avoid_timeout,0
201.000,q_convergence,0.9076240950388005
201.000,update_residual,0.09076240950388002
202.000,anomalies_detected,0
202.000,anomalies_unique,0
202.000,investigation_timeouts,0
202.000,mission_duration_s,157.576
202.000,distance_traveled_m,39.6548765983557
202.000,route_deviations,1
202.000,investigation_time_s,0.0
202.000,hazard_avoidances,1
202.000,min_hazard_distance_m,4.847167440004272
202.000,collisions,0
202.000,time_below_clearance_s,0.0
202.000,safety_zone_violations,0
202.000,min_ttc_s,18.370828703534574
202.000,avoid_success,1
202.000,avoid_timeout,0
202.000,q_convergence,0.9465102137276207
202.000,update_residual,0.18662670000397039
203.000,anomalies_detected,0
203.000,anomalies_unique,0
203.000,investigation_timeouts,0
203.000,mission_duration_s,158.576
203.000,distance_traveled_m,39.90759659830969
203.000,route_deviations,1
203.000,investigation_time_s,0.0
203.000,hazard_avoidances,1
203.000,min_hazard_distance_m,4.847167440004272
203.000,collisions,0
203.000,time_below_clearance_s,0.0
203.000,safety_zone_violations,0
203.000,min_ttc_s,18.370828703534574
203.000,avoid_success,1
203.000,avoid_timeout,0
203.000,q_convergence,0.6072802868450947
203.000,update_residual,0.28210435783152116
204.000,anomalies_detected,1
204.000,anomalies_unique,0
204.000,investigation_timeouts,0
204.000,mission_duration_s,159.576
204.000,distance_traveled_m,40.16967659826265
204.000,route_deviations,2
204.000,investigation_time_s,0.8000000000000114
204.000,hazard_avoidances,1
204.000,min_hazard_distance_m,4.847167440004272
204.000,collisions,0
204.000,time_below_clearance_s,0.0
204.000,safety_zone_violations,0
204.000,min_ttc_s,18.370828703534574
204.000,avoid_success,1
204.000,avoid_timeout,0
204.000,q_convergence,1.0818768637862333
204.000,update_residual,0.32098274458446213
205.000,anomalies_detected,1
205.000,anomalies_unique,0
205.000,investigation_timeouts,0
205.000,mission_duration_s,160.576
205.000,distance_traveled_m,40.35961873371202
205.000,route_deviations,2
205.000,investigation_time_s,1.8000000000000114
205.000,hazard_avoidances,1
205.000,min_hazard_distance_m,4.847167440004272
205.000,collisions,0
205.000,time_below_clearance_s,0.0
205.000,safety_zone_violations,0
205.000,min_ttc_s,18.370828703534574
205.000,avoid_success,1
205.000,avoid_timeout,0
205.000,q_convergence,0.6306191551040863
205.000,update_residual,0.29944952134310476
206.000,anomalies_detected,1
206.000,anomalies_unique,0
206.000,investigation_timeouts,0
206.000,mission_duration_s,161.576
206.000,distance_traveled_m,40.62169697975331
206.000,route_deviations,2
206.000,investigation_time_s,2.8000000000000114
206.000,hazard_avoidances,1
206.000,min_hazard_distance_m,4.847167440004272
206.000,collisions,0
206.000,time_below_clearance_s,0.0
206.000,safety_zone_violations,0
206.000,min_ttc_s,18.370828703534574
206.000,avoid_success,1
206.000,avoid_timeout,0
206.000,q_convergence,0.2614277192929272
206.000,update_residual,0.22707223688708447
207.000,anomalies_detected,1
207.000,anomalies_unique,0
207.000,investigation_timeouts,0
207.000,mission_duration_s,162.576
207.000,distance_traveled_m,40.87441696883216
207.000,route_deviations,2
207.000,investigation_time_s,3.8000000000000114
207.000,hazard_avoidances,1
207.000,min_hazard_distance_m,4.847167440004272
207.000,collisions,0
207.000,time_below_clearance_s,0.0
207.000,safety_zone_violations,0
207.000,min_ttc_s,18.370828703534574
207.000,avoid_success,1
207.000,avoid_timeout,0
207.000,q_convergence,0.06065638445421952
207.000,update_residual,0.16914733101875884
208.000,anomalies_detected,1
208.000,anomalies_unique,0
208.000,investigation_timeouts,0
208.000,mission_duration_s,163.576
208.000,distance_traveled_m,41.13649694759354
208.000,route_deviations,2
208.000,investigation_time_s,4.800000000000011
208.000,hazard_avoidances,1
208.000,min_hazard_distance_m,4.847167440004272
208.000,collisions,0
208.000,time_below_clearance_s,0.0
208.000,safety_zone_violations,0
208.000,min_ttc_s,18.370828703534574
208.000,avoid_success,1
208.000,avoid_timeout,0
208.000,q_convergence,1.2995946217732959
208.000,update_residual,0.2389460995068551
209.000,anomalies_detected,1
209.000,anomalies_unique,0
209.000,investigation_timeouts,0
209.000,mission_duration_s,164.576
209.000,distance_traveled_m,41.39857693915109
209.000,route_deviations,2
209.000,investigation_time_s,5.800000000000011
209.000,hazard_avoidances,1
209.000,min_hazard_distance_m,4.847167440004272
209.000,collisions,0
209.000,time_below_clearance_s,0.0
209.000,safety_zone_violations,0
209.000,min_ttc_s,18.370828703534574
209.000,avoid_success,1
209.000,avoid_timeout,0
209.000,q_convergence,0.9989637184176068
209.000,update_residual,0.2346985146714791
210.000,anomalies_detected,1
210.000,anomalies_unique,0
210.000,investigation_timeouts,0
210.000,mission_duration_s,165.576
210.000,distance_traveled_m,41.66065693467979
210.000,route_deviations,2
210.000,investigation_time_s,6.800000000000011
210.000,hazard_avoidances,1
210.000,min_hazard_distance_m,4.847167440004272
210.000,collisions,0
210.000,time_below_clearance_s,0.0
210.000,safety_zone_violations,0
210.000,min_ttc_s,18.370828703534574
210.000,avoid_success,1
210.000,avoid_timeout,0
210.000,q_convergence,0.8881584905335852
210.000,update_residual,0.2033976704586192
211.000,anomalies_detected,1
211.000,anomalies_unique,0
211.000,investigation_timeouts,0
211.000,mission_duration_s,166.576
211.000,distance_traveled_m,41.92273693196049
211.000,route_deviations,2
211.000,investigation_time_s,7.800000000000011
211.000,hazard_avoidances,1
211.000,min_hazard_distance_m,4.847167440004272
211.000,collisions,0
211.000,time_below_clearance_s,0.0
211.000,safety_zone_violations,0
211.000,min_ttc_s,18.370828703534574
211.000,avoid_success,1
211.000,avoid_timeout,0
211.000,q_convergence,0.59105395149939
211.000,update_residual,0.18250120281714283
212.000,anomalies_detected,1
212.000,anomalies_unique,0
212.000,investigation_timeouts,0
212.000,mission_duration_s,167.576
212.000,distance_traveled_m,42.17282031924569
212.000,route_deviations,2
212.000,investigation_time_s,8.800000000000011
212.000,hazard_avoidances,1
212.000,min_hazard_distance_m,4.847167440004272
212.000,collisions,0
212.000,time_below_clearance_s,0.0
212.000,safety_zone_violations,0
212.000,min_ttc_s,18.370828703534574
212.000,avoid_success,1
212.000,avoid_timeout,0
212.000,q_convergence,0.36404304007127514
212.000,update_residual,0.14129074052425075
213.000,anomalies_detected,1
213.000,anomalies_unique,0
213.000,investigation_timeouts,0
213.000,mission_duration_s,168.576
213.000,distance_traveled_m,42.224369864268134
213.000,route_deviations,2
213.000,investigation_time_s,9.800000000000011
213.000,hazard_avoidances,1
213.000,min_hazard_distance_m,4.847167440004272
213.000,collisions,0
213.000,time_below_clearance_s,0.0
213.000,safety_zone_violations,0
213.000,min_ttc_s,18.370828703534574
213.000,avoid_success,1
213.000,avoid_timeout,0
213.000,q_convergence,0.8894851372336176
213.000,update_residual,0.18606558457255
214.000,anomalies_detected,1
214.000,anomalies_unique,0
214.000,investigation_timeouts,0
214.000,mission_duration_s,169.576
214.000,distance_traveled_m,42.224369864268134
214.000,route_deviations,2
214.000,investigation_time_s,10.800000000000011
214.000,hazard_avoidances,1
214.000,min_hazard_distance_m,4.847167440004272
214.000,collisions,0
214.000,time_below_clearance_s,0.0
214.000,safety_zone_violations,0
214.000,min_ttc_s,18.370828703534574
214.000,avoid_success,1
214.000,avoid_timeout,0
214.000,q_convergence,0.8490831667002912
214.000,update_residual,0.1740617877095839
215.000,anomalies_detected,1
215.000,anomalies_unique,0
215.000,investigation_timeouts,0
215.000,mission_duration_s,170.576
215.000,distance_traveled_m,42.224369864268134
215.000,route_deviations,2
215.000,investigation_time_s,11.800000000000011
215.000,hazard_avoidances,1
215.000,min_hazard_distance_m,4.847167440004272
215.000,collisions,0
215.000,time_below_clearance_s,0.0
215.000,safety_zone_violations,0
215.000,min_ttc_s,18.370828703534574
215.000,avoid_success,1
215.000,avoid_timeout,0
215.000,q_convergence,0.6298020338245678
215.000,update_residual,0.13876065376607832
216.000,anomalies_detected,1
216.000,anomalies_unique,1
216.000,investigation_timeouts,0
216.000,mission_duration_s,171.576
216.000,distance_traveled_m,42.224369864268134
216.000,route_deviations,2
216.000,investigation_time_s,12.0
216.000,hazard_avoidances,1
216.000,min_hazard_distance_m,4.847167440004272
216.000,collisions,0
216.000,time_below_clearance_s,0.0
216.000,safety_zone_violations,0
216.000,min_ttc_s,18.370828703534574
216.000,avoid_success,1
216.000,avoid_timeout,0
216.000,q_convergence,0.44809911435607513
216.000,update_residual,0.12059036181922908
217.000,anomalies_detected,1
217.000,anomalies_unique,1
217.000,investigation_timeouts,0
217.000,mission_duration_s,172.576
217.000,distance_traveled_m,42.35861004051234
217.000,route_deviations,2
217.000,investigation_time_s,12.0
217.000,hazard_avoidances,1
217.000,min_hazard_distance_m,4.847167440004272
217.000,collisions,0
217.000,time_below_clearance_s,0.0
217.000,safety_zone_violations,0
217.000,min_ttc_s,18.370828703534574
217.000,avoid_success,1
217.000,avoid_timeout,0
217.000,q_convergence,0.29984878887411276
217.000,update_residual,0.09439826171348961
218.000,anomalies_detected,1
218.000,anomalies_unique,1
218.000,investigation_timeouts,0
218.000,mission_duration_s,173.576
218.000,distance_traveled_m,42.45954793894973
218.000,route_deviations,2
218.000,investigation_time_s,12.0
218.000,hazard_avoidances,1
218.000,min_hazard_distance_m,4.847167440004272
218.000,collisions,0
218.000,time_below_clearance_s,0.0
218.000,safety_zone_violations,0
218.000,min_ttc_s,18.370828703534574
218.000,avoid_success,1
218.000,avoid_timeout,0
218.000,q_convergence,0.20699077844201655
218.000,update_residual,0.07193688771369945
219.000,anomalies_detected,1
219.000,anomalies_unique,1
219.000,investigation_timeouts,0
219.000,mission_duration_s,174.576
219.000,distance_traveled_m,42.71986275779761
219.000,route_deviations,2
219.000,investigation_time_s,12.0
219.000,hazard_avoidances,1
219.000,min_hazard_distance_m,4.847167440004272
219.000,collisions,0
219.000,time_below_clearance_s,0.0
219.000,safety_zone_violations,0
219.000,min_ttc_s,18.370828703534574
219.000,avoid_success,1
219.000,avoid_timeout,0
219.000,q_convergence,0.12825617287386468
219.000,update_residual,0.05936428637922803
220.000,anomalies_detected,1
220.000,anomalies_unique,1
220.000,investigation_timeouts,0
220.000,mission_duration_s,175.576
220.000,distance_traveled_m,42.98194267593135
220.000,route_deviations,2
220.000,investigation_time_s,12.0
220.000,hazard_avoidances,1
220.000,min_hazard_distance_m,4.847167440004272
220.000,collisions,0
220.000,time_below_clearance_s,0.0
220.000,safety_zone_violations,0
220.000,min_ttc_s,18.370828703534574
220.000,avoid_success,1
220.000,avoid_timeout,0
220.000,q_convergence,0.05503450061544868
220.000,update_residual,0.045061318789610214
221.000,anomalies_detected,1
221.000,anomalies_unique,1
221.000,investigation_timeouts,0
221.000,mission_duration_s,176.576
221.000,distance_traveled_m,43.2346624614586
221.000,route_deviations,2
221.000,investigation_time_s,12.0
221.000,hazard_avoidances,1
221.000,min_hazard_distance_m,4.847167440004272
221.000,collisions,0
221.000,time_below_clearance_s,0.0
221.000,safety_zone_violations,0
221.000,min_ttc_s,18.370828703534574
221.000,avoid_success,1
221.000,avoid_timeout,0
221.000,q_convergence,1.4332019997443552
221.000,update_residual,0.17454266064908713
222.000,anomalies_detected,1
222.000,anomalies_unique,1
222.000,investigation_timeouts,0
222.000,mission_duration_s,177.576
222.000,distance_traveled_m,43.49674228358856
222.000,route_deviations,2
222.000,investigation_time_s,12.0
222.000,hazard_avoidances,1
222.000,min_hazard_distance_m,4.847167440004272
222.000,collisions,0
222.000,time_below_clearance_s,0.0
222.000,safety_zone_violations,0
222.000,min_ttc_s,18.370828703534574
222.000,avoid_success,1
222.000,avoid_timeout,0
222.000,q_convergence,0.780227789650082
222.000,update_residual,0.11164696738386375
223.000,anomalies_detected,1
223.000,anomalies_unique,1
223.000,investigation_timeouts,0
223.000,mission_duration_s,178.576
223.000,distance_traveled_m,43.75882221230989
223.000,route_deviations,2
223.000,investigation_time_s,12.0
223.000,hazard_avoidances,1
223.000,min_hazard_distance_m,4.847167440004272
223.000,collisions,0
223.000,time_below_clearance_s,0.0
223.000,safety_zone_violations,0
223.000,min_ttc_s,18.370828703534574
223.000,avoid_success,1
223.000,avoid_timeout,0
223.000,q_convergence,0.6397816592838795
223.000,update_residual,0.09255872608441515
224.000,anomalies_detected,1
224.000,anomalies_unique,1
224.000,investigation_timeouts,0
224.000,mission_duration_s,179.576
224.000,distance_traveled_m,44.020902196065656
224.000,route_deviations,2
224.000,investigation_time_s,12.0
224.000,hazard_avoidances,1
224.000,min_hazard_distance_m,4.847167440004272
224.000,collisions,0
224.000,time_below_clearance_s,0.0
224.000,safety_zone_violations,0
224.000,min_ttc_s,18.370828703534574
224.000,avoid_success,1
224.000,avoid_timeout,0
224.000,q_convergence,0.5213509910124436
224.000,update_residual,0.0764285752338675
225.000,anomalies_detected,1
225.000,anomalies_unique,1
225.000,investigation_timeouts,0
225.000,mission_duration_s,180.576
225.000,distance_traveled_m,44.2735330942516
225.000,route_deviations,2
225.000,investigation_time_s,12.0
225.000,hazard_avoidances,1
225.000,min_hazard_distance_m,4.847167440004272
225.000,collisions,0
225.000,time_below_clearance_s,0.0
225.000,safety_zone_violations,0
225.000,min_ttc_s,18.370828703534574
225.000,avoid_success,1
225.000,avoid_timeout,0
225.000,q_convergence,1.0488093750082663
225.000,update_residual,0.12743916533826244
226.000,anomalies_detected,1
226.000,anomalies_unique,1
226.000,investigation_timeouts,0
226.000,mission_duration_s,181.576
226.000,distance_traveled_m,44.51431772763187
226.000,route_deviations,2
226.000,investigation_time_s,12.0
226.000,hazard_avoidances,1
226.000,min_hazard_distance_m,4.847167440004272
226.000,collisions,0
226.000,time_below_clearance_s,0.0
226.000,safety_zone_violations,0
226.000,min_ttc_s,18.370828703534574
226.000,avoid_success,1
226.000,avoid_timeout,0
226.000,q_convergence,0.9509957716671258
226.000,update_residual,0.11421944264146229
227.000,anomalies_detected,1
227.000,anomalies_unique,1
227.000,investigation_timeouts,0
227.000,mission_duration_s,182.576
227.000,distance_traveled_m,44.59236816266879
227.000,route_deviations,2
227.000,investigation_time_s,12.0
227.000,hazard_avoidances,1
227.000,min_hazard_distance_m,4.847167440004272
227.000,collisions,0
227.000,time_below_clearance_s,0.0
227.000,safety_zone_violations,0
227.000,min_ttc_s,18.370828703534574
227.000,avoid_success,1
227.000,avoid_timeout,0
227.000,q_convergence,0.8194678175141975
227.000,update_residual,0.1025962364641494
228.000,anomalies_detected,1
228.000,anomalies_unique,1
228.000,investigation_timeouts,0
228.000,mission_duration_s,183.576
228.000,distance_traveled_m,44.65873023202393
228.000,route_deviations,2
228.000,investigation_time_s,12.0
228.000,hazard_avoidances,1
228.000,min_hazard_distance_m,4.847167440004272
228.000,collisions,0
228.000,time_below_clearance_s,0.0
228.000,safety_zone_violations,0
228.000,min_ttc_s,18.370828703534574
228.000,avoid_success,1
228.000,avoid_timeout,0
228.000,q_convergence,0.6871240415545892
228.000,update_residual,0.08626444066127914
229.000,anomalies_detected,1
229.000,anomalies_unique,1
229.000,investigation_timeouts,0
229.000,mission_duration_s,184.576
229.000,distance_traveled_m,44.669166635218176
229.000,route_deviations,2
229.000,investigation_time_s,12.0
229.000,hazard_avoidances,1
229.000,min_hazard_distance_m,4.847167440004272
229.000,collisions,0
229.000,time_below_clearance_s,0.0
229.000,safety_zone_violations,0
229.000,min_ttc_s,18.370828703534574
229.000,avoid_success,1
229.000,avoid_timeout,0
229.000,q_convergence,0.5741633405990073
229.000,update_residual,0.07496837056572093
230.000,anomalies_detected,1
230.000,anomalies_unique,1
230.000,investigation_timeouts,0
230.000,mission_duration_s,185.576
230.000,distance_traveled_m,44.7059440422945
230.000,route_deviations,2
230.000,investigation_time_s,12.0
230.000,hazard_avoidances,1
230.000,min_hazard_distance_m,4.847167440004272
230.000,collisions,0
230.000,time_below_clearance_s,0.0
230.000,safety_zone_violations,0
230.000,min_ttc_s,18.370828703534574
230.000,avoid_success,1
230.000,avoid_timeout,0
230.000,q_convergence,0.47769698907213926
230.000,update_residual,0.06268892993716109
231.000,anomalies_detected,1
231.000,anomalies_unique,1
231.000,investigation_timeouts,0
231.000,mission_duration_s,186.576
231.000,distance_traveled_m,44.891443371191386
231.000,route_deviations,2
231.000,investigation_time_s,12.0
231.000,hazard_avoidances,1
231.000,min_hazard_distance_m,4.847167440004272
231.000,collisions,0
231.000,time_below_clearance_s,0.0
231.000,safety_zone_violations,0
231.000,min_ttc_s,18.370828703534574
231.000,avoid_success,1
231.000,avoid_timeout,0
231.000,q_convergence,0.39694340499024333
231.000,update_residual,0.05461357152897151
232.000,anomalies_detected,1
232.000,anomalies_unique,1
232.000,investigation_timeouts,0
232.000,mission_duration_s,187.576
232.000,distance_traveled_m,45.15352298389256
232.000,route_deviations,2
232.000,investigation_time_s,12.0
232.000,hazard_avoidances,1
232.000,min_hazard_distance_m,4.847167440004272
232.000,collisions,0
232.000,time_below_clearance_s,0.0
232.000,safety_zone_violations,0
232.000,min_ttc_s,18.370828703534574
232.000,avoid_success,1
232.000,avoid_timeout,0
232.000,q_convergence,0.3280940899502891
232.000,update_residual,0.04549075537048401
233.000,anomalies_detected,1
233.000,anomalies_unique,1
233.000,investigation_timeouts,0
233.000,mission_duration_s,188.576
233.000,distance_traveled_m,45.41560296955386
233.000,route_deviations,2
233.000,investigation_time_s,12.0
233.000,hazard_avoidances,1
233.000,min_hazard_distance_m,4.847167440004272
233.000,collisions,0
233.000,time_below_clearance_s,0.0
233.000,safety_zone_violations,0
233.000,min_ttc_s,18.370828703534574
233.000,avoid_success,1
233.000,avoid_timeout,0
233.000,q_convergence,0.2685253084888063
233.000,update_residual,0.039533877224335726
234.000,anomalies_detected,1
234.000,anomalies_unique,1
234.000,investigation_timeouts,0
234.000,mission_duration_s,189.576
234.000,distance_traveled_m,45.66832294216909
234.000,route_deviations,2
234.000,investigation_time_s,12.0
234.000,hazard_avoidances,1
234.000,min_hazard_distance_m,4.847167440004272
234.000,collisions,0
234.000,time_below_clearance_s,0.0
234.000,safety_zone_violations,0
234.000,min_ttc_s,18.370828703534574
234.000,avoid_success,1
234.000,avoid_timeout,0
234.000,q_convergence,0.77679481700126
234.000,update_residual,0.08768868723218162
235.000,anomalies_detected,1
235.000,anomalies_unique,1
235.000,investigation_timeouts,0
235.000,mission_duration_s,190.576
235.000,distance_traveled_m,45.93040290542661
235.000,route_deviations,2
235.000,investigation_time_s,12.0
235.000,hazard_avoidances,1
235.000,min_hazard_distance_m,4.847167440004272
235.000,collisions,0
235.000,time_below_clearance_s,0.0
235.000,safety_zone_violations,0
235.000,min_ttc_s,18.370828703534574
235.000,avoid_success,1
235.000,avoid_timeout,0
235.000,q_convergence,0.9296013931155757
235.000,update_residual,0.10373928373069441
236.000,anomalies_detected,1
236.000,anomalies_unique,1
236.000,investigation_timeouts,0
236.000,mission_duration_s,191.576
236.000,distance_traveled_m,46.1924826256822
236.000,route_deviations,2
236.000,investigation_time_s,12.0
236.000,hazard_avoidances,1
236.000,min_hazard_distance_m,4.847167440004272
236.000,collisions,0
236.000,time_below_clearance_s,0.0
236.000,safety_zone_violations,0
236.000,min_ttc_s,18.370828703534574
236.000,avoid_success,1
236.000,avoid_timeout,0
236.000,q_convergence,0.8305725182088308
236.000,update_residual,0.09221952457714941
237.000,anomalies_detected,1
237.000,anomalies_unique,1
237.000,investigation_timeouts,0
237.000,mission_duration_s,192.576
237.000,distance_traveled_m,46.45456189213586
237.000,route_deviations,2
237.000,investigation_time_s,12.0
237.000,hazard_avoidances,1
237.000,min_hazard_distance_m,4.847167440004272
237.000,collisions,0
237.000,time_below_clearance_s,0.0
237.000,safety_zone_violations,0
237.000,min_ttc_s,18.370828703534574
237.000,avoid_success,1
237.000,avoid_timeout,0
237.000,q_convergence,0.7107025205502967
237.000,update_residual,0.07885818389785602
238.000,anomalies_detected,1
238.000,anomalies_unique,1
238.000,investigation_timeouts,0
238.000,mission_duration_s,193.576
238.000,distance_traveled_m,46.716641071575886
238.000,route_deviations,2
238.000,investigation_time_s,12.0
238.000,hazard_avoidances,1
238.000,min_hazard_distance_m,4.847167440004272
238.000,collisions,0
238.000,time_below_clearance_s,0.0
238.000,safety_zone_violations,0
238.000,min_ttc_s,18.370828703534574
238.000,avoid_success,1
238.000,avoid_timeout,0
238.000,q_convergence,0.6074400909686439
238.000,update_residual,0.06853194093969076
239.000,anomalies_detected,1
239.000,anomalies_unique,1
239.000,investigation_timeouts,0
239.000,mission_duration_s,194.576
239.000,distance_traveled_m,46.96936059554913
239.000,route_deviations,2
239.000,investigation_time_s,12.0
239.000,hazard_avoidances,1
239.000,min_hazard_distance_m,4.847167440004272
239.000,collisions,0
239.000,time_below_clearance_s,0.0
239.000,safety_zone_violations,0
239.000,min_ttc_s,18.370828703534574
239.000,avoid_success,1
239.000,avoid_timeout,0
239.000,q_convergence,0.5184549684164261
239.000,update_residual,0.05846523890804502
240.000,anomalies_detected,1
240.000,anomalies_unique,1
240.000,investigation_timeouts,0
240.000,mission_duration_s,195.576
240.000,distance_traveled_m,47.23144039448277
240.000,route_deviations,2
240.000,investigation_time_s,12.0
240.000,hazard_avoidances,1
240.000,min_hazard_distance_m,4.847167440004272
240.000,collisions,0
240.000,time_below_clearance_s,0.0
240.000,safety_zone_violations,0
240.000,min_ttc_s,18.370828703534574
240.000,avoid_success,1
240.000,avoid_timeout,0
240.000,q_convergence,1.2425175148313485
240.000,update_residual,0.12904493509047432
241.000,anomalies_detected,1
241.000,anomalies_unique,1
241.000,investigation_timeouts,0
241.000,mission_duration_s,196.576
241.000,distance_traveled_m,47.49352033461218
241.000,route_deviations,2
241.000,investigation_time_s,12.0
241.000,hazard_avoidances,1
241.000,min_hazard_distance_m,4.847167440004272
241.000,collisions,0
241.000,time_below_clearance_s,0.0
241.000,safety_zone_violations,0
241.000,min_ttc_s,18.370828703534574
241.000,avoid_success,1
241.000,avoid_timeout,0
241.000,q_convergence,0.9223880564272012
241.000,update_residual,0.09702156928569584
242.000,anomalies_detected,1
242.000,anomalies_unique,1
242.000,investigation_timeouts,0
242.000,mission_duration_s,197.576
242.000,distance_traveled_m,47.7556003254393
242.000,route_deviations,2
242.000,investigation_time_s,12.0
242.000,hazard_avoidances,1
242.000,min_hazard_distance_m,4.847167440004272
242.000,collisions,0
242.000,time_below_clearance_s,0.0
242.000,safety_zone_violations,0
242.000,min_ttc_s,18.370828703534574
242.000,avoid_success,1
242.000,avoid_timeout,0
242.000,q_convergence,0.7953412177726025
242.000,update_residual,0.08431688542023598
243.000,anomalies_detected,1
243.000,anomalies_unique,1
243.000,investigation_timeouts,0
243.000,mission_duration_s,198.576
243.000,distance_traveled_m,48.00832032189258
243.000,route_deviations,2
243.000,investigation_time_s,12.0
243.000,hazard_avoidances,1
243.000,min_hazard_distance_m,4.847167440004272
243.000,collisions,0
243.000,time_below_clearance_s,0.0
243.000,safety_zone_violations,0
243.000,min_ttc_s,18.370828703534574
243.000,avoid_success,1
243.000,avoid_timeout,0
243.000,q_convergence,0.6853946928290596
243.000,update_residual,0.07260481837943533
244.000,anomalies_detected,1
244.000,anomalies_unique,1
244.000,investigation_timeouts,0
244.000,mission_duration_s,199.576
244.000,distance_traveled_m,48.27040031862547
244.000,route_deviations,2
244.000,investigation_time_s,12.0
244.000,hazard_avoidances,1
244.000,min_hazard_distance_m,4.847167440004272
244.000,collisions,0
244.000,time_below_clearance_s,0.0
244.000,safety_zone_violations,0
244.000,min_ttc_s,18.370828703534574
244.000,avoid_success,1
244.000,avoid_timeout,0
244.000,q_convergence,0.9476820538685886
244.000,update_residual,0.09853241751327496
245.000,anomalies_detected,1
245.000,anomalies_unique,1
245.000,investigation_timeouts,0
245.000,mission_duration_s,200.576
245.000,distance_traveled_m,48.53248031749175
245.000,route_deviations,2
245.000,investigation_time_s,12.0
245.000,hazard_avoidances,1
245.000,min_hazard_distance_m,4.847167440004272
245.000,collisions,0
245.000,time_below_clearance_s,0.0
245.000,safety_zone_violations,0
245.000,min_ttc_s,18.370828703534574
245.000,avoid_success,1
245.000,avoid_timeout,0
245.000,q_convergence,0.9042630161702719
245.000,update_residual,0.09388184834907717
246.000,anomalies_detected,1
246.000,anomalies_unique,1
246.000,investigation_timeouts,0
246.000,mission_duration_s,201.576
246.000,distance_traveled_m,48.79456031660965
246.000,route_deviations,2
246.000,investigation_time_s,12.0
246.000,hazard_avoidances,1
246.000,min_hazard_distance_m,4.847167440004272
246.000,collisions,0
246.000,time_below_clearance_s,0.0
246.000,safety_zone_violations,0
246.000,min_ttc_s,18.370828703534574
246.000,avoid_success,1
246.000,avoid_timeout,0
246.000,q_convergence,0.7816627235572533
246.000,update_residual,0.08110348707796784
247.000,anomalies_detected,1
247.000,anomalies_unique,1
247.000,investigation_timeouts,0
247.000,mission_duration_s,202.576
247.000,distance_traveled_m,49.056640315409226
247.000,route_deviations,2
247.000,investigation_time_s,12.0
247.000,hazard_avoidances,1
247.000,min_hazard_distance_m,4.847167440004272
247.000,collisions,0
247.000,time_below_clearance_s,0.0
247.000,safety_zone_violations,0
247.000,min_ttc_s,18.370828703534574
247.000,avoid_success,1
247.000,avoid_timeout,0
247.000,q_convergence,0.6754601367203171
247.000,update_residual,0.0704832283942742
248.000,anomalies_detected,1
248.000,anomalies_unique,1
248.000,investigation_timeouts,0
248.000,mission_duration_s,203.576
248.000,distance_traveled_m,49.30936031451764
248.000,route_deviations,2
248.000,investigation_time_s,12.0
248.000,hazard_avoidances,1
248.000,min_hazard_distance_m,4.847167440004272
248.000,collisions,0
248.000,time_below_clearance_s,0.0
248.000,safety_zone_violations,0
248.000,min_ttc_s,18.370828703534574
248.000,avoid_success,1
248.000,avoid_timeout,0
248.000,q_convergence,0.9943420795230978
248.000,update_residual,0.10175250957236545
249.000,anomalies_detected,1
249.000,anomalies_unique,1
249.000,investigation_timeouts,0
249.000,mission_duration_s,204.576
249.000,distance_traveled_m,49.57144031363121
249.000,route_deviations,2
249.000,investigation_time_s,12.0
249.000,hazard_avoidances,1
249.000,min_hazard_distance_m,4.847167440004272
249.000,collisions,0
249.000,time_below_clearance_s,0.0
249.000,safety_zone_violations,0
249.000,min_ttc_s,18.370828703534574
249.000,avoid_success,1
249.000,avoid_timeout,0
249.000,q_convergence,0.8845164507193294
249.000,update_residual,0.09094827758583904
250.000,anomalies_detected,1
250.000,anomalies_unique,1
250.000,investigation_timeouts,0
250.000,mission_duration_s,205.576
250.000,distance_traveled_m,49.83352031249503
250.000,route_deviations,2
250.000,investigation_time_s,12.0
250.000,hazard_avoidances,1
250.000,min_hazard_distance_m,4.847167440004272
250.000,collisions,0
250.000,time_below_clearance_s,0.0
250.000,safety_zone_violations,0
250.000,min_ttc_s,18.370828703534574
250.000,avoid_success,1
250.000,avoid_timeout,0
250.000,q_convergence,0.7676935938803638
250.000,update_residual,0.07889149702485661
251.000,anomalies_detected,1
251.000,anomalies_unique,1
251.000,investigation_timeouts,0
251.000,mission_duration_s,206.576
251.000,distance_traveled_m,50.09560031158594
251.000,route_deviations,2
251.000,investigation_time_s,12.0
251.000,hazard_avoidances,1
251.000,min_hazard_distance_m,4.847167440004272
251.000,collisions,0
251.000,time_below_clearance_s,0.0
251.000,safety_zone_violations,0
251.000,min_ttc_s,18.370828703534574
251.000,avoid_success,1
251.000,avoid_timeout,0
251.000,q_convergence,0.6645933814272345
251.000,update_residual,0.0682631551340206
252.000,anomalies_detected,1
252.000,anomalies_unique,1
252.000,investigation_timeouts,0
252.000,mission_duration_s,207.576
252.000,distance_traveled_m,50.3483203105271
252.000,route_deviations,2
252.000,investigation_time_s,12.0
252.000,hazard_avoidances,1
252.000,min_hazard_distance_m,4.847167440004272
252.000,collisions,0
252.000,time_below_clearance_s,0.0
252.000,safety_zone_violations,0
252.000,min_ttc_s,18.370828703534574
252.000,avoid_success,1
252.000,avoid_timeout,0
252.000,q_convergence,1.0386059446935203
252.000,update_residual,0.10528432145176873
253.000,anomalies_detected,1
253.000,anomalies_unique,1
253.000,investigation_timeouts,0
253.000,mission_duration_s,208.576
253.000,distance_traveled_m,50.61040030959701
253.000,route_deviations,2
253.000,investigation_time_s,12.0
253.000,hazard_avoidances,1
253.000,min_hazard_distance_m,4.847167440004272
253.000,collisions,0
253.000,time_below_clearance_s,0.0
253.000,safety_zone_violations,0
253.000,min_ttc_s,18.370828703534574
253.000,avoid_success,1
253.000,avoid_timeout,0
253.000,q_convergence,0.8678613540556991
253.000,update_residual,0.08808939318178212
254.000,anomalies_detected,1
254.000,anomalies_unique,1
254.000,investigation_timeouts,0
254.000,mission_duration_s,209.576
254.000,distance_traveled_m,50.87248030871806
254.000,route_deviations,2
254.000,investigation_time_s,12.0
254.000,hazard_avoidances,1
254.000,min_hazard_distance_m,4.847167440004272
254.000,collisions,0
254.000,time_below_clearance_s,0.0
254.000,safety_zone_violations,0
254.000,min_ttc_s,18.370828703534574
254.000,avoid_success,1
254.000,avoid_timeout,0
254.000,q_convergence,0.7544761756853982
254.000,update_residual,0.076750875344752
255.000,anomalies_detected,1
255.000,anomalies_unique,1
255.000,investigation_timeouts,0
255.000,mission_duration_s,210.576
255.000,distance_traveled_m,51.13456030786639
255.000,route_deviations,2
255.000,investigation_time_s,12.0
255.000,hazard_avoidances,1
255.000,min_hazard_distance_m,4.847167440004272
255.000,collisions,0
255.000,time_below_clearance_s,0.0
255.000,safety_zone_violations,0
255.000,min_ttc_s,18.370828703534574
255.000,avoid_success,1
255.000,avoid_timeout,0
255.000,q_convergence,0.6540996148162505
255.000,update_residual,0.06651773059140541
256.000,anomalies_detected,1
256.000,anomalies_unique,1
256.000,investigation_timeouts,0
256.000,mission_duration_s,211.576
256.000,distance_traveled_m,51.39664030689538
256.000,route_deviations,2
256.000,investigation_time_s,12.0
256.000,hazard_avoidances,1
256.000,min_hazard_distance_m,4.847167440004272
256.000,collisions,0
256.000,time_below_clearance_s,0.0
256.000,safety_zone_violations,0
256.000,min_ttc_s,18.370828703534574
256.000,avoid_success,1
256.000,avoid_timeout,0
256.000,q_convergence,1.090679397646085
256.000,update_residual,0.11009658250940454
257.000,anomalies_detected,1
257.000,anomalies_unique,1
257.000,investigation_timeouts,0
257.000,mission_duration_s,212.576
257.000,distance_traveled_m,51.64936030600501
257.000,route_deviations,2
257.000,investigation_time_s,12.0
257.000,hazard_avoidances,1
257.000,min_hazard_distance_m,4.847167440004272
257.000,collisions,0
257.000,time_below_clearance_s,0.0
257.000,safety_zone_violations,0
257.000,min_ttc_s,18.370828703534574
257.000,avoid_success,1
257.000,avoid_timeout,0
257.000,q_convergence,0.8445172722683087
257.000,update_residual,0.0853933309701442
258.000,anomalies_detected,1
258.000,anomalies_unique,1
258.000,investigation_timeouts,0
258.000,mission_duration_s,213.576
258.000,distance_traveled_m,51.91144030507067
258.000,route_deviations,2
258.000,investigation_time_s,12.0
258.000,hazard_avoidances,1
258.000,min_hazard_distance_m,4.847167440004272
258.000,collisions,0
258.000,time_below_clearance_s,0.0
258.000,safety_zone_violations,0
258.000,min_ttc_s,18.370828703534574
258.000,avoid_success,1
258.000,avoid_timeout,0
258.000,q_convergence,0.7345167101364775
258.000,update_residual,0.07439327475696107
259.000,anomalies_detected,1
259.000,anomalies_unique,1
259.000,investigation_timeouts,0
259.000,mission_duration_s,214.576
259.000,distance_traveled_m,52.1735203041782
259.000,route_deviations,2
259.000,investigation_time_s,12.0
259.000,hazard_avoidances,1
259.000,min_hazard_distance_m,4.847167440004272
259.000,collisions,0
259.000,time_below_clearance_s,0.0
259.000,safety_zone_violations,0
259.000,min_ttc_s,18.370828703534574
259.000,avoid_success,1
259.000,avoid_timeout,0
259.000,q_convergence,0.6388519651615479
259.000,update_residual,0.06468555969797112
260.000,anomalies_detected,1
260.000,anomalies_unique,1
260.000,investigation_timeouts,0
260.000,mission_duration_s,215.576
260.000,distance_traveled_m,52.43560030332607
260.000,route_deviations,2
260.000,investigation_time_s,12.0
260.000,hazard_avoidances,1
260.000,min_hazard_distance_m,4.847167440004272
260.000,collisions,0
260.000,time_below_clearance_s,0.0
260.000,safety_zone_violations,0
260.000,min_ttc_s,18.370828703534574
260.000,avoid_success,1
260.000,avoid_timeout,0
260.000,q_convergence,1.1338963615162467
260.000,update_residual,0.11402135137727257
261.000,anomalies_detected,1
261.000,anomalies_unique,1
261.000,investigation_timeouts,0
261.000,mission_duration_s,216.576
261.000,distance_traveled_m,52.68832030246922
261.000,route_deviations,2
261.000,investigation_time_s,12.0
261.000,hazard_avoidances,1
261.000,min_hazard_distance_m,4.847167440004272
261.000,collisions,0
261.000,time_below_clearance_s,0.0
261.000,safety_zone_violations,0
261.000,min_ttc_s,18.370828703534574
261.000,avoid_success,1
261.000,avoid_timeout,0
261.000,q_convergence,0.8281575631956676
261.000,update_residual,0.08349606502411062
262.000,anomalies_detected,1
262.000,anomalies_unique,1
262.000,investigation_timeouts,0
262.000,mission_duration_s,217.576
262.000,distance_traveled_m,52.95040030140011
262.000,route_deviations,2
262.000,investigation_time_s,12.0
262.000,hazard_avoidances,1
262.000,min_hazard_distance_m,4.847167440004272
262.000,collisions,0
262.000,time_below_clearance_s,0.0
262.000,safety_zone_violations,0
262.000,min_ttc_s,18.370828703534574
262.000,avoid_success,1
262.000,avoid_timeout,0
262.000,q_convergence,0.7206646369685134
262.000,update_residual,0.07264472609571364
263.000,anomalies_detected,1
263.000,anomalies_unique,1
263.000,investigation_timeouts,0
263.000,mission_duration_s,218.576
263.000,distance_traveled_m,53.2124803004764
263.000,route_deviations,2
263.000,investigation_time_s,12.0
263.000,hazard_avoidances,1
263.000,min_hazard_distance_m,4.847167440004272
263.000,collisions,0
263.000,time_below_clearance_s,0.0
263.000,safety_zone_violations,0
263.000,min_ttc_s,18.370828703534574
263.000,avoid_success,1
263.000,avoid_timeout,0
263.000,q_convergence,0.8667849817849126
263.000,update_residual,0.08721545612029193
264.000,anomalies_detected,1
264.000,anomalies_unique,1
264.000,investigation_timeouts,0
264.000,mission_duration_s,219.576
264.000,distance_traveled_m,53.47456029960738
264.000,route_deviations,2
264.000,investigation_time_s,12.0
264.000,hazard_avoidances,1
264.000,min_hazard_distance_m,4.847167440004272
264.000,collisions,0
264.000,time_below_clearance_s,0.0
264.000,safety_zone_violations,0
264.000,min_ttc_s,18.370828703534574
264.000,avoid_success,1
264.000,avoid_timeout,0
264.000,q_convergence,0.9353357461052848
264.000,update_residual,0.09353357461052848
265.000,anomalies_detected,1
265.000,anomalies_unique,1
265.000,investigation_timeouts,0
265.000,mission_duration_s,220.576
265.000,distance_traveled_m,53.73664029874363
265.000,route_deviations,2
265.000,investigation_time_s,12.0
265.000,hazard_avoidances,1
265.000,min_hazard_distance_m,4.847167440004272
265.000,collisions,0
265.000,time_below_clearance_s,0.0
265.000,safety_zone_violations,0
265.000,min_ttc_s,18.370828703534574
265.000,avoid_success,1
265.000,avoid_timeout,0
265.000,q_convergence,0.8128563319933584
265.000,update_residual,0.08128563319933586
266.000,anomalies_detected,1
266.000,anomalies_unique,1
266.000,investigation_timeouts,0
266.000,mission_duration_s,221.576
266.000,distance_traveled_m,53.9893602978432
266.000,route_deviations,2
266.000,investigation_time_s,12.0
266.000,hazard_avoidances,1
266.000,min_hazard_distance_m,4.847167440004272
266.000,collisions,0
266.000,time_below_clearance_s,0.0
266.000,safety_zone_violations,0
266.000,min_ttc_s,18.370828703534574
266.000,avoid_success,1
266.000,avoid_timeout,0
266.000,q_convergence,0.7064152302667603
266.000,update_residual,0.07064152302667605
267.000,anomalies_detected,1
267.000,anomalies_unique,1
267.000,investigation_timeouts,0
267.000,mission_duration_s,222.576
267.000,distance_traveled_m,54.25144029675367
267.000,route_deviations,2
267.000,investigation_time_s,12.0
267.000,hazard_avoidances,1
267.000,min_hazard_distance_m,4.847167440004272
267.000,collisions,0
267.000,time_below_clearance_s,0.0
267.000,safety_zone_violations,0
267.000,min_ttc_s,18.370828703534574
267.000,avoid_success,1
267.000,avoid_timeout,0
267.000,q_convergence,0.9229644429434094
267.000,update_residual,0.09229644429434093
268.000,anomalies_detected,1
268.000,anomalies_unique,1
268.000,investigation_timeouts,0
268.000,mission_duration_s,223.576
268.000,distance_traveled_m,54.513520295658445
268.000,route_deviations,2
268.000,investigation_time_s,12.0
268.000,hazard_avoidances,1
268.000,min_hazard_distance_m,4.847167440004272
268.000,collisions,0
268.000,time_below_clearance_s,0.0
268.000,safety_zone_violations,0
268.000,min_ttc_s,18.370828703534574
268.000,avoid_success,1
268.000,avoid_timeout,0
268.000,q_convergence,0.9167688644618069
268.000,update_residual,0.09167688644618069
269.000,anomalies_detected,1
269.000,anomalies_unique,1
269.000,investigation_timeouts,0
269.000,mission_duration_s,224.576
269.000,distance_traveled_m,54.775600294542365
269.000,route_deviations,2
269.000,investigation_time_s,12.0
269.000,hazard_avoidances,1
269.000,min_hazard_distance_m,4.847167440004272
269.000,collisions,0
269.000,time_below_clearance_s,0.0
269.000,safety_zone_violations,0
269.000,min_ttc_s,18.370828703534574
269.000,avoid_success,1
269.000,avoid_timeout,0
269.000,q_convergence,0.7967207278831593
269.000,update_residual,0.07967207278831592
270.000,anomalies_detected,1
270.000,anomalies_unique,1
270.000,investigation_timeouts,0
270.000,mission_duration_s,225.576
270.000,distance_traveled_m,55.02832029323693
270.000,route_deviations,2
270.000,investigation_time_s,12.0
270.000,hazard_avoidances,1
270.000,min_hazard_distance_m,4.847167440004272
270.000,collisions,0
270.000,time_below_clearance_s,0.0
270.000,safety_zone_violations,0
270.000,min_ttc_s,18.370828703534574
270.000,avoid_success,1
270.000,avoid_timeout,0
270.000,q_convergence,0.6923925351798598
270.000,update_residual,0.06923925351798597
271.000,anomalies_detected,2
271.000,anomalies_unique,1
271.000,investigation_timeouts,0
271.000,mission_duration_s,226.576
271.000,distance_traveled_m,55.24904102764257
271.000,route_deviations,3
271.000,investigation_time_s,12.800000000000011
271.000,hazard_avoidances,1
271.000,min_hazard_distance_m,4.847167440004272
271.000,collisions,0
271.000,time_below_clearance_s,0.0
271.000,safety_zone_violations,0
271.000,min_ttc_s,18.370828703534574
271.000,avoid_success,1
271.000,avoid_timeout,0
271.000,q_convergence,1.2176945092295397
271.000,update_residual,0.3183900642585076
272.000,anomalies_detected,2
272.000,anomalies_unique,1
272.000,investigation_timeouts,0
272.000,mission_duration_s,227.576
272.000,distance_traveled_m,55.45523983805026
272.000,route_deviations,3
272.000,investigation_time_s,13.800000000000011
272.000,hazard_avoidances,1
272.000,min_hazard_distance_m,4.847167440004272
272.000,collisions,0
272.000,time_below_clearance_s,0.0
272.000,safety_zone_violations,0
272.000,min_ttc_s,18.370828703534574
272.000,avoid_success,1
272.000,avoid_timeout,0
272.000,q_convergence,0.6597824574338461
272.000,update_residual,0.302868523295489
273.000,anomalies_detected,2
273.000,anomalies_unique,1
273.000,investigation_timeouts,0
273.000,mission_duration_s,228.576
273.000,distance_traveled_m,55.71731974671861
273.000,route_deviations,3
273.000,investigation_time_s,14.800000000000011
273.000,hazard_avoidances,1
273.000,min_hazard_distance_m,4.847167440004272
273.000,collisions,0
273.000,time_below_clearance_s,0.0
273.000,safety_zone_violations,0
273.000,min_ttc_s,18.370828703534574
273.000,avoid_success,1
273.000,avoid_timeout,0
273.000,q_convergence,0.28599773326427164
273.000,update_residual,0.2300764784273628
274.000,anomalies_detected,2
274.000,anomalies_unique,1
274.000,investigation_timeouts,0
274.000,mission_duration_s,229.576
274.000,distance_traveled_m,55.979399734295825
274.000,route_deviations,3
274.000,investigation_time_s,15.800000000000011
274.000,hazard_avoidances,1
274.000,min_hazard_distance_m,4.847167440004272
274.000,collisions,0
274.000,time_below_clearance_s,0.0
274.000,safety_zone_violations,0
274.000,min_ttc_s,18.370828703534574
274.000,avoid_success,1
274.000,avoid_timeout,0
274.000,q_convergence,0.06021450412938049
274.000,update_residual,0.1716813981385413
275.000,anomalies_detected,2
275.000,anomalies_unique,1
275.000,investigation_timeouts,0
275.000,mission_duration_s,230.576
275.000,distance_traveled_m,56.23211971514891
275.000,route_deviations,3
275.000,investigation_time_s,16.80000000000001
275.000,hazard_avoidances,1
275.000,min_hazard_distance_m,4.847167440004272
275.000,collisions,0
275.000,time_below_clearance_s,0.0
275.000,safety_zone_violations,0
275.000,min_ttc_s,18.370828703534574
275.000,avoid_success,1
275.000,avoid_timeout,0
275.000,q_convergence,0.2039385255050157
275.000,update_residual,0.12517306688492444
276.000,anomalies_detected,2
276.000,anomalies_unique,1
276.000,investigation_timeouts,0
276.000,mission_duration_s,231.576
276.000,distance_traveled_m,56.494199707469136
276.000,route_deviations,3
276.000,investigation_time_s,17.80000000000001
276.000,hazard_avoidances,1
276.000,min_hazard_distance_m,4.847167440004272
276.000,collisions,0
276.000,time_below_clearance_s,0.0
276.000,safety_zone_violations,0
276.000,min_ttc_s,18.370828703534574
276.000,avoid_success,1
276.000,avoid_timeout,0
276.000,q_convergence,1.754020197642238
276.000,update_residual,0.2899685767272906
277.000,anomalies_detected,2
277.000,anomalies_unique,1
277.000,investigation_timeouts,0
277.000,mission_duration_s,232.576
277.000,distance_traveled_m,56.756279698111385
277.000,route_deviations,3
277.000,investigation_time_s,18.80000000000001
277.000,hazard_avoidances,1
277.000,min_hazard_distance_m,4.847167440004272
277.000,collisions,0
277.000,time_below_clearance_s,0.0
277.000,safety_zone_violations,0
277.000,min_ttc_s,18.370828703534574
277.000,avoid_success,1
277.000,avoid_timeout,0
277.000,q_convergence,1.093970052387982
277.000,update_residual,0.2154529036846085
278.000,anomalies_detected,2
278.000,anomalies_unique,1
278.000,investigation_timeouts,0
278.000,mission_duration_s,233.576
278.000,distance_traveled_m,57.018359689508145
278.000,route_deviations,3
278.000,investigation_time_s,19.80000000000001
278.000,hazard_avoidances,1
278.000,min_hazard_distance_m,4.847167440004272
278.000,collisions,0
278.000,time_below_clearance_s,0.0
278.000,safety_zone_violations,0
278.000,min_ttc_s,18.370828703534574
278.000,avoid_success,1
278.000,avoid_timeout,0
278.000,q_convergence,0.7850715159233302
278.000,update_residual,0.18367925088442827
279.000,anomalies_detected,2
279.000,anomalies_unique,1
279.000,investigation_timeouts,0
279.000,mission_duration_s,234.576
279.000,distance_traveled_m,57.27107968016411
279.000,route_deviations,3
279.000,investigation_time_s,20.80000000000001
279.000,hazard_avoidances,1
279.000,min_hazard_distance_m,4.847167440004272
279.000,collisions,0
279.000,time_below_clearance_s,0.0
279.000,safety_zone_violations,0
279.000,min_ttc_s,18.370828703534574
279.000,avoid_success,1
279.000,avoid_timeout,0
279.000,q_convergence,0.5445490390852646
279.000,update_residual,0.1596270032006217
280.000,anomalies_detected,2
280.000,anomalies_unique,1
280.000,investigation_timeouts,0
280.000,mission_duration_s,235.576
280.000,distance_traveled_m,57.533159653170934
280.000,route_deviations,3
280.000,investigation_time_s,21.80000000000001
280.000,hazard_avoidances,1
280.000,min_hazard_distance_m,4.847167440004272
280.000,collisions,0
280.000,time_below_clearance_s,0.0
280.000,safety_zone_violations,0
280.000,min_ttc_s,18.370828703534574
280.000,avoid_success,1
280.000,avoid_timeout,0
280.000,q_convergence,0.34876292497136835
280.000,update_residual,0.1242725768954178
281.000,anomalies_detected,2
281.000,anomalies_unique,1
281.000,investigation_timeouts,0
281.000,mission_duration_s,236.576
281.000,distance_traveled_m,57.66434725086105
281.000,route_deviations,3
281.000,investigation_time_s,22.80000000000001
281.000,hazard_avoidances,1
281.000,min_hazard_distance_m,4.847167440004272
281.000,collisions,0
281.000,time_below_clearance_s,0.0
281.000,safety_zone_violations,0
281.000,min_ttc_s,18.370828703534574
281.000,avoid_success,1
281.000,avoid_timeout,0
281.000,q_convergence,0.18880418545835667
281.000,update_residual,0.10827670294411666
282.000,anomalies_detected,2
282.000,anomalies_unique,1
282.000,investigation_timeouts,0
282.000,mission_duration_s,237.576
282.000,distance_traveled_m,57.66434725087853
282.000,route_deviations,3
282.000,investigation_time_s,23.80000000000001
282.000,hazard_avoidances,1
282.000,min_hazard_distance_m,4.847167440004272
282.000,collisions,0
282.000,time_below_clearance_s,0.0
282.000,safety_zone_violations,0
282.000,min_ttc_s,18.370828703534574
282.000,avoid_success,1
282.000,avoid_timeout,0
282.000,q_convergence,0.055690202478040414
282.000,update_residual,0.08155586198634288
283.000,anomalies_detected,2
283.000,anomalies_unique,1
283.000,investigation_timeouts,0
283.000,mission_duration_s,238.576
283.000,distance_traveled_m,57.66434725088186
283.000,route_deviations,3
283.000,investigation_time_s,24.80000000000001
283.000,hazard_avoidances,1
283.000,min_hazard_distance_m,4.847167440004272
283.000,collisions,0
283.000,time_below_clearance_s,0.0
283.000,safety_zone_violations,0
283.000,min_ttc_s,18.370828703534574
283.000,avoid_success,1
283.000,avoid_timeout,0
283.000,q_convergence,0.051104755750317796
283.000,update_residual,0.07087636616350705
284.000,anomalies_detected,2
284.000,anomalies_unique,1
284.000,investigation_timeouts,0
284.000,mission_duration_s,239.576
284.000,distance_traveled_m,57.66434725088215
284.000,route_deviations,3
284.000,investigation_time_s,25.400000000000034
284.000,hazard_avoidances,1
284.000,min_hazard_distance_m,4.847167440004272
284.000,collisions,0
284.000,time_below_clearance_s,0.0
284.000,safety_zone_violations,0
284.000,min_ttc_s,18.370828703534574
284.000,avoid_success,1
284.000,avoid_timeout,0
284.000,q_convergence,0.13654478546754564
284.000,update_residual,0.05093433693100343
285.000,anomalies_detected,2
285.000,anomalies_unique,2
285.000,investigation_timeouts,0
285.000,mission_duration_s,240.576
285.000,distance_traveled_m,57.78965405114181
285.000,route_deviations,3
285.000,investigation_time_s,25.400000000000034
285.000,hazard_avoidances,1
285.000,min_hazard_distance_m,4.847167440004272
285.000,collisions,0
285.000,time_below_clearance_s,0.0
285.000,safety_zone_violations,0
285.000,min_ttc_s,18.370828703534574
285.000,avoid_success,1
285.000,avoid_timeout,0
285.000,q_convergence,0.19611382182592732
285.000,update_residual,0.03528911097350157
286.000,anomalies_detected,2
286.000,anomalies_unique,2
286.000,investigation_timeouts,0
286.000,mission_duration_s,241.576
286.000,distance_traveled_m,57.84988557173917
286.000,route_deviations,3
286.000,investigation_time_s,25.400000000000034
286.000,hazard_avoidances,1
286.000,min_hazard_distance_m,4.847167440004272
286.000,collisions,0
286.000,time_below_clearance_s,0.0
286.000,safety_zone_violations,0
286.000,min_ttc_s,18.370828703534574
286.000,avoid_success,1
286.000,avoid_timeout,0
286.000,q_convergence,0.24153656794477932
286.000,update_residual,0.030746836361616382
287.000,anomalies_detected,2
287.000,anomalies_unique,2
287.000,investigation_timeouts,0
287.000,mission_duration_s,242.576
287.000,distance_traveled_m,58.10357756676087
287.000,route_deviations,3
287.000,investigation_time_s,25.400000000000034
287.000,hazard_avoidances,1
287.000,min_hazard_distance_m,4.847167440004272
287.000,collisions,0
287.000,time_below_clearance_s,0.0
287.000,safety_zone_violations,0
287.000,min_ttc_s,18.370828703534574
287.000,avoid_success,1
287.000,avoid_timeout,0
287.000,q_convergence,0.2764734799823308
287.000,update_residual,0.019018071184447073
288.000,anomalies_detected,2
288.000,anomalies_unique,2
288.000,investigation_timeouts,0
288.000,mission_duration_s,243.576
288.000,distance_traveled_m,58.35629752831931
288.000,route_deviations,3
288.000,investigation_time_s,25.400000000000034
288.000,hazard_avoidances,1
288.000,min_hazard_distance_m,4.847167440004272
288.000,collisions,0
288.000,time_below_clearance_s,0.0
288.000,safety_zone_violations,0
288.000,min_ttc_s,18.370828703534574
288.000,avoid_success,1
288.000,avoid_timeout,0
288.000,q_convergence,1.205898390648618
288.000,update_residual,0.10238380914314724
289.000,anomalies_detected,2
289.000,anomalies_unique,2
289.000,investigation_timeouts,0
289.000,mission_duration_s,244.576
289.000,distance_traveled_m,58.618377521825515
289.000,route_deviations,3
289.000,investigation_time_s,25.400000000000034
289.000,hazard_avoidances,1
289.000,min_hazard_distance_m,4.847167440004272
289.000,collisions,0
289.000,time_below_clearance_s,0.0
289.000,safety_zone_violations,0
289.000,min_ttc_s,18.370828703534574
289.000,avoid_success,1
289.000,avoid_timeout,0
289.000,q_convergence,0.9063413250586863
289.000,update_residual,0.13029973881114676
290.000,anomalies_detected,2
290.000,anomalies_unique,2
290.000,investigation_timeouts,0
290.000,mission_duration_s,245.576
290.000,distance_traveled_m,58.88045750565278
290.000,route_deviations,3
290.000,investigation_time_s,25.400000000000034
290.000,hazard_avoidances,1
290.000,min_hazard_distance_m,4.847167440004272
290.000,collisions,0
290.000,time_below_clearance_s,0.0
290.000,safety_zone_violations,0
290.000,min_ttc_s,18.370828703534574
290.000,avoid_success,1
290.000,avoid_timeout,0
290.000,q_convergence,0.7424720816721058
290.000,update_residual,0.10796297352669697
291.000,anomalies_detected,2
291.000,anomalies_unique,2
291.000,investigation_timeouts,0
291.000,mission_duration_s,246.576
291.000,distance_traveled_m,59.14253749962965
291.000,route_deviations,3
291.000,investigation_time_s,25.400000000000034
291.000,hazard_avoidances,1
291.000,min_hazard_distance_m,4.847167440004272
291.000,collisions,0
291.000,time_below_clearance_s,0.0
291.000,safety_zone_violations,0
291.000,min_ttc_s,18.370828703534574
291.000,avoid_success,1
291.000,avoid_timeout,0
291.000,q_convergence,0.8754275718103643
291.000,update_residual,0.1188502535862738
292.000,anomalies_detected,2
292.000,anomalies_unique,2
292.000,investigation_timeouts,0
292.000,mission_duration_s,247.576
292.000,distance_traveled_m,59.40461749347017
292.000,route_deviations,3
292.000,investigation_time_s,25.400000000000034
292.000,hazard_avoidances,1
292.000,min_hazard_distance_m,4.847167440004272
292.000,collisions,0
292.000,time_below_clearance_s,0.0
292.000,safety_zone_violations,0
292.000,min_ttc_s,18.370828703534574
292.000,avoid_success,1
292.000,avoid_timeout,0
292.000,q_convergence,0.9168040052078709
292.000,update_residual,0.12033880107635052
293.000,anomalies_detected,2
293.000,anomalies_unique,2
293.000,investigation_timeouts,0
293.000,mission_duration_s,248.576
293.000,distance_traveled_m,59.65733748639995
293.000,route_deviations,3
293.000,investigation_time_s,25.400000000000034
293.000,hazard_avoidances,1
293.000,min_hazard_distance_m,4.847167440004272
293.000,collisions,0
293.000,time_below_clearance_s,0.0
293.000,safety_zone_violations,0
293.000,min_ttc_s,18.370828703534574
293.000,avoid_success,1
293.000,avoid_timeout,0
293.000,q_convergence,0.7620037111362535
293.000,update_residual,0.10056001158585427
294.000,anomalies_detected,2
294.000,anomalies_unique,2
294.000,investigation_timeouts,0
294.000,mission_duration_s,249.576
294.000,distance_traveled_m,59.91941748079722
294.000,route_deviations,3
294.000,investigation_time_s,25.400000000000034
294.000,hazard_avoidances,1
294.000,min_hazard_distance_m,4.847167440004272
294.000,collisions,0
294.000,time_below_clearance_s,0.0
294.000,safety_zone_violations,0
294.000,min_ttc_s,18.370828703534574
294.000,avoid_success,1
294.000,avoid_timeout,0
294.000,q_convergence,0.6324659863894011
294.000,update_residual,0.08760623911116901
295.000,anomalies_detected,2
295.000,anomalies_unique,2
295.000,investigation_timeouts,0
295.000,mission_duration_s,250.576
295.000,distance_traveled_m,60.181497475866564
295.000,route_deviations,3
295.000,investigation_time_s,25.400000000000034
295.000,hazard_avoidances,1
295.000,min_hazard_distance_m,4.847167440004272
295.000,collisions,0
295.000,time_below_clearance_s,0.0
295.000,safety_zone_violations,0
295.000,min_ttc_s,18.370828703534574
295.000,avoid_success,1
295.000,avoid_timeout,0
295.000,q_convergence,0.8615134407986199
295.000,update_residual,0.10537806030972839
296.000,anomalies_detected,2
296.000,anomalies_unique,2
296.000,investigation_timeouts,0
296.000,mission_duration_s,251.576
296.000,distance_traveled_m,60.44355356658466
296.000,route_deviations,3
296.000,investigation_time_s,25.400000000000034
296.000,hazard_avoidances,1
296.000,min_hazard_distance_m,4.847167440004272
296.000,collisions,0
296.000,time_below_clearance_s,0.0
296.000,safety_zone_violations,0
296.000,min_ttc_s,18.370828703534574
296.000,avoid_success,1
296.000,avoid_timeout,0
296.000,q_convergence,0.9625007214395876
296.000,update_residual,0.1125927809393452
297.000,anomalies_detected,2
297.000,anomalies_unique,2
297.000,investigation_timeouts,0
297.000,mission_duration_s,252.576
297.000,distance_traveled_m,60.60666964324127
297.000,route_deviations,3
297.000,investigation_time_s,25.400000000000034
297.000,hazard_avoidances,1
297.000,min_hazard_distance_m,4.847167440004272
297.000,collisions,0
297.000,time_below_clearance_s,0.0
297.000,safety_zone_violations,0
297.000,min_ttc_s,18.370828703534574
297.000,avoid_success,1
297.000,avoid_timeout,0
297.000,q_convergence,0.8771426557806022
297.000,update_residual,0.10267412978306785
298.000,anomalies_detected,2
298.000,anomalies_unique,2
298.000,investigation_timeouts,0
298.000,mission_duration_s,253.576
298.000,distance_traveled_m,60.646005785116635
298.000,route_deviations,3
298.000,investigation_time_s,25.400000000000034
298.000,hazard_avoidances,1
298.000,min_hazard_distance_m,4.847167440004272
298.000,collisions,0
298.000,time_below_clearance_s,0.0
298.000,safety_zone_violations,0
298.000,min_ttc_s,18.370828703534574
298.000,avoid_success,1
298.000,avoid_timeout,0
298.000,q_convergence,0.7462811957523222
298.000,update_residual,0.08734400414948867
299.000,anomalies_detected,2
299.000,anomalies_unique,2
299.000,investigation_timeouts,0
299.000,mission_duration_s,254.576
299.000,distance_traveled_m,60.698179249084085
299.000,route_deviations,3
299.000,investigation_time_s,25.400000000000034
299.000,hazard_avoidances,1
299.000,min_hazard_distance_m,4.847167440004272
299.000,collisions,0
299.000,time_below_clearance_s,0.0
299.000,safety_zone_violations,0
299.000,min_ttc_s,18.370828703534574
299.000,avoid_success,1
299.000,avoid_timeout,0
299.000,q_convergence,0.6350888474082561
299.000,update_residual,0.07431738662894358
300.000,anomalies_detected,2
300.000,anomalies_unique,2
300.000,investigation_timeouts,0
300.000,mission_duration_s,255.576
300.000,distance_traveled_m,60.829463669713334
300.000,route_deviations,3
300.000,investigation_time_s,25.400000000000034
300.000,hazard_avoidances,1
300.000,min_hazard_distance_m,4.847167440004272
300.000,collisions,0
300.000,time_below_clearance_s,0.0
300.000,safety_zone_violations,0
300.000,min_ttc_s,18.370828703534574
300.000,avoid_success,1
300.000,avoid_timeout,0
300.000,q_convergence,0.5388208413940793
300.000,update_residual,0.0630693107443082
301.000,anomalies_detected,2
301.000,anomalies_unique,2
301.000,investigation_timeouts,0
301.000,mission_duration_s,256.576
301.000,distance_traveled_m,60.91607046088354
301.000,route_deviations,3
301.000,investigation_time_s,25.400000000000034
301.000,hazard_avoidances,1
301.000,min_hazard_distance_m,4.847167440004272
301.000,collisions,0
301.000,time_below_clearance_s,0.0
301.000,safety_zone_violations,0
301.000,min_ttc_s,18.370828703534574
301.000,avoid_success,1
301.000,avoid_timeout,0
301.000,q_convergence,0.45623346824415595
301.000,update_residual,0.054810573429315876
302.000,anomalies_detected,2
302.000,anomalies_unique,2
302.000,investigation_timeouts,0
302.000,mission_duration_s,257.576
302.000,distance_traveled_m,61.10567230565627
302.000,route_deviations,3
302.000,investigation_time_s,25.400000000000034
302.000,hazard_avoidances,1
302.000,min_hazard_distance_m,4.847167440004272
302.000,collisions,0
302.000,time_below_clearance_s,0.0
302.000,safety_zone_violations,0
302.000,min_ttc_s,18.370828703534574
302.000,avoid_success,1
302.000,avoid_timeout,0
302.000,q_convergence,0.3853517919446525
302.000,update_residual,0.046344321808630504
303.000,anomalies_detected,2
303.000,anomalies_unique,2
303.000,investigation_timeouts,0
303.000,mission_duration_s,258.576
303.000,distance_traveled_m,61.36775171968563
303.000,route_deviations,3
303.000,investigation_time_s,25.400000000000034
303.000,hazard_avoidances,1
303.000,min_hazard_distance_m,4.847167440004272
303.000,collisions,0
303.000,time_below_clearance_s,0.0
303.000,safety_zone_violations,0
303.000,min_ttc_s,18.370828703534574
303.000,avoid_success,1
303.000,avoid_timeout,0
303.000,q_convergence,0.32565273356794866
303.000,update_residual,0.04037441597096011
304.000,anomalies_detected,2
304.000,anomalies_unique,2
304.000,investigation_timeouts,0
304.000,mission_duration_s,259.576
304.000,distance_traveled_m,61.62983171613148
304.000,route_deviations,3
304.000,investigation_time_s,25.400000000000034
304.000,hazard_avoidances,1
304.000,min_hazard_distance_m,4.847167440004272
304.000,collisions,0
304.000,time_below_clearance_s,0.0
304.000,safety_zone_violations,0
304.000,min_ttc_s,18.370828703534574
304.000,avoid_success,1
304.000,avoid_timeout,0
304.000,q_convergence,0.2744418428166591
304.000,update_residual,0.034081955503706365
305.000,anomalies_detected,2
305.000,anomalies_unique,2
305.000,investigation_timeouts,0
305.000,mission_duration_s,260.576
305.000,distance_traveled_m,61.89191166878864
305.000,route_deviations,3
305.000,investigation_time_s,25.400000000000034
305.000,hazard_avoidances,1
305.000,min_hazard_distance_m,4.847167440004272
305.000,collisions,0
305.000,time_below_clearance_s,0.0
305.000,safety_zone_violations,0
305.000,min_ttc_s,18.370828703534574
305.000,avoid_success,1
305.000,avoid_timeout,0
305.000,q_convergence,0.23045638281035385
305.000,update_residual,0.028687743819769768
306.000,anomalies_detected,2
306.000,anomalies_unique,2
306.000,investigation_timeouts,0
306.000,mission_duration_s,261.576
306.000,distance_traveled_m,62.14463166582489
306.000,route_deviations,3
306.000,investigation_time_s,25.400000000000034
306.000,hazard_avoidances,1
306.000,min_hazard_distance_m,4.847167440004272
306.000,collisions,0
306.000,time_below_clearance_s,0.0
306.000,safety_zone_violations,0
306.000,min_ttc_s,18.370828703534574
306.000,avoid_success,1
306.000,avoid_timeout,0
306.000,q_convergence,1.4276836591207898
306.000,update_residual,0.14704523851721318
307.000,anomalies_detected,2
307.000,anomalies_unique,2
307.000,investigation_timeouts,0
307.000,mission_duration_s,262.576
307.000,distance_traveled_m,62.406711659979564
307.000,route_deviations,3
307.000,investigation_time_s,25.400000000000034
307.000,hazard_avoidances,1
307.000,min_hazard_distance_m,4.847167440004272
307.000,collisions,0
307.000,time_below_clearance_s,0.0
307.000,safety_zone_violations,0
307.000,min_ttc_s,18.370828703534574
307.000,avoid_success,1
307.000,avoid_timeout,0
307.000,q_convergence,0.8593588695494
307.000,update_residual,0.09001230820667562
308.000,anomalies_detected,2
308.000,anomalies_unique,2
308.000,investigation_timeouts,0
308.000,mission_duration_s,263.576
308.000,distance_traveled_m,62.66879162643397
308.000,route_deviations,3
308.000,investigation_time_s,25.400000000000034
308.000,hazard_avoidances,1
308.000,min_hazard_distance_m,4.847167440004272
308.000,collisions,0
308.000,time_below_clearance_s,0.0
308.000,safety_zone_violations,0
308.000,min_ttc_s,18.370828703534574
308.000,avoid_success,1
308.000,avoid_timeout,0
308.000,q_convergence,0.743893989218917
308.000,update_residual,0.07785435698586696
309.000,anomalies_detected,2
309.000,anomalies_unique,2
309.000,investigation_timeouts,0
309.000,mission_duration_s,264.576
309.000,distance_traveled_m,62.93087162232836
309.000,route_deviations,3
309.000,investigation_time_s,25.400000000000034
309.000,hazard_avoidances,1
309.000,min_hazard_distance_m,4.847167440004272
309.000,collisions,0
309.000,time_below_clearance_s,0.0
309.000,safety_zone_violations,0
309.000,min_ttc_s,18.370828703534574
309.000,avoid_success,1
309.000,avoid_timeout,0
309.000,q_convergence,0.6419460409084244
309.000,update_residual,0.0676595621548177
310.000,anomalies_detected,2
310.000,anomalies_unique,2
310.000,investigation_timeouts,0
310.000,mission_duration_s,265.576
310.000,distance_traveled_m,63.192951517141154
310.000,route_deviations,3
310.000,investigation_time_s,25.400000000000034
310.000,hazard_avoidances,1
310.000,min_hazard_distance_m,4.847167440004272
310.000,collisions,0
310.000,time_below_clearance_s,0.0
310.000,safety_zone_violations,0
310.000,min_ttc_s,18.370828703534574
310.000,avoid_success,1
310.000,avoid_timeout,0
310.000,q_convergence,0.9599213359435904
310.000,update_residual,0.09872697549485378
311.000,anomalies_detected,2
311.000,anomalies_unique,2
311.000,investigation_timeouts,0
311.000,mission_duration_s,266.576
311.000,distance_traveled_m,63.44567143747301
311.000,route_deviations,3
311.000,investigation_time_s,25.400000000000034
311.000,hazard_avoidances,1
311.000,min_hazard_distance_m,4.847167440004272
311.000,collisions,0
311.000,time_below_clearance_s,0.0
311.000,safety_zone_violations,0
311.000,min_ttc_s,18.370828703534574
311.000,avoid_success,1
311.000,avoid_timeout,0
311.000,q_convergence,0.8958689049466317
311.000,update_residual,0.09209032269588531
312.000,anomalies_detected,2
312.000,anomalies_unique,2
312.000,investigation_timeouts,0
312.000,mission_duration_s,267.576
312.000,distance_traveled_m,63.70775142457053
312.000,route_deviations,3
312.000,investigation_time_s,25.400000000000034
312.000,hazard_avoidances,1
312.000,min_hazard_distance_m,4.847167440004272
312.000,collisions,0
312.000,time_below_clearance_s,0.0
312.000,safety_zone_violations,0
312.000,min_ttc_s,18.370828703534574
312.000,avoid_success,1
312.000,avoid_timeout,0
312.000,q_convergence,0.7774757359570039
312.000,update_residual,0.07987549096673918
313.000,anomalies_detected,2
313.000,anomalies_unique,2
313.000,investigation_timeouts,0
313.000,mission_duration_s,268.576
313.000,distance_traveled_m,63.969831422754694
313.000,route_deviations,3
313.000,investigation_time_s,25.400000000000034
313.000,hazard_avoidances,1
313.000,min_hazard_distance_m,4.847167440004272
313.000,collisions,0
313.000,time_below_clearance_s,0.0
313.000,safety_zone_violations,0
313.000,min_ttc_s,18.370828703534574
313.000,avoid_success,1
313.000,avoid_timeout,0
313.000,q_convergence,1.0653564764586183
313.000,update_residual,0.10821518242800318
314.000,anomalies_detected,2
314.000,anomalies_unique,2
314.000,investigation_timeouts,0
314.000,mission_duration_s,269.576
314.000,distance_traveled_m,64.23191139230192
314.000,route_deviations,3
314.000,investigation_time_s,25.400000000000034
314.000,hazard_avoidances,1
314.000,min_hazard_distance_m,4.847167440004272
314.000,collisions,0
314.000,time_below_clearance_s,0.0
314.000,safety_zone_violations,0
314.000,min_ttc_s,18.370828703534574
314.000,avoid_success,1
314.000,avoid_timeout,0
314.000,q_convergence,0.8136299952305147
314.000,update_residual,0.08317172928843443
315.000,anomalies_detected,2
315.000,anomalies_unique,2
315.000,investigation_timeouts,0
315.000,mission_duration_s,270.576
315.000,distance_traveled_m,64.48463138819241
315.000,route_deviations,3
315.000,investigation_time_s,25.400000000000034
315.000,hazard_avoidances,1
315.000,min_hazard_distance_m,4.847167440004272
315.000,collisions,0
315.000,time_below_clearance_s,0.0
315.000,safety_zone_violations,0
315.000,min_ttc_s,18.370828703534574
315.000,avoid_success,1
315.000,avoid_timeout,0
315.000,q_convergence,1.0767095265457098
315.000,update_residual,0.29774174339745774
316.000,anomalies_detected,2
316.000,anomalies_unique,2
316.000,investigation_timeouts,0
316.000,mission_duration_s,271.576
316.000,distance_traveled_m,64.74671138197432
316.000,route_deviations,3
316.000,investigation_time_s,25.400000000000034
316.000,hazard_avoidances,1
316.000,min_hazard_distance_m,4.847167440004272
316.000,collisions,0
316.000,time_below_clearance_s,0.0
316.000,safety_zone_violations,0
316.000,min_ttc_s,18.370828703534574
316.000,avoid_success,1
316.000,avoid_timeout,0
316.000,q_convergence,0.5881593993853828
316.000,update_residual,0.29040036919749207
317.000,anomalies_detected,2
317.000,anomalies_unique,2
317.000,investigation_timeouts,0
317.000,mission_duration_s,272.576
317.000,distance_traveled_m,65.00879137520973
317.000,route_deviations,3
317.000,investigation_time_s,25.400000000000034
317.000,hazard_avoidances,1
317.000,min_hazard_distance_m,4.847167440004272
317.000,collisions,0
317.000,time_below_clearance_s,0.0
317.000,safety_zone_violations,0
317.000,min_ttc_s,18.370828703534574
317.000,avoid_success,1
317.000,avoid_timeout,0
317.000,q_convergence,0.20978696361640362
317.000,update_residual,0.26104710631823086
318.000,anomalies_detected,3
318.000,anomalies_unique,2
318.000,investigation_timeouts,0
318.000,mission_duration_s,273.576
318.000,distance_traveled_m,65.27086933053337
318.000,route_deviations,4
318.000,investigation_time_s,26.200000000000045
318.000,hazard_avoidances,1
318.000,min_hazard_distance_m,4.847167440004272
318.000,collisions,0
318.000,time_below_clearance_s,0.0
318.000,safety_zone_violations,0
318.000,min_ttc_s,18.370828703534574
318.000,avoid_success,1
318.000,avoid_timeout,0
318.000,q_convergence,1.2306583349594604
318.000,update_residual,0.3505833262141133
319.000,anomalies_detected,3
319.000,anomalies_unique,2
319.000,investigation_timeouts,0
319.000,mission_duration_s,274.576
319.000,distance_traveled_m,65.53294619030582
319.000,route_deviations,4
319.000,investigation_time_s,27.200000000000045
319.000,hazard_avoidances,1
319.000,min_hazard_distance_m,4.847167440004272
319.000,collisions,0
319.000,time_below_clearance_s,0.0
319.000,safety_zone_violations,0
319.000,min_ttc_s,18.370828703534574
319.000,avoid_success,1
319.000,avoid_timeout,0
319.000,q_convergence,1.0406419719264932
319.000,update_residual,0.34474069027364657
320.000,anomalies_detected,3
320.000,anomalies_unique,2
320.000,investigation_timeouts,0
320.000,mission_duration_s,275.576
320.000,distance_traveled_m,65.78566615794114
320.000,route_deviations,4
320.000,investigation_time_s,28.200000000000045
320.000,hazard_avoidances,1
320.000,min_hazard_distance_m,4.847167440004272
320.000,collisions,0
320.000,time_below_clearance_s,0.0
320.000,safety_zone_violations,0
320.000,min_ttc_s,18.370828703534574
320.000,avoid_success,1
320.000,avoid_timeout,0
320.000,q_convergence,0.9994680452354517
320.000,update_residual,0.29148028374712137
321.000,anomalies_detected,3
321.000,anomalies_unique,2
321.000,investigation_timeouts,0
321.000,mission_duration_s,276.576
321.000,distance_traveled_m,66.04774611844135
321.000,route_deviations,4
321.000,investigation_time_s,29.200000000000045
321.000,hazard_avoidances,1
321.000,min_hazard_distance_m,4.847167440004272
321.000,collisions,0
321.000,time_below_clearance_s,0.0
321.000,safety_zone_violations,0
321.000,min_ttc_s,18.370828703534574
321.000,avoid_success,1
321.000,avoid_timeout,0
321.000,q_convergence,0.5548953038883547
321.000,update_residual,0.27580108943990217
322.000,anomalies_detected,3
322.000,anomalies_unique,2
322.000,investigation_timeouts,0
322.000,mission_duration_s,277.576
322.000,distance_traveled_m,66.30982609372919
322.000,route_deviations,4
322.000,investigation_time_s,30.200000000000045
322.000,hazard_avoidances,1
322.000,min_hazard_distance_m,4.847167440004272
322.000,collisions,0
322.000,time_below_clearance_s,0.0
322.000,safety_zone_violations,0
322.000,min_ttc_s,18.370828703534574
322.000,avoid_success,1
322.000,avoid_timeout,0
322.000,q_convergence,0.2212644877753483
322.000,update_residual,0.20939127397094154
323.000,anomalies_detected,3
323.000,anomalies_unique,2
323.000,investigation_timeouts,0
323.000,mission_duration_s,278.576
323.000,distance_traveled_m,66.57190606051672
323.000,route_deviations,4
323.000,investigation_time_s,31.200000000000045
323.000,hazard_avoidances,1
323.000,min_hazard_distance_m,4.847167440004272
323.000,collisions,0
323.000,time_below_clearance_s,0.0
323.000,safety_zone_violations,0
323.000,min_ttc_s,18.370828703534574
323.000,avoid_success,1
323.000,avoid_timeout,0
323.000,q_convergence,0.9594954044740164
323.000,update_residual,0.23935167529609114
324.000,anomalies_detected,3
324.000,anomalies_unique,2
324.000,investigation_timeouts,0
324.000,mission_duration_s,279.576
324.000,distance_traveled_m,66.82143507795394
324.000,route_deviations,4
324.000,investigation_time_s,32.200000000000045
324.000,hazard_avoidances,1
324.000,min_hazard_distance_m,4.847167440004272
324.000,collisions,0
324.000,time_below_clearance_s,0.0
324.000,safety_zone_violations,0
324.000,min_ttc_s,18.370828703534574
324.000,avoid_success,1
324.000,avoid_timeout,0
324.000,q_convergence,0.772405436889512
324.000,update_residual,0.23641564510334698
325.000,anomalies_detected,3
325.000,anomalies_unique,2
325.000,investigation_timeouts,0
325.000,mission_duration_s,280.576
325.000,distance_traveled_m,66.82641424383816
325.000,route_deviations,4
325.000,investigation_time_s,33.200000000000045
325.000,hazard_avoidances,1
325.000,min_hazard_distance_m,4.847167440004272
325.000,collisions,0
325.000,time_below_clearance_s,0.0
325.000,safety_zone_violations,0
325.000,min_ttc_s,18.370828703534574
325.000,avoid_success,1
325.000,avoid_timeout,0
325.000,q_convergence,0.4827553445085763
325.000,update_residual,0.18357437065309398
326.000,anomalies_detected,3
326.000,anomalies_unique,2
326.000,investigation_timeouts,0
326.000,mission_duration_s,281.576
326.000,distance_traveled_m,66.82641424384167
326.000,route_deviations,4
326.000,investigation_time_s,34.200000000000045
326.000,hazard_avoidances,1
326.000,min_hazard_distance_m,4.847167440004272
326.000,collisions,0
326.000,time_below_clearance_s,0.0
326.000,safety_zone_violations,0
326.000,min_ttc_s,18.370828703534574
326.000,avoid_success,1
326.000,avoid_timeout,0
326.000,q_convergence,1.2585149507641389
326.000,update_residual,0.23264093365032185
327.000,anomalies_detected,3
327.000,anomalies_unique,2
327.000,investigation_timeouts,0
327.000,mission_duration_s,282.576
327.000,distance_traveled_m,66.82641424384167
327.000,route_deviations,4
327.000,investigation_time_s,35.200000000000045
327.000,hazard_avoidances,1
327.000,min_hazard_distance_m,4.847167440004272
327.000,collisions,0
327.000,time_below_clearance_s,0.0
327.000,safety_zone_violations,0
327.000,min_ttc_s,18.370828703534574
327.000,avoid_success,1
327.000,avoid_timeout,0
327.000,q_convergence,0.606415887857955
327.000,update_residual,0.17564559955769643
328.000,anomalies_detected,3
328.000,anomalies_unique,3
328.000,investigation_timeouts,0
328.000,mission_duration_s,283.576
328.000,distance_traveled_m,66.82641424384167
328.000,route_deviations,4
328.000,investigation_time_s,35.200000000000045
328.000,hazard_avoidances,1
328.000,min_hazard_distance_m,4.847167440004272
328.000,collisions,0
328.000,time_below_clearance_s,0.0
328.000,safety_zone_violations,0
328.000,min_ttc_s,18.370828703534574
328.000,avoid_success,1
328.000,avoid_timeout,0
328.000,q_convergence,0.38756820960778077
328.000,update_residual,0.13651023011689384
329.000,anomalies_detected,3
329.000,anomalies_unique,3
329.000,investigation_timeouts,0
329.000,mission_duration_s,284.576
329.000,distance_traveled_m,66.90050037921297
329.000,route_deviations,4
329.000,investigation_time_s,35.200000000000045
329.000,hazard_avoidances,1
329.000,min_hazard_distance_m,4.847167440004272
329.000,collisions,0
329.000,time_below_clearance_s,0.0
329.000,safety_zone_violations,0
329.000,min_ttc_s,18.370828703534574
329.000,avoid_success,1
329.000,avoid_timeout,0
329.000,q_convergence,0.21829387939855346
329.000,update_residual,0.10491978572255375
330.000,anomalies_detected,3
330.000,anomalies_unique,3
330.000,investigation_timeouts,0
330.000,mission_duration_s,285.576
330.000,distance_traveled_m,67.16058675834647
330.000,route_deviations,4
330.000,investigation_time_s,35.200000000000045
330.000,hazard_avoidances,1
330.000,min_hazard_distance_m,4.847167440004272
330.000,collisions,0
330.000,time_below_clearance_s,0.0
330.000,safety_zone_violations,0
330.000,min_ttc_s,18.370828703534574
330.000,avoid_success,1
330.000,avoid_timeout,0
330.000,q_convergence,0.08314005324944497
330.000,update_residual,0.09140440310764289
331.000,anomalies_detected,3
331.000,anomalies_unique,3
331.000,investigation_timeouts,0
331.000,mission_duration_s,286.576
331.000,distance_traveled_m,67.42266672267206
331.000,route_deviations,4
331.000,investigation_time_s,35.200000000000045
331.000,hazard_avoidances,1
331.000,min_hazard_distance_m,4.847167440004272
331.000,collisions,0
331.000,time_below_clearance_s,0.0
331.000,safety_zone_violations,0
331.000,min_ttc_s,18.370828703534574
331.000,avoid_success,1
331.000,avoid_timeout,0
331.000,q_convergence,0.03139038443764911
331.000,update_residual,0.06798157744048303
332.000,anomalies_detected,3
332.000,anomalies_unique,3
332.000,investigation_timeouts,0
332.000,mission_duration_s,287.576
332.000,distance_traveled_m,67.68474671944543
332.000,route_deviations,4
332.000,investigation_time_s,35.200000000000045
332.000,hazard_avoidances,1
332.000,min_hazard_distance_m,4.847167440004272
332.000,collisions,0
332.000,time_below_clearance_s,0.0
332.000,safety_zone_violations,0
332.000,min_ttc_s,18.370828703534574
332.000,avoid_success,1
332.000,avoid_timeout,0
332.000,q_convergence,0.11547244598749806
332.000,update_residual,0.05907959351654383
333.000,anomalies_detected,3
333.000,anomalies_unique,3
333.000,investigation_timeouts,0
333.000,mission_duration_s,288.576
333.000,distance_traveled_m,67.93746671574142
333.000,route_deviations,4
333.000,investigation_time_s,35.200000000000045
333.000,hazard_avoidances,1
333.000,min_hazard_distance_m,4.847167440004272
333.000,collisions,0
333.000,time_below_clearance_s,0.0
333.000,safety_zone_violations,0
333.000,min_ttc_s,18.370828703534574
333.000,avoid_success,1
333.000,avoid_timeout,0
333.000,q_convergence,1.6589929647910029
333.000,update_residual,0.2216440508486714
334.000,anomalies_detected,3
334.000,anomalies_unique,3
334.000,investigation_timeouts,0
334.000,mission_duration_s,289.576
334.000,distance_traveled_m,68.199546712077
334.000,route_deviations,4
334.000,investigation_time_s,35.200000000000045
334.000,hazard_avoidances,1
334.000,min_hazard_distance_m,4.847167440004272
334.000,collisions,0
334.000,time_below_clearance_s,0.0
334.000,safety_zone_violations,0
334.000,min_ttc_s,18.370828703534574
334.000,avoid_success,1
334.000,avoid_timeout,0
334.000,q_convergence,0.9236284776831633
334.000,update_residual,0.13961089456303824
335.000,anomalies_detected,3
335.000,anomalies_unique,3
335.000,investigation_timeouts,0
335.000,mission_duration_s,290.576
335.000,distance_traveled_m,68.46162670758913
335.000,route_deviations,4
335.000,investigation_time_s,35.200000000000045
335.000,hazard_avoidances,1
335.000,min_hazard_distance_m,4.847167440004272
335.000,collisions,0
335.000,time_below_clearance_s,0.0
335.000,safety_zone_violations,0
335.000,min_ttc_s,18.370828703534574
335.000,avoid_success,1
335.000,avoid_timeout,0
335.000,q_convergence,0.9023389414104813
335.000,update_residual,0.1412617846793478
336.000,anomalies_detected,3
336.000,anomalies_unique,3
336.000,investigation_timeouts,0
336.000,mission_duration_s,291.576
336.000,distance_traveled_m,68.72370669865123
336.000,route_deviations,4
336.000,investigation_time_s,35.200000000000045
336.000,hazard_avoidances,1
336.000,min_hazard_distance_m,4.847167440004272
336.000,collisions,0
336.000,time_below_clearance_s,0.0
336.000,safety_zone_violations,0
336.000,min_ttc_s,18.370828703534574
336.000,avoid_success,1
336.000,avoid_timeout,0
336.000,q_convergence,0.722310386637791
336.000,update_residual,0.1156047456213338
337.000,anomalies_detected,3
337.000,anomalies_unique,3
337.000,investigation_timeouts,0
337.000,mission_duration_s,292.576
337.000,distance_traveled_m,68.98578668005565
337.000,route_deviations,4
337.000,investigation_time_s,35.200000000000045
337.000,hazard_avoidances,1
337.000,min_hazard_distance_m,4.847167440004272
337.000,collisions,0
337.000,time_below_clearance_s,0.0
337.000,safety_zone_violations,0
337.000,min_ttc_s,18.370828703534574
337.000,avoid_success,1
337.000,avoid_timeout,0
337.000,q_convergence,1.0875708273095133
337.000,update_residual,0.1429913300081642
338.000,anomalies_detected,3
338.000,anomalies_unique,3
338.000,investigation_timeouts,0
338.000,mission_duration_s,293.576
338.000,distance_traveled_m,69.23850665299861
338.000,route_deviations,4
338.000,investigation_time_s,35.200000000000045
338.000,hazard_avoidances,1
338.000,min_hazard_distance_m,4.847167440004272
338.000,collisions,0
338.000,time_below_clearance_s,0.0
338.000,safety_zone_violations,0
338.000,min_ttc_s,18.370828703534574
338.000,avoid_success,1
338.000,avoid_timeout,0
338.000,q_convergence,0.7720964099165916
338.000,update_residual,0.11407729190558065
339.000,anomalies_detected,3
339.000,anomalies_unique,3
339.000,investigation_timeouts,0
339.000,mission_duration_s,294.576
339.000,distance_traveled_m,69.50058662796708
339.000,route_deviations,4
339.000,investigation_time_s,35.200000000000045
339.000,hazard_avoidances,1
339.000,min_hazard_distance_m,4.847167440004272
339.000,collisions,0
339.000,time_below_clearance_s,0.0
339.000,safety_zone_violations,0
339.000,min_ttc_s,18.370828703534574
339.000,avoid_success,1
339.000,avoid_timeout,0
339.000,q_convergence,0.6285954325195449
339.000,update_residual,0.09419704652878778
340.000,anomalies_detected,3
340.000,anomalies_unique,3
340.000,investigation_timeouts,0
340.000,mission_duration_s,295.576
340.000,distance_traveled_m,69.76266660145515
340.000,route_deviations,4
340.000,investigation_time_s,35.200000000000045
340.000,hazard_avoidances,1
340.000,min_hazard_distance_m,4.847167440004272
340.000,collisions,0
340.000,time_below_clearance_s,0.0
340.000,safety_zone_violations,0
340.000,min_ttc_s,18.370828703534574
340.000,avoid_success,1
340.000,avoid_timeout,0
340.000,q_convergence,0.5103883490399331
340.000,update_residual,0.07767571268930161
341.000,anomalies_detected,3
341.000,anomalies_unique,3
341.000,investigation_timeouts,0
341.000,mission_duration_s,296.576
341.000,distance_traveled_m,70.02474659430004
341.000,route_deviations,4
341.000,investigation_time_s,35.200000000000045
341.000,hazard_avoidances,1
341.000,min_hazard_distance_m,4.847167440004272
341.000,collisions,0
341.000,time_below_clearance_s,0.0
341.000,safety_zone_violations,0
341.000,min_ttc_s,18.370828703534574
341.000,avoid_success,1
341.000,avoid_timeout,0
341.000,q_convergence,1.0974900022150582
341.000,update_residual,0.13077310733062414
342.000,anomalies_detected,3
342.000,anomalies_unique,3
342.000,investigation_timeouts,0
342.000,mission_duration_s,297.576
342.000,distance_traveled_m,70.27746657631734
342.000,route_deviations,4
342.000,investigation_time_s,35.200000000000045
342.000,hazard_avoidances,1
342.000,min_hazard_distance_m,4.847167440004272
342.000,collisions,0
342.000,time_below_clearance_s,0.0
342.000,safety_zone_violations,0
342.000,min_ttc_s,18.370828703534574
342.000,avoid_success,1
342.000,avoid_timeout,0
342.000,q_convergence,0.8322885373723065
342.000,update_residual,0.10587019985474268
343.000,anomalies_detected,3
343.000,anomalies_unique,3
343.000,investigation_timeouts,0
343.000,mission_duration_s,298.576
343.000,distance_traveled_m,70.53954656141808
343.000,route_deviations,4
343.000,investigation_time_s,35.200000000000045
343.000,hazard_avoidances,1
343.000,min_hazard_distance_m,4.847167440004272
343.000,collisions,0
343.000,time_below_clearance_s,0.0
343.000,safety_zone_violations,0
343.000,min_ttc_s,18.370828703534574
343.000,avoid_success,1
343.000,avoid_timeout,0
343.000,q_convergence,0.6980286704108678
343.000,update_residual,0.08904801124097202
344.000,anomalies_detected,3
344.000,anomalies_unique,3
344.000,investigation_timeouts,0
344.000,mission_duration_s,299.576
344.000,distance_traveled_m,70.80162655201156
344.000,route_deviations,4
344.000,investigation_time_s,35.200000000000045
344.000,hazard_avoidances,1
344.000,min_hazard_distance_m,4.847167440004272
344.000,collisions,0
344.000,time_below_clearance_s,0.0
344.000,safety_zone_violations,0
344.000,min_ttc_s,18.370828703534574
344.000,avoid_success,1
344.000,avoid_timeout,0
344.000,q_convergence,1.0825769963948557
344.000,update_residual,0.12344761702582356
345.000,anomalies_detected,3
345.000,anomalies_unique,3
345.000,investigation_timeouts,0
345.000,mission_duration_s,300.576
345.000,distance_traveled_m,71.06130028844915
345.000,route_deviations,4
345.000,investigation_time_s,35.200000000000045
345.000,hazard_avoidances,1
345.000,min_hazard_distance_m,4.847167440004272
345.000,collisions,0
345.000,time_below_clearance_s,0.0
345.000,safety_zone_violations,0
345.000,min_ttc_s,18.370828703534574
345.000,avoid_success,1
345.000,avoid_timeout,0
345.000,q_convergence,0.963830103036245
345.000,update_residual,0.11157292768996249
346.000,anomalies_detected,3
346.000,anomalies_unique,3
346.000,investigation_timeouts,0
346.000,mission_duration_s,301.576
346.000,distance_traveled_m,71.1906137781561
346.000,route_deviations,4
346.000,investigation_time_s,35.200000000000045
346.000,hazard_avoidances,1
346.000,min_hazard_distance_m,4.847167440004272
346.000,collisions,0
346.000,time_below_clearance_s,0.0
346.000,safety_zone_violations,0
346.000,min_ttc_s,18.370828703534574
346.000,avoid_success,1
346.000,avoid_timeout,0
346.000,q_convergence,0.883565039431431
346.000,update_residual,0.1022611206275602
347.000,anomalies_detected,3
347.000,anomalies_unique,3
347.000,investigation_timeouts,0
347.000,mission_duration_s,302.576
347.000,distance_traveled_m,71.23614275089969
347.000,route_deviations,4
347.000,investigation_time_s,35.200000000000045
347.000,hazard_avoidances,1
347.000,min_hazard_distance_m,4.847167440004272
347.000,collisions,0
347.000,time_below_clearance_s,0.0
347.000,safety_zone_violations,0
347.000,min_ttc_s,18.370828703534574
347.000,avoid_success,1
347.000,avoid_timeout,0
347.000,q_convergence,0.7510058627431778
347.000,update_residual,0.08691951045607231
348.000,anomalies_detected,3
348.000,anomalies_unique,3
348.000,investigation_timeouts,0
348.000,mission_duration_s,303.576
348.000,distance_traveled_m,71.28447912583596
348.000,route_deviations,4
348.000,investigation_time_s,35.200000000000045
348.000,hazard_avoidances,1
348.000,min_hazard_distance_m,4.847167440004272
348.000,collisions,0
348.000,time_below_clearance_s,0.0
348.000,safety_zone_violations,0
348.000,min_ttc_s,18.370828703534574
348.000,avoid_success,1
348.000,avoid_timeout,0
348.000,q_convergence,0.640145070709344
348.000,update_residual,0.07406059262542575
349.000,anomalies_detected,3
349.000,anomalies_unique,3
349.000,investigation_timeouts,0
349.000,mission_duration_s,304.576
349.000,distance_traveled_m,71.36782602938165
349.000,route_deviations,4
349.000,investigation_time_s,35.200000000000045
349.000,hazard_avoidances,1
349.000,min_hazard_distance_m,4.847167440004272
349.000,collisions,0
349.000,time_below_clearance_s,0.0
349.000,safety_zone_violations,0
349.000,min_ttc_s,18.370828703534574
349.000,avoid_success,1
349.000,avoid_timeout,0
349.000,q_convergence,0.5448172088438954
349.000,update_residual,0.06452780643888088
350.000,anomalies_detected,3
350.000,anomalies_unique,3
350.000,investigation_timeouts,0
350.000,mission_duration_s,305.576
350.000,distance_traveled_m,71.52520069785602
350.000,route_deviations,4
350.000,investigation_time_s,35.200000000000045
350.000,hazard_avoidances,1
350.000,min_hazard_distance_m,4.847167440004272
350.000,collisions,0
350.000,time_below_clearance_s,0.0
350.000,safety_zone_violations,0
350.000,min_ttc_s,18.370828703534574
350.000,avoid_success,1
350.000,avoid_timeout,0
350.000,q_convergence,0.46129441321224357
350.000,update_residual,0.05466861404254198
351.000,anomalies_detected,3
351.000,anomalies_unique,3
351.000,investigation_timeouts,0
351.000,mission_duration_s,306.576
351.000,distance_traveled_m,71.77791949080128
351.000,route_deviations,4
351.000,investigation_time_s,35.200000000000045
351.000,hazard_avoidances,1
351.000,min_hazard_distance_m,4.847167440004272
351.000,collisions,0
351.000,time_below_clearance_s,0.0
351.000,safety_zone_violations,0
351.000,min_ttc_s,18.370828703534574
351.000,avoid_success,1
351.000,avoid_timeout,0
351.000,q_convergence,0.3897075007466119
351.000,update_residual,0.04750992279597883
352.000,anomalies_detected,3
352.000,anomalies_unique,3
352.000,investigation_timeouts,0
352.000,mission_duration_s,307.576
352.000,distance_traveled_m,72.03999946729506
352.000,route_deviations,4
352.000,investigation_time_s,35.200000000000045
352.000,hazard_avoidances,1
352.000,min_hazard_distance_m,4.847167440004272
352.000,collisions,0
352.000,time_below_clearance_s,0.0
352.000,safety_zone_violations,0
352.000,min_ttc_s,18.370828703534574
352.000,avoid_success,1
352.000,avoid_timeout,0
352.000,q_convergence,0.32930585401728124
352.000,update_residual,0.04018888221484812
353.000,anomalies_detected,3
353.000,anomalies_unique,3
353.000,investigation_timeouts,0
353.000,mission_duration_s,308.576
353.000,distance_traveled_m,72.30207945935298
353.000,route_deviations,4
353.000,investigation_time_s,35.200000000000045
353.000,hazard_avoidances,1
353.000,min_hazard_distance_m,4.847167440004272
353.000,collisions,0
353.000,time_below_clearance_s,0.0
353.000,safety_zone_violations,0
353.000,min_ttc_s,18.370828703534574
353.000,avoid_success,1
353.000,avoid_timeout,0
353.000,q_convergence,0.9610467613924539
353.000,update_residual,0.10183354612388655
354.000,anomalies_detected,3
354.000,anomalies_unique,3
354.000,investigation_timeouts,0
354.000,mission_duration_s,309.576
354.000,distance_traveled_m,72.56415939069694
354.000,route_deviations,4
354.000,investigation_time_s,35.200000000000045
354.000,hazard_avoidances,1
354.000,min_hazard_distance_m,4.847167440004272
354.000,collisions,0
354.000,time_below_clearance_s,0.0
354.000,safety_zone_violations,0
354.000,min_ttc_s,18.370828703534574
354.000,avoid_success,1
354.000,avoid_timeout,0
354.000,q_convergence,0.8929112256505134
354.000,update_residual,0.09453524201253054
355.000,anomalies_detected,3
355.000,anomalies_unique,3
355.000,investigation_timeouts,0
355.000,mission_duration_s,310.576
355.000,distance_traveled_m,72.82623936100488
355.000,route_deviations,4
355.000,investigation_time_s,35.200000000000045
355.000,hazard_avoidances,1
355.000,min_hazard_distance_m,4.847167440004272
355.000,collisions,0
355.000,time_below_clearance_s,0.0
355.000,safety_zone_violations,0
355.000,min_ttc_s,18.370828703534574
355.000,avoid_success,1
355.000,avoid_timeout,0
355.000,q_convergence,0.7691201580810658
355.000,update_residual,0.08215613525558578
356.000,anomalies_detected,3
356.000,anomalies_unique,3
356.000,investigation_timeouts,0
356.000,mission_duration_s,311.576
356.000,distance_traveled_m,73.07895934487857
356.000,route_deviations,4
356.000,investigation_time_s,35.200000000000045
356.000,hazard_avoidances,1
356.000,min_hazard_distance_m,4.847167440004272
356.000,collisions,0
356.000,time_below_clearance_s,0.0
356.000,safety_zone_violations,0
356.000,min_ttc_s,18.370828703534574
356.000,avoid_success,1
356.000,avoid_timeout,0
356.000,q_convergence,0.6620478205952007
356.000,update_residual,0.07066228358987739
357.000,anomalies_detected,3
357.000,anomalies_unique,3
357.000,investigation_timeouts,0
357.000,mission_duration_s,312.576
357.000,distance_traveled_m,73.34103929124015
357.000,route_deviations,4
357.000,investigation_time_s,35.200000000000045
357.000,hazard_avoidances,1
357.000,min_hazard_distance_m,4.847167440004272
357.000,collisions,0
357.000,time_below_clearance_s,0.0
357.000,safety_zone_violations,0
357.000,min_ttc_s,18.370828703534574
357.000,avoid_success,1
357.000,avoid_timeout,0
357.000,q_convergence,1.0215656051750275
357.000,update_residual,0.10566477931454318
358.000,anomalies_detected,3
358.000,anomalies_unique,3
358.000,investigation_timeouts,0
358.000,mission_duration_s,313.576
358.000,distance_traveled_m,73.60311926194107
358.000,route_deviations,4
358.000,investigation_time_s,35.200000000000045
358.000,hazard_avoidances,1
358.000,min_hazard_distance_m,4.847167440004272
358.000,collisions,0
358.000,time_below_clearance_s,0.0
358.000,safety_zone_violations,0
358.000,min_ttc_s,18.370828703534574
358.000,avoid_success,1
358.000,avoid_timeout,0
358.000,q_convergence,0.876582116678503
358.000,update_residual,0.09087875652353347
359.000,anomalies_detected,3
359.000,anomalies_unique,3
359.000,investigation_timeouts,0
359.000,mission_duration_s,314.576
359.000,distance_traveled_m,73.86519924160399
359.000,route_deviations,4
359.000,investigation_time_s,35.200000000000045
359.000,hazard_avoidances,1
359.000,min_hazard_distance_m,4.847167440004272
359.000,collisions,0
359.000,time_below_clearance_s,0.0
359.000,safety_zone_violations,0
359.000,min_ttc_s,18.370828703534574
359.000,avoid_success,1
359.000,avoid_timeout,0
359.000,q_convergence,0.7575791073252193
359.000,update_residual,0.07897845558820507
360.000,anomalies_detected,3
360.000,anomalies_unique,3
360.000,investigation_timeouts,0
360.000,mission_duration_s,315.576
360.000,distance_traveled_m,74.11791919171874
360.000,route_deviations,4
360.000,investigation_time_s,35.200000000000045
360.000,hazard_avoidances,1
360.000,min_hazard_distance_m,4.847167440004272
360.000,collisions,0
360.000,time_below_clearance_s,0.0
360.000,safety_zone_violations,0
360.000,min_ttc_s,18.370828703534574
360.000,avoid_success,1
360.000,avoid_timeout,0
360.000,q_convergence,0.6544715667631882
360.000,update_residual,0.06818461980364952
361.000,anomalies_detected,3
361.000,anomalies_unique,3
361.000,investigation_timeouts,0
361.000,mission_duration_s,316.576
361.000,distance_traveled_m,74.37999916166069
361.000,route_deviations,4
361.000,investigation_time_s,35.200000000000045
361.000,hazard_avoidances,1
361.000,min_hazard_distance_m,4.847167440004272
361.000,collisions,0
361.000,time_below_clearance_s,0.0
361.000,safety_zone_violations,0
361.000,min_ttc_s,18.370828703534574
361.000,avoid_success,1
361.000,avoid_timeout,0
361.000,q_convergence,1.0672224088878235
361.000,update_residual,0.10925692896964409
362.000,anomalies_detected,3
362.000,anomalies_unique,3
362.000,investigation_timeouts,0
362.000,mission_duration_s,317.576
362.000,distance_traveled_m,74.64207914567722
362.000,route_deviations,4
362.000,investigation_time_s,35.200000000000045
362.000,hazard_avoidances,1
362.000,min_hazard_distance_m,4.847167440004272
362.000,collisions,0
362.000,time_below_clearance_s,0.0
362.000,safety_zone_violations,0
362.000,min_ttc_s,18.370828703534574
362.000,avoid_success,1
362.000,avoid_timeout,0
362.000,q_convergence,0.8597725275413127
362.000,update_residual,0.08830409641236239
363.000,anomalies_detected,3
363.000,anomalies_unique,3
363.000,investigation_timeouts,0
363.000,mission_duration_s,318.576
363.000,distance_traveled_m,74.90415909446112
363.000,route_deviations,4
363.000,investigation_time_s,35.200000000000045
363.000,hazard_avoidances,1
363.000,min_hazard_distance_m,4.847167440004272
363.000,collisions,0
363.000,time_below_clearance_s,0.0
363.000,safety_zone_violations,0
363.000,min_ttc_s,18.370828703534574
363.000,avoid_success,1
363.000,avoid_timeout,0
363.000,q_convergence,0.7443666538921327
363.000,update_residual,0.07641448249870972
364.000,anomalies_detected,3
364.000,anomalies_unique,3
364.000,investigation_timeouts,0
364.000,mission_duration_s,319.576
364.000,distance_traveled_m,75.16623906771822
364.000,route_deviations,4
364.000,investigation_time_s,35.200000000000045
364.000,hazard_avoidances,1
364.000,min_hazard_distance_m,4.847167440004272
364.000,collisions,0
364.000,time_below_clearance_s,0.0
364.000,safety_zone_violations,0
364.000,min_ttc_s,18.370828703534574
364.000,avoid_success,1
364.000,avoid_timeout,0
364.000,q_convergence,0.6443041780904809
364.000,update_residual,0.0664082349185445
365.000,anomalies_detected,3
365.000,anomalies_unique,3
365.000,investigation_timeouts,0
365.000,mission_duration_s,320.576
365.000,distance_traveled_m,75.4189590507901
365.000,route_deviations,4
365.000,investigation_time_s,35.200000000000045
365.000,hazard_avoidances,1
365.000,min_hazard_distance_m,4.847167440004272
365.000,collisions,0
365.000,time_below_clearance_s,0.0
365.000,safety_zone_violations,0
365.000,min_ttc_s,18.370828703534574
365.000,avoid_success,1
365.000,avoid_timeout,0
365.000,q_convergence,1.104360898914701
365.000,update_residual,0.11199715268146551
366.000,anomalies_detected,3
366.000,anomalies_unique,3
366.000,investigation_timeouts,0
366.000,mission_duration_s,321.576
366.000,distance_traveled_m,75.68103900845658
366.000,route_deviations,4
366.000,investigation_time_s,35.200000000000045
366.000,hazard_avoidances,1
366.000,min_hazard_distance_m,4.847167440004272
366.000,collisions,0
366.000,time_below_clearance_s,0.0
366.000,safety_zone_violations,0
366.000,min_ttc_s,18.370828703534574
366.000,avoid_success,1
366.000,avoid_timeout,0
366.000,q_convergence,0.8414818239462085
366.000,update_residual,0.08557715525623201
367.000,anomalies_detected,3
367.000,anomalies_unique,3
367.000,investigation_timeouts,0
367.000,mission_duration_s,322.576
367.000,distance_traveled_m,75.94311897773088
367.000,route_deviations,4
367.000,investigation_time_s,35.200000000000045
367.000,hazard_avoidances,1
367.000,min_hazard_distance_m,4.847167440004272
367.000,collisions,0
367.000,time_below_clearance_s,0.0
367.000,safety_zone_violations,0
367.000,min_ttc_s,18.370828703534574
367.000,avoid_success,1
367.000,avoid_timeout,0
367.000,q_convergence,0.7314689039394379
367.000,update_residual,0.07436151732631327
368.000,anomalies_detected,3
368.000,anomalies_unique,3
368.000,investigation_timeouts,0
368.000,mission_duration_s,323.576
368.000,distance_traveled_m,76.20519896071539
368.000,route_deviations,4
368.000,investigation_time_s,35.200000000000045
368.000,hazard_avoidances,1
368.000,min_hazard_distance_m,4.847167440004272
368.000,collisions,0
368.000,time_below_clearance_s,0.0
368.000,safety_zone_violations,0
368.000,min_ttc_s,18.370828703534574
368.000,avoid_success,1
368.000,avoid_timeout,0
368.000,q_convergence,0.6340947245335382
368.000,update_residual,0.06462409938572332
369.000,anomalies_detected,3
369.000,anomalies_unique,3
369.000,investigation_timeouts,0
369.000,mission_duration_s,324.576
369.000,distance_traveled_m,76.45791891394767
369.000,route_deviations,4
369.000,investigation_time_s,35.200000000000045
369.000,hazard_avoidances,1
369.000,min_hazard_distance_m,4.847167440004272
369.000,collisions,0
369.000,time_below_clearance_s,0.0
369.000,safety_zone_violations,0
369.000,min_ttc_s,18.370828703534574
369.000,avoid_success,1
369.000,avoid_timeout,0
369.000,q_convergence,1.145289200725956
369.000,update_residual,0.1154876077585015
370.000,anomalies_detected,3
370.000,anomalies_unique,3
370.000,investigation_timeouts,0
370.000,mission_duration_s,325.576
370.000,distance_traveled_m,76.71999886251095
370.000,route_deviations,4
370.000,investigation_time_s,35.200000000000045
370.000,hazard_avoidances,1
370.000,min_hazard_distance_m,4.847167440004272
370.000,collisions,0
370.000,time_below_clearance_s,0.0
370.000,safety_zone_violations,0
370.000,min_ttc_s,18.370828703534574
370.000,avoid_success,1
370.000,avoid_timeout,0
370.000,q_convergence,0.8255077095898542
370.000,update_residual,0.0834283389176224
371.000,anomalies_detected,3
371.000,anomalies_unique,3
371.000,investigation_timeouts,0
371.000,mission_duration_s,326.576
371.000,distance_traveled_m,76.98207882001063
371.000,route_deviations,4
371.000,investigation_time_s,35.200000000000045
371.000,hazard_avoidances,1
371.000,min_hazard_distance_m,4.847167440004272
371.000,collisions,0
371.000,time_below_clearance_s,0.0
371.000,safety_zone_violations,0
371.000,min_ttc_s,18.370828703534574
371.000,avoid_success,1
371.000,avoid_timeout,0
371.000,q_convergence,0.7182071765963322
371.000,update_residual,0.07256665042447465
372.000,anomalies_detected,3
372.000,anomalies_unique,3
372.000,investigation_timeouts,0
372.000,mission_duration_s,327.576
372.000,distance_traveled_m,77.2441587775776
372.000,route_deviations,4
372.000,investigation_time_s,35.200000000000045
372.000,hazard_avoidances,1
372.000,min_hazard_distance_m,4.847167440004272
372.000,collisions,0
372.000,time_below_clearance_s,0.0
372.000,safety_zone_violations,0
372.000,min_ttc_s,18.370828703534574
372.000,avoid_success,1
372.000,avoid_timeout,0
372.000,q_convergence,0.8783708257311316
372.000,update_residual,0.08842583664822015
373.000,anomalies_detected,3
373.000,anomalies_unique,3
373.000,investigation_timeouts,0
373.000,mission_duration_s,328.576
373.000,distance_traveled_m,77.50623875654007
373.000,route_deviations,4
373.000,investigation_time_s,35.200000000000045
373.000,hazard_avoidances,1
373.000,min_hazard_distance_m,4.847167440004272
373.000,collisions,0
373.000,time_below_clearance_s,0.0
373.000,safety_zone_violations,0
373.000,min_ttc_s,18.370828703534574
373.000,avoid_success,1
373.000,avoid_timeout,0
373.000,q_convergence,0.9302809160110047
373.000,update_residual,0.0935670280236984
374.000,anomalies_detected,3
374.000,anomalies_unique,3
374.000,investigation_timeouts,0
374.000,mission_duration_s,329.576
374.000,distance_traveled_m,77.75895872746099
374.000,route_deviations,4
374.000,investigation_time_s,35.200000000000045
374.000,hazard_avoidances,1
374.000,min_hazard_distance_m,4.847167440004272
374.000,collisions,0
374.000,time_below_clearance_s,0.0
374.000,safety_zone_violations,0
374.000,min_ttc_s,18.370828703534574
374.000,avoid_success,1
374.000,avoid_timeout,0
374.000,q_convergence,0.8077576956566446
374.000,update_residual,0.0813147059882624
375.000,anomalies_detected,3
375.000,anomalies_unique,3
375.000,investigation_timeouts,0
375.000,mission_duration_s,330.576
375.000,distance_traveled_m,78.02103870763037
375.000,route_deviations,4
375.000,investigation_time_s,35.200000000000045
375.000,hazard_avoidances,1
375.000,min_hazard_distance_m,4.847167440004272
375.000,collisions,0
375.000,time_below_clearance_s,0.0
375.000,safety_zone_violations,0
375.000,min_ttc_s,18.370828703534574
375.000,avoid_success,1
375.000,avoid_timeout,0
375.000,q_convergence,0.7033472093568797
375.000,update_residual,0.07033472093568796
376.000,anomalies_detected,3
376.000,anomalies_unique,3
376.000,investigation_timeouts,0
376.000,mission_duration_s,331.576
376.000,distance_traveled_m,78.28311867786658
376.000,route_deviations,4
376.000,investigation_time_s,35.200000000000045
376.000,hazard_avoidances,1
376.000,min_hazard_distance_m,4.847167440004272
376.000,collisions,0
376.000,time_below_clearance_s,0.0
376.000,safety_zone_violations,0
376.000,min_ttc_s,18.370828703534574
376.000,avoid_success,1
376.000,avoid_timeout,0
376.000,q_convergence,0.9248823106708901
376.000,update_residual,0.092488231067089
377.000,anomalies_detected,3
377.000,anomalies_unique,3
377.000,investigation_timeouts,0
377.000,mission_duration_s,332.576
377.000,distance_traveled_m,78.54519865241456
377.000,route_deviations,4
377.000,investigation_time_s,35.200000000000045
377.000,hazard_avoidances,1
377.000,min_hazard_distance_m,4.847167440004272
377.000,collisions,0
377.000,time_below_clearance_s,0.0
377.000,safety_zone_violations,0
377.000,min_ttc_s,18.370828703534574
377.000,avoid_success,1
377.000,avoid_timeout,0
377.000,q_convergence,0.912185020139498
377.000,update_residual,0.09121850201394976
378.000,anomalies_detected,3
378.000,anomalies_unique,3
378.000,investigation_timeouts,0
378.000,mission_duration_s,333.576
378.000,distance_traveled_m,78.79791861699222
378.000,route_deviations,4
378.000,investigation_time_s,35.200000000000045
378.000,hazard_avoidances,1
378.000,min_hazard_distance_m,4.847167440004272
378.000,collisions,0
378.000,time_below_clearance_s,0.0
378.000,safety_zone_violations,0
378.000,min_ttc_s,18.370828703534574
378.000,avoid_success,1
378.000,avoid_timeout,0
378.000,q_convergence,0.7927371242437437
378.000,update_residual,0.07927371242437434
379.000,anomalies_detected,3
379.000,anomalies_unique,3
379.000,investigation_timeouts,0
379.000,mission_duration_s,334.576
379.000,distance_traveled_m,79.05999859928099
379.000,route_deviations,4
379.000,investigation_time_s,35.200000000000045
379.000,hazard_avoidances,1
379.000,min_hazard_distance_m,4.847167440004272
379.000,collisions,0
379.000,time_below_clearance_s,0.0
379.000,safety_zone_violations,0
379.000,min_ttc_s,18.370828703534574
379.000,avoid_success,1
379.000,avoid_timeout,0
379.000,q_convergence,0.6906196306421989
379.000,update_residual,0.06906196306421987
380.000,anomalies_detected,3
380.000,anomalies_unique,3
380.000,investigation_timeouts,0
380.000,mission_duration_s,335.576
380.000,distance_traveled_m,79.32207858014662
380.000,route_deviations,4
380.000,investigation_time_s,35.200000000000045
380.000,hazard_avoidances,1
380.000,min_hazard_distance_m,4.847167440004272
380.000,collisions,0
380.000,time_below_clearance_s,0.0
380.000,safety_zone_violations,0
380.000,min_ttc_s,18.370828703534574
380.000,avoid_success,1
380.000,avoid_timeout,0
380.000,q_convergence,0.9590050655116906
380.000,update_residual,0.09590050655116909
381.000,anomalies_detected,3
381.000,anomalies_unique,3
381.000,investigation_timeouts,0
381.000,mission_duration_s,336.576
381.000,distance_traveled_m,79.58415855879382
381.000,route_deviations,4
381.000,investigation_time_s,35.200000000000045
381.000,hazard_avoidances,1
381.000,min_hazard_distance_m,4.847167440004272
381.000,collisions,0
381.000,time_below_clearance_s,0.0
381.000,safety_zone_violations,0
381.000,min_ttc_s,18.370828703534574
381.000,avoid_success,1
381.000,avoid_timeout,0
381.000,q_convergence,0.8985705446907885
381.000,update_residual,0.08985705446907881
382.000,anomalies_detected,3
382.000,anomalies_unique,3
382.000,investigation_timeouts,0
382.000,mission_duration_s,337.576
382.000,distance_traveled_m,79.84623852705194
382.000,route_deviations,4
382.000,investigation_time_s,35.200000000000045
382.000,hazard_avoidances,1
382.000,min_hazard_distance_m,4.847167440004272
382.000,collisions,0
382.000,time_below_clearance_s,0.0
382.000,safety_zone_violations,0
382.000,min_ttc_s,18.370828703534574
382.000,avoid_success,1
382.000,avoid_timeout,0
382.000,q_convergence,0.7809054235722653
382.000,update_residual,0.0780905423572265
383.000,anomalies_detected,3
383.000,anomalies_unique,3
383.000,investigation_timeouts,0
383.000,mission_duration_s,338.576
383.000,distance_traveled_m,80.09895848820935
383.000,route_deviations,4
383.000,investigation_time_s,35.200000000000045
383.000,hazard_avoidances,1
383.000,min_hazard_distance_m,4.847167440004272
383.000,collisions,0
383.000,time_below_clearance_s,0.0
383.000,safety_zone_violations,0
383.000,min_ttc_s,18.370828703534574
383.000,avoid_success,1
383.000,avoid_timeout,0
383.000,q_convergence,1.0280286956540476
383.000,update_residual,0.10280286956540478
384.000,anomalies_detected,3
384.000,anomalies_unique,3
384.000,investigation_timeouts,0
384.000,mission_duration_s,339.576
384.000,distance_traveled_m,80.36103846168501
384.000,route_deviations,4
384.000,investigation_time_s,35.200000000000045
384.000,hazard_avoidances,1
384.000,min_hazard_distance_m,4.847167440004272
384.000,collisions,0
384.000,time_below_clearance_s,0.0
384.000,safety_zone_violations,0
384.000,min_ttc_s,18.370828703534574
384.000,avoid_success,1
384.000,avoid_timeout,0
384.000,q_convergence,0.9638521002802641
384.000,update_residual,0.09638521002802643
385.000,anomalies_detected,3
385.000,anomalies_unique,3
385.000,investigation_timeouts,0
385.000,mission_duration_s,340.576
385.000,distance_traveled_m,80.62311844337005
385.000,route_deviations,4
385.000,investigation_time_s,35.200000000000045
385.000,hazard_avoidances,1
385.000,min_hazard_distance_m,4.847167440004272
385.000,collisions,0
385.000,time_below_clearance_s,0.0
385.000,safety_zone_violations,0
385.000,min_ttc_s,18.370828703534574
385.000,avoid_success,1
385.000,avoid_timeout,0
385.000,q_convergence,0.8807334706550105
385.000,update_residual,0.08807334706550105
386.000,anomalies_detected,3
386.000,anomalies_unique,3
386.000,investigation_timeouts,0
386.000,mission_duration_s,341.576
386.000,distance_traveled_m,80.88519842975235
386.000,route_deviations,4
386.000,investigation_time_s,35.200000000000045
386.000,hazard_avoidances,1
386.000,min_hazard_distance_m,4.847167440004272
386.000,collisions,0
386.000,time_below_clearance_s,0.0
386.000,safety_zone_violations,0
386.000,min_ttc_s,18.370828703534574
386.000,avoid_success,1
386.000,avoid_timeout,0
386.000,q_convergence,0.7654040609497098
386.000,update_residual,0.07654040609497097
387.000,anomalies_detected,3
387.000,anomalies_unique,3
387.000,investigation_timeouts,0
387.000,mission_duration_s,342.576
387.000,distance_traveled_m,81.13791841230766
387.000,route_deviations,4
387.000,investigation_time_s,35.200000000000045
387.000,hazard_avoidances,1
387.000,min_hazard_distance_m,4.847167440004272
387.000,collisions,0
387.000,time_below_clearance_s,0.0
387.000,safety_zone_violations,0
387.000,min_ttc_s,18.370828703534574
387.000,avoid_success,1
387.000,avoid_timeout,0
387.000,q_convergence,0.6651766919708523
387.000,update_residual,0.06651766919708521
388.000,anomalies_detected,3
388.000,anomalies_unique,3
388.000,investigation_timeouts,0
388.000,mission_duration_s,343.576
388.000,distance_traveled_m,81.39999838641502
388.000,route_deviations,4
388.000,investigation_time_s,35.200000000000045
388.000,hazard_avoidances,1
388.000,min_hazard_distance_m,4.847167440004272
388.000,collisions,0
388.000,time_below_clearance_s,0.0
388.000,safety_zone_violations,0
388.000,min_ttc_s,18.370828703534574
388.000,avoid_success,1
388.000,avoid_timeout,0
388.000,q_convergence,1.052574790896422
388.000,update_residual,0.10525747908964223
389.000,anomalies_detected,3
389.000,anomalies_unique,3
389.000,investigation_timeouts,0
389.000,mission_duration_s,344.576
389.000,distance_traveled_m,81.66207837968052
389.000,route_deviations,4
389.000,investigation_time_s,35.200000000000045
389.000,hazard_avoidances,1
389.000,min_hazard_distance_m,4.847167440004272
389.000,collisions,0
389.000,time_below_clearance_s,0.0
389.000,safety_zone_violations,0
389.000,min_ttc_s,18.370828703534574
389.000,avoid_success,1
389.000,avoid_timeout,0
389.000,q_convergence,0.8675884135138003
389.000,update_residual,0.08675884135138008
390.000,anomalies_detected,3
390.000,anomalies_unique,3
390.000,investigation_timeouts,0
390.000,mission_duration_s,345.576
390.000,distance_traveled_m,81.92415834481852
390.000,route_deviations,4
390.000,investigation_time_s,35.200000000000045
390.000,hazard_avoidances,1
390.000,min_hazard_distance_m,4.847167440004272
390.000,collisions,0
390.000,time_below_clearance_s,0.0
390.000,safety_zone_violations,0
390.000,min_ttc_s,18.370828703534574
390.000,avoid_success,1
390.000,avoid_timeout,0
390.000,q_convergence,0.7539803096645278
390.000,update_residual,0.07539803096645277
391.000,anomalies_detected,3
391.000,anomalies_unique,3
391.000,investigation_timeouts,0
391.000,mission_duration_s,346.576
391.000,distance_traveled_m,82.18623832887862
391.000,route_deviations,4
391.000,investigation_time_s,35.200000000000045
391.000,hazard_avoidances,1
391.000,min_hazard_distance_m,4.847167440004272
391.000,collisions,0
391.000,time_below_clearance_s,0.0
391.000,safety_zone_violations,0
391.000,min_ttc_s,18.370828703534574
391.000,avoid_success,1
391.000,avoid_timeout,0
391.000,q_convergence,0.6552488466961007
391.000,update_residual,0.06552488466961007
392.000,anomalies_detected,3
392.000,anomalies_unique,3
392.000,investigation_timeouts,0
392.000,mission_duration_s,347.576
392.000,distance_traveled_m,82.4389583238837
392.000,route_deviations,4
392.000,investigation_time_s,35.200000000000045
392.000,hazard_avoidances,1
392.000,min_hazard_distance_m,4.847167440004272
392.000,collisions,0
392.000,time_below_clearance_s,0.0
392.000,safety_zone_violations,0
392.000,min_ttc_s,18.370828703534574
392.000,avoid_success,1
392.000,avoid_timeout,0
392.000,q_convergence,1.0899910882486215
392.000,update_residual,0.10899910882486216
393.000,anomalies_detected,3
393.000,anomalies_unique,3
393.000,investigation_timeouts,0
393.000,mission_duration_s,348.576
393.000,distance_traveled_m,82.70103829644133
393.000,route_deviations,4
393.000,investigation_time_s,35.200000000000045
393.000,hazard_avoidances,1
393.000,min_hazard_distance_m,4.847167440004272
393.000,collisions,0
393.000,time_below_clearance_s,0.0
393.000,safety_zone_violations,0
393.000,min_ttc_s,18.370828703534574
393.000,avoid_success,1
393.000,avoid_timeout,0
393.000,q_convergence,0.8481889461302933
393.000,update_residual,0.0848188946130293
394.000,anomalies_detected,3
394.000,anomalies_unique,3
394.000,investigation_timeouts,0
394.000,mission_duration_s,349.576
394.000,distance_traveled_m,82.96311828547076
394.000,route_deviations,4
394.000,investigation_time_s,35.200000000000045
394.000,hazard_avoidances,1
394.000,min_hazard_distance_m,4.847167440004272
394.000,collisions,0
394.000,time_below_clearance_s,0.0
394.000,safety_zone_violations,0
394.000,min_ttc_s,18.370828703534574
394.000,avoid_success,1
394.000,avoid_timeout,0
394.000,q_convergence,0.7390134239987697
394.000,update_residual,0.07390134239987699
395.000,anomalies_detected,3
395.000,anomalies_unique,3
395.000,investigation_timeouts,0
395.000,mission_duration_s,350.576
395.000,distance_traveled_m,83.22519827537054
395.000,route_deviations,4
395.000,investigation_time_s,35.200000000000045
395.000,hazard_avoidances,1
395.000,min_hazard_distance_m,4.847167440004272
395.000,collisions,0
395.000,time_below_clearance_s,0.0
395.000,safety_zone_violations,0
395.000,min_ttc_s,18.370828703534574
395.000,avoid_success,1
395.000,avoid_timeout,0
395.000,q_convergence,0.6422418298742903
395.000,update_residual,0.06422418298742903
396.000,anomalies_detected,3
396.000,anomalies_unique,3
396.000,investigation_timeouts,0
396.000,mission_duration_s,351.576
396.000,distance_traveled_m,83.47791827121365
396.000,route_deviations,4
396.000,investigation_time_s,35.200000000000045
396.000,hazard_avoidances,1
396.000,min_hazard_distance_m,4.847167440004272
396.000,collisions,0
396.000,time_below_clearance_s,0.0
396.000,safety_zone_violations,0
396.000,min_ttc_s,18.370828703534574
396.000,avoid_success,1
396.000,avoid_timeout,0
396.000,q_convergence,1.1231995085724278
396.000,update_residual,0.11231995085724279
397.000,anomalies_detected,3
397.000,anomalies_unique,3
397.000,investigation_timeouts,0
397.000,mission_duration_s,352.576
397.000,distance_traveled_m,83.73999826489313
397.000,route_deviations,4
397.000,investigation_time_s,35.200000000000045
397.000,hazard_avoidances,1
397.000,min_hazard_distance_m,4.847167440004272
397.000,collisions,0
397.000,time_below_clearance_s,0.0
397.000,safety_zone_violations,0
397.000,min_ttc_s,18.370828703534574
397.000,avoid_success,1
397.000,avoid_timeout,0
397.000,q_convergence,0.8355296200856803
397.000,update_residual,0.08355296200856804
398.000,anomalies_detected,3
398.000,anomalies_unique,3
398.000,investigation_timeouts,0
398.000,mission_duration_s,353.576
398.000,distance_traveled_m,84.00207825601917
398.000,route_deviations,4
398.000,investigation_time_s,35.200000000000045
398.000,hazard_avoidances,1
398.000,min_hazard_distance_m,4.847167440004272
398.000,collisions,0
398.000,time_below_clearance_s,0.0
398.000,safety_zone_violations,0
398.000,min_ttc_s,18.370828703534574
398.000,avoid_success,1
398.000,avoid_timeout,0
398.000,q_convergence,0.7279835562689101
398.000,update_residual,0.072798355626891
399.000,anomalies_detected,3
399.000,anomalies_unique,3
399.000,investigation_timeouts,0
399.000,mission_duration_s,354.576
399.000,distance_traveled_m,84.26415824868138
399.000,route_deviations,4
399.000,investigation_time_s,35.200000000000045
399.000,hazard_avoidances,1
399.000,min_hazard_distance_m,4.847167440004272
399.000,collisions,0
399.000,time_below_clearance_s,0.0
399.000,safety_zone_violations,0
399.000,min_ttc_s,18.370828703534574
399.000,avoid_success,1
399.000,avoid_timeout,0
399.000,q_convergence,0.6326562902831879
399.000,update_residual,0.0632656290283188
400.000,anomalies_detected,3
400.000,anomalies_unique,3
400.000,investigation_timeouts,0
400.000,mission_duration_s,355.576
400.000,distance_traveled_m,84.52623822059583
400.000,route_deviations,4
400.000,investigation_time_s,35.200000000000045
400.000,hazard_avoidances,1
400.000,min_hazard_distance_m,4.847167440004272
400.000,collisions,0
400.000,time_below_clearance_s,0.0
400.000,safety_zone_violations,0
400.000,min_ttc_s,18.370828703534574
400.000,avoid_success,1
400.000,avoid_timeout,0
400.000,q_convergence,1.1460524773444176
400.000,update_residual,0.11460524773444179
401.000,anomalies_detected,3
401.000,anomalies_unique,3
401.000,investigation_timeouts,0
401.000,mission_duration_s,356.576
401.000,distance_traveled_m,84.77895818494687
401.000,route_deviations,4
401.000,investigation_time_s,35.200000000000045
401.000,hazard_avoidances,1
401.000,min_hazard_distance_m,4.847167440004272
401.000,collisions,0
401.000,time_below_clearance_s,0.0
401.000,safety_zone_violations,0
401.000,min_ttc_s,18.370828703534574
401.000,avoid_success,1
401.000,avoid_timeout,0
401.000,q_convergence,0.8251721291677026
401.000,update_residual,0.08251721291677028
402.000,anomalies_detected,3
402.000,anomalies_unique,3
402.000,investigation_timeouts,0
402.000,mission_duration_s,357.576
402.000,distance_traveled_m,85.04103817284073
402.000,route_deviations,4
402.000,investigation_time_s,35.200000000000045
402.000,hazard_avoidances,1
402.000,min_hazard_distance_m,4.847167440004272
402.000,collisions,0
402.000,time_below_clearance_s,0.0
402.000,safety_zone_violations,0
402.000,min_ttc_s,18.370828703534574
402.000,avoid_success,1
402.000,avoid_timeout,0
402.000,q_convergence,0.7188764769982107
402.000,update_residual,0.07188764769982109
403.000,anomalies_detected,3
403.000,anomalies_unique,3
403.000,investigation_timeouts,0
403.000,mission_duration_s,358.576
403.000,distance_traveled_m,85.30311814687543
403.000,route_deviations,4
403.000,investigation_time_s,35.200000000000045
403.000,hazard_avoidances,1
403.000,min_hazard_distance_m,4.847167440004272
403.000,collisions,0
403.000,time_below_clearance_s,0.0
403.000,safety_zone_violations,0
403.000,min_ttc_s,18.370828703534574
403.000,avoid_success,1
403.000,avoid_timeout,0
403.000,q_convergence,0.6263455437876131
403.000,update_residual,0.06263455437876132
404.000,anomalies_detected,3
404.000,anomalies_unique,3
404.000,investigation_timeouts,0
404.000,mission_duration_s,359.576
404.000,distance_traveled_m,85.56519814164822
404.000,route_deviations,4
404.000,investigation_time_s,35.200000000000045
404.000,hazard_avoidances,1
404.000,min_hazard_distance_m,4.847167440004272
404.000,collisions,0
404.000,time_below_clearance_s,0.0
404.000,safety_zone_violations,0
404.000,min_ttc_s,18.370828703534574
404.000,avoid_success,1
404.000,avoid_timeout,0
404.000,q_convergence,0.945321159682574
404.000,update_residual,0.0945321159682574
405.000,anomalies_detected,3
405.000,anomalies_unique,3
405.000,investigation_timeouts,0
405.000,mission_duration_s,360.576
405.000,distance_traveled_m,85.81791811376495
405.000,route_deviations,4
405.000,investigation_time_s,35.200000000000045
405.000,hazard_avoidances,1
405.000,min_hazard_distance_m,4.847167440004272
405.000,collisions,0
405.000,time_below_clearance_s,0.0
405.000,safety_zone_violations,0
405.000,min_ttc_s,18.370828703534574
405.000,avoid_success,1
405.000,avoid_timeout,0
405.000,q_convergence,0.9517316583458004
405.000,update_residual,0.09517316583458003
406.000,anomalies_detected,3
406.000,anomalies_unique,3
406.000,investigation_timeouts,0
406.000,mission_duration_s,361.576
406.000,distance_traveled_m,86.07999809080782
406.000,route_deviations,4
406.000,investigation_time_s,35.200000000000045
406.000,hazard_avoidances,1
406.000,min_hazard_distance_m,4.847167440004272
406.000,collisions,0
406.000,time_below_clearance_s,0.0
406.000,safety_zone_violations,0
406.000,min_ttc_s,18.370828703534574
406.000,avoid_success,1
406.000,avoid_timeout,0
406.000,q_convergence,0.9053000796937092
406.000,update_residual,0.0905300079693709
407.000,anomalies_detected,3
407.000,anomalies_unique,3
407.000,investigation_timeouts,0
407.000,mission_duration_s,362.576
407.000,distance_traveled_m,86.342077851539
407.000,route_deviations,4
407.000,investigation_time_s,35.200000000000045
407.000,hazard_avoidances,1
407.000,min_hazard_distance_m,4.847167440004272
407.000,collisions,0
407.000,time_below_clearance_s,0.0
407.000,safety_zone_violations,0
407.000,min_ttc_s,18.370828703534574
407.000,avoid_success,1
407.000,avoid_timeout,0
407.000,q_convergence,0.788773438622525
407.000,update_residual,0.07887734386225247
408.000,anomalies_detected,3
408.000,anomalies_unique,3
408.000,investigation_timeouts,0
408.000,mission_duration_s,363.576
408.000,distance_traveled_m,86.47095796040746
408.000,route_deviations,4
408.000,investigation_time_s,35.200000000000045
408.000,hazard_avoidances,1
408.000,min_hazard_distance_m,4.847167440004272
408.000,collisions,0
408.000,time_below_clearance_s,0.0
408.000,safety_zone_violations,0
408.000,min_ttc_s,18.370828703534574
408.000,avoid_success,1
408.000,avoid_timeout,0
408.000,q_convergence,0.6827735382926132
408.000,update_residual,0.06827735382926133
408.000,anomalies_detected,3
408.000,anomalies_unique,3
408.000,investigation_timeouts,0
408.000,mission_duration_s,363.576
408.000,distance_traveled_m,86.47095796040746
408.000,route_deviations,4
408.000,investigation_time_s,35.200000000000045
408.000,hazard_avoidances,1
408.000,min_hazard_distance_m,4.847167440004272
408.000,collisions,0
408.000,time_below_clearance_s,0.0
408.000,safety_zone_violations,0
408.000,min_ttc_s,18.370828703534574
408.000,avoid_success,1
408.000,avoid_timeout,0
408.000,q_convergence,0.6827735382926132
408.000,update_residual,0.06827735382926133
409.000,anomalies_detected,3
409.000,anomalies_unique,3
409.000,investigation_timeouts,0
409.000,mission_duration_s,363.576
409.000,distance_traveled_m,86.47095796041339
409.000,route_deviations,4
409.000,investigation_time_s,35.200000000000045
409.000,hazard_avoidances,1
409.000,min_hazard_distance_m,4.847167440004272
409.000,collisions,0
409.000,time_below_clearance_s,0.0
409.000,safety_zone_violations,0
409.000,min_ttc_s,18.370828703534574
409.000,avoid_success,1
409.000,avoid_timeout,0
409.000,q_convergence,0.5317181682075387
409.000,update_residual,0.05317181682075387
410.000,anomalies_detected,3
410.000,anomalies_unique,3
410.000,investigation_timeouts,0
410.000,mission_duration_s,363.576
410.000,distance_traveled_m,86.47095796041339
410.000,route_deviations,4
410.000,investigation_time_s,35.200000000000045
410.000,hazard_avoidances,1
410.000,min_hazard_distance_m,4.847167440004272
410.000,collisions,0
410.000,time_below_clearance_s,0.0
410.000,safety_zone_violations,0
410.000,min_ttc_s,18.370828703534574
410.000,avoid_success,1
410.000,avoid_timeout,0
410.000,q_convergence,0.4620912668665996
410.000,update_residual,0.04620912668665996
411.000,anomalies_detected,3
411.000,anomalies_unique,3
411.000,investigation_timeouts,0
411.000,mission_duration_s,363.576
411.000,distance_traveled_m,86.47095796041339
411.000,route_deviations,4
411.000,investigation_time_s,35.200000000000045
411.000,hazard_avoidances,1
411.000,min_hazard_distance_m,4.847167440004272
411.000,collisions,0
411.000,time_below_clearance_s,0.0
411.000,safety_zone_violations,0
411.000,min_ttc_s,18.370828703534574
411.000,avoid_success,1
411.000,avoid_timeout,0
411.000,q_convergence,0.402566361895616
411.000,update_residual,0.040256636189561594
412.000,anomalies_detected,3
412.000,anomalies_unique,3
412.000,investigation_timeouts,0
412.000,mission_duration_s,363.576
412.000,distance_traveled_m,86.47095796041339
412.000,route_deviations,4
412.000,investigation_time_s,35.200000000000045
412.000,hazard_avoidances,1
412.000,min_hazard_distance_m,4.847167440004272
412.000,collisions,0
412.000,time_below_clearance_s,0.0
412.000,safety_zone_violations,0
412.000,min_ttc_s,18.370828703534574
412.000,avoid_success,1
412.000,avoid_timeout,0
412.000,q_convergence,0.3507496140435518
412.000,update_residual,0.03507496140435518
413.000,anomalies_detected,3
413.000,anomalies_unique,3
413.000,investigation_timeouts,0
413.000,mission_duration_s,363.576
413.000,distance_traveled_m,86.47095796041339
413.000,route_deviations,4
413.000,investigation_time_s,35.200000000000045
413.000,hazard_avoidances,1
413.000,min_hazard_distance_m,4.847167440004272
413.000,collisions,0
413.000,time_below_clearance_s,0.0
413.000,safety_zone_violations,0
413.000,min_ttc_s,18.370828703534574
413.000,avoid_success,1
413.000,avoid_timeout,0
413.000,q_convergence,0.3048200027708921
413.000,update_residual,0.030482000277089204
414.000,anomalies_detected,3
414.000,anomalies_unique,3
414.000,investigation_timeouts,0
414.000,mission_duration_s,363.576
414.000,distance_traveled_m,86.47095796041339
414.000,route_deviations,4
414.000,investigation_time_s,35.200000000000045
414.000,hazard_avoidances,1
414.000,min_hazard_distance_m,4.847167440004272
414.000,collisions,0
414.000,time_below_clearance_s,0.0
414.000,safety_zone_violations,0
414.000,min_ttc_s,18.370828703534574
414.000,avoid_success,1
414.000,avoid_timeout,0
414.000,q_convergence,0.26490473651015817
414.000,update_residual,0.026490473651015818
415.000,anomalies_detected,3
415.000,anomalies_unique,3
415.000,investigation_timeouts,0
415.000,mission_duration_s,363.576
415.000,distance_traveled_m,86.47095796041339
415.000,route_deviations,4
415.000,investigation_time_s,35.200000000000045
415.000,hazard_avoidances,1
415.000,min_hazard_distance_m,4.847167440004272
415.000,collisions,0
415.000,time_below_clearance_s,0.0
415.000,safety_zone_violations,0
415.000,min_ttc_s,18.370828703534574
415.000,avoid_success,1
415.000,avoid_timeout,0
415.000,q_convergence,0.23078067834724403
415.000,update_residual,0.02307806783472441
416.000,anomalies_detected,3
416.000,anomalies_unique,3
416.000,investigation_timeouts,0
416.000,mission_duration_s,363.576
416.000,distance_traveled_m,86.47095796041339
416.000,route_deviations,4
416.000,investigation_time_s,35.200000000000045
416.000,hazard_avoidances,1
416.000,min_hazard_distance_m,4.847167440004272
416.000,collisions,0
416.000,time_below_clearance_s,0.0
416.000,safety_zone_violations,0
416.000,min_ttc_s,18.370828703534574
416.000,avoid_success,1
416.000,avoid_timeout,0
416.000,q_convergence,0.20107550337251962
416.000,update_residual,0.020107550337251957
417.000,anomalies_detected,3
417.000,anomalies_unique,3
417.000,investigation_timeouts,0
417.000,mission_duration_s,363.576
417.000,distance_traveled_m,86.47095796041339
417.000,route_deviations,4
417.000,investigation_time_s,35.200000000000045
417.000,hazard_avoidances,1
417.000,min_hazard_distance_m,4.847167440004272
417.000,collisions,0
417.000,time_below_clearance_s,0.0
417.000,safety_zone_violations,0
417.000,min_ttc_s,18.370828703534574
417.000,avoid_success,1
417.000,avoid_timeout,0
417.000,q_convergence,0.17474526853665942
417.000,update_residual,0.01747452685366594
418.000,anomalies_detected,3
418.000,anomalies_unique,3
418.000,investigation_timeouts,0
418.000,mission_duration_s,363.576
418.000,distance_traveled_m,86.47095796041339
418.000,route_deviations,4
418.000,investigation_time_s,35.200000000000045
418.000,hazard_avoidances,1
418.000,min_hazard_distance_m,4.847167440004272
418.000,collisions,0
418.000,time_below_clearance_s,0.0
418.000,safety_zone_violations,0
418.000,min_ttc_s,18.370828703534574
418.000,avoid_success,1
418.000,avoid_timeout,0
418.000,q_convergence,0.15186289907914435
418.000,update_residual,0.015186289907914438
