timestamp,metric,value
43.228,anomalies_detected,0
43.228,anomalies_unique,0
43.228,investigation_timeouts,0
43.228,mission_duration_s,0.0
43.228,distance_traveled_m,0.0
43.228,route_deviations,0
43.228,investigation_time_s,0.0
43.228,hazard_avoidances,0
43.228,min_hazard_distance_m,-1.0
43.228,collisions,0
43.228,time_below_clearance_s,0.0
43.228,safety_zone_violations,0
43.228,min_ttc_s,-1.0
43.228,avoid_success,0
43.228,avoid_timeout,0
43.228,q_convergence,0.0
43.228,update_residual,0.0
43.228,investigation_deferred,0
43.228,nav_aborted,0
43.228,nav_canceled,0
43.228,nav_rejected,0
43.228,run_seed,5
44.000,anomalies_detected,0
44.000,anomalies_unique,0
44.000,investigation_timeouts,0
44.000,mission_duration_s,0.0
44.000,distance_traveled_m,1.8881943032954495e-19
44.000,route_deviations,0
44.000,investigation_time_s,0.0
44.000,hazard_avoidances,0
44.000,min_hazard_distance_m,-1.0
44.000,collisions,0
44.000,time_below_clearance_s,0.0
44.000,safety_zone_violations,0
44.000,min_ttc_s,-1.0
44.000,avoid_success,0
44.000,avoid_timeout,0
44.000,q_convergence,0.0
44.000,update_residual,0.0
44.000,investigation_deferred,0
44.000,nav_aborted,0
44.000,nav_canceled,0
44.000,nav_rejected,0
44.000,run_seed,5
45.000,anomalies_detected,0
45.000,anomalies_unique,0
45.000,investigation_timeouts,0
45.000,mission_duration_s,0.9960000000000022
45.000,distance_traveled_m,0.08014262348891892
45.000,route_deviations,0
45.000,investigation_time_s,0.0
45.000,hazard_avoidances,0
45.000,min_hazard_distance_m,-1.0
45.000,collisions,0
45.000,time_below_clearance_s,0.0
45.000,safety_zone_violations,0
45.000,min_ttc_s,-1.0
45.000,avoid_success,0
45.000,avoid_timeout,0
45.000,q_convergence,0.0
45.000,update_residual,0.0
45.000,investigation_deferred,0
45.000,nav_aborted,0
45.000,nav_canceled,0
45.000,nav_rejected,0
45.000,run_seed,5
46.000,anomalies_detected,0
46.000,anomalies_unique,0
46.000,investigation_timeouts,0
46.000,mission_duration_s,1.9960000000000022
46.000,distance_traveled_m,0.3394877697173524
46.000,route_deviations,0
46.000,investigation_time_s,0.0
46.000,hazard_avoidances,0
46.000,min_hazard_distance_m,11.221402833116361
46.000,collisions,0
46.000,time_below_clearance_s,0.0
46.000,safety_zone_violations,0
46.000,min_ttc_s,22.41632080644597
46.000,avoid_success,0
46.000,avoid_timeout,0
46.000,q_convergence,0.0
46.000,update_residual,0.0
46.000,investigation_deferred,0
46.000,nav_aborted,0
46.000,nav_canceled,0
46.000,nav_rejected,0
46.000,run_seed,5
47.000,anomalies_detected,0
47.000,anomalies_unique,0
47.000,investigation_timeouts,0
47.000,mission_duration_s,2.996000000000002
47.000,distance_traveled_m,0.6015677134584853
47.000,route_deviations,0
47.000,investigation_time_s,0.0
47.000,hazard_avoidances,0
47.000,min_hazard_distance_m,10.973360596847149
47.000,collisions,0
47.000,time_below_clearance_s,0.0
47.000,safety_zone_violations,0
47.000,min_ttc_s,22.41632080644597
47.000,avoid_success,0
47.000,avoid_timeout,0
47.000,q_convergence,0.0
47.000,update_residual,0.0
47.000,investigation_deferred,0
47.000,nav_aborted,0
47.000,nav_canceled,0
47.000,nav_rejected,0
47.000,run_seed,5
48.000,anomalies_detected,0
48.000,anomalies_unique,0
48.000,investigation_timeouts,0
48.000,mission_duration_s,3.996000000000002
48.000,distance_traveled_m,0.8636476724355986
48.000,route_deviations,0
48.000,investigation_time_s,0.0
48.000,hazard_avoidances,0
48.000,min_hazard_distance_m,10.722028529961412
48.000,collisions,0
48.000,time_below_clearance_s,0.0
48.000,safety_zone_violations,0
48.000,min_ttc_s,22.41632080644597
48.000,avoid_success,0
48.000,avoid_timeout,0
48.000,q_convergence,0.0
48.000,update_residual,0.0
48.000,investigation_deferred,0
48.000,nav_aborted,0
48.000,nav_canceled,0
48.000,nav_rejected,0
48.000,run_seed,5
49.000,anomalies_detected,0
49.000,anomalies_unique,0
49.000,investigation_timeouts,0
49.000,mission_duration_s,4.996000000000002
49.000,distance_traveled_m,1.125727653923469
49.000,route_deviations,0
49.000,investigation_time_s,0.0
49.000,hazard_avoidances,0
49.000,min_hazard_distance_m,10.477433013583575
49.000,collisions,0
49.000,time_below_clearance_s,0.0
49.000,safety_zone_violations,0
49.000,min_ttc_s,21.829023828090257
49.000,avoid_success,0
49.000,avoid_timeout,0
49.000,q_convergence,0.0
49.000,update_residual,0.0
49.000,investigation_deferred,0
49.000,nav_aborted,0
49.000,nav_canceled,0
49.000,nav_rejected,0
49.000,run_seed,5
50.000,anomalies_detected,0
50.000,anomalies_unique,0
50.000,investigation_timeouts,0
50.000,mission_duration_s,5.996000000000002
50.000,distance_traveled_m,1.3784476469230793
50.000,route_deviations,0
50.000,investigation_time_s,0.0
50.000,hazard_avoidances,0
50.000,min_hazard_distance_m,10.24031648387205
50.000,collisions,0
50.000,time_below_clearance_s,0.0
50.000,safety_zone_violations,0
50.000,min_ttc_s,21.142413574705927
50.000,avoid_success,0
50.000,avoid_timeout,0
50.000,q_convergence,0.0
50.000,update_residual,0.0
50.000,investigation_deferred,0
50.000,nav_aborted,0
50.000,nav_canceled,0
50.000,nav_rejected,0
50.000,run_seed,5
51.000,anomalies_detected,0
51.000,anomalies_unique,0
51.000,investigation_timeouts,0
51.000,mission_duration_s,6.996000000000002
51.000,distance_traveled_m,1.6405276413443128
51.000,route_deviations,0
51.000,investigation_time_s,0.0
51.000,hazard_avoidances,0
51.000,min_hazard_distance_m,9.993995633035803
51.000,collisions,0
51.000,time_below_clearance_s,0.0
51.000,safety_zone_violations,0
51.000,min_ttc_s,20.53021372978679
51.000,avoid_success,0
51.000,avoid_timeout,0
51.000,q_convergence,0.0
51.000,update_residual,0.0
51.000,investigation_deferred,0
51.000,nav_aborted,0
51.000,nav_canceled,0
51.000,nav_rejected,0
51.000,run_seed,5
52.000,anomalies_detected,0
52.000,anomalies_unique,0
52.000,investigation_timeouts,0
52.000,mission_duration_s,7.996000000000002
52.000,distance_traveled_m,1.9026076378408847
52.000,route_deviations,0
52.000,investigation_time_s,0.0
52.000,hazard_avoidances,0
52.000,min_hazard_distance_m,9.74788767360657
52.000,collisions,0
52.000,time_below_clearance_s,0.0
52.000,safety_zone_violations,0
52.000,min_ttc_s,20.12727430387874
52.000,avoid_success,0
52.000,avoid_timeout,0
52.000,q_convergence,0.0
52.000,update_residual,0.0
52.000,investigation_deferred,0
52.000,nav_aborted,0
52.000,nav_canceled,0
52.000,nav_rejected,0
52.000,run_seed,5
53.000,anomalies_detected,0
53.000,anomalies_unique,0
53.000,investigation_timeouts,0
53.000,mission_duration_s,8.996000000000002
53.000,distance_traveled_m,2.164687474534975
53.000,route_deviations,0
53.000,investigation_time_s,0.0
53.000,hazard_avoidances,0
53.000,min_hazard_distance_m,9.501772378922073
53.000,collisions,0
53.000,time_below_clearance_s,0.0
53.000,safety_zone_violations,0
53.000,min_ttc_s,19.361626678601525
53.000,avoid_success,0
53.000,avoid_timeout,0
53.000,q_convergence,0.0
53.000,update_residual,0.0
53.000,investigation_deferred,0
53.000,nav_aborted,0
53.000,nav_canceled,0
53.000,nav_rejected,0
53.000,run_seed,5
54.000,anomalies_detected,0
54.000,anomalies_unique,0
54.000,investigation_timeouts,0
54.000,mission_duration_s,9.996000000000002
54.000,distance_traveled_m,2.4174072908980375
54.000,route_deviations,0
54.000,investigation_time_s,0.0
54.000,hazard_avoidances,0
54.000,min_hazard_distance_m,9.25684278657474
54.000,collisions,0
54.000,time_below_clearance_s,0.0
54.000,safety_zone_violations,0
54.000,min_ttc_s,18.307359365154795
54.000,avoid_success,0
54.000,avoid_timeout,0
54.000,q_convergence,0.0
54.000,update_residual,0.0
54.000,investigation_deferred,0
54.000,nav_aborted,0
54.000,nav_canceled,0
54.000,nav_rejected,0
54.000,run_seed,5
55.000,anomalies_detected,0
55.000,anomalies_unique,0
55.000,investigation_timeouts,0
55.000,mission_duration_s,10.996000000000002
55.000,distance_traveled_m,2.679487236643194
55.000,route_deviations,0
55.000,investigation_time_s,0.0
55.000,hazard_avoidances,0
55.000,min_hazard_distance_m,9.003860050178938
55.000,collisions,0
55.000,time_below_clearance_s,0.0
55.000,safety_zone_violations,0
55.000,min_ttc_s,18.307359365154795
55.000,avoid_success,0
55.000,avoid_timeout,0
55.000,q_convergence,0.0
55.000,update_residual,0.0
55.000,investigation_deferred,0
55.000,nav_aborted,0
55.000,nav_canceled,0
55.000,nav_rejected,0
55.000,run_seed,5
56.000,anomalies_detected,0
56.000,anomalies_unique,0
56.000,investigation_timeouts,0
56.000,mission_duration_s,11.996000000000002
56.000,distance_traveled_m,2.9415671899785125
56.000,route_deviations,0
56.000,investigation_time_s,0.0
56.000,hazard_avoidances,0
56.000,min_hazard_distance_m,8.755805501844796
56.000,collisions,0
56.000,time_below_clearance_s,0.0
56.000,safety_zone_violations,0
56.000,min_ttc_s,17.923142349222317
56.000,avoid_success,0
56.000,avoid_timeout,0
56.000,q_convergence,0.0
56.000,update_residual,0.0
56.000,investigation_deferred,0
56.000,nav_aborted,0
56.000,nav_canceled,0
56.000,nav_rejected,0
56.000,run_seed,5
57.000,anomalies_detected,0
57.000,anomalies_unique,0
57.000,investigation_timeouts,0
57.000,mission_duration_s,12.996000000000002
57.000,distance_traveled_m,3.2036471400857787
57.000,route_deviations,0
57.000,investigation_time_s,0.0
57.000,hazard_avoidances,0
57.000,min_hazard_distance_m,8.505515902760882
57.000,collisions,0
57.000,time_below_clearance_s,0.0
57.000,safety_zone_violations,0
57.000,min_ttc_s,17.072736539286645
57.000,avoid_success,0
57.000,avoid_timeout,0
57.000,q_convergence,0.0
57.000,update_residual,0.0
57.000,investigation_deferred,0
57.000,nav_aborted,0
57.000,nav_canceled,0
57.000,nav_rejected,0
57.000,run_seed,5
58.000,anomalies_detected,0
58.000,anomalies_unique,0
58.000,investigation_timeouts,0
58.000,mission_duration_s,13.996000000000002
58.000,distance_traveled_m,3.465727133317816
58.000,route_deviations,0
58.000,investigation_time_s,0.0
58.000,hazard_avoidances,0
58.000,min_hazard_distance_m,8.255443131456698
58.000,collisions,0
58.000,time_below_clearance_s,0.0
58.000,safety_zone_violations,0
58.000,min_ttc_s,16.83331468473786
58.000,avoid_success,0
58.000,avoid_timeout,0
58.000,q_convergence,0.0
58.000,update_residual,0.0
58.000,investigation_deferred,0
58.000,nav_aborted,0
58.000,nav_canceled,0
58.000,nav_rejected,0
58.000,run_seed,5
59.000,anomalies_detected,0
59.000,anomalies_unique,0
59.000,investigation_timeouts,0
59.000,mission_duration_s,14.996000000000002
59.000,distance_traveled_m,3.7184471072153413
59.000,route_deviations,0
59.000,investigation_time_s,0.0
59.000,hazard_avoidances,0
59.000,min_hazard_distance_m,8.013633884779214
59.000,collisions,0
59.000,time_below_clearance_s,0.0
59.000,safety_zone_violations,0
59.000,min_ttc_s,16.076940409780256
59.000,avoid_success,0
59.000,avoid_timeout,0
59.000,q_convergence,0.0
59.000,update_residual,0.0
59.000,investigation_deferred,0
59.000,nav_aborted,0
59.000,nav_canceled,0
59.000,nav_rejected,0
59.000,run_seed,5
60.000,anomalies_detected,0
60.000,anomalies_unique,0
60.000,investigation_timeouts,0
60.000,mission_duration_s,15.996000000000002
60.000,distance_traveled_m,3.980527072338719
60.000,route_deviations,0
60.000,investigation_time_s,0.0
60.000,hazard_avoidances,0
60.000,min_hazard_distance_m,7.764240136415825
60.000,collisions,0
60.000,time_below_clearance_s,0.0
60.000,safety_zone_violations,0
60.000,min_ttc_s,16.035969300326155
60.000,avoid_success,0
60.000,avoid_timeout,0
60.000,q_convergence,0.0
60.000,update_residual,0.0
60.000,investigation_deferred,0
60.000,nav_aborted,0
60.000,nav_canceled,0
60.000,nav_rejected,0
60.000,run_seed,5
61.000,anomalies_detected,0
61.000,anomalies_unique,0
61.000,investigation_timeouts,0
61.000,mission_duration_s,16.996000000000002
61.000,distance_traveled_m,4.242606454925582
61.000,route_deviations,0
61.000,investigation_time_s,0.0
61.000,hazard_avoidances,0
61.000,min_hazard_distance_m,7.517163991031649
61.000,collisions,0
61.000,time_below_clearance_s,0.0
61.000,safety_zone_violations,0
61.000,min_ttc_s,15.740513602061151
61.000,avoid_success,0
61.000,avoid_timeout,0
61.000,q_convergence,0.0
61.000,update_residual,0.0
61.000,investigation_deferred,0
61.000,nav_aborted,0
61.000,nav_canceled,0
61.000,nav_rejected,0
61.000,run_seed,5
62.000,anomalies_detected,0
62.000,anomalies_unique,0
62.000,investigation_timeouts,0
62.000,mission_duration_s,17.996000000000002
62.000,distance_traveled_m,4.504686098601663
62.000,route_deviations,0
62.000,investigation_time_s,0.0
62.000,hazard_avoidances,0
62.000,min_hazard_distance_m,7.258191931839816
62.000,collisions,0
62.000,time_below_clearance_s,0.0
62.000,safety_zone_violations,0
62.000,min_ttc_s,14.578697839286683
62.000,avoid_success,0
62.000,avoid_timeout,0
62.000,q_convergence,0.0
62.000,update_residual,0.0
62.000,investigation_deferred,0
62.000,nav_aborted,0
62.000,nav_canceled,0
62.000,nav_rejected,0
62.000,run_seed,5
63.000,anomalies_detected,0
63.000,anomalies_unique,0
63.000,investigation_timeouts,0
63.000,mission_duration_s,18.996000000000002
63.000,distance_traveled_m,4.757406075021124
63.000,route_deviations,0
63.000,investigation_time_s,0.0
63.000,hazard_avoidances,0
63.000,min_hazard_distance_m,7.007450771934292
63.000,collisions,0
63.000,time_below_clearance_s,0.0
63.000,safety_zone_violations,0
63.000,min_ttc_s,14.578697839286683
63.000,avoid_success,0
63.000,avoid_timeout,0
63.000,q_convergence,0.0
63.000,update_residual,0.0
63.000,investigation_deferred,0
63.000,nav_aborted,0
63.000,nav_canceled,0
63.000,nav_rejected,0
63.000,run_seed,5
64.000,anomalies_detected,0
64.000,anomalies_unique,0
64.000,investigation_timeouts,0
64.000,mission_duration_s,19.996000000000002
64.000,distance_traveled_m,5.019486043603933
64.000,route_deviations,0
64.000,investigation_time_s,0.0
64.000,hazard_avoidances,0
64.000,min_hazard_distance_m,6.748927966853464
64.000,collisions,0
64.000,time_below_clearance_s,0.0
64.000,safety_zone_violations,0
64.000,min_ttc_s,13.384718913863901
64.000,avoid_success,0
64.000,avoid_timeout,0
64.000,q_convergence,0.0
64.000,update_residual,0.0
64.000,investigation_deferred,0
64.000,nav_aborted,0
64.000,nav_canceled,0
64.000,nav_rejected,0
64.000,run_seed,5
65.000,anomalies_detected,0
65.000,anomalies_unique,0
65.000,investigation_timeouts,0
65.000,mission_duration_s,20.996000000000002
65.000,distance_traveled_m,5.281566031980129
65.000,route_deviations,0
65.000,investigation_time_s,0.0
65.000,hazard_avoidances,0
65.000,min_hazard_distance_m,6.489907785487741
65.000,collisions,0
65.000,time_below_clearance_s,0.0
65.000,safety_zone_violations,0
65.000,min_ttc_s,12.982475390748228
65.000,avoid_success,0
65.000,avoid_timeout,0
65.000,q_convergence,0.0
65.000,update_residual,0.0
65.000,investigation_deferred,0
65.000,nav_aborted,0
65.000,nav_canceled,0
65.000,nav_rejected,0
65.000,run_seed,5
66.000,anomalies_detected,0
66.000,anomalies_unique,0
66.000,investigation_timeouts,0
66.000,mission_duration_s,21.996000000000002
66.000,distance_traveled_m,5.543646002556706
66.000,route_deviations,0
66.000,investigation_time_s,0.0
66.000,hazard_avoidances,0
66.000,min_hazard_distance_m,6.241093520433837
66.000,collisions,0
66.000,time_below_clearance_s,0.0
66.000,safety_zone_violations,0
66.000,min_ttc_s,12.237386427974382
66.000,avoid_success,0
66.000,avoid_timeout,0
66.000,q_convergence,0.0
66.000,update_residual,0.0
66.000,investigation_deferred,0
66.000,nav_aborted,0
66.000,nav_canceled,0
66.000,nav_rejected,0
66.000,run_seed,5
67.000,anomalies_detected,0
67.000,anomalies_unique,0
67.000,investigation_timeouts,0
67.000,mission_duration_s,22.996000000000002
67.000,distance_traveled_m,5.805725978470782
67.000,route_deviations,0
67.000,investigation_time_s,0.0
67.000,hazard_avoidances,0
67.000,min_hazard_distance_m,5.973196286639024
67.000,collisions,0
67.000,time_below_clearance_s,0.0
67.000,safety_zone_violations,0
67.000,min_ttc_s,11.695406545492029
67.000,avoid_success,0
67.000,avoid_timeout,0
67.000,q_convergence,0.0
67.000,update_residual,0.0
67.000,investigation_deferred,0
67.000,nav_aborted,0
67.000,nav_canceled,0
67.000,nav_rejected,0
67.000,run_seed,5
68.000,anomalies_detected,0
68.000,anomalies_unique,0
68.000,investigation_timeouts,0
68.000,mission_duration_s,23.996000000000002
68.000,distance_traveled_m,6.05844596585092
68.000,route_deviations,0
68.000,investigation_time_s,0.0
68.000,hazard_avoidances,0
68.000,min_hazard_distance_m,5.7232468821527
68.000,collisions,0
68.000,time_below_clearance_s,0.0
68.000,safety_zone_violations,0
68.000,min_ttc_s,11.269918872723094
68.000,avoid_success,0
68.000,avoid_timeout,0
68.000,q_convergence,0.0
68.000,update_residual,0.0
68.000,investigation_deferred,0
68.000,nav_aborted,0
68.000,nav_canceled,0
68.000,nav_rejected,0
68.000,run_seed,5
69.000,anomalies_detected,0
69.000,anomalies_unique,0
69.000,investigation_timeouts,0
69.000,mission_duration_s,24.996000000000002
69.000,distance_traveled_m,6.320525947745985
69.000,route_deviations,0
69.000,investigation_time_s,0.0
69.000,hazard_avoidances,0
69.000,min_hazard_distance_m,5.465059275411834
69.000,collisions,0
69.000,time_below_clearance_s,0.0
69.000,safety_zone_violations,0
69.000,min_ttc_s,10.783394128857804
69.000,avoid_success,0
69.000,avoid_timeout,0
69.000,q_convergence,0.0
69.000,update_residual,0.0
69.000,investigation_deferred,0
69.000,nav_aborted,0
69.000,nav_canceled,0
69.000,nav_rejected,0
69.000,run_seed,5
70.000,anomalies_detected,0
70.000,anomalies_unique,0
70.000,investigation_timeouts,0
70.000,mission_duration_s,25.996000000000002
70.000,distance_traveled_m,6.582605928621897
70.000,route_deviations,0
70.000,investigation_time_s,0.0
70.000,hazard_avoidances,0
70.000,min_hazard_distance_m,5.206776095830627
70.000,collisions,0
70.000,time_below_clearance_s,0.0
70.000,safety_zone_violations,0
70.000,min_ttc_s,10.332325358567745
70.000,avoid_success,0
70.000,avoid_timeout,0
70.000,q_convergence,0.0
70.000,update_residual,0.0
70.000,investigation_deferred,0
70.000,nav_aborted,0
70.000,nav_canceled,0
70.000,nav_rejected,0
70.000,run_seed,5
71.000,anomalies_detected,0
71.000,anomalies_unique,0
71.000,investigation_timeouts,0
71.000,mission_duration_s,26.996000000000002
71.000,distance_traveled_m,6.844685882623928
71.000,route_deviations,0
71.000,investigation_time_s,0.0
71.000,hazard_avoidances,0
71.000,min_hazard_distance_m,4.960032043132334
71.000,collisions,0
71.000,time_below_clearance_s,0.0
71.000,safety_zone_violations,0
71.000,min_ttc_s,10.087435361324587
71.000,avoid_success,0
71.000,avoid_timeout,0
71.000,q_convergence,0.0
71.000,update_residual,0.0
71.000,investigation_deferred,0
71.000,nav_aborted,0
71.000,nav_canceled,0
71.000,nav_rejected,0
71.000,run_seed,5
72.000,anomalies_detected,0
72.000,anomalies_unique,0
72.000,investigation_timeouts,0
72.000,mission_duration_s,27.996000000000002
72.000,distance_traveled_m,7.097405837553224
72.000,route_deviations,0
72.000,investigation_time_s,0.0
72.000,hazard_avoidances,0
72.000,min_hazard_distance_m,4.704192129237296
72.000,collisions,0
72.000,time_below_clearance_s,0.0
72.000,safety_zone_violations,0
72.000,min_ttc_s,9.352569622249955
72.000,avoid_success,0
72.000,avoid_timeout,0
72.000,q_convergence,0.0
72.000,update_residual,0.0
72.000,investigation_deferred,0
72.000,nav_aborted,0
72.000,nav_canceled,0
72.000,nav_rejected,0
72.000,run_seed,5
73.000,anomalies_detected,0
73.000,anomalies_unique,0
73.000,investigation_timeouts,0
73.000,mission_duration_s,28.996000000000002
73.000,distance_traveled_m,7.359485812739172
73.000,route_deviations,0
73.000,investigation_time_s,0.0
73.000,hazard_avoidances,0
73.000,min_hazard_distance_m,4.449315689075964
73.000,collisions,0
73.000,time_below_clearance_s,0.0
73.000,safety_zone_violations,0
73.000,min_ttc_s,8.86041398342734
73.000,avoid_success,0
73.000,avoid_timeout,0
73.000,q_convergence,0.0
73.000,update_residual,0.0
73.000,investigation_deferred,0
73.000,nav_aborted,0
73.000,nav_canceled,0
73.000,nav_rejected,0
73.000,run_seed,5
74.000,anomalies_detected,0
74.000,anomalies_unique,0
74.000,investigation_timeouts,0
74.000,mission_duration_s,29.996000000000002
74.000,distance_traveled_m,7.621565787198875
74.000,route_deviations,0
74.000,investigation_time_s,0.0
74.000,hazard_avoidances,0
74.000,min_hazard_distance_m,4.195420364274286
74.000,collisions,0
74.000,time_below_clearance_s,0.0
74.000,safety_zone_violations,0
74.000,min_ttc_s,8.373353299689956
74.000,avoid_success,0
74.000,avoid_timeout,0
74.000,q_convergence,0.0
74.000,update_residual,0.0
74.000,investigation_deferred,0
74.000,nav_aborted,0
74.000,nav_canceled,0
74.000,nav_rejected,0
74.000,run_seed,5
75.000,anomalies_detected,0
75.000,anomalies_unique,0
75.000,investigation_timeouts,0
75.000,mission_duration_s,30.996000000000002
75.000,distance_traveled_m,7.883645761221928
75.000,route_deviations,0
75.000,investigation_time_s,0.0
75.000,hazard_avoidances,0
75.000,min_hazard_distance_m,3.9404398779044794
75.000,collisions,0
75.000,time_below_clearance_s,0.0
75.000,safety_zone_violations,0
75.000,min_ttc_s,8.373353299689956
75.000,avoid_success,0
75.000,avoid_timeout,0
75.000,q_convergence,0.0
75.000,update_residual,0.0
75.000,investigation_deferred,0
75.000,nav_aborted,0
75.000,nav_canceled,0
75.000,nav_rejected,0
75.000,run_seed,5
76.000,anomalies_detected,0
76.000,anomalies_unique,0
76.000,investigation_timeouts,0
76.000,mission_duration_s,31.996000000000002
76.000,distance_traveled_m,8.145725745874934
76.000,route_deviations,0
76.000,investigation_time_s,0.0
76.000,hazard_avoidances,0
76.000,min_hazard_distance_m,3.684767220513789
76.000,collisions,0
76.000,time_below_clearance_s,0.0
76.000,safety_zone_violations,0
76.000,min_ttc_s,7.3265796276690045
76.000,avoid_success,0
76.000,avoid_timeout,0
76.000,q_convergence,0.0
76.000,update_residual,0.0
76.000,investigation_deferred,0
76.000,nav_aborted,0
76.000,nav_canceled,0
76.000,nav_rejected,0
76.000,run_seed,5
77.000,anomalies_detected,0
77.000,anomalies_unique,0
77.000,investigation_timeouts,0
77.000,mission_duration_s,32.996
77.000,distance_traveled_m,8.398445741191932
77.000,route_deviations,0
77.000,investigation_time_s,0.0
77.000,hazard_avoidances,0
77.000,min_hazard_distance_m,3.4379755378884145
77.000,collisions,0
77.000,time_below_clearance_s,0.0
77.000,safety_zone_violations,0
77.000,min_ttc_s,7.3265796276690045
77.000,avoid_success,0
77.000,avoid_timeout,0
77.000,q_convergence,0.0
77.000,update_residual,0.0
77.000,investigation_deferred,0
77.000,nav_aborted,0
77.000,nav_canceled,0
77.000,nav_rejected,0
77.000,run_seed,5
78.000,anomalies_detected,0
78.000,anomalies_unique,0
78.000,investigation_timeouts,0
78.000,mission_duration_s,33.996
78.000,distance_traveled_m,8.66052573777092
78.000,route_deviations,0
78.000,investigation_time_s,0.0
78.000,hazard_avoidances,0
78.000,min_hazard_distance_m,3.1823476160410995
78.000,collisions,0
78.000,time_below_clearance_s,0.0
78.000,safety_zone_violations,0
78.000,min_ttc_s,6.314372903709365
78.000,avoid_success,0
78.000,avoid_timeout,0
78.000,q_convergence,0.0
78.000,update_residual,0.0
78.000,investigation_deferred,0
78.000,nav_aborted,0
78.000,nav_canceled,0
78.000,nav_rejected,0
78.000,run_seed,5
79.000,anomalies_detected,0
79.000,anomalies_unique,0
79.000,investigation_timeouts,0
79.000,mission_duration_s,34.996
79.000,distance_traveled_m,8.92260573608261
79.000,route_deviations,0
79.000,investigation_time_s,0.0
79.000,hazard_avoidances,0
79.000,min_hazard_distance_m,2.927559123352088
79.000,collisions,0
79.000,time_below_clearance_s,0.0
79.000,safety_zone_violations,0
79.000,min_ttc_s,6.314372903709365
79.000,avoid_success,0
79.000,avoid_timeout,0
79.000,q_convergence,0.0
79.000,update_residual,0.0
79.000,investigation_deferred,0
79.000,nav_aborted,0
79.000,nav_canceled,0
79.000,nav_rejected,0
79.000,run_seed,5
80.000,anomalies_detected,0
80.000,anomalies_unique,0
80.000,investigation_timeouts,0
80.000,mission_duration_s,35.996
80.000,distance_traveled_m,9.184685734072657
80.000,route_deviations,0
80.000,investigation_time_s,0.0
80.000,hazard_avoidances,0
80.000,min_hazard_distance_m,2.674188992180776
80.000,collisions,0
80.000,time_below_clearance_s,0.0
80.000,safety_zone_violations,0
80.000,min_ttc_s,5.3670699314307715
80.000,avoid_success,0
80.000,avoid_timeout,0
80.000,q_convergence,0.0
80.000,update_residual,0.0
80.000,investigation_deferred,0
80.000,nav_aborted,0
80.000,nav_canceled,0
80.000,nav_rejected,0
80.000,run_seed,5
81.000,anomalies_detected,0
81.000,anomalies_unique,0
81.000,investigation_timeouts,0
81.000,mission_duration_s,36.996
81.000,distance_traveled_m,9.437405731482961
81.000,route_deviations,0
81.000,investigation_time_s,0.0
81.000,hazard_avoidances,0
81.000,min_hazard_distance_m,2.4315822172455026
81.000,collisions,0
81.000,time_below_clearance_s,0.0
81.000,safety_zone_violations,0
81.000,min_ttc_s,5.304165859072988
81.000,avoid_success,0
81.000,avoid_timeout,0
81.000,q_convergence,0.0
81.000,update_residual,0.0
81.000,investigation_deferred,0
81.000,nav_aborted,0
81.000,nav_canceled,0
81.000,nav_rejected,0
81.000,run_seed,5
82.000,anomalies_detected,0
82.000,anomalies_unique,0
82.000,investigation_timeouts,0
82.000,mission_duration_s,37.996
82.000,distance_traveled_m,9.69948573004275
82.000,route_deviations,0
82.000,investigation_time_s,0.0
82.000,hazard_avoidances,0
82.000,min_hazard_distance_m,2.1821893468078497
82.000,collisions,0
82.000,time_below_clearance_s,0.0
82.000,safety_zone_violations,0
82.000,min_ttc_s,5.304165859072988
82.000,avoid_success,0
82.000,avoid_timeout,0
82.000,q_convergence,0.0
82.000,update_residual,0.0
82.000,investigation_deferred,0
82.000,nav_aborted,0
82.000,nav_canceled,0
82.000,nav_rejected,0
82.000,run_seed,5
83.000,anomalies_detected,0
83.000,anomalies_unique,0
83.000,investigation_timeouts,0
83.000,mission_duration_s,38.996
83.000,distance_traveled_m,9.961565727815007
83.000,route_deviations,0
83.000,investigation_time_s,0.0
83.000,hazard_avoidances,0
83.000,min_hazard_distance_m,1.936370741403604
83.000,collisions,0
83.000,time_below_clearance_s,0.2880000000000109
83.000,safety_zone_violations,1
83.000,min_ttc_s,5.304165859072988
83.000,avoid_success,0
83.000,avoid_timeout,0
83.000,q_convergence,0.0
83.000,update_residual,0.0
83.000,investigation_deferred,0
83.000,nav_aborted,0
83.000,nav_canceled,0
83.000,nav_rejected,0
83.000,run_seed,5
84.000,anomalies_detected,0
84.000,anomalies_unique,0
84.000,investigation_timeouts,0
84.000,mission_duration_s,39.996
84.000,distance_traveled_m,10.223645724866467
84.000,route_deviations,0
84.000,investigation_time_s,0.0
84.000,hazard_avoidances,0
84.000,min_hazard_distance_m,1.6955223095128409
84.000,collisions,0
84.000,time_below_clearance_s,1.2960000000000065
84.000,safety_zone_violations,1
84.000,min_ttc_s,5.304165859072988
84.000,avoid_success,0
84.000,avoid_timeout,0
84.000,q_convergence,0.0
84.000,update_residual,0.0
84.000,investigation_deferred,0
84.000,nav_aborted,0
84.000,nav_canceled,0
84.000,nav_rejected,0
84.000,run_seed,5
85.000,anomalies_detected,0
85.000,anomalies_unique,0
85.000,investigation_timeouts,0
85.000,mission_duration_s,40.996
85.000,distance_traveled_m,10.485725723338014
85.000,route_deviations,0
85.000,investigation_time_s,0.0
85.000,hazard_avoidances,0
85.000,min_hazard_distance_m,1.4616092720347784
85.000,collisions,0
85.000,time_below_clearance_s,2.304000000000002
85.000,safety_zone_violations,1
85.000,min_ttc_s,3.2066497096982354
85.000,avoid_success,0
85.000,avoid_timeout,0
85.000,q_convergence,0.0
85.000,update_residual,0.0
85.000,investigation_deferred,0
85.000,nav_aborted,0
85.000,nav_canceled,0
85.000,nav_rejected,0
85.000,run_seed,5
86.000,anomalies_detected,0
86.000,anomalies_unique,0
86.000,investigation_timeouts,0
86.000,mission_duration_s,41.996
86.000,distance_traveled_m,10.738445720964174
86.000,route_deviations,0
86.000,investigation_time_s,0.0
86.000,hazard_avoidances,0
86.000,min_hazard_distance_m,1.2471129454437988
86.000,collisions,0
86.000,time_below_clearance_s,3.2760000000000105
86.000,safety_zone_violations,1
86.000,min_ttc_s,2.9622737934578462
86.000,avoid_success,0
86.000,avoid_timeout,0
86.000,q_convergence,0.0
86.000,update_residual,0.0
86.000,investigation_deferred,0
86.000,nav_aborted,0
86.000,nav_canceled,0
86.000,nav_rejected,0
86.000,run_seed,5
87.000,anomalies_detected,0
87.000,anomalies_unique,0
87.000,investigation_timeouts,0
87.000,mission_duration_s,42.996
87.000,distance_traveled_m,11.000525718444285
87.000,route_deviations,0
87.000,investigation_time_s,0.0
87.000,hazard_avoidances,0
87.000,min_hazard_distance_m,1.0427481629117346
87.000,collisions,0
87.000,time_below_clearance_s,4.284000000000006
87.000,safety_zone_violations,1
87.000,min_ttc_s,2.781165422236458
87.000,avoid_success,0
87.000,avoid_timeout,0
87.000,q_convergence,0.0
87.000,update_residual,0.0
87.000,investigation_deferred,0
87.000,nav_aborted,0
87.000,nav_canceled,0
87.000,nav_rejected,0
87.000,run_seed,5
88.000,anomalies_detected,0
88.000,anomalies_unique,0
88.000,investigation_timeouts,0
88.000,mission_duration_s,43.996
88.000,distance_traveled_m,11.262605717053521
88.000,route_deviations,0
88.000,investigation_time_s,0.0
88.000,hazard_avoidances,0
88.000,min_hazard_distance_m,0.8695158959899811
88.000,collisions,0
88.000,time_below_clearance_s,5.292000000000002
88.000,safety_zone_violations,1
88.000,min_ttc_s,2.7122551097176797
88.000,avoid_success,0
88.000,avoid_timeout,0
88.000,q_convergence,0.0
88.000,update_residual,0.0
88.000,investigation_deferred,0
88.000,nav_aborted,0
88.000,nav_canceled,0
88.000,nav_rejected,0
88.000,run_seed,5
89.000,anomalies_detected,0
89.000,anomalies_unique,0
89.000,investigation_timeouts,0
89.000,mission_duration_s,44.996
89.000,distance_traveled_m,11.524685715104832
89.000,route_deviations,0
89.000,investigation_time_s,0.0
89.000,hazard_avoidances,0
89.000,min_hazard_distance_m,0.7501635862927588
89.000,collisions,0
89.000,time_below_clearance_s,6.300000000000011
89.000,safety_zone_violations,1
89.000,min_ttc_s,2.7122551097176797
89.000,avoid_success,0
89.000,avoid_timeout,0
89.000,q_convergence,0.0
89.000,update_residual,0.0
89.000,investigation_deferred,0
89.000,nav_aborted,0
89.000,nav_canceled,0
89.000,nav_rejected,0
89.000,run_seed,5
90.000,anomalies_detected,0
90.000,anomalies_unique,0
90.000,investigation_timeouts,0
90.000,mission_duration_s,45.996
90.000,distance_traveled_m,11.777405711756703
90.000,route_deviations,0
90.000,investigation_time_s,0.0
90.000,hazard_avoidances,0
90.000,min_hazard_distance_m,0.7117992959686971
90.000,collisions,0
90.000,time_below_clearance_s,7.272000000000006
90.000,safety_zone_violations,1
90.000,min_ttc_s,2.7122551097176797
90.000,avoid_success,0
90.000,avoid_timeout,0
90.000,q_convergence,0.0
90.000,update_residual,0.0
90.000,investigation_deferred,0
90.000,nav_aborted,0
90.000,nav_canceled,0
90.000,nav_rejected,0
90.000,run_seed,5
91.000,anomalies_detected,0
91.000,anomalies_unique,0
91.000,investigation_timeouts,0
91.000,mission_duration_s,46.996
91.000,distance_traveled_m,12.039485711148524
91.000,route_deviations,0
91.000,investigation_time_s,0.0
91.000,hazard_avoidances,0
91.000,min_hazard_distance_m,0.7117992959686971
91.000,collisions,0
91.000,time_below_clearance_s,8.280000000000001
91.000,safety_zone_violations,1
91.000,min_ttc_s,2.7122551097176797
91.000,avoid_success,0
91.000,avoid_timeout,0
91.000,q_convergence,0.0
91.000,update_residual,0.0
91.000,investigation_deferred,0
91.000,nav_aborted,0
91.000,nav_canceled,0
91.000,nav_rejected,0
91.000,run_seed,5
92.000,anomalies_detected,0
92.000,anomalies_unique,0
92.000,investigation_timeouts,0
92.000,mission_duration_s,47.996
92.000,distance_traveled_m,12.30156570882016
92.000,route_deviations,0
92.000,investigation_time_s,0.0
92.000,hazard_avoidances,0
92.000,min_hazard_distance_m,0.7117992959686971
92.000,collisions,0
92.000,time_below_clearance_s,9.288000000000011
92.000,safety_zone_violations,1
92.000,min_ttc_s,2.7122551097176797
92.000,avoid_success,0
92.000,avoid_timeout,0
92.000,q_convergence,0.0
92.000,update_residual,0.0
92.000,investigation_deferred,0
92.000,nav_aborted,0
92.000,nav_canceled,0
92.000,nav_rejected,0
92.000,run_seed,5
93.000,anomalies_detected,0
93.000,anomalies_unique,0
93.000,investigation_timeouts,0
93.000,mission_duration_s,48.996
93.000,distance_traveled_m,12.56364570611362
93.000,route_deviations,0
93.000,investigation_time_s,0.0
93.000,hazard_avoidances,0
93.000,min_hazard_distance_m,0.7117992959686971
93.000,collisions,0
93.000,time_below_clearance_s,10.296000000000006
93.000,safety_zone_violations,1
93.000,min_ttc_s,2.7122551097176797
93.000,avoid_success,0
93.000,avoid_timeout,0
93.000,q_convergence,0.0
93.000,update_residual,0.0
93.000,investigation_deferred,0
93.000,nav_aborted,0
93.000,nav_canceled,0
93.000,nav_rejected,0
93.000,run_seed,5
94.000,anomalies_detected,0
94.000,anomalies_unique,0
94.000,investigation_timeouts,0
94.000,mission_duration_s,49.996
94.000,distance_traveled_m,12.82572570474255
94.000,route_deviations,0
94.000,investigation_time_s,0.0
94.000,hazard_avoidances,0
94.000,min_hazard_distance_m,0.7117992959686971
94.000,collisions,0
94.000,time_below_clearance_s,11.304000000000002
94.000,safety_zone_violations,1
94.000,min_ttc_s,2.7122551097176797
94.000,avoid_success,0
94.000,avoid_timeout,0
94.000,q_convergence,0.0
94.000,update_residual,0.0
94.000,investigation_deferred,0
94.000,nav_aborted,0
94.000,nav_canceled,0
94.000,nav_rejected,0
94.000,run_seed,5
95.000,anomalies_detected,0
95.000,anomalies_unique,0
95.000,investigation_timeouts,0
95.000,mission_duration_s,50.996
95.000,distance_traveled_m,13.078445702315953
95.000,route_deviations,0
95.000,investigation_time_s,0.0
95.000,hazard_avoidances,0
95.000,min_hazard_distance_m,0.7117992959686971
95.000,collisions,0
95.000,time_below_clearance_s,12.27600000000001
95.000,safety_zone_violations,1
95.000,min_ttc_s,2.7122551097176797
95.000,avoid_success,0
95.000,avoid_timeout,0
95.000,q_convergence,0.0
95.000,update_residual,0.0
95.000,investigation_deferred,0
95.000,nav_aborted,0
95.000,nav_canceled,0
95.000,nav_rejected,0
95.000,run_seed,5
96.000,anomalies_detected,0
96.000,anomalies_unique,0
96.000,investigation_timeouts,0
96.000,mission_duration_s,51.996
96.000,distance_traveled_m,13.340525699381729
96.000,route_deviations,0
96.000,investigation_time_s,0.0
96.000,hazard_avoidances,0
96.000,min_hazard_distance_m,0.7117992959686971
96.000,collisions,0
96.000,time_below_clearance_s,13.284000000000006
96.000,safety_zone_violations,1
96.000,min_ttc_s,2.7122551097176797
96.000,avoid_success,0
96.000,avoid_timeout,0
96.000,q_convergence,0.0
96.000,update_residual,0.0
96.000,investigation_deferred,0
96.000,nav_aborted,0
96.000,nav_canceled,0
96.000,nav_rejected,0
96.000,run_seed,5
97.000,anomalies_detected,0
97.000,anomalies_unique,0
97.000,investigation_timeouts,0
97.000,mission_duration_s,52.996
97.000,distance_traveled_m,13.602605697893534
97.000,route_deviations,0
97.000,investigation_time_s,0.0
97.000,hazard_avoidances,0
97.000,min_hazard_distance_m,0.7117992959686971
97.000,collisions,0
97.000,time_below_clearance_s,14.292000000000002
97.000,safety_zone_violations,1
97.000,min_ttc_s,2.7122551097176797
97.000,avoid_success,0
97.000,avoid_timeout,0
97.000,q_convergence,0.0
97.000,update_residual,0.0
97.000,investigation_deferred,0
97.000,nav_aborted,0
97.000,nav_canceled,0
97.000,nav_rejected,0
97.000,run_seed,5
98.000,anomalies_detected,0
98.000,anomalies_unique,0
98.000,investigation_timeouts,0
98.000,mission_duration_s,53.996
98.000,distance_traveled_m,13.864685696086667
98.000,route_deviations,0
98.000,investigation_time_s,0.0
98.000,hazard_avoidances,0
98.000,min_hazard_distance_m,0.7117992959686971
98.000,collisions,0
98.000,time_below_clearance_s,14.400000000000006
98.000,safety_zone_violations,1
98.000,min_ttc_s,2.7122551097176797
98.000,avoid_success,0
98.000,avoid_timeout,0
98.000,q_convergence,0.0
98.000,update_residual,0.0
98.000,investigation_deferred,0
98.000,nav_aborted,0
98.000,nav_canceled,0
98.000,nav_rejected,0
98.000,run_seed,5
99.000,anomalies_detected,0
99.000,anomalies_unique,0
99.000,investigation_timeouts,0
99.000,mission_duration_s,54.996
99.000,distance_traveled_m,14.117405692860524
99.000,route_deviations,0
99.000,investigation_time_s,0.0
99.000,hazard_avoidances,0
99.000,min_hazard_distance_m,0.7117992959686971
99.000,collisions,0
99.000,time_below_clearance_s,14.400000000000006
99.000,safety_zone_violations,1
99.000,min_ttc_s,2.7122551097176797
99.000,avoid_success,0
99.000,avoid_timeout,0
99.000,q_convergence,0.0
99.000,update_residual,0.0
99.000,investigation_deferred,0
99.000,nav_aborted,0
99.000,nav_canceled,0
99.000,nav_rejected,0
99.000,run_seed,5
100.000,anomalies_detected,0
100.000,anomalies_unique,0
100.000,investigation_timeouts,0
100.000,mission_duration_s,55.996
100.000,distance_traveled_m,14.379485691726497
100.000,route_deviations,0
100.000,investigation_time_s,0.0
100.000,hazard_avoidances,0
100.000,min_hazard_distance_m,0.7117992959686971
100.000,collisions,0
100.000,time_below_clearance_s,14.400000000000006
100.000,safety_zone_violations,1
100.000,min_ttc_s,2.7122551097176797
100.000,avoid_success,0
100.000,avoid_timeout,0
100.000,q_convergence,0.0
100.000,update_residual,0.0
100.000,investigation_deferred,0
100.000,nav_aborted,0
100.000,nav_canceled,0
100.000,nav_rejected,0
100.000,run_seed,5
101.000,anomalies_detected,0
101.000,anomalies_unique,0
101.000,investigation_timeouts,0
101.000,mission_duration_s,56.996
101.000,distance_traveled_m,14.641565688813907
101.000,route_deviations,0
101.000,investigation_time_s,0.0
101.000,hazard_avoidances,0
101.000,min_hazard_distance_m,0.7117992959686971
101.000,collisions,0
101.000,time_below_clearance_s,14.400000000000006
101.000,safety_zone_violations,1
101.000,min_ttc_s,2.7122551097176797
101.000,avoid_success,0
101.000,avoid_timeout,0
101.000,q_convergence,0.0
101.000,update_residual,0.0
101.000,investigation_deferred,0
101.000,nav_aborted,0
101.000,nav_canceled,0
101.000,nav_rejected,0
101.000,run_seed,5
102.000,anomalies_detected,0
102.000,anomalies_unique,0
102.000,investigation_timeouts,0
102.000,mission_duration_s,57.996
102.000,distance_traveled_m,14.90364568683678
102.000,route_deviations,0
102.000,investigation_time_s,0.0
102.000,hazard_avoidances,0
102.000,min_hazard_distance_m,0.7117992959686971
102.000,collisions,0
102.000,time_below_clearance_s,14.400000000000006
102.000,safety_zone_violations,1
102.000,min_ttc_s,2.7122551097176797
102.000,avoid_success,0
102.000,avoid_timeout,0
102.000,q_convergence,0.0
102.000,update_residual,0.0
102.000,investigation_deferred,0
102.000,nav_aborted,0
102.000,nav_canceled,0
102.000,nav_rejected,0
102.000,run_seed,5
103.000,anomalies_detected,0
103.000,anomalies_unique,0
103.000,investigation_timeouts,0
103.000,mission_duration_s,58.996
103.000,distance_traveled_m,15.16572568519607
103.000,route_deviations,0
103.000,investigation_time_s,0.0
103.000,hazard_avoidances,0
103.000,min_hazard_distance_m,0.7117992959686971
103.000,collisions,0
103.000,time_below_clearance_s,14.400000000000006
103.000,safety_zone_violations,1
103.000,min_ttc_s,2.7122551097176797
103.000,avoid_success,0
103.000,avoid_timeout,0
103.000,q_convergence,0.0
103.000,update_residual,0.0
103.000,investigation_deferred,0
103.000,nav_aborted,0
103.000,nav_canceled,0
103.000,nav_rejected,0
103.000,run_seed,5
104.000,anomalies_detected,0
104.000,anomalies_unique,0
104.000,investigation_timeouts,0
104.000,mission_duration_s,59.996
104.000,distance_traveled_m,15.4184456824651
104.000,route_deviations,0
104.000,investigation_time_s,0.0
104.000,hazard_avoidances,0
104.000,min_hazard_distance_m,0.7117992959686971
104.000,collisions,0
104.000,time_below_clearance_s,14.400000000000006
104.000,safety_zone_violations,1
104.000,min_ttc_s,2.7122551097176797
104.000,avoid_success,0
104.000,avoid_timeout,0
104.000,q_convergence,0.0
104.000,update_residual,0.0
104.000,investigation_deferred,0
104.000,nav_aborted,0
104.000,nav_canceled,0
104.000,nav_rejected,0
104.000,run_seed,5
105.000,anomalies_detected,0
105.000,anomalies_unique,0
105.000,investigation_timeouts,0
105.000,mission_duration_s,60.996
105.000,distance_traveled_m,15.680525680869088
105.000,route_deviations,0
105.000,investigation_time_s,0.0
105.000,hazard_avoidances,0
105.000,min_hazard_distance_m,0.7117992959686971
105.000,collisions,0
105.000,time_below_clearance_s,14.400000000000006
105.000,safety_zone_violations,1
105.000,min_ttc_s,2.7122551097176797
105.000,avoid_success,0
105.000,avoid_timeout,0
105.000,q_convergence,0.0
105.000,update_residual,0.0
105.000,investigation_deferred,0
105.000,nav_aborted,0
105.000,nav_canceled,0
105.000,nav_rejected,0
105.000,run_seed,5
106.000,anomalies_detected,0
106.000,anomalies_unique,0
106.000,investigation_timeouts,0
106.000,mission_duration_s,61.996
106.000,distance_traveled_m,15.942605678733651
106.000,route_deviations,0
106.000,investigation_time_s,0.0
106.000,hazard_avoidances,0
106.000,min_hazard_distance_m,0.7117992959686971
106.000,collisions,0
106.000,time_below_clearance_s,14.400000000000006
106.000,safety_zone_violations,1
106.000,min_ttc_s,2.7122551097176797
106.000,avoid_success,0
106.000,avoid_timeout,0
106.000,q_convergence,0.0
106.000,update_residual,0.0
106.000,investigation_deferred,0
106.000,nav_aborted,0
106.000,nav_canceled,0
106.000,nav_rejected,0
106.000,run_seed,5
107.000,anomalies_detected,0
107.000,anomalies_unique,0
107.000,investigation_timeouts,0
107.000,mission_duration_s,62.996
107.000,distance_traveled_m,16.204685676533703
107.000,route_deviations,0
107.000,investigation_time_s,0.0
107.000,hazard_avoidances,0
107.000,min_hazard_distance_m,0.7117992959686971
107.000,collisions,0
107.000,time_below_clearance_s,14.400000000000006
107.000,safety_zone_violations,1
107.000,min_ttc_s,2.7122551097176797
107.000,avoid_success,0
107.000,avoid_timeout,0
107.000,q_convergence,0.0
107.000,update_residual,0.0
107.000,investigation_deferred,0
107.000,nav_aborted,0
107.000,nav_canceled,0
107.000,nav_rejected,0
107.000,run_seed,5
108.000,anomalies_detected,0
108.000,anomalies_unique,0
108.000,investigation_timeouts,0
108.000,mission_duration_s,63.996
108.000,distance_traveled_m,16.457405674726612
108.000,route_deviations,0
108.000,investigation_time_s,0.0
108.000,hazard_avoidances,0
108.000,min_hazard_distance_m,0.7117992959686971
108.000,collisions,0
108.000,time_below_clearance_s,14.400000000000006
108.000,safety_zone_violations,1
108.000,min_ttc_s,2.7122551097176797
108.000,avoid_success,0
108.000,avoid_timeout,0
108.000,q_convergence,0.0
108.000,update_residual,0.0
108.000,investigation_deferred,0
108.000,nav_aborted,0
108.000,nav_canceled,0
108.000,nav_rejected,0
108.000,run_seed,5
109.000,anomalies_detected,0
109.000,anomalies_unique,0
109.000,investigation_timeouts,0
109.000,mission_duration_s,64.99600000000001
109.000,distance_traveled_m,16.7194856728932
109.000,route_deviations,0
109.000,investigation_time_s,0.0
109.000,hazard_avoidances,0
109.000,min_hazard_distance_m,0.7117992959686971
109.000,collisions,0
109.000,time_below_clearance_s,14.400000000000006
109.000,safety_zone_violations,1
109.000,min_ttc_s,2.7122551097176797
109.000,avoid_success,0
109.000,avoid_timeout,0
109.000,q_convergence,0.0
109.000,update_residual,0.0
109.000,investigation_deferred,0
109.000,nav_aborted,0
109.000,nav_canceled,0
109.000,nav_rejected,0
109.000,run_seed,5
110.000,anomalies_detected,0
110.000,anomalies_unique,0
110.000,investigation_timeouts,0
110.000,mission_duration_s,65.99600000000001
110.000,distance_traveled_m,16.981565670898668
110.000,route_deviations,0
110.000,investigation_time_s,0.0
110.000,hazard_avoidances,0
110.000,min_hazard_distance_m,0.7117992959686971
110.000,collisions,0
110.000,time_below_clearance_s,14.400000000000006
110.000,safety_zone_violations,1
110.000,min_ttc_s,2.7122551097176797
110.000,avoid_success,0
110.000,avoid_timeout,0
110.000,q_convergence,0.0
110.000,update_residual,0.0
110.000,investigation_deferred,0
110.000,nav_aborted,0
110.000,nav_canceled,0
110.000,nav_rejected,0
110.000,run_seed,5
111.000,anomalies_detected,0
111.000,anomalies_unique,0
111.000,investigation_timeouts,0
111.000,mission_duration_s,66.99600000000001
111.000,distance_traveled_m,17.243645668586193
111.000,route_deviations,0
111.000,investigation_time_s,0.0
111.000,hazard_avoidances,0
111.000,min_hazard_distance_m,0.7117992959686971
111.000,collisions,0
111.000,time_below_clearance_s,14.400000000000006
111.000,safety_zone_violations,1
111.000,min_ttc_s,2.7122551097176797
111.000,avoid_success,0
111.000,avoid_timeout,0
111.000,q_convergence,0.0
111.000,update_residual,0.0
111.000,investigation_deferred,0
111.000,nav_aborted,0
111.000,nav_canceled,0
111.000,nav_rejected,0
111.000,run_seed,5
112.000,anomalies_detected,0
112.000,anomalies_unique,0
112.000,investigation_timeouts,0
112.000,mission_duration_s,67.99600000000001
112.000,distance_traveled_m,17.505725666493277
112.000,route_deviations,0
112.000,investigation_time_s,0.0
112.000,hazard_avoidances,0
112.000,min_hazard_distance_m,0.7117992959686971
112.000,collisions,0
112.000,time_below_clearance_s,14.400000000000006
112.000,safety_zone_violations,1
112.000,min_ttc_s,2.7122551097176797
112.000,avoid_success,0
112.000,avoid_timeout,0
112.000,q_convergence,0.0
112.000,update_residual,0.0
112.000,investigation_deferred,0
112.000,nav_aborted,0
112.000,nav_canceled,0
112.000,nav_rejected,0
112.000,run_seed,5
113.000,anomalies_detected,0
113.000,anomalies_unique,0
113.000,investigation_timeouts,0
113.000,mission_duration_s,68.99600000000001
113.000,distance_traveled_m,17.758445664186883
113.000,route_deviations,0
113.000,investigation_time_s,0.0
113.000,hazard_avoidances,0
113.000,min_hazard_distance_m,0.7117992959686971
113.000,collisions,0
113.000,time_below_clearance_s,14.400000000000006
113.000,safety_zone_violations,1
113.000,min_ttc_s,2.7122551097176797
113.000,avoid_success,0
113.000,avoid_timeout,0
113.000,q_convergence,0.0
113.000,update_residual,0.0
113.000,investigation_deferred,0
113.000,nav_aborted,0
113.000,nav_canceled,0
113.000,nav_rejected,0
113.000,run_seed,5
114.000,anomalies_detected,0
114.000,anomalies_unique,0
114.000,investigation_timeouts,0
114.000,mission_duration_s,69.99600000000001
114.000,distance_traveled_m,18.020525662458958
114.000,route_deviations,0
114.000,investigation_time_s,0.0
114.000,hazard_avoidances,0
114.000,min_hazard_distance_m,0.7117992959686971
114.000,collisions,0
114.000,time_below_clearance_s,14.400000000000006
114.000,safety_zone_violations,1
114.000,min_ttc_s,2.7122551097176797
114.000,avoid_success,0
114.000,avoid_timeout,0
114.000,q_convergence,0.0
114.000,update_residual,0.0
114.000,investigation_deferred,0
114.000,nav_aborted,0
114.000,nav_canceled,0
114.000,nav_rejected,0
114.000,run_seed,5
115.000,anomalies_detected,0
115.000,anomalies_unique,0
115.000,investigation_timeouts,0
115.000,mission_duration_s,70.99600000000001
115.000,distance_traveled_m,18.28260566112217
115.000,route_deviations,0
115.000,investigation_time_s,0.0
115.000,hazard_avoidances,0
115.000,min_hazard_distance_m,0.7117992959686971
115.000,collisions,0
115.000,time_below_clearance_s,14.400000000000006
115.000,safety_zone_violations,1
115.000,min_ttc_s,2.7122551097176797
115.000,avoid_success,0
115.000,avoid_timeout,0
115.000,q_convergence,0.0
115.000,update_residual,0.0
115.000,investigation_deferred,0
115.000,nav_aborted,0
115.000,nav_canceled,0
115.000,nav_rejected,0
115.000,run_seed,5
116.000,anomalies_detected,0
116.000,anomalies_unique,0
116.000,investigation_timeouts,0
116.000,mission_duration_s,71.99600000000001
116.000,distance_traveled_m,18.54468565964744
116.000,route_deviations,0
116.000,investigation_time_s,0.0
116.000,hazard_avoidances,0
116.000,min_hazard_distance_m,0.7117992959686971
116.000,collisions,0
116.000,time_below_clearance_s,14.400000000000006
116.000,safety_zone_violations,1
116.000,min_ttc_s,2.7122551097176797
116.000,avoid_success,0
116.000,avoid_timeout,0
116.000,q_convergence,0.0
116.000,update_residual,0.0
116.000,investigation_deferred,0
116.000,nav_aborted,0
116.000,nav_canceled,0
116.000,nav_rejected,0
116.000,run_seed,5
117.000,anomalies_detected,0
117.000,anomalies_unique,0
117.000,investigation_timeouts,0
117.000,mission_duration_s,72.99600000000001
117.000,distance_traveled_m,18.797405656856903
117.000,route_deviations,0
117.000,investigation_time_s,0.0
117.000,hazard_avoidances,0
117.000,min_hazard_distance_m,0.7117992959686971
117.000,collisions,0
117.000,time_below_clearance_s,14.400000000000006
117.000,safety_zone_violations,1
117.000,min_ttc_s,2.7122551097176797
117.000,avoid_success,0
117.000,avoid_timeout,0
117.000,q_convergence,0.0
117.000,update_residual,0.0
117.000,investigation_deferred,0
117.000,nav_aborted,0
117.000,nav_canceled,0
117.000,nav_rejected,0
117.000,run_seed,5
118.000,anomalies_detected,0
118.000,anomalies_unique,0
118.000,investigation_timeouts,0
118.000,mission_duration_s,73.99600000000001
118.000,distance_traveled_m,19.059485654808228
118.000,route_deviations,0
118.000,investigation_time_s,0.0
118.000,hazard_avoidances,0
118.000,min_hazard_distance_m,0.7117992959686971
118.000,collisions,0
118.000,time_below_clearance_s,14.400000000000006
118.000,safety_zone_violations,1
118.000,min_ttc_s,2.7122551097176797
118.000,avoid_success,0
118.000,avoid_timeout,0
118.000,q_convergence,0.0
118.000,update_residual,0.0
118.000,investigation_deferred,0
118.000,nav_aborted,0
118.000,nav_canceled,0
118.000,nav_rejected,0
118.000,run_seed,5
119.000,anomalies_detected,0
119.000,anomalies_unique,0
119.000,investigation_timeouts,0
119.000,mission_duration_s,74.99600000000001
119.000,distance_traveled_m,19.321565652186447
119.000,route_deviations,0
119.000,investigation_time_s,0.0
119.000,hazard_avoidances,0
119.000,min_hazard_distance_m,0.7117992959686971
119.000,collisions,0
119.000,time_below_clearance_s,14.400000000000006
119.000,safety_zone_violations,1
119.000,min_ttc_s,2.7122551097176797
119.000,avoid_success,0
119.000,avoid_timeout,0
119.000,q_convergence,0.0
119.000,update_residual,0.0
119.000,investigation_deferred,0
119.000,nav_aborted,0
119.000,nav_canceled,0
119.000,nav_rejected,0
119.000,run_seed,5
120.000,anomalies_detected,0
120.000,anomalies_unique,0
120.000,investigation_timeouts,0
120.000,mission_duration_s,75.99600000000001
120.000,distance_traveled_m,19.583645650785126
120.000,route_deviations,0
120.000,investigation_time_s,0.0
120.000,hazard_avoidances,0
120.000,min_hazard_distance_m,0.7117992959686971
120.000,collisions,0
120.000,time_below_clearance_s,14.400000000000006
120.000,safety_zone_violations,1
120.000,min_ttc_s,2.7122551097176797
120.000,avoid_success,0
120.000,avoid_timeout,0
120.000,q_convergence,0.0
120.000,update_residual,0.0
120.000,investigation_deferred,0
120.000,nav_aborted,0
120.000,nav_canceled,0
120.000,nav_rejected,0
120.000,run_seed,5
121.000,anomalies_detected,0
121.000,anomalies_unique,0
121.000,investigation_timeouts,0
121.000,mission_duration_s,76.99600000000001
121.000,distance_traveled_m,19.84572564880426
121.000,route_deviations,0
121.000,investigation_time_s,0.0
121.000,hazard_avoidances,0
121.000,min_hazard_distance_m,0.7117992959686971
121.000,collisions,0
121.000,time_below_clearance_s,14.400000000000006
121.000,safety_zone_violations,1
121.000,min_ttc_s,2.7122551097176797
121.000,avoid_success,0
121.000,avoid_timeout,0
121.000,q_convergence,0.0
121.000,update_residual,0.0
121.000,investigation_deferred,0
121.000,nav_aborted,0
121.000,nav_canceled,0
121.000,nav_rejected,0
121.000,run_seed,5
122.000,anomalies_detected,0
122.000,anomalies_unique,0
122.000,investigation_timeouts,0
122.000,mission_duration_s,77.99600000000001
122.000,distance_traveled_m,20.098445647017527
122.000,route_deviations,0
122.000,investigation_time_s,0.0
122.000,hazard_avoidances,0
122.000,min_hazard_distance_m,0.7117992959686971
122.000,collisions,0
122.000,time_below_clearance_s,14.400000000000006
122.000,safety_zone_violations,1
122.000,min_ttc_s,2.7122551097176797
122.000,avoid_success,0
122.000,avoid_timeout,0
122.000,q_convergence,0.0
122.000,update_residual,0.0
122.000,investigation_deferred,0
122.000,nav_aborted,0
122.000,nav_canceled,0
122.000,nav_rejected,0
122.000,run_seed,5
123.000,anomalies_detected,0
123.000,anomalies_unique,0
123.000,investigation_timeouts,0
123.000,mission_duration_s,78.99600000000001
123.000,distance_traveled_m,20.360525644131336
123.000,route_deviations,0
123.000,investigation_time_s,0.0
123.000,hazard_avoidances,0
123.000,min_hazard_distance_m,0.7117992959686971
123.000,collisions,0
123.000,time_below_clearance_s,14.400000000000006
123.000,safety_zone_violations,1
123.000,min_ttc_s,2.7122551097176797
123.000,avoid_success,0
123.000,avoid_timeout,0
123.000,q_convergence,0.0
123.000,update_residual,0.0
123.000,investigation_deferred,0
123.000,nav_aborted,0
123.000,nav_canceled,0
123.000,nav_rejected,0
123.000,run_seed,5
124.000,anomalies_detected,0
124.000,anomalies_unique,0
124.000,investigation_timeouts,0
124.000,mission_duration_s,79.99600000000001
124.000,distance_traveled_m,20.622605641601037
124.000,route_deviations,0
124.000,investigation_time_s,0.0
124.000,hazard_avoidances,0
124.000,min_hazard_distance_m,0.7117992959686971
124.000,collisions,0
124.000,time_below_clearance_s,14.400000000000006
124.000,safety_zone_violations,1
124.000,min_ttc_s,2.7122551097176797
124.000,avoid_success,0
124.000,avoid_timeout,0
124.000,q_convergence,0.0
124.000,update_residual,0.0
124.000,investigation_deferred,0
124.000,nav_aborted,0
124.000,nav_canceled,0
124.000,nav_rejected,0
124.000,run_seed,5
125.000,anomalies_detected,0
125.000,anomalies_unique,0
125.000,investigation_timeouts,0
125.000,mission_duration_s,80.99600000000001
125.000,distance_traveled_m,20.884685640134727
125.000,route_deviations,0
125.000,investigation_time_s,0.0
125.000,hazard_avoidances,0
125.000,min_hazard_distance_m,0.7117992959686971
125.000,collisions,0
125.000,time_below_clearance_s,14.400000000000006
125.000,safety_zone_violations,1
125.000,min_ttc_s,2.7122551097176797
125.000,avoid_success,0
125.000,avoid_timeout,0
125.000,q_convergence,0.0
125.000,update_residual,0.0
125.000,investigation_deferred,0
125.000,nav_aborted,0
125.000,nav_canceled,0
125.000,nav_rejected,0
125.000,run_seed,5
126.000,anomalies_detected,0
126.000,anomalies_unique,0
126.000,investigation_timeouts,0
126.000,mission_duration_s,81.99600000000001
126.000,distance_traveled_m,21.13740563805797
126.000,route_deviations,0
126.000,investigation_time_s,0.0
126.000,hazard_avoidances,0
126.000,min_hazard_distance_m,0.7117992959686971
126.000,collisions,0
126.000,time_below_clearance_s,14.400000000000006
126.000,safety_zone_violations,1
126.000,min_ttc_s,2.7122551097176797
126.000,avoid_success,0
126.000,avoid_timeout,0
126.000,q_convergence,0.0
126.000,update_residual,0.0
126.000,investigation_deferred,0
126.000,nav_aborted,0
126.000,nav_canceled,0
126.000,nav_rejected,0
126.000,run_seed,5
127.000,anomalies_detected,0
127.000,anomalies_unique,0
127.000,investigation_timeouts,0
127.000,mission_duration_s,82.99600000000001
127.000,distance_traveled_m,21.399485635581765
127.000,route_deviations,0
127.000,investigation_time_s,0.0
127.000,hazard_avoidances,0
127.000,min_hazard_distance_m,0.7117992959686971
127.000,collisions,0
127.000,time_below_clearance_s,14.400000000000006
127.000,safety_zone_violations,1
127.000,min_ttc_s,2.7122551097176797
127.000,avoid_success,0
127.000,avoid_timeout,0
127.000,q_convergence,0.0
127.000,update_residual,0.0
127.000,investigation_deferred,0
127.000,nav_aborted,0
127.000,nav_canceled,0
127.000,nav_rejected,0
127.000,run_seed,5
128.000,anomalies_detected,0
128.000,anomalies_unique,0
128.000,investigation_timeouts,0
128.000,mission_duration_s,83.99600000000001
128.000,distance_traveled_m,21.661565629258202
128.000,route_deviations,0
128.000,investigation_time_s,0.0
128.000,hazard_avoidances,0
128.000,min_hazard_distance_m,0.7117992959686971
128.000,collisions,0
128.000,time_below_clearance_s,14.400000000000006
128.000,safety_zone_violations,1
128.000,min_ttc_s,2.7122551097176797
128.000,avoid_success,0
128.000,avoid_timeout,0
128.000,q_convergence,0.0
128.000,update_residual,0.0
128.000,investigation_deferred,0
128.000,nav_aborted,0
128.000,nav_canceled,0
128.000,nav_rejected,0
128.000,run_seed,5
129.000,anomalies_detected,0
129.000,anomalies_unique,0
129.000,investigation_timeouts,0
129.000,mission_duration_s,84.99600000000001
129.000,distance_traveled_m,21.923645588713107
129.000,route_deviations,0
129.000,investigation_time_s,0.0
129.000,hazard_avoidances,0
129.000,min_hazard_distance_m,0.7117992959686971
129.000,collisions,0
129.000,time_below_clearance_s,14.400000000000006
129.000,safety_zone_violations,1
129.000,min_ttc_s,2.7122551097176797
129.000,avoid_success,0
129.000,avoid_timeout,0
129.000,q_convergence,0.0
129.000,update_residual,0.0
129.000,investigation_deferred,0
129.000,nav_aborted,0
129.000,nav_canceled,0
129.000,nav_rejected,0
129.000,run_seed,5
130.000,anomalies_detected,0
130.000,anomalies_unique,0
130.000,investigation_timeouts,0
130.000,mission_duration_s,85.99600000000001
130.000,distance_traveled_m,22.185725575753892
130.000,route_deviations,0
130.000,investigation_time_s,0.0
130.000,hazard_avoidances,0
130.000,min_hazard_distance_m,0.7117992959686971
130.000,collisions,0
130.000,time_below_clearance_s,14.400000000000006
130.000,safety_zone_violations,1
130.000,min_ttc_s,2.7122551097176797
130.000,avoid_success,0
130.000,avoid_timeout,0
130.000,q_convergence,0.0
130.000,update_residual,0.0
130.000,investigation_deferred,0
130.000,nav_aborted,0
130.000,nav_canceled,0
130.000,nav_rejected,0
130.000,run_seed,5
131.000,anomalies_detected,0
131.000,anomalies_unique,0
131.000,investigation_timeouts,0
131.000,mission_duration_s,86.99600000000001
131.000,distance_traveled_m,22.438445491784115
131.000,route_deviations,0
131.000,investigation_time_s,0.0
131.000,hazard_avoidances,0
131.000,min_hazard_distance_m,0.7117992959686971
131.000,collisions,0
131.000,time_below_clearance_s,14.400000000000006
131.000,safety_zone_violations,1
131.000,min_ttc_s,2.7122551097176797
131.000,avoid_success,0
131.000,avoid_timeout,0
131.000,q_convergence,0.0
131.000,update_residual,0.0
131.000,investigation_deferred,0
131.000,nav_aborted,0
131.000,nav_canceled,0
131.000,nav_rejected,0
131.000,run_seed,5
132.000,anomalies_detected,0
132.000,anomalies_unique,0
132.000,investigation_timeouts,0
132.000,mission_duration_s,87.99600000000001
132.000,distance_traveled_m,22.7005251809976
132.000,route_deviations,0
132.000,investigation_time_s,0.0
132.000,hazard_avoidances,0
132.000,min_hazard_distance_m,0.7117992959686971
132.000,collisions,0
132.000,time_below_clearance_s,14.400000000000006
132.000,safety_zone_violations,1
132.000,min_ttc_s,2.7122551097176797
132.000,avoid_success,0
132.000,avoid_timeout,0
132.000,q_convergence,0.0
132.000,update_residual,0.0
132.000,investigation_deferred,0
132.000,nav_aborted,0
132.000,nav_canceled,0
132.000,nav_rejected,0
132.000,run_seed,5
133.000,anomalies_detected,0
133.000,anomalies_unique,0
133.000,investigation_timeouts,0
133.000,mission_duration_s,88.99600000000001
133.000,distance_traveled_m,22.962376254182768
133.000,route_deviations,0
133.000,investigation_time_s,0.0
133.000,hazard_avoidances,0
133.000,min_hazard_distance_m,0.7117992959686971
133.000,collisions,0
133.000,time_below_clearance_s,14.400000000000006
133.000,safety_zone_violations,1
133.000,min_ttc_s,2.7122551097176797
133.000,avoid_success,0
133.000,avoid_timeout,0
133.000,q_convergence,0.0
133.000,update_residual,0.0
133.000,investigation_deferred,0
133.000,nav_aborted,0
133.000,nav_canceled,0
133.000,nav_rejected,0
133.000,run_seed,5
134.000,anomalies_detected,0
134.000,anomalies_unique,0
134.000,investigation_timeouts,0
134.000,mission_duration_s,89.99600000000001
134.000,distance_traveled_m,23.157576783314553
134.000,route_deviations,0
134.000,investigation_time_s,0.0
134.000,hazard_avoidances,0
134.000,min_hazard_distance_m,0.7117992959686971
134.000,collisions,0
134.000,time_below_clearance_s,14.400000000000006
134.000,safety_zone_violations,1
134.000,min_ttc_s,2.7122551097176797
134.000,avoid_success,0
134.000,avoid_timeout,0
134.000,q_convergence,0.0
134.000,update_residual,0.0
134.000,investigation_deferred,0
134.000,nav_aborted,0
134.000,nav_canceled,0
134.000,nav_rejected,0
134.000,run_seed,5
135.000,anomalies_detected,0
135.000,anomalies_unique,0
135.000,investigation_timeouts,0
135.000,mission_duration_s,90.99600000000001
135.000,distance_traveled_m,23.180653665897943
135.000,route_deviations,0
135.000,investigation_time_s,0.0
135.000,hazard_avoidances,0
135.000,min_hazard_distance_m,0.7117992959686971
135.000,collisions,0
135.000,time_below_clearance_s,14.400000000000006
135.000,safety_zone_violations,1
135.000,min_ttc_s,2.7122551097176797
135.000,avoid_success,0
135.000,avoid_timeout,0
135.000,q_convergence,0.0
135.000,update_residual,0.0
135.000,investigation_deferred,0
135.000,nav_aborted,0
135.000,nav_canceled,0
135.000,nav_rejected,0
135.000,run_seed,5
136.000,anomalies_detected,0
136.000,anomalies_unique,0
136.000,investigation_timeouts,0
136.000,mission_duration_s,91.99600000000001
136.000,distance_traveled_m,23.36862849202786
136.000,route_deviations,0
136.000,investigation_time_s,0.0
136.000,hazard_avoidances,0
136.000,min_hazard_distance_m,0.7117992959686971
136.000,collisions,0
136.000,time_below_clearance_s,14.400000000000006
136.000,safety_zone_violations,1
136.000,min_ttc_s,2.7122551097176797
136.000,avoid_success,0
136.000,avoid_timeout,0
136.000,q_convergence,0.0
136.000,update_residual,0.0
136.000,investigation_deferred,0
136.000,nav_aborted,0
136.000,nav_canceled,0
136.000,nav_rejected,0
136.000,run_seed,5
137.000,anomalies_detected,0
137.000,anomalies_unique,0
137.000,investigation_timeouts,0
137.000,mission_duration_s,92.99600000000001
137.000,distance_traveled_m,23.630708442311725
137.000,route_deviations,0
137.000,investigation_time_s,0.0
137.000,hazard_avoidances,0
137.000,min_hazard_distance_m,0.7117992959686971
137.000,collisions,0
137.000,time_below_clearance_s,14.400000000000006
137.000,safety_zone_violations,1
137.000,min_ttc_s,2.7122551097176797
137.000,avoid_success,0
137.000,avoid_timeout,0
137.000,q_convergence,0.0
137.000,update_residual,0.0
137.000,investigation_deferred,0
137.000,nav_aborted,0
137.000,nav_canceled,0
137.000,nav_rejected,0
137.000,run_seed,5
138.000,anomalies_detected,0
138.000,anomalies_unique,0
138.000,investigation_timeouts,0
138.000,mission_duration_s,93.99600000000001
138.000,distance_traveled_m,23.892788442063257
138.000,route_deviations,0
138.000,investigation_time_s,0.0
138.000,hazard_avoidances,0
138.000,min_hazard_distance_m,0.7117992959686971
138.000,collisions,0
138.000,time_below_clearance_s,14.400000000000006
138.000,safety_zone_violations,1
138.000,min_ttc_s,2.7122551097176797
138.000,avoid_success,0
138.000,avoid_timeout,0
138.000,q_convergence,0.0
138.000,update_residual,0.0
138.000,investigation_deferred,0
138.000,nav_aborted,0
138.000,nav_canceled,0
138.000,nav_rejected,0
138.000,run_seed,5
139.000,anomalies_detected,0
139.000,anomalies_unique,0
139.000,investigation_timeouts,0
139.000,mission_duration_s,94.99600000000001
139.000,distance_traveled_m,24.15486844198209
139.000,route_deviations,0
139.000,investigation_time_s,0.0
139.000,hazard_avoidances,0
139.000,min_hazard_distance_m,0.7117992959686971
139.000,collisions,0
139.000,time_below_clearance_s,14.400000000000006
139.000,safety_zone_violations,1
139.000,min_ttc_s,2.7122551097176797
139.000,avoid_success,0
139.000,avoid_timeout,0
139.000,q_convergence,0.0
139.000,update_residual,0.0
139.000,investigation_deferred,0
139.000,nav_aborted,0
139.000,nav_canceled,0
139.000,nav_rejected,0
139.000,run_seed,5
140.000,anomalies_detected,0
140.000,anomalies_unique,0
140.000,investigation_timeouts,0
140.000,mission_duration_s,95.99600000000001
140.000,distance_traveled_m,24.407588441932177
140.000,route_deviations,0
140.000,investigation_time_s,0.0
140.000,hazard_avoidances,0
140.000,min_hazard_distance_m,0.7117992959686971
140.000,collisions,0
140.000,time_below_clearance_s,14.400000000000006
140.000,safety_zone_violations,1
140.000,min_ttc_s,2.7122551097176797
140.000,avoid_success,0
140.000,avoid_timeout,0
140.000,q_convergence,0.0
140.000,update_residual,0.0
140.000,investigation_deferred,0
140.000,nav_aborted,0
140.000,nav_canceled,0
140.000,nav_rejected,0
140.000,run_seed,5
141.000,anomalies_detected,0
141.000,anomalies_unique,0
141.000,investigation_timeouts,0
141.000,mission_duration_s,96.99600000000001
141.000,distance_traveled_m,24.669668441829327
141.000,route_deviations,0
141.000,investigation_time_s,0.0
141.000,hazard_avoidances,0
141.000,min_hazard_distance_m,0.7117992959686971
141.000,collisions,0
141.000,time_below_clearance_s,14.400000000000006
141.000,safety_zone_violations,1
141.000,min_ttc_s,2.7122551097176797
141.000,avoid_success,0
141.000,avoid_timeout,0
141.000,q_convergence,0.0
141.000,update_residual,0.0
141.000,investigation_deferred,0
141.000,nav_aborted,0
141.000,nav_canceled,0
141.000,nav_rejected,0
141.000,run_seed,5
142.000,anomalies_detected,0
142.000,anomalies_unique,0
142.000,investigation_timeouts,0
142.000,mission_duration_s,97.99600000000001
142.000,distance_traveled_m,24.931748441696577
142.000,route_deviations,0
142.000,investigation_time_s,0.0
142.000,hazard_avoidances,0
142.000,min_hazard_distance_m,0.7117992959686971
142.000,collisions,0
142.000,time_below_clearance_s,14.400000000000006
142.000,safety_zone_violations,1
142.000,min_ttc_s,2.7122551097176797
142.000,avoid_success,0
142.000,avoid_timeout,0
142.000,q_convergence,0.0
142.000,update_residual,0.0
142.000,investigation_deferred,0
142.000,nav_aborted,0
142.000,nav_canceled,0
142.000,nav_rejected,0
142.000,run_seed,5
143.000,anomalies_detected,0
143.000,anomalies_unique,0
143.000,investigation_timeouts,0
143.000,mission_duration_s,98.99600000000001
143.000,distance_traveled_m,25.19382844163975
143.000,route_deviations,0
143.000,investigation_time_s,0.0
143.000,hazard_avoidances,0
143.000,min_hazard_distance_m,0.7117992959686971
143.000,collisions,0
143.000,time_below_clearance_s,14.400000000000006
143.000,safety_zone_violations,1
143.000,min_ttc_s,2.7122551097176797
143.000,avoid_success,0
143.000,avoid_timeout,0
143.000,q_convergence,0.0
143.000,update_residual,0.0
143.000,investigation_deferred,0
143.000,nav_aborted,0
143.000,nav_canceled,0
143.000,nav_rejected,0
143.000,run_seed,5
144.000,anomalies_detected,0
144.000,anomalies_unique,0
144.000,investigation_timeouts,0
144.000,mission_duration_s,99.99600000000001
144.000,distance_traveled_m,25.44654844159476
144.000,route_deviations,0
144.000,investigation_time_s,0.0
144.000,hazard_avoidances,0
144.000,min_hazard_distance_m,0.7117992959686971
144.000,collisions,0
144.000,time_below_clearance_s,14.400000000000006
144.000,safety_zone_violations,1
144.000,min_ttc_s,2.7122551097176797
144.000,avoid_success,0
144.000,avoid_timeout,0
144.000,q_convergence,0.0
144.000,update_residual,0.0
144.000,investigation_deferred,0
144.000,nav_aborted,0
144.000,nav_canceled,0
144.000,nav_rejected,0
144.000,run_seed,5
145.000,anomalies_detected,0
145.000,anomalies_unique,0
145.000,investigation_timeouts,0
145.000,mission_duration_s,100.99600000000001
145.000,distance_traveled_m,25.708628441550648
145.000,route_deviations,0
145.000,investigation_time_s,0.0
145.000,hazard_avoidances,0
145.000,min_hazard_distance_m,0.7117992959686971
145.000,collisions,0
145.000,time_below_clearance_s,14.400000000000006
145.000,safety_zone_violations,1
145.000,min_ttc_s,2.7122551097176797
145.000,avoid_success,0
145.000,avoid_timeout,0
145.000,q_convergence,0.0
145.000,update_residual,0.0
145.000,investigation_deferred,0
145.000,nav_aborted,0
145.000,nav_canceled,0
145.000,nav_rejected,0
145.000,run_seed,5
146.000,anomalies_detected,0
146.000,anomalies_unique,0
146.000,investigation_timeouts,0
146.000,mission_duration_s,101.99600000000001
146.000,distance_traveled_m,25.9707084414837
146.000,route_deviations,0
146.000,investigation_time_s,0.0
146.000,hazard_avoidances,0
146.000,min_hazard_distance_m,0.7117992959686971
146.000,collisions,0
146.000,time_below_clearance_s,14.400000000000006
146.000,safety_zone_violations,1
146.000,min_ttc_s,2.7122551097176797
146.000,avoid_success,0
146.000,avoid_timeout,0
146.000,q_convergence,0.0
146.000,update_residual,0.0
146.000,investigation_deferred,0
146.000,nav_aborted,0
146.000,nav_canceled,0
146.000,nav_rejected,0
146.000,run_seed,5
147.000,anomalies_detected,0
147.000,anomalies_unique,0
147.000,investigation_timeouts,0
147.000,mission_duration_s,102.99600000000001
147.000,distance_traveled_m,26.23278844142264
147.000,route_deviations,0
147.000,investigation_time_s,0.0
147.000,hazard_avoidances,0
147.000,min_hazard_distance_m,0.7117992959686971
147.000,collisions,0
147.000,time_below_clearance_s,14.400000000000006
147.000,safety_zone_violations,1
147.000,min_ttc_s,2.7122551097176797
147.000,avoid_success,0
147.000,avoid_timeout,0
147.000,q_convergence,0.0
147.000,update_residual,0.0
147.000,investigation_deferred,0
147.000,nav_aborted,0
147.000,nav_canceled,0
147.000,nav_rejected,0
147.000,run_seed,5
148.000,anomalies_detected,0
148.000,anomalies_unique,0
148.000,investigation_timeouts,0
148.000,mission_duration_s,103.99600000000001
148.000,distance_traveled_m,26.494868441368403
148.000,route_deviations,0
148.000,investigation_time_s,0.0
148.000,hazard_avoidances,0
148.000,min_hazard_distance_m,0.7117992959686971
148.000,collisions,0
148.000,time_below_clearance_s,14.400000000000006
148.000,safety_zone_violations,1
148.000,min_ttc_s,2.7122551097176797
148.000,avoid_success,0
148.000,avoid_timeout,0
148.000,q_convergence,0.0
148.000,update_residual,0.0
148.000,investigation_deferred,0
148.000,nav_aborted,0
148.000,nav_canceled,0
148.000,nav_rejected,0
148.000,run_seed,5
149.000,anomalies_detected,0
149.000,anomalies_unique,0
149.000,investigation_timeouts,0
149.000,mission_duration_s,104.99600000000001
149.000,distance_traveled_m,26.74758844132689
149.000,route_deviations,0
149.000,investigation_time_s,0.0
149.000,hazard_avoidances,0
149.000,min_hazard_distance_m,0.7117992959686971
149.000,collisions,0
149.000,time_below_clearance_s,14.400000000000006
149.000,safety_zone_violations,1
149.000,min_ttc_s,2.7122551097176797
149.000,avoid_success,0
149.000,avoid_timeout,0
149.000,q_convergence,0.0
149.000,update_residual,0.0
149.000,investigation_deferred,0
149.000,nav_aborted,0
149.000,nav_canceled,0
149.000,nav_rejected,0
149.000,run_seed,5
150.000,anomalies_detected,0
150.000,anomalies_unique,0
150.000,investigation_timeouts,0
150.000,mission_duration_s,105.99600000000001
150.000,distance_traveled_m,27.00966844128142
150.000,route_deviations,0
150.000,investigation_time_s,0.0
150.000,hazard_avoidances,0
150.000,min_hazard_distance_m,0.7117992959686971
150.000,collisions,0
150.000,time_below_clearance_s,14.400000000000006
150.000,safety_zone_violations,1
150.000,min_ttc_s,2.7122551097176797
150.000,avoid_success,0
150.000,avoid_timeout,0
150.000,q_convergence,0.0
150.000,update_residual,0.0
150.000,investigation_deferred,0
150.000,nav_aborted,0
150.000,nav_canceled,0
150.000,nav_rejected,0
150.000,run_seed,5
151.000,anomalies_detected,0
151.000,anomalies_unique,0
151.000,investigation_timeouts,0
151.000,mission_duration_s,106.99600000000001
151.000,distance_traveled_m,27.271748441200327
151.000,route_deviations,0
151.000,investigation_time_s,0.0
151.000,hazard_avoidances,0
151.000,min_hazard_distance_m,0.7117992959686971
151.000,collisions,0
151.000,time_below_clearance_s,14.400000000000006
151.000,safety_zone_violations,1
151.000,min_ttc_s,2.7122551097176797
151.000,avoid_success,0
151.000,avoid_timeout,0
151.000,q_convergence,0.0
151.000,update_residual,0.0
151.000,investigation_deferred,0
151.000,nav_aborted,0
151.000,nav_canceled,0
151.000,nav_rejected,0
151.000,run_seed,5
152.000,anomalies_detected,0
152.000,anomalies_unique,0
152.000,investigation_timeouts,0
152.000,mission_duration_s,107.99600000000001
152.000,distance_traveled_m,27.533828441128936
152.000,route_deviations,0
152.000,investigation_time_s,0.0
152.000,hazard_avoidances,0
152.000,min_hazard_distance_m,0.7117992959686971
152.000,collisions,0
152.000,time_below_clearance_s,14.400000000000006
152.000,safety_zone_violations,1
152.000,min_ttc_s,2.7122551097176797
152.000,avoid_success,0
152.000,avoid_timeout,0
152.000,q_convergence,0.0
152.000,update_residual,0.0
152.000,investigation_deferred,0
152.000,nav_aborted,0
152.000,nav_canceled,0
152.000,nav_rejected,0
152.000,run_seed,5
153.000,anomalies_detected,0
153.000,anomalies_unique,0
153.000,investigation_timeouts,0
153.000,mission_duration_s,108.99600000000001
153.000,distance_traveled_m,27.786548441075528
153.000,route_deviations,0
153.000,investigation_time_s,0.0
153.000,hazard_avoidances,0
153.000,min_hazard_distance_m,0.7117992959686971
153.000,collisions,0
153.000,time_below_clearance_s,14.400000000000006
153.000,safety_zone_violations,1
153.000,min_ttc_s,2.7122551097176797
153.000,avoid_success,0
153.000,avoid_timeout,0
153.000,q_convergence,0.0
153.000,update_residual,0.0
153.000,investigation_deferred,0
153.000,nav_aborted,0
153.000,nav_canceled,0
153.000,nav_rejected,0
153.000,run_seed,5
154.000,anomalies_detected,0
154.000,anomalies_unique,0
154.000,investigation_timeouts,0
154.000,mission_duration_s,109.99600000000001
154.000,distance_traveled_m,28.048628441032776
154.000,route_deviations,0
154.000,investigation_time_s,0.0
154.000,hazard_avoidances,0
154.000,min_hazard_distance_m,0.7117992959686971
154.000,collisions,0
154.000,time_below_clearance_s,14.400000000000006
154.000,safety_zone_violations,1
154.000,min_ttc_s,2.7122551097176797
154.000,avoid_success,0
154.000,avoid_timeout,0
154.000,q_convergence,0.0
154.000,update_residual,0.0
154.000,investigation_deferred,0
154.000,nav_aborted,0
154.000,nav_canceled,0
154.000,nav_rejected,0
154.000,run_seed,5
155.000,anomalies_detected,0
155.000,anomalies_unique,0
155.000,investigation_timeouts,0
155.000,mission_duration_s,110.99600000000001
155.000,distance_traveled_m,28.31070844098592
155.000,route_deviations,0
155.000,investigation_time_s,0.0
155.000,hazard_avoidances,0
155.000,min_hazard_distance_m,0.7117992959686971
155.000,collisions,0
155.000,time_below_clearance_s,14.400000000000006
155.000,safety_zone_violations,1
155.000,min_ttc_s,2.7122551097176797
155.000,avoid_success,0
155.000,avoid_timeout,0
155.000,q_convergence,0.0
155.000,update_residual,0.0
155.000,investigation_deferred,0
155.000,nav_aborted,0
155.000,nav_canceled,0
155.000,nav_rejected,0
155.000,run_seed,5
156.000,anomalies_detected,0
156.000,anomalies_unique,0
156.000,investigation_timeouts,0
156.000,mission_duration_s,111.99600000000001
156.000,distance_traveled_m,28.572788440900514
156.000,route_deviations,0
156.000,investigation_time_s,0.0
156.000,hazard_avoidances,0
156.000,min_hazard_distance_m,0.7117992959686971
156.000,collisions,0
156.000,time_below_clearance_s,14.400000000000006
156.000,safety_zone_violations,1
156.000,min_ttc_s,2.7122551097176797
156.000,avoid_success,0
156.000,avoid_timeout,0
156.000,q_convergence,0.0
156.000,update_residual,0.0
156.000,investigation_deferred,0
156.000,nav_aborted,0
156.000,nav_canceled,0
156.000,nav_rejected,0
156.000,run_seed,5
157.000,anomalies_detected,0
157.000,anomalies_unique,0
157.000,investigation_timeouts,0
157.000,mission_duration_s,112.99600000000001
157.000,distance_traveled_m,28.834868440804204
157.000,route_deviations,0
157.000,investigation_time_s,0.0
157.000,hazard_avoidances,0
157.000,min_hazard_distance_m,0.7117992959686971
157.000,collisions,0
157.000,time_below_clearance_s,14.400000000000006
157.000,safety_zone_violations,1
157.000,min_ttc_s,2.7122551097176797
157.000,avoid_success,0
157.000,avoid_timeout,0
157.000,q_convergence,0.0
157.000,update_residual,0.0
157.000,investigation_deferred,0
157.000,nav_aborted,0
157.000,nav_canceled,0
157.000,nav_rejected,0
157.000,run_seed,5
158.000,anomalies_detected,0
158.000,anomalies_unique,0
158.000,investigation_timeouts,0
158.000,mission_duration_s,113.99600000000001
158.000,distance_traveled_m,29.087588440745435
158.000,route_deviations,0
158.000,investigation_time_s,0.0
158.000,hazard_avoidances,0
158.000,min_hazard_distance_m,0.7117992959686971
158.000,collisions,0
158.000,time_below_clearance_s,14.400000000000006
158.000,safety_zone_violations,1
158.000,min_ttc_s,2.7122551097176797
158.000,avoid_success,0
158.000,avoid_timeout,0
158.000,q_convergence,0.0
158.000,update_residual,0.0
158.000,investigation_deferred,0
158.000,nav_aborted,0
158.000,nav_canceled,0
158.000,nav_rejected,0
158.000,run_seed,5
159.000,anomalies_detected,0
159.000,anomalies_unique,0
159.000,investigation_timeouts,0
159.000,mission_duration_s,114.99600000000001
159.000,distance_traveled_m,29.349668440698192
159.000,route_deviations,0
159.000,investigation_time_s,0.0
159.000,hazard_avoidances,0
159.000,min_hazard_distance_m,0.7117992959686971
159.000,collisions,0
159.000,time_below_clearance_s,14.400000000000006
159.000,safety_zone_violations,1
159.000,min_ttc_s,2.7122551097176797
159.000,avoid_success,0
159.000,avoid_timeout,0
159.000,q_convergence,0.0
159.000,update_residual,0.0
159.000,investigation_deferred,0
159.000,nav_aborted,0
159.000,nav_canceled,0
159.000,nav_rejected,0
159.000,run_seed,5
160.000,anomalies_detected,0
160.000,anomalies_unique,0
160.000,investigation_timeouts,0
160.000,mission_duration_s,115.99600000000001
160.000,distance_traveled_m,29.611748440654015
160.000,route_deviations,0
160.000,investigation_time_s,0.0
160.000,hazard_avoidances,0
160.000,min_hazard_distance_m,0.7117992959686971
160.000,collisions,0
160.000,time_below_clearance_s,14.400000000000006
160.000,safety_zone_violations,1
160.000,min_ttc_s,2.7122551097176797
160.000,avoid_success,0
160.000,avoid_timeout,0
160.000,q_convergence,0.0
160.000,update_residual,0.0
160.000,investigation_deferred,0
160.000,nav_aborted,0
160.000,nav_canceled,0
160.000,nav_rejected,0
160.000,run_seed,5
161.000,anomalies_detected,0
161.000,anomalies_unique,0
161.000,investigation_timeouts,0
161.000,mission_duration_s,116.99600000000001
161.000,distance_traveled_m,29.87382844056172
161.000,route_deviations,0
161.000,investigation_time_s,0.0
161.000,hazard_avoidances,0
161.000,min_hazard_distance_m,0.7117992959686971
161.000,collisions,0
161.000,time_below_clearance_s,14.400000000000006
161.000,safety_zone_violations,1
161.000,min_ttc_s,2.7122551097176797
161.000,avoid_success,0
161.000,avoid_timeout,0
161.000,q_convergence,0.0
161.000,update_residual,0.0
161.000,investigation_deferred,0
161.000,nav_aborted,0
161.000,nav_canceled,0
161.000,nav_rejected,0
161.000,run_seed,5
162.000,anomalies_detected,0
162.000,anomalies_unique,0
162.000,investigation_timeouts,0
162.000,mission_duration_s,117.99600000000001
162.000,distance_traveled_m,30.126548440442146
162.000,route_deviations,0
162.000,investigation_time_s,0.0
162.000,hazard_avoidances,0
162.000,min_hazard_distance_m,0.7117992959686971
162.000,collisions,0
162.000,time_below_clearance_s,14.400000000000006
162.000,safety_zone_violations,1
162.000,min_ttc_s,2.7122551097176797
162.000,avoid_success,0
162.000,avoid_timeout,0
162.000,q_convergence,0.0
162.000,update_residual,0.0
162.000,investigation_deferred,0
162.000,nav_aborted,0
162.000,nav_canceled,0
162.000,nav_rejected,0
162.000,run_seed,5
163.000,anomalies_detected,0
163.000,anomalies_unique,0
163.000,investigation_timeouts,0
163.000,mission_duration_s,118.99600000000001
163.000,distance_traveled_m,30.388628440384874
163.000,route_deviations,0
163.000,investigation_time_s,0.0
163.000,hazard_avoidances,0
163.000,min_hazard_distance_m,0.7117992959686971
163.000,collisions,0
163.000,time_below_clearance_s,14.400000000000006
163.000,safety_zone_violations,1
163.000,min_ttc_s,2.7122551097176797
163.000,avoid_success,0
163.000,avoid_timeout,0
163.000,q_convergence,0.0
163.000,update_residual,0.0
163.000,investigation_deferred,0
163.000,nav_aborted,0
163.000,nav_canceled,0
163.000,nav_rejected,0
163.000,run_seed,5
164.000,anomalies_detected,0
164.000,anomalies_unique,0
164.000,investigation_timeouts,0
164.000,mission_duration_s,119.99600000000001
164.000,distance_traveled_m,30.650708440339265
164.000,route_deviations,0
164.000,investigation_time_s,0.0
164.000,hazard_avoidances,0
164.000,min_hazard_distance_m,0.7117992959686971
164.000,collisions,0
164.000,time_below_clearance_s,14.400000000000006
164.000,safety_zone_violations,1
164.000,min_ttc_s,2.7122551097176797
164.000,avoid_success,0
164.000,avoid_timeout,0
164.000,q_convergence,0.0
164.000,update_residual,0.0
164.000,investigation_deferred,0
164.000,nav_aborted,0
164.000,nav_canceled,0
164.000,nav_rejected,0
164.000,run_seed,5
165.000,anomalies_detected,0
165.000,anomalies_unique,0
165.000,investigation_timeouts,0
165.000,mission_duration_s,120.99600000000001
165.000,distance_traveled_m,30.912788440293774
165.000,route_deviations,0
165.000,investigation_time_s,0.0
165.000,hazard_avoidances,0
165.000,min_hazard_distance_m,0.7117992959686971
165.000,collisions,0
165.000,time_below_clearance_s,14.400000000000006
165.000,safety_zone_violations,1
165.000,min_ttc_s,2.7122551097176797
165.000,avoid_success,0
165.000,avoid_timeout,0
165.000,q_convergence,0.0
165.000,update_residual,0.0
165.000,investigation_deferred,0
165.000,nav_aborted,0
165.000,nav_canceled,0
165.000,nav_rejected,0
165.000,run_seed,5
166.000,anomalies_detected,0
166.000,anomalies_unique,0
166.000,investigation_timeouts,0
166.000,mission_duration_s,121.99600000000001
166.000,distance_traveled_m,31.17486844021705
166.000,route_deviations,0
166.000,investigation_time_s,0.0
166.000,hazard_avoidances,0
166.000,min_hazard_distance_m,0.7117992959686971
166.000,collisions,0
166.000,time_below_clearance_s,14.400000000000006
166.000,safety_zone_violations,1
166.000,min_ttc_s,2.7122551097176797
166.000,avoid_success,0
166.000,avoid_timeout,0
166.000,q_convergence,0.0
166.000,update_residual,0.0
166.000,investigation_deferred,0
166.000,nav_aborted,0
166.000,nav_canceled,0
166.000,nav_rejected,0
166.000,run_seed,5
167.000,anomalies_detected,0
167.000,anomalies_unique,0
167.000,investigation_timeouts,0
167.000,mission_duration_s,122.99600000000001
167.000,distance_traveled_m,31.427588440148856
167.000,route_deviations,0
167.000,investigation_time_s,0.0
167.000,hazard_avoidances,0
167.000,min_hazard_distance_m,0.7117992959686971
167.000,collisions,0
167.000,time_below_clearance_s,14.400000000000006
167.000,safety_zone_violations,1
167.000,min_ttc_s,2.7122551097176797
167.000,avoid_success,0
167.000,avoid_timeout,0
167.000,q_convergence,0.0
167.000,update_residual,0.0
167.000,investigation_deferred,0
167.000,nav_aborted,0
167.000,nav_canceled,0
167.000,nav_rejected,0
167.000,run_seed,5
168.000,anomalies_detected,0
168.000,anomalies_unique,0
168.000,investigation_timeouts,0
168.000,mission_duration_s,123.99600000000001
168.000,distance_traveled_m,31.689668440088248
168.000,route_deviations,0
168.000,investigation_time_s,0.0
168.000,hazard_avoidances,0
168.000,min_hazard_distance_m,0.7117992959686971
168.000,collisions,0
168.000,time_below_clearance_s,14.400000000000006
168.000,safety_zone_violations,1
168.000,min_ttc_s,2.7122551097176797
168.000,avoid_success,0
168.000,avoid_timeout,0
168.000,q_convergence,0.0
168.000,update_residual,0.0
168.000,investigation_deferred,0
168.000,nav_aborted,0
168.000,nav_canceled,0
168.000,nav_rejected,0
168.000,run_seed,5
169.000,anomalies_detected,0
169.000,anomalies_unique,0
169.000,investigation_timeouts,0
169.000,mission_duration_s,124.99600000000001
169.000,distance_traveled_m,31.951748440045197
169.000,route_deviations,0
169.000,investigation_time_s,0.0
169.000,hazard_avoidances,0
169.000,min_hazard_distance_m,0.7117992959686971
169.000,collisions,0
169.000,time_below_clearance_s,14.400000000000006
169.000,safety_zone_violations,1
169.000,min_ttc_s,2.7122551097176797
169.000,avoid_success,0
169.000,avoid_timeout,0
169.000,q_convergence,0.0
169.000,update_residual,0.0
169.000,investigation_deferred,0
169.000,nav_aborted,0
169.000,nav_canceled,0
169.000,nav_rejected,0
169.000,run_seed,5
170.000,anomalies_detected,0
170.000,anomalies_unique,0
170.000,investigation_timeouts,0
170.000,mission_duration_s,125.99600000000001
170.000,distance_traveled_m,32.21382844000145
170.000,route_deviations,0
170.000,investigation_time_s,0.0
170.000,hazard_avoidances,0
170.000,min_hazard_distance_m,0.7117992959686971
170.000,collisions,0
170.000,time_below_clearance_s,14.400000000000006
170.000,safety_zone_violations,1
170.000,min_ttc_s,2.7122551097176797
170.000,avoid_success,0
170.000,avoid_timeout,0
170.000,q_convergence,0.0
170.000,update_residual,0.0
170.000,investigation_deferred,0
170.000,nav_aborted,0
170.000,nav_canceled,0
170.000,nav_rejected,0
170.000,run_seed,5
171.000,anomalies_detected,0
171.000,anomalies_unique,0
171.000,investigation_timeouts,0
171.000,mission_duration_s,126.99600000000001
171.000,distance_traveled_m,32.46654843991818
171.000,route_deviations,0
171.000,investigation_time_s,0.0
171.000,hazard_avoidances,0
171.000,min_hazard_distance_m,0.7117992959686971
171.000,collisions,0
171.000,time_below_clearance_s,14.400000000000006
171.000,safety_zone_violations,1
171.000,min_ttc_s,2.7122551097176797
171.000,avoid_success,0
171.000,avoid_timeout,0
171.000,q_convergence,0.0
171.000,update_residual,0.0
171.000,investigation_deferred,0
171.000,nav_aborted,0
171.000,nav_canceled,0
171.000,nav_rejected,0
171.000,run_seed,5
172.000,anomalies_detected,0
172.000,anomalies_unique,0
172.000,investigation_timeouts,0
172.000,mission_duration_s,127.99600000000001
172.000,distance_traveled_m,32.72862843983753
172.000,route_deviations,0
172.000,investigation_time_s,0.0
172.000,hazard_avoidances,0
172.000,min_hazard_distance_m,0.7117992959686971
172.000,collisions,0
172.000,time_below_clearance_s,14.400000000000006
172.000,safety_zone_violations,1
172.000,min_ttc_s,2.7122551097176797
172.000,avoid_success,0
172.000,avoid_timeout,0
172.000,q_convergence,0.0
172.000,update_residual,0.0
172.000,investigation_deferred,0
172.000,nav_aborted,0
172.000,nav_canceled,0
172.000,nav_rejected,0
172.000,run_seed,5
173.000,anomalies_detected,0
173.000,anomalies_unique,0
173.000,investigation_timeouts,0
173.000,mission_duration_s,128.996
173.000,distance_traveled_m,32.990708439775055
173.000,route_deviations,0
173.000,investigation_time_s,0.0
173.000,hazard_avoidances,0
173.000,min_hazard_distance_m,0.7117992959686971
173.000,collisions,0
173.000,time_below_clearance_s,14.400000000000006
173.000,safety_zone_violations,1
173.000,min_ttc_s,2.7122551097176797
173.000,avoid_success,0
173.000,avoid_timeout,0
173.000,q_convergence,0.0
173.000,update_residual,0.0
173.000,investigation_deferred,0
173.000,nav_aborted,0
173.000,nav_canceled,0
173.000,nav_rejected,0
173.000,run_seed,5
174.000,anomalies_detected,0
174.000,anomalies_unique,0
174.000,investigation_timeouts,0
174.000,mission_duration_s,129.996
174.000,distance_traveled_m,33.25278843972577
174.000,route_deviations,0
174.000,investigation_time_s,0.0
174.000,hazard_avoidances,0
174.000,min_hazard_distance_m,0.7117992959686971
174.000,collisions,0
174.000,time_below_clearance_s,14.400000000000006
174.000,safety_zone_violations,1
174.000,min_ttc_s,2.7122551097176797
174.000,avoid_success,0
174.000,avoid_timeout,0
174.000,q_convergence,0.0
174.000,update_residual,0.0
174.000,investigation_deferred,0
174.000,nav_aborted,0
174.000,nav_canceled,0
174.000,nav_rejected,0
174.000,run_seed,5
175.000,anomalies_detected,0
175.000,anomalies_unique,0
175.000,investigation_timeouts,0
175.000,mission_duration_s,130.996
175.000,distance_traveled_m,33.514868439683696
175.000,route_deviations,0
175.000,investigation_time_s,0.0
175.000,hazard_avoidances,0
175.000,min_hazard_distance_m,0.7117992959686971
175.000,collisions,0
175.000,time_below_clearance_s,14.400000000000006
175.000,safety_zone_violations,1
175.000,min_ttc_s,2.7122551097176797
175.000,avoid_success,0
175.000,avoid_timeout,0
175.000,q_convergence,0.0
175.000,update_residual,0.0
175.000,investigation_deferred,0
175.000,nav_aborted,0
175.000,nav_canceled,0
175.000,nav_rejected,0
175.000,run_seed,5
176.000,anomalies_detected,0
176.000,anomalies_unique,0
176.000,investigation_timeouts,0
176.000,mission_duration_s,131.996
176.000,distance_traveled_m,33.76758843960315
176.000,route_deviations,0
176.000,investigation_time_s,0.0
176.000,hazard_avoidances,0
176.000,min_hazard_distance_m,0.7117992959686971
176.000,collisions,0
176.000,time_below_clearance_s,14.400000000000006
176.000,safety_zone_violations,1
176.000,min_ttc_s,2.7122551097176797
176.000,avoid_success,0
176.000,avoid_timeout,0
176.000,q_convergence,0.0
176.000,update_residual,0.0
176.000,investigation_deferred,0
176.000,nav_aborted,0
176.000,nav_canceled,0
176.000,nav_rejected,0
176.000,run_seed,5
177.000,anomalies_detected,0
177.000,anomalies_unique,0
177.000,investigation_timeouts,0
177.000,mission_duration_s,132.996
177.000,distance_traveled_m,34.029668439497186
177.000,route_deviations,0
177.000,investigation_time_s,0.0
177.000,hazard_avoidances,0
177.000,min_hazard_distance_m,0.7117992959686971
177.000,collisions,0
177.000,time_below_clearance_s,14.400000000000006
177.000,safety_zone_violations,1
177.000,min_ttc_s,2.7122551097176797
177.000,avoid_success,0
177.000,avoid_timeout,0
177.000,q_convergence,0.0
177.000,update_residual,0.0
177.000,investigation_deferred,0
177.000,nav_aborted,0
177.000,nav_canceled,0
177.000,nav_rejected,0
177.000,run_seed,5
178.000,anomalies_detected,0
178.000,anomalies_unique,0
178.000,investigation_timeouts,0
178.000,mission_duration_s,133.996
178.000,distance_traveled_m,34.29174843944417
178.000,route_deviations,0
178.000,investigation_time_s,0.0
178.000,hazard_avoidances,0
178.000,min_hazard_distance_m,0.7117992959686971
178.000,collisions,0
178.000,time_below_clearance_s,14.400000000000006
178.000,safety_zone_violations,1
178.000,min_ttc_s,2.7122551097176797
178.000,avoid_success,0
178.000,avoid_timeout,0
178.000,q_convergence,0.0
178.000,update_residual,0.0
178.000,investigation_deferred,0
178.000,nav_aborted,0
178.000,nav_canceled,0
178.000,nav_rejected,0
178.000,run_seed,5
179.000,anomalies_detected,0
179.000,anomalies_unique,0
179.000,investigation_timeouts,0
179.000,mission_duration_s,134.996
179.000,distance_traveled_m,34.55382843939953
179.000,route_deviations,0
179.000,investigation_time_s,0.0
179.000,hazard_avoidances,0
179.000,min_hazard_distance_m,0.7117992959686971
179.000,collisions,0
179.000,time_below_clearance_s,14.400000000000006
179.000,safety_zone_violations,1
179.000,min_ttc_s,2.7122551097176797
179.000,avoid_success,0
179.000,avoid_timeout,0
179.000,q_convergence,0.0
179.000,update_residual,0.0
179.000,investigation_deferred,0
179.000,nav_aborted,0
179.000,nav_canceled,0
179.000,nav_rejected,0
179.000,run_seed,5
180.000,anomalies_detected,0
180.000,anomalies_unique,0
180.000,investigation_timeouts,0
180.000,mission_duration_s,135.996
180.000,distance_traveled_m,34.80654843935535
180.000,route_deviations,0
180.000,investigation_time_s,0.0
180.000,hazard_avoidances,0
180.000,min_hazard_distance_m,0.7117992959686971
180.000,collisions,0
180.000,time_below_clearance_s,14.400000000000006
180.000,safety_zone_violations,1
180.000,min_ttc_s,2.7122551097176797
180.000,avoid_success,0
180.000,avoid_timeout,0
180.000,q_convergence,0.0
180.000,update_residual,0.0
180.000,investigation_deferred,0
180.000,nav_aborted,0
180.000,nav_canceled,0
180.000,nav_rejected,0
180.000,run_seed,5
181.000,anomalies_detected,0
181.000,anomalies_unique,0
181.000,investigation_timeouts,0
181.000,mission_duration_s,136.996
181.000,distance_traveled_m,35.06862843927148
181.000,route_deviations,0
181.000,investigation_time_s,0.0
181.000,hazard_avoidances,0
181.000,min_hazard_distance_m,0.7117992959686971
181.000,collisions,0
181.000,time_below_clearance_s,14.400000000000006
181.000,safety_zone_violations,1
181.000,min_ttc_s,2.7122551097176797
181.000,avoid_success,0
181.000,avoid_timeout,0
181.000,q_convergence,0.0
181.000,update_residual,0.0
181.000,investigation_deferred,0
181.000,nav_aborted,0
181.000,nav_canceled,0
181.000,nav_rejected,0
181.000,run_seed,5
182.000,anomalies_detected,0
182.000,anomalies_unique,0
182.000,investigation_timeouts,0
182.000,mission_duration_s,137.996
182.000,distance_traveled_m,35.33070843912973
182.000,route_deviations,0
182.000,investigation_time_s,0.0
182.000,hazard_avoidances,0
182.000,min_hazard_distance_m,0.7117992959686971
182.000,collisions,0
182.000,time_below_clearance_s,14.400000000000006
182.000,safety_zone_violations,1
182.000,min_ttc_s,2.7122551097176797
182.000,avoid_success,0
182.000,avoid_timeout,0
182.000,q_convergence,0.0
182.000,update_residual,0.0
182.000,investigation_deferred,0
182.000,nav_aborted,0
182.000,nav_canceled,0
182.000,nav_rejected,0
182.000,run_seed,5
183.000,anomalies_detected,0
183.000,anomalies_unique,0
183.000,investigation_timeouts,0
183.000,mission_duration_s,138.996
183.000,distance_traveled_m,35.59278843905825
183.000,route_deviations,0
183.000,investigation_time_s,0.0
183.000,hazard_avoidances,0
183.000,min_hazard_distance_m,0.7117992959686971
183.000,collisions,0
183.000,time_below_clearance_s,14.400000000000006
183.000,safety_zone_violations,1
183.000,min_ttc_s,2.7122551097176797
183.000,avoid_success,0
183.000,avoid_timeout,0
183.000,q_convergence,0.0
183.000,update_residual,0.0
183.000,investigation_deferred,0
183.000,nav_aborted,0
183.000,nav_canceled,0
183.000,nav_rejected,0
183.000,run_seed,5
184.000,anomalies_detected,0
184.000,anomalies_unique,0
184.000,investigation_timeouts,0
184.000,mission_duration_s,139.996
184.000,distance_traveled_m,35.85486843900957
184.000,route_deviations,0
184.000,investigation_time_s,0.0
184.000,hazard_avoidances,0
184.000,min_hazard_distance_m,0.7117992959686971
184.000,collisions,0
184.000,time_below_clearance_s,14.400000000000006
184.000,safety_zone_violations,1
184.000,min_ttc_s,2.7122551097176797
184.000,avoid_success,0
184.000,avoid_timeout,0
184.000,q_convergence,0.0
184.000,update_residual,0.0
184.000,investigation_deferred,0
184.000,nav_aborted,0
184.000,nav_canceled,0
184.000,nav_rejected,0
184.000,run_seed,5
185.000,anomalies_detected,0
185.000,anomalies_unique,0
185.000,investigation_timeouts,0
185.000,mission_duration_s,140.996
185.000,distance_traveled_m,36.10758843896729
185.000,route_deviations,0
185.000,investigation_time_s,0.0
185.000,hazard_avoidances,0
185.000,min_hazard_distance_m,0.7117992959686971
185.000,collisions,0
185.000,time_below_clearance_s,14.400000000000006
185.000,safety_zone_violations,1
185.000,min_ttc_s,2.7122551097176797
185.000,avoid_success,0
185.000,avoid_timeout,0
185.000,q_convergence,0.0
185.000,update_residual,0.0
185.000,investigation_deferred,0
185.000,nav_aborted,0
185.000,nav_canceled,0
185.000,nav_rejected,0
185.000,run_seed,5
186.000,anomalies_detected,0
186.000,anomalies_unique,0
186.000,investigation_timeouts,0
186.000,mission_duration_s,141.996
186.000,distance_traveled_m,36.369668438883245
186.000,route_deviations,0
186.000,investigation_time_s,0.0
186.000,hazard_avoidances,0
186.000,min_hazard_distance_m,0.7117992959686971
186.000,collisions,0
186.000,time_below_clearance_s,14.400000000000006
186.000,safety_zone_violations,1
186.000,min_ttc_s,2.7122551097176797
186.000,avoid_success,0
186.000,avoid_timeout,0
186.000,q_convergence,0.0
186.000,update_residual,0.0
186.000,investigation_deferred,0
186.000,nav_aborted,0
186.000,nav_canceled,0
186.000,nav_rejected,0
186.000,run_seed,5
187.000,anomalies_detected,0
187.000,anomalies_unique,0
187.000,investigation_timeouts,0
187.000,mission_duration_s,142.996
187.000,distance_traveled_m,36.63174843873808
187.000,route_deviations,0
187.000,investigation_time_s,0.0
187.000,hazard_avoidances,0
187.000,min_hazard_distance_m,0.7117992959686971
187.000,collisions,0
187.000,time_below_clearance_s,14.400000000000006
187.000,safety_zone_violations,1
187.000,min_ttc_s,2.7122551097176797
187.000,avoid_success,0
187.000,avoid_timeout,0
187.000,q_convergence,0.0
187.000,update_residual,0.0
187.000,investigation_deferred,0
187.000,nav_aborted,0
187.000,nav_canceled,0
187.000,nav_rejected,0
187.000,run_seed,5
188.000,anomalies_detected,0
188.000,anomalies_unique,0
188.000,investigation_timeouts,0
188.000,mission_duration_s,143.996
188.000,distance_traveled_m,36.893828438683364
188.000,route_deviations,0
188.000,investigation_time_s,0.0
188.000,hazard_avoidances,0
188.000,min_hazard_distance_m,0.7117992959686971
188.000,collisions,0
188.000,time_below_clearance_s,14.400000000000006
188.000,safety_zone_violations,1
188.000,min_ttc_s,2.7122551097176797
188.000,avoid_success,0
188.000,avoid_timeout,0
188.000,q_convergence,0.0
188.000,update_residual,0.0
188.000,investigation_deferred,0
188.000,nav_aborted,0
188.000,nav_canceled,0
188.000,nav_rejected,0
188.000,run_seed,5
189.000,anomalies_detected,0
189.000,anomalies_unique,0
189.000,investigation_timeouts,0
189.000,mission_duration_s,144.996
189.000,distance_traveled_m,37.14654843863468
189.000,route_deviations,0
189.000,investigation_time_s,0.0
189.000,hazard_avoidances,0
189.000,min_hazard_distance_m,0.7117992959686971
189.000,collisions,0
189.000,time_below_clearance_s,14.400000000000006
189.000,safety_zone_violations,1
189.000,min_ttc_s,2.7122551097176797
189.000,avoid_success,0
189.000,avoid_timeout,0
189.000,q_convergence,0.0
189.000,update_residual,0.0
189.000,investigation_deferred,0
189.000,nav_aborted,0
189.000,nav_canceled,0
189.000,nav_rejected,0
189.000,run_seed,5
190.000,anomalies_detected,0
190.000,anomalies_unique,0
190.000,investigation_timeouts,0
190.000,mission_duration_s,145.996
190.000,distance_traveled_m,37.40862843858918
190.000,route_deviations,0
190.000,investigation_time_s,0.0
190.000,hazard_avoidances,0
190.000,min_hazard_distance_m,0.7117992959686971
190.000,collisions,0
190.000,time_below_clearance_s,14.400000000000006
190.000,safety_zone_violations,1
190.000,min_ttc_s,2.7122551097176797
190.000,avoid_success,0
190.000,avoid_timeout,0
190.000,q_convergence,0.0
190.000,update_residual,0.0
190.000,investigation_deferred,0
190.000,nav_aborted,0
190.000,nav_canceled,0
190.000,nav_rejected,0
190.000,run_seed,5
191.000,anomalies_detected,0
191.000,anomalies_unique,0
191.000,investigation_timeouts,0
191.000,mission_duration_s,146.996
191.000,distance_traveled_m,37.67070843850785
191.000,route_deviations,0
191.000,investigation_time_s,0.0
191.000,hazard_avoidances,0
191.000,min_hazard_distance_m,0.7117992959686971
191.000,collisions,0
191.000,time_below_clearance_s,14.400000000000006
191.000,safety_zone_violations,1
191.000,min_ttc_s,2.7122551097176797
191.000,avoid_success,0
191.000,avoid_timeout,0
191.000,q_convergence,0.0
191.000,update_residual,0.0
191.000,investigation_deferred,0
191.000,nav_aborted,0
191.000,nav_canceled,0
191.000,nav_rejected,0
191.000,run_seed,5
192.000,anomalies_detected,0
192.000,anomalies_unique,0
192.000,investigation_timeouts,0
192.000,mission_duration_s,147.996
192.000,distance_traveled_m,37.93278843844266
192.000,route_deviations,0
192.000,investigation_time_s,0.0
192.000,hazard_avoidances,0
192.000,min_hazard_distance_m,0.7117992959686971
192.000,collisions,0
192.000,time_below_clearance_s,14.400000000000006
192.000,safety_zone_violations,1
192.000,min_ttc_s,2.7122551097176797
192.000,avoid_success,0
192.000,avoid_timeout,0
192.000,q_convergence,0.0
192.000,update_residual,0.0
192.000,investigation_deferred,0
192.000,nav_aborted,0
192.000,nav_canceled,0
192.000,nav_rejected,0
192.000,run_seed,5
193.000,anomalies_detected,0
193.000,anomalies_unique,0
193.000,investigation_timeouts,0
193.000,mission_duration_s,148.996
193.000,distance_traveled_m,38.194868438383125
193.000,route_deviations,0
193.000,investigation_time_s,0.0
193.000,hazard_avoidances,0
193.000,min_hazard_distance_m,0.7117992959686971
193.000,collisions,0
193.000,time_below_clearance_s,14.400000000000006
193.000,safety_zone_violations,1
193.000,min_ttc_s,2.7122551097176797
193.000,avoid_success,0
193.000,avoid_timeout,0
193.000,q_convergence,0.0
193.000,update_residual,0.0
193.000,investigation_deferred,0
193.000,nav_aborted,0
193.000,nav_canceled,0
193.000,nav_rejected,0
193.000,run_seed,5
194.000,anomalies_detected,0
194.000,anomalies_unique,0
194.000,investigation_timeouts,0
194.000,mission_duration_s,149.996
194.000,distance_traveled_m,38.447588438335934
194.000,route_deviations,0
194.000,investigation_time_s,0.0
194.000,hazard_avoidances,0
194.000,min_hazard_distance_m,0.7117992959686971
194.000,collisions,0
194.000,time_below_clearance_s,14.400000000000006
194.000,safety_zone_violations,1
194.000,min_ttc_s,2.7122551097176797
194.000,avoid_success,0
194.000,avoid_timeout,0
194.000,q_convergence,0.0
194.000,update_residual,0.0
194.000,investigation_deferred,0
194.000,nav_aborted,0
194.000,nav_canceled,0
194.000,nav_rejected,0
194.000,run_seed,5
195.000,anomalies_detected,0
195.000,anomalies_unique,0
195.000,investigation_timeouts,0
195.000,mission_duration_s,150.996
195.000,distance_traveled_m,38.7096684382741
195.000,route_deviations,0
195.000,investigation_time_s,0.0
195.000,hazard_avoidances,0
195.000,min_hazard_distance_m,0.7117992959686971
195.000,collisions,0
195.000,time_below_clearance_s,14.400000000000006
195.000,safety_zone_violations,1
195.000,min_ttc_s,2.7122551097176797
195.000,avoid_success,0
195.000,avoid_timeout,0
195.000,q_convergence,0.0
195.000,update_residual,0.0
195.000,investigation_deferred,0
195.000,nav_aborted,0
195.000,nav_canceled,0
195.000,nav_rejected,0
195.000,run_seed,5
196.000,anomalies_detected,0
196.000,anomalies_unique,0
196.000,investigation_timeouts,0
196.000,mission_duration_s,151.996
196.000,distance_traveled_m,38.97174843812555
196.000,route_deviations,0
196.000,investigation_time_s,0.0
196.000,hazard_avoidances,0
196.000,min_hazard_distance_m,0.7117992959686971
196.000,collisions,0
196.000,time_below_clearance_s,14.400000000000006
196.000,safety_zone_violations,1
196.000,min_ttc_s,2.7122551097176797
196.000,avoid_success,0
196.000,avoid_timeout,0
196.000,q_convergence,0.0
196.000,update_residual,0.0
196.000,investigation_deferred,0
196.000,nav_aborted,0
196.000,nav_canceled,0
196.000,nav_rejected,0
196.000,run_seed,5
197.000,anomalies_detected,0
197.000,anomalies_unique,0
197.000,investigation_timeouts,0
197.000,mission_duration_s,152.996
197.000,distance_traveled_m,39.23382843804892
197.000,route_deviations,0
197.000,investigation_time_s,0.0
197.000,hazard_avoidances,0
197.000,min_hazard_distance_m,0.7117992959686971
197.000,collisions,0
197.000,time_below_clearance_s,14.400000000000006
197.000,safety_zone_violations,1
197.000,min_ttc_s,2.7122551097176797
197.000,avoid_success,0
197.000,avoid_timeout,0
197.000,q_convergence,0.0
197.000,update_residual,0.0
197.000,investigation_deferred,0
197.000,nav_aborted,0
197.000,nav_canceled,0
197.000,nav_rejected,0
197.000,run_seed,5
198.000,anomalies_detected,0
198.000,anomalies_unique,0
198.000,investigation_timeouts,0
198.000,mission_duration_s,153.996
198.000,distance_traveled_m,39.486548437634994
198.000,route_deviations,0
198.000,investigation_time_s,0.0
198.000,hazard_avoidances,0
198.000,min_hazard_distance_m,0.7117992959686971
198.000,collisions,0
198.000,time_below_clearance_s,14.400000000000006
198.000,safety_zone_violations,1
198.000,min_ttc_s,2.7122551097176797
198.000,avoid_success,0
198.000,avoid_timeout,0
198.000,q_convergence,0.0
198.000,update_residual,0.0
198.000,investigation_deferred,0
198.000,nav_aborted,0
198.000,nav_canceled,0
198.000,nav_rejected,0
198.000,run_seed,5
199.000,anomalies_detected,0
199.000,anomalies_unique,0
199.000,investigation_timeouts,0
199.000,mission_duration_s,154.996
199.000,distance_traveled_m,39.748628436894066
199.000,route_deviations,0
199.000,investigation_time_s,0.0
199.000,hazard_avoidances,0
199.000,min_hazard_distance_m,0.7117992959686971
199.000,collisions,0
199.000,time_below_clearance_s,14.400000000000006
199.000,safety_zone_violations,1
199.000,min_ttc_s,2.7122551097176797
199.000,avoid_success,0
199.000,avoid_timeout,0
199.000,q_convergence,0.0
199.000,update_residual,0.0
199.000,investigation_deferred,0
199.000,nav_aborted,0
199.000,nav_canceled,0
199.000,nav_rejected,0
199.000,run_seed,5
200.000,anomalies_detected,0
200.000,anomalies_unique,0
200.000,investigation_timeouts,0
200.000,mission_duration_s,155.996
200.000,distance_traveled_m,40.01070843474792
200.000,route_deviations,0
200.000,investigation_time_s,0.0
200.000,hazard_avoidances,0
200.000,min_hazard_distance_m,0.7117992959686971
200.000,collisions,0
200.000,time_below_clearance_s,14.400000000000006
200.000,safety_zone_violations,1
200.000,min_ttc_s,2.7122551097176797
200.000,avoid_success,0
200.000,avoid_timeout,0
200.000,q_convergence,0.0
200.000,update_residual,0.0
200.000,investigation_deferred,0
200.000,nav_aborted,0
200.000,nav_canceled,0
200.000,nav_rejected,0
200.000,run_seed,5
201.000,anomalies_detected,0
201.000,anomalies_unique,0
201.000,investigation_timeouts,0
201.000,mission_duration_s,156.996
201.000,distance_traveled_m,40.27278842994114
201.000,route_deviations,0
201.000,investigation_time_s,0.0
201.000,hazard_avoidances,0
201.000,min_hazard_distance_m,0.7117992959686971
201.000,collisions,0
201.000,time_below_clearance_s,14.400000000000006
201.000,safety_zone_violations,1
201.000,min_ttc_s,2.7122551097176797
201.000,avoid_success,0
201.000,avoid_timeout,0
201.000,q_convergence,0.0
201.000,update_residual,0.0
201.000,investigation_deferred,0
201.000,nav_aborted,0
201.000,nav_canceled,0
201.000,nav_rejected,0
201.000,run_seed,5
202.000,anomalies_detected,0
202.000,anomalies_unique,0
202.000,investigation_timeouts,0
202.000,mission_duration_s,157.996
202.000,distance_traveled_m,40.53486841296591
202.000,route_deviations,0
202.000,investigation_time_s,0.0
202.000,hazard_avoidances,0
202.000,min_hazard_distance_m,0.7117992959686971
202.000,collisions,0
202.000,time_below_clearance_s,14.400000000000006
202.000,safety_zone_violations,1
202.000,min_ttc_s,2.7122551097176797
202.000,avoid_success,0
202.000,avoid_timeout,0
202.000,q_convergence,0.0
202.000,update_residual,0.0
202.000,investigation_deferred,0
202.000,nav_aborted,0
202.000,nav_canceled,0
202.000,nav_rejected,0
202.000,run_seed,5
203.000,anomalies_detected,0
203.000,anomalies_unique,0
203.000,investigation_timeouts,0
203.000,mission_duration_s,158.996
203.000,distance_traveled_m,40.78744521410323
203.000,route_deviations,0
203.000,investigation_time_s,0.0
203.000,hazard_avoidances,0
203.000,min_hazard_distance_m,0.7117992959686971
203.000,collisions,0
203.000,time_below_clearance_s,14.400000000000006
203.000,safety_zone_violations,1
203.000,min_ttc_s,2.7122551097176797
203.000,avoid_success,0
203.000,avoid_timeout,0
203.000,q_convergence,0.0
203.000,update_residual,0.0
203.000,investigation_deferred,0
203.000,nav_aborted,0
203.000,nav_canceled,0
203.000,nav_rejected,0
203.000,run_seed,5
204.000,anomalies_detected,0
204.000,anomalies_unique,0
204.000,investigation_timeouts,0
204.000,mission_duration_s,159.996
204.000,distance_traveled_m,40.9734222828736
204.000,route_deviations,0
204.000,investigation_time_s,0.0
204.000,hazard_avoidances,0
204.000,min_hazard_distance_m,0.7117992959686971
204.000,collisions,0
204.000,time_below_clearance_s,14.400000000000006
204.000,safety_zone_violations,1
204.000,min_ttc_s,2.7122551097176797
204.000,avoid_success,0
204.000,avoid_timeout,0
204.000,q_convergence,0.0
204.000,update_residual,0.0
204.000,investigation_deferred,0
204.000,nav_aborted,0
204.000,nav_canceled,0
204.000,nav_rejected,0
204.000,run_seed,5
205.000,anomalies_detected,0
205.000,anomalies_unique,0
205.000,investigation_timeouts,0
205.000,mission_duration_s,160.996
205.000,distance_traveled_m,41.01008711071004
205.000,route_deviations,0
205.000,investigation_time_s,0.0
205.000,hazard_avoidances,0
205.000,min_hazard_distance_m,0.7117992959686971
205.000,collisions,0
205.000,time_below_clearance_s,14.400000000000006
205.000,safety_zone_violations,1
205.000,min_ttc_s,2.7122551097176797
205.000,avoid_success,0
205.000,avoid_timeout,0
205.000,q_convergence,0.0
205.000,update_residual,0.0
205.000,investigation_deferred,0
205.000,nav_aborted,0
205.000,nav_canceled,0
205.000,nav_rejected,0
205.000,run_seed,5
206.000,anomalies_detected,0
206.000,anomalies_unique,0
206.000,investigation_timeouts,0
206.000,mission_duration_s,161.996
206.000,distance_traveled_m,41.0150958277305
206.000,route_deviations,0
206.000,investigation_time_s,0.0
206.000,hazard_avoidances,0
206.000,min_hazard_distance_m,0.7117992959686971
206.000,collisions,0
206.000,time_below_clearance_s,14.400000000000006
206.000,safety_zone_violations,1
206.000,min_ttc_s,2.7122551097176797
206.000,avoid_success,0
206.000,avoid_timeout,0
206.000,q_convergence,0.0
206.000,update_residual,0.0
206.000,investigation_deferred,0
206.000,nav_aborted,0
206.000,nav_canceled,0
206.000,nav_rejected,0
206.000,run_seed,5
207.000,anomalies_detected,0
207.000,anomalies_unique,0
207.000,investigation_timeouts,0
207.000,mission_duration_s,162.996
207.000,distance_traveled_m,41.065806277933994
207.000,route_deviations,0
207.000,investigation_time_s,0.0
207.000,hazard_avoidances,0
207.000,min_hazard_distance_m,0.7117992959686971
207.000,collisions,0
207.000,time_below_clearance_s,14.400000000000006
207.000,safety_zone_violations,1
207.000,min_ttc_s,2.7122551097176797
207.000,avoid_success,0
207.000,avoid_timeout,0
207.000,q_convergence,0.0
207.000,update_residual,0.0
207.000,investigation_deferred,0
207.000,nav_aborted,0
207.000,nav_canceled,0
207.000,nav_rejected,0
207.000,run_seed,5
208.000,anomalies_detected,0
208.000,anomalies_unique,0
208.000,investigation_timeouts,0
208.000,mission_duration_s,163.996
208.000,distance_traveled_m,41.25304417571788
208.000,route_deviations,0
208.000,investigation_time_s,0.0
208.000,hazard_avoidances,0
208.000,min_hazard_distance_m,0.7117992959686971
208.000,collisions,0
208.000,time_below_clearance_s,14.400000000000006
208.000,safety_zone_violations,1
208.000,min_ttc_s,2.7122551097176797
208.000,avoid_success,0
208.000,avoid_timeout,0
208.000,q_convergence,0.0
208.000,update_residual,0.0
208.000,investigation_deferred,0
208.000,nav_aborted,0
208.000,nav_canceled,0
208.000,nav_rejected,0
208.000,run_seed,5
209.000,anomalies_detected,0
209.000,anomalies_unique,0
209.000,investigation_timeouts,0
209.000,mission_duration_s,164.996
209.000,distance_traveled_m,41.51512360071292
209.000,route_deviations,0
209.000,investigation_time_s,0.0
209.000,hazard_avoidances,0
209.000,min_hazard_distance_m,0.7117992959686971
209.000,collisions,0
209.000,time_below_clearance_s,14.400000000000006
209.000,safety_zone_violations,1
209.000,min_ttc_s,2.7122551097176797
209.000,avoid_success,0
209.000,avoid_timeout,0
209.000,q_convergence,0.0
209.000,update_residual,0.0
209.000,investigation_deferred,0
209.000,nav_aborted,0
209.000,nav_canceled,0
209.000,nav_rejected,0
209.000,run_seed,5
210.000,anomalies_detected,0
210.000,anomalies_unique,0
210.000,investigation_timeouts,0
210.000,mission_duration_s,165.996
210.000,distance_traveled_m,41.77720358122488
210.000,route_deviations,0
210.000,investigation_time_s,0.0
210.000,hazard_avoidances,0
210.000,min_hazard_distance_m,0.7117992959686971
210.000,collisions,0
210.000,time_below_clearance_s,14.400000000000006
210.000,safety_zone_violations,1
210.000,min_ttc_s,2.7122551097176797
210.000,avoid_success,0
210.000,avoid_timeout,0
210.000,q_convergence,0.0
210.000,update_residual,0.0
210.000,investigation_deferred,0
210.000,nav_aborted,0
210.000,nav_canceled,0
210.000,nav_rejected,0
210.000,run_seed,5
211.000,anomalies_detected,0
211.000,anomalies_unique,0
211.000,investigation_timeouts,0
211.000,mission_duration_s,166.996
211.000,distance_traveled_m,42.039283544061796
211.000,route_deviations,0
211.000,investigation_time_s,0.0
211.000,hazard_avoidances,0
211.000,min_hazard_distance_m,0.7117992959686971
211.000,collisions,0
211.000,time_below_clearance_s,14.400000000000006
211.000,safety_zone_violations,1
211.000,min_ttc_s,2.7122551097176797
211.000,avoid_success,0
211.000,avoid_timeout,0
211.000,q_convergence,0.0
211.000,update_residual,0.0
211.000,investigation_deferred,0
211.000,nav_aborted,0
211.000,nav_canceled,0
211.000,nav_rejected,0
211.000,run_seed,5
212.000,anomalies_detected,0
212.000,anomalies_unique,0
212.000,investigation_timeouts,0
212.000,mission_duration_s,167.996
212.000,distance_traveled_m,42.29200349991199
212.000,route_deviations,0
212.000,investigation_time_s,0.0
212.000,hazard_avoidances,0
212.000,min_hazard_distance_m,0.7117992959686971
212.000,collisions,0
212.000,time_below_clearance_s,14.400000000000006
212.000,safety_zone_violations,1
212.000,min_ttc_s,2.7122551097176797
212.000,avoid_success,0
212.000,avoid_timeout,0
212.000,q_convergence,0.0
212.000,update_residual,0.0
212.000,investigation_deferred,0
212.000,nav_aborted,0
212.000,nav_canceled,0
212.000,nav_rejected,0
212.000,run_seed,5
213.000,anomalies_detected,0
213.000,anomalies_unique,0
213.000,investigation_timeouts,0
213.000,mission_duration_s,168.996
213.000,distance_traveled_m,42.554083220223866
213.000,route_deviations,0
213.000,investigation_time_s,0.0
213.000,hazard_avoidances,0
213.000,min_hazard_distance_m,0.7117992959686971
213.000,collisions,0
213.000,time_below_clearance_s,14.400000000000006
213.000,safety_zone_violations,1
213.000,min_ttc_s,2.7122551097176797
213.000,avoid_success,0
213.000,avoid_timeout,0
213.000,q_convergence,0.0
213.000,update_residual,0.0
213.000,investigation_deferred,0
213.000,nav_aborted,0
213.000,nav_canceled,0
213.000,nav_rejected,0
213.000,run_seed,5
214.000,anomalies_detected,0
214.000,anomalies_unique,0
214.000,investigation_timeouts,0
214.000,mission_duration_s,169.996
214.000,distance_traveled_m,42.816162486516994
214.000,route_deviations,0
214.000,investigation_time_s,0.0
214.000,hazard_avoidances,0
214.000,min_hazard_distance_m,0.7117992959686971
214.000,collisions,0
214.000,time_below_clearance_s,14.400000000000006
214.000,safety_zone_violations,1
214.000,min_ttc_s,2.7122551097176797
214.000,avoid_success,0
214.000,avoid_timeout,0
214.000,q_convergence,0.0
214.000,update_residual,0.0
214.000,investigation_deferred,0
214.000,nav_aborted,0
214.000,nav_canceled,0
214.000,nav_rejected,0
214.000,run_seed,5
215.000,anomalies_detected,0
215.000,anomalies_unique,0
215.000,investigation_timeouts,0
215.000,mission_duration_s,170.996
215.000,distance_traveled_m,43.07824177415462
215.000,route_deviations,0
215.000,investigation_time_s,0.0
215.000,hazard_avoidances,0
215.000,min_hazard_distance_m,0.7117992959686971
215.000,collisions,0
215.000,time_below_clearance_s,14.400000000000006
215.000,safety_zone_violations,1
215.000,min_ttc_s,2.7122551097176797
215.000,avoid_success,0
215.000,avoid_timeout,0
215.000,q_convergence,0.0
215.000,update_residual,0.0
215.000,investigation_deferred,0
215.000,nav_aborted,0
215.000,nav_canceled,0
215.000,nav_rejected,0
215.000,run_seed,5
216.000,anomalies_detected,0
216.000,anomalies_unique,0
216.000,investigation_timeouts,0
216.000,mission_duration_s,171.996
216.000,distance_traveled_m,43.33096097575189
216.000,route_deviations,0
216.000,investigation_time_s,0.0
216.000,hazard_avoidances,0
216.000,min_hazard_distance_m,0.7117992959686971
216.000,collisions,0
216.000,time_below_clearance_s,14.400000000000006
216.000,safety_zone_violations,1
216.000,min_ttc_s,2.7122551097176797
216.000,avoid_success,0
216.000,avoid_timeout,0
216.000,q_convergence,0.0
216.000,update_residual,0.0
216.000,investigation_deferred,0
216.000,nav_aborted,0
216.000,nav_canceled,0
216.000,nav_rejected,0
216.000,run_seed,5
217.000,anomalies_detected,0
217.000,anomalies_unique,0
217.000,investigation_timeouts,0
217.000,mission_duration_s,172.996
217.000,distance_traveled_m,43.59304070245868
217.000,route_deviations,0
217.000,investigation_time_s,0.0
217.000,hazard_avoidances,0
217.000,min_hazard_distance_m,0.7117992959686971
217.000,collisions,0
217.000,time_below_clearance_s,14.400000000000006
217.000,safety_zone_violations,1
217.000,min_ttc_s,2.7122551097176797
217.000,avoid_success,0
217.000,avoid_timeout,0
217.000,q_convergence,0.0
217.000,update_residual,0.0
217.000,investigation_deferred,0
217.000,nav_aborted,0
217.000,nav_canceled,0
217.000,nav_rejected,0
217.000,run_seed,5
218.000,anomalies_detected,0
218.000,anomalies_unique,0
218.000,investigation_timeouts,0
218.000,mission_duration_s,173.996
218.000,distance_traveled_m,43.85512063335286
218.000,route_deviations,0
218.000,investigation_time_s,0.0
218.000,hazard_avoidances,0
218.000,min_hazard_distance_m,0.7117992959686971
218.000,collisions,0
218.000,time_below_clearance_s,14.400000000000006
218.000,safety_zone_violations,1
218.000,min_ttc_s,2.7122551097176797
218.000,avoid_success,0
218.000,avoid_timeout,0
218.000,q_convergence,0.0
218.000,update_residual,0.0
218.000,investigation_deferred,0
218.000,nav_aborted,0
218.000,nav_canceled,0
218.000,nav_rejected,0
218.000,run_seed,5
219.000,anomalies_detected,0
219.000,anomalies_unique,0
219.000,investigation_timeouts,0
219.000,mission_duration_s,174.996
219.000,distance_traveled_m,44.11720062469541
219.000,route_deviations,0
219.000,investigation_time_s,0.0
219.000,hazard_avoidances,0
219.000,min_hazard_distance_m,0.7117992959686971
219.000,collisions,0
219.000,time_below_clearance_s,14.400000000000006
219.000,safety_zone_violations,1
219.000,min_ttc_s,2.7122551097176797
219.000,avoid_success,0
219.000,avoid_timeout,0
219.000,q_convergence,0.0
219.000,update_residual,0.0
219.000,investigation_deferred,0
219.000,nav_aborted,0
219.000,nav_canceled,0
219.000,nav_rejected,0
219.000,run_seed,5
220.000,anomalies_detected,0
220.000,anomalies_unique,0
220.000,investigation_timeouts,0
220.000,mission_duration_s,175.996
220.000,distance_traveled_m,44.37928062131498
220.000,route_deviations,0
220.000,investigation_time_s,0.0
220.000,hazard_avoidances,0
220.000,min_hazard_distance_m,0.7117992959686971
220.000,collisions,0
220.000,time_below_clearance_s,14.400000000000006
220.000,safety_zone_violations,1
220.000,min_ttc_s,2.7122551097176797
220.000,avoid_success,0
220.000,avoid_timeout,0
220.000,q_convergence,0.0
220.000,update_residual,0.0
220.000,investigation_deferred,0
220.000,nav_aborted,0
220.000,nav_canceled,0
220.000,nav_rejected,0
220.000,run_seed,5
221.000,anomalies_detected,0
221.000,anomalies_unique,0
221.000,investigation_timeouts,0
221.000,mission_duration_s,176.996
221.000,distance_traveled_m,44.63200061866428
221.000,route_deviations,0
221.000,investigation_time_s,0.0
221.000,hazard_avoidances,0
221.000,min_hazard_distance_m,0.7117992959686971
221.000,collisions,0
221.000,time_below_clearance_s,14.400000000000006
221.000,safety_zone_violations,1
221.000,min_ttc_s,2.7122551097176797
221.000,avoid_success,0
221.000,avoid_timeout,0
221.000,q_convergence,0.0
221.000,update_residual,0.0
221.000,investigation_deferred,0
221.000,nav_aborted,0
221.000,nav_canceled,0
221.000,nav_rejected,0
221.000,run_seed,5
222.000,anomalies_detected,0
222.000,anomalies_unique,0
222.000,investigation_timeouts,0
222.000,mission_duration_s,177.996
222.000,distance_traveled_m,44.89408061663493
222.000,route_deviations,0
222.000,investigation_time_s,0.0
222.000,hazard_avoidances,0
222.000,min_hazard_distance_m,0.7117992959686971
222.000,collisions,0
222.000,time_below_clearance_s,14.400000000000006
222.000,safety_zone_violations,1
222.000,min_ttc_s,2.7122551097176797
222.000,avoid_success,0
222.000,avoid_timeout,0
222.000,q_convergence,0.0
222.000,update_residual,0.0
222.000,investigation_deferred,0
222.000,nav_aborted,0
222.000,nav_canceled,0
222.000,nav_rejected,0
222.000,run_seed,5
223.000,anomalies_detected,0
223.000,anomalies_unique,0
223.000,investigation_timeouts,0
223.000,mission_duration_s,178.996
223.000,distance_traveled_m,45.15616061524527
223.000,route_deviations,0
223.000,investigation_time_s,0.0
223.000,hazard_avoidances,0
223.000,min_hazard_distance_m,0.7117992959686971
223.000,collisions,0
223.000,time_below_clearance_s,14.400000000000006
223.000,safety_zone_violations,1
223.000,min_ttc_s,2.7122551097176797
223.000,avoid_success,0
223.000,avoid_timeout,0
223.000,q_convergence,0.0
223.000,update_residual,0.0
223.000,investigation_deferred,0
223.000,nav_aborted,0
223.000,nav_canceled,0
223.000,nav_rejected,0
223.000,run_seed,5
224.000,anomalies_detected,0
224.000,anomalies_unique,0
224.000,investigation_timeouts,0
224.000,mission_duration_s,179.996
224.000,distance_traveled_m,45.418240614317554
224.000,route_deviations,0
224.000,investigation_time_s,0.0
224.000,hazard_avoidances,0
224.000,min_hazard_distance_m,0.7117992959686971
224.000,collisions,0
224.000,time_below_clearance_s,14.400000000000006
224.000,safety_zone_violations,1
224.000,min_ttc_s,2.7122551097176797
224.000,avoid_success,0
224.000,avoid_timeout,0
224.000,q_convergence,0.0
224.000,update_residual,0.0
224.000,investigation_deferred,0
224.000,nav_aborted,0
224.000,nav_canceled,0
224.000,nav_rejected,0
224.000,run_seed,5
225.000,anomalies_detected,0
225.000,anomalies_unique,0
225.000,investigation_timeouts,0
225.000,mission_duration_s,180.996
225.000,distance_traveled_m,45.67096061348967
225.000,route_deviations,0
225.000,investigation_time_s,0.0
225.000,hazard_avoidances,0
225.000,min_hazard_distance_m,0.7117992959686971
225.000,collisions,0
225.000,time_below_clearance_s,14.400000000000006
225.000,safety_zone_violations,1
225.000,min_ttc_s,2.7122551097176797
225.000,avoid_success,0
225.000,avoid_timeout,0
225.000,q_convergence,0.0
225.000,update_residual,0.0
225.000,investigation_deferred,0
225.000,nav_aborted,0
225.000,nav_canceled,0
225.000,nav_rejected,0
225.000,run_seed,5
226.000,anomalies_detected,0
226.000,anomalies_unique,0
226.000,investigation_timeouts,0
226.000,mission_duration_s,181.996
226.000,distance_traveled_m,45.93304061254804
226.000,route_deviations,0
226.000,investigation_time_s,0.0
226.000,hazard_avoidances,0
226.000,min_hazard_distance_m,0.7117992959686971
226.000,collisions,0
226.000,time_below_clearance_s,14.400000000000006
226.000,safety_zone_violations,1
226.000,min_ttc_s,2.7122551097176797
226.000,avoid_success,0
226.000,avoid_timeout,0
226.000,q_convergence,0.0
226.000,update_residual,0.0
226.000,investigation_deferred,0
226.000,nav_aborted,0
226.000,nav_canceled,0
226.000,nav_rejected,0
226.000,run_seed,5
227.000,anomalies_detected,0
227.000,anomalies_unique,0
227.000,investigation_timeouts,0
227.000,mission_duration_s,182.996
227.000,distance_traveled_m,46.19512061137549
227.000,route_deviations,0
227.000,investigation_time_s,0.0
227.000,hazard_avoidances,0
227.000,min_hazard_distance_m,0.7117992959686971
227.000,collisions,0
227.000,time_below_clearance_s,14.400000000000006
227.000,safety_zone_violations,1
227.000,min_ttc_s,2.7122551097176797
227.000,avoid_success,0
227.000,avoid_timeout,0
227.000,q_convergence,0.0
227.000,update_residual,0.0
227.000,investigation_deferred,0
227.000,nav_aborted,0
227.000,nav_canceled,0
227.000,nav_rejected,0
227.000,run_seed,5
228.000,anomalies_detected,0
228.000,anomalies_unique,0
228.000,investigation_timeouts,0
228.000,mission_duration_s,183.996
228.000,distance_traveled_m,46.45720061016199
228.000,route_deviations,0
228.000,investigation_time_s,0.0
228.000,hazard_avoidances,0
228.000,min_hazard_distance_m,0.7117992959686971
228.000,collisions,0
228.000,time_below_clearance_s,14.400000000000006
228.000,safety_zone_violations,1
228.000,min_ttc_s,2.7122551097176797
228.000,avoid_success,0
228.000,avoid_timeout,0
228.000,q_convergence,0.0
228.000,update_residual,0.0
228.000,investigation_deferred,0
228.000,nav_aborted,0
228.000,nav_canceled,0
228.000,nav_rejected,0
228.000,run_seed,5
229.000,anomalies_detected,0
229.000,anomalies_unique,0
229.000,investigation_timeouts,0
229.000,mission_duration_s,184.996
229.000,distance_traveled_m,46.719280609265525
229.000,route_deviations,0
229.000,investigation_time_s,0.0
229.000,hazard_avoidances,0
229.000,min_hazard_distance_m,0.7117992959686971
229.000,collisions,0
229.000,time_below_clearance_s,14.400000000000006
229.000,safety_zone_violations,1
229.000,min_ttc_s,2.7122551097176797
229.000,avoid_success,0
229.000,avoid_timeout,0
229.000,q_convergence,0.0
229.000,update_residual,0.0
229.000,investigation_deferred,0
229.000,nav_aborted,0
229.000,nav_canceled,0
229.000,nav_rejected,0
229.000,run_seed,5
230.000,anomalies_detected,0
230.000,anomalies_unique,0
230.000,investigation_timeouts,0
230.000,mission_duration_s,185.996
230.000,distance_traveled_m,46.97200060844158
230.000,route_deviations,0
230.000,investigation_time_s,0.0
230.000,hazard_avoidances,0
230.000,min_hazard_distance_m,0.7117992959686971
230.000,collisions,0
230.000,time_below_clearance_s,14.400000000000006
230.000,safety_zone_violations,1
230.000,min_ttc_s,2.7122551097176797
230.000,avoid_success,0
230.000,avoid_timeout,0
230.000,q_convergence,0.0
230.000,update_residual,0.0
230.000,investigation_deferred,0
230.000,nav_aborted,0
230.000,nav_canceled,0
230.000,nav_rejected,0
230.000,run_seed,5
231.000,anomalies_detected,0
231.000,anomalies_unique,0
231.000,investigation_timeouts,0
231.000,mission_duration_s,186.996
231.000,distance_traveled_m,47.23408060745221
231.000,route_deviations,0
231.000,investigation_time_s,0.0
231.000,hazard_avoidances,0
231.000,min_hazard_distance_m,0.7117992959686971
231.000,collisions,0
231.000,time_below_clearance_s,14.400000000000006
231.000,safety_zone_violations,1
231.000,min_ttc_s,2.7122551097176797
231.000,avoid_success,0
231.000,avoid_timeout,0
231.000,q_convergence,0.0
231.000,update_residual,0.0
231.000,investigation_deferred,0
231.000,nav_aborted,0
231.000,nav_canceled,0
231.000,nav_rejected,0
231.000,run_seed,5
232.000,anomalies_detected,0
232.000,anomalies_unique,0
232.000,investigation_timeouts,0
232.000,mission_duration_s,187.996
232.000,distance_traveled_m,47.49616060654268
232.000,route_deviations,0
232.000,investigation_time_s,0.0
232.000,hazard_avoidances,0
232.000,min_hazard_distance_m,0.7117992959686971
232.000,collisions,0
232.000,time_below_clearance_s,14.400000000000006
232.000,safety_zone_violations,1
232.000,min_ttc_s,2.7122551097176797
232.000,avoid_success,0
232.000,avoid_timeout,0
232.000,q_convergence,0.0
232.000,update_residual,0.0
232.000,investigation_deferred,0
232.000,nav_aborted,0
232.000,nav_canceled,0
232.000,nav_rejected,0
232.000,run_seed,5
233.000,anomalies_detected,0
233.000,anomalies_unique,0
233.000,investigation_timeouts,0
233.000,mission_duration_s,188.996
233.000,distance_traveled_m,47.75824060560462
233.000,route_deviations,0
233.000,investigation_time_s,0.0
233.000,hazard_avoidances,0
233.000,min_hazard_distance_m,0.7117992959686971
233.000,collisions,0
233.000,time_below_clearance_s,14.400000000000006
233.000,safety_zone_violations,1
233.000,min_ttc_s,2.7122551097176797
233.000,avoid_success,0
233.000,avoid_timeout,0
233.000,q_convergence,0.0
233.000,update_residual,0.0
233.000,investigation_deferred,0
233.000,nav_aborted,0
233.000,nav_canceled,0
233.000,nav_rejected,0
233.000,run_seed,5
234.000,anomalies_detected,0
234.000,anomalies_unique,0
234.000,investigation_timeouts,0
234.000,mission_duration_s,189.996
234.000,distance_traveled_m,48.01096060477315
234.000,route_deviations,0
234.000,investigation_time_s,0.0
234.000,hazard_avoidances,0
234.000,min_hazard_distance_m,0.7117992959686971
234.000,collisions,0
234.000,time_below_clearance_s,14.400000000000006
234.000,safety_zone_violations,1
234.000,min_ttc_s,2.7122551097176797
234.000,avoid_success,0
234.000,avoid_timeout,0
234.000,q_convergence,0.0
234.000,update_residual,0.0
234.000,investigation_deferred,0
234.000,nav_aborted,0
234.000,nav_canceled,0
234.000,nav_rejected,0
234.000,run_seed,5
235.000,anomalies_detected,0
235.000,anomalies_unique,0
235.000,investigation_timeouts,0
235.000,mission_duration_s,190.996
235.000,distance_traveled_m,48.27304060391863
235.000,route_deviations,0
235.000,investigation_time_s,0.0
235.000,hazard_avoidances,0
235.000,min_hazard_distance_m,0.7117992959686971
235.000,collisions,0
235.000,time_below_clearance_s,14.400000000000006
235.000,safety_zone_violations,1
235.000,min_ttc_s,2.7122551097176797
235.000,avoid_success,0
235.000,avoid_timeout,0
235.000,q_convergence,0.0
235.000,update_residual,0.0
235.000,investigation_deferred,0
235.000,nav_aborted,0
235.000,nav_canceled,0
235.000,nav_rejected,0
235.000,run_seed,5
236.000,anomalies_detected,0
236.000,anomalies_unique,0
236.000,investigation_timeouts,0
236.000,mission_duration_s,191.996
236.000,distance_traveled_m,48.5351206030467
236.000,route_deviations,0
236.000,investigation_time_s,0.0
236.000,hazard_avoidances,0
236.000,min_hazard_distance_m,0.7117992959686971
236.000,collisions,0
236.000,time_below_clearance_s,14.400000000000006
236.000,safety_zone_violations,1
236.000,min_ttc_s,2.7122551097176797
236.000,avoid_success,0
236.000,avoid_timeout,0
236.000,q_convergence,0.0
236.000,update_residual,0.0
236.000,investigation_deferred,0
236.000,nav_aborted,0
236.000,nav_canceled,0
236.000,nav_rejected,0
236.000,run_seed,5
237.000,anomalies_detected,0
237.000,anomalies_unique,0
237.000,investigation_timeouts,0
237.000,mission_duration_s,192.996
237.000,distance_traveled_m,48.7972006020705
237.000,route_deviations,0
237.000,investigation_time_s,0.0
237.000,hazard_avoidances,0
237.000,min_hazard_distance_m,0.7117992959686971
237.000,collisions,0
237.000,time_below_clearance_s,14.400000000000006
237.000,safety_zone_violations,1
237.000,min_ttc_s,2.7122551097176797
237.000,avoid_success,0
237.000,avoid_timeout,0
237.000,q_convergence,0.0
237.000,update_residual,0.0
237.000,investigation_deferred,0
237.000,nav_aborted,0
237.000,nav_canceled,0
237.000,nav_rejected,0
237.000,run_seed,5
238.000,anomalies_detected,0
238.000,anomalies_unique,0
238.000,investigation_timeouts,0
238.000,mission_duration_s,193.996
238.000,distance_traveled_m,49.059280600882055
238.000,route_deviations,0
238.000,investigation_time_s,0.0
238.000,hazard_avoidances,0
238.000,min_hazard_distance_m,0.7117992959686971
238.000,collisions,0
238.000,time_below_clearance_s,14.400000000000006
238.000,safety_zone_violations,1
238.000,min_ttc_s,2.7122551097176797
238.000,avoid_success,0
238.000,avoid_timeout,0
238.000,q_convergence,0.0
238.000,update_residual,0.0
238.000,investigation_deferred,0
238.000,nav_aborted,0
238.000,nav_canceled,0
238.000,nav_rejected,0
238.000,run_seed,5
239.000,anomalies_detected,0
239.000,anomalies_unique,0
239.000,investigation_timeouts,0
239.000,mission_duration_s,194.996
239.000,distance_traveled_m,49.31200060003102
239.000,route_deviations,0
239.000,investigation_time_s,0.0
239.000,hazard_avoidances,0
239.000,min_hazard_distance_m,0.7117992959686971
239.000,collisions,0
239.000,time_below_clearance_s,14.400000000000006
239.000,safety_zone_violations,1
239.000,min_ttc_s,2.7122551097176797
239.000,avoid_success,0
239.000,avoid_timeout,0
239.000,q_convergence,0.0
239.000,update_residual,0.0
239.000,investigation_deferred,0
239.000,nav_aborted,0
239.000,nav_canceled,0
239.000,nav_rejected,0
239.000,run_seed,5
240.000,anomalies_detected,0
240.000,anomalies_unique,0
240.000,investigation_timeouts,0
240.000,mission_duration_s,195.996
240.000,distance_traveled_m,49.57408059916308
240.000,route_deviations,0
240.000,investigation_time_s,0.0
240.000,hazard_avoidances,0
240.000,min_hazard_distance_m,0.7117992959686971
240.000,collisions,0
240.000,time_below_clearance_s,14.400000000000006
240.000,safety_zone_violations,1
240.000,min_ttc_s,2.7122551097176797
240.000,avoid_success,0
240.000,avoid_timeout,0
240.000,q_convergence,0.0
240.000,update_residual,0.0
240.000,investigation_deferred,0
240.000,nav_aborted,0
240.000,nav_canceled,0
240.000,nav_rejected,0
240.000,run_seed,5
241.000,anomalies_detected,0
241.000,anomalies_unique,0
241.000,investigation_timeouts,0
241.000,mission_duration_s,196.996
241.000,distance_traveled_m,49.83616059823544
241.000,route_deviations,0
241.000,investigation_time_s,0.0
241.000,hazard_avoidances,0
241.000,min_hazard_distance_m,0.7117992959686971
241.000,collisions,0
241.000,time_below_clearance_s,14.400000000000006
241.000,safety_zone_violations,1
241.000,min_ttc_s,2.7122551097176797
241.000,avoid_success,0
241.000,avoid_timeout,0
241.000,q_convergence,0.0
241.000,update_residual,0.0
241.000,investigation_deferred,0
241.000,nav_aborted,0
241.000,nav_canceled,0
241.000,nav_rejected,0
241.000,run_seed,5
242.000,anomalies_detected,0
242.000,anomalies_unique,0
242.000,investigation_timeouts,0
242.000,mission_duration_s,197.996
242.000,distance_traveled_m,50.09824059726542
242.000,route_deviations,0
242.000,investigation_time_s,0.0
242.000,hazard_avoidances,0
242.000,min_hazard_distance_m,0.7117992959686971
242.000,collisions,0
242.000,time_below_clearance_s,14.400000000000006
242.000,safety_zone_violations,1
242.000,min_ttc_s,2.7122551097176797
242.000,avoid_success,0
242.000,avoid_timeout,0
242.000,q_convergence,0.0
242.000,update_residual,0.0
242.000,investigation_deferred,0
242.000,nav_aborted,0
242.000,nav_canceled,0
242.000,nav_rejected,0
242.000,run_seed,5
243.000,anomalies_detected,0
243.000,anomalies_unique,0
243.000,investigation_timeouts,0
243.000,mission_duration_s,198.996
243.000,distance_traveled_m,50.350960596171106
243.000,route_deviations,0
243.000,investigation_time_s,0.0
243.000,hazard_avoidances,0
243.000,min_hazard_distance_m,0.7117992959686971
243.000,collisions,0
243.000,time_below_clearance_s,14.400000000000006
243.000,safety_zone_violations,1
243.000,min_ttc_s,2.7122551097176797
243.000,avoid_success,0
243.000,avoid_timeout,0
243.000,q_convergence,0.0
243.000,update_residual,0.0
243.000,investigation_deferred,0
243.000,nav_aborted,0
243.000,nav_canceled,0
243.000,nav_rejected,0
243.000,run_seed,5
244.000,anomalies_detected,0
244.000,anomalies_unique,0
244.000,investigation_timeouts,0
244.000,mission_duration_s,199.996
244.000,distance_traveled_m,50.61304059513117
244.000,route_deviations,0
244.000,investigation_time_s,0.0
244.000,hazard_avoidances,0
244.000,min_hazard_distance_m,0.7117992959686971
244.000,collisions,0
244.000,time_below_clearance_s,14.400000000000006
244.000,safety_zone_violations,1
244.000,min_ttc_s,2.7122551097176797
244.000,avoid_success,0
244.000,avoid_timeout,0
244.000,q_convergence,0.0
244.000,update_residual,0.0
244.000,investigation_deferred,0
244.000,nav_aborted,0
244.000,nav_canceled,0
244.000,nav_rejected,0
244.000,run_seed,5
245.000,anomalies_detected,0
245.000,anomalies_unique,0
245.000,investigation_timeouts,0
245.000,mission_duration_s,200.996
245.000,distance_traveled_m,50.875120594118684
245.000,route_deviations,0
245.000,investigation_time_s,0.0
245.000,hazard_avoidances,0
245.000,min_hazard_distance_m,0.7117992959686971
245.000,collisions,0
245.000,time_below_clearance_s,14.400000000000006
245.000,safety_zone_violations,1
245.000,min_ttc_s,2.7122551097176797
245.000,avoid_success,0
245.000,avoid_timeout,0
245.000,q_convergence,0.0
245.000,update_residual,0.0
245.000,investigation_deferred,0
245.000,nav_aborted,0
245.000,nav_canceled,0
245.000,nav_rejected,0
245.000,run_seed,5
246.000,anomalies_detected,0
246.000,anomalies_unique,0
246.000,investigation_timeouts,0
246.000,mission_duration_s,201.996
246.000,distance_traveled_m,51.13720059299182
246.000,route_deviations,0
246.000,investigation_time_s,0.0
246.000,hazard_avoidances,0
246.000,min_hazard_distance_m,0.7117992959686971
246.000,collisions,0
246.000,time_below_clearance_s,14.400000000000006
246.000,safety_zone_violations,1
246.000,min_ttc_s,2.7122551097176797
246.000,avoid_success,0
246.000,avoid_timeout,0
246.000,q_convergence,0.0
246.000,update_residual,0.0
246.000,investigation_deferred,0
246.000,nav_aborted,0
246.000,nav_canceled,0
246.000,nav_rejected,0
246.000,run_seed,5
247.000,anomalies_detected,0
247.000,anomalies_unique,0
247.000,investigation_timeouts,0
247.000,mission_duration_s,202.996
247.000,distance_traveled_m,51.399280591522604
247.000,route_deviations,0
247.000,investigation_time_s,0.0
247.000,hazard_avoidances,0
247.000,min_hazard_distance_m,0.7117992959686971
247.000,collisions,0
247.000,time_below_clearance_s,14.400000000000006
247.000,safety_zone_violations,1
247.000,min_ttc_s,2.7122551097176797
247.000,avoid_success,0
247.000,avoid_timeout,0
247.000,q_convergence,0.0
247.000,update_residual,0.0
247.000,investigation_deferred,0
247.000,nav_aborted,0
247.000,nav_canceled,0
247.000,nav_rejected,0
247.000,run_seed,5
248.000,anomalies_detected,0
248.000,anomalies_unique,0
248.000,investigation_timeouts,0
248.000,mission_duration_s,203.996
248.000,distance_traveled_m,51.65200058992768
248.000,route_deviations,0
248.000,investigation_time_s,0.0
248.000,hazard_avoidances,0
248.000,min_hazard_distance_m,0.7117992959686971
248.000,collisions,0
248.000,time_below_clearance_s,14.400000000000006
248.000,safety_zone_violations,1
248.000,min_ttc_s,2.7122551097176797
248.000,avoid_success,0
248.000,avoid_timeout,0
248.000,q_convergence,0.0
248.000,update_residual,0.0
248.000,investigation_deferred,0
248.000,nav_aborted,0
248.000,nav_canceled,0
248.000,nav_rejected,0
248.000,run_seed,5
249.000,anomalies_detected,0
249.000,anomalies_unique,0
249.000,investigation_timeouts,0
249.000,mission_duration_s,204.996
249.000,distance_traveled_m,51.9140805863341
249.000,route_deviations,0
249.000,investigation_time_s,0.0
249.000,hazard_avoidances,0
249.000,min_hazard_distance_m,0.7117992959686971
249.000,collisions,0
249.000,time_below_clearance_s,14.400000000000006
249.000,safety_zone_violations,1
249.000,min_ttc_s,2.7122551097176797
249.000,avoid_success,0
249.000,avoid_timeout,0
249.000,q_convergence,0.0
249.000,update_residual,0.0
249.000,investigation_deferred,0
249.000,nav_aborted,0
249.000,nav_canceled,0
249.000,nav_rejected,0
249.000,run_seed,5
250.000,anomalies_detected,0
250.000,anomalies_unique,0
250.000,investigation_timeouts,0
250.000,mission_duration_s,205.996
250.000,distance_traveled_m,52.176160579352896
250.000,route_deviations,0
250.000,investigation_time_s,0.0
250.000,hazard_avoidances,0
250.000,min_hazard_distance_m,0.7117992959686971
250.000,collisions,0
250.000,time_below_clearance_s,14.400000000000006
250.000,safety_zone_violations,1
250.000,min_ttc_s,2.7122551097176797
250.000,avoid_success,0
250.000,avoid_timeout,0
250.000,q_convergence,0.0
250.000,update_residual,0.0
250.000,investigation_deferred,0
250.000,nav_aborted,0
250.000,nav_canceled,0
250.000,nav_rejected,0
250.000,run_seed,5
251.000,anomalies_detected,0
251.000,anomalies_unique,0
251.000,investigation_timeouts,0
251.000,mission_duration_s,206.996
251.000,distance_traveled_m,52.438240569808414
251.000,route_deviations,0
251.000,investigation_time_s,0.0
251.000,hazard_avoidances,0
251.000,min_hazard_distance_m,0.7117992959686971
251.000,collisions,0
251.000,time_below_clearance_s,14.400000000000006
251.000,safety_zone_violations,1
251.000,min_ttc_s,2.7122551097176797
251.000,avoid_success,0
251.000,avoid_timeout,0
251.000,q_convergence,0.0
251.000,update_residual,0.0
251.000,investigation_deferred,0
251.000,nav_aborted,0
251.000,nav_canceled,0
251.000,nav_rejected,0
251.000,run_seed,5
252.000,anomalies_detected,0
252.000,anomalies_unique,0
252.000,investigation_timeouts,0
252.000,mission_duration_s,207.996
252.000,distance_traveled_m,52.690960525010986
252.000,route_deviations,0
252.000,investigation_time_s,0.0
252.000,hazard_avoidances,0
252.000,min_hazard_distance_m,0.7117992959686971
252.000,collisions,0
252.000,time_below_clearance_s,14.400000000000006
252.000,safety_zone_violations,1
252.000,min_ttc_s,2.7122551097176797
252.000,avoid_success,0
252.000,avoid_timeout,0
252.000,q_convergence,0.0
252.000,update_residual,0.0
252.000,investigation_deferred,0
252.000,nav_aborted,0
252.000,nav_canceled,0
252.000,nav_rejected,0
252.000,run_seed,5
253.000,anomalies_detected,0
253.000,anomalies_unique,0
253.000,investigation_timeouts,0
253.000,mission_duration_s,208.996
253.000,distance_traveled_m,52.9530405187372
253.000,route_deviations,0
253.000,investigation_time_s,0.0
253.000,hazard_avoidances,0
253.000,min_hazard_distance_m,0.7117992959686971
253.000,collisions,0
253.000,time_below_clearance_s,14.400000000000006
253.000,safety_zone_violations,1
253.000,min_ttc_s,2.7122551097176797
253.000,avoid_success,0
253.000,avoid_timeout,0
253.000,q_convergence,0.0
253.000,update_residual,0.0
253.000,investigation_deferred,0
253.000,nav_aborted,0
253.000,nav_canceled,0
253.000,nav_rejected,0
253.000,run_seed,5
254.000,anomalies_detected,0
254.000,anomalies_unique,0
254.000,investigation_timeouts,0
254.000,mission_duration_s,209.996
254.000,distance_traveled_m,53.21512043520212
254.000,route_deviations,0
254.000,investigation_time_s,0.0
254.000,hazard_avoidances,0
254.000,min_hazard_distance_m,0.7117992959686971
254.000,collisions,0
254.000,time_below_clearance_s,14.400000000000006
254.000,safety_zone_violations,1
254.000,min_ttc_s,2.7122551097176797
254.000,avoid_success,0
254.000,avoid_timeout,0
254.000,q_convergence,0.0
254.000,update_residual,0.0
254.000,investigation_deferred,0
254.000,nav_aborted,0
254.000,nav_canceled,0
254.000,nav_rejected,0
254.000,run_seed,5
255.000,anomalies_detected,0
255.000,anomalies_unique,0
255.000,investigation_timeouts,0
255.000,mission_duration_s,210.996
255.000,distance_traveled_m,53.4772003423924
255.000,route_deviations,0
255.000,investigation_time_s,0.0
255.000,hazard_avoidances,0
255.000,min_hazard_distance_m,0.7117992959686971
255.000,collisions,0
255.000,time_below_clearance_s,14.400000000000006
255.000,safety_zone_violations,1
255.000,min_ttc_s,2.7122551097176797
255.000,avoid_success,0
255.000,avoid_timeout,0
255.000,q_convergence,0.0
255.000,update_residual,0.0
255.000,investigation_deferred,0
255.000,nav_aborted,0
255.000,nav_canceled,0
255.000,nav_rejected,0
255.000,run_seed,5
256.000,anomalies_detected,0
256.000,anomalies_unique,0
256.000,investigation_timeouts,0
256.000,mission_duration_s,211.996
256.000,distance_traveled_m,53.739280326773944
256.000,route_deviations,0
256.000,investigation_time_s,0.0
256.000,hazard_avoidances,0
256.000,min_hazard_distance_m,0.7117992959686971
256.000,collisions,0
256.000,time_below_clearance_s,14.400000000000006
256.000,safety_zone_violations,1
256.000,min_ttc_s,2.7122551097176797
256.000,avoid_success,0
256.000,avoid_timeout,0
256.000,q_convergence,0.0
256.000,update_residual,0.0
256.000,investigation_deferred,0
256.000,nav_aborted,0
256.000,nav_canceled,0
256.000,nav_rejected,0
256.000,run_seed,5
257.000,anomalies_detected,0
257.000,anomalies_unique,0
257.000,investigation_timeouts,0
257.000,mission_duration_s,212.996
257.000,distance_traveled_m,53.99200028519274
257.000,route_deviations,0
257.000,investigation_time_s,0.0
257.000,hazard_avoidances,0
257.000,min_hazard_distance_m,0.7117992959686971
257.000,collisions,0
257.000,time_below_clearance_s,14.400000000000006
257.000,safety_zone_violations,1
257.000,min_ttc_s,2.7122551097176797
257.000,avoid_success,0
257.000,avoid_timeout,0
257.000,q_convergence,0.0
257.000,update_residual,0.0
257.000,investigation_deferred,0
257.000,nav_aborted,0
257.000,nav_canceled,0
257.000,nav_rejected,0
257.000,run_seed,5
258.000,anomalies_detected,0
258.000,anomalies_unique,0
258.000,investigation_timeouts,0
258.000,mission_duration_s,213.996
258.000,distance_traveled_m,54.25408026169792
258.000,route_deviations,0
258.000,investigation_time_s,0.0
258.000,hazard_avoidances,0
258.000,min_hazard_distance_m,0.7117992959686971
258.000,collisions,0
258.000,time_below_clearance_s,14.400000000000006
258.000,safety_zone_violations,1
258.000,min_ttc_s,2.7122551097176797
258.000,avoid_success,0
258.000,avoid_timeout,0
258.000,q_convergence,0.0
258.000,update_residual,0.0
258.000,investigation_deferred,0
258.000,nav_aborted,0
258.000,nav_canceled,0
258.000,nav_rejected,0
258.000,run_seed,5
259.000,anomalies_detected,0
259.000,anomalies_unique,0
259.000,investigation_timeouts,0
259.000,mission_duration_s,214.996
259.000,distance_traveled_m,54.51608446421031
259.000,route_deviations,0
259.000,investigation_time_s,0.0
259.000,hazard_avoidances,0
259.000,min_hazard_distance_m,0.7117992959686971
259.000,collisions,0
259.000,time_below_clearance_s,14.400000000000006
259.000,safety_zone_violations,1
259.000,min_ttc_s,2.7122551097176797
259.000,avoid_success,0
259.000,avoid_timeout,0
259.000,q_convergence,0.0
259.000,update_residual,0.0
259.000,investigation_deferred,0
259.000,nav_aborted,0
259.000,nav_canceled,0
259.000,nav_rejected,0
259.000,run_seed,5
260.000,anomalies_detected,0
260.000,anomalies_unique,0
260.000,investigation_timeouts,0
260.000,mission_duration_s,215.996
260.000,distance_traveled_m,54.74269410386052
260.000,route_deviations,0
260.000,investigation_time_s,0.0
260.000,hazard_avoidances,0
260.000,min_hazard_distance_m,0.7117992959686971
260.000,collisions,0
260.000,time_below_clearance_s,14.400000000000006
260.000,safety_zone_violations,1
260.000,min_ttc_s,2.7122551097176797
260.000,avoid_success,0
260.000,avoid_timeout,0
260.000,q_convergence,0.0
260.000,update_residual,0.0
260.000,investigation_deferred,0
260.000,nav_aborted,0
260.000,nav_canceled,0
260.000,nav_rejected,0
260.000,run_seed,5
261.000,anomalies_detected,0
261.000,anomalies_unique,0
261.000,investigation_timeouts,0
261.000,mission_duration_s,216.996
261.000,distance_traveled_m,54.8038721290206
261.000,route_deviations,0
261.000,investigation_time_s,0.0
261.000,hazard_avoidances,0
261.000,min_hazard_distance_m,0.7117992959686971
261.000,collisions,0
261.000,time_below_clearance_s,14.400000000000006
261.000,safety_zone_violations,1
261.000,min_ttc_s,2.7122551097176797
261.000,avoid_success,0
261.000,avoid_timeout,0
261.000,q_convergence,0.0
261.000,update_residual,0.0
261.000,investigation_deferred,0
261.000,nav_aborted,0
261.000,nav_canceled,0
261.000,nav_rejected,0
261.000,run_seed,5
262.000,anomalies_detected,0
262.000,anomalies_unique,0
262.000,investigation_timeouts,0
262.000,mission_duration_s,217.996
262.000,distance_traveled_m,54.847298406656165
262.000,route_deviations,0
262.000,investigation_time_s,0.0
262.000,hazard_avoidances,0
262.000,min_hazard_distance_m,0.7117992959686971
262.000,collisions,0
262.000,time_below_clearance_s,14.400000000000006
262.000,safety_zone_violations,1
262.000,min_ttc_s,2.7122551097176797
262.000,avoid_success,0
262.000,avoid_timeout,0
262.000,q_convergence,0.0
262.000,update_residual,0.0
262.000,investigation_deferred,0
262.000,nav_aborted,0
262.000,nav_canceled,0
262.000,nav_rejected,0
262.000,run_seed,5
263.000,anomalies_detected,0
263.000,anomalies_unique,0
263.000,investigation_timeouts,0
263.000,mission_duration_s,218.996
263.000,distance_traveled_m,55.00139286741755
263.000,route_deviations,0
263.000,investigation_time_s,0.0
263.000,hazard_avoidances,0
263.000,min_hazard_distance_m,0.7117992959686971
263.000,collisions,0
263.000,time_below_clearance_s,14.400000000000006
263.000,safety_zone_violations,1
263.000,min_ttc_s,2.7122551097176797
263.000,avoid_success,0
263.000,avoid_timeout,0
263.000,q_convergence,0.0
263.000,update_residual,0.0
263.000,investigation_deferred,0
263.000,nav_aborted,0
263.000,nav_canceled,0
263.000,nav_rejected,0
263.000,run_seed,5
264.000,anomalies_detected,0
264.000,anomalies_unique,0
264.000,investigation_timeouts,0
264.000,mission_duration_s,219.996
264.000,distance_traveled_m,55.03976379972718
264.000,route_deviations,0
264.000,investigation_time_s,0.0
264.000,hazard_avoidances,0
264.000,min_hazard_distance_m,0.7117992959686971
264.000,collisions,0
264.000,time_below_clearance_s,14.400000000000006
264.000,safety_zone_violations,1
264.000,min_ttc_s,2.7122551097176797
264.000,avoid_success,0
264.000,avoid_timeout,0
264.000,q_convergence,0.0
264.000,update_residual,0.0
264.000,investigation_deferred,0
264.000,nav_aborted,0
264.000,nav_canceled,0
264.000,nav_rejected,0
264.000,run_seed,5
265.000,anomalies_detected,0
265.000,anomalies_unique,0
265.000,investigation_timeouts,0
265.000,mission_duration_s,220.996
265.000,distance_traveled_m,55.24899891781139
265.000,route_deviations,0
265.000,investigation_time_s,0.0
265.000,hazard_avoidances,0
265.000,min_hazard_distance_m,0.7117992959686971
265.000,collisions,0
265.000,time_below_clearance_s,14.400000000000006
265.000,safety_zone_violations,1
265.000,min_ttc_s,2.7122551097176797
265.000,avoid_success,0
265.000,avoid_timeout,0
265.000,q_convergence,0.0
265.000,update_residual,0.0
265.000,investigation_deferred,0
265.000,nav_aborted,0
265.000,nav_canceled,0
265.000,nav_rejected,0
265.000,run_seed,5
266.000,anomalies_detected,0
266.000,anomalies_unique,0
266.000,investigation_timeouts,0
266.000,mission_duration_s,221.996
266.000,distance_traveled_m,55.50171861003665
266.000,route_deviations,0
266.000,investigation_time_s,0.0
266.000,hazard_avoidances,0
266.000,min_hazard_distance_m,0.7117992959686971
266.000,collisions,0
266.000,time_below_clearance_s,14.400000000000006
266.000,safety_zone_violations,1
266.000,min_ttc_s,2.7122551097176797
266.000,avoid_success,0
266.000,avoid_timeout,0
266.000,q_convergence,0.0
266.000,update_residual,0.0
266.000,investigation_deferred,0
266.000,nav_aborted,0
266.000,nav_canceled,0
266.000,nav_rejected,0
266.000,run_seed,5
267.000,anomalies_detected,0
267.000,anomalies_unique,0
267.000,investigation_timeouts,0
267.000,mission_duration_s,222.996
267.000,distance_traveled_m,55.76379850584547
267.000,route_deviations,0
267.000,investigation_time_s,0.0
267.000,hazard_avoidances,0
267.000,min_hazard_distance_m,0.7117992959686971
267.000,collisions,0
267.000,time_below_clearance_s,14.400000000000006
267.000,safety_zone_violations,1
267.000,min_ttc_s,2.7122551097176797
267.000,avoid_success,0
267.000,avoid_timeout,0
267.000,q_convergence,0.0
267.000,update_residual,0.0
267.000,investigation_deferred,0
267.000,nav_aborted,0
267.000,nav_canceled,0
267.000,nav_rejected,0
267.000,run_seed,5
268.000,anomalies_detected,0
268.000,anomalies_unique,0
268.000,investigation_timeouts,0
268.000,mission_duration_s,223.996
268.000,distance_traveled_m,56.025878498873205
268.000,route_deviations,0
268.000,investigation_time_s,0.0
268.000,hazard_avoidances,0
268.000,min_hazard_distance_m,0.7117992959686971
268.000,collisions,0
268.000,time_below_clearance_s,14.400000000000006
268.000,safety_zone_violations,1
268.000,min_ttc_s,2.7122551097176797
268.000,avoid_success,0
268.000,avoid_timeout,0
268.000,q_convergence,0.0
268.000,update_residual,0.0
268.000,investigation_deferred,0
268.000,nav_aborted,0
268.000,nav_canceled,0
268.000,nav_rejected,0
268.000,run_seed,5
269.000,anomalies_detected,0
269.000,anomalies_unique,0
269.000,investigation_timeouts,0
269.000,mission_duration_s,224.996
269.000,distance_traveled_m,56.28795842729361
269.000,route_deviations,0
269.000,investigation_time_s,0.0
269.000,hazard_avoidances,0
269.000,min_hazard_distance_m,0.7117992959686971
269.000,collisions,0
269.000,time_below_clearance_s,14.400000000000006
269.000,safety_zone_violations,1
269.000,min_ttc_s,2.7122551097176797
269.000,avoid_success,0
269.000,avoid_timeout,0
269.000,q_convergence,0.0
269.000,update_residual,0.0
269.000,investigation_deferred,0
269.000,nav_aborted,0
269.000,nav_canceled,0
269.000,nav_rejected,0
269.000,run_seed,5
270.000,anomalies_detected,0
270.000,anomalies_unique,0
270.000,investigation_timeouts,0
270.000,mission_duration_s,225.996
270.000,distance_traveled_m,56.54067842358342
270.000,route_deviations,0
270.000,investigation_time_s,0.0
270.000,hazard_avoidances,0
270.000,min_hazard_distance_m,0.7117992959686971
270.000,collisions,0
270.000,time_below_clearance_s,14.400000000000006
270.000,safety_zone_violations,1
270.000,min_ttc_s,2.7122551097176797
270.000,avoid_success,0
270.000,avoid_timeout,0
270.000,q_convergence,0.0
270.000,update_residual,0.0
270.000,investigation_deferred,0
270.000,nav_aborted,0
270.000,nav_canceled,0
270.000,nav_rejected,0
270.000,run_seed,5
271.000,anomalies_detected,0
271.000,anomalies_unique,0
271.000,investigation_timeouts,0
271.000,mission_duration_s,226.996
271.000,distance_traveled_m,56.80275841876021
271.000,route_deviations,0
271.000,investigation_time_s,0.0
271.000,hazard_avoidances,0
271.000,min_hazard_distance_m,0.7117992959686971
271.000,collisions,0
271.000,time_below_clearance_s,14.400000000000006
271.000,safety_zone_violations,1
271.000,min_ttc_s,2.7122551097176797
271.000,avoid_success,0
271.000,avoid_timeout,0
271.000,q_convergence,0.0
271.000,update_residual,0.0
271.000,investigation_deferred,0
271.000,nav_aborted,0
271.000,nav_canceled,0
271.000,nav_rejected,0
271.000,run_seed,5
272.000,anomalies_detected,0
272.000,anomalies_unique,0
272.000,investigation_timeouts,0
272.000,mission_duration_s,227.996
272.000,distance_traveled_m,57.06483838205265
272.000,route_deviations,0
272.000,investigation_time_s,0.0
272.000,hazard_avoidances,0
272.000,min_hazard_distance_m,0.7117992959686971
272.000,collisions,0
272.000,time_below_clearance_s,14.400000000000006
272.000,safety_zone_violations,1
272.000,min_ttc_s,2.7122551097176797
272.000,avoid_success,0
272.000,avoid_timeout,0
272.000,q_convergence,0.0
272.000,update_residual,0.0
272.000,investigation_deferred,0
272.000,nav_aborted,0
272.000,nav_canceled,0
272.000,nav_rejected,0
272.000,run_seed,5
273.000,anomalies_detected,0
273.000,anomalies_unique,0
273.000,investigation_timeouts,0
273.000,mission_duration_s,228.996
273.000,distance_traveled_m,57.326918377477014
273.000,route_deviations,0
273.000,investigation_time_s,0.0
273.000,hazard_avoidances,0
273.000,min_hazard_distance_m,0.7117992959686971
273.000,collisions,0
273.000,time_below_clearance_s,14.400000000000006
273.000,safety_zone_violations,1
273.000,min_ttc_s,2.7122551097176797
273.000,avoid_success,0
273.000,avoid_timeout,0
273.000,q_convergence,0.0
273.000,update_residual,0.0
273.000,investigation_deferred,0
273.000,nav_aborted,0
273.000,nav_canceled,0
273.000,nav_rejected,0
273.000,run_seed,5
274.000,anomalies_detected,0
274.000,anomalies_unique,0
274.000,investigation_timeouts,0
274.000,mission_duration_s,229.996
274.000,distance_traveled_m,57.588998361118755
274.000,route_deviations,0
274.000,investigation_time_s,0.0
274.000,hazard_avoidances,0
274.000,min_hazard_distance_m,0.7117992959686971
274.000,collisions,0
274.000,time_below_clearance_s,14.400000000000006
274.000,safety_zone_violations,1
274.000,min_ttc_s,2.7122551097176797
274.000,avoid_success,0
274.000,avoid_timeout,0
274.000,q_convergence,0.0
274.000,update_residual,0.0
274.000,investigation_deferred,0
274.000,nav_aborted,0
274.000,nav_canceled,0
274.000,nav_rejected,0
274.000,run_seed,5
275.000,anomalies_detected,0
275.000,anomalies_unique,0
275.000,investigation_timeouts,0
275.000,mission_duration_s,230.996
275.000,distance_traveled_m,57.84171835776532
275.000,route_deviations,0
275.000,investigation_time_s,0.0
275.000,hazard_avoidances,0
275.000,min_hazard_distance_m,0.7117992959686971
275.000,collisions,0
275.000,time_below_clearance_s,14.400000000000006
275.000,safety_zone_violations,1
275.000,min_ttc_s,2.7122551097176797
275.000,avoid_success,0
275.000,avoid_timeout,0
275.000,q_convergence,0.0
275.000,update_residual,0.0
275.000,investigation_deferred,0
275.000,nav_aborted,0
275.000,nav_canceled,0
275.000,nav_rejected,0
275.000,run_seed,5
276.000,anomalies_detected,0
276.000,anomalies_unique,0
276.000,investigation_timeouts,0
276.000,mission_duration_s,231.996
276.000,distance_traveled_m,58.103798357319036
276.000,route_deviations,0
276.000,investigation_time_s,0.0
276.000,hazard_avoidances,0
276.000,min_hazard_distance_m,0.7117992959686971
276.000,collisions,0
276.000,time_below_clearance_s,14.400000000000006
276.000,safety_zone_violations,1
276.000,min_ttc_s,2.7122551097176797
276.000,avoid_success,0
276.000,avoid_timeout,0
276.000,q_convergence,0.0
276.000,update_residual,0.0
276.000,investigation_deferred,0
276.000,nav_aborted,0
276.000,nav_canceled,0
276.000,nav_rejected,0
276.000,run_seed,5
277.000,anomalies_detected,0
277.000,anomalies_unique,0
277.000,investigation_timeouts,0
277.000,mission_duration_s,232.996
277.000,distance_traveled_m,58.36587835696552
277.000,route_deviations,0
277.000,investigation_time_s,0.0
277.000,hazard_avoidances,0
277.000,min_hazard_distance_m,0.7117992959686971
277.000,collisions,0
277.000,time_below_clearance_s,14.400000000000006
277.000,safety_zone_violations,1
277.000,min_ttc_s,2.7122551097176797
277.000,avoid_success,0
277.000,avoid_timeout,0
277.000,q_convergence,0.0
277.000,update_residual,0.0
277.000,investigation_deferred,0
277.000,nav_aborted,0
277.000,nav_canceled,0
277.000,nav_rejected,0
277.000,run_seed,5
278.000,anomalies_detected,0
278.000,anomalies_unique,0
278.000,investigation_timeouts,0
278.000,mission_duration_s,233.996
278.000,distance_traveled_m,58.62795832263489
278.000,route_deviations,0
278.000,investigation_time_s,0.0
278.000,hazard_avoidances,0
278.000,min_hazard_distance_m,0.7117992959686971
278.000,collisions,0
278.000,time_below_clearance_s,14.400000000000006
278.000,safety_zone_violations,1
278.000,min_ttc_s,2.7122551097176797
278.000,avoid_success,0
278.000,avoid_timeout,0
278.000,q_convergence,0.0
278.000,update_residual,0.0
278.000,investigation_deferred,0
278.000,nav_aborted,0
278.000,nav_canceled,0
278.000,nav_rejected,0
278.000,run_seed,5
279.000,anomalies_detected,0
279.000,anomalies_unique,0
279.000,investigation_timeouts,0
279.000,mission_duration_s,234.996
279.000,distance_traveled_m,58.88067831474693
279.000,route_deviations,0
279.000,investigation_time_s,0.0
279.000,hazard_avoidances,0
279.000,min_hazard_distance_m,0.7117992959686971
279.000,collisions,0
279.000,time_below_clearance_s,14.400000000000006
279.000,safety_zone_violations,1
279.000,min_ttc_s,2.7122551097176797
279.000,avoid_success,0
279.000,avoid_timeout,0
279.000,q_convergence,0.0
279.000,update_residual,0.0
279.000,investigation_deferred,0
279.000,nav_aborted,0
279.000,nav_canceled,0
279.000,nav_rejected,0
279.000,run_seed,5
280.000,anomalies_detected,0
280.000,anomalies_unique,0
280.000,investigation_timeouts,0
280.000,mission_duration_s,235.996
280.000,distance_traveled_m,59.1427583081502
280.000,route_deviations,0
280.000,investigation_time_s,0.0
280.000,hazard_avoidances,0
280.000,min_hazard_distance_m,0.7117992959686971
280.000,collisions,0
280.000,time_below_clearance_s,14.400000000000006
280.000,safety_zone_violations,1
280.000,min_ttc_s,2.7122551097176797
280.000,avoid_success,0
280.000,avoid_timeout,0
280.000,q_convergence,0.0
280.000,update_residual,0.0
280.000,investigation_deferred,0
280.000,nav_aborted,0
280.000,nav_canceled,0
280.000,nav_rejected,0
280.000,run_seed,5
281.000,anomalies_detected,0
281.000,anomalies_unique,0
281.000,investigation_timeouts,0
281.000,mission_duration_s,236.996
281.000,distance_traveled_m,59.40483830205827
281.000,route_deviations,0
281.000,investigation_time_s,0.0
281.000,hazard_avoidances,0
281.000,min_hazard_distance_m,0.7117992959686971
281.000,collisions,0
281.000,time_below_clearance_s,14.400000000000006
281.000,safety_zone_violations,1
281.000,min_ttc_s,2.7122551097176797
281.000,avoid_success,0
281.000,avoid_timeout,0
281.000,q_convergence,0.0
281.000,update_residual,0.0
281.000,investigation_deferred,0
281.000,nav_aborted,0
281.000,nav_canceled,0
281.000,nav_rejected,0
281.000,run_seed,5
282.000,anomalies_detected,0
282.000,anomalies_unique,0
282.000,investigation_timeouts,0
282.000,mission_duration_s,237.996
282.000,distance_traveled_m,59.66691829917602
282.000,route_deviations,0
282.000,investigation_time_s,0.0
282.000,hazard_avoidances,0
282.000,min_hazard_distance_m,0.7117992959686971
282.000,collisions,0
282.000,time_below_clearance_s,14.400000000000006
282.000,safety_zone_violations,1
282.000,min_ttc_s,2.7122551097176797
282.000,avoid_success,0
282.000,avoid_timeout,0
282.000,q_convergence,0.0
282.000,update_residual,0.0
282.000,investigation_deferred,0
282.000,nav_aborted,0
282.000,nav_canceled,0
282.000,nav_rejected,0
282.000,run_seed,5
283.000,anomalies_detected,0
283.000,anomalies_unique,0
283.000,investigation_timeouts,0
283.000,mission_duration_s,238.996
283.000,distance_traveled_m,59.92899829856449
283.000,route_deviations,0
283.000,investigation_time_s,0.0
283.000,hazard_avoidances,0
283.000,min_hazard_distance_m,0.7117992959686971
283.000,collisions,0
283.000,time_below_clearance_s,14.400000000000006
283.000,safety_zone_violations,1
283.000,min_ttc_s,2.7122551097176797
283.000,avoid_success,0
283.000,avoid_timeout,0
283.000,q_convergence,0.0
283.000,update_residual,0.0
283.000,investigation_deferred,0
283.000,nav_aborted,0
283.000,nav_canceled,0
283.000,nav_rejected,0
283.000,run_seed,5
284.000,anomalies_detected,0
284.000,anomalies_unique,0
284.000,investigation_timeouts,0
284.000,mission_duration_s,239.996
284.000,distance_traveled_m,60.18171827720509
284.000,route_deviations,0
284.000,investigation_time_s,0.0
284.000,hazard_avoidances,0
284.000,min_hazard_distance_m,0.7117992959686971
284.000,collisions,0
284.000,time_below_clearance_s,14.400000000000006
284.000,safety_zone_violations,1
284.000,min_ttc_s,2.7122551097176797
284.000,avoid_success,0
284.000,avoid_timeout,0
284.000,q_convergence,0.0
284.000,update_residual,0.0
284.000,investigation_deferred,0
284.000,nav_aborted,0
284.000,nav_canceled,0
284.000,nav_rejected,0
284.000,run_seed,5
285.000,anomalies_detected,0
285.000,anomalies_unique,0
285.000,investigation_timeouts,0
285.000,mission_duration_s,240.996
285.000,distance_traveled_m,60.44379824990158
285.000,route_deviations,0
285.000,investigation_time_s,0.0
285.000,hazard_avoidances,0
285.000,min_hazard_distance_m,0.7117992959686971
285.000,collisions,0
285.000,time_below_clearance_s,14.400000000000006
285.000,safety_zone_violations,1
285.000,min_ttc_s,2.7122551097176797
285.000,avoid_success,0
285.000,avoid_timeout,0
285.000,q_convergence,0.0
285.000,update_residual,0.0
285.000,investigation_deferred,0
285.000,nav_aborted,0
285.000,nav_canceled,0
285.000,nav_rejected,0
285.000,run_seed,5
286.000,anomalies_detected,0
286.000,anomalies_unique,0
286.000,investigation_timeouts,0
286.000,mission_duration_s,241.996
286.000,distance_traveled_m,60.70587824601191
286.000,route_deviations,0
286.000,investigation_time_s,0.0
286.000,hazard_avoidances,0
286.000,min_hazard_distance_m,0.7117992959686971
286.000,collisions,0
286.000,time_below_clearance_s,14.400000000000006
286.000,safety_zone_violations,1
286.000,min_ttc_s,2.7122551097176797
286.000,avoid_success,0
286.000,avoid_timeout,0
286.000,q_convergence,0.0
286.000,update_residual,0.0
286.000,investigation_deferred,0
286.000,nav_aborted,0
286.000,nav_canceled,0
286.000,nav_rejected,0
286.000,run_seed,5
287.000,anomalies_detected,0
287.000,anomalies_unique,0
287.000,investigation_timeouts,0
287.000,mission_duration_s,242.996
287.000,distance_traveled_m,60.967958245634186
287.000,route_deviations,0
287.000,investigation_time_s,0.0
287.000,hazard_avoidances,0
287.000,min_hazard_distance_m,0.7117992959686971
287.000,collisions,0
287.000,time_below_clearance_s,14.400000000000006
287.000,safety_zone_violations,1
287.000,min_ttc_s,2.7122551097176797
287.000,avoid_success,0
287.000,avoid_timeout,0
287.000,q_convergence,0.0
287.000,update_residual,0.0
287.000,investigation_deferred,0
287.000,nav_aborted,0
287.000,nav_canceled,0
287.000,nav_rejected,0
287.000,run_seed,5
288.000,anomalies_detected,0
288.000,anomalies_unique,0
288.000,investigation_timeouts,0
288.000,mission_duration_s,243.996
288.000,distance_traveled_m,61.220678208217635
288.000,route_deviations,0
288.000,investigation_time_s,0.0
288.000,hazard_avoidances,0
288.000,min_hazard_distance_m,0.7117992959686971
288.000,collisions,0
288.000,time_below_clearance_s,14.400000000000006
288.000,safety_zone_violations,1
288.000,min_ttc_s,2.7122551097176797
288.000,avoid_success,0
288.000,avoid_timeout,0
288.000,q_convergence,0.0
288.000,update_residual,0.0
288.000,investigation_deferred,0
288.000,nav_aborted,0
288.000,nav_canceled,0
288.000,nav_rejected,0
288.000,run_seed,5
289.000,anomalies_detected,0
289.000,anomalies_unique,0
289.000,investigation_timeouts,0
289.000,mission_duration_s,244.996
289.000,distance_traveled_m,61.482758205000266
289.000,route_deviations,0
289.000,investigation_time_s,0.0
289.000,hazard_avoidances,0
289.000,min_hazard_distance_m,0.7117992959686971
289.000,collisions,0
289.000,time_below_clearance_s,14.400000000000006
289.000,safety_zone_violations,1
289.000,min_ttc_s,2.7122551097176797
289.000,avoid_success,0
289.000,avoid_timeout,0
289.000,q_convergence,0.0
289.000,update_residual,0.0
289.000,investigation_deferred,0
289.000,nav_aborted,0
289.000,nav_canceled,0
289.000,nav_rejected,0
289.000,run_seed,5
290.000,anomalies_detected,0
290.000,anomalies_unique,0
290.000,investigation_timeouts,0
290.000,mission_duration_s,245.996
290.000,distance_traveled_m,61.74483818570782
290.000,route_deviations,0
290.000,investigation_time_s,0.0
290.000,hazard_avoidances,0
290.000,min_hazard_distance_m,0.7117992959686971
290.000,collisions,0
290.000,time_below_clearance_s,14.400000000000006
290.000,safety_zone_violations,1
290.000,min_ttc_s,2.7122551097176797
290.000,avoid_success,0
290.000,avoid_timeout,0
290.000,q_convergence,0.0
290.000,update_residual,0.0
290.000,investigation_deferred,0
290.000,nav_aborted,0
290.000,nav_canceled,0
290.000,nav_rejected,0
290.000,run_seed,5
291.000,anomalies_detected,0
291.000,anomalies_unique,0
291.000,investigation_timeouts,0
291.000,mission_duration_s,246.996
291.000,distance_traveled_m,62.00691818214912
291.000,route_deviations,0
291.000,investigation_time_s,0.0
291.000,hazard_avoidances,0
291.000,min_hazard_distance_m,0.7117992959686971
291.000,collisions,0
291.000,time_below_clearance_s,14.400000000000006
291.000,safety_zone_violations,1
291.000,min_ttc_s,2.7122551097176797
291.000,avoid_success,0
291.000,avoid_timeout,0
291.000,q_convergence,0.0
291.000,update_residual,0.0
291.000,investigation_deferred,0
291.000,nav_aborted,0
291.000,nav_canceled,0
291.000,nav_rejected,0
291.000,run_seed,5
292.000,anomalies_detected,0
292.000,anomalies_unique,0
292.000,investigation_timeouts,0
292.000,mission_duration_s,247.996
292.000,distance_traveled_m,62.268998098132066
292.000,route_deviations,0
292.000,investigation_time_s,0.0
292.000,hazard_avoidances,0
292.000,min_hazard_distance_m,0.7117992959686971
292.000,collisions,0
292.000,time_below_clearance_s,14.400000000000006
292.000,safety_zone_violations,1
292.000,min_ttc_s,2.7122551097176797
292.000,avoid_success,0
292.000,avoid_timeout,0
292.000,q_convergence,0.0
292.000,update_residual,0.0
292.000,investigation_deferred,0
292.000,nav_aborted,0
292.000,nav_canceled,0
292.000,nav_rejected,0
292.000,run_seed,5
293.000,anomalies_detected,0
293.000,anomalies_unique,0
293.000,investigation_timeouts,0
293.000,mission_duration_s,248.996
293.000,distance_traveled_m,62.52171803833313
293.000,route_deviations,0
293.000,investigation_time_s,0.0
293.000,hazard_avoidances,0
293.000,min_hazard_distance_m,0.7117992959686971
293.000,collisions,0
293.000,time_below_clearance_s,14.400000000000006
293.000,safety_zone_violations,1
293.000,min_ttc_s,2.7122551097176797
293.000,avoid_success,0
293.000,avoid_timeout,0
293.000,q_convergence,0.0
293.000,update_residual,0.0
293.000,investigation_deferred,0
293.000,nav_aborted,0
293.000,nav_canceled,0
293.000,nav_rejected,0
293.000,run_seed,5
294.000,anomalies_detected,0
294.000,anomalies_unique,0
294.000,investigation_timeouts,0
294.000,mission_duration_s,249.996
294.000,distance_traveled_m,62.783798025752176
294.000,route_deviations,0
294.000,investigation_time_s,0.0
294.000,hazard_avoidances,0
294.000,min_hazard_distance_m,0.7117992959686971
294.000,collisions,0
294.000,time_below_clearance_s,14.400000000000006
294.000,safety_zone_violations,1
294.000,min_ttc_s,2.7122551097176797
294.000,avoid_success,0
294.000,avoid_timeout,0
294.000,q_convergence,0.0
294.000,update_residual,0.0
294.000,investigation_deferred,0
294.000,nav_aborted,0
294.000,nav_canceled,0
294.000,nav_rejected,0
294.000,run_seed,5
295.000,anomalies_detected,0
295.000,anomalies_unique,0
295.000,investigation_timeouts,0
295.000,mission_duration_s,250.996
295.000,distance_traveled_m,63.045878023564136
295.000,route_deviations,0
295.000,investigation_time_s,0.0
295.000,hazard_avoidances,0
295.000,min_hazard_distance_m,0.7117992959686971
295.000,collisions,0
295.000,time_below_clearance_s,14.400000000000006
295.000,safety_zone_violations,1
295.000,min_ttc_s,2.7122551097176797
295.000,avoid_success,0
295.000,avoid_timeout,0
295.000,q_convergence,0.0
295.000,update_residual,0.0
295.000,investigation_deferred,0
295.000,nav_aborted,0
295.000,nav_canceled,0
295.000,nav_rejected,0
295.000,run_seed,5
296.000,anomalies_detected,0
296.000,anomalies_unique,0
296.000,investigation_timeouts,0
296.000,mission_duration_s,251.996
296.000,distance_traveled_m,63.30795802241664
296.000,route_deviations,0
296.000,investigation_time_s,0.0
296.000,hazard_avoidances,0
296.000,min_hazard_distance_m,0.7117992959686971
296.000,collisions,0
296.000,time_below_clearance_s,14.400000000000006
296.000,safety_zone_violations,1
296.000,min_ttc_s,2.7122551097176797
296.000,avoid_success,0
296.000,avoid_timeout,0
296.000,q_convergence,0.0
296.000,update_residual,0.0
296.000,investigation_deferred,0
296.000,nav_aborted,0
296.000,nav_canceled,0
296.000,nav_rejected,0
296.000,run_seed,5
297.000,anomalies_detected,0
297.000,anomalies_unique,0
297.000,investigation_timeouts,0
297.000,mission_duration_s,252.996
297.000,distance_traveled_m,63.56067802088322
297.000,route_deviations,0
297.000,investigation_time_s,0.0
297.000,hazard_avoidances,0
297.000,min_hazard_distance_m,0.7117992959686971
297.000,collisions,0
297.000,time_below_clearance_s,14.400000000000006
297.000,safety_zone_violations,1
297.000,min_ttc_s,2.7122551097176797
297.000,avoid_success,0
297.000,avoid_timeout,0
297.000,q_convergence,0.0
297.000,update_residual,0.0
297.000,investigation_deferred,0
297.000,nav_aborted,0
297.000,nav_canceled,0
297.000,nav_rejected,0
297.000,run_seed,5
298.000,anomalies_detected,0
298.000,anomalies_unique,0
298.000,investigation_timeouts,0
298.000,mission_duration_s,253.996
298.000,distance_traveled_m,63.82275801966642
298.000,route_deviations,0
298.000,investigation_time_s,0.0
298.000,hazard_avoidances,0
298.000,min_hazard_distance_m,0.7117992959686971
298.000,collisions,0
298.000,time_below_clearance_s,14.400000000000006
298.000,safety_zone_violations,1
298.000,min_ttc_s,2.7122551097176797
298.000,avoid_success,0
298.000,avoid_timeout,0
298.000,q_convergence,0.0
298.000,update_residual,0.0
298.000,investigation_deferred,0
298.000,nav_aborted,0
298.000,nav_canceled,0
298.000,nav_rejected,0
298.000,run_seed,5
299.000,anomalies_detected,0
299.000,anomalies_unique,0
299.000,investigation_timeouts,0
299.000,mission_duration_s,254.996
299.000,distance_traveled_m,64.08483801805868
299.000,route_deviations,0
299.000,investigation_time_s,0.0
299.000,hazard_avoidances,0
299.000,min_hazard_distance_m,0.7117992959686971
299.000,collisions,0
299.000,time_below_clearance_s,14.400000000000006
299.000,safety_zone_violations,1
299.000,min_ttc_s,2.7122551097176797
299.000,avoid_success,0
299.000,avoid_timeout,0
299.000,q_convergence,0.0
299.000,update_residual,0.0
299.000,investigation_deferred,0
299.000,nav_aborted,0
299.000,nav_canceled,0
299.000,nav_rejected,0
299.000,run_seed,5
300.000,anomalies_detected,0
300.000,anomalies_unique,0
300.000,investigation_timeouts,0
300.000,mission_duration_s,255.996
300.000,distance_traveled_m,64.3469180176111
300.000,route_deviations,0
300.000,investigation_time_s,0.0
300.000,hazard_avoidances,0
300.000,min_hazard_distance_m,0.7117992959686971
300.000,collisions,0
300.000,time_below_clearance_s,14.400000000000006
300.000,safety_zone_violations,1
300.000,min_ttc_s,2.7122551097176797
300.000,avoid_success,0
300.000,avoid_timeout,0
300.000,q_convergence,0.0
300.000,update_residual,0.0
300.000,investigation_deferred,0
300.000,nav_aborted,0
300.000,nav_canceled,0
300.000,nav_rejected,0
300.000,run_seed,5
301.000,anomalies_detected,0
301.000,anomalies_unique,0
301.000,investigation_timeouts,0
301.000,mission_duration_s,256.996
301.000,distance_traveled_m,64.60899801572047
301.000,route_deviations,0
301.000,investigation_time_s,0.0
301.000,hazard_avoidances,0
301.000,min_hazard_distance_m,0.7117992959686971
301.000,collisions,0
301.000,time_below_clearance_s,14.400000000000006
301.000,safety_zone_violations,1
301.000,min_ttc_s,2.7122551097176797
301.000,avoid_success,0
301.000,avoid_timeout,0
301.000,q_convergence,0.0
301.000,update_residual,0.0
301.000,investigation_deferred,0
301.000,nav_aborted,0
301.000,nav_canceled,0
301.000,nav_rejected,0
301.000,run_seed,5
302.000,anomalies_detected,0
302.000,anomalies_unique,0
302.000,investigation_timeouts,0
302.000,mission_duration_s,257.996
302.000,distance_traveled_m,64.86071125570786
302.000,route_deviations,0
302.000,investigation_time_s,0.0
302.000,hazard_avoidances,0
302.000,min_hazard_distance_m,0.7117992959686971
302.000,collisions,0
302.000,time_below_clearance_s,14.400000000000006
302.000,safety_zone_violations,1
302.000,min_ttc_s,2.7122551097176797
302.000,avoid_success,0
302.000,avoid_timeout,0
302.000,q_convergence,0.0
302.000,update_residual,0.0
302.000,investigation_deferred,0
302.000,nav_aborted,0
302.000,nav_canceled,0
302.000,nav_rejected,0
302.000,run_seed,5
303.000,anomalies_detected,0
303.000,anomalies_unique,0
303.000,investigation_timeouts,0
303.000,mission_duration_s,258.996
303.000,distance_traveled_m,65.02488487566163
303.000,route_deviations,0
303.000,investigation_time_s,0.0
303.000,hazard_avoidances,0
303.000,min_hazard_distance_m,0.7117992959686971
303.000,collisions,0
303.000,time_below_clearance_s,14.400000000000006
303.000,safety_zone_violations,1
303.000,min_ttc_s,2.7122551097176797
303.000,avoid_success,0
303.000,avoid_timeout,0
303.000,q_convergence,0.0
303.000,update_residual,0.0
303.000,investigation_deferred,0
303.000,nav_aborted,0
303.000,nav_canceled,0
303.000,nav_rejected,0
303.000,run_seed,5
304.000,anomalies_detected,0
304.000,anomalies_unique,0
304.000,investigation_timeouts,0
304.000,mission_duration_s,259.996
304.000,distance_traveled_m,65.06754542273198
304.000,route_deviations,0
304.000,investigation_time_s,0.0
304.000,hazard_avoidances,0
304.000,min_hazard_distance_m,0.7117992959686971
304.000,collisions,0
304.000,time_below_clearance_s,14.400000000000006
304.000,safety_zone_violations,1
304.000,min_ttc_s,2.7122551097176797
304.000,avoid_success,0
304.000,avoid_timeout,0
304.000,q_convergence,0.0
304.000,update_residual,0.0
304.000,investigation_deferred,0
304.000,nav_aborted,0
304.000,nav_canceled,0
304.000,nav_rejected,0
304.000,run_seed,5
305.000,anomalies_detected,0
305.000,anomalies_unique,0
305.000,investigation_timeouts,0
305.000,mission_duration_s,260.996
305.000,distance_traveled_m,65.13462461933807
305.000,route_deviations,0
305.000,investigation_time_s,0.0
305.000,hazard_avoidances,0
305.000,min_hazard_distance_m,0.7117992959686971
305.000,collisions,0
305.000,time_below_clearance_s,14.400000000000006
305.000,safety_zone_violations,1
305.000,min_ttc_s,2.7122551097176797
305.000,avoid_success,0
305.000,avoid_timeout,0
305.000,q_convergence,0.0
305.000,update_residual,0.0
305.000,investigation_deferred,0
305.000,nav_aborted,0
305.000,nav_canceled,0
305.000,nav_rejected,0
305.000,run_seed,5
306.000,anomalies_detected,0
306.000,anomalies_unique,0
306.000,investigation_timeouts,0
306.000,mission_duration_s,261.996
306.000,distance_traveled_m,65.21827783165716
306.000,route_deviations,0
306.000,investigation_time_s,0.0
306.000,hazard_avoidances,0
306.000,min_hazard_distance_m,0.7117992959686971
306.000,collisions,0
306.000,time_below_clearance_s,14.400000000000006
306.000,safety_zone_violations,1
306.000,min_ttc_s,2.7122551097176797
306.000,avoid_success,0
306.000,avoid_timeout,0
306.000,q_convergence,0.0
306.000,update_residual,0.0
306.000,investigation_deferred,0
306.000,nav_aborted,0
306.000,nav_canceled,0
306.000,nav_rejected,0
306.000,run_seed,5
307.000,anomalies_detected,0
307.000,anomalies_unique,0
307.000,investigation_timeouts,0
307.000,mission_duration_s,262.996
307.000,distance_traveled_m,65.37963173615051
307.000,route_deviations,0
307.000,investigation_time_s,0.0
307.000,hazard_avoidances,0
307.000,min_hazard_distance_m,0.7117992959686971
307.000,collisions,0
307.000,time_below_clearance_s,14.400000000000006
307.000,safety_zone_violations,1
307.000,min_ttc_s,2.7122551097176797
307.000,avoid_success,0
307.000,avoid_timeout,0
307.000,q_convergence,0.0
307.000,update_residual,0.0
307.000,investigation_deferred,0
307.000,nav_aborted,0
307.000,nav_canceled,0
307.000,nav_rejected,0
307.000,run_seed,5
308.000,anomalies_detected,0
308.000,anomalies_unique,0
308.000,investigation_timeouts,0
308.000,mission_duration_s,263.996
308.000,distance_traveled_m,65.64171061300043
308.000,route_deviations,0
308.000,investigation_time_s,0.0
308.000,hazard_avoidances,0
308.000,min_hazard_distance_m,0.7117992959686971
308.000,collisions,0
308.000,time_below_clearance_s,14.400000000000006
308.000,safety_zone_violations,1
308.000,min_ttc_s,2.7122551097176797
308.000,avoid_success,0
308.000,avoid_timeout,0
308.000,q_convergence,0.0
308.000,update_residual,0.0
308.000,investigation_deferred,0
308.000,nav_aborted,0
308.000,nav_canceled,0
308.000,nav_rejected,0
308.000,run_seed,5
309.000,anomalies_detected,0
309.000,anomalies_unique,0
309.000,investigation_timeouts,0
309.000,mission_duration_s,264.996
309.000,distance_traveled_m,65.90379059002473
309.000,route_deviations,0
309.000,investigation_time_s,0.0
309.000,hazard_avoidances,0
309.000,min_hazard_distance_m,0.7117992959686971
309.000,collisions,0
309.000,time_below_clearance_s,14.400000000000006
309.000,safety_zone_violations,1
309.000,min_ttc_s,2.7122551097176797
309.000,avoid_success,0
309.000,avoid_timeout,0
309.000,q_convergence,0.0
309.000,update_residual,0.0
309.000,investigation_deferred,0
309.000,nav_aborted,0
309.000,nav_canceled,0
309.000,nav_rejected,0
309.000,run_seed,5
310.000,anomalies_detected,0
310.000,anomalies_unique,0
310.000,investigation_timeouts,0
310.000,mission_duration_s,265.996
310.000,distance_traveled_m,66.16587058494453
310.000,route_deviations,0
310.000,investigation_time_s,0.0
310.000,hazard_avoidances,0
310.000,min_hazard_distance_m,0.7117992959686971
310.000,collisions,0
310.000,time_below_clearance_s,14.400000000000006
310.000,safety_zone_violations,1
310.000,min_ttc_s,2.7122551097176797
310.000,avoid_success,0
310.000,avoid_timeout,0
310.000,q_convergence,0.0
310.000,update_residual,0.0
310.000,investigation_deferred,0
310.000,nav_aborted,0
310.000,nav_canceled,0
310.000,nav_rejected,0
310.000,run_seed,5
311.000,anomalies_detected,0
311.000,anomalies_unique,0
311.000,investigation_timeouts,0
311.000,mission_duration_s,266.996
311.000,distance_traveled_m,66.4185904823763
311.000,route_deviations,0
311.000,investigation_time_s,0.0
311.000,hazard_avoidances,0
311.000,min_hazard_distance_m,0.7117992959686971
311.000,collisions,0
311.000,time_below_clearance_s,14.400000000000006
311.000,safety_zone_violations,1
311.000,min_ttc_s,2.7122551097176797
311.000,avoid_success,0
311.000,avoid_timeout,0
311.000,q_convergence,0.0
311.000,update_residual,0.0
311.000,investigation_deferred,0
311.000,nav_aborted,0
311.000,nav_canceled,0
311.000,nav_rejected,0
311.000,run_seed,5
312.000,anomalies_detected,0
312.000,anomalies_unique,0
312.000,investigation_timeouts,0
312.000,mission_duration_s,267.996
312.000,distance_traveled_m,66.6806704361906
312.000,route_deviations,0
312.000,investigation_time_s,0.0
312.000,hazard_avoidances,0
312.000,min_hazard_distance_m,0.7117992959686971
312.000,collisions,0
312.000,time_below_clearance_s,14.400000000000006
312.000,safety_zone_violations,1
312.000,min_ttc_s,2.7122551097176797
312.000,avoid_success,0
312.000,avoid_timeout,0
312.000,q_convergence,0.0
312.000,update_residual,0.0
312.000,investigation_deferred,0
312.000,nav_aborted,0
312.000,nav_canceled,0
312.000,nav_rejected,0
312.000,run_seed,5
313.000,anomalies_detected,0
313.000,anomalies_unique,0
313.000,investigation_timeouts,0
313.000,mission_duration_s,268.996
313.000,distance_traveled_m,66.94275041933375
313.000,route_deviations,0
313.000,investigation_time_s,0.0
313.000,hazard_avoidances,0
313.000,min_hazard_distance_m,0.7117992959686971
313.000,collisions,0
313.000,time_below_clearance_s,14.400000000000006
313.000,safety_zone_violations,1
313.000,min_ttc_s,2.7122551097176797
313.000,avoid_success,0
313.000,avoid_timeout,0
313.000,q_convergence,0.0
313.000,update_residual,0.0
313.000,investigation_deferred,0
313.000,nav_aborted,0
313.000,nav_canceled,0
313.000,nav_rejected,0
313.000,run_seed,5
314.000,anomalies_detected,0
314.000,anomalies_unique,0
314.000,investigation_timeouts,0
314.000,mission_duration_s,269.996
314.000,distance_traveled_m,67.20483033520789
314.000,route_deviations,0
314.000,investigation_time_s,0.0
314.000,hazard_avoidances,0
314.000,min_hazard_distance_m,0.7117992959686971
314.000,collisions,0
314.000,time_below_clearance_s,14.400000000000006
314.000,safety_zone_violations,1
314.000,min_ttc_s,2.7122551097176797
314.000,avoid_success,0
314.000,avoid_timeout,0
314.000,q_convergence,0.0
314.000,update_residual,0.0
314.000,investigation_deferred,0
314.000,nav_aborted,0
314.000,nav_canceled,0
314.000,nav_rejected,0
314.000,run_seed,5
315.000,anomalies_detected,0
315.000,anomalies_unique,0
315.000,investigation_timeouts,0
315.000,mission_duration_s,270.996
315.000,distance_traveled_m,67.4575502888714
315.000,route_deviations,0
315.000,investigation_time_s,0.0
315.000,hazard_avoidances,0
315.000,min_hazard_distance_m,0.7117992959686971
315.000,collisions,0
315.000,time_below_clearance_s,14.400000000000006
315.000,safety_zone_violations,1
315.000,min_ttc_s,2.7122551097176797
315.000,avoid_success,0
315.000,avoid_timeout,0
315.000,q_convergence,0.0
315.000,update_residual,0.0
315.000,investigation_deferred,0
315.000,nav_aborted,0
315.000,nav_canceled,0
315.000,nav_rejected,0
315.000,run_seed,5
316.000,anomalies_detected,0
316.000,anomalies_unique,0
316.000,investigation_timeouts,0
316.000,mission_duration_s,271.996
316.000,distance_traveled_m,67.71963026650563
316.000,route_deviations,0
316.000,investigation_time_s,0.0
316.000,hazard_avoidances,0
316.000,min_hazard_distance_m,0.7117992959686971
316.000,collisions,0
316.000,time_below_clearance_s,14.400000000000006
316.000,safety_zone_violations,1
316.000,min_ttc_s,2.7122551097176797
316.000,avoid_success,0
316.000,avoid_timeout,0
316.000,q_convergence,0.0
316.000,update_residual,0.0
316.000,investigation_deferred,0
316.000,nav_aborted,0
316.000,nav_canceled,0
316.000,nav_rejected,0
316.000,run_seed,5
317.000,anomalies_detected,0
317.000,anomalies_unique,0
317.000,investigation_timeouts,0
317.000,mission_duration_s,272.996
317.000,distance_traveled_m,67.98171025372704
317.000,route_deviations,0
317.000,investigation_time_s,0.0
317.000,hazard_avoidances,0
317.000,min_hazard_distance_m,0.7117992959686971
317.000,collisions,0
317.000,time_below_clearance_s,14.400000000000006
317.000,safety_zone_violations,1
317.000,min_ttc_s,2.7122551097176797
317.000,avoid_success,0
317.000,avoid_timeout,0
317.000,q_convergence,0.0
317.000,update_residual,0.0
317.000,investigation_deferred,0
317.000,nav_aborted,0
317.000,nav_canceled,0
317.000,nav_rejected,0
317.000,run_seed,5
318.000,anomalies_detected,0
318.000,anomalies_unique,0
318.000,investigation_timeouts,0
318.000,mission_duration_s,273.996
318.000,distance_traveled_m,68.24379017272506
318.000,route_deviations,0
318.000,investigation_time_s,0.0
318.000,hazard_avoidances,0
318.000,min_hazard_distance_m,0.7117992959686971
318.000,collisions,0
318.000,time_below_clearance_s,14.400000000000006
318.000,safety_zone_violations,1
318.000,min_ttc_s,2.7122551097176797
318.000,avoid_success,0
318.000,avoid_timeout,0
318.000,q_convergence,0.0
318.000,update_residual,0.0
318.000,investigation_deferred,0
318.000,nav_aborted,0
318.000,nav_canceled,0
318.000,nav_rejected,0
318.000,run_seed,5
319.000,anomalies_detected,0
319.000,anomalies_unique,0
319.000,investigation_timeouts,0
319.000,mission_duration_s,274.996
319.000,distance_traveled_m,68.50587014601862
319.000,route_deviations,0
319.000,investigation_time_s,0.0
319.000,hazard_avoidances,0
319.000,min_hazard_distance_m,0.7117992959686971
319.000,collisions,0
319.000,time_below_clearance_s,14.400000000000006
319.000,safety_zone_violations,1
319.000,min_ttc_s,2.7122551097176797
319.000,avoid_success,0
319.000,avoid_timeout,0
319.000,q_convergence,0.0
319.000,update_residual,0.0
319.000,investigation_deferred,0
319.000,nav_aborted,0
319.000,nav_canceled,0
319.000,nav_rejected,0
319.000,run_seed,5
320.000,anomalies_detected,0
320.000,anomalies_unique,0
320.000,investigation_timeouts,0
320.000,mission_duration_s,275.996
320.000,distance_traveled_m,68.75859012976363
320.000,route_deviations,0
320.000,investigation_time_s,0.0
320.000,hazard_avoidances,0
320.000,min_hazard_distance_m,0.7117992959686971
320.000,collisions,0
320.000,time_below_clearance_s,14.400000000000006
320.000,safety_zone_violations,1
320.000,min_ttc_s,2.7122551097176797
320.000,avoid_success,0
320.000,avoid_timeout,0
320.000,q_convergence,0.0
320.000,update_residual,0.0
320.000,investigation_deferred,0
320.000,nav_aborted,0
320.000,nav_canceled,0
320.000,nav_rejected,0
320.000,run_seed,5
321.000,anomalies_detected,0
321.000,anomalies_unique,0
321.000,investigation_timeouts,0
321.000,mission_duration_s,276.996
321.000,distance_traveled_m,69.02067005349068
321.000,route_deviations,0
321.000,investigation_time_s,0.0
321.000,hazard_avoidances,0
321.000,min_hazard_distance_m,0.7117992959686971
321.000,collisions,0
321.000,time_below_clearance_s,14.400000000000006
321.000,safety_zone_violations,1
321.000,min_ttc_s,2.7122551097176797
321.000,avoid_success,0
321.000,avoid_timeout,0
321.000,q_convergence,0.0
321.000,update_residual,0.0
321.000,investigation_deferred,0
321.000,nav_aborted,0
321.000,nav_canceled,0
321.000,nav_rejected,0
321.000,run_seed,5
322.000,anomalies_detected,0
322.000,anomalies_unique,0
322.000,investigation_timeouts,0
322.000,mission_duration_s,277.996
322.000,distance_traveled_m,69.28275000955163
322.000,route_deviations,0
322.000,investigation_time_s,0.0
322.000,hazard_avoidances,0
322.000,min_hazard_distance_m,0.7117992959686971
322.000,collisions,0
322.000,time_below_clearance_s,14.400000000000006
322.000,safety_zone_violations,1
322.000,min_ttc_s,2.7122551097176797
322.000,avoid_success,0
322.000,avoid_timeout,0
322.000,q_convergence,0.0
322.000,update_residual,0.0
322.000,investigation_deferred,0
322.000,nav_aborted,0
322.000,nav_canceled,0
322.000,nav_rejected,0
322.000,run_seed,5
323.000,anomalies_detected,0
323.000,anomalies_unique,0
323.000,investigation_timeouts,0
323.000,mission_duration_s,278.996
323.000,distance_traveled_m,69.54482999343975
323.000,route_deviations,0
323.000,investigation_time_s,0.0
323.000,hazard_avoidances,0
323.000,min_hazard_distance_m,0.7117992959686971
323.000,collisions,0
323.000,time_below_clearance_s,14.400000000000006
323.000,safety_zone_violations,1
323.000,min_ttc_s,2.7122551097176797
323.000,avoid_success,0
323.000,avoid_timeout,0
323.000,q_convergence,0.0
323.000,update_residual,0.0
323.000,investigation_deferred,0
323.000,nav_aborted,0
323.000,nav_canceled,0
323.000,nav_rejected,0
323.000,run_seed,5
324.000,anomalies_detected,0
324.000,anomalies_unique,0
324.000,investigation_timeouts,0
324.000,mission_duration_s,279.996
324.000,distance_traveled_m,69.79754991818552
324.000,route_deviations,0
324.000,investigation_time_s,0.0
324.000,hazard_avoidances,0
324.000,min_hazard_distance_m,0.7117992959686971
324.000,collisions,0
324.000,time_below_clearance_s,14.400000000000006
324.000,safety_zone_violations,1
324.000,min_ttc_s,2.7122551097176797
324.000,avoid_success,0
324.000,avoid_timeout,0
324.000,q_convergence,0.0
324.000,update_residual,0.0
324.000,investigation_deferred,0
324.000,nav_aborted,0
324.000,nav_canceled,0
324.000,nav_rejected,0
324.000,run_seed,5
325.000,anomalies_detected,0
325.000,anomalies_unique,0
325.000,investigation_timeouts,0
325.000,mission_duration_s,280.996
325.000,distance_traveled_m,70.05962986975766
325.000,route_deviations,0
325.000,investigation_time_s,0.0
325.000,hazard_avoidances,0
325.000,min_hazard_distance_m,0.7117992959686971
325.000,collisions,0
325.000,time_below_clearance_s,14.400000000000006
325.000,safety_zone_violations,1
325.000,min_ttc_s,2.7122551097176797
325.000,avoid_success,0
325.000,avoid_timeout,0
325.000,q_convergence,0.0
325.000,update_residual,0.0
325.000,investigation_deferred,0
325.000,nav_aborted,0
325.000,nav_canceled,0
325.000,nav_rejected,0
325.000,run_seed,5
326.000,anomalies_detected,0
326.000,anomalies_unique,0
326.000,investigation_timeouts,0
326.000,mission_duration_s,281.996
326.000,distance_traveled_m,70.32170985275044
326.000,route_deviations,0
326.000,investigation_time_s,0.0
326.000,hazard_avoidances,0
326.000,min_hazard_distance_m,0.7117992959686971
326.000,collisions,0
326.000,time_below_clearance_s,14.400000000000006
326.000,safety_zone_violations,1
326.000,min_ttc_s,2.7122551097176797
326.000,avoid_success,0
326.000,avoid_timeout,0
326.000,q_convergence,0.0
326.000,update_residual,0.0
326.000,investigation_deferred,0
326.000,nav_aborted,0
326.000,nav_canceled,0
326.000,nav_rejected,0
326.000,run_seed,5
327.000,anomalies_detected,0
327.000,anomalies_unique,0
327.000,investigation_timeouts,0
327.000,mission_duration_s,282.996
327.000,distance_traveled_m,70.58378980443165
327.000,route_deviations,0
327.000,investigation_time_s,0.0
327.000,hazard_avoidances,0
327.000,min_hazard_distance_m,0.7117992959686971
327.000,collisions,0
327.000,time_below_clearance_s,14.400000000000006
327.000,safety_zone_violations,1
327.000,min_ttc_s,2.7122551097176797
327.000,avoid_success,0
327.000,avoid_timeout,0
327.000,q_convergence,0.0
327.000,update_residual,0.0
327.000,investigation_deferred,0
327.000,nav_aborted,0
327.000,nav_canceled,0
327.000,nav_rejected,0
327.000,run_seed,5
328.000,anomalies_detected,0
328.000,anomalies_unique,0
328.000,investigation_timeouts,0
328.000,mission_duration_s,283.996
328.000,distance_traveled_m,70.84586977471719
328.000,route_deviations,0
328.000,investigation_time_s,0.0
328.000,hazard_avoidances,0
328.000,min_hazard_distance_m,0.7117992959686971
328.000,collisions,0
328.000,time_below_clearance_s,14.400000000000006
328.000,safety_zone_violations,1
328.000,min_ttc_s,2.7122551097176797
328.000,avoid_success,0
328.000,avoid_timeout,0
328.000,q_convergence,0.0
328.000,update_residual,0.0
328.000,investigation_deferred,0
328.000,nav_aborted,0
328.000,nav_canceled,0
328.000,nav_rejected,0
328.000,run_seed,5
329.000,anomalies_detected,0
329.000,anomalies_unique,0
329.000,investigation_timeouts,0
329.000,mission_duration_s,284.996
329.000,distance_traveled_m,71.09858975820082
329.000,route_deviations,0
329.000,investigation_time_s,0.0
329.000,hazard_avoidances,0
329.000,min_hazard_distance_m,0.7117992959686971
329.000,collisions,0
329.000,time_below_clearance_s,14.400000000000006
329.000,safety_zone_violations,1
329.000,min_ttc_s,2.7122551097176797
329.000,avoid_success,0
329.000,avoid_timeout,0
329.000,q_convergence,0.0
329.000,update_residual,0.0
329.000,investigation_deferred,0
329.000,nav_aborted,0
329.000,nav_canceled,0
329.000,nav_rejected,0
329.000,run_seed,5
330.000,anomalies_detected,0
330.000,anomalies_unique,0
330.000,investigation_timeouts,0
330.000,mission_duration_s,285.996
330.000,distance_traveled_m,71.36066972340805
330.000,route_deviations,0
330.000,investigation_time_s,0.0
330.000,hazard_avoidances,0
330.000,min_hazard_distance_m,0.7117992959686971
330.000,collisions,0
330.000,time_below_clearance_s,14.400000000000006
330.000,safety_zone_violations,1
330.000,min_ttc_s,2.7122551097176797
330.000,avoid_success,0
330.000,avoid_timeout,0
330.000,q_convergence,0.0
330.000,update_residual,0.0
330.000,investigation_deferred,0
330.000,nav_aborted,0
330.000,nav_canceled,0
330.000,nav_rejected,0
330.000,run_seed,5
331.000,anomalies_detected,0
331.000,anomalies_unique,0
331.000,investigation_timeouts,0
331.000,mission_duration_s,286.996
331.000,distance_traveled_m,71.62274969665344
331.000,route_deviations,0
331.000,investigation_time_s,0.0
331.000,hazard_avoidances,0
331.000,min_hazard_distance_m,0.7117992959686971
331.000,collisions,0
331.000,time_below_clearance_s,14.400000000000006
331.000,safety_zone_violations,1
331.000,min_ttc_s,2.7122551097176797
331.000,avoid_success,0
331.000,avoid_timeout,0
331.000,q_convergence,0.0
331.000,update_residual,0.0
331.000,investigation_deferred,0
331.000,nav_aborted,0
331.000,nav_canceled,0
331.000,nav_rejected,0
331.000,run_seed,5
332.000,anomalies_detected,0
332.000,anomalies_unique,0
332.000,investigation_timeouts,0
332.000,mission_duration_s,287.996
332.000,distance_traveled_m,71.88482968147517
332.000,route_deviations,0
332.000,investigation_time_s,0.0
332.000,hazard_avoidances,0
332.000,min_hazard_distance_m,0.7117992959686971
332.000,collisions,0
332.000,time_below_clearance_s,14.400000000000006
332.000,safety_zone_violations,1
332.000,min_ttc_s,2.7122551097176797
332.000,avoid_success,0
332.000,avoid_timeout,0
332.000,q_convergence,0.0
332.000,update_residual,0.0
332.000,investigation_deferred,0
332.000,nav_aborted,0
332.000,nav_canceled,0
332.000,nav_rejected,0
332.000,run_seed,5
333.000,anomalies_detected,0
333.000,anomalies_unique,0
333.000,investigation_timeouts,0
333.000,mission_duration_s,288.996
333.000,distance_traveled_m,72.13754965752221
333.000,route_deviations,0
333.000,investigation_time_s,0.0
333.000,hazard_avoidances,0
333.000,min_hazard_distance_m,0.7117992959686971
333.000,collisions,0
333.000,time_below_clearance_s,14.400000000000006
333.000,safety_zone_violations,1
333.000,min_ttc_s,2.7122551097176797
333.000,avoid_success,0
333.000,avoid_timeout,0
333.000,q_convergence,0.0
333.000,update_residual,0.0
333.000,investigation_deferred,0
333.000,nav_aborted,0
333.000,nav_canceled,0
333.000,nav_rejected,0
333.000,run_seed,5
334.000,anomalies_detected,0
334.000,anomalies_unique,0
334.000,investigation_timeouts,0
334.000,mission_duration_s,289.996
334.000,distance_traveled_m,72.39962963030698
334.000,route_deviations,0
334.000,investigation_time_s,0.0
334.000,hazard_avoidances,0
334.000,min_hazard_distance_m,0.7117992959686971
334.000,collisions,0
334.000,time_below_clearance_s,14.400000000000006
334.000,safety_zone_violations,1
334.000,min_ttc_s,2.7122551097176797
334.000,avoid_success,0
334.000,avoid_timeout,0
334.000,q_convergence,0.0
334.000,update_residual,0.0
334.000,investigation_deferred,0
334.000,nav_aborted,0
334.000,nav_canceled,0
334.000,nav_rejected,0
334.000,run_seed,5
335.000,anomalies_detected,0
335.000,anomalies_unique,0
335.000,investigation_timeouts,0
335.000,mission_duration_s,290.996
335.000,distance_traveled_m,72.66170960113124
335.000,route_deviations,0
335.000,investigation_time_s,0.0
335.000,hazard_avoidances,0
335.000,min_hazard_distance_m,0.7117992959686971
335.000,collisions,0
335.000,time_below_clearance_s,14.400000000000006
335.000,safety_zone_violations,1
335.000,min_ttc_s,2.7122551097176797
335.000,avoid_success,0
335.000,avoid_timeout,0
335.000,q_convergence,0.0
335.000,update_residual,0.0
335.000,investigation_deferred,0
335.000,nav_aborted,0
335.000,nav_canceled,0
335.000,nav_rejected,0
335.000,run_seed,5
336.000,anomalies_detected,0
336.000,anomalies_unique,0
336.000,investigation_timeouts,0
336.000,mission_duration_s,291.996
336.000,distance_traveled_m,72.92378954836546
336.000,route_deviations,0
336.000,investigation_time_s,0.0
336.000,hazard_avoidances,0
336.000,min_hazard_distance_m,0.7117992959686971
336.000,collisions,0
336.000,time_below_clearance_s,14.400000000000006
336.000,safety_zone_violations,1
336.000,min_ttc_s,2.7122551097176797
336.000,avoid_success,0
336.000,avoid_timeout,0
336.000,q_convergence,0.0
336.000,update_residual,0.0
336.000,investigation_deferred,0
336.000,nav_aborted,0
336.000,nav_canceled,0
336.000,nav_rejected,0
336.000,run_seed,5
337.000,anomalies_detected,0
337.000,anomalies_unique,0
337.000,investigation_timeouts,0
337.000,mission_duration_s,292.996
337.000,distance_traveled_m,73.18586951787185
337.000,route_deviations,0
337.000,investigation_time_s,0.0
337.000,hazard_avoidances,0
337.000,min_hazard_distance_m,0.7117992959686971
337.000,collisions,0
337.000,time_below_clearance_s,14.400000000000006
337.000,safety_zone_violations,1
337.000,min_ttc_s,2.7122551097176797
337.000,avoid_success,0
337.000,avoid_timeout,0
337.000,q_convergence,0.0
337.000,update_residual,0.0
337.000,investigation_deferred,0
337.000,nav_aborted,0
337.000,nav_canceled,0
337.000,nav_rejected,0
337.000,run_seed,5
338.000,anomalies_detected,0
338.000,anomalies_unique,0
338.000,investigation_timeouts,0
338.000,mission_duration_s,293.996
338.000,distance_traveled_m,73.43858948527524
338.000,route_deviations,0
338.000,investigation_time_s,0.0
338.000,hazard_avoidances,0
338.000,min_hazard_distance_m,0.7117992959686971
338.000,collisions,0
338.000,time_below_clearance_s,14.400000000000006
338.000,safety_zone_violations,1
338.000,min_ttc_s,2.7122551097176797
338.000,avoid_success,0
338.000,avoid_timeout,0
338.000,q_convergence,0.0
338.000,update_residual,0.0
338.000,investigation_deferred,0
338.000,nav_aborted,0
338.000,nav_canceled,0
338.000,nav_rejected,0
338.000,run_seed,5
339.000,anomalies_detected,0
339.000,anomalies_unique,0
339.000,investigation_timeouts,0
339.000,mission_duration_s,294.996
339.000,distance_traveled_m,73.70066947206558
339.000,route_deviations,0
339.000,investigation_time_s,0.0
339.000,hazard_avoidances,0
339.000,min_hazard_distance_m,0.7117992959686971
339.000,collisions,0
339.000,time_below_clearance_s,14.400000000000006
339.000,safety_zone_violations,1
339.000,min_ttc_s,2.7122551097176797
339.000,avoid_success,0
339.000,avoid_timeout,0
339.000,q_convergence,0.0
339.000,update_residual,0.0
339.000,investigation_deferred,0
339.000,nav_aborted,0
339.000,nav_canceled,0
339.000,nav_rejected,0
339.000,run_seed,5
340.000,anomalies_detected,0
340.000,anomalies_unique,0
340.000,investigation_timeouts,0
340.000,mission_duration_s,295.996
340.000,distance_traveled_m,73.96274945033521
340.000,route_deviations,0
340.000,investigation_time_s,0.0
340.000,hazard_avoidances,0
340.000,min_hazard_distance_m,0.7117992959686971
340.000,collisions,0
340.000,time_below_clearance_s,14.400000000000006
340.000,safety_zone_violations,1
340.000,min_ttc_s,2.7122551097176797
340.000,avoid_success,0
340.000,avoid_timeout,0
340.000,q_convergence,0.0
340.000,update_residual,0.0
340.000,investigation_deferred,0
340.000,nav_aborted,0
340.000,nav_canceled,0
340.000,nav_rejected,0
340.000,run_seed,5
341.000,anomalies_detected,0
341.000,anomalies_unique,0
341.000,investigation_timeouts,0
341.000,mission_duration_s,296.996
341.000,distance_traveled_m,74.22482943266448
341.000,route_deviations,0
341.000,investigation_time_s,0.0
341.000,hazard_avoidances,0
341.000,min_hazard_distance_m,0.7117992959686971
341.000,collisions,0
341.000,time_below_clearance_s,14.400000000000006
341.000,safety_zone_violations,1
341.000,min_ttc_s,2.7122551097176797
341.000,avoid_success,0
341.000,avoid_timeout,0
341.000,q_convergence,0.0
341.000,update_residual,0.0
341.000,investigation_deferred,0
341.000,nav_aborted,0
341.000,nav_canceled,0
341.000,nav_rejected,0
341.000,run_seed,5
342.000,anomalies_detected,0
342.000,anomalies_unique,0
342.000,investigation_timeouts,0
342.000,mission_duration_s,297.996
342.000,distance_traveled_m,74.477549400637
342.000,route_deviations,0
342.000,investigation_time_s,0.0
342.000,hazard_avoidances,0
342.000,min_hazard_distance_m,0.7117992959686971
342.000,collisions,0
342.000,time_below_clearance_s,14.400000000000006
342.000,safety_zone_violations,1
342.000,min_ttc_s,2.7122551097176797
342.000,avoid_success,0
342.000,avoid_timeout,0
342.000,q_convergence,0.0
342.000,update_residual,0.0
342.000,investigation_deferred,0
342.000,nav_aborted,0
342.000,nav_canceled,0
342.000,nav_rejected,0
342.000,run_seed,5
343.000,anomalies_detected,0
343.000,anomalies_unique,0
343.000,investigation_timeouts,0
343.000,mission_duration_s,298.996
343.000,distance_traveled_m,74.73962937002366
343.000,route_deviations,0
343.000,investigation_time_s,0.0
343.000,hazard_avoidances,0
343.000,min_hazard_distance_m,0.7117992959686971
343.000,collisions,0
343.000,time_below_clearance_s,14.400000000000006
343.000,safety_zone_violations,1
343.000,min_ttc_s,2.7122551097176797
343.000,avoid_success,0
343.000,avoid_timeout,0
343.000,q_convergence,0.0
343.000,update_residual,0.0
343.000,investigation_deferred,0
343.000,nav_aborted,0
343.000,nav_canceled,0
343.000,nav_rejected,0
343.000,run_seed,5
344.000,anomalies_detected,0
344.000,anomalies_unique,0
344.000,investigation_timeouts,0
344.000,mission_duration_s,299.996
344.000,distance_traveled_m,75.00170934173015
344.000,route_deviations,0
344.000,investigation_time_s,0.0
344.000,hazard_avoidances,0
344.000,min_hazard_distance_m,0.7117992959686971
344.000,collisions,0
344.000,time_below_clearance_s,14.400000000000006
344.000,safety_zone_violations,1
344.000,min_ttc_s,2.7122551097176797
344.000,avoid_success,0
344.000,avoid_timeout,0
344.000,q_convergence,0.0
344.000,update_residual,0.0
344.000,investigation_deferred,0
344.000,nav_aborted,0
344.000,nav_canceled,0
344.000,nav_rejected,0
344.000,run_seed,5
345.000,anomalies_detected,0
345.000,anomalies_unique,0
345.000,investigation_timeouts,0
345.000,mission_duration_s,300.996
345.000,distance_traveled_m,75.26378933031386
345.000,route_deviations,0
345.000,investigation_time_s,0.0
345.000,hazard_avoidances,0
345.000,min_hazard_distance_m,0.7117992959686971
345.000,collisions,0
345.000,time_below_clearance_s,14.400000000000006
345.000,safety_zone_violations,1
345.000,min_ttc_s,2.7122551097176797
345.000,avoid_success,0
345.000,avoid_timeout,0
345.000,q_convergence,0.0
345.000,update_residual,0.0
345.000,investigation_deferred,0
345.000,nav_aborted,0
345.000,nav_canceled,0
345.000,nav_rejected,0
345.000,run_seed,5
346.000,anomalies_detected,0
346.000,anomalies_unique,0
346.000,investigation_timeouts,0
346.000,mission_duration_s,301.996
346.000,distance_traveled_m,75.52586931599099
346.000,route_deviations,0
346.000,investigation_time_s,0.0
346.000,hazard_avoidances,0
346.000,min_hazard_distance_m,0.7117992959686971
346.000,collisions,0
346.000,time_below_clearance_s,14.400000000000006
346.000,safety_zone_violations,1
346.000,min_ttc_s,2.7122551097176797
346.000,avoid_success,0
346.000,avoid_timeout,0
346.000,q_convergence,0.0
346.000,update_residual,0.0
346.000,investigation_deferred,0
346.000,nav_aborted,0
346.000,nav_canceled,0
346.000,nav_rejected,0
346.000,run_seed,5
347.000,anomalies_detected,0
347.000,anomalies_unique,0
347.000,investigation_timeouts,0
347.000,mission_duration_s,302.996
347.000,distance_traveled_m,75.77858929667435
347.000,route_deviations,0
347.000,investigation_time_s,0.0
347.000,hazard_avoidances,0
347.000,min_hazard_distance_m,0.7117992959686971
347.000,collisions,0
347.000,time_below_clearance_s,14.400000000000006
347.000,safety_zone_violations,1
347.000,min_ttc_s,2.7122551097176797
347.000,avoid_success,0
347.000,avoid_timeout,0
347.000,q_convergence,0.0
347.000,update_residual,0.0
347.000,investigation_deferred,0
347.000,nav_aborted,0
347.000,nav_canceled,0
347.000,nav_rejected,0
347.000,run_seed,5
348.000,anomalies_detected,0
348.000,anomalies_unique,0
348.000,investigation_timeouts,0
348.000,mission_duration_s,303.996
348.000,distance_traveled_m,76.04066926754199
348.000,route_deviations,0
348.000,investigation_time_s,0.0
348.000,hazard_avoidances,0
348.000,min_hazard_distance_m,0.7117992959686971
348.000,collisions,0
348.000,time_below_clearance_s,14.400000000000006
348.000,safety_zone_violations,1
348.000,min_ttc_s,2.7122551097176797
348.000,avoid_success,0
348.000,avoid_timeout,0
348.000,q_convergence,0.0
348.000,update_residual,0.0
348.000,investigation_deferred,0
348.000,nav_aborted,0
348.000,nav_canceled,0
348.000,nav_rejected,0
348.000,run_seed,5
349.000,anomalies_detected,0
349.000,anomalies_unique,0
349.000,investigation_timeouts,0
349.000,mission_duration_s,304.996
349.000,distance_traveled_m,76.30274926531884
349.000,route_deviations,0
349.000,investigation_time_s,0.0
349.000,hazard_avoidances,0
349.000,min_hazard_distance_m,0.7117992959686971
349.000,collisions,0
349.000,time_below_clearance_s,14.400000000000006
349.000,safety_zone_violations,1
349.000,min_ttc_s,2.7122551097176797
349.000,avoid_success,0
349.000,avoid_timeout,0
349.000,q_convergence,0.0
349.000,update_residual,0.0
349.000,investigation_deferred,0
349.000,nav_aborted,0
349.000,nav_canceled,0
349.000,nav_rejected,0
349.000,run_seed,5
350.000,anomalies_detected,0
350.000,anomalies_unique,0
350.000,investigation_timeouts,0
350.000,mission_duration_s,305.996
350.000,distance_traveled_m,76.56482924604893
350.000,route_deviations,0
350.000,investigation_time_s,0.0
350.000,hazard_avoidances,0
350.000,min_hazard_distance_m,0.7117992959686971
350.000,collisions,0
350.000,time_below_clearance_s,14.400000000000006
350.000,safety_zone_violations,1
350.000,min_ttc_s,2.7122551097176797
350.000,avoid_success,0
350.000,avoid_timeout,0
350.000,q_convergence,0.0
350.000,update_residual,0.0
350.000,investigation_deferred,0
350.000,nav_aborted,0
350.000,nav_canceled,0
350.000,nav_rejected,0
350.000,run_seed,5
351.000,anomalies_detected,0
351.000,anomalies_unique,0
351.000,investigation_timeouts,0
351.000,mission_duration_s,306.996
351.000,distance_traveled_m,76.81754923019527
351.000,route_deviations,0
351.000,investigation_time_s,0.0
351.000,hazard_avoidances,0
351.000,min_hazard_distance_m,0.7117992959686971
351.000,collisions,0
351.000,time_below_clearance_s,14.400000000000006
351.000,safety_zone_violations,1
351.000,min_ttc_s,2.7122551097176797
351.000,avoid_success,0
351.000,avoid_timeout,0
351.000,q_convergence,0.0
351.000,update_residual,0.0
351.000,investigation_deferred,0
351.000,nav_aborted,0
351.000,nav_canceled,0
351.000,nav_rejected,0
351.000,run_seed,5
352.000,anomalies_detected,0
352.000,anomalies_unique,0
352.000,investigation_timeouts,0
352.000,mission_duration_s,307.996
352.000,distance_traveled_m,77.07962922501004
352.000,route_deviations,0
352.000,investigation_time_s,0.0
352.000,hazard_avoidances,0
352.000,min_hazard_distance_m,0.7117992959686971
352.000,collisions,0
352.000,time_below_clearance_s,14.400000000000006
352.000,safety_zone_violations,1
352.000,min_ttc_s,2.7122551097176797
352.000,avoid_success,0
352.000,avoid_timeout,0
352.000,q_convergence,0.0
352.000,update_residual,0.0
352.000,investigation_deferred,0
352.000,nav_aborted,0
352.000,nav_canceled,0
352.000,nav_rejected,0
352.000,run_seed,5
353.000,anomalies_detected,0
353.000,anomalies_unique,0
353.000,investigation_timeouts,0
353.000,mission_duration_s,308.996
353.000,distance_traveled_m,77.34170921788547
353.000,route_deviations,0
353.000,investigation_time_s,0.0
353.000,hazard_avoidances,0
353.000,min_hazard_distance_m,0.7117992959686971
353.000,collisions,0
353.000,time_below_clearance_s,14.400000000000006
353.000,safety_zone_violations,1
353.000,min_ttc_s,2.7122551097176797
353.000,avoid_success,0
353.000,avoid_timeout,0
353.000,q_convergence,0.0
353.000,update_residual,0.0
353.000,investigation_deferred,0
353.000,nav_aborted,0
353.000,nav_canceled,0
353.000,nav_rejected,0
353.000,run_seed,5
354.000,anomalies_detected,0
354.000,anomalies_unique,0
354.000,investigation_timeouts,0
354.000,mission_duration_s,309.996
354.000,distance_traveled_m,77.60378921062845
354.000,route_deviations,0
354.000,investigation_time_s,0.0
354.000,hazard_avoidances,0
354.000,min_hazard_distance_m,0.7117992959686971
354.000,collisions,0
354.000,time_below_clearance_s,14.400000000000006
354.000,safety_zone_violations,1
354.000,min_ttc_s,2.7122551097176797
354.000,avoid_success,0
354.000,avoid_timeout,0
354.000,q_convergence,0.0
354.000,update_residual,0.0
354.000,investigation_deferred,0
354.000,nav_aborted,0
354.000,nav_canceled,0
354.000,nav_rejected,0
354.000,run_seed,5
355.000,anomalies_detected,0
355.000,anomalies_unique,0
355.000,investigation_timeouts,0
355.000,mission_duration_s,310.996
355.000,distance_traveled_m,77.86586920639738
355.000,route_deviations,0
355.000,investigation_time_s,0.0
355.000,hazard_avoidances,0
355.000,min_hazard_distance_m,0.7117992959686971
355.000,collisions,0
355.000,time_below_clearance_s,14.400000000000006
355.000,safety_zone_violations,1
355.000,min_ttc_s,2.7122551097176797
355.000,avoid_success,0
355.000,avoid_timeout,0
355.000,q_convergence,0.0
355.000,update_residual,0.0
355.000,investigation_deferred,0
355.000,nav_aborted,0
355.000,nav_canceled,0
355.000,nav_rejected,0
355.000,run_seed,5
356.000,anomalies_detected,0
356.000,anomalies_unique,0
356.000,investigation_timeouts,0
356.000,mission_duration_s,311.996
356.000,distance_traveled_m,78.11858919848545
356.000,route_deviations,0
356.000,investigation_time_s,0.0
356.000,hazard_avoidances,0
356.000,min_hazard_distance_m,0.7117992959686971
356.000,collisions,0
356.000,time_below_clearance_s,14.400000000000006
356.000,safety_zone_violations,1
356.000,min_ttc_s,2.7122551097176797
356.000,avoid_success,0
356.000,avoid_timeout,0
356.000,q_convergence,0.0
356.000,update_residual,0.0
356.000,investigation_deferred,0
356.000,nav_aborted,0
356.000,nav_canceled,0
356.000,nav_rejected,0
356.000,run_seed,5
357.000,anomalies_detected,0
357.000,anomalies_unique,0
357.000,investigation_timeouts,0
357.000,mission_duration_s,312.996
357.000,distance_traveled_m,78.38066917717677
357.000,route_deviations,0
357.000,investigation_time_s,0.0
357.000,hazard_avoidances,0
357.000,min_hazard_distance_m,0.7117992959686971
357.000,collisions,0
357.000,time_below_clearance_s,14.400000000000006
357.000,safety_zone_violations,1
357.000,min_ttc_s,2.7122551097176797
357.000,avoid_success,0
357.000,avoid_timeout,0
357.000,q_convergence,0.0
357.000,update_residual,0.0
357.000,investigation_deferred,0
357.000,nav_aborted,0
357.000,nav_canceled,0
357.000,nav_rejected,0
357.000,run_seed,5
358.000,anomalies_detected,0
358.000,anomalies_unique,0
358.000,investigation_timeouts,0
358.000,mission_duration_s,313.996
358.000,distance_traveled_m,78.64274913968636
358.000,route_deviations,0
358.000,investigation_time_s,0.0
358.000,hazard_avoidances,0
358.000,min_hazard_distance_m,0.7117992959686971
358.000,collisions,0
358.000,time_below_clearance_s,14.400000000000006
358.000,safety_zone_violations,1
358.000,min_ttc_s,2.7122551097176797
358.000,avoid_success,0
358.000,avoid_timeout,0
358.000,q_convergence,0.0
358.000,update_residual,0.0
358.000,investigation_deferred,0
358.000,nav_aborted,0
358.000,nav_canceled,0
358.000,nav_rejected,0
358.000,run_seed,5
359.000,anomalies_detected,0
359.000,anomalies_unique,0
359.000,investigation_timeouts,0
359.000,mission_duration_s,314.996
359.000,distance_traveled_m,78.9048291305748
359.000,route_deviations,0
359.000,investigation_time_s,0.0
359.000,hazard_avoidances,0
359.000,min_hazard_distance_m,0.7117992959686971
359.000,collisions,0
359.000,time_below_clearance_s,14.400000000000006
359.000,safety_zone_violations,1
359.000,min_ttc_s,2.7122551097176797
359.000,avoid_success,0
359.000,avoid_timeout,0
359.000,q_convergence,0.0
359.000,update_residual,0.0
359.000,investigation_deferred,0
359.000,nav_aborted,0
359.000,nav_canceled,0
359.000,nav_rejected,0
359.000,run_seed,5
360.000,anomalies_detected,0
360.000,anomalies_unique,0
360.000,investigation_timeouts,0
360.000,mission_duration_s,315.996
360.000,distance_traveled_m,79.15754910951918
360.000,route_deviations,0
360.000,investigation_time_s,0.0
360.000,hazard_avoidances,0
360.000,min_hazard_distance_m,0.7117992959686971
360.000,collisions,0
360.000,time_below_clearance_s,14.400000000000006
360.000,safety_zone_violations,1
360.000,min_ttc_s,2.7122551097176797
360.000,avoid_success,0
360.000,avoid_timeout,0
360.000,q_convergence,0.0
360.000,update_residual,0.0
360.000,investigation_deferred,0
360.000,nav_aborted,0
360.000,nav_canceled,0
360.000,nav_rejected,0
360.000,run_seed,5
361.000,anomalies_detected,0
361.000,anomalies_unique,0
361.000,investigation_timeouts,0
361.000,mission_duration_s,316.996
361.000,distance_traveled_m,79.41962910134703
361.000,route_deviations,0
361.000,investigation_time_s,0.0
361.000,hazard_avoidances,0
361.000,min_hazard_distance_m,0.7117992959686971
361.000,collisions,0
361.000,time_below_clearance_s,14.400000000000006
361.000,safety_zone_violations,1
361.000,min_ttc_s,2.7122551097176797
361.000,avoid_success,0
361.000,avoid_timeout,0
361.000,q_convergence,0.0
361.000,update_residual,0.0
361.000,investigation_deferred,0
361.000,nav_aborted,0
361.000,nav_canceled,0
361.000,nav_rejected,0
361.000,run_seed,5
362.000,anomalies_detected,0
362.000,anomalies_unique,0
362.000,investigation_timeouts,0
362.000,mission_duration_s,317.996
362.000,distance_traveled_m,79.68170907910037
362.000,route_deviations,0
362.000,investigation_time_s,0.0
362.000,hazard_avoidances,0
362.000,min_hazard_distance_m,0.7117992959686971
362.000,collisions,0
362.000,time_below_clearance_s,14.400000000000006
362.000,safety_zone_violations,1
362.000,min_ttc_s,2.7122551097176797
362.000,avoid_success,0
362.000,avoid_timeout,0
362.000,q_convergence,0.0
362.000,update_residual,0.0
362.000,investigation_deferred,0
362.000,nav_aborted,0
362.000,nav_canceled,0
362.000,nav_rejected,0
362.000,run_seed,5
363.000,anomalies_detected,0
363.000,anomalies_unique,0
363.000,investigation_timeouts,0
363.000,mission_duration_s,318.996
363.000,distance_traveled_m,79.94378905747881
363.000,route_deviations,0
363.000,investigation_time_s,0.0
363.000,hazard_avoidances,0
363.000,min_hazard_distance_m,0.7117992959686971
363.000,collisions,0
363.000,time_below_clearance_s,14.400000000000006
363.000,safety_zone_violations,1
363.000,min_ttc_s,2.7122551097176797
363.000,avoid_success,0
363.000,avoid_timeout,0
363.000,q_convergence,0.0
363.000,update_residual,0.0
363.000,investigation_deferred,0
363.000,nav_aborted,0
363.000,nav_canceled,0
363.000,nav_rejected,0
363.000,run_seed,5
364.000,anomalies_detected,0
364.000,anomalies_unique,0
364.000,investigation_timeouts,0
364.000,mission_duration_s,319.996
364.000,distance_traveled_m,80.20586893554547
364.000,route_deviations,0
364.000,investigation_time_s,0.0
364.000,hazard_avoidances,0
364.000,min_hazard_distance_m,0.7117992959686971
364.000,collisions,0
364.000,time_below_clearance_s,14.400000000000006
364.000,safety_zone_violations,1
364.000,min_ttc_s,2.7122551097176797
364.000,avoid_success,0
364.000,avoid_timeout,0
364.000,q_convergence,0.0
364.000,update_residual,0.0
364.000,investigation_deferred,0
364.000,nav_aborted,0
364.000,nav_canceled,0
364.000,nav_rejected,0
364.000,run_seed,5
365.000,anomalies_detected,0
365.000,anomalies_unique,0
365.000,investigation_timeouts,0
365.000,mission_duration_s,320.996
365.000,distance_traveled_m,80.3679894182506
365.000,route_deviations,0
365.000,investigation_time_s,0.0
365.000,hazard_avoidances,0
365.000,min_hazard_distance_m,0.7117992959686971
365.000,collisions,0
365.000,time_below_clearance_s,14.400000000000006
365.000,safety_zone_violations,1
365.000,min_ttc_s,2.7122551097176797
365.000,avoid_success,0
365.000,avoid_timeout,0
365.000,q_convergence,0.0
365.000,update_residual,0.0
365.000,investigation_deferred,0
365.000,nav_aborted,0
365.000,nav_canceled,0
365.000,nav_rejected,0
365.000,run_seed,5
365.000,anomalies_detected,0
365.000,anomalies_unique,0
365.000,investigation_timeouts,0
365.000,mission_duration_s,320.996
365.000,distance_traveled_m,80.3679894182506
365.000,route_deviations,0
365.000,investigation_time_s,0.0
365.000,hazard_avoidances,0
365.000,min_hazard_distance_m,0.7117992959686971
365.000,collisions,0
365.000,time_below_clearance_s,14.400000000000006
365.000,safety_zone_violations,1
365.000,min_ttc_s,2.7122551097176797
365.000,avoid_success,0
365.000,avoid_timeout,0
365.000,q_convergence,0.0
365.000,update_residual,0.0
365.000,investigation_deferred,0
365.000,nav_aborted,0
365.000,nav_canceled,0
365.000,nav_rejected,0
365.000,run_seed,5
366.000,anomalies_detected,0
366.000,anomalies_unique,0
366.000,investigation_timeouts,0
366.000,mission_duration_s,320.996
366.000,distance_traveled_m,80.36798941827234
366.000,route_deviations,0
366.000,investigation_time_s,0.0
366.000,hazard_avoidances,0
366.000,min_hazard_distance_m,0.7117992959686971
366.000,collisions,0
366.000,time_below_clearance_s,14.400000000000006
366.000,safety_zone_violations,1
366.000,min_ttc_s,2.7122551097176797
366.000,avoid_success,0
366.000,avoid_timeout,0
366.000,q_convergence,0.0
366.000,update_residual,0.0
366.000,investigation_deferred,0
366.000,nav_aborted,0
366.000,nav_canceled,0
366.000,nav_rejected,0
366.000,run_seed,5
367.000,anomalies_detected,0
367.000,anomalies_unique,0
367.000,investigation_timeouts,0
367.000,mission_duration_s,320.996
367.000,distance_traveled_m,80.36798941827462
367.000,route_deviations,0
367.000,investigation_time_s,0.0
367.000,hazard_avoidances,0
367.000,min_hazard_distance_m,0.7117992959686971
367.000,collisions,0
367.000,time_below_clearance_s,14.400000000000006
367.000,safety_zone_violations,1
367.000,min_ttc_s,2.7122551097176797
367.000,avoid_success,0
367.000,avoid_timeout,0
367.000,q_convergence,0.0
367.000,update_residual,0.0
367.000,investigation_deferred,0
367.000,nav_aborted,0
367.000,nav_canceled,0
367.000,nav_rejected,0
367.000,run_seed,5
368.000,anomalies_detected,0
368.000,anomalies_unique,0
368.000,investigation_timeouts,0
368.000,mission_duration_s,320.996
368.000,distance_traveled_m,80.36798941827462
368.000,route_deviations,0
368.000,investigation_time_s,0.0
368.000,hazard_avoidances,0
368.000,min_hazard_distance_m,0.7117992959686971
368.000,collisions,0
368.000,time_below_clearance_s,14.400000000000006
368.000,safety_zone_violations,1
368.000,min_ttc_s,2.7122551097176797
368.000,avoid_success,0
368.000,avoid_timeout,0
368.000,q_convergence,0.0
368.000,update_residual,0.0
368.000,investigation_deferred,0
368.000,nav_aborted,0
368.000,nav_canceled,0
368.000,nav_rejected,0
368.000,run_seed,5
369.000,anomalies_detected,0
369.000,anomalies_unique,0
369.000,investigation_timeouts,0
369.000,mission_duration_s,320.996
369.000,distance_traveled_m,80.36798941827462
369.000,route_deviations,0
369.000,investigation_time_s,0.0
369.000,hazard_avoidances,0
369.000,min_hazard_distance_m,0.7117992959686971
369.000,collisions,0
369.000,time_below_clearance_s,14.400000000000006
369.000,safety_zone_violations,1
369.000,min_ttc_s,2.7122551097176797
369.000,avoid_success,0
369.000,avoid_timeout,0
369.000,q_convergence,0.0
369.000,update_residual,0.0
369.000,investigation_deferred,0
369.000,nav_aborted,0
369.000,nav_canceled,0
369.000,nav_rejected,0
369.000,run_seed,5
370.000,anomalies_detected,0
370.000,anomalies_unique,0
370.000,investigation_timeouts,0
370.000,mission_duration_s,320.996
370.000,distance_traveled_m,80.36798941827462
370.000,route_deviations,0
370.000,investigation_time_s,0.0
370.000,hazard_avoidances,0
370.000,min_hazard_distance_m,0.7117992959686971
370.000,collisions,0
370.000,time_below_clearance_s,14.400000000000006
370.000,safety_zone_violations,1
370.000,min_ttc_s,2.7122551097176797
370.000,avoid_success,0
370.000,avoid_timeout,0
370.000,q_convergence,0.0
370.000,update_residual,0.0
370.000,investigation_deferred,0
370.000,nav_aborted,0
370.000,nav_canceled,0
370.000,nav_rejected,0
370.000,run_seed,5
371.000,anomalies_detected,0
371.000,anomalies_unique,0
371.000,investigation_timeouts,0
371.000,mission_duration_s,320.996
371.000,distance_traveled_m,80.36798941827462
371.000,route_deviations,0
371.000,investigation_time_s,0.0
371.000,hazard_avoidances,0
371.000,min_hazard_distance_m,0.7117992959686971
371.000,collisions,0
371.000,time_below_clearance_s,14.400000000000006
371.000,safety_zone_violations,1
371.000,min_ttc_s,2.7122551097176797
371.000,avoid_success,0
371.000,avoid_timeout,0
371.000,q_convergence,0.0
371.000,update_residual,0.0
371.000,investigation_deferred,0
371.000,nav_aborted,0
371.000,nav_canceled,0
371.000,nav_rejected,0
371.000,run_seed,5
