timestamp,metric,value
43.240,anomalies_detected,0
43.240,anomalies_unique,0
43.240,mission_duration_s,0.0
43.240,distance_traveled_m,0.0
43.240,route_deviations,0
43.240,investigation_time_s,0.0
43.240,hazard_avoidances,0
43.240,min_hazard_distance_m,-1.0
43.240,q_convergence,0.0
44.000,anomalies_detected,0
44.000,anomalies_unique,0
44.000,mission_duration_s,0.0
44.000,distance_traveled_m,1.7941174366426598e-19
44.000,route_deviations,0
44.000,investigation_time_s,0.0
44.000,hazard_avoidances,0
44.000,min_hazard_distance_m,-1.0
44.000,q_convergence,0.0
45.000,anomalies_detected,0
45.000,anomalies_unique,0
45.000,mission_duration_s,0.9440000000000026
45.000,distance_traveled_m,0.13189354541408588
45.000,route_deviations,0
45.000,investigation_time_s,0.0
45.000,hazard_avoidances,0
45.000,min_hazard_distance_m,-1.0
45.000,q_convergence,0.9492091751465606
46.000,anomalies_detected,0
46.000,anomalies_unique,0
46.000,mission_duration_s,1.9440000000000026
46.000,distance_traveled_m,0.3939728959708163
46.000,route_deviations,0
46.000,investigation_time_s,0.0
46.000,hazard_avoidances,0
46.000,min_hazard_distance_m,12.034537138443799
46.000,q_convergence,0.8397282613926437
47.000,anomalies_detected,0
47.000,anomalies_unique,0
47.000,mission_duration_s,2.9440000000000026
47.000,distance_traveled_m,0.6560528325637399
47.000,route_deviations,0
47.000,investigation_time_s,0.0
47.000,hazard_avoidances,0
47.000,min_hazard_distance_m,11.832132938795432
47.000,q_convergence,0.7316417650943821
48.000,anomalies_detected,0
48.000,anomalies_unique,0
48.000,mission_duration_s,3.9440000000000026
48.000,distance_traveled_m,0.9181328014061806
48.000,route_deviations,0
48.000,investigation_time_s,0.0
48.000,hazard_avoidances,0
48.000,min_hazard_distance_m,11.637774153637269
48.000,q_convergence,1.005588753657172
49.000,anomalies_detected,0
49.000,anomalies_unique,0
49.000,mission_duration_s,4.944000000000003
49.000,distance_traveled_m,1.1802127860367755
49.000,route_deviations,0
49.000,investigation_time_s,0.0
49.000,hazard_avoidances,0
49.000,min_hazard_distance_m,11.447633342199747
49.000,q_convergence,0.8763298033017355
50.000,anomalies_detected,0
50.000,anomalies_unique,0
50.000,mission_duration_s,5.944000000000003
50.000,distance_traveled_m,1.4329327790726079
50.000,route_deviations,0
50.000,investigation_time_s,0.0
50.000,hazard_avoidances,0
50.000,min_hazard_distance_m,11.249180477821303
50.000,q_convergence,0.7615770406449613
51.000,anomalies_detected,0
51.000,anomalies_unique,0
51.000,mission_duration_s,6.944000000000003
51.000,distance_traveled_m,1.6950127758317686
51.000,route_deviations,0
51.000,investigation_time_s,0.0
51.000,hazard_avoidances,0
51.000,min_hazard_distance_m,11.051631563526719
51.000,q_convergence,0.9860524601653731
52.000,anomalies_detected,0
52.000,anomalies_unique,0
52.000,mission_duration_s,7.944000000000003
52.000,distance_traveled_m,1.9570927715375546
52.000,route_deviations,0
52.000,investigation_time_s,0.0
52.000,hazard_avoidances,0
52.000,min_hazard_distance_m,10.856153298023365
52.000,q_convergence,0.9583348039294417
53.000,anomalies_detected,0
53.000,anomalies_unique,0
53.000,mission_duration_s,8.944000000000003
53.000,distance_traveled_m,2.2191725044742285
53.000,route_deviations,0
53.000,investigation_time_s,0.0
53.000,hazard_avoidances,0
53.000,min_hazard_distance_m,10.659183549489152
53.000,q_convergence,0.9030859745636065
54.000,anomalies_detected,0
54.000,anomalies_unique,0
54.000,mission_duration_s,9.944000000000003
54.000,distance_traveled_m,2.471892409990983
54.000,route_deviations,0
54.000,investigation_time_s,0.0
54.000,hazard_avoidances,0
54.000,min_hazard_distance_m,10.454615177659809
54.000,q_convergence,0.7848295714294122
55.000,anomalies_detected,0
55.000,anomalies_unique,0
55.000,mission_duration_s,10.944000000000003
55.000,distance_traveled_m,2.733972374086956
55.000,route_deviations,0
55.000,investigation_time_s,0.0
55.000,hazard_avoidances,0
55.000,min_hazard_distance_m,10.24830766558226
55.000,q_convergence,0.683730699826543
56.000,anomalies_detected,0
56.000,anomalies_unique,0
56.000,mission_duration_s,11.944000000000003
56.000,distance_traveled_m,2.9960523629245426
56.000,route_deviations,0
56.000,investigation_time_s,0.0
56.000,hazard_avoidances,0
56.000,min_hazard_distance_m,10.041769343847248
56.000,q_convergence,0.9229434867317325
57.000,anomalies_detected,0
57.000,anomalies_unique,0
57.000,mission_duration_s,12.944000000000003
57.000,distance_traveled_m,3.258132337991096
57.000,route_deviations,0
57.000,investigation_time_s,0.0
57.000,hazard_avoidances,0
57.000,min_hazard_distance_m,9.841079905506918
57.000,q_convergence,0.912185020139498
58.000,anomalies_detected,0
58.000,anomalies_unique,0
58.000,mission_duration_s,13.944000000000003
58.000,distance_traveled_m,3.520212307995193
58.000,route_deviations,0
58.000,investigation_time_s,0.0
58.000,hazard_avoidances,0
58.000,min_hazard_distance_m,9.640027575960376
58.000,q_convergence,0.7927371242437437
59.000,anomalies_detected,0
59.000,anomalies_unique,0
59.000,mission_duration_s,14.944000000000003
59.000,distance_traveled_m,3.7729322596685817
59.000,route_deviations,0
59.000,investigation_time_s,0.0
59.000,hazard_avoidances,0
59.000,min_hazard_distance_m,9.455848872095801
59.000,q_convergence,0.6889305725039605
60.000,anomalies_detected,0
60.000,anomalies_unique,0
60.000,mission_duration_s,15.944000000000003
60.000,distance_traveled_m,4.035012227405281
60.000,route_deviations,0
60.000,investigation_time_s,0.0
60.000,hazard_avoidances,0
60.000,min_hazard_distance_m,9.264294295248755
60.000,q_convergence,0.934005784181386
61.000,anomalies_detected,0
61.000,anomalies_unique,0
61.000,mission_duration_s,16.944000000000003
61.000,distance_traveled_m,4.297092023131076
61.000,route_deviations,0
61.000,investigation_time_s,0.0
61.000,hazard_avoidances,0
61.000,min_hazard_distance_m,9.081234580243775
61.000,q_convergence,0.912185020139498
62.000,anomalies_detected,0
62.000,anomalies_unique,0
62.000,mission_duration_s,17.944000000000003
62.000,distance_traveled_m,4.5591711405858675
62.000,route_deviations,0
62.000,investigation_time_s,0.0
62.000,hazard_avoidances,0
62.000,min_hazard_distance_m,8.872169063704165
62.000,q_convergence,0.7927371242437437
63.000,anomalies_detected,0
63.000,anomalies_unique,0
63.000,mission_duration_s,18.944000000000003
63.000,distance_traveled_m,4.8118911068002115
63.000,route_deviations,0
63.000,investigation_time_s,0.0
63.000,hazard_avoidances,0
63.000,min_hazard_distance_m,8.658616923518405
63.000,q_convergence,0.6889305725039605
64.000,anomalies_detected,0
64.000,anomalies_unique,0
64.000,mission_duration_s,19.944000000000003
64.000,distance_traveled_m,5.073971049652739
64.000,route_deviations,0
64.000,investigation_time_s,0.0
64.000,hazard_avoidances,0
64.000,min_hazard_distance_m,8.447602502122539
64.000,q_convergence,0.946535196821809
65.000,anomalies_detected,0
65.000,anomalies_unique,0
65.000,mission_duration_s,20.944000000000003
65.000,distance_traveled_m,5.336051007731363
65.000,route_deviations,0
65.000,investigation_time_s,0.0
65.000,hazard_avoidances,0
65.000,min_hazard_distance_m,8.23826049020421
65.000,q_convergence,0.9076240950388005
66.000,anomalies_detected,0
66.000,anomalies_unique,0
66.000,mission_duration_s,21.944000000000003
66.000,distance_traveled_m,5.598130973593295
66.000,route_deviations,0
66.000,investigation_time_s,0.0
66.000,hazard_avoidances,0
66.000,min_hazard_distance_m,8.03409833568443
66.000,q_convergence,0.788773438622525
67.000,anomalies_detected,0
67.000,anomalies_unique,0
67.000,mission_duration_s,22.944000000000003
67.000,distance_traveled_m,5.8602109487007015
67.000,route_deviations,0
67.000,investigation_time_s,0.0
67.000,hazard_avoidances,0
67.000,min_hazard_distance_m,7.834497853783175
67.000,q_convergence,0.9045512729489226
68.000,anomalies_detected,0
68.000,anomalies_unique,0
68.000,mission_duration_s,23.944000000000003
68.000,distance_traveled_m,6.112930943531488
68.000,route_deviations,0
68.000,investigation_time_s,0.0
68.000,hazard_avoidances,0
68.000,min_hazard_distance_m,7.644261516703386
68.000,q_convergence,0.954093182662174
69.000,anomalies_detected,0
69.000,anomalies_unique,0
69.000,mission_duration_s,24.944000000000003
69.000,distance_traveled_m,6.375010910554685
69.000,route_deviations,0
69.000,investigation_time_s,0.0
69.000,hazard_avoidances,0
69.000,min_hazard_distance_m,7.449305160189504
69.000,q_convergence,0.8873294210275617
70.000,anomalies_detected,0
70.000,anomalies_unique,0
70.000,mission_duration_s,25.944000000000003
70.000,distance_traveled_m,6.637090886981676
70.000,route_deviations,0
70.000,investigation_time_s,0.0
70.000,hazard_avoidances,0
70.000,min_hazard_distance_m,7.252572908600037
70.000,q_convergence,0.7731158919721317
71.000,anomalies_detected,0
71.000,anomalies_unique,0
71.000,mission_duration_s,26.944000000000003
71.000,distance_traveled_m,6.899170859196699
71.000,route_deviations,0
71.000,investigation_time_s,0.0
71.000,hazard_avoidances,0
71.000,min_hazard_distance_m,7.065896150845872
71.000,q_convergence,0.6718786818220268
72.000,anomalies_detected,0
72.000,anomalies_unique,0
72.000,mission_duration_s,27.944000000000003
72.000,distance_traveled_m,7.151890835892474
72.000,route_deviations,0
72.000,investigation_time_s,0.0
72.000,hazard_avoidances,0
72.000,min_hazard_distance_m,6.890527426092883
72.000,q_convergence,1.036368731562349
73.000,anomalies_detected,0
73.000,anomalies_unique,0
73.000,mission_duration_s,28.944000000000003
73.000,distance_traveled_m,7.413970804962013
73.000,route_deviations,0
73.000,investigation_time_s,0.0
73.000,hazard_avoidances,0
73.000,min_hazard_distance_m,6.717108608587696
73.000,q_convergence,0.8697154889100347
74.000,anomalies_detected,0
74.000,anomalies_unique,0
74.000,mission_duration_s,29.944000000000003
74.000,distance_traveled_m,7.676050754658339
74.000,route_deviations,0
74.000,investigation_time_s,0.0
74.000,hazard_avoidances,0
74.000,min_hazard_distance_m,6.549123357542053
74.000,q_convergence,0.7577691554417364
75.000,anomalies_detected,0
75.000,anomalies_unique,0
75.000,mission_duration_s,30.944000000000003
75.000,distance_traveled_m,7.938130736405276
75.000,route_deviations,0
75.000,investigation_time_s,0.0
75.000,hazard_avoidances,0
75.000,min_hazard_distance_m,6.380471585422782
75.000,q_convergence,0.658541554468443
76.000,anomalies_detected,0
76.000,anomalies_unique,0
76.000,mission_duration_s,31.944000000000003
76.000,distance_traveled_m,8.200210721973951
76.000,route_deviations,0
76.000,investigation_time_s,0.0
76.000,hazard_avoidances,0
76.000,min_hazard_distance_m,6.214122574239872
76.000,q_convergence,1.0793738602788183
77.000,anomalies_detected,0
77.000,anomalies_unique,0
77.000,mission_duration_s,32.944
77.000,distance_traveled_m,8.452930714019706
77.000,route_deviations,0
77.000,investigation_time_s,0.0
77.000,hazard_avoidances,0
77.000,min_hazard_distance_m,6.05527927131644
77.000,q_convergence,0.8503663502535874
78.000,anomalies_detected,0
78.000,anomalies_unique,0
78.000,mission_duration_s,33.944
78.000,distance_traveled_m,8.715010712270617
78.000,route_deviations,0
78.000,investigation_time_s,0.0
78.000,hazard_avoidances,0
78.000,min_hazard_distance_m,5.895170359074055
78.000,q_convergence,0.7408252707767923
79.000,anomalies_detected,0
79.000,anomalies_unique,0
79.000,mission_duration_s,34.944
79.000,distance_traveled_m,8.977090710389666
79.000,route_deviations,0
79.000,investigation_time_s,0.0
79.000,hazard_avoidances,0
79.000,min_hazard_distance_m,5.742188108849923
79.000,q_convergence,0.6454691757530556
80.000,anomalies_detected,0
80.000,anomalies_unique,0
80.000,mission_duration_s,35.944
80.000,distance_traveled_m,9.239170707946345
80.000,route_deviations,0
80.000,investigation_time_s,0.0
80.000,hazard_avoidances,0
80.000,min_hazard_distance_m,5.596892538011382
80.000,q_convergence,1.1215253157145795
81.000,anomalies_detected,0
81.000,anomalies_unique,0
81.000,mission_duration_s,36.944
81.000,distance_traveled_m,9.491890706630375
81.000,route_deviations,0
81.000,investigation_time_s,0.0
81.000,hazard_avoidances,0
81.000,min_hazard_distance_m,5.464420229339327
81.000,q_convergence,0.8334861535493575
82.000,anomalies_detected,0
82.000,anomalies_unique,0
82.000,mission_duration_s,37.944
82.000,distance_traveled_m,9.753970703640933
82.000,route_deviations,0
82.000,investigation_time_s,0.0
82.000,hazard_avoidances,0
82.000,min_hazard_distance_m,5.3363073910563665
82.000,q_convergence,0.7261195192022535
83.000,anomalies_detected,0
83.000,anomalies_unique,0
83.000,mission_duration_s,38.944
83.000,distance_traveled_m,10.016050702083106
83.000,route_deviations,0
83.000,investigation_time_s,0.0
83.000,hazard_avoidances,0
83.000,min_hazard_distance_m,5.218032447718177
83.000,q_convergence,0.6326562902831879
84.000,anomalies_detected,0
84.000,anomalies_unique,0
84.000,mission_duration_s,39.944
84.000,distance_traveled_m,10.27813070027946
84.000,route_deviations,0
84.000,investigation_time_s,0.0
84.000,hazard_avoidances,0
84.000,min_hazard_distance_m,5.110887571165711
84.000,q_convergence,1.1628400437105577
85.000,anomalies_detected,0
85.000,anomalies_unique,0
85.000,mission_duration_s,40.944
85.000,distance_traveled_m,10.540210697778557
85.000,route_deviations,0
85.000,investigation_time_s,0.0
85.000,hazard_avoidances,0
85.000,min_hazard_distance_m,5.015675534424308
85.000,q_convergence,0.8169410371792546
86.000,anomalies_detected,0
86.000,anomalies_unique,0
86.000,mission_duration_s,41.944
86.000,distance_traveled_m,10.792930695110504
86.000,route_deviations,0
86.000,investigation_time_s,0.0
86.000,hazard_avoidances,0
86.000,min_hazard_distance_m,4.935171565420191
86.000,q_convergence,0.7099650555444826
87.000,anomalies_detected,0
87.000,anomalies_unique,0
87.000,mission_duration_s,42.944
87.000,distance_traveled_m,10.963640504254432
87.000,route_deviations,1
87.000,investigation_time_s,0.0
87.000,hazard_avoidances,1
87.000,min_hazard_distance_m,4.89325533619613
87.000,q_convergence,1.0469455035855284
88.000,anomalies_detected,0
88.000,anomalies_unique,0
88.000,mission_duration_s,43.944
88.000,distance_traveled_m,11.021086754385792
88.000,route_deviations,1
88.000,investigation_time_s,0.0
88.000,hazard_avoidances,1
88.000,min_hazard_distance_m,4.89325533619613
88.000,q_convergence,1.0517489981769323
89.000,anomalies_detected,0
89.000,anomalies_unique,0
89.000,mission_duration_s,44.944
89.000,distance_traveled_m,11.236217917002534
89.000,route_deviations,1
89.000,investigation_time_s,0.0
89.000,hazard_avoidances,1
89.000,min_hazard_distance_m,4.89325533619613
89.000,q_convergence,1.0857918107986655
90.000,anomalies_detected,0
90.000,anomalies_unique,0
90.000,mission_duration_s,45.944
90.000,distance_traveled_m,11.488937617168396
90.000,route_deviations,1
90.000,investigation_time_s,0.0
90.000,hazard_avoidances,1
90.000,min_hazard_distance_m,4.89325533619613
90.000,q_convergence,1.1184929657336091
91.000,anomalies_detected,0
91.000,anomalies_unique,0
91.000,mission_duration_s,46.944
91.000,distance_traveled_m,11.751017593921901
91.000,route_deviations,1
91.000,investigation_time_s,0.0
91.000,hazard_avoidances,1
91.000,min_hazard_distance_m,4.89325533619613
91.000,q_convergence,1.1328508756768079
92.000,anomalies_detected,0
92.000,anomalies_unique,0
92.000,mission_duration_s,47.944
92.000,distance_traveled_m,12.01309755714817
92.000,route_deviations,1
92.000,investigation_time_s,0.0
92.000,hazard_avoidances,1
92.000,min_hazard_distance_m,4.89325533619613
92.000,q_convergence,1.1138960954813732
93.000,anomalies_detected,0
93.000,anomalies_unique,0
93.000,mission_duration_s,48.944
93.000,distance_traveled_m,12.27438509790083
93.000,route_deviations,1
93.000,investigation_time_s,0.0
93.000,hazard_avoidances,1
93.000,min_hazard_distance_m,4.89325533619613
93.000,q_convergence,1.0205421004333397
94.000,anomalies_detected,0
94.000,anomalies_unique,0
94.000,mission_duration_s,49.944
94.000,distance_traveled_m,12.40920347597732
94.000,route_deviations,1
94.000,investigation_time_s,0.0
94.000,hazard_avoidances,1
94.000,min_hazard_distance_m,4.89325533619613
94.000,q_convergence,1.008685286428528
95.000,anomalies_detected,0
95.000,anomalies_unique,0
95.000,mission_duration_s,50.944
95.000,distance_traveled_m,12.55484998709591
95.000,route_deviations,1
95.000,investigation_time_s,0.0
95.000,hazard_avoidances,1
95.000,min_hazard_distance_m,4.89325533619613
95.000,q_convergence,1.0111459886638634
96.000,anomalies_detected,0
96.000,anomalies_unique,0
96.000,mission_duration_s,51.944
96.000,distance_traveled_m,12.613743456291324
96.000,route_deviations,1
96.000,investigation_time_s,0.0
96.000,hazard_avoidances,1
96.000,min_hazard_distance_m,4.89325533619613
96.000,q_convergence,1.0116280998812077
97.000,anomalies_detected,0
97.000,anomalies_unique,0
97.000,mission_duration_s,52.944
97.000,distance_traveled_m,12.854886803128831
97.000,route_deviations,1
97.000,investigation_time_s,0.0
97.000,hazard_avoidances,1
97.000,min_hazard_distance_m,4.89325533619613
97.000,q_convergence,1.006934213831759
98.000,anomalies_detected,0
98.000,anomalies_unique,0
98.000,mission_duration_s,53.944
98.000,distance_traveled_m,13.116966592340967
98.000,route_deviations,1
98.000,investigation_time_s,0.0
98.000,hazard_avoidances,1
98.000,min_hazard_distance_m,4.89325533619613
98.000,q_convergence,0.9908773605884779
99.000,anomalies_detected,0
99.000,anomalies_unique,0
99.000,mission_duration_s,54.944
99.000,distance_traveled_m,13.36968657942481
99.000,route_deviations,1
99.000,investigation_time_s,0.0
99.000,hazard_avoidances,1
99.000,min_hazard_distance_m,4.89325533619613
99.000,q_convergence,0.9623763758254634
100.000,anomalies_detected,0
100.000,anomalies_unique,0
100.000,mission_duration_s,55.944
100.000,distance_traveled_m,13.631766578889264
100.000,route_deviations,1
100.000,investigation_time_s,0.0
100.000,hazard_avoidances,1
100.000,min_hazard_distance_m,4.89325533619613
100.000,q_convergence,0.9368766721187649
101.000,anomalies_detected,0
101.000,anomalies_unique,0
101.000,mission_duration_s,56.944
101.000,distance_traveled_m,13.893846578670269
101.000,route_deviations,1
101.000,investigation_time_s,0.0
101.000,hazard_avoidances,1
101.000,min_hazard_distance_m,4.89325533619613
101.000,q_convergence,0.8887643779188844
102.000,anomalies_detected,0
102.000,anomalies_unique,0
102.000,mission_duration_s,57.944
102.000,distance_traveled_m,14.155926578551448
102.000,route_deviations,1
102.000,investigation_time_s,0.0
102.000,hazard_avoidances,1
102.000,min_hazard_distance_m,4.89325533619613
102.000,q_convergence,0.9119819258750115
103.000,anomalies_detected,0
103.000,anomalies_unique,0
103.000,mission_duration_s,58.944
103.000,distance_traveled_m,14.418006578505352
103.000,route_deviations,1
103.000,investigation_time_s,0.0
103.000,hazard_avoidances,1
103.000,min_hazard_distance_m,4.89325533619613
103.000,q_convergence,0.959204989537062
104.000,anomalies_detected,0
104.000,anomalies_unique,0
104.000,mission_duration_s,59.944
104.000,distance_traveled_m,14.670726578441794
104.000,route_deviations,1
104.000,investigation_time_s,0.0
104.000,hazard_avoidances,1
104.000,min_hazard_distance_m,4.89325533619613
104.000,q_convergence,0.886873503742821
105.000,anomalies_detected,0
105.000,anomalies_unique,0
105.000,mission_duration_s,60.944
105.000,distance_traveled_m,14.932806578363985
105.000,route_deviations,1
105.000,investigation_time_s,0.0
105.000,hazard_avoidances,1
105.000,min_hazard_distance_m,4.89325533619613
105.000,q_convergence,0.8212302257345762
106.000,anomalies_detected,0
106.000,anomalies_unique,0
106.000,mission_duration_s,61.944
106.000,distance_traveled_m,15.194886578302865
106.000,route_deviations,1
106.000,investigation_time_s,0.0
106.000,hazard_avoidances,1
106.000,min_hazard_distance_m,4.89325533619613
106.000,q_convergence,0.9293764472747776
107.000,anomalies_detected,0
107.000,anomalies_unique,0
107.000,mission_duration_s,62.944
107.000,distance_traveled_m,15.456966578249839
107.000,route_deviations,1
107.000,investigation_time_s,0.0
107.000,hazard_avoidances,1
107.000,min_hazard_distance_m,4.89325533619613
107.000,q_convergence,0.9379970642740281
108.000,anomalies_detected,0
108.000,anomalies_unique,0
108.000,mission_duration_s,63.944
108.000,distance_traveled_m,15.70968657820865
108.000,route_deviations,1
108.000,investigation_time_s,0.0
108.000,hazard_avoidances,1
108.000,min_hazard_distance_m,4.89325533619613
108.000,q_convergence,0.8508082075401525
109.000,anomalies_detected,0
109.000,anomalies_unique,0
109.000,mission_duration_s,64.944
109.000,distance_traveled_m,15.971766578135066
109.000,route_deviations,1
109.000,investigation_time_s,0.0
109.000,hazard_avoidances,1
109.000,min_hazard_distance_m,4.89325533619613
109.000,q_convergence,0.7710570035430864
110.000,anomalies_detected,0
110.000,anomalies_unique,0
110.000,mission_duration_s,65.944
110.000,distance_traveled_m,16.23384657802726
110.000,route_deviations,1
110.000,investigation_time_s,0.0
110.000,hazard_avoidances,1
110.000,min_hazard_distance_m,4.89325533619613
110.000,q_convergence,0.9608773396659067
111.000,anomalies_detected,0
111.000,anomalies_unique,0
111.000,mission_duration_s,66.944
111.000,distance_traveled_m,16.495926577946033
111.000,route_deviations,1
111.000,investigation_time_s,0.0
111.000,hazard_avoidances,1
111.000,min_hazard_distance_m,4.89325533619613
111.000,q_convergence,0.9145124287382662
112.000,anomalies_detected,0
112.000,anomalies_unique,0
112.000,mission_duration_s,67.944
112.000,distance_traveled_m,16.758006577897707
112.000,route_deviations,1
112.000,investigation_time_s,0.0
112.000,hazard_avoidances,1
112.000,min_hazard_distance_m,4.89325533619613
112.000,q_convergence,0.8166465966378598
113.000,anomalies_detected,0
113.000,anomalies_unique,0
113.000,mission_duration_s,68.944
113.000,distance_traveled_m,17.010726577857238
113.000,route_deviations,1
113.000,investigation_time_s,0.0
113.000,hazard_avoidances,1
113.000,min_hazard_distance_m,4.89325533619613
113.000,q_convergence,0.7298012587456092
114.000,anomalies_detected,0
114.000,anomalies_unique,0
114.000,mission_duration_s,69.944
114.000,distance_traveled_m,17.272806577774244
114.000,route_deviations,1
114.000,investigation_time_s,0.0
114.000,hazard_avoidances,1
114.000,min_hazard_distance_m,4.89325533619613
114.000,q_convergence,1.012412161788124
115.000,anomalies_detected,0
115.000,anomalies_unique,0
115.000,mission_duration_s,70.944
115.000,distance_traveled_m,17.534886577667493
115.000,route_deviations,1
115.000,investigation_time_s,0.0
115.000,hazard_avoidances,1
115.000,min_hazard_distance_m,4.89325533619613
115.000,q_convergence,0.8911939881826904
116.000,anomalies_detected,0
116.000,anomalies_unique,0
116.000,mission_duration_s,71.944
116.000,distance_traveled_m,17.796966577580147
116.000,route_deviations,1
116.000,investigation_time_s,0.0
116.000,hazard_avoidances,1
116.000,min_hazard_distance_m,4.89325533619613
116.000,q_convergence,0.7890113383588405
117.000,anomalies_detected,0
117.000,anomalies_unique,0
117.000,mission_duration_s,72.944
117.000,distance_traveled_m,18.049686577525684
117.000,route_deviations,1
117.000,investigation_time_s,0.0
117.000,hazard_avoidances,1
117.000,min_hazard_distance_m,4.89325533619613
117.000,q_convergence,0.6991339171952096
118.000,anomalies_detected,0
118.000,anomalies_unique,0
118.000,mission_duration_s,73.944
118.000,distance_traveled_m,18.3117665774811
118.000,route_deviations,1
118.000,investigation_time_s,0.0
118.000,hazard_avoidances,1
118.000,min_hazard_distance_m,4.89325533619613
118.000,q_convergence,1.0583743577270928
119.000,anomalies_detected,0
119.000,anomalies_unique,0
119.000,mission_duration_s,74.944
119.000,distance_traveled_m,18.573846577405632
119.000,route_deviations,1
119.000,investigation_time_s,0.0
119.000,hazard_avoidances,1
119.000,min_hazard_distance_m,4.89325533619613
119.000,q_convergence,0.8713127675516507
120.000,anomalies_detected,0
120.000,anomalies_unique,0
120.000,mission_duration_s,75.944
120.000,distance_traveled_m,18.835926577206372
120.000,route_deviations,1
120.000,investigation_time_s,0.0
120.000,hazard_avoidances,1
120.000,min_hazard_distance_m,4.89325533619613
120.000,q_convergence,0.7677051660189419
121.000,anomalies_detected,0
121.000,anomalies_unique,0
121.000,mission_duration_s,76.944
121.000,distance_traveled_m,19.09800657712703
121.000,route_deviations,1
121.000,investigation_time_s,0.0
121.000,hazard_avoidances,1
121.000,min_hazard_distance_m,4.89325533619613
121.000,q_convergence,0.6768877774037253
122.000,anomalies_detected,0
122.000,anomalies_unique,0
122.000,mission_duration_s,77.944
122.000,distance_traveled_m,19.350726577052193
122.000,route_deviations,1
122.000,investigation_time_s,0.0
122.000,hazard_avoidances,1
122.000,min_hazard_distance_m,4.89325533619613
122.000,q_convergence,1.0965850893866729
123.000,anomalies_detected,0
123.000,anomalies_unique,0
123.000,mission_duration_s,78.944
123.000,distance_traveled_m,19.612806576975604
123.000,route_deviations,1
123.000,investigation_time_s,0.0
123.000,hazard_avoidances,1
123.000,min_hazard_distance_m,4.89325533619613
123.000,q_convergence,0.8500027361595225
124.000,anomalies_detected,0
124.000,anomalies_unique,0
124.000,mission_duration_s,79.944
124.000,distance_traveled_m,19.874886576800122
124.000,route_deviations,1
124.000,investigation_time_s,0.0
124.000,hazard_avoidances,1
124.000,min_hazard_distance_m,4.89325533619613
124.000,q_convergence,0.7474810638811012
125.000,anomalies_detected,0
125.000,anomalies_unique,0
125.000,mission_duration_s,80.944
125.000,distance_traveled_m,20.136966576597207
125.000,route_deviations,1
125.000,investigation_time_s,0.0
125.000,hazard_avoidances,1
125.000,min_hazard_distance_m,4.89325533619613
125.000,q_convergence,0.6555646117442736
126.000,anomalies_detected,0
126.000,anomalies_unique,0
126.000,mission_duration_s,81.944
126.000,distance_traveled_m,20.389686576270083
126.000,route_deviations,1
126.000,investigation_time_s,0.0
126.000,hazard_avoidances,1
126.000,min_hazard_distance_m,4.89325533619613
126.000,q_convergence,1.1476576031882175
127.000,anomalies_detected,0
127.000,anomalies_unique,0
127.000,mission_duration_s,82.944
127.000,distance_traveled_m,20.651766575636284
127.000,route_deviations,1
127.000,investigation_time_s,0.0
127.000,hazard_avoidances,1
127.000,min_hazard_distance_m,4.89325533619613
127.000,q_convergence,0.8253784115511993
128.000,anomalies_detected,0
128.000,anomalies_unique,0
128.000,mission_duration_s,83.944
128.000,distance_traveled_m,20.91384657498593
128.000,route_deviations,1
128.000,investigation_time_s,0.0
128.000,hazard_avoidances,1
128.000,min_hazard_distance_m,4.89325533619613
128.000,q_convergence,0.7233686426359007
129.000,anomalies_detected,0
129.000,anomalies_unique,0
129.000,mission_duration_s,84.944
129.000,distance_traveled_m,21.175926572698724
129.000,route_deviations,1
129.000,investigation_time_s,0.0
129.000,hazard_avoidances,1
129.000,min_hazard_distance_m,4.89325533619613
129.000,q_convergence,0.9032003690905451
130.000,anomalies_detected,0
130.000,anomalies_unique,0
130.000,mission_duration_s,85.944
130.000,distance_traveled_m,21.438006566551593
130.000,route_deviations,1
130.000,investigation_time_s,0.0
130.000,hazard_avoidances,1
130.000,min_hazard_distance_m,4.89325533619613
130.000,q_convergence,0.9231454937078988
131.000,anomalies_detected,0
131.000,anomalies_unique,0
131.000,mission_duration_s,86.944
131.000,distance_traveled_m,21.690726559472953
131.000,route_deviations,1
131.000,investigation_time_s,0.0
131.000,hazard_avoidances,1
131.000,min_hazard_distance_m,4.89325533619613
131.000,q_convergence,0.8049085947331237
132.000,anomalies_detected,0
132.000,anomalies_unique,0
132.000,mission_duration_s,87.944
132.000,distance_traveled_m,21.952806543425282
132.000,route_deviations,1
132.000,investigation_time_s,0.0
132.000,hazard_avoidances,1
132.000,min_hazard_distance_m,4.89325533619613
132.000,q_convergence,0.7036129339093738
133.000,anomalies_detected,0
133.000,anomalies_unique,0
133.000,mission_duration_s,88.944
133.000,distance_traveled_m,22.214886476207877
133.000,route_deviations,1
133.000,investigation_time_s,0.0
133.000,hazard_avoidances,1
133.000,min_hazard_distance_m,4.89325533619613
133.000,q_convergence,0.947474105192155
134.000,anomalies_detected,0
134.000,anomalies_unique,0
134.000,mission_duration_s,89.944
134.000,distance_traveled_m,22.47696644304093
134.000,route_deviations,1
134.000,investigation_time_s,0.0
134.000,hazard_avoidances,1
134.000,min_hazard_distance_m,4.89325533619613
134.000,q_convergence,0.9044612275293724
135.000,anomalies_detected,0
135.000,anomalies_unique,0
135.000,mission_duration_s,90.944
135.000,distance_traveled_m,22.729686396359373
135.000,route_deviations,1
135.000,investigation_time_s,0.0
135.000,hazard_avoidances,1
135.000,min_hazard_distance_m,4.89325533619613
135.000,q_convergence,0.7876498601134372
136.000,anomalies_detected,0
136.000,anomalies_unique,0
136.000,mission_duration_s,91.944
136.000,distance_traveled_m,22.991766282040384
136.000,route_deviations,1
136.000,investigation_time_s,0.0
136.000,hazard_avoidances,1
136.000,min_hazard_distance_m,4.89325533619613
136.000,q_convergence,0.6876552742254107
137.000,anomalies_detected,0
137.000,anomalies_unique,0
137.000,mission_duration_s,92.944
137.000,distance_traveled_m,23.253846220987736
137.000,route_deviations,1
137.000,investigation_time_s,0.0
137.000,hazard_avoidances,1
137.000,min_hazard_distance_m,4.89325533619613
137.000,q_convergence,0.9810370963857958
138.000,anomalies_detected,0
138.000,anomalies_unique,0
138.000,mission_duration_s,93.944
138.000,distance_traveled_m,23.515926181658823
138.000,route_deviations,1
138.000,investigation_time_s,0.0
138.000,hazard_avoidances,1
138.000,min_hazard_distance_m,4.89325533619613
138.000,q_convergence,0.8905824071193107
139.000,anomalies_detected,0
139.000,anomalies_unique,0
139.000,mission_duration_s,94.944
139.000,distance_traveled_m,23.77800615072362
139.000,route_deviations,1
139.000,investigation_time_s,0.0
139.000,hazard_avoidances,1
139.000,min_hazard_distance_m,4.89325533619613
139.000,q_convergence,0.7750411770540955
140.000,anomalies_detected,0
140.000,anomalies_unique,0
140.000,mission_duration_s,95.944
140.000,distance_traveled_m,24.030726147739575
140.000,route_deviations,1
140.000,investigation_time_s,0.0
140.000,hazard_avoidances,1
140.000,min_hazard_distance_m,4.89325533619613
140.000,q_convergence,0.6745498840082467
141.000,anomalies_detected,0
141.000,anomalies_unique,0
141.000,mission_duration_s,96.944
141.000,distance_traveled_m,24.29280613313704
141.000,route_deviations,1
141.000,investigation_time_s,0.0
141.000,hazard_avoidances,1
141.000,min_hazard_distance_m,4.89325533619613
141.000,q_convergence,0.9980058012759213
142.000,anomalies_detected,0
142.000,anomalies_unique,0
142.000,mission_duration_s,97.944
142.000,distance_traveled_m,24.554886111530276
142.000,route_deviations,1
142.000,investigation_time_s,0.0
142.000,hazard_avoidances,1
142.000,min_hazard_distance_m,4.89325533619613
142.000,q_convergence,0.9081734672857811
143.000,anomalies_detected,0
143.000,anomalies_unique,0
143.000,mission_duration_s,98.944
143.000,distance_traveled_m,24.81696610872409
143.000,route_deviations,1
143.000,investigation_time_s,0.0
143.000,hazard_avoidances,1
143.000,min_hazard_distance_m,4.89325533619613
143.000,q_convergence,0.7899719470292708
144.000,anomalies_detected,0
144.000,anomalies_unique,0
144.000,mission_duration_s,99.944
144.000,distance_traveled_m,25.06933675836865
144.000,route_deviations,1
144.000,investigation_time_s,0.0
144.000,hazard_avoidances,1
144.000,min_hazard_distance_m,4.89325533619613
144.000,q_convergence,0.6871894328734859
145.000,anomalies_detected,0
145.000,anomalies_unique,0
145.000,mission_duration_s,100.944
145.000,distance_traveled_m,25.294889873048415
145.000,route_deviations,1
145.000,investigation_time_s,0.0
145.000,hazard_avoidances,1
145.000,min_hazard_distance_m,4.89325533619613
145.000,q_convergence,0.9936897624352663
146.000,anomalies_detected,0
146.000,anomalies_unique,0
146.000,mission_duration_s,101.944
146.000,distance_traveled_m,25.34815398729007
146.000,route_deviations,1
146.000,investigation_time_s,0.0
146.000,hazard_avoidances,1
146.000,min_hazard_distance_m,4.89325533619613
146.000,q_convergence,0.8900816396345188
147.000,anomalies_detected,0
147.000,anomalies_unique,0
147.000,mission_duration_s,102.944
147.000,distance_traveled_m,25.37883900347503
147.000,route_deviations,1
147.000,investigation_time_s,0.0
147.000,hazard_avoidances,1
147.000,min_hazard_distance_m,4.89325533619613
147.000,q_convergence,0.7740490917543231
148.000,anomalies_detected,0
148.000,anomalies_unique,0
148.000,mission_duration_s,103.944
148.000,distance_traveled_m,25.5645967089521
148.000,route_deviations,1
148.000,investigation_time_s,0.0
148.000,hazard_avoidances,1
148.000,min_hazard_distance_m,4.89325533619613
148.000,q_convergence,0.6731679378088626
149.000,anomalies_detected,0
149.000,anomalies_unique,0
149.000,mission_duration_s,104.944
149.000,distance_traveled_m,25.817316665042508
149.000,route_deviations,1
149.000,investigation_time_s,0.0
149.000,hazard_avoidances,1
149.000,min_hazard_distance_m,4.89325533619613
149.000,q_convergence,0.5854614429254088
150.000,anomalies_detected,0
150.000,anomalies_unique,0
150.000,mission_duration_s,105.944
150.000,distance_traveled_m,26.07939666484866
150.000,route_deviations,1
150.000,investigation_time_s,0.0
150.000,hazard_avoidances,1
150.000,min_hazard_distance_m,4.89325533619613
150.000,q_convergence,0.9587151828737395
151.000,anomalies_detected,0
151.000,anomalies_unique,0
151.000,mission_duration_s,106.944
151.000,distance_traveled_m,26.341476664749376
151.000,route_deviations,1
151.000,investigation_time_s,0.0
151.000,hazard_avoidances,1
151.000,min_hazard_distance_m,4.89325533619613
151.000,q_convergence,0.9031860921463484
152.000,anomalies_detected,0
152.000,anomalies_unique,0
152.000,mission_duration_s,107.944
152.000,distance_traveled_m,26.60355666461034
152.000,route_deviations,1
152.000,investigation_time_s,0.0
152.000,hazard_avoidances,1
152.000,min_hazard_distance_m,4.89325533619613
152.000,q_convergence,0.7849165789146013
153.000,anomalies_detected,0
153.000,anomalies_unique,0
153.000,mission_duration_s,108.944
153.000,distance_traveled_m,26.856276664546098
153.000,route_deviations,1
153.000,investigation_time_s,0.0
153.000,hazard_avoidances,1
153.000,min_hazard_distance_m,4.89325533619613
153.000,q_convergence,0.6821341041588714
154.000,anomalies_detected,0
154.000,anomalies_unique,0
154.000,mission_duration_s,109.944
154.000,distance_traveled_m,27.118356664499053
154.000,route_deviations,1
154.000,investigation_time_s,0.0
154.000,hazard_avoidances,1
154.000,min_hazard_distance_m,4.89325533619613
154.000,q_convergence,1.005651833603162
155.000,anomalies_detected,0
155.000,anomalies_unique,0
155.000,mission_duration_s,110.944
155.000,distance_traveled_m,27.38043666445202
155.000,route_deviations,1
155.000,investigation_time_s,0.0
155.000,hazard_avoidances,1
155.000,min_hazard_distance_m,4.89325533619613
155.000,q_convergence,0.8851592669899604
156.000,anomalies_detected,0
156.000,anomalies_unique,0
156.000,mission_duration_s,111.944
156.000,distance_traveled_m,27.64251666436804
156.000,route_deviations,1
156.000,investigation_time_s,0.0
156.000,hazard_avoidances,1
156.000,min_hazard_distance_m,4.89325533619613
156.000,q_convergence,0.769250312512271
157.000,anomalies_detected,0
157.000,anomalies_unique,0
157.000,mission_duration_s,112.944
157.000,distance_traveled_m,27.90459666430393
157.000,route_deviations,1
157.000,investigation_time_s,0.0
157.000,hazard_avoidances,1
157.000,min_hazard_distance_m,4.89325533619613
157.000,q_convergence,0.6685192884129167
158.000,anomalies_detected,0
158.000,anomalies_unique,0
158.000,mission_duration_s,113.944
158.000,distance_traveled_m,28.15731666421532
158.000,route_deviations,1
158.000,investigation_time_s,0.0
158.000,hazard_avoidances,1
158.000,min_hazard_distance_m,4.89325533619613
158.000,q_convergence,1.0472009851757345
159.000,anomalies_detected,0
159.000,anomalies_unique,0
159.000,mission_duration_s,114.944
159.000,distance_traveled_m,28.419396664169007
159.000,route_deviations,1
159.000,investigation_time_s,0.0
159.000,hazard_avoidances,1
159.000,min_hazard_distance_m,4.89325533619613
159.000,q_convergence,0.8653669114654845
160.000,anomalies_detected,0
160.000,anomalies_unique,0
160.000,mission_duration_s,115.944
160.000,distance_traveled_m,28.681476664122936
160.000,route_deviations,1
160.000,investigation_time_s,0.0
160.000,hazard_avoidances,1
160.000,min_hazard_distance_m,4.89325533619613
160.000,q_convergence,0.7539803096645278
161.000,anomalies_detected,0
161.000,anomalies_unique,0
161.000,mission_duration_s,116.944
161.000,distance_traveled_m,28.943556664044966
161.000,route_deviations,1
161.000,investigation_time_s,0.0
161.000,hazard_avoidances,1
161.000,min_hazard_distance_m,4.89325533619613
161.000,q_convergence,0.6552488466961007
162.000,anomalies_detected,0
162.000,anomalies_unique,0
162.000,mission_duration_s,117.944
162.000,distance_traveled_m,29.19627666390969
162.000,route_deviations,1
162.000,investigation_time_s,0.0
162.000,hazard_avoidances,1
162.000,min_hazard_distance_m,4.89325533619613
162.000,q_convergence,1.0899910882486215
163.000,anomalies_detected,0
163.000,anomalies_unique,0
163.000,mission_duration_s,118.944
163.000,distance_traveled_m,29.458356663846242
163.000,route_deviations,1
163.000,investigation_time_s,0.0
163.000,hazard_avoidances,1
163.000,min_hazard_distance_m,4.89325533619613
163.000,q_convergence,0.8481889461302933
164.000,anomalies_detected,0
164.000,anomalies_unique,0
164.000,mission_duration_s,119.944
164.000,distance_traveled_m,29.72043666378708
164.000,route_deviations,1
164.000,investigation_time_s,0.0
164.000,hazard_avoidances,1
164.000,min_hazard_distance_m,4.89325533619613
164.000,q_convergence,0.7390134239987697
165.000,anomalies_detected,0
165.000,anomalies_unique,0
165.000,mission_duration_s,120.944
165.000,distance_traveled_m,29.982516663742942
165.000,route_deviations,1
165.000,investigation_time_s,0.0
165.000,hazard_avoidances,1
165.000,min_hazard_distance_m,4.89325533619613
165.000,q_convergence,0.6422418298742903
166.000,anomalies_detected,0
166.000,anomalies_unique,0
166.000,mission_duration_s,121.944
166.000,distance_traveled_m,30.24459666366382
166.000,route_deviations,1
166.000,investigation_time_s,0.0
166.000,hazard_avoidances,1
166.000,min_hazard_distance_m,4.89325533619613
166.000,q_convergence,1.1319317864072036
167.000,anomalies_detected,0
167.000,anomalies_unique,0
167.000,mission_duration_s,122.944
167.000,distance_traveled_m,30.49731666351258
167.000,route_deviations,1
167.000,investigation_time_s,0.0
167.000,hazard_avoidances,1
167.000,min_hazard_distance_m,4.89325533619613
167.000,q_convergence,0.8293187227816107
168.000,anomalies_detected,0
168.000,anomalies_unique,0
168.000,mission_duration_s,123.944
168.000,distance_traveled_m,30.75939666344261
168.000,route_deviations,1
168.000,investigation_time_s,0.0
168.000,hazard_avoidances,1
168.000,min_hazard_distance_m,4.89325533619613
168.000,q_convergence,0.722488921606242
169.000,anomalies_detected,0
169.000,anomalies_unique,0
169.000,mission_duration_s,124.944
169.000,distance_traveled_m,31.021476663389098
169.000,route_deviations,1
169.000,investigation_time_s,0.0
169.000,hazard_avoidances,1
169.000,min_hazard_distance_m,4.89325533619613
169.000,q_convergence,0.8797023981628235
170.000,anomalies_detected,0
170.000,anomalies_unique,0
170.000,mission_duration_s,125.944
170.000,distance_traveled_m,31.283556663345866
170.000,route_deviations,1
170.000,investigation_time_s,0.0
170.000,hazard_avoidances,1
170.000,min_hazard_distance_m,4.89325533619613
170.000,q_convergence,0.9306590673747583
171.000,anomalies_detected,0
171.000,anomalies_unique,0
171.000,mission_duration_s,126.944
171.000,distance_traveled_m,31.53627666326977
171.000,route_deviations,1
171.000,investigation_time_s,0.0
171.000,hazard_avoidances,1
171.000,min_hazard_distance_m,4.89325533619613
171.000,q_convergence,0.8087920503333915
172.000,anomalies_detected,0
172.000,anomalies_unique,0
172.000,mission_duration_s,127.944
172.000,distance_traveled_m,31.798356663125265
172.000,route_deviations,1
172.000,investigation_time_s,0.0
172.000,hazard_avoidances,1
172.000,min_hazard_distance_m,4.89325533619613
172.000,q_convergence,0.7046064199408556
173.000,anomalies_detected,0
173.000,anomalies_unique,0
173.000,mission_duration_s,128.94400000000002
173.000,distance_traveled_m,32.06043666305095
173.000,route_deviations,1
173.000,investigation_time_s,0.0
173.000,hazard_avoidances,1
173.000,min_hazard_distance_m,4.89325533619613
173.000,q_convergence,0.9250067664320376
174.000,anomalies_detected,0
174.000,anomalies_unique,0
174.000,mission_duration_s,129.94400000000002
174.000,distance_traveled_m,32.32251666299464
174.000,route_deviations,1
174.000,investigation_time_s,0.0
174.000,hazard_avoidances,1
174.000,min_hazard_distance_m,4.89325533619613
174.000,q_convergence,0.912185020139498
175.000,anomalies_detected,0
175.000,anomalies_unique,0
175.000,mission_duration_s,130.94400000000002
175.000,distance_traveled_m,32.584596662950446
175.000,route_deviations,1
175.000,investigation_time_s,0.0
175.000,hazard_avoidances,1
175.000,min_hazard_distance_m,4.89325533619613
175.000,q_convergence,0.7927371242437437
176.000,anomalies_detected,0
176.000,anomalies_unique,0
176.000,mission_duration_s,131.94400000000002
176.000,distance_traveled_m,32.83731666287506
176.000,route_deviations,1
176.000,investigation_time_s,0.0
176.000,hazard_avoidances,1
176.000,min_hazard_distance_m,4.89325533619613
176.000,q_convergence,0.6889305725039605
177.000,anomalies_detected,0
177.000,anomalies_unique,0
177.000,mission_duration_s,132.94400000000002
177.000,distance_traveled_m,33.099396662788024
177.000,route_deviations,1
177.000,investigation_time_s,0.0
177.000,hazard_avoidances,1
177.000,min_hazard_distance_m,4.89325533619613
177.000,q_convergence,0.9823297629157322
178.000,anomalies_detected,0
178.000,anomalies_unique,0
178.000,mission_duration_s,133.94400000000002
178.000,distance_traveled_m,33.36147666273001
178.000,route_deviations,1
178.000,investigation_time_s,0.0
178.000,hazard_avoidances,1
178.000,min_hazard_distance_m,4.89325533619613
178.000,q_convergence,0.8940776919673346
179.000,anomalies_detected,0
179.000,anomalies_unique,0
179.000,mission_duration_s,134.94400000000002
179.000,distance_traveled_m,33.623556662681445
179.000,route_deviations,1
179.000,investigation_time_s,0.0
179.000,hazard_avoidances,1
179.000,min_hazard_distance_m,4.89325533619613
179.000,q_convergence,0.7770008964544038
180.000,anomalies_detected,0
180.000,anomalies_unique,0
180.000,mission_duration_s,135.94400000000002
180.000,distance_traveled_m,33.876276662632264
180.000,route_deviations,1
180.000,investigation_time_s,0.0
180.000,hazard_avoidances,1
180.000,min_hazard_distance_m,4.89325533619613
180.000,q_convergence,0.6752549566050522
181.000,anomalies_detected,0
181.000,anomalies_unique,0
181.000,mission_duration_s,136.94400000000002
181.000,distance_traveled_m,34.13835666255808
181.000,route_deviations,1
181.000,investigation_time_s,0.0
181.000,hazard_avoidances,1
181.000,min_hazard_distance_m,4.89325533619613
181.000,q_convergence,1.0287623167964584
182.000,anomalies_detected,0
182.000,anomalies_unique,0
182.000,mission_duration_s,137.94400000000002
182.000,distance_traveled_m,34.40043666245913
182.000,route_deviations,1
182.000,investigation_time_s,0.0
182.000,hazard_avoidances,1
182.000,min_hazard_distance_m,4.89325533619613
182.000,q_convergence,0.8763298033017355
183.000,anomalies_detected,0
183.000,anomalies_unique,0
183.000,mission_duration_s,138.94400000000002
183.000,distance_traveled_m,34.66251666237877
183.000,route_deviations,1
183.000,investigation_time_s,0.0
183.000,hazard_avoidances,1
183.000,min_hazard_distance_m,4.89325533619613
183.000,q_convergence,0.7615770406449613
184.000,anomalies_detected,0
184.000,anomalies_unique,0
184.000,mission_duration_s,139.94400000000002
184.000,distance_traveled_m,34.92459666232923
184.000,route_deviations,1
184.000,investigation_time_s,0.0
184.000,hazard_avoidances,1
184.000,min_hazard_distance_m,4.89325533619613
184.000,q_convergence,0.661850808510998
185.000,anomalies_detected,0
185.000,anomalies_unique,0
185.000,mission_duration_s,140.94400000000002
185.000,distance_traveled_m,35.17731666228782
185.000,route_deviations,1
185.000,investigation_time_s,0.0
185.000,hazard_avoidances,1
185.000,min_hazard_distance_m,4.89325533619613
185.000,q_convergence,1.0687032794046447
186.000,anomalies_detected,0
186.000,anomalies_unique,0
186.000,mission_duration_s,141.94400000000002
186.000,distance_traveled_m,35.439396662196856
186.000,route_deviations,1
186.000,investigation_time_s,0.0
186.000,hazard_avoidances,1
186.000,min_hazard_distance_m,4.89325533619613
186.000,q_convergence,0.8567348765236164
187.000,anomalies_detected,0
187.000,anomalies_unique,0
187.000,mission_duration_s,142.94400000000002
187.000,distance_traveled_m,35.70147666204799
187.000,route_deviations,1
187.000,investigation_time_s,0.0
187.000,hazard_avoidances,1
187.000,min_hazard_distance_m,4.89325533619613
187.000,q_convergence,0.7464593560756241
188.000,anomalies_detected,0
188.000,anomalies_unique,0
188.000,mission_duration_s,143.94400000000002
188.000,distance_traveled_m,35.96355666198184
188.000,route_deviations,1
188.000,investigation_time_s,0.0
188.000,hazard_avoidances,1
188.000,min_hazard_distance_m,4.89325533619613
188.000,q_convergence,0.6487127394503069
189.000,anomalies_detected,0
189.000,anomalies_unique,0
189.000,mission_duration_s,144.94400000000002
189.000,distance_traveled_m,36.21627666192348
189.000,route_deviations,1
189.000,investigation_time_s,0.0
189.000,hazard_avoidances,1
189.000,min_hazard_distance_m,4.89325533619613
189.000,q_convergence,1.1110665511993794
190.000,anomalies_detected,0
190.000,anomalies_unique,0
190.000,mission_duration_s,145.94400000000002
190.000,distance_traveled_m,36.478356661878706
190.000,route_deviations,1
190.000,investigation_time_s,0.0
190.000,hazard_avoidances,1
190.000,min_hazard_distance_m,4.89325533619613
190.000,q_convergence,0.8397282613926437
191.000,anomalies_detected,0
191.000,anomalies_unique,0
191.000,mission_duration_s,146.94400000000002
191.000,distance_traveled_m,36.740436661794256
191.000,route_deviations,1
191.000,investigation_time_s,0.0
191.000,hazard_avoidances,1
191.000,min_hazard_distance_m,4.89325533619613
191.000,q_convergence,0.7316417650943821
192.000,anomalies_detected,0
192.000,anomalies_unique,0
192.000,mission_duration_s,147.94400000000002
192.000,distance_traveled_m,37.00251666165878
192.000,route_deviations,1
192.000,investigation_time_s,0.0
192.000,hazard_avoidances,1
192.000,min_hazard_distance_m,4.89325533619613
192.000,q_convergence,1.1607301263431804
193.000,anomalies_detected,0
193.000,anomalies_unique,0
193.000,mission_duration_s,148.94400000000002
193.000,distance_traveled_m,37.26459666159258
193.000,route_deviations,1
193.000,investigation_time_s,0.0
193.000,hazard_avoidances,1
193.000,min_hazard_distance_m,4.89325533619613
193.000,q_convergence,1.1607301263431804
194.000,anomalies_detected,0
194.000,anomalies_unique,0
194.000,mission_duration_s,149.94400000000002
194.000,distance_traveled_m,37.51731666154459
194.000,route_deviations,1
194.000,investigation_time_s,0.0
194.000,hazard_avoidances,1
194.000,min_hazard_distance_m,4.89325533619613
194.000,q_convergence,0.8169410371792546
195.000,anomalies_detected,0
195.000,anomalies_unique,0
195.000,mission_duration_s,150.94400000000002
195.000,distance_traveled_m,37.77939666149808
195.000,route_deviations,1
195.000,investigation_time_s,0.0
195.000,hazard_avoidances,1
195.000,min_hazard_distance_m,4.89325533619613
195.000,q_convergence,0.7117056841401536
196.000,anomalies_detected,0
196.000,anomalies_unique,0
196.000,mission_duration_s,151.94400000000002
196.000,distance_traveled_m,38.04147666142531
196.000,route_deviations,1
196.000,investigation_time_s,0.0
196.000,hazard_avoidances,1
196.000,min_hazard_distance_m,4.89325533619613
196.000,q_convergence,0.9020566575349103
197.000,anomalies_detected,0
197.000,anomalies_unique,0
197.000,mission_duration_s,152.94400000000002
197.000,distance_traveled_m,38.30355666129976
197.000,route_deviations,1
197.000,investigation_time_s,0.0
197.000,hazard_avoidances,1
197.000,min_hazard_distance_m,4.89325533619613
197.000,q_convergence,0.9213757431776953
198.000,anomalies_detected,0
198.000,anomalies_unique,0
198.000,mission_duration_s,153.94400000000002
198.000,distance_traveled_m,38.556276661239565
198.000,route_deviations,1
198.000,investigation_time_s,0.0
198.000,hazard_avoidances,1
198.000,min_hazard_distance_m,4.89325533619613
198.000,q_convergence,0.800724349631316
199.000,anomalies_detected,0
199.000,anomalies_unique,0
199.000,mission_duration_s,154.94400000000002
199.000,distance_traveled_m,38.81835666119144
199.000,route_deviations,1
199.000,investigation_time_s,0.0
199.000,hazard_avoidances,1
199.000,min_hazard_distance_m,4.89325533619613
199.000,q_convergence,0.6975779709019457
200.000,anomalies_detected,0
200.000,anomalies_unique,0
200.000,mission_duration_s,155.94400000000002
200.000,distance_traveled_m,39.08043666114564
200.000,route_deviations,1
200.000,investigation_time_s,0.0
200.000,hazard_avoidances,1
200.000,min_hazard_distance_m,4.89325533619613
200.000,q_convergence,0.947727947992916
201.000,anomalies_detected,0
201.000,anomalies_unique,0
201.000,mission_duration_s,156.94400000000002
201.000,distance_traveled_m,39.342516661061836
201.000,route_deviations,1
201.000,investigation_time_s,0.0
201.000,hazard_avoidances,1
201.000,min_hazard_distance_m,4.89325533619613
201.000,q_convergence,0.9030859745636065
202.000,anomalies_detected,0
202.000,anomalies_unique,0
202.000,mission_duration_s,157.94400000000002
202.000,distance_traveled_m,39.604596660986914
202.000,route_deviations,1
202.000,investigation_time_s,0.0
202.000,hazard_avoidances,1
202.000,min_hazard_distance_m,4.89325533619613
202.000,q_convergence,1.137316423481937
203.000,anomalies_detected,0
203.000,anomalies_unique,0
203.000,mission_duration_s,158.94400000000002
203.000,distance_traveled_m,39.85731666090383
203.000,route_deviations,1
203.000,investigation_time_s,0.0
203.000,hazard_avoidances,1
203.000,min_hazard_distance_m,4.89325533619613
203.000,q_convergence,1.1041228731849617
204.000,anomalies_detected,1
204.000,anomalies_unique,1
204.000,mission_duration_s,159.94400000000002
204.000,distance_traveled_m,40.119396660854854
204.000,route_deviations,2
204.000,investigation_time_s,0.8000000000000114
204.000,hazard_avoidances,1
204.000,min_hazard_distance_m,4.89325533619613
204.000,q_convergence,1.4984477948413129
205.000,anomalies_detected,1
205.000,anomalies_unique,1
205.000,mission_duration_s,160.94400000000002
205.000,distance_traveled_m,40.31016824782622
205.000,route_deviations,2
205.000,investigation_time_s,1.8000000000000114
205.000,hazard_avoidances,1
205.000,min_hazard_distance_m,4.89325533619613
205.000,q_convergence,1.142775077578477
206.000,anomalies_detected,1
206.000,anomalies_unique,1
206.000,mission_duration_s,161.94400000000002
206.000,distance_traveled_m,40.572247120712184
206.000,route_deviations,2
206.000,investigation_time_s,2.8000000000000114
206.000,hazard_avoidances,1
206.000,min_hazard_distance_m,4.89325533619613
206.000,q_convergence,0.7545627039930055
207.000,anomalies_detected,1
207.000,anomalies_unique,1
207.000,mission_duration_s,162.94400000000002
207.000,distance_traveled_m,40.82496711464511
207.000,route_deviations,2
207.000,investigation_time_s,3.8000000000000114
207.000,hazard_avoidances,1
207.000,min_hazard_distance_m,4.89325533619613
207.000,q_convergence,0.452970987882472
208.000,anomalies_detected,1
208.000,anomalies_unique,1
208.000,mission_duration_s,163.94400000000002
208.000,distance_traveled_m,41.087047090282525
208.000,route_deviations,2
208.000,investigation_time_s,4.800000000000011
208.000,hazard_avoidances,1
208.000,min_hazard_distance_m,4.89325533619613
208.000,q_convergence,1.4189300906222277
209.000,anomalies_detected,1
209.000,anomalies_unique,1
209.000,mission_duration_s,164.94400000000002
209.000,distance_traveled_m,41.349127017094666
209.000,route_deviations,2
209.000,investigation_time_s,5.800000000000011
209.000,hazard_avoidances,1
209.000,min_hazard_distance_m,4.89325533619613
209.000,q_convergence,1.2624254689123358
210.000,anomalies_detected,1
210.000,anomalies_unique,1
210.000,mission_duration_s,165.94400000000002
210.000,distance_traveled_m,41.61120697868768
210.000,route_deviations,2
210.000,investigation_time_s,6.800000000000011
210.000,hazard_avoidances,1
210.000,min_hazard_distance_m,4.89325533619613
210.000,q_convergence,1.0327361260763266
211.000,anomalies_detected,1
211.000,anomalies_unique,1
211.000,mission_duration_s,166.94400000000002
211.000,distance_traveled_m,41.87326659459234
211.000,route_deviations,2
211.000,investigation_time_s,7.800000000000011
211.000,hazard_avoidances,1
211.000,min_hazard_distance_m,4.89325533619613
211.000,q_convergence,1.3190679997804933
212.000,anomalies_detected,1
212.000,anomalies_unique,1
212.000,mission_duration_s,167.94400000000002
212.000,distance_traveled_m,42.12168356688363
212.000,route_deviations,2
212.000,investigation_time_s,8.800000000000011
212.000,hazard_avoidances,1
212.000,min_hazard_distance_m,4.89325533619613
212.000,q_convergence,0.8556232779507875
213.000,anomalies_detected,1
213.000,anomalies_unique,1
213.000,mission_duration_s,168.94400000000002
213.000,distance_traveled_m,42.15879290220936
213.000,route_deviations,2
213.000,investigation_time_s,9.800000000000011
213.000,hazard_avoidances,1
213.000,min_hazard_distance_m,4.89325533619613
213.000,q_convergence,1.133928720667083
214.000,anomalies_detected,1
214.000,anomalies_unique,1
214.000,mission_duration_s,169.94400000000002
214.000,distance_traveled_m,42.15879290262428
214.000,route_deviations,2
214.000,investigation_time_s,10.800000000000011
214.000,hazard_avoidances,1
214.000,min_hazard_distance_m,4.89325533619613
214.000,q_convergence,1.0335085753409916
215.000,anomalies_detected,1
215.000,anomalies_unique,1
215.000,mission_duration_s,170.94400000000002
215.000,distance_traveled_m,42.15879290270666
215.000,route_deviations,2
215.000,investigation_time_s,11.800000000000011
215.000,hazard_avoidances,1
215.000,min_hazard_distance_m,4.89325533619613
215.000,q_convergence,0.828047896858943
216.000,anomalies_detected,1
216.000,anomalies_unique,1
216.000,mission_duration_s,171.94400000000002
216.000,distance_traveled_m,42.158792902717245
216.000,route_deviations,2
216.000,investigation_time_s,12.0
216.000,hazard_avoidances,1
216.000,min_hazard_distance_m,4.89325533619613
216.000,q_convergence,0.6296411714122484
217.000,anomalies_detected,1
217.000,anomalies_unique,1
217.000,mission_duration_s,172.94400000000002
217.000,distance_traveled_m,42.29678637728379
217.000,route_deviations,2
217.000,investigation_time_s,12.0
217.000,hazard_avoidances,1
217.000,min_hazard_distance_m,4.89325533619613
217.000,q_convergence,0.472814324752897
218.000,anomalies_detected,1
218.000,anomalies_unique,1
218.000,mission_duration_s,173.94400000000002
218.000,distance_traveled_m,42.384464117471786
218.000,route_deviations,2
218.000,investigation_time_s,12.0
218.000,hazard_avoidances,1
218.000,min_hazard_distance_m,4.89325533619613
218.000,q_convergence,0.5526719876170726
219.000,anomalies_detected,1
219.000,anomalies_unique,1
219.000,mission_duration_s,174.94400000000002
219.000,distance_traveled_m,42.64593409751388
219.000,route_deviations,2
219.000,investigation_time_s,12.0
219.000,hazard_avoidances,1
219.000,min_hazard_distance_m,4.89325533619613
219.000,q_convergence,0.45921266210250744
220.000,anomalies_detected,1
220.000,anomalies_unique,1
220.000,mission_duration_s,175.94400000000002
220.000,distance_traveled_m,42.90801402223248
220.000,route_deviations,2
220.000,investigation_time_s,12.0
220.000,hazard_avoidances,1
220.000,min_hazard_distance_m,4.89325533619613
220.000,q_convergence,0.34382342359267953
221.000,anomalies_detected,1
221.000,anomalies_unique,1
221.000,mission_duration_s,176.94400000000002
221.000,distance_traveled_m,43.160733810839034
221.000,route_deviations,2
221.000,investigation_time_s,12.0
221.000,hazard_avoidances,1
221.000,min_hazard_distance_m,4.89325533619613
221.000,q_convergence,1.3607169935026988
222.000,anomalies_detected,1
222.000,anomalies_unique,1
222.000,mission_duration_s,177.94400000000002
222.000,distance_traveled_m,43.422813727069524
222.000,route_deviations,2
222.000,investigation_time_s,12.0
222.000,hazard_avoidances,1
222.000,min_hazard_distance_m,4.89325533619613
222.000,q_convergence,0.8737128265339401
223.000,anomalies_detected,1
223.000,anomalies_unique,1
223.000,mission_duration_s,178.94400000000002
223.000,distance_traveled_m,43.684893715992246
223.000,route_deviations,2
223.000,investigation_time_s,12.0
223.000,hazard_avoidances,1
223.000,min_hazard_distance_m,4.89325533619613
223.000,q_convergence,0.7218591088645235
224.000,anomalies_detected,1
224.000,anomalies_unique,1
224.000,mission_duration_s,179.94400000000002
224.000,distance_traveled_m,43.94697370829007
224.000,route_deviations,2
224.000,investigation_time_s,12.0
224.000,hazard_avoidances,1
224.000,min_hazard_distance_m,4.89325533619613
224.000,q_convergence,0.5933992902069575
225.000,anomalies_detected,1
225.000,anomalies_unique,1
225.000,mission_duration_s,180.94400000000002
225.000,distance_traveled_m,44.199475531861424
225.000,route_deviations,2
225.000,investigation_time_s,12.0
225.000,hazard_avoidances,1
225.000,min_hazard_distance_m,4.89325533619613
225.000,q_convergence,1.0989994337974587
226.000,anomalies_detected,1
226.000,anomalies_unique,1
226.000,mission_duration_s,181.94400000000002
226.000,distance_traveled_m,44.43727411907796
226.000,route_deviations,2
226.000,investigation_time_s,12.0
226.000,hazard_avoidances,1
226.000,min_hazard_distance_m,4.89325533619613
226.000,q_convergence,0.9957363695647373
227.000,anomalies_detected,1
227.000,anomalies_unique,1
227.000,mission_duration_s,182.94400000000002
227.000,distance_traveled_m,44.51154535482728
227.000,route_deviations,2
227.000,investigation_time_s,12.0
227.000,hazard_avoidances,1
227.000,min_hazard_distance_m,4.89325533619613
227.000,q_convergence,0.864485406933621
228.000,anomalies_detected,1
228.000,anomalies_unique,1
228.000,mission_duration_s,183.94400000000002
228.000,distance_traveled_m,44.57921847332687
228.000,route_deviations,2
228.000,investigation_time_s,12.0
228.000,hazard_avoidances,1
228.000,min_hazard_distance_m,4.89325533619613
228.000,q_convergence,0.7304435888264665
229.000,anomalies_detected,1
229.000,anomalies_unique,1
229.000,mission_duration_s,184.94400000000002
229.000,distance_traveled_m,44.58708870013175
229.000,route_deviations,2
229.000,investigation_time_s,12.0
229.000,hazard_avoidances,1
229.000,min_hazard_distance_m,4.89325533619613
229.000,q_convergence,0.6170801518232641
230.000,anomalies_detected,1
230.000,anomalies_unique,1
230.000,mission_duration_s,185.94400000000002
230.000,distance_traveled_m,44.62278628657769
230.000,route_deviations,2
230.000,investigation_time_s,12.0
230.000,hazard_avoidances,1
230.000,min_hazard_distance_m,4.89325533619613
230.000,q_convergence,0.5245402711668209
231.000,anomalies_detected,1
231.000,anomalies_unique,1
231.000,mission_duration_s,186.94400000000002
231.000,distance_traveled_m,44.814274084174464
231.000,route_deviations,2
231.000,investigation_time_s,12.0
231.000,hazard_avoidances,1
231.000,min_hazard_distance_m,4.89325533619613
231.000,q_convergence,0.4420638251092895
232.000,anomalies_detected,1
232.000,anomalies_unique,1
232.000,mission_duration_s,187.94400000000002
232.000,distance_traveled_m,45.07635370795895
232.000,route_deviations,2
232.000,investigation_time_s,12.0
232.000,hazard_avoidances,1
232.000,min_hazard_distance_m,4.89325533619613
232.000,q_convergence,0.37535824202194623
233.000,anomalies_detected,1
233.000,anomalies_unique,1
233.000,mission_duration_s,188.94400000000002
233.000,distance_traveled_m,45.338433697216345
233.000,route_deviations,2
233.000,investigation_time_s,12.0
233.000,hazard_avoidances,1
233.000,min_hazard_distance_m,4.89325533619613
233.000,q_convergence,0.3134078128102571
234.000,anomalies_detected,1
234.000,anomalies_unique,1
234.000,mission_duration_s,189.94400000000002
234.000,distance_traveled_m,45.59115366117554
234.000,route_deviations,2
234.000,investigation_time_s,12.0
234.000,hazard_avoidances,1
234.000,min_hazard_distance_m,4.89325533619613
234.000,q_convergence,0.7987719010688104
235.000,anomalies_detected,1
235.000,anomalies_unique,1
235.000,mission_duration_s,190.94400000000002
235.000,distance_traveled_m,45.853233614389985
235.000,route_deviations,2
235.000,investigation_time_s,12.0
235.000,hazard_avoidances,1
235.000,min_hazard_distance_m,4.89325533619613
235.000,q_convergence,0.9513767999448044
236.000,anomalies_detected,1
236.000,anomalies_unique,1
236.000,mission_duration_s,191.94400000000002
236.000,distance_traveled_m,46.11531333211023
236.000,route_deviations,2
236.000,investigation_time_s,12.0
236.000,hazard_avoidances,1
236.000,min_hazard_distance_m,4.89325533619613
236.000,q_convergence,0.8465864904079735
237.000,anomalies_detected,1
237.000,anomalies_unique,1
237.000,mission_duration_s,192.94400000000002
237.000,distance_traveled_m,46.37739259937031
237.000,route_deviations,2
237.000,investigation_time_s,12.0
237.000,hazard_avoidances,1
237.000,min_hazard_distance_m,4.89325533619613
237.000,q_convergence,0.7278687130998095
238.000,anomalies_detected,1
238.000,anomalies_unique,1
238.000,mission_duration_s,193.94400000000002
238.000,distance_traveled_m,46.63947177429955
238.000,route_deviations,2
238.000,investigation_time_s,12.0
238.000,hazard_avoidances,1
238.000,min_hazard_distance_m,4.89325533619613
238.000,q_convergence,0.6273495666949944
239.000,anomalies_detected,1
239.000,anomalies_unique,1
239.000,mission_duration_s,194.94400000000002
239.000,distance_traveled_m,46.892191279814874
239.000,route_deviations,2
239.000,investigation_time_s,12.0
239.000,hazard_avoidances,1
239.000,min_hazard_distance_m,4.89325533619613
239.000,q_convergence,0.5385191796695268
240.000,anomalies_detected,1
240.000,anomalies_unique,1
240.000,mission_duration_s,195.94400000000002
240.000,distance_traveled_m,47.154271089642414
240.000,route_deviations,2
240.000,investigation_time_s,12.0
240.000,hazard_avoidances,1
240.000,min_hazard_distance_m,4.89325533619613
240.000,q_convergence,1.2433242890959244
241.000,anomalies_detected,1
241.000,anomalies_unique,1
241.000,mission_duration_s,196.94400000000002
241.000,distance_traveled_m,47.41635103644115
241.000,route_deviations,2
241.000,investigation_time_s,12.0
241.000,hazard_avoidances,1
241.000,min_hazard_distance_m,4.89325533619613
241.000,q_convergence,0.9279403871168858
242.000,anomalies_detected,1
242.000,anomalies_unique,1
242.000,mission_duration_s,197.94400000000002
242.000,distance_traveled_m,47.67843102960891
242.000,route_deviations,2
242.000,investigation_time_s,12.0
242.000,hazard_avoidances,1
242.000,min_hazard_distance_m,4.89325533619613
242.000,q_convergence,0.801602465835094
243.000,anomalies_detected,1
243.000,anomalies_unique,1
243.000,mission_duration_s,198.94400000000002
243.000,distance_traveled_m,47.93115102401437
243.000,route_deviations,2
243.000,investigation_time_s,12.0
243.000,hazard_avoidances,1
243.000,min_hazard_distance_m,4.89325533619613
243.000,q_convergence,0.6934373251697323
244.000,anomalies_detected,1
244.000,anomalies_unique,1
244.000,mission_duration_s,199.94400000000002
244.000,distance_traveled_m,48.19323101841342
244.000,route_deviations,2
244.000,investigation_time_s,12.0
244.000,hazard_avoidances,1
244.000,min_hazard_distance_m,4.89325533619613
244.000,q_convergence,0.953668149942944
245.000,anomalies_detected,1
245.000,anomalies_unique,1
245.000,mission_duration_s,200.94400000000002
245.000,distance_traveled_m,48.455311017342154
245.000,route_deviations,2
245.000,investigation_time_s,12.0
245.000,hazard_avoidances,1
245.000,min_hazard_distance_m,4.89325533619613
245.000,q_convergence,0.9112170665099206
246.000,anomalies_detected,1
246.000,anomalies_unique,1
246.000,mission_duration_s,201.94400000000002
246.000,distance_traveled_m,48.717391016462905
246.000,route_deviations,2
246.000,investigation_time_s,12.0
246.000,hazard_avoidances,1
246.000,min_hazard_distance_m,4.89325533619613
246.000,q_convergence,0.7895855837143891
247.000,anomalies_detected,1
247.000,anomalies_unique,1
247.000,mission_duration_s,202.94400000000002
247.000,distance_traveled_m,48.979471015596516
247.000,route_deviations,2
247.000,investigation_time_s,12.0
247.000,hazard_avoidances,1
247.000,min_hazard_distance_m,4.89325533619613
247.000,q_convergence,0.6832273923353069
248.000,anomalies_detected,1
248.000,anomalies_unique,1
248.000,mission_duration_s,203.94400000000002
248.000,distance_traveled_m,49.232191014735584
248.000,route_deviations,2
248.000,investigation_time_s,12.0
248.000,hazard_avoidances,1
248.000,min_hazard_distance_m,4.89325533619613
248.000,q_convergence,1.0093443384901348
249.000,anomalies_detected,1
249.000,anomalies_unique,1
249.000,mission_duration_s,204.94400000000002
249.000,distance_traveled_m,49.49427101335956
249.000,route_deviations,2
249.000,investigation_time_s,12.0
249.000,hazard_avoidances,1
249.000,min_hazard_distance_m,4.89325533619613
249.000,q_convergence,0.8849872966390454
250.000,anomalies_detected,1
250.000,anomalies_unique,1
250.000,mission_duration_s,205.94400000000002
250.000,distance_traveled_m,49.756351012408345
250.000,route_deviations,2
250.000,investigation_time_s,12.0
250.000,hazard_avoidances,1
250.000,min_hazard_distance_m,4.89325533619613
250.000,q_convergence,0.7694344564394446
251.000,anomalies_detected,1
251.000,anomalies_unique,1
251.000,mission_duration_s,206.94400000000002
251.000,distance_traveled_m,50.01843101154074
251.000,route_deviations,2
251.000,investigation_time_s,12.0
251.000,hazard_avoidances,1
251.000,min_hazard_distance_m,4.89325533619613
251.000,q_convergence,0.6665375948430149
252.000,anomalies_detected,1
252.000,anomalies_unique,1
252.000,mission_duration_s,207.94400000000002
252.000,distance_traveled_m,50.271151010611405
252.000,route_deviations,2
252.000,investigation_time_s,12.0
252.000,hazard_avoidances,1
252.000,min_hazard_distance_m,4.89325533619613
252.000,q_convergence,1.05248743479718
253.000,anomalies_detected,1
253.000,anomalies_unique,1
253.000,mission_duration_s,208.94400000000002
253.000,distance_traveled_m,50.53323100966253
253.000,route_deviations,2
253.000,investigation_time_s,12.0
253.000,hazard_avoidances,1
253.000,min_hazard_distance_m,4.89325533619613
253.000,q_convergence,0.8666270093309402
254.000,anomalies_detected,1
254.000,anomalies_unique,1
254.000,mission_duration_s,209.94400000000002
254.000,distance_traveled_m,50.79531100863138
254.000,route_deviations,2
254.000,investigation_time_s,12.0
254.000,hazard_avoidances,1
254.000,min_hazard_distance_m,4.89325533619613
254.000,q_convergence,0.7538927490862087
255.000,anomalies_detected,1
255.000,anomalies_unique,1
255.000,mission_duration_s,210.94400000000002
255.000,distance_traveled_m,51.05739100773961
255.000,route_deviations,2
255.000,investigation_time_s,12.0
255.000,hazard_avoidances,1
255.000,min_hazard_distance_m,4.89325533619613
255.000,q_convergence,0.6536253560331927
256.000,anomalies_detected,1
256.000,anomalies_unique,1
256.000,mission_duration_s,211.94400000000002
256.000,distance_traveled_m,51.319471006881294
256.000,route_deviations,2
256.000,investigation_time_s,12.0
256.000,hazard_avoidances,1
256.000,min_hazard_distance_m,4.89325533619613
256.000,q_convergence,1.0940157978475835
257.000,anomalies_detected,1
257.000,anomalies_unique,1
257.000,mission_duration_s,212.94400000000002
257.000,distance_traveled_m,51.57219100602356
257.000,route_deviations,2
257.000,investigation_time_s,12.0
257.000,hazard_avoidances,1
257.000,min_hazard_distance_m,4.89325533619613
257.000,q_convergence,0.8467206165239757
258.000,anomalies_detected,1
258.000,anomalies_unique,1
258.000,mission_duration_s,213.94400000000002
258.000,distance_traveled_m,51.83427100505544
258.000,route_deviations,2
258.000,investigation_time_s,12.0
258.000,hazard_avoidances,1
258.000,min_hazard_distance_m,4.89325533619613
258.000,q_convergence,0.7367083296972233
259.000,anomalies_detected,1
259.000,anomalies_unique,1
259.000,mission_duration_s,214.94400000000002
259.000,distance_traveled_m,52.09635100395691
259.000,route_deviations,2
259.000,investigation_time_s,12.0
259.000,hazard_avoidances,1
259.000,min_hazard_distance_m,4.89325533619613
259.000,q_convergence,0.6410851263631316
260.000,anomalies_detected,1
260.000,anomalies_unique,1
260.000,mission_duration_s,215.94400000000002
260.000,distance_traveled_m,52.358431003025586
260.000,route_deviations,2
260.000,investigation_time_s,12.0
260.000,hazard_avoidances,1
260.000,min_hazard_distance_m,4.89325533619613
260.000,q_convergence,1.1346206351070316
261.000,anomalies_detected,1
261.000,anomalies_unique,1
261.000,mission_duration_s,216.94400000000002
261.000,distance_traveled_m,52.61115100219138
261.000,route_deviations,2
261.000,investigation_time_s,12.0
261.000,hazard_avoidances,1
261.000,min_hazard_distance_m,4.89325533619613
261.000,q_convergence,0.8295994283123161
262.000,anomalies_detected,1
262.000,anomalies_unique,1
262.000,mission_duration_s,217.94400000000002
262.000,distance_traveled_m,52.87323100124331
262.000,route_deviations,2
262.000,investigation_time_s,12.0
262.000,hazard_avoidances,1
262.000,min_hazard_distance_m,4.89325533619613
262.000,q_convergence,0.7214170465508405
263.000,anomalies_detected,1
263.000,anomalies_unique,1
263.000,mission_duration_s,218.94400000000002
263.000,distance_traveled_m,53.13531100035924
263.000,route_deviations,2
263.000,investigation_time_s,12.0
263.000,hazard_avoidances,1
263.000,min_hazard_distance_m,4.89325533619613
263.000,q_convergence,0.8669173607725285
264.000,anomalies_detected,1
264.000,anomalies_unique,1
264.000,mission_duration_s,219.94400000000002
264.000,distance_traveled_m,53.39739099934898
264.000,route_deviations,2
264.000,investigation_time_s,12.0
264.000,hazard_avoidances,1
264.000,min_hazard_distance_m,4.89325533619613
264.000,q_convergence,0.9353357461052848
265.000,anomalies_detected,1
265.000,anomalies_unique,1
265.000,mission_duration_s,220.94400000000002
265.000,distance_traveled_m,53.65947099845513
265.000,route_deviations,2
265.000,investigation_time_s,12.0
265.000,hazard_avoidances,1
265.000,min_hazard_distance_m,4.89325533619613
265.000,q_convergence,0.8128563319933584
266.000,anomalies_detected,1
266.000,anomalies_unique,1
266.000,mission_duration_s,221.94400000000002
266.000,distance_traveled_m,53.912190997578264
266.000,route_deviations,2
266.000,investigation_time_s,12.0
266.000,hazard_avoidances,1
266.000,min_hazard_distance_m,4.89325533619613
266.000,q_convergence,0.7064152302667603
267.000,anomalies_detected,1
267.000,anomalies_unique,1
267.000,mission_duration_s,222.94400000000002
267.000,distance_traveled_m,54.17427099654179
267.000,route_deviations,2
267.000,investigation_time_s,12.0
267.000,hazard_avoidances,1
267.000,min_hazard_distance_m,4.89325533619613
267.000,q_convergence,0.9229644429434094
268.000,anomalies_detected,1
268.000,anomalies_unique,1
268.000,mission_duration_s,223.94400000000002
268.000,distance_traveled_m,54.43635099549989
268.000,route_deviations,2
268.000,investigation_time_s,12.0
268.000,hazard_avoidances,1
268.000,min_hazard_distance_m,4.89325533619613
268.000,q_convergence,0.9167688644618069
269.000,anomalies_detected,1
269.000,anomalies_unique,1
269.000,mission_duration_s,224.94400000000002
269.000,distance_traveled_m,54.69843099358257
269.000,route_deviations,2
269.000,investigation_time_s,12.0
269.000,hazard_avoidances,1
269.000,min_hazard_distance_m,4.89325533619613
269.000,q_convergence,0.7967207278831593
270.000,anomalies_detected,1
270.000,anomalies_unique,1
270.000,mission_duration_s,225.94400000000002
270.000,distance_traveled_m,54.95115099213132
270.000,route_deviations,2
270.000,investigation_time_s,12.0
270.000,hazard_avoidances,1
270.000,min_hazard_distance_m,4.89325533619613
270.000,q_convergence,0.6923925351798598
271.000,anomalies_detected,1
271.000,anomalies_unique,1
271.000,mission_duration_s,226.94400000000002
271.000,distance_traveled_m,55.21323099039349
271.000,route_deviations,2
271.000,investigation_time_s,12.0
271.000,hazard_avoidances,1
271.000,min_hazard_distance_m,4.89325533619613
271.000,q_convergence,1.5969688093193795
272.000,anomalies_detected,1
272.000,anomalies_unique,1
272.000,mission_duration_s,227.94400000000002
272.000,distance_traveled_m,55.47531098767405
272.000,route_deviations,2
272.000,investigation_time_s,12.0
272.000,hazard_avoidances,1
272.000,min_hazard_distance_m,4.89325533619613
272.000,q_convergence,1.183849813511613
273.000,anomalies_detected,2
273.000,anomalies_unique,2
273.000,mission_duration_s,228.94400000000002
273.000,distance_traveled_m,55.66756599876865
273.000,route_deviations,3
273.000,investigation_time_s,12.800000000000011
273.000,hazard_avoidances,1
273.000,min_hazard_distance_m,4.89325533619613
273.000,q_convergence,0.8554006971218815
274.000,anomalies_detected,2
274.000,anomalies_unique,2
274.000,mission_duration_s,229.94400000000002
274.000,distance_traveled_m,55.83659496863828
274.000,route_deviations,3
274.000,investigation_time_s,13.800000000000011
274.000,hazard_avoidances,1
274.000,min_hazard_distance_m,4.89325533619613
274.000,q_convergence,1.792359055233994
275.000,anomalies_detected,2
275.000,anomalies_unique,2
275.000,mission_duration_s,230.94400000000002
275.000,distance_traveled_m,56.08931460778492
275.000,route_deviations,3
275.000,investigation_time_s,14.800000000000011
275.000,hazard_avoidances,1
275.000,min_hazard_distance_m,4.89325533619613
275.000,q_convergence,0.8262208489808615
276.000,anomalies_detected,2
276.000,anomalies_unique,2
276.000,mission_duration_s,231.94400000000002
276.000,distance_traveled_m,56.351394597631526
276.000,route_deviations,3
276.000,investigation_time_s,15.800000000000011
276.000,hazard_avoidances,1
276.000,min_hazard_distance_m,4.89325533619613
276.000,q_convergence,1.5049551074091416
277.000,anomalies_detected,2
277.000,anomalies_unique,2
277.000,mission_duration_s,232.94400000000002
277.000,distance_traveled_m,56.613474592634354
277.000,route_deviations,3
277.000,investigation_time_s,16.80000000000001
277.000,hazard_avoidances,1
277.000,min_hazard_distance_m,4.89325533619613
277.000,q_convergence,1.07207990780384
278.000,anomalies_detected,2
278.000,anomalies_unique,2
278.000,mission_duration_s,233.94400000000002
278.000,distance_traveled_m,56.875554586088334
278.000,route_deviations,3
278.000,investigation_time_s,17.80000000000001
278.000,hazard_avoidances,1
278.000,min_hazard_distance_m,4.89325533619613
278.000,q_convergence,0.7472603674349562
279.000,anomalies_detected,2
279.000,anomalies_unique,2
279.000,mission_duration_s,234.94400000000002
279.000,distance_traveled_m,57.12827458145649
279.000,route_deviations,3
279.000,investigation_time_s,18.80000000000001
279.000,hazard_avoidances,1
279.000,min_hazard_distance_m,4.89325533619613
279.000,q_convergence,1.3654268249275996
280.000,anomalies_detected,2
280.000,anomalies_unique,2
280.000,mission_duration_s,235.94400000000002
280.000,distance_traveled_m,57.39035457691462
280.000,route_deviations,3
280.000,investigation_time_s,19.80000000000001
280.000,hazard_avoidances,1
280.000,min_hazard_distance_m,4.89325533619613
280.000,q_convergence,1.0132094706676436
281.000,anomalies_detected,2
281.000,anomalies_unique,2
281.000,mission_duration_s,236.94400000000002
281.000,distance_traveled_m,57.65236208491132
281.000,route_deviations,3
281.000,investigation_time_s,20.80000000000001
281.000,hazard_avoidances,1
281.000,min_hazard_distance_m,4.89325533619613
281.000,q_convergence,1.2907854063918776
282.000,anomalies_detected,2
282.000,anomalies_unique,2
282.000,mission_duration_s,237.94400000000002
282.000,distance_traveled_m,57.763851625195
282.000,route_deviations,3
282.000,investigation_time_s,21.80000000000001
282.000,hazard_avoidances,1
282.000,min_hazard_distance_m,4.89325533619613
282.000,q_convergence,0.8771114239988892
283.000,anomalies_detected,2
283.000,anomalies_unique,2
283.000,mission_duration_s,238.94400000000002
283.000,distance_traveled_m,57.76385162521004
283.000,route_deviations,3
283.000,investigation_time_s,22.80000000000001
283.000,hazard_avoidances,1
283.000,min_hazard_distance_m,4.89325533619613
283.000,q_convergence,1.3014213750206374
284.000,anomalies_detected,2
284.000,anomalies_unique,2
284.000,mission_duration_s,239.94400000000002
284.000,distance_traveled_m,57.763851625213164
284.000,route_deviations,3
284.000,investigation_time_s,23.80000000000001
284.000,hazard_avoidances,1
284.000,min_hazard_distance_m,4.89325533619613
284.000,q_convergence,0.9046603217440865
285.000,anomalies_detected,2
285.000,anomalies_unique,2
285.000,mission_duration_s,240.94400000000002
285.000,distance_traveled_m,57.76385162521336
285.000,route_deviations,3
285.000,investigation_time_s,24.400000000000034
285.000,hazard_avoidances,1
285.000,min_hazard_distance_m,4.89325533619613
285.000,q_convergence,0.6928077587726521
286.000,anomalies_detected,2
286.000,anomalies_unique,2
286.000,mission_duration_s,241.94400000000002
286.000,distance_traveled_m,57.892931835494565
286.000,route_deviations,3
286.000,investigation_time_s,24.400000000000034
286.000,hazard_avoidances,1
286.000,min_hazard_distance_m,4.89325533619613
286.000,q_convergence,0.5228846230760323
287.000,anomalies_detected,2
287.000,anomalies_unique,2
287.000,mission_duration_s,242.94400000000002
287.000,distance_traveled_m,57.95918879051687
287.000,route_deviations,3
287.000,investigation_time_s,24.400000000000034
287.000,hazard_avoidances,1
287.000,min_hazard_distance_m,4.89325533619613
287.000,q_convergence,0.6912801296428543
288.000,anomalies_detected,2
288.000,anomalies_unique,2
288.000,mission_duration_s,243.94400000000002
288.000,distance_traveled_m,58.1891165110851
288.000,route_deviations,3
288.000,investigation_time_s,24.400000000000034
288.000,hazard_avoidances,1
288.000,min_hazard_distance_m,4.89325533619613
288.000,q_convergence,0.5463635832734871
289.000,anomalies_detected,2
289.000,anomalies_unique,2
289.000,mission_duration_s,244.94400000000002
289.000,distance_traveled_m,58.451196312816954
289.000,route_deviations,3
289.000,investigation_time_s,24.400000000000034
289.000,hazard_avoidances,1
289.000,min_hazard_distance_m,4.89325533619613
289.000,q_convergence,0.42364320192143495
290.000,anomalies_detected,2
290.000,anomalies_unique,2
290.000,mission_duration_s,245.94400000000002
290.000,distance_traveled_m,58.71327629802979
290.000,route_deviations,3
290.000,investigation_time_s,24.400000000000034
290.000,hazard_avoidances,1
290.000,min_hazard_distance_m,4.89325533619613
290.000,q_convergence,0.2774244981696113
291.000,anomalies_detected,2
291.000,anomalies_unique,2
291.000,mission_duration_s,246.94400000000002
291.000,distance_traveled_m,58.97535629657003
291.000,route_deviations,3
291.000,investigation_time_s,24.400000000000034
291.000,hazard_avoidances,1
291.000,min_hazard_distance_m,4.89325533619613
291.000,q_convergence,0.19084010422147837
292.000,anomalies_detected,2
292.000,anomalies_unique,2
292.000,mission_duration_s,247.94400000000002
292.000,distance_traveled_m,59.237436279032615
292.000,route_deviations,3
292.000,investigation_time_s,24.400000000000034
292.000,hazard_avoidances,1
292.000,min_hazard_distance_m,4.89325533619613
292.000,q_convergence,1.2595637310529892
293.000,anomalies_detected,2
293.000,anomalies_unique,2
293.000,mission_duration_s,248.94400000000002
293.000,distance_traveled_m,59.49015627457151
293.000,route_deviations,3
293.000,investigation_time_s,24.400000000000034
293.000,hazard_avoidances,1
293.000,min_hazard_distance_m,4.89325533619613
293.000,q_convergence,0.8980268589503871
294.000,anomalies_detected,2
294.000,anomalies_unique,2
294.000,mission_duration_s,249.94400000000002
294.000,distance_traveled_m,59.75223626943672
294.000,route_deviations,3
294.000,investigation_time_s,24.400000000000034
294.000,hazard_avoidances,1
294.000,min_hazard_distance_m,4.89325533619613
294.000,q_convergence,0.7545072356715384
295.000,anomalies_detected,2
295.000,anomalies_unique,2
295.000,mission_duration_s,250.94400000000002
295.000,distance_traveled_m,60.01431626633827
295.000,route_deviations,3
295.000,investigation_time_s,24.400000000000034
295.000,hazard_avoidances,1
295.000,min_hazard_distance_m,4.89325533619613
295.000,q_convergence,0.6215618845293344
296.000,anomalies_detected,2
296.000,anomalies_unique,2
296.000,mission_duration_s,251.94400000000002
296.000,distance_traveled_m,60.27639591538447
296.000,route_deviations,3
296.000,investigation_time_s,24.400000000000034
296.000,hazard_avoidances,1
296.000,min_hazard_distance_m,4.89325533619613
296.000,q_convergence,1.1786606197972704
297.000,anomalies_detected,2
297.000,anomalies_unique,2
297.000,mission_duration_s,252.94400000000002
297.000,distance_traveled_m,60.50086899372142
297.000,route_deviations,3
297.000,investigation_time_s,24.400000000000034
297.000,hazard_avoidances,1
297.000,min_hazard_distance_m,4.89325533619613
297.000,q_convergence,0.994901489523155
298.000,anomalies_detected,2
298.000,anomalies_unique,2
298.000,mission_duration_s,253.94400000000002
298.000,distance_traveled_m,60.55710217930204
298.000,route_deviations,3
298.000,investigation_time_s,24.400000000000034
298.000,hazard_avoidances,1
298.000,min_hazard_distance_m,4.89325533619613
298.000,q_convergence,0.8432665141524477
299.000,anomalies_detected,2
299.000,anomalies_unique,2
299.000,mission_duration_s,254.94400000000002
299.000,distance_traveled_m,60.63444000710096
299.000,route_deviations,3
299.000,investigation_time_s,24.400000000000034
299.000,hazard_avoidances,1
299.000,min_hazard_distance_m,4.89325533619613
299.000,q_convergence,0.7088387367495742
300.000,anomalies_detected,2
300.000,anomalies_unique,2
300.000,mission_duration_s,255.94400000000002
300.000,distance_traveled_m,60.767608516151384
300.000,route_deviations,3
300.000,investigation_time_s,24.400000000000034
300.000,hazard_avoidances,1
300.000,min_hazard_distance_m,4.89325533619613
300.000,q_convergence,0.5986389604611261
301.000,anomalies_detected,2
301.000,anomalies_unique,2
301.000,mission_duration_s,256.944
301.000,distance_traveled_m,60.859915406285474
301.000,route_deviations,3
301.000,investigation_time_s,24.400000000000034
301.000,hazard_avoidances,1
301.000,min_hazard_distance_m,4.89325533619613
301.000,q_convergence,0.4979499115913349
302.000,anomalies_detected,2
302.000,anomalies_unique,2
302.000,mission_duration_s,257.944
302.000,distance_traveled_m,61.03207624229646
302.000,route_deviations,3
302.000,investigation_time_s,24.400000000000034
302.000,hazard_avoidances,1
302.000,min_hazard_distance_m,4.89325533619613
302.000,q_convergence,0.41797231529077783
303.000,anomalies_detected,2
303.000,anomalies_unique,2
303.000,mission_duration_s,258.944
303.000,distance_traveled_m,61.29415542830168
303.000,route_deviations,3
303.000,investigation_time_s,24.400000000000034
303.000,hazard_avoidances,1
303.000,min_hazard_distance_m,4.89325533619613
303.000,q_convergence,0.34536506960092417
304.000,anomalies_detected,2
304.000,anomalies_unique,2
304.000,mission_duration_s,259.944
304.000,distance_traveled_m,61.55623542036719
304.000,route_deviations,3
304.000,investigation_time_s,24.400000000000034
304.000,hazard_avoidances,1
304.000,min_hazard_distance_m,4.89325533619613
304.000,q_convergence,0.28856831047791026
305.000,anomalies_detected,2
305.000,anomalies_unique,2
305.000,mission_duration_s,260.944
305.000,distance_traveled_m,61.81831541952494
305.000,route_deviations,3
305.000,investigation_time_s,24.400000000000034
305.000,hazard_avoidances,1
305.000,min_hazard_distance_m,4.89325533619613
305.000,q_convergence,0.23467007638643725
306.000,anomalies_detected,2
306.000,anomalies_unique,2
306.000,mission_duration_s,261.944
306.000,distance_traveled_m,62.07103537982854
306.000,route_deviations,3
306.000,investigation_time_s,24.400000000000034
306.000,hazard_avoidances,1
306.000,min_hazard_distance_m,4.89325533619613
306.000,q_convergence,1.4168624686356068
307.000,anomalies_detected,2
307.000,anomalies_unique,2
307.000,mission_duration_s,262.944
307.000,distance_traveled_m,62.33311537607886
307.000,route_deviations,3
307.000,investigation_time_s,24.400000000000034
307.000,hazard_avoidances,1
307.000,min_hazard_distance_m,4.89325533619613
307.000,q_convergence,0.8760239513850594
308.000,anomalies_detected,2
308.000,anomalies_unique,2
308.000,mission_duration_s,263.944
308.000,distance_traveled_m,62.59519536976749
308.000,route_deviations,3
308.000,investigation_time_s,24.400000000000034
308.000,hazard_avoidances,1
308.000,min_hazard_distance_m,4.89325533619613
308.000,q_convergence,0.7517799279042509
309.000,anomalies_detected,2
309.000,anomalies_unique,2
309.000,mission_duration_s,264.944
309.000,distance_traveled_m,62.85727536183624
309.000,route_deviations,3
309.000,investigation_time_s,24.400000000000034
309.000,hazard_avoidances,1
309.000,min_hazard_distance_m,4.89325533619613
309.000,q_convergence,0.6456252364687846
310.000,anomalies_detected,2
310.000,anomalies_unique,2
310.000,mission_duration_s,265.944
310.000,distance_traveled_m,63.11935536031708
310.000,route_deviations,3
310.000,investigation_time_s,24.400000000000034
310.000,hazard_avoidances,1
310.000,min_hazard_distance_m,4.89325533619613
310.000,q_convergence,0.9341773812417543
311.000,anomalies_detected,2
311.000,anomalies_unique,2
311.000,mission_duration_s,266.944
311.000,distance_traveled_m,63.37207535973087
311.000,route_deviations,3
311.000,investigation_time_s,24.400000000000034
311.000,hazard_avoidances,1
311.000,min_hazard_distance_m,4.89325533619613
311.000,q_convergence,0.921153996286623
312.000,anomalies_detected,2
312.000,anomalies_unique,2
312.000,mission_duration_s,267.944
312.000,distance_traveled_m,63.63415531738488
312.000,route_deviations,3
312.000,investigation_time_s,24.400000000000034
312.000,hazard_avoidances,1
312.000,min_hazard_distance_m,4.89325533619613
312.000,q_convergence,0.9324582975531267
313.000,anomalies_detected,2
313.000,anomalies_unique,2
313.000,mission_duration_s,268.944
313.000,distance_traveled_m,63.896235312316946
313.000,route_deviations,3
313.000,investigation_time_s,24.400000000000034
313.000,hazard_avoidances,1
313.000,min_hazard_distance_m,4.89325533619613
313.000,q_convergence,0.9442727144581454
314.000,anomalies_detected,2
314.000,anomalies_unique,2
314.000,mission_duration_s,269.944
314.000,distance_traveled_m,64.15831530621323
314.000,route_deviations,3
314.000,investigation_time_s,24.400000000000034
314.000,hazard_avoidances,1
314.000,min_hazard_distance_m,4.89325533619613
314.000,q_convergence,0.8158872910048082
315.000,anomalies_detected,2
315.000,anomalies_unique,2
315.000,mission_duration_s,270.944
315.000,distance_traveled_m,64.41103528046074
315.000,route_deviations,3
315.000,investigation_time_s,24.400000000000034
315.000,hazard_avoidances,1
315.000,min_hazard_distance_m,4.89325533619613
315.000,q_convergence,1.4762756723481185
316.000,anomalies_detected,2
316.000,anomalies_unique,2
316.000,mission_duration_s,271.944
316.000,distance_traveled_m,64.67311520214577
316.000,route_deviations,3
316.000,investigation_time_s,24.400000000000034
316.000,hazard_avoidances,1
316.000,min_hazard_distance_m,4.89325533619613
316.000,q_convergence,1.1328083076694935
317.000,anomalies_detected,3
317.000,anomalies_unique,3
317.000,mission_duration_s,272.944
317.000,distance_traveled_m,64.93519291638627
317.000,route_deviations,4
317.000,investigation_time_s,25.200000000000045
317.000,hazard_avoidances,1
317.000,min_hazard_distance_m,4.89325533619613
317.000,q_convergence,0.8218001042140042
318.000,anomalies_detected,3
318.000,anomalies_unique,3
318.000,mission_duration_s,273.944
318.000,distance_traveled_m,65.19727094771893
318.000,route_deviations,4
318.000,investigation_time_s,26.200000000000045
318.000,hazard_avoidances,1
318.000,min_hazard_distance_m,4.89325533619613
318.000,q_convergence,0.5377245852497908
319.000,anomalies_detected,3
319.000,anomalies_unique,3
319.000,mission_duration_s,274.944
319.000,distance_traveled_m,65.45935091556196
319.000,route_deviations,4
319.000,investigation_time_s,27.200000000000045
319.000,hazard_avoidances,1
319.000,min_hazard_distance_m,4.89325533619613
319.000,q_convergence,1.7234279352996733
320.000,anomalies_detected,3
320.000,anomalies_unique,3
320.000,mission_duration_s,275.944
320.000,distance_traveled_m,65.71207091332445
320.000,route_deviations,4
320.000,investigation_time_s,28.200000000000045
320.000,hazard_avoidances,1
320.000,min_hazard_distance_m,4.89325533619613
320.000,q_convergence,0.9846729553480947
321.000,anomalies_detected,3
321.000,anomalies_unique,3
321.000,mission_duration_s,276.944
321.000,distance_traveled_m,65.97415089219722
321.000,route_deviations,4
321.000,investigation_time_s,29.200000000000045
321.000,hazard_avoidances,1
321.000,min_hazard_distance_m,4.89325533619613
321.000,q_convergence,0.6783763832694194
322.000,anomalies_detected,3
322.000,anomalies_unique,3
322.000,mission_duration_s,277.944
322.000,distance_traveled_m,66.23623086707481
322.000,route_deviations,4
322.000,investigation_time_s,30.200000000000045
322.000,hazard_avoidances,1
322.000,min_hazard_distance_m,4.89325533619613
322.000,q_convergence,1.593531169679839
323.000,anomalies_detected,3
323.000,anomalies_unique,3
323.000,mission_duration_s,278.944
323.000,distance_traveled_m,66.49831083988454
323.000,route_deviations,4
323.000,investigation_time_s,31.200000000000045
323.000,hazard_avoidances,1
323.000,min_hazard_distance_m,4.89325533619613
323.000,q_convergence,1.2632266081481291
324.000,anomalies_detected,3
324.000,anomalies_unique,3
324.000,mission_duration_s,279.944
324.000,distance_traveled_m,66.72157176551781
324.000,route_deviations,4
324.000,investigation_time_s,32.200000000000045
324.000,hazard_avoidances,1
324.000,min_hazard_distance_m,4.89325533619613
324.000,q_convergence,1.1258734171870404
325.000,anomalies_detected,3
325.000,anomalies_unique,3
325.000,mission_duration_s,280.944
325.000,distance_traveled_m,66.72157176552415
325.000,route_deviations,4
325.000,investigation_time_s,33.200000000000045
325.000,hazard_avoidances,1
325.000,min_hazard_distance_m,4.89325533619613
325.000,q_convergence,0.8798476833942006
326.000,anomalies_detected,3
326.000,anomalies_unique,3
326.000,mission_duration_s,281.944
326.000,distance_traveled_m,66.72157176552415
326.000,route_deviations,4
326.000,investigation_time_s,34.200000000000045
326.000,hazard_avoidances,1
326.000,min_hazard_distance_m,4.89325533619613
326.000,q_convergence,0.6567599260832299
327.000,anomalies_detected,3
327.000,anomalies_unique,3
327.000,mission_duration_s,282.944
327.000,distance_traveled_m,66.72157176552415
327.000,route_deviations,4
327.000,investigation_time_s,35.200000000000045
327.000,hazard_avoidances,1
327.000,min_hazard_distance_m,4.89325533619613
327.000,q_convergence,0.4970156979894461
328.000,anomalies_detected,3
328.000,anomalies_unique,3
328.000,mission_duration_s,283.944
328.000,distance_traveled_m,66.72157176552415
328.000,route_deviations,4
328.000,investigation_time_s,35.200000000000045
328.000,hazard_avoidances,1
328.000,min_hazard_distance_m,4.89325533619613
328.000,q_convergence,0.33731494116040156
329.000,anomalies_detected,3
329.000,anomalies_unique,3
329.000,mission_duration_s,284.944
329.000,distance_traveled_m,66.81582739827083
329.000,route_deviations,4
329.000,investigation_time_s,35.200000000000045
329.000,hazard_avoidances,1
329.000,min_hazard_distance_m,4.89325533619613
329.000,q_convergence,0.21271922604882704
330.000,anomalies_detected,3
330.000,anomalies_unique,3
330.000,mission_duration_s,285.944
330.000,distance_traveled_m,67.0769968691873
330.000,route_deviations,4
330.000,investigation_time_s,35.200000000000045
330.000,hazard_avoidances,1
330.000,min_hazard_distance_m,4.89325533619613
330.000,q_convergence,0.11763629595432243
331.000,anomalies_detected,3
331.000,anomalies_unique,3
331.000,mission_duration_s,286.944
331.000,distance_traveled_m,67.3390768369479
331.000,route_deviations,4
331.000,investigation_time_s,35.200000000000045
331.000,hazard_avoidances,1
331.000,min_hazard_distance_m,4.89325533619613
331.000,q_convergence,0.04515888792096082
332.000,anomalies_detected,3
332.000,anomalies_unique,3
332.000,mission_duration_s,287.944
332.000,distance_traveled_m,67.60115683105025
332.000,route_deviations,4
332.000,investigation_time_s,35.200000000000045
332.000,hazard_avoidances,1
332.000,min_hazard_distance_m,4.89325533619613
332.000,q_convergence,0.01153661995902119
333.000,anomalies_detected,3
333.000,anomalies_unique,3
333.000,mission_duration_s,288.944
333.000,distance_traveled_m,67.85387682757376
333.000,route_deviations,4
333.000,investigation_time_s,35.200000000000045
333.000,hazard_avoidances,1
333.000,min_hazard_distance_m,4.89325533619613
333.000,q_convergence,1.5616063692878641
334.000,anomalies_detected,3
334.000,anomalies_unique,3
334.000,mission_duration_s,289.944
334.000,distance_traveled_m,68.11595682370728
334.000,route_deviations,4
334.000,investigation_time_s,35.200000000000045
334.000,hazard_avoidances,1
334.000,min_hazard_distance_m,4.89325533619613
334.000,q_convergence,1.0420197034216383
335.000,anomalies_detected,3
335.000,anomalies_unique,3
335.000,mission_duration_s,290.944
335.000,distance_traveled_m,68.37803681985915
335.000,route_deviations,4
335.000,investigation_time_s,35.200000000000045
335.000,hazard_avoidances,1
335.000,min_hazard_distance_m,4.89325533619613
335.000,q_convergence,0.9291429193896011
336.000,anomalies_detected,3
336.000,anomalies_unique,3
336.000,mission_duration_s,291.944
336.000,distance_traveled_m,68.64011680136102
336.000,route_deviations,4
336.000,investigation_time_s,35.200000000000045
336.000,hazard_avoidances,1
336.000,min_hazard_distance_m,4.89325533619613
336.000,q_convergence,0.7717892894259127
337.000,anomalies_detected,3
337.000,anomalies_unique,3
337.000,mission_duration_s,292.944
337.000,distance_traveled_m,68.90219677332692
337.000,route_deviations,4
337.000,investigation_time_s,35.200000000000045
337.000,hazard_avoidances,1
337.000,min_hazard_distance_m,4.89325533619613
337.000,q_convergence,1.1124532999439405
338.000,anomalies_detected,3
338.000,anomalies_unique,3
338.000,mission_duration_s,293.944
338.000,distance_traveled_m,69.15491675848013
338.000,route_deviations,4
338.000,investigation_time_s,35.200000000000045
338.000,hazard_avoidances,1
338.000,min_hazard_distance_m,4.89325533619613
338.000,q_convergence,0.8709019009078283
339.000,anomalies_detected,3
339.000,anomalies_unique,3
339.000,mission_duration_s,294.944
339.000,distance_traveled_m,69.41699674383307
339.000,route_deviations,4
339.000,investigation_time_s,35.200000000000045
339.000,hazard_avoidances,1
339.000,min_hazard_distance_m,4.89325533619613
339.000,q_convergence,0.7331895682903297
340.000,anomalies_detected,3
340.000,anomalies_unique,3
340.000,mission_duration_s,295.944
340.000,distance_traveled_m,69.67907671970313
340.000,route_deviations,4
340.000,investigation_time_s,35.200000000000045
340.000,hazard_avoidances,1
340.000,min_hazard_distance_m,4.89325533619613
340.000,q_convergence,0.6171921678979613
341.000,anomalies_detected,3
341.000,anomalies_unique,3
341.000,mission_duration_s,296.944
341.000,distance_traveled_m,69.9411566932538
341.000,route_deviations,4
341.000,investigation_time_s,35.200000000000045
341.000,hazard_avoidances,1
341.000,min_hazard_distance_m,4.89325533619613
341.000,q_convergence,1.0563398806260669
342.000,anomalies_detected,3
342.000,anomalies_unique,3
342.000,mission_duration_s,297.944
342.000,distance_traveled_m,70.19387668731403
342.000,route_deviations,4
342.000,investigation_time_s,35.200000000000045
342.000,hazard_avoidances,1
342.000,min_hazard_distance_m,4.89325533619613
342.000,q_convergence,0.8959498442268473
343.000,anomalies_detected,3
343.000,anomalies_unique,3
343.000,mission_duration_s,298.944
343.000,distance_traveled_m,70.45595667890544
343.000,route_deviations,4
343.000,investigation_time_s,35.200000000000045
343.000,hazard_avoidances,1
343.000,min_hazard_distance_m,4.89325533619613
343.000,q_convergence,0.7648607488641682
344.000,anomalies_detected,3
344.000,anomalies_unique,3
344.000,mission_duration_s,299.944
344.000,distance_traveled_m,70.71803664930249
344.000,route_deviations,4
344.000,investigation_time_s,35.200000000000045
344.000,hazard_avoidances,1
344.000,min_hazard_distance_m,4.89325533619613
344.000,q_convergence,1.0929831248803048
345.000,anomalies_detected,3
345.000,anomalies_unique,3
345.000,mission_duration_s,300.944
345.000,distance_traveled_m,70.98001399272687
345.000,route_deviations,4
345.000,investigation_time_s,35.200000000000045
345.000,hazard_avoidances,1
345.000,min_hazard_distance_m,4.89325533619613
345.000,q_convergence,0.9732681321726622
346.000,anomalies_detected,3
346.000,anomalies_unique,3
346.000,mission_duration_s,301.944
346.000,distance_traveled_m,71.13644819668836
346.000,route_deviations,4
346.000,investigation_time_s,35.200000000000045
346.000,hazard_avoidances,1
346.000,min_hazard_distance_m,4.89325533619613
346.000,q_convergence,0.9243850962729808
347.000,anomalies_detected,3
347.000,anomalies_unique,3
347.000,mission_duration_s,302.944
347.000,distance_traveled_m,71.17606535161366
347.000,route_deviations,4
347.000,investigation_time_s,35.200000000000045
347.000,hazard_avoidances,1
347.000,min_hazard_distance_m,4.89325533619613
347.000,q_convergence,0.7936157722499042
348.000,anomalies_detected,3
348.000,anomalies_unique,3
348.000,mission_duration_s,303.944
348.000,distance_traveled_m,71.23695528799762
348.000,route_deviations,4
348.000,investigation_time_s,35.200000000000045
348.000,hazard_avoidances,1
348.000,min_hazard_distance_m,4.89325533619613
348.000,q_convergence,0.68504810599502
349.000,anomalies_detected,3
349.000,anomalies_unique,3
349.000,mission_duration_s,304.944
349.000,distance_traveled_m,71.31634547294964
349.000,route_deviations,4
349.000,investigation_time_s,35.200000000000045
349.000,hazard_avoidances,1
349.000,min_hazard_distance_m,4.89325533619613
349.000,q_convergence,0.5887158917668419
350.000,anomalies_detected,3
350.000,anomalies_unique,3
350.000,mission_duration_s,305.944
350.000,distance_traveled_m,71.47469694348474
350.000,route_deviations,4
350.000,investigation_time_s,35.200000000000045
350.000,hazard_avoidances,1
350.000,min_hazard_distance_m,4.89325533619613
350.000,q_convergence,0.5061497755400434
351.000,anomalies_detected,3
351.000,anomalies_unique,3
351.000,mission_duration_s,306.944
351.000,distance_traveled_m,71.72741572513506
351.000,route_deviations,4
351.000,investigation_time_s,35.200000000000045
351.000,hazard_avoidances,1
351.000,min_hazard_distance_m,4.89325533619613
351.000,q_convergence,0.43284548637934056
352.000,anomalies_detected,3
352.000,anomalies_unique,3
352.000,mission_duration_s,307.944
352.000,distance_traveled_m,71.98949570654544
352.000,route_deviations,4
352.000,investigation_time_s,35.200000000000045
352.000,hazard_avoidances,1
352.000,min_hazard_distance_m,4.89325533619613
352.000,q_convergence,0.3725094416183314
353.000,anomalies_detected,3
353.000,anomalies_unique,3
353.000,mission_duration_s,308.944
353.000,distance_traveled_m,72.25157569152543
353.000,route_deviations,4
353.000,investigation_time_s,35.200000000000045
353.000,hazard_avoidances,1
353.000,min_hazard_distance_m,4.89325533619613
353.000,q_convergence,0.9920374101684771
354.000,anomalies_detected,3
354.000,anomalies_unique,3
354.000,mission_duration_s,309.944
354.000,distance_traveled_m,72.51365560300441
354.000,route_deviations,4
354.000,investigation_time_s,35.200000000000045
354.000,hazard_avoidances,1
354.000,min_hazard_distance_m,4.89325533619613
354.000,q_convergence,0.899881382157157
355.000,anomalies_detected,3
355.000,anomalies_unique,3
355.000,mission_duration_s,310.944
355.000,distance_traveled_m,72.77573557379534
355.000,route_deviations,4
355.000,investigation_time_s,35.200000000000045
355.000,hazard_avoidances,1
355.000,min_hazard_distance_m,4.89325533619613
355.000,q_convergence,0.7769686926496927
356.000,anomalies_detected,3
356.000,anomalies_unique,3
356.000,mission_duration_s,311.944
356.000,distance_traveled_m,73.02845555620004
356.000,route_deviations,4
356.000,investigation_time_s,35.200000000000045
356.000,hazard_avoidances,1
356.000,min_hazard_distance_m,4.89325533619613
356.000,q_convergence,0.6718643076432157
357.000,anomalies_detected,3
357.000,anomalies_unique,3
357.000,mission_duration_s,312.944
357.000,distance_traveled_m,73.29053550444694
357.000,route_deviations,4
357.000,investigation_time_s,35.200000000000045
357.000,hazard_avoidances,1
357.000,min_hazard_distance_m,4.89325533619613
357.000,q_convergence,1.0391011180749292
358.000,anomalies_detected,3
358.000,anomalies_unique,3
358.000,mission_duration_s,313.944
358.000,distance_traveled_m,73.55261547506349
358.000,route_deviations,4
358.000,investigation_time_s,35.200000000000045
358.000,hazard_avoidances,1
358.000,min_hazard_distance_m,4.89325533619613
358.000,q_convergence,0.8791973556198862
359.000,anomalies_detected,3
359.000,anomalies_unique,3
359.000,mission_duration_s,314.944
359.000,distance_traveled_m,73.81469545772944
359.000,route_deviations,4
359.000,investigation_time_s,35.200000000000045
359.000,hazard_avoidances,1
359.000,min_hazard_distance_m,4.89325533619613
359.000,q_convergence,0.7609518473434373
360.000,anomalies_detected,3
360.000,anomalies_unique,3
360.000,mission_duration_s,315.944
360.000,distance_traveled_m,74.067415380919
360.000,route_deviations,4
360.000,investigation_time_s,35.200000000000045
360.000,hazard_avoidances,1
360.000,min_hazard_distance_m,4.89325533619613
360.000,q_convergence,0.658657821401042
361.000,anomalies_detected,3
361.000,anomalies_unique,3
361.000,mission_duration_s,316.944
361.000,distance_traveled_m,74.32949535218944
361.000,route_deviations,4
361.000,investigation_time_s,35.200000000000045
361.000,hazard_avoidances,1
361.000,min_hazard_distance_m,4.89325533619613
361.000,q_convergence,1.0816349857286978
362.000,anomalies_detected,3
362.000,anomalies_unique,3
362.000,mission_duration_s,317.944
362.000,distance_traveled_m,74.59157532284696
362.000,route_deviations,4
362.000,investigation_time_s,35.200000000000045
362.000,hazard_avoidances,1
362.000,min_hazard_distance_m,4.89325533619613
362.000,q_convergence,0.8603843400497134
363.000,anomalies_detected,3
363.000,anomalies_unique,3
363.000,mission_duration_s,318.944
363.000,distance_traveled_m,74.85365525032252
363.000,route_deviations,4
363.000,investigation_time_s,35.200000000000045
363.000,hazard_avoidances,1
363.000,min_hazard_distance_m,4.89325533619613
363.000,q_convergence,0.7458052079690386
364.000,anomalies_detected,3
364.000,anomalies_unique,3
364.000,mission_duration_s,319.944
364.000,distance_traveled_m,75.1157352239081
364.000,route_deviations,4
364.000,investigation_time_s,35.200000000000045
364.000,hazard_avoidances,1
364.000,min_hazard_distance_m,4.89325533619613
364.000,q_convergence,0.6468760236780863
365.000,anomalies_detected,3
365.000,anomalies_unique,3
365.000,mission_duration_s,320.944
365.000,distance_traveled_m,75.36845519679595
365.000,route_deviations,4
365.000,investigation_time_s,35.200000000000045
365.000,hazard_avoidances,1
365.000,min_hazard_distance_m,4.89325533619613
365.000,q_convergence,1.116273139093773
366.000,anomalies_detected,3
366.000,anomalies_unique,3
366.000,mission_duration_s,321.944
366.000,distance_traveled_m,75.63053512864177
366.000,route_deviations,4
366.000,investigation_time_s,35.200000000000045
366.000,hazard_avoidances,1
366.000,min_hazard_distance_m,4.89325533619613
366.000,q_convergence,0.8404042295516592
367.000,anomalies_detected,3
367.000,anomalies_unique,3
367.000,mission_duration_s,322.944
367.000,distance_traveled_m,75.89261509797699
367.000,route_deviations,4
367.000,investigation_time_s,35.200000000000045
367.000,hazard_avoidances,1
367.000,min_hazard_distance_m,4.89325533619613
367.000,q_convergence,0.7313300427719641
368.000,anomalies_detected,3
368.000,anomalies_unique,3
368.000,mission_duration_s,323.944
368.000,distance_traveled_m,76.15469507221735
368.000,route_deviations,4
368.000,investigation_time_s,35.200000000000045
368.000,hazard_avoidances,1
368.000,min_hazard_distance_m,4.89325533619613
368.000,q_convergence,0.6343888957418723
369.000,anomalies_detected,3
369.000,anomalies_unique,3
369.000,mission_duration_s,324.944
369.000,distance_traveled_m,76.40741502009351
369.000,route_deviations,4
369.000,investigation_time_s,35.200000000000045
369.000,hazard_avoidances,1
369.000,min_hazard_distance_m,4.89325533619613
369.000,q_convergence,1.1563318154489348
370.000,anomalies_detected,3
370.000,anomalies_unique,3
370.000,mission_duration_s,325.944
370.000,distance_traveled_m,76.66949498812967
370.000,route_deviations,4
370.000,investigation_time_s,35.200000000000045
370.000,hazard_avoidances,1
370.000,min_hazard_distance_m,4.89325533619613
370.000,q_convergence,0.8215251818615724
371.000,anomalies_detected,3
371.000,anomalies_unique,3
371.000,mission_duration_s,326.944
371.000,distance_traveled_m,76.93157496414044
371.000,route_deviations,4
371.000,investigation_time_s,35.200000000000045
371.000,hazard_avoidances,1
371.000,min_hazard_distance_m,4.89325533619613
371.000,q_convergence,0.7148583486878063
372.000,anomalies_detected,3
372.000,anomalies_unique,3
372.000,mission_duration_s,327.944
372.000,distance_traveled_m,77.19365493186055
372.000,route_deviations,4
372.000,investigation_time_s,35.200000000000045
372.000,hazard_avoidances,1
372.000,min_hazard_distance_m,4.89325533619613
372.000,q_convergence,0.8790415493102456
373.000,anomalies_detected,3
373.000,anomalies_unique,3
373.000,mission_duration_s,328.944
373.000,distance_traveled_m,77.45573489845872
373.000,route_deviations,4
373.000,investigation_time_s,35.200000000000045
373.000,hazard_avoidances,1
373.000,min_hazard_distance_m,4.89325533619613
373.000,q_convergence,0.9315349073514275
374.000,anomalies_detected,3
374.000,anomalies_unique,3
374.000,mission_duration_s,329.944
374.000,distance_traveled_m,77.70845484476509
374.000,route_deviations,4
374.000,investigation_time_s,35.200000000000045
374.000,hazard_avoidances,1
374.000,min_hazard_distance_m,4.89325533619613
374.000,q_convergence,0.8090748907160216
375.000,anomalies_detected,3
375.000,anomalies_unique,3
375.000,mission_duration_s,330.944
375.000,distance_traveled_m,77.97053480971215
375.000,route_deviations,4
375.000,investigation_time_s,35.200000000000045
375.000,hazard_avoidances,1
375.000,min_hazard_distance_m,4.89325533619613
375.000,q_convergence,0.7042452269128846
376.000,anomalies_detected,3
376.000,anomalies_unique,3
376.000,mission_duration_s,331.944
376.000,distance_traveled_m,78.23261477217471
376.000,route_deviations,4
376.000,investigation_time_s,35.200000000000045
376.000,hazard_avoidances,1
376.000,min_hazard_distance_m,4.89325533619613
376.000,q_convergence,0.9248386995934114
377.000,anomalies_detected,3
377.000,anomalies_unique,3
377.000,mission_duration_s,332.944
377.000,distance_traveled_m,78.4946947548532
377.000,route_deviations,4
377.000,investigation_time_s,35.200000000000045
377.000,hazard_avoidances,1
377.000,min_hazard_distance_m,4.89325533619613
377.000,q_convergence,0.912185020139498
378.000,anomalies_detected,3
378.000,anomalies_unique,3
378.000,mission_duration_s,333.944
378.000,distance_traveled_m,78.74741472922067
378.000,route_deviations,4
378.000,investigation_time_s,35.200000000000045
378.000,hazard_avoidances,1
378.000,min_hazard_distance_m,4.89325533619613
378.000,q_convergence,0.7927371242437437
379.000,anomalies_detected,3
379.000,anomalies_unique,3
379.000,mission_duration_s,334.944
379.000,distance_traveled_m,79.00949470363969
379.000,route_deviations,4
379.000,investigation_time_s,35.200000000000045
379.000,hazard_avoidances,1
379.000,min_hazard_distance_m,4.89325533619613
379.000,q_convergence,0.6906196306421989
380.000,anomalies_detected,3
380.000,anomalies_unique,3
380.000,mission_duration_s,335.944
380.000,distance_traveled_m,79.27157466193557
380.000,route_deviations,4
380.000,investigation_time_s,35.200000000000045
380.000,hazard_avoidances,1
380.000,min_hazard_distance_m,4.89325533619613
380.000,q_convergence,0.9702224857677246
381.000,anomalies_detected,3
381.000,anomalies_unique,3
381.000,mission_duration_s,336.944
381.000,distance_traveled_m,79.53365463075816
381.000,route_deviations,4
381.000,investigation_time_s,35.200000000000045
381.000,hazard_avoidances,1
381.000,min_hazard_distance_m,4.89325533619613
381.000,q_convergence,0.8940776919673346
382.000,anomalies_detected,3
382.000,anomalies_unique,3
382.000,mission_duration_s,337.944
382.000,distance_traveled_m,79.79573458952754
382.000,route_deviations,4
382.000,investigation_time_s,35.200000000000045
382.000,hazard_avoidances,1
382.000,min_hazard_distance_m,4.89325533619613
382.000,q_convergence,0.7770008964544038
383.000,anomalies_detected,3
383.000,anomalies_unique,3
383.000,mission_duration_s,338.944
383.000,distance_traveled_m,80.04845455950226
383.000,route_deviations,4
383.000,investigation_time_s,35.200000000000045
383.000,hazard_avoidances,1
383.000,min_hazard_distance_m,4.89325533619613
383.000,q_convergence,1.0398345341775288
384.000,anomalies_detected,3
384.000,anomalies_unique,3
384.000,mission_duration_s,339.944
384.000,distance_traveled_m,80.31053452535747
384.000,route_deviations,4
384.000,investigation_time_s,35.200000000000045
384.000,hazard_avoidances,1
384.000,min_hazard_distance_m,4.89325533619613
384.000,q_convergence,0.9655705459579617
385.000,anomalies_detected,3
385.000,anomalies_unique,3
385.000,mission_duration_s,340.944
385.000,distance_traveled_m,80.5726145068615
385.000,route_deviations,4
385.000,investigation_time_s,35.200000000000045
385.000,hazard_avoidances,1
385.000,min_hazard_distance_m,4.89325533619613
385.000,q_convergence,0.8807334706550105
386.000,anomalies_detected,3
386.000,anomalies_unique,3
386.000,mission_duration_s,341.944
386.000,distance_traveled_m,80.83469447903248
386.000,route_deviations,4
386.000,investigation_time_s,35.200000000000045
386.000,hazard_avoidances,1
386.000,min_hazard_distance_m,4.89325533619613
386.000,q_convergence,0.7654040609497098
387.000,anomalies_detected,3
387.000,anomalies_unique,3
387.000,mission_duration_s,342.944
387.000,distance_traveled_m,81.08741444380264
387.000,route_deviations,4
387.000,investigation_time_s,35.200000000000045
387.000,hazard_avoidances,1
387.000,min_hazard_distance_m,4.89325533619613
387.000,q_convergence,0.6651766919708523
388.000,anomalies_detected,3
388.000,anomalies_unique,3
388.000,mission_duration_s,343.944
388.000,distance_traveled_m,81.34949441841431
388.000,route_deviations,4
388.000,investigation_time_s,35.200000000000045
388.000,hazard_avoidances,1
388.000,min_hazard_distance_m,4.89325533619613
388.000,q_convergence,1.0629808535783423
389.000,anomalies_detected,3
389.000,anomalies_unique,3
389.000,mission_duration_s,344.944
389.000,distance_traveled_m,81.61157439549577
389.000,route_deviations,4
389.000,investigation_time_s,35.200000000000045
389.000,hazard_avoidances,1
389.000,min_hazard_distance_m,4.89325533619613
389.000,q_convergence,0.8632504714462313
390.000,anomalies_detected,3
390.000,anomalies_unique,3
390.000,mission_duration_s,345.944
390.000,distance_traveled_m,81.87365434077537
390.000,route_deviations,4
390.000,investigation_time_s,35.200000000000045
390.000,hazard_avoidances,1
390.000,min_hazard_distance_m,4.89325533619613
390.000,q_convergence,0.750210408116205
391.000,anomalies_detected,3
391.000,anomalies_unique,3
391.000,mission_duration_s,346.944
391.000,distance_traveled_m,82.13573432086376
391.000,route_deviations,4
391.000,investigation_time_s,35.200000000000045
391.000,hazard_avoidances,1
391.000,min_hazard_distance_m,4.89325533619613
391.000,q_convergence,0.6519726024626202
392.000,anomalies_detected,3
392.000,anomalies_unique,3
392.000,mission_duration_s,347.944
392.000,distance_traveled_m,82.38845431440448
392.000,route_deviations,4
392.000,investigation_time_s,35.200000000000045
392.000,hazard_avoidances,1
392.000,min_hazard_distance_m,4.89325533619613
392.000,q_convergence,1.0913407585118562
393.000,anomalies_detected,3
393.000,anomalies_unique,3
393.000,mission_duration_s,348.944
393.000,distance_traveled_m,82.65053430788775
393.000,route_deviations,4
393.000,investigation_time_s,35.200000000000045
393.000,hazard_avoidances,1
393.000,min_hazard_distance_m,4.89325533619613
393.000,q_convergence,0.8481889461302933
394.000,anomalies_detected,3
394.000,anomalies_unique,3
394.000,mission_duration_s,349.944
394.000,distance_traveled_m,82.91261429947781
394.000,route_deviations,4
394.000,investigation_time_s,35.200000000000045
394.000,hazard_avoidances,1
394.000,min_hazard_distance_m,4.89325533619613
394.000,q_convergence,0.7390134239987697
395.000,anomalies_detected,3
395.000,anomalies_unique,3
395.000,mission_duration_s,350.944
395.000,distance_traveled_m,83.1746942973678
395.000,route_deviations,4
395.000,investigation_time_s,35.200000000000045
395.000,hazard_avoidances,1
395.000,min_hazard_distance_m,4.89325533619613
395.000,q_convergence,0.6422418298742903
396.000,anomalies_detected,3
396.000,anomalies_unique,3
396.000,mission_duration_s,351.944
396.000,distance_traveled_m,83.42741429214448
396.000,route_deviations,4
396.000,investigation_time_s,35.200000000000045
396.000,hazard_avoidances,1
396.000,min_hazard_distance_m,4.89325533619613
396.000,q_convergence,1.1231995085724278
397.000,anomalies_detected,3
397.000,anomalies_unique,3
397.000,mission_duration_s,352.944
397.000,distance_traveled_m,83.68949428845059
397.000,route_deviations,4
397.000,investigation_time_s,35.200000000000045
397.000,hazard_avoidances,1
397.000,min_hazard_distance_m,4.89325533619613
397.000,q_convergence,0.8355296200856803
398.000,anomalies_detected,3
398.000,anomalies_unique,3
398.000,mission_duration_s,353.944
398.000,distance_traveled_m,83.9515742822267
398.000,route_deviations,4
398.000,investigation_time_s,35.200000000000045
398.000,hazard_avoidances,1
398.000,min_hazard_distance_m,4.89325533619613
398.000,q_convergence,0.7279835562689101
399.000,anomalies_detected,3
399.000,anomalies_unique,3
399.000,mission_duration_s,354.944
399.000,distance_traveled_m,84.21365428050363
399.000,route_deviations,4
399.000,investigation_time_s,35.200000000000045
399.000,hazard_avoidances,1
399.000,min_hazard_distance_m,4.89325533619613
399.000,q_convergence,0.6326562902831879
400.000,anomalies_detected,3
400.000,anomalies_unique,3
400.000,mission_duration_s,355.944
400.000,distance_traveled_m,84.47573427434162
400.000,route_deviations,4
400.000,investigation_time_s,35.200000000000045
400.000,hazard_avoidances,1
400.000,min_hazard_distance_m,4.89325533619613
400.000,q_convergence,1.1460524773444176
401.000,anomalies_detected,3
401.000,anomalies_unique,3
401.000,mission_duration_s,356.944
401.000,distance_traveled_m,84.72845426823686
401.000,route_deviations,4
401.000,investigation_time_s,35.200000000000045
401.000,hazard_avoidances,1
401.000,min_hazard_distance_m,4.89325533619613
401.000,q_convergence,0.8251721291677026
402.000,anomalies_detected,3
402.000,anomalies_unique,3
402.000,mission_duration_s,357.944
402.000,distance_traveled_m,84.9905342575328
402.000,route_deviations,4
402.000,investigation_time_s,35.200000000000045
402.000,hazard_avoidances,1
402.000,min_hazard_distance_m,4.89325533619613
402.000,q_convergence,0.7188764769982107
403.000,anomalies_detected,3
403.000,anomalies_unique,3
403.000,mission_duration_s,358.944
403.000,distance_traveled_m,85.25261423762882
403.000,route_deviations,4
403.000,investigation_time_s,35.200000000000045
403.000,hazard_avoidances,1
403.000,min_hazard_distance_m,4.89325533619613
403.000,q_convergence,0.6263455437876131
404.000,anomalies_detected,3
404.000,anomalies_unique,3
404.000,mission_duration_s,359.944
404.000,distance_traveled_m,85.51469423221126
404.000,route_deviations,4
404.000,investigation_time_s,35.200000000000045
404.000,hazard_avoidances,1
404.000,min_hazard_distance_m,4.89325533619613
404.000,q_convergence,0.9558484786962034
405.000,anomalies_detected,3
405.000,anomalies_unique,3
405.000,mission_duration_s,360.944
405.000,distance_traveled_m,85.76741419741514
405.000,route_deviations,4
405.000,investigation_time_s,35.200000000000045
405.000,hazard_avoidances,1
405.000,min_hazard_distance_m,4.89325533619613
405.000,q_convergence,0.9724688803837259
406.000,anomalies_detected,3
406.000,anomalies_unique,3
406.000,mission_duration_s,361.944
406.000,distance_traveled_m,86.02949416810458
406.000,route_deviations,4
406.000,investigation_time_s,35.200000000000045
406.000,hazard_avoidances,1
406.000,min_hazard_distance_m,4.89325533619613
406.000,q_convergence,0.8917883628417705
407.000,anomalies_detected,3
407.000,anomalies_unique,3
407.000,mission_duration_s,362.944
407.000,distance_traveled_m,86.29157387121923
407.000,route_deviations,4
407.000,investigation_time_s,35.200000000000045
407.000,hazard_avoidances,1
407.000,min_hazard_distance_m,4.89325533619613
407.000,q_convergence,0.7770008964544038
408.000,anomalies_detected,3
408.000,anomalies_unique,3
408.000,mission_duration_s,363.944
408.000,distance_traveled_m,86.40376488683967
408.000,route_deviations,4
408.000,investigation_time_s,35.200000000000045
408.000,hazard_avoidances,1
408.000,min_hazard_distance_m,4.89325533619613
408.000,q_convergence,0.6738141443478682
408.000,anomalies_detected,3
408.000,anomalies_unique,3
408.000,mission_duration_s,363.944
408.000,distance_traveled_m,86.40376488683967
408.000,route_deviations,4
408.000,investigation_time_s,35.200000000000045
408.000,hazard_avoidances,1
408.000,min_hazard_distance_m,4.89325533619613
408.000,q_convergence,0.5545615572039705
409.000,anomalies_detected,3
409.000,anomalies_unique,3
409.000,mission_duration_s,363.944
409.000,distance_traveled_m,86.40376488684467
409.000,route_deviations,4
409.000,investigation_time_s,35.200000000000045
409.000,hazard_avoidances,1
409.000,min_hazard_distance_m,4.89325533619613
409.000,q_convergence,0.5545615572039705
410.000,anomalies_detected,3
410.000,anomalies_unique,3
410.000,mission_duration_s,363.944
410.000,distance_traveled_m,86.40376488684467
410.000,route_deviations,4
410.000,investigation_time_s,35.200000000000045
410.000,hazard_avoidances,1
410.000,min_hazard_distance_m,4.89325533619613
410.000,q_convergence,0.48194338250235436
411.000,anomalies_detected,3
411.000,anomalies_unique,3
411.000,mission_duration_s,363.944
411.000,distance_traveled_m,86.40376488684467
411.000,route_deviations,4
411.000,investigation_time_s,35.200000000000045
411.000,hazard_avoidances,1
411.000,min_hazard_distance_m,4.89325533619613
411.000,q_convergence,0.419861200687114
412.000,anomalies_detected,3
412.000,anomalies_unique,3
412.000,mission_duration_s,363.944
412.000,distance_traveled_m,86.40376488684467
412.000,route_deviations,4
412.000,investigation_time_s,35.200000000000045
412.000,hazard_avoidances,1
412.000,min_hazard_distance_m,4.89325533619613
412.000,q_convergence,0.36581832967716504
413.000,anomalies_detected,3
413.000,anomalies_unique,3
413.000,mission_duration_s,363.944
413.000,distance_traveled_m,86.40376488684467
413.000,route_deviations,4
413.000,investigation_time_s,35.200000000000045
413.000,hazard_avoidances,1
413.000,min_hazard_distance_m,4.89325533619613
413.000,q_convergence,0.31791551523130385
414.000,anomalies_detected,3
414.000,anomalies_unique,3
414.000,mission_duration_s,363.944
414.000,distance_traveled_m,86.40376488684467
414.000,route_deviations,4
414.000,investigation_time_s,35.200000000000045
414.000,hazard_avoidances,1
414.000,min_hazard_distance_m,4.89325533619613
414.000,q_convergence,0.27628543084207957
