timestamp,metric,value
43.272,anomalies_detected,0
43.272,anomalies_unique,0
43.272,investigation_timeouts,0
43.272,mission_duration_s,0.0
43.272,distance_traveled_m,0.0
43.272,route_deviations,0
43.272,investigation_time_s,0.0
43.272,hazard_avoidances,0
43.272,min_hazard_distance_m,-1.0
43.272,collisions,0
43.272,time_below_clearance_s,0.0
43.272,safety_zone_violations,0
43.272,min_ttc_s,-1.0
43.272,avoid_success,0
43.272,avoid_timeout,0
43.272,q_convergence,0.0
43.272,update_residual,0.0
43.272,investigation_deferred,0
43.272,nav_aborted,0
43.272,nav_canceled,0
43.272,nav_rejected,0
43.272,run_seed,6
44.000,anomalies_detected,0
44.000,anomalies_unique,0
44.000,investigation_timeouts,0
44.000,mission_duration_s,0.0
44.000,distance_traveled_m,1.7007321220625328e-19
44.000,route_deviations,0
44.000,investigation_time_s,0.0
44.000,hazard_avoidances,0
44.000,min_hazard_distance_m,-1.0
44.000,collisions,0
44.000,time_below_clearance_s,0.0
44.000,safety_zone_violations,0
44.000,min_ttc_s,-1.0
44.000,avoid_success,0
44.000,avoid_timeout,0
44.000,q_convergence,0.0
44.000,update_residual,0.0
44.000,investigation_deferred,0
44.000,nav_aborted,0
44.000,nav_canceled,0
44.000,nav_rejected,0
44.000,run_seed,6
45.000,anomalies_detected,0
45.000,anomalies_unique,0
45.000,investigation_timeouts,0
45.000,mission_duration_s,0.9440000000000026
45.000,distance_traveled_m,0.07102970684879557
45.000,route_deviations,0
45.000,investigation_time_s,0.0
45.000,hazard_avoidances,0
45.000,min_hazard_distance_m,-1.0
45.000,collisions,0
45.000,time_below_clearance_s,0.0
45.000,safety_zone_violations,0
45.000,min_ttc_s,-1.0
45.000,avoid_success,0
45.000,avoid_timeout,0
45.000,q_convergence,0.9468777758242701
45.000,update_residual,0.09468777758242701
45.000,investigation_deferred,0
45.000,nav_aborted,0
45.000,nav_canceled,0
45.000,nav_rejected,0
45.000,run_seed,6
46.000,anomalies_detected,0
46.000,anomalies_unique,0
46.000,investigation_timeouts,0
46.000,mission_duration_s,1.9440000000000026
46.000,distance_traveled_m,0.32679908790778167
46.000,route_deviations,0
46.000,investigation_time_s,0.0
46.000,hazard_avoidances,0
46.000,min_hazard_distance_m,12.090263137686403
46.000,collisions,0
46.000,time_below_clearance_s,0.0
46.000,safety_zone_violations,0
46.000,min_ttc_s,29.49298527835798
46.000,avoid_success,0
46.000,avoid_timeout,0
46.000,q_convergence,0.8355296200856803
46.000,update_residual,0.08355296200856804
46.000,investigation_deferred,0
46.000,nav_aborted,0
46.000,nav_canceled,0
46.000,nav_rejected,0
46.000,run_seed,6
47.000,anomalies_detected,0
47.000,anomalies_unique,0
47.000,investigation_timeouts,0
47.000,mission_duration_s,2.9440000000000026
47.000,distance_traveled_m,0.5888790386978844
47.000,route_deviations,0
47.000,investigation_time_s,0.0
47.000,hazard_avoidances,0
47.000,min_hazard_distance_m,11.895034466824548
47.000,collisions,0
47.000,time_below_clearance_s,0.0
47.000,safety_zone_violations,0
47.000,min_ttc_s,29.49298527835798
47.000,avoid_success,0
47.000,avoid_timeout,0
47.000,q_convergence,0.7279835562689101
47.000,update_residual,0.072798355626891
47.000,investigation_deferred,0
47.000,nav_aborted,0
47.000,nav_canceled,0
47.000,nav_rejected,0
47.000,run_seed,6
48.000,anomalies_detected,0
48.000,anomalies_unique,0
48.000,investigation_timeouts,0
48.000,mission_duration_s,3.9440000000000026
48.000,distance_traveled_m,0.8509590168830867
48.000,route_deviations,0
48.000,investigation_time_s,0.0
48.000,hazard_avoidances,0
48.000,min_hazard_distance_m,11.696015692497175
48.000,collisions,0
48.000,time_below_clearance_s,0.0
48.000,safety_zone_violations,0
48.000,min_ttc_s,29.432492363849004
48.000,avoid_success,0
48.000,avoid_timeout,0
48.000,q_convergence,0.9271330423522752
48.000,update_residual,0.09271330423522753
48.000,investigation_deferred,0
48.000,nav_aborted,0
48.000,nav_canceled,0
48.000,nav_rejected,0
48.000,run_seed,6
49.000,anomalies_detected,0
49.000,anomalies_unique,0
49.000,investigation_timeouts,0
49.000,mission_duration_s,4.944000000000003
49.000,distance_traveled_m,1.1130390091295304
49.000,route_deviations,0
49.000,investigation_time_s,0.0
49.000,hazard_avoidances,0
49.000,min_hazard_distance_m,11.49519520454152
49.000,collisions,0
49.000,time_below_clearance_s,0.0
49.000,safety_zone_violations,0
49.000,min_ttc_s,28.937416843434175
49.000,avoid_success,0
49.000,avoid_timeout,0
49.000,q_convergence,0.912185020139498
49.000,update_residual,0.09121850201394976
49.000,investigation_deferred,0
49.000,nav_aborted,0
49.000,nav_canceled,0
49.000,nav_rejected,0
49.000,run_seed,6
50.000,anomalies_detected,0
50.000,anomalies_unique,0
50.000,investigation_timeouts,0
50.000,mission_duration_s,5.944000000000003
50.000,distance_traveled_m,1.3657589842096305
50.000,route_deviations,0
50.000,investigation_time_s,0.0
50.000,hazard_avoidances,0
50.000,min_hazard_distance_m,11.307534869188942
50.000,collisions,0
50.000,time_below_clearance_s,0.0
50.000,safety_zone_violations,0
50.000,min_ttc_s,28.937416843434175
50.000,avoid_success,0
50.000,avoid_timeout,0
50.000,q_convergence,0.7927371242437437
50.000,update_residual,0.07927371242437434
50.000,investigation_deferred,0
50.000,nav_aborted,0
50.000,nav_canceled,0
50.000,nav_rejected,0
50.000,run_seed,6
51.000,anomalies_detected,0
51.000,anomalies_unique,0
51.000,investigation_timeouts,0
51.000,mission_duration_s,6.944000000000003
51.000,distance_traveled_m,1.6278389705764407
51.000,route_deviations,0
51.000,investigation_time_s,0.0
51.000,hazard_avoidances,0
51.000,min_hazard_distance_m,11.115643431929993
51.000,collisions,0
51.000,time_below_clearance_s,0.0
51.000,safety_zone_violations,0
51.000,min_ttc_s,28.937416843434175
51.000,avoid_success,0
51.000,avoid_timeout,0
51.000,q_convergence,0.941081540583989
51.000,update_residual,0.0941081540583989
51.000,investigation_deferred,0
51.000,nav_aborted,0
51.000,nav_canceled,0
51.000,nav_rejected,0
51.000,run_seed,6
52.000,anomalies_detected,0
52.000,anomalies_unique,0
52.000,investigation_timeouts,0
52.000,mission_duration_s,7.944000000000003
52.000,distance_traveled_m,1.8899189581861962
52.000,route_deviations,0
52.000,investigation_time_s,0.0
52.000,hazard_avoidances,0
52.000,min_hazard_distance_m,10.922592605385022
52.000,collisions,0
52.000,time_below_clearance_s,0.0
52.000,safety_zone_violations,0
52.000,min_ttc_s,28.56302848091501
52.000,avoid_success,0
52.000,avoid_timeout,0
52.000,q_convergence,0.912185020139498
52.000,update_residual,0.09121850201394976
52.000,investigation_deferred,0
52.000,nav_aborted,0
52.000,nav_canceled,0
52.000,nav_rejected,0
52.000,run_seed,6
53.000,anomalies_detected,0
53.000,anomalies_unique,0
53.000,investigation_timeouts,0
53.000,mission_duration_s,8.944000000000003
53.000,distance_traveled_m,2.151998952325118
53.000,route_deviations,0
53.000,investigation_time_s,0.0
53.000,hazard_avoidances,0
53.000,min_hazard_distance_m,10.730191481577817
53.000,collisions,0
53.000,time_below_clearance_s,0.0
53.000,safety_zone_violations,0
53.000,min_ttc_s,28.292472923879007
53.000,avoid_success,0
53.000,avoid_timeout,0
53.000,q_convergence,0.9773258496027031
53.000,update_residual,0.09773258496027035
53.000,investigation_deferred,0
53.000,nav_aborted,0
53.000,nav_canceled,0
53.000,nav_rejected,0
53.000,run_seed,6
54.000,anomalies_detected,0
54.000,anomalies_unique,0
54.000,investigation_timeouts,0
54.000,mission_duration_s,9.944000000000003
54.000,distance_traveled_m,2.4047186087877086
54.000,route_deviations,0
54.000,investigation_time_s,0.0
54.000,hazard_avoidances,0
54.000,min_hazard_distance_m,10.533599891836209
54.000,collisions,0
54.000,time_below_clearance_s,0.0
54.000,safety_zone_violations,0
54.000,min_ttc_s,27.062399170032183
54.000,avoid_success,0
54.000,avoid_timeout,0
54.000,q_convergence,0.8169410371792546
54.000,update_residual,0.08169410371792549
54.000,investigation_deferred,0
54.000,nav_aborted,0
54.000,nav_canceled,0
54.000,nav_rejected,0
54.000,run_seed,6
55.000,anomalies_detected,0
55.000,anomalies_unique,0
55.000,investigation_timeouts,0
55.000,mission_duration_s,10.944000000000003
55.000,distance_traveled_m,2.6667985767546805
55.000,route_deviations,0
55.000,investigation_time_s,0.0
55.000,hazard_avoidances,0
55.000,min_hazard_distance_m,10.324828484951716
55.000,collisions,0
55.000,time_below_clearance_s,0.0
55.000,safety_zone_violations,0
55.000,min_ttc_s,24.920910599129925
55.000,avoid_success,0
55.000,avoid_timeout,0
55.000,q_convergence,0.7117056841401536
55.000,update_residual,0.07117056841401538
55.000,investigation_deferred,0
55.000,nav_aborted,0
55.000,nav_canceled,0
55.000,nav_rejected,0
55.000,run_seed,6
56.000,anomalies_detected,0
56.000,anomalies_unique,0
56.000,investigation_timeouts,0
56.000,mission_duration_s,11.944000000000003
56.000,distance_traveled_m,2.9288785326118445
56.000,route_deviations,0
56.000,investigation_time_s,0.0
56.000,hazard_avoidances,0
56.000,min_hazard_distance_m,10.127716650907793
56.000,collisions,0
56.000,time_below_clearance_s,0.0
56.000,safety_zone_violations,0
56.000,min_ttc_s,24.920910599129925
56.000,avoid_success,0
56.000,avoid_timeout,0
56.000,q_convergence,0.6200977469883318
56.000,update_residual,0.06200977469883317
56.000,investigation_deferred,0
56.000,nav_aborted,0
56.000,nav_canceled,0
56.000,nav_rejected,0
56.000,run_seed,6
57.000,anomalies_detected,0
57.000,anomalies_unique,0
57.000,investigation_timeouts,0
57.000,mission_duration_s,12.944000000000003
57.000,distance_traveled_m,3.190958401296323
57.000,route_deviations,0
57.000,investigation_time_s,0.0
57.000,hazard_avoidances,0
57.000,min_hazard_distance_m,9.930612316878733
57.000,collisions,0
57.000,time_below_clearance_s,0.0
57.000,safety_zone_violations,0
57.000,min_ttc_s,24.908181083681065
57.000,avoid_success,0
57.000,avoid_timeout,0
57.000,q_convergence,1.144215311966309
57.000,update_residual,0.11442153119663091
57.000,investigation_deferred,0
57.000,nav_aborted,0
57.000,nav_canceled,0
57.000,nav_rejected,0
57.000,run_seed,6
58.000,anomalies_detected,0
58.000,anomalies_unique,0
58.000,investigation_timeouts,0
58.000,mission_duration_s,13.944000000000003
58.000,distance_traveled_m,3.4530383601365444
58.000,route_deviations,0
58.000,investigation_time_s,0.0
58.000,hazard_avoidances,0
58.000,min_hazard_distance_m,9.731791132059264
58.000,collisions,0
58.000,time_below_clearance_s,0.0
58.000,safety_zone_violations,0
58.000,min_ttc_s,24.64954973810093
58.000,avoid_success,0
58.000,avoid_timeout,0
58.000,q_convergence,0.8293187227816107
58.000,update_residual,0.0829318722781611
58.000,investigation_deferred,0
58.000,nav_aborted,0
58.000,nav_canceled,0
58.000,nav_rejected,0
58.000,run_seed,6
59.000,anomalies_detected,0
59.000,anomalies_unique,0
59.000,investigation_timeouts,0
59.000,mission_duration_s,14.944000000000003
59.000,distance_traveled_m,3.705758325149768
59.000,route_deviations,0
59.000,investigation_time_s,0.0
59.000,hazard_avoidances,0
59.000,min_hazard_distance_m,9.55332240436949
59.000,collisions,0
59.000,time_below_clearance_s,0.0
59.000,safety_zone_violations,0
59.000,min_ttc_s,24.64954973810093
59.000,avoid_success,0
59.000,avoid_timeout,0
59.000,q_convergence,0.7207219202951275
59.000,update_residual,0.07207219202951277
59.000,investigation_deferred,0
59.000,nav_aborted,0
59.000,nav_canceled,0
59.000,nav_rejected,0
59.000,run_seed,6
60.000,anomalies_detected,0
60.000,anomalies_unique,0
60.000,investigation_timeouts,0
60.000,mission_duration_s,15.944000000000003
60.000,distance_traveled_m,3.967838292967003
60.000,route_deviations,0
60.000,investigation_time_s,0.0
60.000,hazard_avoidances,0
60.000,min_hazard_distance_m,9.355424128159829
60.000,collisions,0
60.000,time_below_clearance_s,0.0
60.000,safety_zone_violations,0
60.000,min_ttc_s,24.631121026953736
60.000,avoid_success,0
60.000,avoid_timeout,0
60.000,q_convergence,0.6278811615701694
60.000,update_residual,0.06278811615701696
60.000,investigation_deferred,0
60.000,nav_aborted,0
60.000,nav_canceled,0
60.000,nav_rejected,0
60.000,run_seed,6
61.000,anomalies_detected,0
61.000,anomalies_unique,0
61.000,investigation_timeouts,0
61.000,mission_duration_s,16.944000000000003
61.000,distance_traveled_m,4.229917531148197
61.000,route_deviations,0
61.000,investigation_time_s,0.0
61.000,hazard_avoidances,0
61.000,min_hazard_distance_m,9.162681878200852
61.000,collisions,0
61.000,time_below_clearance_s,0.0
61.000,safety_zone_violations,0
61.000,min_ttc_s,23.822193157843618
61.000,avoid_success,0
61.000,avoid_timeout,0
61.000,q_convergence,1.1390036741855651
61.000,update_residual,0.11390036741855651
61.000,investigation_deferred,0
61.000,nav_aborted,0
61.000,nav_canceled,0
61.000,nav_rejected,0
61.000,run_seed,6
62.000,anomalies_detected,0
62.000,anomalies_unique,0
62.000,investigation_timeouts,0
62.000,mission_duration_s,17.944000000000003
62.000,distance_traveled_m,4.491997359911017
62.000,route_deviations,0
62.000,investigation_time_s,0.0
62.000,hazard_avoidances,0
62.000,min_hazard_distance_m,8.942400523096877
62.000,collisions,0
62.000,time_below_clearance_s,0.0
62.000,safety_zone_violations,0
62.000,min_ttc_s,20.48560647866461
62.000,avoid_success,0
62.000,avoid_timeout,0
62.000,q_convergence,0.8293187227816107
62.000,update_residual,0.0829318722781611
62.000,investigation_deferred,0
62.000,nav_aborted,0
62.000,nav_canceled,0
62.000,nav_rejected,0
62.000,run_seed,6
63.000,anomalies_detected,0
63.000,anomalies_unique,0
63.000,investigation_timeouts,0
63.000,mission_duration_s,18.944000000000003
63.000,distance_traveled_m,4.744717317412249
63.000,route_deviations,0
63.000,investigation_time_s,0.0
63.000,hazard_avoidances,0
63.000,min_hazard_distance_m,8.731056779908478
63.000,collisions,0
63.000,time_below_clearance_s,0.0
63.000,safety_zone_violations,0
63.000,min_ttc_s,20.370573865816613
63.000,avoid_success,0
63.000,avoid_timeout,0
63.000,q_convergence,0.7207219202951275
63.000,update_residual,0.07207219202951277
63.000,investigation_deferred,0
63.000,nav_aborted,0
63.000,nav_canceled,0
63.000,nav_rejected,0
63.000,run_seed,6
64.000,anomalies_detected,0
64.000,anomalies_unique,0
64.000,investigation_timeouts,0
64.000,mission_duration_s,19.944000000000003
64.000,distance_traveled_m,5.006797278510094
64.000,route_deviations,0
64.000,investigation_time_s,0.0
64.000,hazard_avoidances,0
64.000,min_hazard_distance_m,8.520810413763511
64.000,collisions,0
64.000,time_below_clearance_s,0.0
64.000,safety_zone_violations,0
64.000,min_ttc_s,20.370573865816613
64.000,avoid_success,0
64.000,avoid_timeout,0
64.000,q_convergence,0.6278811615701694
64.000,update_residual,0.06278811615701696
64.000,investigation_deferred,0
64.000,nav_aborted,0
64.000,nav_canceled,0
64.000,nav_rejected,0
64.000,run_seed,6
65.000,anomalies_detected,0
65.000,anomalies_unique,0
65.000,investigation_timeouts,0
65.000,mission_duration_s,20.944000000000003
65.000,distance_traveled_m,5.268877273388323
65.000,route_deviations,0
65.000,investigation_time_s,0.0
65.000,hazard_avoidances,0
65.000,min_hazard_distance_m,8.31193124131734
65.000,collisions,0
65.000,time_below_clearance_s,0.0
65.000,safety_zone_violations,0
65.000,min_ttc_s,20.256072451788313
65.000,avoid_success,0
65.000,avoid_timeout,0
65.000,q_convergence,1.1565666653586124
65.000,update_residual,0.11565666653586125
65.000,investigation_deferred,0
65.000,nav_aborted,0
65.000,nav_canceled,0
65.000,nav_rejected,0
65.000,run_seed,6
66.000,anomalies_detected,0
66.000,anomalies_unique,0
66.000,investigation_timeouts,0
66.000,mission_duration_s,21.944000000000003
66.000,distance_traveled_m,5.5309572379511245
66.000,route_deviations,0
66.000,investigation_time_s,0.0
66.000,hazard_avoidances,0
66.000,min_hazard_distance_m,8.108903388942025
66.000,collisions,0
66.000,time_below_clearance_s,0.0
66.000,safety_zone_violations,0
66.000,min_ttc_s,20.256072451788313
66.000,avoid_success,0
66.000,avoid_timeout,0
66.000,q_convergence,0.8210462685218641
66.000,update_residual,0.08210462685218642
66.000,investigation_deferred,0
66.000,nav_aborted,0
66.000,nav_canceled,0
66.000,nav_rejected,0
66.000,run_seed,6
67.000,anomalies_detected,0
67.000,anomalies_unique,0
67.000,investigation_timeouts,0
67.000,mission_duration_s,22.944000000000003
67.000,distance_traveled_m,5.793037233462343
67.000,route_deviations,0
67.000,investigation_time_s,0.0
67.000,hazard_avoidances,0
67.000,min_hazard_distance_m,7.905774655048877
67.000,collisions,0
67.000,time_below_clearance_s,0.0
67.000,safety_zone_violations,0
67.000,min_ttc_s,20.256072451788313
67.000,avoid_success,0
67.000,avoid_timeout,0
67.000,q_convergence,1.0181561603601281
67.000,update_residual,0.10181561603601282
67.000,investigation_deferred,0
67.000,nav_aborted,0
67.000,nav_canceled,0
67.000,nav_rejected,0
67.000,run_seed,6
68.000,anomalies_detected,0
68.000,anomalies_unique,0
68.000,investigation_timeouts,0
68.000,mission_duration_s,23.944000000000003
68.000,distance_traveled_m,6.045757206014456
68.000,route_deviations,0
68.000,investigation_time_s,0.0
68.000,hazard_avoidances,0
68.000,min_hazard_distance_m,7.71455257516118
68.000,collisions,0
68.000,time_below_clearance_s,0.0
68.000,safety_zone_violations,0
68.000,min_ttc_s,20.256072451788313
68.000,avoid_success,0
68.000,avoid_timeout,0
68.000,q_convergence,0.9454581183106775
68.000,update_residual,0.09454581183106778
68.000,investigation_deferred,0
68.000,nav_aborted,0
68.000,nav_canceled,0
68.000,nav_rejected,0
68.000,run_seed,6
69.000,anomalies_detected,0
69.000,anomalies_unique,0
69.000,investigation_timeouts,0
69.000,mission_duration_s,24.944000000000003
69.000,distance_traveled_m,6.307837184850172
69.000,route_deviations,0
69.000,investigation_time_s,0.0
69.000,hazard_avoidances,0
69.000,min_hazard_distance_m,7.516166457160634
69.000,collisions,0
69.000,time_below_clearance_s,0.0
69.000,safety_zone_violations,0
69.000,min_ttc_s,19.088567728446296
69.000,avoid_success,0
69.000,avoid_timeout,0
69.000,q_convergence,0.9236346895207693
69.000,update_residual,0.09236346895207694
69.000,investigation_deferred,0
69.000,nav_aborted,0
69.000,nav_canceled,0
69.000,nav_rejected,0
69.000,run_seed,6
70.000,anomalies_detected,0
70.000,anomalies_unique,0
70.000,investigation_timeouts,0
70.000,mission_duration_s,25.944000000000003
70.000,distance_traveled_m,6.569917175581153
70.000,route_deviations,0
70.000,investigation_time_s,0.0
70.000,hazard_avoidances,0
70.000,min_hazard_distance_m,7.319069221079988
70.000,collisions,0
70.000,time_below_clearance_s,0.0
70.000,safety_zone_violations,0
70.000,min_ttc_s,19.088567728446296
70.000,avoid_success,0
70.000,avoid_timeout,0
70.000,q_convergence,0.8047480900817247
70.000,update_residual,0.08047480900817247
70.000,investigation_deferred,0
70.000,nav_aborted,0
70.000,nav_canceled,0
70.000,nav_rejected,0
70.000,run_seed,6
71.000,anomalies_detected,0
71.000,anomalies_unique,0
71.000,investigation_timeouts,0
71.000,mission_duration_s,26.944000000000003
71.000,distance_traveled_m,6.831997145435257
71.000,route_deviations,0
71.000,investigation_time_s,0.0
71.000,hazard_avoidances,0
71.000,min_hazard_distance_m,7.131183154141212
71.000,collisions,0
71.000,time_below_clearance_s,0.0
71.000,safety_zone_violations,0
71.000,min_ttc_s,19.088567728446296
71.000,avoid_success,0
71.000,avoid_timeout,0
71.000,q_convergence,0.6993687383448497
71.000,update_residual,0.06993687383448496
71.000,investigation_deferred,0
71.000,nav_aborted,0
71.000,nav_canceled,0
71.000,nav_rejected,0
71.000,run_seed,6
72.000,anomalies_detected,0
72.000,anomalies_unique,0
72.000,investigation_timeouts,0
72.000,mission_duration_s,27.944000000000003
72.000,distance_traveled_m,7.084717133503352
72.000,route_deviations,0
72.000,investigation_time_s,0.0
72.000,hazard_avoidances,0
72.000,min_hazard_distance_m,6.953175059794042
72.000,collisions,0
72.000,time_below_clearance_s,0.0
72.000,safety_zone_violations,0
72.000,min_ttc_s,19.088567728446296
72.000,avoid_success,0
72.000,avoid_timeout,0
72.000,q_convergence,0.9361648325304238
72.000,update_residual,0.09361648325304239
72.000,investigation_deferred,0
72.000,nav_aborted,0
72.000,nav_canceled,0
72.000,nav_rejected,0
72.000,run_seed,6
73.000,anomalies_detected,0
73.000,anomalies_unique,0
73.000,investigation_timeouts,0
73.000,mission_duration_s,28.944000000000003
73.000,distance_traveled_m,7.3467970835860195
73.000,route_deviations,0
73.000,investigation_time_s,0.0
73.000,hazard_avoidances,0
73.000,min_hazard_distance_m,6.780059033152966
73.000,collisions,0
73.000,time_below_clearance_s,0.0
73.000,safety_zone_violations,0
73.000,min_ttc_s,19.088567728446296
73.000,avoid_success,0
73.000,avoid_timeout,0
73.000,q_convergence,0.9098493263253359
73.000,update_residual,0.09098493263253357
73.000,investigation_deferred,0
73.000,nav_aborted,0
73.000,nav_canceled,0
73.000,nav_rejected,0
73.000,run_seed,6
74.000,anomalies_detected,0
74.000,anomalies_unique,0
74.000,investigation_timeouts,0
74.000,mission_duration_s,29.944000000000003
74.000,distance_traveled_m,7.608877042370649
74.000,route_deviations,0
74.000,investigation_time_s,0.0
74.000,hazard_avoidances,0
74.000,min_hazard_distance_m,6.607235443675718
74.000,collisions,0
74.000,time_below_clearance_s,0.0
74.000,safety_zone_violations,0
74.000,min_ttc_s,19.088567728446296
74.000,avoid_success,0
74.000,avoid_timeout,0
74.000,q_convergence,0.7927371242437437
74.000,update_residual,0.07927371242437434
74.000,investigation_deferred,0
74.000,nav_aborted,0
74.000,nav_canceled,0
74.000,nav_rejected,0
74.000,run_seed,6
75.000,anomalies_detected,0
75.000,anomalies_unique,0
75.000,investigation_timeouts,0
75.000,mission_duration_s,30.944000000000003
75.000,distance_traveled_m,7.8709570368583535
75.000,route_deviations,0
75.000,investigation_time_s,0.0
75.000,hazard_avoidances,0
75.000,min_hazard_distance_m,6.436186226283078
75.000,collisions,0
75.000,time_below_clearance_s,0.0
75.000,safety_zone_violations,0
75.000,min_ttc_s,19.088567728446296
75.000,avoid_success,0
75.000,avoid_timeout,0
75.000,q_convergence,0.6889305725039605
75.000,update_residual,0.06889305725039604
75.000,investigation_deferred,0
75.000,nav_aborted,0
75.000,nav_canceled,0
75.000,nav_rejected,0
75.000,run_seed,6
76.000,anomalies_detected,0
76.000,anomalies_unique,0
76.000,investigation_timeouts,0
76.000,mission_duration_s,31.944000000000003
76.000,distance_traveled_m,8.133037023730225
76.000,route_deviations,0
76.000,investigation_time_s,0.0
76.000,hazard_avoidances,0
76.000,min_hazard_distance_m,6.2665325495713615
76.000,collisions,0
76.000,time_below_clearance_s,0.0
76.000,safety_zone_violations,0
76.000,min_ttc_s,18.75991450003736
76.000,avoid_success,0
76.000,avoid_timeout,0
76.000,q_convergence,0.9813854706100831
76.000,update_residual,0.09813854706100832
76.000,investigation_deferred,0
76.000,nav_aborted,0
76.000,nav_canceled,0
76.000,nav_rejected,0
76.000,run_seed,6
77.000,anomalies_detected,0
77.000,anomalies_unique,0
77.000,investigation_timeouts,0
77.000,mission_duration_s,32.944
77.000,distance_traveled_m,8.385757018128094
77.000,route_deviations,0
77.000,investigation_time_s,0.0
77.000,hazard_avoidances,0
77.000,min_hazard_distance_m,6.104944686998117
77.000,collisions,0
77.000,time_below_clearance_s,0.0
77.000,safety_zone_violations,0
77.000,min_ttc_s,18.568417674762557
77.000,avoid_success,0
77.000,avoid_timeout,0
77.000,q_convergence,0.8896073035074978
77.000,update_residual,0.08896073035074974
77.000,investigation_deferred,0
77.000,nav_aborted,0
77.000,nav_canceled,0
77.000,nav_rejected,0
77.000,run_seed,6
78.000,anomalies_detected,0
78.000,anomalies_unique,0
78.000,investigation_timeouts,0
78.000,mission_duration_s,33.944
78.000,distance_traveled_m,8.647837015615034
78.000,route_deviations,0
78.000,investigation_time_s,0.0
78.000,hazard_avoidances,0
78.000,min_hazard_distance_m,5.942759424020879
78.000,collisions,0
78.000,time_below_clearance_s,0.0
78.000,safety_zone_violations,0
78.000,min_ttc_s,18.568417674762557
78.000,avoid_success,0
78.000,avoid_timeout,0
78.000,q_convergence,0.7750113481200435
78.000,update_residual,0.07750113481200434
78.000,investigation_deferred,0
78.000,nav_aborted,0
78.000,nav_canceled,0
78.000,nav_rejected,0
78.000,run_seed,6
79.000,anomalies_detected,0
79.000,anomalies_unique,0
79.000,investigation_timeouts,0
79.000,mission_duration_s,34.944
79.000,distance_traveled_m,8.909917013499243
79.000,route_deviations,0
79.000,investigation_time_s,0.0
79.000,hazard_avoidances,0
79.000,min_hazard_distance_m,5.787450967744767
79.000,collisions,0
79.000,time_below_clearance_s,0.0
79.000,safety_zone_violations,0
79.000,min_ttc_s,18.568417674762557
79.000,avoid_success,0
79.000,avoid_timeout,0
79.000,q_convergence,0.6752549566050522
79.000,update_residual,0.06752549566050521
79.000,investigation_deferred,0
79.000,nav_aborted,0
79.000,nav_canceled,0
79.000,nav_rejected,0
79.000,run_seed,6
80.000,anomalies_detected,0
80.000,anomalies_unique,0
80.000,investigation_timeouts,0
80.000,mission_duration_s,35.944
80.000,distance_traveled_m,9.171997011528227
80.000,route_deviations,0
80.000,investigation_time_s,0.0
80.000,hazard_avoidances,0
80.000,min_hazard_distance_m,5.63952142481887
80.000,collisions,0
80.000,time_below_clearance_s,0.0
80.000,safety_zone_violations,0
80.000,min_ttc_s,18.568417674762557
80.000,avoid_success,0
80.000,avoid_timeout,0
80.000,q_convergence,1.0254820445137207
80.000,update_residual,0.1025482044513721
80.000,investigation_deferred,0
80.000,nav_aborted,0
80.000,nav_canceled,0
80.000,nav_rejected,0
80.000,run_seed,6
81.000,anomalies_detected,0
81.000,anomalies_unique,0
81.000,investigation_timeouts,0
81.000,mission_duration_s,36.944
81.000,distance_traveled_m,9.424717009524766
81.000,route_deviations,0
81.000,investigation_time_s,0.0
81.000,hazard_avoidances,0
81.000,min_hazard_distance_m,5.504485374841148
81.000,collisions,0
81.000,time_below_clearance_s,0.0
81.000,safety_zone_violations,0
81.000,min_ttc_s,18.568417674762557
81.000,avoid_success,0
81.000,avoid_timeout,0
81.000,q_convergence,0.8719481542852267
81.000,update_residual,0.08719481542852268
81.000,investigation_deferred,0
81.000,nav_aborted,0
81.000,nav_canceled,0
81.000,nav_rejected,0
81.000,run_seed,6
82.000,anomalies_detected,0
82.000,anomalies_unique,0
82.000,investigation_timeouts,0
82.000,mission_duration_s,37.944
82.000,distance_traveled_m,9.686797006840312
82.000,route_deviations,0
82.000,investigation_time_s,0.0
82.000,hazard_avoidances,0
82.000,min_hazard_distance_m,5.373242481740997
82.000,collisions,0
82.000,time_below_clearance_s,0.0
82.000,safety_zone_violations,0
82.000,min_ttc_s,18.568417674762557
82.000,avoid_success,0
82.000,avoid_timeout,0
82.000,q_convergence,0.7596269858385687
82.000,update_residual,0.07596269858385687
82.000,investigation_deferred,0
82.000,nav_aborted,0
82.000,nav_canceled,0
82.000,nav_rejected,0
82.000,run_seed,6
83.000,anomalies_detected,0
83.000,anomalies_unique,0
83.000,investigation_timeouts,0
83.000,mission_duration_s,38.944
83.000,distance_traveled_m,9.948877003748146
83.000,route_deviations,0
83.000,investigation_time_s,0.0
83.000,hazard_avoidances,0
83.000,min_hazard_distance_m,5.252220601828978
83.000,collisions,0
83.000,time_below_clearance_s,0.0
83.000,safety_zone_violations,0
83.000,min_ttc_s,18.568417674762557
83.000,avoid_success,0
83.000,avoid_timeout,0
83.000,q_convergence,0.661850808510998
83.000,update_residual,0.0661850808510998
83.000,investigation_deferred,0
83.000,nav_aborted,0
83.000,nav_canceled,0
83.000,nav_rejected,0
83.000,run_seed,6
84.000,anomalies_detected,0
84.000,anomalies_unique,0
84.000,investigation_timeouts,0
84.000,mission_duration_s,39.944
84.000,distance_traveled_m,10.210957002295755
84.000,route_deviations,0
84.000,investigation_time_s,0.0
84.000,hazard_avoidances,0
84.000,min_hazard_distance_m,5.141570979805652
84.000,collisions,0
84.000,time_below_clearance_s,0.0
84.000,safety_zone_violations,0
84.000,min_ttc_s,18.568417674762557
84.000,avoid_success,0
84.000,avoid_timeout,0
84.000,q_convergence,1.0687032794046447
84.000,update_residual,0.10687032794046446
84.000,investigation_deferred,0
84.000,nav_aborted,0
84.000,nav_canceled,0
84.000,nav_rejected,0
84.000,run_seed,6
85.000,anomalies_detected,0
85.000,anomalies_unique,0
85.000,investigation_timeouts,0
85.000,mission_duration_s,40.944
85.000,distance_traveled_m,10.473037000550374
85.000,route_deviations,0
85.000,investigation_time_s,0.0
85.000,hazard_avoidances,0
85.000,min_hazard_distance_m,5.04250296239281
85.000,collisions,0
85.000,time_below_clearance_s,0.0
85.000,safety_zone_violations,0
85.000,min_ttc_s,18.568417674762557
85.000,avoid_success,0
85.000,avoid_timeout,0
85.000,q_convergence,0.8546395479935552
85.000,update_residual,0.08546395479935552
85.000,investigation_deferred,0
85.000,nav_aborted,0
85.000,nav_canceled,0
85.000,nav_rejected,0
85.000,run_seed,6
86.000,anomalies_detected,0
86.000,anomalies_unique,0
86.000,investigation_timeouts,0
86.000,mission_duration_s,41.944
86.000,distance_traveled_m,10.725756997741051
86.000,route_deviations,0
86.000,investigation_time_s,0.0
86.000,hazard_avoidances,0
86.000,min_hazard_distance_m,4.9580330910764685
86.000,collisions,0
86.000,time_below_clearance_s,0.0
86.000,safety_zone_violations,0
86.000,min_ttc_s,18.568417674762557
86.000,avoid_success,0
86.000,avoid_timeout,0
86.000,q_convergence,0.7427270592952459
86.000,update_residual,0.0742727059295246
86.000,investigation_deferred,0
86.000,nav_aborted,0
86.000,nav_canceled,0
86.000,nav_rejected,0
86.000,run_seed,6
87.000,anomalies_detected,0
87.000,anomalies_unique,0
87.000,investigation_timeouts,0
87.000,mission_duration_s,42.944
87.000,distance_traveled_m,10.987836996143857
87.000,route_deviations,0
87.000,investigation_time_s,0.0
87.000,hazard_avoidances,0
87.000,min_hazard_distance_m,4.88505312527223
87.000,collisions,0
87.000,time_below_clearance_s,0.0
87.000,safety_zone_violations,0
87.000,min_ttc_s,18.568417674762557
87.000,avoid_success,0
87.000,avoid_timeout,0
87.000,q_convergence,0.6470516791398992
87.000,update_residual,0.06470516791398993
87.000,investigation_deferred,0
87.000,nav_aborted,0
87.000,nav_canceled,0
87.000,nav_rejected,0
87.000,run_seed,6
88.000,anomalies_detected,1
88.000,anomalies_unique,0
88.000,investigation_timeouts,0
88.000,mission_duration_s,43.944
88.000,distance_traveled_m,11.249916994592128
88.000,route_deviations,1
88.000,investigation_time_s,0.7999999999999972
88.000,hazard_avoidances,0
88.000,min_hazard_distance_m,4.820467690636478
88.000,collisions,0
88.000,time_below_clearance_s,0.0
88.000,safety_zone_violations,0
88.000,min_ttc_s,18.568417674762557
88.000,avoid_success,0
88.000,avoid_timeout,0
88.000,q_convergence,1.0328073179457375
88.000,update_residual,0.3148464141623413
88.000,investigation_deferred,0
88.000,nav_aborted,0
88.000,nav_canceled,0
88.000,nav_rejected,0
88.000,run_seed,6
89.000,anomalies_detected,1
89.000,anomalies_unique,0
89.000,investigation_timeouts,0
89.000,mission_duration_s,44.944
89.000,distance_traveled_m,11.390502319941708
89.000,route_deviations,1
89.000,investigation_time_s,1.7999999999999972
89.000,hazard_avoidances,0
89.000,min_hazard_distance_m,4.799021072923436
89.000,collisions,0
89.000,time_below_clearance_s,0.0
89.000,safety_zone_violations,0
89.000,min_ttc_s,18.568417674762557
89.000,avoid_success,0
89.000,avoid_timeout,0
89.000,q_convergence,0.4523695413988609
89.000,update_residual,0.2755211197262099
89.000,investigation_deferred,0
89.000,nav_aborted,0
89.000,nav_canceled,0
89.000,nav_rejected,0
89.000,run_seed,6
90.000,anomalies_detected,1
90.000,anomalies_unique,0
90.000,investigation_timeouts,0
90.000,mission_duration_s,45.944
90.000,distance_traveled_m,11.493979591219391
90.000,route_deviations,1
90.000,investigation_time_s,2.799999999999997
90.000,hazard_avoidances,0
90.000,min_hazard_distance_m,4.715677268477517
90.000,collisions,0
90.000,time_below_clearance_s,0.0
90.000,safety_zone_violations,0
90.000,min_ttc_s,16.69993215067972
90.000,avoid_success,0
90.000,avoid_timeout,0
90.000,q_convergence,0.11680366000366733
90.000,update_residual,0.20713350265880934
90.000,investigation_deferred,0
90.000,nav_aborted,0
90.000,nav_canceled,0
90.000,nav_rejected,0
90.000,run_seed,6
91.000,anomalies_detected,1
91.000,anomalies_unique,0
91.000,investigation_timeouts,0
91.000,mission_duration_s,46.944
91.000,distance_traveled_m,11.756057197029497
91.000,route_deviations,1
91.000,investigation_time_s,3.799999999999997
91.000,hazard_avoidances,0
91.000,min_hazard_distance_m,4.456646571881054
91.000,collisions,0
91.000,time_below_clearance_s,0.0
91.000,safety_zone_violations,0
91.000,min_ttc_s,8.906649022646908
91.000,avoid_success,0
91.000,avoid_timeout,0
91.000,q_convergence,0.15290217447073745
91.000,update_residual,0.1804513233013015
91.000,investigation_deferred,0
91.000,nav_aborted,0
91.000,nav_canceled,0
91.000,nav_rejected,0
91.000,run_seed,6
92.000,anomalies_detected,1
92.000,anomalies_unique,0
92.000,investigation_timeouts,0
92.000,mission_duration_s,47.944
92.000,distance_traveled_m,12.018137179408509
92.000,route_deviations,1
92.000,investigation_time_s,4.799999999999997
92.000,hazard_avoidances,0
92.000,min_hazard_distance_m,4.2008124879784585
92.000,collisions,0
92.000,time_below_clearance_s,0.0
92.000,safety_zone_violations,0
92.000,min_ttc_s,8.37381405797776
92.000,avoid_success,0
92.000,avoid_timeout,0
92.000,q_convergence,1.5314016808819855
92.000,update_residual,0.2755687801106173
92.000,investigation_deferred,0
92.000,nav_aborted,0
92.000,nav_canceled,0
92.000,nav_rejected,0
92.000,run_seed,6
93.000,anomalies_detected,1
93.000,anomalies_unique,0
93.000,investigation_timeouts,0
93.000,mission_duration_s,48.944
93.000,distance_traveled_m,12.280217168803564
93.000,route_deviations,1
93.000,investigation_time_s,5.799999999999997
93.000,hazard_avoidances,0
93.000,min_hazard_distance_m,3.944317521264897
93.000,collisions,0
93.000,time_below_clearance_s,0.0
93.000,safety_zone_violations,0
93.000,min_ttc_s,7.959346271532161
93.000,avoid_success,0
93.000,avoid_timeout,0
93.000,q_convergence,0.6867052349856516
93.000,update_residual,0.2100937866892663
93.000,investigation_deferred,0
93.000,nav_aborted,0
93.000,nav_canceled,0
93.000,nav_rejected,0
93.000,run_seed,6
94.000,anomalies_detected,1
94.000,anomalies_unique,0
94.000,investigation_timeouts,0
94.000,mission_duration_s,49.944
94.000,distance_traveled_m,12.542297089323014
94.000,route_deviations,1
94.000,investigation_time_s,6.799999999999997
94.000,hazard_avoidances,0
94.000,min_hazard_distance_m,3.6870324681221742
94.000,collisions,0
94.000,time_below_clearance_s,0.0
94.000,safety_zone_violations,0
94.000,min_ttc_s,7.220904602155743
94.000,avoid_success,0
94.000,avoid_timeout,0
94.000,q_convergence,0.4115937147705263
94.000,update_residual,0.1825826346677537
94.000,investigation_deferred,0
94.000,nav_aborted,0
94.000,nav_canceled,0
94.000,nav_rejected,0
94.000,run_seed,6
95.000,anomalies_detected,1
95.000,anomalies_unique,0
95.000,investigation_timeouts,0
95.000,mission_duration_s,50.944
95.000,distance_traveled_m,12.795017063486696
95.000,route_deviations,1
95.000,investigation_time_s,7.799999999999997
95.000,hazard_avoidances,0
95.000,min_hazard_distance_m,3.4368466429674127
95.000,collisions,0
95.000,time_below_clearance_s,0.0
95.000,safety_zone_violations,0
95.000,min_ttc_s,6.782692319422969
95.000,avoid_success,0
95.000,avoid_timeout,0
95.000,q_convergence,1.3088393445021735
95.000,update_residual,0.2425072957543064
95.000,investigation_deferred,0
95.000,nav_aborted,0
95.000,nav_canceled,0
95.000,nav_rejected,0
95.000,run_seed,6
96.000,anomalies_detected,1
96.000,anomalies_unique,0
96.000,investigation_timeouts,0
96.000,mission_duration_s,51.944
96.000,distance_traveled_m,13.057097054160815
96.000,route_deviations,1
96.000,investigation_time_s,8.799999999999997
96.000,hazard_avoidances,0
96.000,min_hazard_distance_m,3.1780455133856225
96.000,collisions,0
96.000,time_below_clearance_s,0.0
96.000,safety_zone_violations,0
96.000,min_ttc_s,6.366145996268698
96.000,avoid_success,0
96.000,avoid_timeout,0
96.000,q_convergence,1.035560112277022
96.000,update_residual,0.21486135725742064
96.000,investigation_deferred,0
96.000,nav_aborted,0
96.000,nav_canceled,0
96.000,nav_rejected,0
96.000,run_seed,6
97.000,anomalies_detected,1
97.000,anomalies_unique,0
97.000,investigation_timeouts,0
97.000,mission_duration_s,52.944
97.000,distance_traveled_m,13.31917702465862
97.000,route_deviations,1
97.000,investigation_time_s,9.799999999999997
97.000,hazard_avoidances,0
97.000,min_hazard_distance_m,2.9198021131074015
97.000,collisions,0
97.000,time_below_clearance_s,0.0
97.000,safety_zone_violations,0
97.000,min_ttc_s,5.760968332526953
97.000,avoid_success,0
97.000,avoid_timeout,0
97.000,q_convergence,0.7010192760626038
97.000,update_residual,0.17228023526154196
97.000,investigation_deferred,0
97.000,nav_aborted,0
97.000,nav_canceled,0
97.000,nav_rejected,0
97.000,run_seed,6
98.000,anomalies_detected,1
98.000,anomalies_unique,0
98.000,investigation_timeouts,0
98.000,mission_duration_s,53.944
98.000,distance_traveled_m,13.581256939766336
98.000,route_deviations,1
98.000,investigation_time_s,10.799999999999997
98.000,hazard_avoidances,0
98.000,min_hazard_distance_m,2.6596007799743897
98.000,collisions,0
98.000,time_below_clearance_s,0.0
98.000,safety_zone_violations,0
98.000,min_ttc_s,5.384213919136754
98.000,avoid_success,0
98.000,avoid_timeout,0
98.000,q_convergence,0.4853343947631664
98.000,update_residual,0.13538500098330591
98.000,investigation_deferred,0
98.000,nav_aborted,0
98.000,nav_canceled,0
98.000,nav_rejected,0
98.000,run_seed,6
99.000,anomalies_detected,1
99.000,anomalies_unique,0
99.000,investigation_timeouts,0
99.000,mission_duration_s,54.944
99.000,distance_traveled_m,13.833976876599682
99.000,route_deviations,2
99.000,investigation_time_s,11.799999999999997
99.000,hazard_avoidances,0
99.000,min_hazard_distance_m,2.4073430663757533
99.000,collisions,0
99.000,time_below_clearance_s,0.0
99.000,safety_zone_violations,0
99.000,min_ttc_s,4.965284766843843
99.000,avoid_success,0
99.000,avoid_timeout,0
99.000,q_convergence,3.7573556722409966
99.000,update_residual,0.1866460332272268
99.000,investigation_deferred,0
99.000,nav_aborted,0
99.000,nav_canceled,0
99.000,nav_rejected,0
99.000,run_seed,6
100.000,anomalies_detected,1
100.000,anomalies_unique,0
100.000,investigation_timeouts,0
100.000,mission_duration_s,55.944
100.000,distance_traveled_m,14.01452386604208
100.000,route_deviations,2
100.000,investigation_time_s,12.799999999999997
100.000,hazard_avoidances,0
100.000,min_hazard_distance_m,2.226809923385741
100.000,collisions,0
100.000,time_below_clearance_s,0.0
100.000,safety_zone_violations,0
100.000,min_ttc_s,4.659806628583838
100.000,avoid_success,0
100.000,avoid_timeout,0
100.000,q_convergence,3.6115288656435465
100.000,update_residual,0.13857164188591686
100.000,investigation_deferred,0
100.000,nav_aborted,0
100.000,nav_canceled,0
100.000,nav_rejected,0
100.000,run_seed,6
101.000,anomalies_detected,1
101.000,anomalies_unique,0
101.000,investigation_timeouts,0
101.000,mission_duration_s,56.944
101.000,distance_traveled_m,14.014523866047368
101.000,route_deviations,2
101.000,investigation_time_s,13.799999999999997
101.000,hazard_avoidances,0
101.000,min_hazard_distance_m,2.2268099233812086
101.000,collisions,0
101.000,time_below_clearance_s,0.0
101.000,safety_zone_violations,0
101.000,min_ttc_s,4.659806628583838
101.000,avoid_success,0
101.000,avoid_timeout,0
101.000,q_convergence,4.934086496726157
101.000,update_residual,0.022498482273598564
101.000,investigation_deferred,0
101.000,nav_aborted,0
101.000,nav_canceled,0
101.000,nav_rejected,0
101.000,run_seed,6
102.000,anomalies_detected,1
102.000,anomalies_unique,0
102.000,investigation_timeouts,0
102.000,mission_duration_s,57.944
102.000,distance_traveled_m,14.014523866047371
102.000,route_deviations,2
102.000,investigation_time_s,14.799999999999997
102.000,hazard_avoidances,0
102.000,min_hazard_distance_m,2.2268099233812033
102.000,collisions,0
102.000,time_below_clearance_s,0.0
102.000,safety_zone_violations,0
102.000,min_ttc_s,4.659806628583838
102.000,avoid_success,0
102.000,avoid_timeout,0
102.000,q_convergence,5.216656617491762
102.000,update_residual,0.00302466842240343
102.000,investigation_deferred,0
102.000,nav_aborted,0
102.000,nav_canceled,0
102.000,nav_rejected,0
102.000,run_seed,6
103.000,anomalies_detected,1
103.000,anomalies_unique,0
103.000,investigation_timeouts,0
103.000,mission_duration_s,58.944
103.000,distance_traveled_m,14.014523866047371
103.000,route_deviations,2
103.000,investigation_time_s,15.599999999999994
103.000,hazard_avoidances,0
103.000,min_hazard_distance_m,2.2268099233812033
103.000,collisions,0
103.000,time_below_clearance_s,0.0
103.000,safety_zone_violations,0
103.000,min_ttc_s,4.659806628583838
103.000,avoid_success,0
103.000,avoid_timeout,0
103.000,q_convergence,5.245320348657775
103.000,update_residual,0.00015829530599113597
103.000,investigation_deferred,0
103.000,nav_aborted,0
103.000,nav_canceled,0
103.000,nav_rejected,0
103.000,run_seed,6
104.000,anomalies_detected,1
104.000,anomalies_unique,1
104.000,investigation_timeouts,0
104.000,mission_duration_s,59.944
104.000,distance_traveled_m,14.117864152367416
104.000,route_deviations,2
104.000,investigation_time_s,15.599999999999994
104.000,hazard_avoidances,0
104.000,min_hazard_distance_m,2.2268099233812033
104.000,collisions,0
104.000,time_below_clearance_s,0.0
104.000,safety_zone_violations,0
104.000,min_ttc_s,4.659806628583838
104.000,avoid_success,0
104.000,avoid_timeout,0
104.000,q_convergence,5.246820458243975
104.000,update_residual,8.28434737099434e-06
104.000,investigation_deferred,0
104.000,nav_aborted,0
104.000,nav_canceled,0
104.000,nav_rejected,0
104.000,run_seed,6
105.000,anomalies_detected,1
105.000,anomalies_unique,1
105.000,investigation_timeouts,0
105.000,mission_duration_s,60.944
105.000,distance_traveled_m,14.193322130024033
105.000,route_deviations,2
105.000,investigation_time_s,15.599999999999994
105.000,hazard_avoidances,0
105.000,min_hazard_distance_m,2.2268099233812033
105.000,collisions,0
105.000,time_below_clearance_s,0.0
105.000,safety_zone_violations,0
105.000,min_ttc_s,4.659806628583838
105.000,avoid_success,0
105.000,avoid_timeout,0
105.000,q_convergence,5.246898833135537
105.000,update_residual,4.468582148917819e-07
105.000,investigation_deferred,0
105.000,nav_aborted,0
105.000,nav_canceled,0
105.000,nav_rejected,0
105.000,run_seed,6
106.000,anomalies_detected,1
106.000,anomalies_unique,1
106.000,investigation_timeouts,0
106.000,mission_duration_s,61.944
106.000,distance_traveled_m,14.453456931701655
106.000,route_deviations,2
106.000,investigation_time_s,15.599999999999994
106.000,hazard_avoidances,0
106.000,min_hazard_distance_m,2.2268099233812033
106.000,collisions,0
106.000,time_below_clearance_s,0.0
106.000,safety_zone_violations,0
106.000,min_ttc_s,4.659806628583838
106.000,avoid_success,0
106.000,avoid_timeout,0
106.000,q_convergence,5.246903049604058
106.000,update_residual,2.521136267609668e-08
106.000,investigation_deferred,0
106.000,nav_aborted,0
106.000,nav_canceled,0
106.000,nav_rejected,0
106.000,run_seed,6
107.000,anomalies_detected,1
107.000,anomalies_unique,1
107.000,investigation_timeouts,0
107.000,mission_duration_s,62.944
107.000,distance_traveled_m,14.71553689089144
107.000,route_deviations,2
107.000,investigation_time_s,15.599999999999994
107.000,hazard_avoidances,0
107.000,min_hazard_distance_m,2.2268099233812033
107.000,collisions,0
107.000,time_below_clearance_s,0.0
107.000,safety_zone_violations,0
107.000,min_ttc_s,4.659806628583838
107.000,avoid_success,0
107.000,avoid_timeout,0
107.000,q_convergence,4.022489388934973
107.000,update_residual,0.12037009842042913
107.000,investigation_deferred,0
107.000,nav_aborted,0
107.000,nav_canceled,0
107.000,nav_rejected,0
107.000,run_seed,6
108.000,anomalies_detected,1
108.000,anomalies_unique,1
108.000,investigation_timeouts,0
108.000,mission_duration_s,63.944
108.000,distance_traveled_m,14.96825688072354
108.000,route_deviations,2
108.000,investigation_time_s,15.599999999999994
108.000,hazard_avoidances,0
108.000,min_hazard_distance_m,2.2268099233812033
108.000,collisions,0
108.000,time_below_clearance_s,0.0
108.000,safety_zone_violations,0
108.000,min_ttc_s,4.659806628583838
108.000,avoid_success,0
108.000,avoid_timeout,0
108.000,q_convergence,4.894323933980694
108.000,update_residual,0.028497505730428686
108.000,investigation_deferred,0
108.000,nav_aborted,0
108.000,nav_canceled,0
108.000,nav_rejected,0
108.000,run_seed,6
109.000,anomalies_detected,1
109.000,anomalies_unique,1
109.000,investigation_timeouts,0
109.000,mission_duration_s,64.944
109.000,distance_traveled_m,15.230336821906429
109.000,route_deviations,2
109.000,investigation_time_s,15.599999999999994
109.000,hazard_avoidances,0
109.000,min_hazard_distance_m,2.2268099233812033
109.000,collisions,0
109.000,time_below_clearance_s,0.0
109.000,safety_zone_violations,0
109.000,min_ttc_s,4.659806628583838
109.000,avoid_success,0
109.000,avoid_timeout,0
109.000,q_convergence,4.711806051631742
109.000,update_residual,0.041865760270294004
109.000,investigation_deferred,0
109.000,nav_aborted,0
109.000,nav_canceled,0
109.000,nav_rejected,0
109.000,run_seed,6
110.000,anomalies_detected,1
110.000,anomalies_unique,1
110.000,investigation_timeouts,0
110.000,mission_duration_s,65.944
110.000,distance_traveled_m,15.492416780825245
110.000,route_deviations,2
110.000,investigation_time_s,15.599999999999994
110.000,hazard_avoidances,0
110.000,min_hazard_distance_m,2.2268099233812033
110.000,collisions,0
110.000,time_below_clearance_s,0.0
110.000,safety_zone_violations,0
110.000,min_ttc_s,4.659806628583838
110.000,avoid_success,0
110.000,avoid_timeout,0
110.000,q_convergence,4.10365535189369
110.000,update_residual,0.10165952561265912
110.000,investigation_deferred,0
110.000,nav_aborted,0
110.000,nav_canceled,0
110.000,nav_rejected,0
110.000,run_seed,6
111.000,anomalies_detected,1
111.000,anomalies_unique,1
111.000,investigation_timeouts,0
111.000,mission_duration_s,66.944
111.000,distance_traveled_m,15.75449676138239
111.000,route_deviations,2
111.000,investigation_time_s,15.599999999999994
111.000,hazard_avoidances,0
111.000,min_hazard_distance_m,2.2268099233812033
111.000,collisions,0
111.000,time_below_clearance_s,0.0
111.000,safety_zone_violations,0
111.000,min_ttc_s,4.659806628583838
111.000,avoid_success,0
111.000,avoid_timeout,0
111.000,q_convergence,4.097285452355419
111.000,update_residual,0.08684401440866428
111.000,investigation_deferred,0
111.000,nav_aborted,0
111.000,nav_canceled,0
111.000,nav_rejected,0
111.000,run_seed,6
112.000,anomalies_detected,1
112.000,anomalies_unique,1
112.000,investigation_timeouts,0
112.000,mission_duration_s,67.944
112.000,distance_traveled_m,16.016576736073304
112.000,route_deviations,2
112.000,investigation_time_s,15.599999999999994
112.000,hazard_avoidances,0
112.000,min_hazard_distance_m,2.2268099233812033
112.000,collisions,0
112.000,time_below_clearance_s,0.0
112.000,safety_zone_violations,0
112.000,min_ttc_s,4.659806628583838
112.000,avoid_success,0
112.000,avoid_timeout,0
112.000,q_convergence,4.376864480670078
112.000,update_residual,0.048476811713151366
112.000,investigation_deferred,0
112.000,nav_aborted,0
112.000,nav_canceled,0
112.000,nav_rejected,0
112.000,run_seed,6
113.000,anomalies_detected,1
113.000,anomalies_unique,1
113.000,investigation_timeouts,0
113.000,mission_duration_s,68.944
113.000,distance_traveled_m,16.269296723330164
113.000,route_deviations,2
113.000,investigation_time_s,15.599999999999994
113.000,hazard_avoidances,0
113.000,min_hazard_distance_m,2.2268099233812033
113.000,collisions,0
113.000,time_below_clearance_s,0.0
113.000,safety_zone_violations,0
113.000,min_ttc_s,4.659806628583838
113.000,avoid_success,0
113.000,avoid_timeout,0
113.000,q_convergence,4.7639682053292445
113.000,update_residual,0.001161589199126244
113.000,investigation_deferred,0
113.000,nav_aborted,0
113.000,nav_canceled,0
113.000,nav_rejected,0
113.000,run_seed,6
114.000,anomalies_detected,1
114.000,anomalies_unique,1
114.000,investigation_timeouts,0
114.000,mission_duration_s,69.944
114.000,distance_traveled_m,16.531376710522995
114.000,route_deviations,2
114.000,investigation_time_s,15.599999999999994
114.000,hazard_avoidances,0
114.000,min_hazard_distance_m,2.2268099233812033
114.000,collisions,0
114.000,time_below_clearance_s,0.0
114.000,safety_zone_violations,0
114.000,min_ttc_s,4.659806628583838
114.000,avoid_success,0
114.000,avoid_timeout,0
114.000,q_convergence,4.752978875277827
114.000,update_residual,6.265619398426736e-05
114.000,investigation_deferred,0
114.000,nav_aborted,0
114.000,nav_canceled,0
114.000,nav_rejected,0
114.000,run_seed,6
115.000,anomalies_detected,1
115.000,anomalies_unique,1
115.000,investigation_timeouts,0
115.000,mission_duration_s,70.944
115.000,distance_traveled_m,16.79345670450886
115.000,route_deviations,2
115.000,investigation_time_s,15.599999999999994
115.000,hazard_avoidances,0
115.000,min_hazard_distance_m,2.2268099233812033
115.000,collisions,0
115.000,time_below_clearance_s,0.0
115.000,safety_zone_violations,0
115.000,min_ttc_s,4.659806628583838
115.000,avoid_success,0
115.000,avoid_timeout,0
115.000,q_convergence,4.257202466897121
115.000,update_residual,0.04174060720846228
115.000,investigation_deferred,0
115.000,nav_aborted,0
115.000,nav_canceled,0
115.000,nav_rejected,0
115.000,run_seed,6
116.000,anomalies_detected,1
116.000,anomalies_unique,1
116.000,investigation_timeouts,0
116.000,mission_duration_s,71.944
116.000,distance_traveled_m,17.055536700828316
116.000,route_deviations,2
116.000,investigation_time_s,15.599999999999994
116.000,hazard_avoidances,0
116.000,min_hazard_distance_m,2.2268099233812033
116.000,collisions,0
116.000,time_below_clearance_s,0.0
116.000,safety_zone_violations,0
116.000,min_ttc_s,4.659806628583838
116.000,avoid_success,0
116.000,avoid_timeout,0
116.000,q_convergence,3.566086175217921
116.000,update_residual,0.08245928124385679
116.000,investigation_deferred,0
116.000,nav_aborted,0
116.000,nav_canceled,0
116.000,nav_rejected,0
116.000,run_seed,6
117.000,anomalies_detected,1
117.000,anomalies_unique,1
117.000,investigation_timeouts,0
117.000,mission_duration_s,72.944
117.000,distance_traveled_m,17.30825669743161
117.000,route_deviations,2
117.000,investigation_time_s,15.599999999999994
117.000,hazard_avoidances,0
117.000,min_hazard_distance_m,2.2268099233812033
117.000,collisions,0
117.000,time_below_clearance_s,0.0
117.000,safety_zone_violations,0
117.000,min_ttc_s,4.659806628583838
117.000,avoid_success,0
117.000,avoid_timeout,0
117.000,q_convergence,4.25771072149545
117.000,update_residual,0.00027941862772088273
117.000,investigation_deferred,0
117.000,nav_aborted,0
117.000,nav_canceled,0
117.000,nav_rejected,0
117.000,run_seed,6
118.000,anomalies_detected,1
118.000,anomalies_unique,1
118.000,investigation_timeouts,0
118.000,mission_duration_s,73.944
118.000,distance_traveled_m,17.570336694025944
118.000,route_deviations,2
118.000,investigation_time_s,15.599999999999994
118.000,hazard_avoidances,0
118.000,min_hazard_distance_m,2.2268099233812033
118.000,collisions,0
118.000,time_below_clearance_s,0.0
118.000,safety_zone_violations,0
118.000,min_ttc_s,4.659806628583838
118.000,avoid_success,0
118.000,avoid_timeout,0
118.000,q_convergence,4.2550672538006316
118.000,update_residual,1.5071858239132272e-05
118.000,investigation_deferred,0
118.000,nav_aborted,0
118.000,nav_canceled,0
118.000,nav_rejected,0
118.000,run_seed,6
119.000,anomalies_detected,1
119.000,anomalies_unique,1
119.000,investigation_timeouts,0
119.000,mission_duration_s,74.944
119.000,distance_traveled_m,17.832416690330966
119.000,route_deviations,2
119.000,investigation_time_s,15.599999999999994
119.000,hazard_avoidances,0
119.000,min_hazard_distance_m,2.2268099233812033
119.000,collisions,0
119.000,time_below_clearance_s,0.0
119.000,safety_zone_violations,0
119.000,min_ttc_s,4.659806628583838
119.000,avoid_success,0
119.000,avoid_timeout,0
119.000,q_convergence,3.2929520759817836
119.000,update_residual,0.08441435380280235
119.000,investigation_deferred,0
119.000,nav_aborted,0
119.000,nav_canceled,0
119.000,nav_rejected,0
119.000,run_seed,6
120.000,anomalies_detected,1
120.000,anomalies_unique,1
120.000,investigation_timeouts,0
120.000,mission_duration_s,75.944
120.000,distance_traveled_m,18.094496686789938
120.000,route_deviations,2
120.000,investigation_time_s,15.599999999999994
120.000,hazard_avoidances,0
120.000,min_hazard_distance_m,2.2268099233812033
120.000,collisions,0
120.000,time_below_clearance_s,0.0
120.000,safety_zone_violations,0
120.000,min_ttc_s,4.659806628583838
120.000,avoid_success,0
120.000,avoid_timeout,0
120.000,q_convergence,2.8421085889914153
120.000,update_residual,0.09878830226242351
120.000,investigation_deferred,0
120.000,nav_aborted,0
120.000,nav_canceled,0
120.000,nav_rejected,0
120.000,run_seed,6
121.000,anomalies_detected,1
121.000,anomalies_unique,1
121.000,investigation_timeouts,0
121.000,mission_duration_s,76.944
121.000,distance_traveled_m,18.356576436988526
121.000,route_deviations,2
121.000,investigation_time_s,15.599999999999994
121.000,hazard_avoidances,0
121.000,min_hazard_distance_m,2.2268099233812033
121.000,collisions,0
121.000,time_below_clearance_s,0.0
121.000,safety_zone_violations,0
121.000,min_ttc_s,4.659806628583838
121.000,avoid_success,0
121.000,avoid_timeout,0
121.000,q_convergence,3.7742948658083324
121.000,update_residual,0.005569674580731813
121.000,investigation_deferred,0
121.000,nav_aborted,0
121.000,nav_canceled,0
121.000,nav_rejected,0
121.000,run_seed,6
122.000,anomalies_detected,1
122.000,anomalies_unique,1
122.000,investigation_timeouts,0
122.000,mission_duration_s,77.944
122.000,distance_traveled_m,18.609296339222215
122.000,route_deviations,2
122.000,investigation_time_s,15.599999999999994
122.000,hazard_avoidances,0
122.000,min_hazard_distance_m,2.2268099233812033
122.000,collisions,0
122.000,time_below_clearance_s,0.0
122.000,safety_zone_violations,0
122.000,min_ttc_s,4.659806628583838
122.000,avoid_success,0
122.000,avoid_timeout,0
122.000,q_convergence,2.6877023343959197
122.000,update_residual,0.08606333150072262
122.000,investigation_deferred,0
122.000,nav_aborted,0
122.000,nav_canceled,0
122.000,nav_rejected,0
122.000,run_seed,6
123.000,anomalies_detected,1
123.000,anomalies_unique,1
123.000,investigation_timeouts,0
123.000,mission_duration_s,78.944
123.000,distance_traveled_m,18.87137629239459
123.000,route_deviations,2
123.000,investigation_time_s,15.599999999999994
123.000,hazard_avoidances,0
123.000,min_hazard_distance_m,2.2268099233812033
123.000,collisions,0
123.000,time_below_clearance_s,0.0
123.000,safety_zone_violations,0
123.000,min_ttc_s,4.659806628583838
123.000,avoid_success,0
123.000,avoid_timeout,0
123.000,q_convergence,3.476066442310499
123.000,update_residual,0.005126585458982196
123.000,investigation_deferred,0
123.000,nav_aborted,0
123.000,nav_canceled,0
123.000,nav_rejected,0
123.000,run_seed,6
124.000,anomalies_detected,1
124.000,anomalies_unique,1
124.000,investigation_timeouts,0
124.000,mission_duration_s,79.944
124.000,distance_traveled_m,19.13345626026765
124.000,route_deviations,2
124.000,investigation_time_s,15.599999999999994
124.000,hazard_avoidances,0
124.000,min_hazard_distance_m,2.2268099233812033
124.000,collisions,0
124.000,time_below_clearance_s,0.0
124.000,safety_zone_violations,0
124.000,min_ttc_s,4.659806628583838
124.000,avoid_success,0
124.000,avoid_timeout,0
124.000,q_convergence,2.4054388609314508
124.000,update_residual,0.07206639494228342
124.000,investigation_deferred,0
124.000,nav_aborted,0
124.000,nav_canceled,0
124.000,nav_rejected,0
124.000,run_seed,6
125.000,anomalies_detected,1
125.000,anomalies_unique,1
125.000,investigation_timeouts,0
125.000,mission_duration_s,80.944
125.000,distance_traveled_m,19.395536207509426
125.000,route_deviations,2
125.000,investigation_time_s,15.599999999999994
125.000,hazard_avoidances,0
125.000,min_hazard_distance_m,2.2268099233812033
125.000,collisions,0
125.000,time_below_clearance_s,0.0
125.000,safety_zone_violations,0
125.000,min_ttc_s,4.659806628583838
125.000,avoid_success,0
125.000,avoid_timeout,0
125.000,q_convergence,2.9442859673438186
125.000,update_residual,0.005394648502145333
125.000,investigation_deferred,0
125.000,nav_aborted,0
125.000,nav_canceled,0
125.000,nav_rejected,0
125.000,run_seed,6
126.000,anomalies_detected,1
126.000,anomalies_unique,1
126.000,investigation_timeouts,0
126.000,mission_duration_s,81.944
126.000,distance_traveled_m,19.64825617804385
126.000,route_deviations,2
126.000,investigation_time_s,15.599999999999994
126.000,hazard_avoidances,0
126.000,min_hazard_distance_m,2.2268099233812033
126.000,collisions,0
126.000,time_below_clearance_s,0.0
126.000,safety_zone_violations,0
126.000,min_ttc_s,4.659806628583838
126.000,avoid_success,0
126.000,avoid_timeout,0
126.000,q_convergence,2.6978879151275192
126.000,update_residual,0.014939033061703884
126.000,investigation_deferred,0
126.000,nav_aborted,0
126.000,nav_canceled,0
126.000,nav_rejected,0
126.000,run_seed,6
127.000,anomalies_detected,1
127.000,anomalies_unique,1
127.000,investigation_timeouts,0
127.000,mission_duration_s,82.944
127.000,distance_traveled_m,19.910336129562786
127.000,route_deviations,2
127.000,investigation_time_s,15.599999999999994
127.000,hazard_avoidances,0
127.000,min_hazard_distance_m,2.2268099233812033
127.000,collisions,0
127.000,time_below_clearance_s,0.0
127.000,safety_zone_violations,0
127.000,min_ttc_s,4.659806628583838
127.000,avoid_success,0
127.000,avoid_timeout,0
127.000,q_convergence,2.5565557082788137
127.000,update_residual,0.0008058123768332749
127.000,investigation_deferred,0
127.000,nav_aborted,0
127.000,nav_canceled,0
127.000,nav_rejected,0
127.000,run_seed,6
128.000,anomalies_detected,1
128.000,anomalies_unique,1
128.000,investigation_timeouts,0
128.000,mission_duration_s,83.944
128.000,distance_traveled_m,20.1724161025336
128.000,route_deviations,2
128.000,investigation_time_s,15.599999999999994
128.000,hazard_avoidances,0
128.000,min_hazard_distance_m,2.2268099233812033
128.000,collisions,0
128.000,time_below_clearance_s,0.0
128.000,safety_zone_violations,0
128.000,min_ttc_s,4.659806628583838
128.000,avoid_success,0
128.000,avoid_timeout,0
128.000,q_convergence,1.6837650474517658
128.000,update_residual,0.05098591785623769
128.000,investigation_deferred,0
128.000,nav_aborted,0
128.000,nav_canceled,0
128.000,nav_rejected,0
128.000,run_seed,6
129.000,anomalies_detected,1
129.000,anomalies_unique,1
129.000,investigation_timeouts,0
129.000,mission_duration_s,84.944
129.000,distance_traveled_m,20.434495892250382
129.000,route_deviations,2
129.000,investigation_time_s,15.599999999999994
129.000,hazard_avoidances,0
129.000,min_hazard_distance_m,2.2268099233812033
129.000,collisions,0
129.000,time_below_clearance_s,0.0
129.000,safety_zone_violations,0
129.000,min_ttc_s,4.659806628583838
129.000,avoid_success,0
129.000,avoid_timeout,0
129.000,q_convergence,1.919779196301953
129.000,update_residual,0.0078489691493131
129.000,investigation_deferred,0
129.000,nav_aborted,0
129.000,nav_canceled,0
129.000,nav_rejected,0
129.000,run_seed,6
130.000,anomalies_detected,1
130.000,anomalies_unique,1
130.000,investigation_timeouts,0
130.000,mission_duration_s,85.944
130.000,distance_traveled_m,20.6965752389718
130.000,route_deviations,2
130.000,investigation_time_s,15.599999999999994
130.000,hazard_avoidances,0
130.000,min_hazard_distance_m,2.2268099233812033
130.000,collisions,0
130.000,time_below_clearance_s,0.0
130.000,safety_zone_violations,0
130.000,min_ttc_s,4.659806628583838
130.000,avoid_success,0
130.000,avoid_timeout,0
130.000,q_convergence,1.8453972442348203
130.000,update_residual,0.000410773942599797
130.000,investigation_deferred,0
130.000,nav_aborted,0
130.000,nav_canceled,0
130.000,nav_rejected,0
130.000,run_seed,6
131.000,anomalies_detected,1
131.000,anomalies_unique,1
131.000,investigation_timeouts,0
131.000,mission_duration_s,86.944
131.000,distance_traveled_m,20.949295201438858
131.000,route_deviations,2
131.000,investigation_time_s,15.599999999999994
131.000,hazard_avoidances,0
131.000,min_hazard_distance_m,2.2268099233812033
131.000,collisions,0
131.000,time_below_clearance_s,0.0
131.000,safety_zone_violations,0
131.000,min_ttc_s,4.659806628583838
131.000,avoid_success,0
131.000,avoid_timeout,0
131.000,q_convergence,1.658789238143935
131.000,update_residual,0.009369315905643534
131.000,investigation_deferred,0
131.000,nav_aborted,0
131.000,nav_canceled,0
131.000,nav_rejected,0
131.000,run_seed,6
132.000,anomalies_detected,1
132.000,anomalies_unique,1
132.000,investigation_timeouts,0
132.000,mission_duration_s,87.944
132.000,distance_traveled_m,21.211375147952257
132.000,route_deviations,2
132.000,investigation_time_s,15.599999999999994
132.000,hazard_avoidances,0
132.000,min_hazard_distance_m,2.2268099233812033
132.000,collisions,0
132.000,time_below_clearance_s,0.0
132.000,safety_zone_violations,0
132.000,min_ttc_s,4.659806628583838
132.000,avoid_success,0
132.000,avoid_timeout,0
132.000,q_convergence,1.3718459787254944
132.000,update_residual,0.019528911836729314
132.000,investigation_deferred,0
132.000,nav_aborted,0
132.000,nav_canceled,0
132.000,nav_rejected,0
132.000,run_seed,6
133.000,anomalies_detected,1
133.000,anomalies_unique,1
133.000,investigation_timeouts,0
133.000,mission_duration_s,88.944
133.000,distance_traveled_m,21.47345510414542
133.000,route_deviations,2
133.000,investigation_time_s,15.599999999999994
133.000,hazard_avoidances,0
133.000,min_hazard_distance_m,2.2268099233812033
133.000,collisions,0
133.000,time_below_clearance_s,0.0
133.000,safety_zone_violations,0
133.000,min_ttc_s,4.659806628583838
133.000,avoid_success,0
133.000,avoid_timeout,0
133.000,q_convergence,1.3960577607292408
133.000,update_residual,0.006572609350486642
133.000,investigation_deferred,0
133.000,nav_aborted,0
133.000,nav_canceled,0
133.000,nav_rejected,0
133.000,run_seed,6
134.000,anomalies_detected,1
134.000,anomalies_unique,1
134.000,investigation_timeouts,0
134.000,mission_duration_s,89.944
134.000,distance_traveled_m,21.735535072321156
134.000,route_deviations,2
134.000,investigation_time_s,15.599999999999994
134.000,hazard_avoidances,0
134.000,min_hazard_distance_m,2.2268099233812033
134.000,collisions,0
134.000,time_below_clearance_s,0.0
134.000,safety_zone_violations,0
134.000,min_ttc_s,4.659806628583838
134.000,avoid_success,0
134.000,avoid_timeout,0
134.000,q_convergence,1.094279886276
134.000,update_residual,0.005148152845973316
134.000,investigation_deferred,0
134.000,nav_aborted,0
134.000,nav_canceled,0
134.000,nav_rejected,0
134.000,run_seed,6
135.000,anomalies_detected,1
135.000,anomalies_unique,1
135.000,investigation_timeouts,0
135.000,mission_duration_s,90.944
135.000,distance_traveled_m,21.98825504796485
135.000,route_deviations,2
135.000,investigation_time_s,15.599999999999994
135.000,hazard_avoidances,0
135.000,min_hazard_distance_m,2.2268099233812033
135.000,collisions,0
135.000,time_below_clearance_s,0.0
135.000,safety_zone_violations,0
135.000,min_ttc_s,4.659806628583838
135.000,avoid_success,0
135.000,avoid_timeout,0
135.000,q_convergence,1.0235481449082917
135.000,update_residual,0.006238351533868119
135.000,investigation_deferred,0
135.000,nav_aborted,0
135.000,nav_canceled,0
135.000,nav_rejected,0
135.000,run_seed,6
136.000,anomalies_detected,1
136.000,anomalies_unique,1
136.000,investigation_timeouts,0
136.000,mission_duration_s,91.944
136.000,distance_traveled_m,22.250335041614
136.000,route_deviations,2
136.000,investigation_time_s,15.599999999999994
136.000,hazard_avoidances,0
136.000,min_hazard_distance_m,2.2268099233812033
136.000,collisions,0
136.000,time_below_clearance_s,0.0
136.000,safety_zone_violations,0
136.000,min_ttc_s,4.659806628583838
136.000,avoid_success,0
136.000,avoid_timeout,0
136.000,q_convergence,0.9972145746046827
136.000,update_residual,0.0036049945035072275
136.000,investigation_deferred,0
136.000,nav_aborted,0
136.000,nav_canceled,0
136.000,nav_rejected,0
136.000,run_seed,6
137.000,anomalies_detected,1
137.000,anomalies_unique,1
137.000,investigation_timeouts,0
137.000,mission_duration_s,92.944
137.000,distance_traveled_m,22.512415013730756
137.000,route_deviations,2
137.000,investigation_time_s,15.599999999999994
137.000,hazard_avoidances,0
137.000,min_hazard_distance_m,2.2268099233812033
137.000,collisions,0
137.000,time_below_clearance_s,0.0
137.000,safety_zone_violations,0
137.000,min_ttc_s,4.659806628583838
137.000,avoid_success,0
137.000,avoid_timeout,0
137.000,q_convergence,0.9832514193992953
137.000,update_residual,0.01662614842651267
137.000,investigation_deferred,0
137.000,nav_aborted,0
137.000,nav_canceled,0
137.000,nav_rejected,0
137.000,run_seed,6
138.000,anomalies_detected,1
138.000,anomalies_unique,1
138.000,investigation_timeouts,0
138.000,mission_duration_s,93.944
138.000,distance_traveled_m,22.774494988411046
138.000,route_deviations,2
138.000,investigation_time_s,15.599999999999994
138.000,hazard_avoidances,0
138.000,min_hazard_distance_m,2.2268099233812033
138.000,collisions,0
138.000,time_below_clearance_s,0.0
138.000,safety_zone_violations,0
138.000,min_ttc_s,4.659806628583838
138.000,avoid_success,0
138.000,avoid_timeout,0
138.000,q_convergence,0.9614799760785785
138.000,update_residual,0.014449004094440948
138.000,investigation_deferred,0
138.000,nav_aborted,0
138.000,nav_canceled,0
138.000,nav_rejected,0
138.000,run_seed,6
139.000,anomalies_detected,1
139.000,anomalies_unique,1
139.000,investigation_timeouts,0
139.000,mission_duration_s,94.944
139.000,distance_traveled_m,23.036574967122593
139.000,route_deviations,2
139.000,investigation_time_s,15.599999999999994
139.000,hazard_avoidances,0
139.000,min_hazard_distance_m,2.2268099233812033
139.000,collisions,0
139.000,time_below_clearance_s,0.0
139.000,safety_zone_violations,0
139.000,min_ttc_s,4.659806628583838
139.000,avoid_success,0
139.000,avoid_timeout,0
139.000,q_convergence,0.9334498644208723
139.000,update_residual,0.02886113799042604
139.000,investigation_deferred,0
139.000,nav_aborted,0
139.000,nav_canceled,0
139.000,nav_rejected,0
139.000,run_seed,6
140.000,anomalies_detected,1
140.000,anomalies_unique,1
140.000,investigation_timeouts,0
140.000,mission_duration_s,95.944
140.000,distance_traveled_m,23.28929494811487
140.000,route_deviations,2
140.000,investigation_time_s,15.599999999999994
140.000,hazard_avoidances,0
140.000,min_hazard_distance_m,2.2268099233812033
140.000,collisions,0
140.000,time_below_clearance_s,0.0
140.000,safety_zone_violations,0
140.000,min_ttc_s,4.659806628583838
140.000,avoid_success,0
140.000,avoid_timeout,0
140.000,q_convergence,0.9664315509486764
140.000,update_residual,0.03761563228142396
140.000,investigation_deferred,0
140.000,nav_aborted,0
140.000,nav_canceled,0
140.000,nav_rejected,0
140.000,run_seed,6
141.000,anomalies_detected,1
141.000,anomalies_unique,1
141.000,investigation_timeouts,0
141.000,mission_duration_s,96.944
141.000,distance_traveled_m,23.551374914640196
141.000,route_deviations,2
141.000,investigation_time_s,15.599999999999994
141.000,hazard_avoidances,0
141.000,min_hazard_distance_m,2.2268099233812033
141.000,collisions,0
141.000,time_below_clearance_s,0.0
141.000,safety_zone_violations,0
141.000,min_ttc_s,4.659806628583838
141.000,avoid_success,0
141.000,avoid_timeout,0
141.000,q_convergence,0.9179764708049172
141.000,update_residual,0.032770124267048034
141.000,investigation_deferred,0
141.000,nav_aborted,0
141.000,nav_canceled,0
141.000,nav_rejected,0
141.000,run_seed,6
142.000,anomalies_detected,1
142.000,anomalies_unique,1
142.000,investigation_timeouts,0
142.000,mission_duration_s,97.944
142.000,distance_traveled_m,23.81345485901029
142.000,route_deviations,2
142.000,investigation_time_s,15.599999999999994
142.000,hazard_avoidances,0
142.000,min_hazard_distance_m,2.2268099233812033
142.000,collisions,0
142.000,time_below_clearance_s,0.0
142.000,safety_zone_violations,0
142.000,min_ttc_s,4.659806628583838
142.000,avoid_success,0
142.000,avoid_timeout,0
142.000,q_convergence,0.8700706085342338
142.000,update_residual,0.03683366646199623
142.000,investigation_deferred,0
142.000,nav_aborted,0
142.000,nav_canceled,0
142.000,nav_rejected,0
142.000,run_seed,6
143.000,anomalies_detected,1
143.000,anomalies_unique,1
143.000,investigation_timeouts,0
143.000,mission_duration_s,98.944
143.000,distance_traveled_m,24.075534846383153
143.000,route_deviations,2
143.000,investigation_time_s,15.599999999999994
143.000,hazard_avoidances,0
143.000,min_hazard_distance_m,2.2268099233812033
143.000,collisions,0
143.000,time_below_clearance_s,0.0
143.000,safety_zone_violations,0
143.000,min_ttc_s,4.659806628583838
143.000,avoid_success,0
143.000,avoid_timeout,0
143.000,q_convergence,0.9506924223551858
143.000,update_residual,0.055468098805142155
143.000,investigation_deferred,0
143.000,nav_aborted,0
143.000,nav_canceled,0
143.000,nav_rejected,0
143.000,run_seed,6
144.000,anomalies_detected,1
144.000,anomalies_unique,1
144.000,investigation_timeouts,0
144.000,mission_duration_s,99.944
144.000,distance_traveled_m,24.32825483220595
144.000,route_deviations,2
144.000,investigation_time_s,15.599999999999994
144.000,hazard_avoidances,0
144.000,min_hazard_distance_m,2.2268099233812033
144.000,collisions,0
144.000,time_below_clearance_s,0.0
144.000,safety_zone_violations,0
144.000,min_ttc_s,4.659806628583838
144.000,avoid_success,0
144.000,avoid_timeout,0
144.000,q_convergence,0.9351141447014554
144.000,update_residual,0.05726113702233944
144.000,investigation_deferred,0
144.000,nav_aborted,0
144.000,nav_canceled,0
144.000,nav_rejected,0
144.000,run_seed,6
145.000,anomalies_detected,1
145.000,anomalies_unique,1
145.000,investigation_timeouts,0
145.000,mission_duration_s,100.944
145.000,distance_traveled_m,24.590334828796756
145.000,route_deviations,2
145.000,investigation_time_s,15.599999999999994
145.000,hazard_avoidances,0
145.000,min_hazard_distance_m,2.2268099233812033
145.000,collisions,0
145.000,time_below_clearance_s,0.0
145.000,safety_zone_violations,0
145.000,min_ttc_s,4.659806628583838
145.000,avoid_success,0
145.000,avoid_timeout,0
145.000,q_convergence,0.8613524447044456
145.000,update_residual,0.04988496702263845
145.000,investigation_deferred,0
145.000,nav_aborted,0
145.000,nav_canceled,0
145.000,nav_rejected,0
145.000,run_seed,6
146.000,anomalies_detected,1
146.000,anomalies_unique,1
146.000,investigation_timeouts,0
146.000,mission_duration_s,101.944
146.000,distance_traveled_m,24.85241482379698
146.000,route_deviations,2
146.000,investigation_time_s,15.599999999999994
146.000,hazard_avoidances,0
146.000,min_hazard_distance_m,2.2268099233812033
146.000,collisions,0
146.000,time_below_clearance_s,0.0
146.000,safety_zone_violations,0
146.000,min_ttc_s,4.659806628583838
146.000,avoid_success,0
146.000,avoid_timeout,0
146.000,q_convergence,0.7936263449901176
146.000,update_residual,0.04854989866837656
146.000,investigation_deferred,0
146.000,nav_aborted,0
146.000,nav_canceled,0
146.000,nav_rejected,0
146.000,run_seed,6
147.000,anomalies_detected,1
147.000,anomalies_unique,1
147.000,investigation_timeouts,0
147.000,mission_duration_s,102.944
147.000,distance_traveled_m,25.1144948058751
147.000,route_deviations,2
147.000,investigation_time_s,15.599999999999994
147.000,hazard_avoidances,0
147.000,min_hazard_distance_m,2.2268099233812033
147.000,collisions,0
147.000,time_below_clearance_s,0.0
147.000,safety_zone_violations,0
147.000,min_ttc_s,4.659806628583838
147.000,avoid_success,0
147.000,avoid_timeout,0
147.000,q_convergence,0.9862239817457424
147.000,update_residual,0.07430234596539434
147.000,investigation_deferred,0
147.000,nav_aborted,0
147.000,nav_canceled,0
147.000,nav_rejected,0
147.000,run_seed,6
148.000,anomalies_detected,1
148.000,anomalies_unique,1
148.000,investigation_timeouts,0
148.000,mission_duration_s,103.944
148.000,distance_traveled_m,25.376574598881543
148.000,route_deviations,2
148.000,investigation_time_s,15.599999999999994
148.000,hazard_avoidances,0
148.000,min_hazard_distance_m,2.2268099233812033
148.000,collisions,0
148.000,time_below_clearance_s,0.0
148.000,safety_zone_violations,0
148.000,min_ttc_s,4.659806628583838
148.000,avoid_success,0
148.000,avoid_timeout,0
148.000,q_convergence,0.9087200486601189
148.000,update_residual,0.064681179409972
148.000,investigation_deferred,0
148.000,nav_aborted,0
148.000,nav_canceled,0
148.000,nav_rejected,0
148.000,run_seed,6
149.000,anomalies_detected,1
149.000,anomalies_unique,1
149.000,investigation_timeouts,0
149.000,mission_duration_s,104.944
149.000,distance_traveled_m,25.629294277689397
149.000,route_deviations,2
149.000,investigation_time_s,15.599999999999994
149.000,hazard_avoidances,0
149.000,min_hazard_distance_m,2.2268099233812033
149.000,collisions,0
149.000,time_below_clearance_s,0.0
149.000,safety_zone_violations,0
149.000,min_ttc_s,4.659806628583838
149.000,avoid_success,0
149.000,avoid_timeout,0
149.000,q_convergence,0.8214815664962624
149.000,update_residual,0.059885955011992294
149.000,investigation_deferred,0
149.000,nav_aborted,0
149.000,nav_canceled,0
149.000,nav_rejected,0
149.000,run_seed,6
150.000,anomalies_detected,1
150.000,anomalies_unique,1
150.000,investigation_timeouts,0
150.000,mission_duration_s,105.944
150.000,distance_traveled_m,25.89137379923701
150.000,route_deviations,2
150.000,investigation_time_s,15.599999999999994
150.000,hazard_avoidances,0
150.000,min_hazard_distance_m,2.2268099233812033
150.000,collisions,0
150.000,time_below_clearance_s,0.0
150.000,safety_zone_violations,0
150.000,min_ttc_s,4.659806628583838
150.000,avoid_success,0
150.000,avoid_timeout,0
150.000,q_convergence,0.7443386720772138
150.000,update_residual,0.05217166557008744
150.000,investigation_deferred,0
150.000,nav_aborted,0
150.000,nav_canceled,0
150.000,nav_rejected,0
150.000,run_seed,6
151.000,anomalies_detected,1
151.000,anomalies_unique,1
151.000,investigation_timeouts,0
151.000,mission_duration_s,106.944
151.000,distance_traveled_m,26.108836482901573
151.000,route_deviations,2
151.000,investigation_time_s,15.599999999999994
151.000,hazard_avoidances,0
151.000,min_hazard_distance_m,2.2268099233812033
151.000,collisions,0
151.000,time_below_clearance_s,0.0
151.000,safety_zone_violations,0
151.000,min_ttc_s,4.659806628583838
151.000,avoid_success,0
151.000,avoid_timeout,0
151.000,q_convergence,1.0201336851105844
151.000,update_residual,0.08444213078992598
151.000,investigation_deferred,0
151.000,nav_aborted,0
151.000,nav_canceled,0
151.000,nav_rejected,0
151.000,run_seed,6
152.000,anomalies_detected,1
152.000,anomalies_unique,1
152.000,investigation_timeouts,0
152.000,mission_duration_s,107.944
152.000,distance_traveled_m,26.15854523368646
152.000,route_deviations,2
152.000,investigation_time_s,15.599999999999994
152.000,hazard_avoidances,0
152.000,min_hazard_distance_m,2.2268099233812033
152.000,collisions,0
152.000,time_below_clearance_s,0.0
152.000,safety_zone_violations,0
152.000,min_ttc_s,4.659806628583838
152.000,avoid_success,0
152.000,avoid_timeout,0
152.000,q_convergence,0.8891274088636119
152.000,update_residual,0.06998986949437236
152.000,investigation_deferred,0
152.000,nav_aborted,0
152.000,nav_canceled,0
152.000,nav_rejected,0
152.000,run_seed,6
153.000,anomalies_detected,1
153.000,anomalies_unique,1
153.000,investigation_timeouts,0
153.000,mission_duration_s,108.944
153.000,distance_traveled_m,26.33939043983522
153.000,route_deviations,2
153.000,investigation_time_s,15.599999999999994
153.000,hazard_avoidances,0
153.000,min_hazard_distance_m,2.2268099233812033
153.000,collisions,0
153.000,time_below_clearance_s,0.0
153.000,safety_zone_violations,0
153.000,min_ttc_s,4.659806628583838
153.000,avoid_success,0
153.000,avoid_timeout,0
153.000,q_convergence,0.7956423212987865
153.000,update_residual,0.06347979144668815
153.000,investigation_deferred,0
153.000,nav_aborted,0
153.000,nav_canceled,0
153.000,nav_rejected,0
153.000,run_seed,6
154.000,anomalies_detected,1
154.000,anomalies_unique,1
154.000,investigation_timeouts,0
154.000,mission_duration_s,109.944
154.000,distance_traveled_m,26.601470366024316
154.000,route_deviations,2
154.000,investigation_time_s,15.599999999999994
154.000,hazard_avoidances,0
154.000,min_hazard_distance_m,2.2268099233812033
154.000,collisions,0
154.000,time_below_clearance_s,0.0
154.000,safety_zone_violations,0
154.000,min_ttc_s,4.659806628583838
154.000,avoid_success,0
154.000,avoid_timeout,0
154.000,q_convergence,0.7138699783790744
154.000,update_residual,0.055302557154716936
154.000,investigation_deferred,0
154.000,nav_aborted,0
154.000,nav_canceled,0
154.000,nav_rejected,0
154.000,run_seed,6
155.000,anomalies_detected,1
155.000,anomalies_unique,1
155.000,investigation_timeouts,0
155.000,mission_duration_s,110.944
155.000,distance_traveled_m,26.86355036295463
155.000,route_deviations,2
155.000,investigation_time_s,15.599999999999994
155.000,hazard_avoidances,0
155.000,min_hazard_distance_m,2.2268099233812033
155.000,collisions,0
155.000,time_below_clearance_s,0.0
155.000,safety_zone_violations,0
155.000,min_ttc_s,4.659806628583838
155.000,avoid_success,0
155.000,avoid_timeout,0
155.000,q_convergence,0.6411265843780131
155.000,update_residual,0.0504408838570894
155.000,investigation_deferred,0
155.000,nav_aborted,0
155.000,nav_canceled,0
155.000,nav_rejected,0
155.000,run_seed,6
156.000,anomalies_detected,1
156.000,anomalies_unique,1
156.000,investigation_timeouts,0
156.000,mission_duration_s,111.944
156.000,distance_traveled_m,27.12563036165115
156.000,route_deviations,2
156.000,investigation_time_s,15.599999999999994
156.000,hazard_avoidances,0
156.000,min_hazard_distance_m,2.2268099233812033
156.000,collisions,0
156.000,time_below_clearance_s,0.0
156.000,safety_zone_violations,0
156.000,min_ttc_s,4.659806628583838
156.000,avoid_success,0
156.000,avoid_timeout,0
156.000,q_convergence,1.1409880581355254
156.000,update_residual,0.1014035865600343
156.000,investigation_deferred,0
156.000,nav_aborted,0
156.000,nav_canceled,0
156.000,nav_rejected,0
156.000,run_seed,6
157.000,anomalies_detected,1
157.000,anomalies_unique,1
157.000,investigation_timeouts,0
157.000,mission_duration_s,112.944
157.000,distance_traveled_m,27.387710361272248
157.000,route_deviations,2
157.000,investigation_time_s,15.599999999999994
157.000,hazard_avoidances,0
157.000,min_hazard_distance_m,2.2268099233812033
157.000,collisions,0
157.000,time_below_clearance_s,0.0
157.000,safety_zone_violations,0
157.000,min_ttc_s,4.659806628583838
157.000,avoid_success,0
157.000,avoid_timeout,0
157.000,q_convergence,0.8477480889181349
157.000,update_residual,0.07315380049820837
157.000,investigation_deferred,0
157.000,nav_aborted,0
157.000,nav_canceled,0
157.000,nav_rejected,0
157.000,run_seed,6
158.000,anomalies_detected,1
158.000,anomalies_unique,1
158.000,investigation_timeouts,0
158.000,mission_duration_s,113.944
158.000,distance_traveled_m,27.64043036117834
158.000,route_deviations,2
158.000,investigation_time_s,15.599999999999994
158.000,hazard_avoidances,0
158.000,min_hazard_distance_m,2.2268099233812033
158.000,collisions,0
158.000,time_below_clearance_s,0.0
158.000,safety_zone_violations,0
158.000,min_ttc_s,4.659806628583838
158.000,avoid_success,0
158.000,avoid_timeout,0
158.000,q_convergence,0.7508281827650194
158.000,update_residual,0.06520496114193755
158.000,investigation_deferred,0
158.000,nav_aborted,0
158.000,nav_canceled,0
158.000,nav_rejected,0
158.000,run_seed,6
159.000,anomalies_detected,1
159.000,anomalies_unique,1
159.000,investigation_timeouts,0
159.000,mission_duration_s,114.944
159.000,distance_traveled_m,27.902510361032935
159.000,route_deviations,2
159.000,investigation_time_s,15.599999999999994
159.000,hazard_avoidances,0
159.000,min_hazard_distance_m,2.2268099233812033
159.000,collisions,0
159.000,time_below_clearance_s,0.0
159.000,safety_zone_violations,0
159.000,min_ttc_s,4.659806628583838
159.000,avoid_success,0
159.000,avoid_timeout,0
159.000,q_convergence,0.8916798508385013
159.000,update_residual,0.08002182107036458
159.000,investigation_deferred,0
159.000,nav_aborted,0
159.000,nav_canceled,0
159.000,nav_rejected,0
159.000,run_seed,6
160.000,anomalies_detected,1
160.000,anomalies_unique,1
160.000,investigation_timeouts,0
160.000,mission_duration_s,115.944
160.000,distance_traveled_m,28.164590360950072
160.000,route_deviations,2
160.000,investigation_time_s,15.599999999999994
160.000,hazard_avoidances,0
160.000,min_hazard_distance_m,2.2268099233812033
160.000,collisions,0
160.000,time_below_clearance_s,0.0
160.000,safety_zone_violations,0
160.000,min_ttc_s,4.659806628583838
160.000,avoid_success,0
160.000,avoid_timeout,0
160.000,q_convergence,0.9365503492427266
160.000,update_residual,0.08525885635989296
160.000,investigation_deferred,0
160.000,nav_aborted,0
160.000,nav_canceled,0
160.000,nav_rejected,0
160.000,run_seed,6
161.000,anomalies_detected,1
161.000,anomalies_unique,1
161.000,investigation_timeouts,0
161.000,mission_duration_s,116.944
161.000,distance_traveled_m,28.426670360857525
161.000,route_deviations,2
161.000,investigation_time_s,15.599999999999994
161.000,hazard_avoidances,0
161.000,min_hazard_distance_m,2.2268099233812033
161.000,collisions,0
161.000,time_below_clearance_s,0.0
161.000,safety_zone_violations,0
161.000,min_ttc_s,4.659806628583838
161.000,avoid_success,0
161.000,avoid_timeout,0
161.000,q_convergence,0.8240920318734286
161.000,update_residual,0.0752724514076201
161.000,investigation_deferred,0
161.000,nav_aborted,0
161.000,nav_canceled,0
161.000,nav_rejected,0
161.000,run_seed,6
162.000,anomalies_detected,1
162.000,anomalies_unique,1
162.000,investigation_timeouts,0
162.000,mission_duration_s,117.944
162.000,distance_traveled_m,28.679390360803296
162.000,route_deviations,2
162.000,investigation_time_s,15.599999999999994
162.000,hazard_avoidances,0
162.000,min_hazard_distance_m,2.2268099233812033
162.000,collisions,0
162.000,time_below_clearance_s,0.0
162.000,safety_zone_violations,0
162.000,min_ttc_s,4.659806628583838
162.000,avoid_success,0
162.000,avoid_timeout,0
162.000,q_convergence,0.7255250115755005
162.000,update_residual,0.06541574937782728
162.000,investigation_deferred,0
162.000,nav_aborted,0
162.000,nav_canceled,0
162.000,nav_rejected,0
162.000,run_seed,6
163.000,anomalies_detected,1
163.000,anomalies_unique,1
163.000,investigation_timeouts,0
163.000,mission_duration_s,118.944
163.000,distance_traveled_m,28.94147036075436
163.000,route_deviations,2
163.000,investigation_time_s,15.599999999999994
163.000,hazard_avoidances,0
163.000,min_hazard_distance_m,2.2268099233812033
163.000,collisions,0
163.000,time_below_clearance_s,0.0
163.000,safety_zone_violations,0
163.000,min_ttc_s,4.659806628583838
163.000,avoid_success,0
163.000,avoid_timeout,0
163.000,q_convergence,0.9347794290417836
163.000,update_residual,0.08786105492939654
163.000,investigation_deferred,0
163.000,nav_aborted,0
163.000,nav_canceled,0
163.000,nav_rejected,0
163.000,run_seed,6
164.000,anomalies_detected,1
164.000,anomalies_unique,1
164.000,investigation_timeouts,0
164.000,mission_duration_s,119.944
164.000,distance_traveled_m,29.203550360683643
164.000,route_deviations,2
164.000,investigation_time_s,15.599999999999994
164.000,hazard_avoidances,0
164.000,min_hazard_distance_m,2.2268099233812033
164.000,collisions,0
164.000,time_below_clearance_s,0.0
164.000,safety_zone_violations,0
164.000,min_ttc_s,4.659806628583838
164.000,avoid_success,0
164.000,avoid_timeout,0
164.000,q_convergence,0.9175120867068466
164.000,update_residual,0.08568496965792036
164.000,investigation_deferred,0
164.000,nav_aborted,0
164.000,nav_canceled,0
164.000,nav_rejected,0
164.000,run_seed,6
165.000,anomalies_detected,1
165.000,anomalies_unique,1
165.000,investigation_timeouts,0
165.000,mission_duration_s,120.944
165.000,distance_traveled_m,29.465630360483047
165.000,route_deviations,2
165.000,investigation_time_s,15.599999999999994
165.000,hazard_avoidances,0
165.000,min_hazard_distance_m,2.2268099233812033
165.000,collisions,0
165.000,time_below_clearance_s,0.0
165.000,safety_zone_violations,0
165.000,min_ttc_s,4.659806628583838
165.000,avoid_success,0
165.000,avoid_timeout,0
165.000,q_convergence,0.8047217824422859
165.000,update_residual,0.07531587508337892
165.000,investigation_deferred,0
165.000,nav_aborted,0
165.000,nav_canceled,0
165.000,nav_rejected,0
165.000,run_seed,6
166.000,anomalies_detected,1
166.000,anomalies_unique,1
166.000,investigation_timeouts,0
166.000,mission_duration_s,121.944
166.000,distance_traveled_m,29.727710360415905
166.000,route_deviations,2
166.000,investigation_time_s,15.599999999999994
166.000,hazard_avoidances,0
166.000,min_hazard_distance_m,2.2268099233812033
166.000,collisions,0
166.000,time_below_clearance_s,0.0
166.000,safety_zone_violations,0
166.000,min_ttc_s,4.659806628583838
166.000,avoid_success,0
166.000,avoid_timeout,0
166.000,q_convergence,0.7060979001417274
166.000,update_residual,0.06545348685332304
166.000,investigation_deferred,0
166.000,nav_aborted,0
166.000,nav_canceled,0
166.000,nav_rejected,0
166.000,run_seed,6
167.000,anomalies_detected,1
167.000,anomalies_unique,1
167.000,investigation_timeouts,0
167.000,mission_duration_s,122.944
167.000,distance_traveled_m,29.98043036036744
167.000,route_deviations,2
167.000,investigation_time_s,15.599999999999994
167.000,hazard_avoidances,0
167.000,min_hazard_distance_m,2.2268099233812033
167.000,collisions,0
167.000,time_below_clearance_s,0.0
167.000,safety_zone_violations,0
167.000,min_ttc_s,4.659806628583838
167.000,avoid_success,0
167.000,avoid_timeout,0
167.000,q_convergence,0.9787929892261442
167.000,update_residual,0.09380950249922947
167.000,investigation_deferred,0
167.000,nav_aborted,0
167.000,nav_canceled,0
167.000,nav_rejected,0
167.000,run_seed,6
168.000,anomalies_detected,1
168.000,anomalies_unique,1
168.000,investigation_timeouts,0
168.000,mission_duration_s,123.944
168.000,distance_traveled_m,30.24251036032198
168.000,route_deviations,2
168.000,investigation_time_s,15.599999999999994
168.000,hazard_avoidances,0
168.000,min_hazard_distance_m,2.2268099233812033
168.000,collisions,0
168.000,time_below_clearance_s,0.0
168.000,safety_zone_violations,0
168.000,min_ttc_s,4.659806628583838
168.000,avoid_success,0
168.000,avoid_timeout,0
168.000,q_convergence,0.896531124898888
168.000,update_residual,0.08527025480316654
168.000,investigation_deferred,0
168.000,nav_aborted,0
168.000,nav_canceled,0
168.000,nav_rejected,0
168.000,run_seed,6
169.000,anomalies_detected,1
169.000,anomalies_unique,1
169.000,investigation_timeouts,0
169.000,mission_duration_s,124.944
169.000,distance_traveled_m,30.504590360265556
169.000,route_deviations,2
169.000,investigation_time_s,15.599999999999994
169.000,hazard_avoidances,0
169.000,min_hazard_distance_m,2.2268099233812033
169.000,collisions,0
169.000,time_below_clearance_s,0.0
169.000,safety_zone_violations,0
169.000,min_ttc_s,4.659806628583838
169.000,avoid_success,0
169.000,avoid_timeout,0
169.000,q_convergence,0.786349508472116
169.000,update_residual,0.07490952181349768
169.000,investigation_deferred,0
169.000,nav_aborted,0
169.000,nav_canceled,0
169.000,nav_rejected,0
169.000,run_seed,6
170.000,anomalies_detected,1
170.000,anomalies_unique,1
170.000,investigation_timeouts,0
170.000,mission_duration_s,125.944
170.000,distance_traveled_m,30.76667036011752
170.000,route_deviations,2
170.000,investigation_time_s,15.599999999999994
170.000,hazard_avoidances,0
170.000,min_hazard_distance_m,2.2268099233812033
170.000,collisions,0
170.000,time_below_clearance_s,0.0
170.000,safety_zone_violations,0
170.000,min_ttc_s,4.659806628583838
170.000,avoid_success,0
170.000,avoid_timeout,0
170.000,q_convergence,0.6878963804726166
170.000,update_residual,0.06562302336860482
170.000,investigation_deferred,0
170.000,nav_aborted,0
170.000,nav_canceled,0
170.000,nav_rejected,0
170.000,run_seed,6
171.000,anomalies_detected,1
171.000,anomalies_unique,1
171.000,investigation_timeouts,0
171.000,mission_duration_s,126.944
171.000,distance_traveled_m,31.028750360034213
171.000,route_deviations,2
171.000,investigation_time_s,15.599999999999994
171.000,hazard_avoidances,0
171.000,min_hazard_distance_m,2.2268099233812033
171.000,collisions,0
171.000,time_below_clearance_s,0.0
171.000,safety_zone_violations,0
171.000,min_ttc_s,4.659806628583838
171.000,avoid_success,0
171.000,avoid_timeout,0
171.000,q_convergence,1.0220077049160687
171.000,update_residual,0.0997014067630956
171.000,investigation_deferred,0
171.000,nav_aborted,0
171.000,nav_canceled,0
171.000,nav_rejected,0
171.000,run_seed,6
172.000,anomalies_detected,1
172.000,anomalies_unique,1
172.000,investigation_timeouts,0
172.000,mission_duration_s,127.944
172.000,distance_traveled_m,31.28147035999055
172.000,route_deviations,2
172.000,investigation_time_s,15.599999999999994
172.000,hazard_avoidances,0
172.000,min_hazard_distance_m,2.2268099233812033
172.000,collisions,0
172.000,time_below_clearance_s,0.0
172.000,safety_zone_violations,0
172.000,min_ttc_s,4.659806628583838
172.000,avoid_success,0
172.000,avoid_timeout,0
172.000,q_convergence,0.8751337489076688
172.000,update_residual,0.08522549578543734
172.000,investigation_deferred,0
172.000,nav_aborted,0
172.000,nav_canceled,0
172.000,nav_rejected,0
172.000,run_seed,6
173.000,anomalies_detected,1
173.000,anomalies_unique,1
173.000,investigation_timeouts,0
173.000,mission_duration_s,128.94400000000002
173.000,distance_traveled_m,31.543550359942888
173.000,route_deviations,2
173.000,investigation_time_s,15.599999999999994
173.000,hazard_avoidances,0
173.000,min_hazard_distance_m,2.2268099233812033
173.000,collisions,0
173.000,time_below_clearance_s,0.0
173.000,safety_zone_violations,0
173.000,min_ttc_s,4.659806628583838
173.000,avoid_success,0
173.000,avoid_timeout,0
173.000,q_convergence,0.7651353396734097
173.000,update_residual,0.0745688367278109
173.000,investigation_deferred,0
173.000,nav_aborted,0
173.000,nav_canceled,0
173.000,nav_rejected,0
173.000,run_seed,6
174.000,anomalies_detected,1
174.000,anomalies_unique,1
174.000,investigation_timeouts,0
174.000,mission_duration_s,129.94400000000002
174.000,distance_traveled_m,31.80563035981077
174.000,route_deviations,2
174.000,investigation_time_s,15.599999999999994
174.000,hazard_avoidances,0
174.000,min_hazard_distance_m,2.2268099233812033
174.000,collisions,0
174.000,time_below_clearance_s,0.0
174.000,safety_zone_violations,0
174.000,min_ttc_s,4.659806628583838
174.000,avoid_success,0
174.000,avoid_timeout,0
174.000,q_convergence,0.6691532861269531
174.000,update_residual,0.06497063137316521
174.000,investigation_deferred,0
174.000,nav_aborted,0
174.000,nav_canceled,0
174.000,nav_rejected,0
174.000,run_seed,6
175.000,anomalies_detected,1
175.000,anomalies_unique,1
175.000,investigation_timeouts,0
175.000,mission_duration_s,130.94400000000002
175.000,distance_traveled_m,32.06771035976245
175.000,route_deviations,2
175.000,investigation_time_s,15.599999999999994
175.000,hazard_avoidances,0
175.000,min_hazard_distance_m,2.2268099233812033
175.000,collisions,0
175.000,time_below_clearance_s,0.0
175.000,safety_zone_violations,0
175.000,min_ttc_s,4.659806628583838
175.000,avoid_success,0
175.000,avoid_timeout,0
175.000,q_convergence,1.0749259903449195
175.000,update_residual,0.10595767728471997
175.000,investigation_deferred,0
175.000,nav_aborted,0
175.000,nav_canceled,0
175.000,nav_rejected,0
175.000,run_seed,6
176.000,anomalies_detected,1
176.000,anomalies_unique,1
176.000,investigation_timeouts,0
176.000,mission_duration_s,131.94400000000002
176.000,distance_traveled_m,32.320430359678035
176.000,route_deviations,2
176.000,investigation_time_s,15.599999999999994
176.000,hazard_avoidances,0
176.000,min_hazard_distance_m,2.2268099233812033
176.000,collisions,0
176.000,time_below_clearance_s,0.0
176.000,safety_zone_violations,0
176.000,min_ttc_s,4.659806628583838
176.000,avoid_success,0
176.000,avoid_timeout,0
176.000,q_convergence,0.8526794491862522
176.000,update_residual,0.08386290116306472
176.000,investigation_deferred,0
176.000,nav_aborted,0
176.000,nav_canceled,0
176.000,nav_rejected,0
176.000,run_seed,6
177.000,anomalies_detected,1
177.000,anomalies_unique,1
177.000,investigation_timeouts,0
177.000,mission_duration_s,132.94400000000002
177.000,distance_traveled_m,32.582510359633794
177.000,route_deviations,2
177.000,investigation_time_s,15.599999999999994
177.000,hazard_avoidances,0
177.000,min_hazard_distance_m,2.2268099233812033
177.000,collisions,0
177.000,time_below_clearance_s,0.0
177.000,safety_zone_violations,0
177.000,min_ttc_s,4.659806628583838
177.000,avoid_success,0
177.000,avoid_timeout,0
177.000,q_convergence,0.7446503306925772
177.000,update_residual,0.0730599893136972
177.000,investigation_deferred,0
177.000,nav_aborted,0
177.000,nav_canceled,0
177.000,nav_rejected,0
177.000,run_seed,6
178.000,anomalies_detected,1
178.000,anomalies_unique,1
178.000,investigation_timeouts,0
178.000,mission_duration_s,133.94400000000002
178.000,distance_traveled_m,32.84459035959119
178.000,route_deviations,2
178.000,investigation_time_s,15.599999999999994
178.000,hazard_avoidances,0
178.000,min_hazard_distance_m,2.2268099233812033
178.000,collisions,0
178.000,time_below_clearance_s,0.0
178.000,safety_zone_violations,0
178.000,min_ttc_s,4.659806628583838
178.000,avoid_success,0
178.000,avoid_timeout,0
178.000,q_convergence,0.6504741216246843
178.000,update_residual,0.063853124970242
178.000,investigation_deferred,0
178.000,nav_aborted,0
178.000,nav_canceled,0
178.000,nav_rejected,0
178.000,run_seed,6
179.000,anomalies_detected,1
179.000,anomalies_unique,1
179.000,investigation_timeouts,0
179.000,mission_duration_s,134.94400000000002
179.000,distance_traveled_m,33.10667035946195
179.000,route_deviations,2
179.000,investigation_time_s,15.599999999999994
179.000,hazard_avoidances,0
179.000,min_hazard_distance_m,2.2268099233812033
179.000,collisions,0
179.000,time_below_clearance_s,0.0
179.000,safety_zone_violations,0
179.000,min_ttc_s,4.659806628583838
179.000,avoid_success,0
179.000,avoid_timeout,0
179.000,q_convergence,1.118766339051861
179.000,update_residual,0.11093400008560736
179.000,investigation_deferred,0
179.000,nav_aborted,0
179.000,nav_canceled,0
179.000,nav_rejected,0
179.000,run_seed,6
180.000,anomalies_detected,1
180.000,anomalies_unique,1
180.000,investigation_timeouts,0
180.000,mission_duration_s,135.94400000000002
180.000,distance_traveled_m,33.35939035937347
180.000,route_deviations,2
180.000,investigation_time_s,15.599999999999994
180.000,hazard_avoidances,0
180.000,min_hazard_distance_m,2.2268099233812033
180.000,collisions,0
180.000,time_below_clearance_s,0.0
180.000,safety_zone_violations,0
180.000,min_ttc_s,4.659806628583838
180.000,avoid_success,0
180.000,avoid_timeout,0
180.000,q_convergence,0.8351765090595847
180.000,update_residual,0.082502506792566
180.000,investigation_deferred,0
180.000,nav_aborted,0
180.000,nav_canceled,0
180.000,nav_rejected,0
180.000,run_seed,6
181.000,anomalies_detected,1
181.000,anomalies_unique,1
181.000,investigation_timeouts,0
181.000,mission_duration_s,136.94400000000002
181.000,distance_traveled_m,33.621470359293255
181.000,route_deviations,2
181.000,investigation_time_s,15.599999999999994
181.000,hazard_avoidances,0
181.000,min_hazard_distance_m,2.2268099233812033
181.000,collisions,0
181.000,time_below_clearance_s,0.0
181.000,safety_zone_violations,0
181.000,min_ttc_s,4.659806628583838
181.000,avoid_success,0
181.000,avoid_timeout,0
181.000,q_convergence,0.7288048273261987
181.000,update_residual,0.07201761023623628
181.000,investigation_deferred,0
181.000,nav_aborted,0
181.000,nav_canceled,0
181.000,nav_rejected,0
181.000,run_seed,6
182.000,anomalies_detected,1
182.000,anomalies_unique,1
182.000,investigation_timeouts,0
182.000,mission_duration_s,137.94400000000002
182.000,distance_traveled_m,33.88355035924696
182.000,route_deviations,2
182.000,investigation_time_s,15.599999999999994
182.000,hazard_avoidances,0
182.000,min_hazard_distance_m,2.2268099233812033
182.000,collisions,0
182.000,time_below_clearance_s,0.0
182.000,safety_zone_violations,0
182.000,min_ttc_s,4.659806628583838
182.000,avoid_success,0
182.000,avoid_timeout,0
182.000,q_convergence,0.6361066114855285
182.000,update_residual,0.06274778865216926
182.000,investigation_deferred,0
182.000,nav_aborted,0
182.000,nav_canceled,0
182.000,nav_rejected,0
182.000,run_seed,6
183.000,anomalies_detected,1
183.000,anomalies_unique,1
183.000,investigation_timeouts,0
183.000,mission_duration_s,138.94400000000002
183.000,distance_traveled_m,34.14563035920453
183.000,route_deviations,2
183.000,investigation_time_s,15.599999999999994
183.000,hazard_avoidances,0
183.000,min_hazard_distance_m,2.2268099233812033
183.000,collisions,0
183.000,time_below_clearance_s,0.0
183.000,safety_zone_violations,0
183.000,min_ttc_s,4.659806628583838
183.000,avoid_success,0
183.000,avoid_timeout,0
183.000,q_convergence,1.1605545259184051
183.000,update_residual,0.11537439965719494
183.000,investigation_deferred,0
183.000,nav_aborted,0
183.000,nav_canceled,0
183.000,nav_rejected,0
183.000,run_seed,6
184.000,anomalies_detected,1
184.000,anomalies_unique,1
184.000,investigation_timeouts,0
184.000,mission_duration_s,139.94400000000002
184.000,distance_traveled_m,34.40771035906349
184.000,route_deviations,2
184.000,investigation_time_s,15.599999999999994
184.000,hazard_avoidances,0
184.000,min_hazard_distance_m,2.2268099233812033
184.000,collisions,0
184.000,time_below_clearance_s,0.0
184.000,safety_zone_violations,0
184.000,min_ttc_s,4.659806628583838
184.000,avoid_success,0
184.000,avoid_timeout,0
184.000,q_convergence,0.8182125266223625
184.000,update_residual,0.08119782728359912
184.000,investigation_deferred,0
184.000,nav_aborted,0
184.000,nav_canceled,0
184.000,nav_rejected,0
184.000,run_seed,6
185.000,anomalies_detected,1
185.000,anomalies_unique,1
185.000,investigation_timeouts,0
185.000,mission_duration_s,140.94400000000002
185.000,distance_traveled_m,34.660430358985415
185.000,route_deviations,2
185.000,investigation_time_s,15.599999999999994
185.000,hazard_avoidances,0
185.000,min_hazard_distance_m,2.2268099233812033
185.000,collisions,0
185.000,time_below_clearance_s,0.0
185.000,safety_zone_violations,0
185.000,min_ttc_s,4.659806628583838
185.000,avoid_success,0
185.000,avoid_timeout,0
185.000,q_convergence,0.711825934106703
185.000,update_residual,0.07065268183882874
185.000,investigation_deferred,0
185.000,nav_aborted,0
185.000,nav_canceled,0
185.000,nav_rejected,0
185.000,run_seed,6
186.000,anomalies_detected,1
186.000,anomalies_unique,1
186.000,investigation_timeouts,0
186.000,mission_duration_s,141.94400000000002
186.000,distance_traveled_m,34.92251035893207
186.000,route_deviations,2
186.000,investigation_time_s,15.599999999999994
186.000,hazard_avoidances,0
186.000,min_hazard_distance_m,2.2268099233812033
186.000,collisions,0
186.000,time_below_clearance_s,0.0
186.000,safety_zone_violations,0
186.000,min_ttc_s,4.659806628583838
186.000,avoid_success,0
186.000,avoid_timeout,0
186.000,q_convergence,0.9110354526957374
186.000,update_residual,0.09061288640675746
186.000,investigation_deferred,0
186.000,nav_aborted,0
186.000,nav_canceled,0
186.000,nav_rejected,0
186.000,run_seed,6
187.000,anomalies_detected,1
187.000,anomalies_unique,1
187.000,investigation_timeouts,0
187.000,mission_duration_s,142.94400000000002
187.000,distance_traveled_m,35.18459035885863
187.000,route_deviations,2
187.000,investigation_time_s,15.599999999999994
187.000,hazard_avoidances,0
187.000,min_hazard_distance_m,2.2268099233812033
187.000,collisions,0
187.000,time_below_clearance_s,0.0
187.000,safety_zone_violations,0
187.000,min_ttc_s,4.659806628583838
187.000,avoid_success,0
187.000,avoid_timeout,0
187.000,q_convergence,0.921449718848638
187.000,update_residual,0.09214497188486379
187.000,investigation_deferred,0
187.000,nav_aborted,0
187.000,nav_canceled,0
187.000,nav_rejected,0
187.000,run_seed,6
188.000,anomalies_detected,1
188.000,anomalies_unique,1
188.000,investigation_timeouts,0
188.000,mission_duration_s,143.94400000000002
188.000,distance_traveled_m,35.44667035881323
188.000,route_deviations,2
188.000,investigation_time_s,15.599999999999994
188.000,hazard_avoidances,0
188.000,min_hazard_distance_m,2.2268099233812033
188.000,collisions,0
188.000,time_below_clearance_s,0.0
188.000,safety_zone_violations,0
188.000,min_ttc_s,4.659806628583838
188.000,avoid_success,0
188.000,avoid_timeout,0
188.000,q_convergence,0.8007886384097463
188.000,update_residual,0.08007886384097465
188.000,investigation_deferred,0
188.000,nav_aborted,0
188.000,nav_canceled,0
188.000,nav_rejected,0
188.000,run_seed,6
189.000,anomalies_detected,1
189.000,anomalies_unique,1
189.000,investigation_timeouts,0
189.000,mission_duration_s,144.94400000000002
189.000,distance_traveled_m,35.699390358734874
189.000,route_deviations,2
189.000,investigation_time_s,15.599999999999994
189.000,hazard_avoidances,0
189.000,min_hazard_distance_m,2.2268099233812033
189.000,collisions,0
189.000,time_below_clearance_s,0.0
189.000,safety_zone_violations,0
189.000,min_ttc_s,4.659806628583838
189.000,avoid_success,0
189.000,avoid_timeout,0
189.000,q_convergence,0.6959277650086004
189.000,update_residual,0.06959277650086003
189.000,investigation_deferred,0
189.000,nav_aborted,0
189.000,nav_canceled,0
189.000,nav_rejected,0
189.000,run_seed,6
190.000,anomalies_detected,1
190.000,anomalies_unique,1
190.000,investigation_timeouts,0
190.000,mission_duration_s,145.94400000000002
190.000,distance_traveled_m,35.961470358598824
190.000,route_deviations,2
190.000,investigation_time_s,15.599999999999994
190.000,hazard_avoidances,0
190.000,min_hazard_distance_m,2.2268099233812033
190.000,collisions,0
190.000,time_below_clearance_s,0.0
190.000,safety_zone_violations,0
190.000,min_ttc_s,4.659806628583838
190.000,avoid_success,0
190.000,avoid_timeout,0
190.000,q_convergence,0.958761998574535
190.000,update_residual,0.09587619985745352
190.000,investigation_deferred,0
190.000,nav_aborted,0
190.000,nav_canceled,0
190.000,nav_rejected,0
190.000,run_seed,6
191.000,anomalies_detected,1
191.000,anomalies_unique,1
191.000,investigation_timeouts,0
191.000,mission_duration_s,146.94400000000002
191.000,distance_traveled_m,36.22355035850963
191.000,route_deviations,2
191.000,investigation_time_s,15.599999999999994
191.000,hazard_avoidances,0
191.000,min_hazard_distance_m,2.2268099233812033
191.000,collisions,0
191.000,time_below_clearance_s,0.0
191.000,safety_zone_violations,0
191.000,min_ttc_s,4.659806628583838
191.000,avoid_success,0
191.000,avoid_timeout,0
191.000,q_convergence,0.9030859745636065
191.000,update_residual,0.09030859745636063
191.000,investigation_deferred,0
191.000,nav_aborted,0
191.000,nav_canceled,0
191.000,nav_rejected,0
191.000,run_seed,6
192.000,anomalies_detected,1
192.000,anomalies_unique,1
192.000,investigation_timeouts,0
192.000,mission_duration_s,147.94400000000002
192.000,distance_traveled_m,36.48563035844444
192.000,route_deviations,2
192.000,investigation_time_s,15.599999999999994
192.000,hazard_avoidances,0
192.000,min_hazard_distance_m,2.2268099233812033
192.000,collisions,0
192.000,time_below_clearance_s,0.0
192.000,safety_zone_violations,0
192.000,min_ttc_s,4.659806628583838
192.000,avoid_success,0
192.000,avoid_timeout,0
192.000,q_convergence,0.7848295714294122
192.000,update_residual,0.07848295714294122
192.000,investigation_deferred,0
192.000,nav_aborted,0
192.000,nav_canceled,0
192.000,nav_rejected,0
192.000,run_seed,6
193.000,anomalies_detected,1
193.000,anomalies_unique,1
193.000,investigation_timeouts,0
193.000,mission_duration_s,148.94400000000002
193.000,distance_traveled_m,36.74771035839874
193.000,route_deviations,2
193.000,investigation_time_s,15.599999999999994
193.000,hazard_avoidances,0
193.000,min_hazard_distance_m,2.2268099233812033
193.000,collisions,0
193.000,time_below_clearance_s,0.0
193.000,safety_zone_violations,0
193.000,min_ttc_s,4.659806628583838
193.000,avoid_success,0
193.000,avoid_timeout,0
193.000,q_convergence,0.6820584900432335
193.000,update_residual,0.06820584900432335
193.000,investigation_deferred,0
193.000,nav_aborted,0
193.000,nav_canceled,0
193.000,nav_rejected,0
193.000,run_seed,6
194.000,anomalies_detected,1
194.000,anomalies_unique,1
194.000,investigation_timeouts,0
194.000,mission_duration_s,149.94400000000002
194.000,distance_traveled_m,37.00043035830635
194.000,route_deviations,2
194.000,investigation_time_s,15.599999999999994
194.000,hazard_avoidances,0
194.000,min_hazard_distance_m,2.2268099233812033
194.000,collisions,0
194.000,time_below_clearance_s,0.0
194.000,safety_zone_violations,0
194.000,min_ttc_s,4.659806628583838
194.000,avoid_success,0
194.000,avoid_timeout,0
194.000,q_convergence,1.0035442745967855
194.000,update_residual,0.10035442745967858
194.000,investigation_deferred,0
194.000,nav_aborted,0
194.000,nav_canceled,0
194.000,nav_rejected,0
194.000,run_seed,6
195.000,anomalies_detected,1
195.000,anomalies_unique,1
195.000,investigation_timeouts,0
195.000,mission_duration_s,150.94400000000002
195.000,distance_traveled_m,37.26251035821371
195.000,route_deviations,2
195.000,investigation_time_s,15.599999999999994
195.000,hazard_avoidances,0
195.000,min_hazard_distance_m,2.2268099233812033
195.000,collisions,0
195.000,time_below_clearance_s,0.0
195.000,safety_zone_violations,0
195.000,min_ttc_s,4.659806628583838
195.000,avoid_success,0
195.000,avoid_timeout,0
195.000,q_convergence,0.8828927739224239
195.000,update_residual,0.08828927739224239
195.000,investigation_deferred,0
195.000,nav_aborted,0
195.000,nav_canceled,0
195.000,nav_rejected,0
195.000,run_seed,6
196.000,anomalies_detected,1
196.000,anomalies_unique,1
196.000,investigation_timeouts,0
196.000,mission_duration_s,151.94400000000002
196.000,distance_traveled_m,37.5245903581284
196.000,route_deviations,2
196.000,investigation_time_s,15.599999999999994
196.000,hazard_avoidances,0
196.000,min_hazard_distance_m,2.2268099233812033
196.000,collisions,0
196.000,time_below_clearance_s,0.0
196.000,safety_zone_violations,0
196.000,min_ttc_s,4.659806628583838
196.000,avoid_success,0
196.000,avoid_timeout,0
196.000,q_convergence,0.769250312512271
196.000,update_residual,0.07692503125122711
196.000,investigation_deferred,0
196.000,nav_aborted,0
196.000,nav_canceled,0
196.000,nav_rejected,0
196.000,run_seed,6
197.000,anomalies_detected,1
197.000,anomalies_unique,1
197.000,investigation_timeouts,0
197.000,mission_duration_s,152.94400000000002
197.000,distance_traveled_m,37.78667035808535
197.000,route_deviations,2
197.000,investigation_time_s,15.599999999999994
197.000,hazard_avoidances,0
197.000,min_hazard_distance_m,2.2268099233812033
197.000,collisions,0
197.000,time_below_clearance_s,0.0
197.000,safety_zone_violations,0
197.000,min_ttc_s,4.659806628583838
197.000,avoid_success,0
197.000,avoid_timeout,0
197.000,q_convergence,0.6685192884129167
197.000,update_residual,0.06685192884129167
197.000,investigation_deferred,0
197.000,nav_aborted,0
197.000,nav_canceled,0
197.000,nav_rejected,0
197.000,run_seed,6
198.000,anomalies_detected,1
198.000,anomalies_unique,1
198.000,investigation_timeouts,0
198.000,mission_duration_s,153.94400000000002
198.000,distance_traveled_m,38.03939035804236
198.000,route_deviations,2
198.000,investigation_time_s,15.599999999999994
198.000,hazard_avoidances,0
198.000,min_hazard_distance_m,2.2268099233812033
198.000,collisions,0
198.000,time_below_clearance_s,0.0
198.000,safety_zone_violations,0
198.000,min_ttc_s,4.659806628583838
198.000,avoid_success,0
198.000,avoid_timeout,0
198.000,q_convergence,1.0569537199908055
198.000,update_residual,0.10569537199908056
198.000,investigation_deferred,0
198.000,nav_aborted,0
198.000,nav_canceled,0
198.000,nav_rejected,0
198.000,run_seed,6
199.000,anomalies_detected,1
199.000,anomalies_unique,1
199.000,investigation_timeouts,0
199.000,mission_duration_s,154.94400000000002
199.000,distance_traveled_m,38.30147035795074
199.000,route_deviations,2
199.000,investigation_time_s,15.599999999999994
199.000,hazard_avoidances,0
199.000,min_hazard_distance_m,2.2268099233812033
199.000,collisions,0
199.000,time_below_clearance_s,0.0
199.000,safety_zone_violations,0
199.000,min_ttc_s,4.659806628583838
199.000,avoid_success,0
199.000,avoid_timeout,0
199.000,q_convergence,0.8610400769081573
199.000,update_residual,0.08610400769081572
199.000,investigation_deferred,0
199.000,nav_aborted,0
199.000,nav_canceled,0
199.000,nav_rejected,0
199.000,run_seed,6
200.000,anomalies_detected,1
200.000,anomalies_unique,1
200.000,investigation_timeouts,0
200.000,mission_duration_s,155.94400000000002
200.000,distance_traveled_m,38.56355035784631
200.000,route_deviations,2
200.000,investigation_time_s,15.599999999999994
200.000,hazard_avoidances,0
200.000,min_hazard_distance_m,2.2268099233812033
200.000,collisions,0
200.000,time_below_clearance_s,0.0
200.000,safety_zone_violations,0
200.000,min_ttc_s,4.659806628583838
200.000,avoid_success,0
200.000,avoid_timeout,0
200.000,q_convergence,0.750210408116205
200.000,update_residual,0.07502104081162052
200.000,investigation_deferred,0
200.000,nav_aborted,0
200.000,nav_canceled,0
200.000,nav_rejected,0
200.000,run_seed,6
201.000,anomalies_detected,1
201.000,anomalies_unique,1
201.000,investigation_timeouts,0
201.000,mission_duration_s,156.94400000000002
201.000,distance_traveled_m,38.825630357751855
201.000,route_deviations,2
201.000,investigation_time_s,15.599999999999994
201.000,hazard_avoidances,0
201.000,min_hazard_distance_m,2.2268099233812033
201.000,collisions,0
201.000,time_below_clearance_s,0.0
201.000,safety_zone_violations,0
201.000,min_ttc_s,4.659806628583838
201.000,avoid_success,0
201.000,avoid_timeout,0
201.000,q_convergence,0.6519726024626202
201.000,update_residual,0.06519726024626202
201.000,investigation_deferred,0
201.000,nav_aborted,0
201.000,nav_canceled,0
201.000,nav_rejected,0
201.000,run_seed,6
202.000,anomalies_detected,1
202.000,anomalies_unique,1
202.000,investigation_timeouts,0
202.000,mission_duration_s,157.94400000000002
202.000,distance_traveled_m,39.08771035770817
202.000,route_deviations,2
202.000,investigation_time_s,15.599999999999994
202.000,hazard_avoidances,0
202.000,min_hazard_distance_m,2.2268099233812033
202.000,collisions,0
202.000,time_below_clearance_s,0.0
202.000,safety_zone_violations,0
202.000,min_ttc_s,4.659806628583838
202.000,avoid_success,0
202.000,avoid_timeout,0
202.000,q_convergence,1.1005552300785753
202.000,update_residual,0.11005552300785755
202.000,investigation_deferred,0
202.000,nav_aborted,0
202.000,nav_canceled,0
202.000,nav_rejected,0
202.000,run_seed,6
203.000,anomalies_detected,1
203.000,anomalies_unique,1
203.000,investigation_timeouts,0
203.000,mission_duration_s,158.94400000000002
203.000,distance_traveled_m,39.34043035766966
203.000,route_deviations,2
203.000,investigation_time_s,15.599999999999994
203.000,hazard_avoidances,0
203.000,min_hazard_distance_m,2.2268099233812033
203.000,collisions,0
203.000,time_below_clearance_s,0.0
203.000,safety_zone_violations,0
203.000,min_ttc_s,4.659806628583838
203.000,avoid_success,0
203.000,avoid_timeout,0
203.000,q_convergence,0.8418839459098078
203.000,update_residual,0.08418839459098079
203.000,investigation_deferred,0
203.000,nav_aborted,0
203.000,nav_canceled,0
203.000,nav_rejected,0
203.000,run_seed,6
204.000,anomalies_detected,1
204.000,anomalies_unique,1
204.000,investigation_timeouts,0
204.000,mission_duration_s,159.94400000000002
204.000,distance_traveled_m,39.60251035754605
204.000,route_deviations,2
204.000,investigation_time_s,15.599999999999994
204.000,hazard_avoidances,0
204.000,min_hazard_distance_m,2.2268099233812033
204.000,collisions,0
204.000,time_below_clearance_s,0.0
204.000,safety_zone_violations,0
204.000,min_ttc_s,4.659806628583838
204.000,avoid_success,0
204.000,avoid_timeout,0
204.000,q_convergence,0.7334355387007938
204.000,update_residual,0.07334355387007939
204.000,investigation_deferred,0
204.000,nav_aborted,0
204.000,nav_canceled,0
204.000,nav_rejected,0
204.000,run_seed,6
205.000,anomalies_detected,1
205.000,anomalies_unique,1
205.000,investigation_timeouts,0
205.000,mission_duration_s,160.94400000000002
205.000,distance_traveled_m,39.864590357471215
205.000,route_deviations,2
205.000,investigation_time_s,15.599999999999994
205.000,hazard_avoidances,0
205.000,min_hazard_distance_m,2.2268099233812033
205.000,collisions,0
205.000,time_below_clearance_s,0.0
205.000,safety_zone_violations,0
205.000,min_ttc_s,4.659806628583838
205.000,avoid_success,0
205.000,avoid_timeout,0
205.000,q_convergence,0.6390306207249188
205.000,update_residual,0.0639030620724919
205.000,investigation_deferred,0
205.000,nav_aborted,0
205.000,nav_canceled,0
205.000,nav_rejected,0
205.000,run_seed,6
206.000,anomalies_detected,1
206.000,anomalies_unique,1
206.000,investigation_timeouts,0
206.000,mission_duration_s,161.94400000000002
206.000,distance_traveled_m,40.12667035739532
206.000,route_deviations,2
206.000,investigation_time_s,15.599999999999994
206.000,hazard_avoidances,0
206.000,min_hazard_distance_m,2.2268099233812033
206.000,collisions,0
206.000,time_below_clearance_s,0.0
206.000,safety_zone_violations,0
206.000,min_ttc_s,4.659806628583838
206.000,avoid_success,0
206.000,avoid_timeout,0
206.000,q_convergence,1.1422862247463648
206.000,update_residual,0.1142286224746365
206.000,investigation_deferred,0
206.000,nav_aborted,0
206.000,nav_canceled,0
206.000,nav_rejected,0
206.000,run_seed,6
207.000,anomalies_detected,1
207.000,anomalies_unique,1
207.000,investigation_timeouts,0
207.000,mission_duration_s,162.94400000000002
207.000,distance_traveled_m,40.379390357348065
207.000,route_deviations,2
207.000,investigation_time_s,15.599999999999994
207.000,hazard_avoidances,0
207.000,min_hazard_distance_m,2.2268099233812033
207.000,collisions,0
207.000,time_below_clearance_s,0.0
207.000,safety_zone_violations,0
207.000,min_ttc_s,4.659806628583838
207.000,avoid_success,0
207.000,avoid_timeout,0
207.000,q_convergence,0.8251721291677026
207.000,update_residual,0.08251721291677028
207.000,investigation_deferred,0
207.000,nav_aborted,0
207.000,nav_canceled,0
207.000,nav_rejected,0
207.000,run_seed,6
208.000,anomalies_detected,1
208.000,anomalies_unique,1
208.000,investigation_timeouts,0
208.000,mission_duration_s,163.94400000000002
208.000,distance_traveled_m,40.64147035729694
208.000,route_deviations,2
208.000,investigation_time_s,15.599999999999994
208.000,hazard_avoidances,0
208.000,min_hazard_distance_m,2.2268099233812033
208.000,collisions,0
208.000,time_below_clearance_s,0.0
208.000,safety_zone_violations,0
208.000,min_ttc_s,4.659806628583838
208.000,avoid_success,0
208.000,avoid_timeout,0
208.000,q_convergence,0.7188764769982107
208.000,update_residual,0.07188764769982109
208.000,investigation_deferred,0
208.000,nav_aborted,0
208.000,nav_canceled,0
208.000,nav_rejected,0
208.000,run_seed,6
209.000,anomalies_detected,1
209.000,anomalies_unique,1
209.000,investigation_timeouts,0
209.000,mission_duration_s,164.94400000000002
209.000,distance_traveled_m,40.903550357226656
209.000,route_deviations,2
209.000,investigation_time_s,15.599999999999994
209.000,hazard_avoidances,0
209.000,min_hazard_distance_m,2.2268099233812033
209.000,collisions,0
209.000,time_below_clearance_s,0.0
209.000,safety_zone_violations,0
209.000,min_ttc_s,4.659806628583838
209.000,avoid_success,0
209.000,avoid_timeout,0
209.000,q_convergence,0.8788753147434379
209.000,update_residual,0.0878875314743438
209.000,investigation_deferred,0
209.000,nav_aborted,0
209.000,nav_canceled,0
209.000,nav_rejected,0
209.000,run_seed,6
210.000,anomalies_detected,1
210.000,anomalies_unique,1
210.000,investigation_timeouts,0
210.000,mission_duration_s,165.94400000000002
210.000,distance_traveled_m,41.16563035699233
210.000,route_deviations,2
210.000,investigation_time_s,15.599999999999994
210.000,hazard_avoidances,0
210.000,min_hazard_distance_m,2.2268099233812033
210.000,collisions,0
210.000,time_below_clearance_s,0.0
210.000,safety_zone_violations,0
210.000,min_ttc_s,4.659806628583838
210.000,avoid_success,0
210.000,avoid_timeout,0
210.000,q_convergence,0.9306590673747583
210.000,update_residual,0.09306590673747582
210.000,investigation_deferred,0
210.000,nav_aborted,0
210.000,nav_canceled,0
210.000,nav_rejected,0
210.000,run_seed,6
211.000,anomalies_detected,1
211.000,anomalies_unique,1
211.000,investigation_timeouts,0
211.000,mission_duration_s,166.94400000000002
211.000,distance_traveled_m,41.42771035693708
211.000,route_deviations,2
211.000,investigation_time_s,15.599999999999994
211.000,hazard_avoidances,0
211.000,min_hazard_distance_m,2.2268099233812033
211.000,collisions,0
211.000,time_below_clearance_s,0.0
211.000,safety_zone_violations,0
211.000,min_ttc_s,4.659806628583838
211.000,avoid_success,0
211.000,avoid_timeout,0
211.000,q_convergence,0.8087920503333915
211.000,update_residual,0.08087920503333919
211.000,investigation_deferred,0
211.000,nav_aborted,0
211.000,nav_canceled,0
211.000,nav_rejected,0
211.000,run_seed,6
212.000,anomalies_detected,1
212.000,anomalies_unique,1
212.000,investigation_timeouts,0
212.000,mission_duration_s,167.94400000000002
212.000,distance_traveled_m,41.68043035686325
212.000,route_deviations,2
212.000,investigation_time_s,15.599999999999994
212.000,hazard_avoidances,0
212.000,min_hazard_distance_m,2.2268099233812033
212.000,collisions,0
212.000,time_below_clearance_s,0.0
212.000,safety_zone_violations,0
212.000,min_ttc_s,4.659806628583838
212.000,avoid_success,0
212.000,avoid_timeout,0
212.000,q_convergence,0.7028831541154267
212.000,update_residual,0.07028831541154267
212.000,investigation_deferred,0
212.000,nav_aborted,0
212.000,nav_canceled,0
212.000,nav_rejected,0
212.000,run_seed,6
213.000,anomalies_detected,1
213.000,anomalies_unique,1
213.000,investigation_timeouts,0
213.000,mission_duration_s,168.94400000000002
213.000,distance_traveled_m,41.94251035678709
213.000,route_deviations,2
213.000,investigation_time_s,15.599999999999994
213.000,hazard_avoidances,0
213.000,min_hazard_distance_m,2.2268099233812033
213.000,collisions,0
213.000,time_below_clearance_s,0.0
213.000,safety_zone_violations,0
213.000,min_ttc_s,4.659806628583838
213.000,avoid_success,0
213.000,avoid_timeout,0
213.000,q_convergence,0.9349568327136374
213.000,update_residual,0.09349568327136373
213.000,investigation_deferred,0
213.000,nav_aborted,0
213.000,nav_canceled,0
213.000,nav_rejected,0
213.000,run_seed,6
214.000,anomalies_detected,1
214.000,anomalies_unique,1
214.000,investigation_timeouts,0
214.000,mission_duration_s,169.94400000000002
214.000,distance_traveled_m,42.204590356685685
214.000,route_deviations,2
214.000,investigation_time_s,15.599999999999994
214.000,hazard_avoidances,0
214.000,min_hazard_distance_m,2.2268099233812033
214.000,collisions,0
214.000,time_below_clearance_s,0.0
214.000,safety_zone_violations,0
214.000,min_ttc_s,4.659806628583838
214.000,avoid_success,0
214.000,avoid_timeout,0
214.000,q_convergence,0.912185020139498
214.000,update_residual,0.09121850201394976
214.000,investigation_deferred,0
214.000,nav_aborted,0
214.000,nav_canceled,0
214.000,nav_rejected,0
214.000,run_seed,6
215.000,anomalies_detected,1
215.000,anomalies_unique,1
215.000,investigation_timeouts,0
215.000,mission_duration_s,170.94400000000002
215.000,distance_traveled_m,42.46667035611371
215.000,route_deviations,2
215.000,investigation_time_s,15.599999999999994
215.000,hazard_avoidances,0
215.000,min_hazard_distance_m,2.2268099233812033
215.000,collisions,0
215.000,time_below_clearance_s,0.0
215.000,safety_zone_violations,0
215.000,min_ttc_s,4.659806628583838
215.000,avoid_success,0
215.000,avoid_timeout,0
215.000,q_convergence,0.7927371242437437
215.000,update_residual,0.07927371242437434
215.000,investigation_deferred,0
215.000,nav_aborted,0
215.000,nav_canceled,0
215.000,nav_rejected,0
215.000,run_seed,6
216.000,anomalies_detected,1
216.000,anomalies_unique,1
216.000,investigation_timeouts,0
216.000,mission_duration_s,171.94400000000002
216.000,distance_traveled_m,42.71939035542179
216.000,route_deviations,2
216.000,investigation_time_s,15.599999999999994
216.000,hazard_avoidances,0
216.000,min_hazard_distance_m,2.2268099233812033
216.000,collisions,0
216.000,time_below_clearance_s,0.0
216.000,safety_zone_violations,0
216.000,min_ttc_s,4.659806628583838
216.000,avoid_success,0
216.000,avoid_timeout,0
216.000,q_convergence,0.6889305725039605
216.000,update_residual,0.06889305725039604
216.000,investigation_deferred,0
216.000,nav_aborted,0
216.000,nav_canceled,0
216.000,nav_rejected,0
216.000,run_seed,6
217.000,anomalies_detected,1
217.000,anomalies_unique,1
217.000,investigation_timeouts,0
217.000,mission_duration_s,172.94400000000002
217.000,distance_traveled_m,42.981470353267504
217.000,route_deviations,2
217.000,investigation_time_s,15.599999999999994
217.000,hazard_avoidances,0
217.000,min_hazard_distance_m,2.2268099233812033
217.000,collisions,0
217.000,time_below_clearance_s,0.0
217.000,safety_zone_violations,0
217.000,min_ttc_s,4.659806628583838
217.000,avoid_success,0
217.000,avoid_timeout,0
217.000,q_convergence,0.9823297629157322
217.000,update_residual,0.09823297629157322
217.000,investigation_deferred,0
217.000,nav_aborted,0
217.000,nav_canceled,0
217.000,nav_rejected,0
217.000,run_seed,6
218.000,anomalies_detected,1
218.000,anomalies_unique,1
218.000,investigation_timeouts,0
218.000,mission_duration_s,173.94400000000002
218.000,distance_traveled_m,43.24355034860995
218.000,route_deviations,2
218.000,investigation_time_s,15.599999999999994
218.000,hazard_avoidances,0
218.000,min_hazard_distance_m,2.2268099233812033
218.000,collisions,0
218.000,time_below_clearance_s,0.0
218.000,safety_zone_violations,0
218.000,min_ttc_s,4.659806628583838
218.000,avoid_success,0
218.000,avoid_timeout,0
218.000,q_convergence,0.8940776919673346
218.000,update_residual,0.08940776919673343
218.000,investigation_deferred,0
218.000,nav_aborted,0
218.000,nav_canceled,0
218.000,nav_rejected,0
218.000,run_seed,6
219.000,anomalies_detected,1
219.000,anomalies_unique,1
219.000,investigation_timeouts,0
219.000,mission_duration_s,174.94400000000002
219.000,distance_traveled_m,43.50563032602925
219.000,route_deviations,2
219.000,investigation_time_s,15.599999999999994
219.000,hazard_avoidances,0
219.000,min_hazard_distance_m,2.2268099233812033
219.000,collisions,0
219.000,time_below_clearance_s,0.0
219.000,safety_zone_violations,0
219.000,min_ttc_s,4.659806628583838
219.000,avoid_success,0
219.000,avoid_timeout,0
219.000,q_convergence,0.7770008964544038
219.000,update_residual,0.07770008964544037
219.000,investigation_deferred,0
219.000,nav_aborted,0
219.000,nav_canceled,0
219.000,nav_rejected,0
219.000,run_seed,6
220.000,anomalies_detected,1
220.000,anomalies_unique,1
220.000,investigation_timeouts,0
220.000,mission_duration_s,175.94400000000002
220.000,distance_traveled_m,43.767710158487546
220.000,route_deviations,2
220.000,investigation_time_s,15.599999999999994
220.000,hazard_avoidances,0
220.000,min_hazard_distance_m,2.2268099233812033
220.000,collisions,0
220.000,time_below_clearance_s,0.0
220.000,safety_zone_violations,0
220.000,min_ttc_s,4.659806628583838
220.000,avoid_success,0
220.000,avoid_timeout,0
220.000,q_convergence,0.6752549566050522
220.000,update_residual,0.06752549566050521
220.000,investigation_deferred,0
220.000,nav_aborted,0
220.000,nav_canceled,0
220.000,nav_rejected,0
220.000,run_seed,6
221.000,anomalies_detected,1
221.000,anomalies_unique,1
221.000,investigation_timeouts,0
221.000,mission_duration_s,176.94400000000002
221.000,distance_traveled_m,43.956527720931284
221.000,route_deviations,2
221.000,investigation_time_s,15.599999999999994
221.000,hazard_avoidances,0
221.000,min_hazard_distance_m,2.2268099233812033
221.000,collisions,0
221.000,time_below_clearance_s,0.0
221.000,safety_zone_violations,0
221.000,min_ttc_s,4.659806628583838
221.000,avoid_success,0
221.000,avoid_timeout,0
221.000,q_convergence,1.0254820445137207
221.000,update_residual,0.1025482044513721
221.000,investigation_deferred,0
221.000,nav_aborted,0
221.000,nav_canceled,0
221.000,nav_rejected,0
221.000,run_seed,6
222.000,anomalies_detected,1
222.000,anomalies_unique,1
222.000,investigation_timeouts,0
222.000,mission_duration_s,177.94400000000002
222.000,distance_traveled_m,43.99911260006615
222.000,route_deviations,2
222.000,investigation_time_s,15.599999999999994
222.000,hazard_avoidances,0
222.000,min_hazard_distance_m,2.2268099233812033
222.000,collisions,0
222.000,time_below_clearance_s,0.0
222.000,safety_zone_violations,0
222.000,min_ttc_s,4.659806628583838
222.000,avoid_success,0
222.000,avoid_timeout,0
222.000,q_convergence,0.8740859185025476
222.000,update_residual,0.08740859185025478
222.000,investigation_deferred,0
222.000,nav_aborted,0
222.000,nav_canceled,0
222.000,nav_rejected,0
222.000,run_seed,6
223.000,anomalies_detected,1
223.000,anomalies_unique,1
223.000,investigation_timeouts,0
223.000,mission_duration_s,178.94400000000002
223.000,distance_traveled_m,44.024020062000396
223.000,route_deviations,2
223.000,investigation_time_s,15.599999999999994
223.000,hazard_avoidances,0
223.000,min_hazard_distance_m,2.2268099233812033
223.000,collisions,0
223.000,time_below_clearance_s,0.0
223.000,safety_zone_violations,0
223.000,min_ttc_s,4.659806628583838
223.000,avoid_success,0
223.000,avoid_timeout,0
223.000,q_convergence,0.7615770406449613
223.000,update_residual,0.07615770406449614
223.000,investigation_deferred,0
223.000,nav_aborted,0
223.000,nav_canceled,0
223.000,nav_rejected,0
223.000,run_seed,6
224.000,anomalies_detected,1
224.000,anomalies_unique,1
224.000,investigation_timeouts,0
224.000,mission_duration_s,179.94400000000002
224.000,distance_traveled_m,44.06310308389415
224.000,route_deviations,2
224.000,investigation_time_s,15.599999999999994
224.000,hazard_avoidances,0
224.000,min_hazard_distance_m,2.2268099233812033
224.000,collisions,0
224.000,time_below_clearance_s,0.0
224.000,safety_zone_violations,0
224.000,min_ttc_s,4.659806628583838
224.000,avoid_success,0
224.000,avoid_timeout,0
224.000,q_convergence,0.661850808510998
224.000,update_residual,0.0661850808510998
224.000,investigation_deferred,0
224.000,nav_aborted,0
224.000,nav_canceled,0
224.000,nav_rejected,0
224.000,run_seed,6
225.000,anomalies_detected,1
225.000,anomalies_unique,1
225.000,investigation_timeouts,0
225.000,mission_duration_s,180.94400000000002
225.000,distance_traveled_m,44.26737629518369
225.000,route_deviations,2
225.000,investigation_time_s,15.599999999999994
225.000,hazard_avoidances,0
225.000,min_hazard_distance_m,2.2268099233812033
225.000,collisions,0
225.000,time_below_clearance_s,0.0
225.000,safety_zone_violations,0
225.000,min_ttc_s,4.659806628583838
225.000,avoid_success,0
225.000,avoid_timeout,0
225.000,q_convergence,0.5751834277405351
225.000,update_residual,0.05751834277405352
225.000,investigation_deferred,0
225.000,nav_aborted,0
225.000,nav_canceled,0
225.000,nav_rejected,0
225.000,run_seed,6
226.000,anomalies_detected,1
226.000,anomalies_unique,1
226.000,investigation_timeouts,0
226.000,mission_duration_s,181.94400000000002
226.000,distance_traveled_m,44.529456020977065
226.000,route_deviations,2
226.000,investigation_time_s,15.599999999999994
226.000,hazard_avoidances,0
226.000,min_hazard_distance_m,2.2268099233812033
226.000,collisions,0
226.000,time_below_clearance_s,0.0
226.000,safety_zone_violations,0
226.000,min_ttc_s,4.659806628583838
226.000,avoid_success,0
226.000,avoid_timeout,0
226.000,q_convergence,0.5010904047121988
226.000,update_residual,0.05010904047121988
226.000,investigation_deferred,0
226.000,nav_aborted,0
226.000,nav_canceled,0
226.000,nav_rejected,0
226.000,run_seed,6
227.000,anomalies_detected,1
227.000,anomalies_unique,1
227.000,investigation_timeouts,0
227.000,mission_duration_s,182.94400000000002
227.000,distance_traveled_m,44.79153600346269
227.000,route_deviations,2
227.000,investigation_time_s,15.599999999999994
227.000,hazard_avoidances,0
227.000,min_hazard_distance_m,2.2268099233812033
227.000,collisions,0
227.000,time_below_clearance_s,0.0
227.000,safety_zone_violations,0
227.000,min_ttc_s,4.659806628583838
227.000,avoid_success,0
227.000,avoid_timeout,0
227.000,q_convergence,0.4365920322456156
227.000,update_residual,0.04365920322456156
227.000,investigation_deferred,0
227.000,nav_aborted,0
227.000,nav_canceled,0
227.000,nav_rejected,0
227.000,run_seed,6
228.000,anomalies_detected,1
228.000,anomalies_unique,1
228.000,investigation_timeouts,0
228.000,mission_duration_s,183.94400000000002
228.000,distance_traveled_m,45.05361597996156
228.000,route_deviations,2
228.000,investigation_time_s,15.599999999999994
228.000,hazard_avoidances,0
228.000,min_hazard_distance_m,2.2268099233812033
228.000,collisions,0
228.000,time_below_clearance_s,0.0
228.000,safety_zone_violations,0
228.000,min_ttc_s,4.659806628583838
228.000,avoid_success,0
228.000,avoid_timeout,0
228.000,q_convergence,0.3794216134542451
228.000,update_residual,0.03794216134542451
228.000,investigation_deferred,0
228.000,nav_aborted,0
228.000,nav_canceled,0
228.000,nav_rejected,0
228.000,run_seed,6
229.000,anomalies_detected,1
229.000,anomalies_unique,1
229.000,investigation_timeouts,0
229.000,mission_duration_s,184.94400000000002
229.000,distance_traveled_m,45.31569595328692
229.000,route_deviations,2
229.000,investigation_time_s,15.599999999999994
229.000,hazard_avoidances,0
229.000,min_hazard_distance_m,2.2268099233812033
229.000,collisions,0
229.000,time_below_clearance_s,0.0
229.000,safety_zone_violations,0
229.000,min_ttc_s,4.659806628583838
229.000,avoid_success,0
229.000,avoid_timeout,0
229.000,q_convergence,1.2803112697505579
229.000,update_residual,0.12803112697505578
229.000,investigation_deferred,0
229.000,nav_aborted,0
229.000,nav_canceled,0
229.000,nav_rejected,0
229.000,run_seed,6
230.000,anomalies_detected,1
230.000,anomalies_unique,1
230.000,investigation_timeouts,0
230.000,mission_duration_s,185.94400000000002
230.000,distance_traveled_m,45.56841570961678
230.000,route_deviations,2
230.000,investigation_time_s,15.599999999999994
230.000,hazard_avoidances,0
230.000,min_hazard_distance_m,2.2268099233812033
230.000,collisions,0
230.000,time_below_clearance_s,0.0
230.000,safety_zone_violations,0
230.000,min_ttc_s,4.659806628583838
230.000,avoid_success,0
230.000,avoid_timeout,0
230.000,q_convergence,0.8503663502535874
230.000,update_residual,0.08503663502535876
230.000,investigation_deferred,0
230.000,nav_aborted,0
230.000,nav_canceled,0
230.000,nav_rejected,0
230.000,run_seed,6
231.000,anomalies_detected,1
231.000,anomalies_unique,1
231.000,investigation_timeouts,0
231.000,mission_duration_s,186.94400000000002
231.000,distance_traveled_m,45.83049502158695
231.000,route_deviations,2
231.000,investigation_time_s,15.599999999999994
231.000,hazard_avoidances,0
231.000,min_hazard_distance_m,2.2268099233812033
231.000,collisions,0
231.000,time_below_clearance_s,0.0
231.000,safety_zone_violations,0
231.000,min_ttc_s,4.659806628583838
231.000,avoid_success,0
231.000,avoid_timeout,0
231.000,q_convergence,0.7408252707767923
231.000,update_residual,0.07408252707767923
231.000,investigation_deferred,0
231.000,nav_aborted,0
231.000,nav_canceled,0
231.000,nav_rejected,0
231.000,run_seed,6
232.000,anomalies_detected,1
232.000,anomalies_unique,1
232.000,investigation_timeouts,0
232.000,mission_duration_s,187.94400000000002
232.000,distance_traveled_m,46.09257424452913
232.000,route_deviations,2
232.000,investigation_time_s,15.599999999999994
232.000,hazard_avoidances,0
232.000,min_hazard_distance_m,2.2268099233812033
232.000,collisions,0
232.000,time_below_clearance_s,0.0
232.000,safety_zone_violations,0
232.000,min_ttc_s,4.659806628583838
232.000,avoid_success,0
232.000,avoid_timeout,0
232.000,q_convergence,0.6454691757530556
232.000,update_residual,0.06454691757530555
232.000,investigation_deferred,0
232.000,nav_aborted,0
232.000,nav_canceled,0
232.000,nav_rejected,0
232.000,run_seed,6
233.000,anomalies_detected,1
233.000,anomalies_unique,1
233.000,investigation_timeouts,0
233.000,mission_duration_s,188.94400000000002
233.000,distance_traveled_m,46.35465361244059
233.000,route_deviations,2
233.000,investigation_time_s,15.599999999999994
233.000,hazard_avoidances,0
233.000,min_hazard_distance_m,2.2268099233812033
233.000,collisions,0
233.000,time_below_clearance_s,0.0
233.000,safety_zone_violations,0
233.000,min_ttc_s,4.659806628583838
233.000,avoid_success,0
233.000,avoid_timeout,0
233.000,q_convergence,0.5609469207203229
233.000,update_residual,0.056094692072032305
233.000,investigation_deferred,0
233.000,nav_aborted,0
233.000,nav_canceled,0
233.000,nav_rejected,0
233.000,run_seed,6
234.000,anomalies_detected,1
234.000,anomalies_unique,1
234.000,investigation_timeouts,0
234.000,mission_duration_s,189.94400000000002
234.000,distance_traveled_m,46.60737338825314
234.000,route_deviations,2
234.000,investigation_time_s,15.599999999999994
234.000,hazard_avoidances,0
234.000,min_hazard_distance_m,2.2268099233812033
234.000,collisions,0
234.000,time_below_clearance_s,0.0
234.000,safety_zone_violations,0
234.000,min_ttc_s,4.659806628583838
234.000,avoid_success,0
234.000,avoid_timeout,0
234.000,q_convergence,1.1412780098848045
234.000,update_residual,0.1141278009884805
234.000,investigation_deferred,0
234.000,nav_aborted,0
234.000,nav_canceled,0
234.000,nav_rejected,0
234.000,run_seed,6
235.000,anomalies_detected,1
235.000,anomalies_unique,1
235.000,investigation_timeouts,0
235.000,mission_duration_s,190.94400000000002
235.000,distance_traveled_m,46.86945330969697
235.000,route_deviations,2
235.000,investigation_time_s,15.599999999999994
235.000,hazard_avoidances,0
235.000,min_hazard_distance_m,2.2268099233812033
235.000,collisions,0
235.000,time_below_clearance_s,0.0
235.000,safety_zone_violations,0
235.000,min_ttc_s,4.659806628583838
235.000,avoid_success,0
235.000,avoid_timeout,0
235.000,q_convergence,0.9420897442860607
235.000,update_residual,0.09420897442860608
235.000,investigation_deferred,0
235.000,nav_aborted,0
235.000,nav_canceled,0
235.000,nav_rejected,0
235.000,run_seed,6
236.000,anomalies_detected,1
236.000,anomalies_unique,1
236.000,investigation_timeouts,0
236.000,mission_duration_s,191.94400000000002
236.000,distance_traveled_m,47.13153330050724
236.000,route_deviations,2
236.000,investigation_time_s,15.599999999999994
236.000,hazard_avoidances,0
236.000,min_hazard_distance_m,2.2268099233812033
236.000,collisions,0
236.000,time_below_clearance_s,0.0
236.000,safety_zone_violations,0
236.000,min_ttc_s,4.659806628583838
236.000,avoid_success,0
236.000,avoid_timeout,0
236.000,q_convergence,0.8210462685218641
236.000,update_residual,0.08210462685218642
236.000,investigation_deferred,0
236.000,nav_aborted,0
236.000,nav_canceled,0
236.000,nav_rejected,0
236.000,run_seed,6
237.000,anomalies_detected,1
237.000,anomalies_unique,1
237.000,investigation_timeouts,0
237.000,mission_duration_s,192.94400000000002
237.000,distance_traveled_m,47.39361329693082
237.000,route_deviations,2
237.000,investigation_time_s,15.599999999999994
237.000,hazard_avoidances,0
237.000,min_hazard_distance_m,2.2268099233812033
237.000,collisions,0
237.000,time_below_clearance_s,0.0
237.000,safety_zone_violations,0
237.000,min_ttc_s,4.659806628583838
237.000,avoid_success,0
237.000,avoid_timeout,0
237.000,q_convergence,0.7135327191401837
237.000,update_residual,0.07135327191401838
237.000,investigation_deferred,0
237.000,nav_aborted,0
237.000,nav_canceled,0
237.000,nav_rejected,0
237.000,run_seed,6
238.000,anomalies_detected,1
238.000,anomalies_unique,1
238.000,investigation_timeouts,0
238.000,mission_duration_s,193.94400000000002
238.000,distance_traveled_m,47.65569329448174
238.000,route_deviations,2
238.000,investigation_time_s,15.599999999999994
238.000,hazard_avoidances,0
238.000,min_hazard_distance_m,2.2268099233812033
238.000,collisions,0
238.000,time_below_clearance_s,0.0
238.000,safety_zone_violations,0
238.000,min_ttc_s,4.659806628583838
238.000,avoid_success,0
238.000,avoid_timeout,0
238.000,q_convergence,0.9020566575349103
238.000,update_residual,0.09020566575349102
238.000,investigation_deferred,0
238.000,nav_aborted,0
238.000,nav_canceled,0
238.000,nav_rejected,0
238.000,run_seed,6
239.000,anomalies_detected,1
239.000,anomalies_unique,1
239.000,investigation_timeouts,0
239.000,mission_duration_s,194.94400000000002
239.000,distance_traveled_m,47.90841329332101
239.000,route_deviations,2
239.000,investigation_time_s,15.599999999999994
239.000,hazard_avoidances,0
239.000,min_hazard_distance_m,2.2268099233812033
239.000,collisions,0
239.000,time_below_clearance_s,0.0
239.000,safety_zone_violations,0
239.000,min_ttc_s,4.659806628583838
239.000,avoid_success,0
239.000,avoid_timeout,0
239.000,q_convergence,0.9213757431776953
239.000,update_residual,0.09213757431776955
239.000,investigation_deferred,0
239.000,nav_aborted,0
239.000,nav_canceled,0
239.000,nav_rejected,0
239.000,run_seed,6
240.000,anomalies_detected,1
240.000,anomalies_unique,1
240.000,investigation_timeouts,0
240.000,mission_duration_s,195.94400000000002
240.000,distance_traveled_m,48.170493291476284
240.000,route_deviations,2
240.000,investigation_time_s,15.599999999999994
240.000,hazard_avoidances,0
240.000,min_hazard_distance_m,2.2268099233812033
240.000,collisions,0
240.000,time_below_clearance_s,0.0
240.000,safety_zone_violations,0
240.000,min_ttc_s,4.659806628583838
240.000,avoid_success,0
240.000,avoid_timeout,0
240.000,q_convergence,0.8026874937175406
240.000,update_residual,0.08026874937175404
240.000,investigation_deferred,0
240.000,nav_aborted,0
240.000,nav_canceled,0
240.000,nav_rejected,0
240.000,run_seed,6
241.000,anomalies_detected,1
241.000,anomalies_unique,1
241.000,investigation_timeouts,0
241.000,mission_duration_s,196.94400000000002
241.000,distance_traveled_m,48.43257329058032
241.000,route_deviations,2
241.000,investigation_time_s,15.599999999999994
241.000,hazard_avoidances,0
241.000,min_hazard_distance_m,2.2268099233812033
241.000,collisions,0
241.000,time_below_clearance_s,0.0
241.000,safety_zone_violations,0
241.000,min_ttc_s,4.659806628583838
241.000,avoid_success,0
241.000,avoid_timeout,0
241.000,q_convergence,0.6993687383448497
241.000,update_residual,0.06993687383448496
241.000,investigation_deferred,0
241.000,nav_aborted,0
241.000,nav_canceled,0
241.000,nav_rejected,0
241.000,run_seed,6
242.000,anomalies_detected,1
242.000,anomalies_unique,1
242.000,investigation_timeouts,0
242.000,mission_duration_s,197.94400000000002
242.000,distance_traveled_m,48.6946532896738
242.000,route_deviations,2
242.000,investigation_time_s,15.599999999999994
242.000,hazard_avoidances,0
242.000,min_hazard_distance_m,2.2268099233812033
242.000,collisions,0
242.000,time_below_clearance_s,0.0
242.000,safety_zone_violations,0
242.000,min_ttc_s,4.659806628583838
242.000,avoid_success,0
242.000,avoid_timeout,0
242.000,q_convergence,0.947727947992916
242.000,update_residual,0.09477279479929161
242.000,investigation_deferred,0
242.000,nav_aborted,0
242.000,nav_canceled,0
242.000,nav_rejected,0
242.000,run_seed,6
243.000,anomalies_detected,1
243.000,anomalies_unique,1
243.000,investigation_timeouts,0
243.000,mission_duration_s,198.94400000000002
243.000,distance_traveled_m,48.94737328871151
243.000,route_deviations,2
243.000,investigation_time_s,15.599999999999994
243.000,hazard_avoidances,0
243.000,min_hazard_distance_m,2.2268099233812033
243.000,collisions,0
243.000,time_below_clearance_s,0.0
243.000,safety_zone_violations,0
243.000,min_ttc_s,4.659806628583838
243.000,avoid_success,0
243.000,avoid_timeout,0
243.000,q_convergence,0.9030859745636065
243.000,update_residual,0.09030859745636063
243.000,investigation_deferred,0
243.000,nav_aborted,0
243.000,nav_canceled,0
243.000,nav_rejected,0
243.000,run_seed,6
244.000,anomalies_detected,1
244.000,anomalies_unique,1
244.000,investigation_timeouts,0
244.000,mission_duration_s,199.94400000000002
244.000,distance_traveled_m,49.20945328779852
244.000,route_deviations,2
244.000,investigation_time_s,15.599999999999994
244.000,hazard_avoidances,0
244.000,min_hazard_distance_m,2.2268099233812033
244.000,collisions,0
244.000,time_below_clearance_s,0.0
244.000,safety_zone_violations,0
244.000,min_ttc_s,4.659806628583838
244.000,avoid_success,0
244.000,avoid_timeout,0
244.000,q_convergence,0.7867537461251801
244.000,update_residual,0.07867537461251801
244.000,investigation_deferred,0
244.000,nav_aborted,0
244.000,nav_canceled,0
244.000,nav_rejected,0
244.000,run_seed,6
245.000,anomalies_detected,1
245.000,anomalies_unique,1
245.000,investigation_timeouts,0
245.000,mission_duration_s,200.94400000000002
245.000,distance_traveled_m,49.4715332862368
245.000,route_deviations,2
245.000,investigation_time_s,15.599999999999994
245.000,hazard_avoidances,0
245.000,min_hazard_distance_m,2.2268099233812033
245.000,collisions,0
245.000,time_below_clearance_s,0.0
245.000,safety_zone_violations,0
245.000,min_ttc_s,4.659806628583838
245.000,avoid_success,0
245.000,avoid_timeout,0
245.000,q_convergence,0.6854859196414406
245.000,update_residual,0.06854859196414406
245.000,investigation_deferred,0
245.000,nav_aborted,0
245.000,nav_canceled,0
245.000,nav_rejected,0
245.000,run_seed,6
246.000,anomalies_detected,1
246.000,anomalies_unique,1
246.000,investigation_timeouts,0
246.000,mission_duration_s,201.94400000000002
246.000,distance_traveled_m,49.733613285290794
246.000,route_deviations,2
246.000,investigation_time_s,15.599999999999994
246.000,hazard_avoidances,0
246.000,min_hazard_distance_m,2.2268099233812033
246.000,collisions,0
246.000,time_below_clearance_s,0.0
246.000,safety_zone_violations,0
246.000,min_ttc_s,4.659806628583838
246.000,avoid_success,0
246.000,avoid_timeout,0
246.000,q_convergence,0.9924926405282298
246.000,update_residual,0.09924926405282299
246.000,investigation_deferred,0
246.000,nav_aborted,0
246.000,nav_canceled,0
246.000,nav_rejected,0
246.000,run_seed,6
247.000,anomalies_detected,1
247.000,anomalies_unique,1
247.000,investigation_timeouts,0
247.000,mission_duration_s,202.94400000000002
247.000,distance_traveled_m,49.99569328437763
247.000,route_deviations,2
247.000,investigation_time_s,15.599999999999994
247.000,hazard_avoidances,0
247.000,min_hazard_distance_m,2.2268099233812033
247.000,collisions,0
247.000,time_below_clearance_s,0.0
247.000,safety_zone_violations,0
247.000,min_ttc_s,4.659806628583838
247.000,avoid_success,0
247.000,avoid_timeout,0
247.000,q_convergence,0.8851592669899604
247.000,update_residual,0.08851592669899602
247.000,investigation_deferred,0
247.000,nav_aborted,0
247.000,nav_canceled,0
247.000,nav_rejected,0
247.000,run_seed,6
248.000,anomalies_detected,1
248.000,anomalies_unique,1
248.000,investigation_timeouts,0
248.000,mission_duration_s,203.94400000000002
248.000,distance_traveled_m,50.24841328355126
248.000,route_deviations,2
248.000,investigation_time_s,15.599999999999994
248.000,hazard_avoidances,0
248.000,min_hazard_distance_m,2.2268099233812033
248.000,collisions,0
248.000,time_below_clearance_s,0.0
248.000,safety_zone_violations,0
248.000,min_ttc_s,4.659806628583838
248.000,avoid_success,0
248.000,avoid_timeout,0
248.000,q_convergence,0.769250312512271
248.000,update_residual,0.07692503125122711
248.000,investigation_deferred,0
248.000,nav_aborted,0
248.000,nav_canceled,0
248.000,nav_rejected,0
248.000,run_seed,6
249.000,anomalies_detected,1
249.000,anomalies_unique,1
249.000,investigation_timeouts,0
249.000,mission_duration_s,204.94400000000002
249.000,distance_traveled_m,50.51049328259173
249.000,route_deviations,2
249.000,investigation_time_s,15.599999999999994
249.000,hazard_avoidances,0
249.000,min_hazard_distance_m,2.2268099233812033
249.000,collisions,0
249.000,time_below_clearance_s,0.0
249.000,safety_zone_violations,0
249.000,min_ttc_s,4.659806628583838
249.000,avoid_success,0
249.000,avoid_timeout,0
249.000,q_convergence,0.6701583039969677
249.000,update_residual,0.06701583039969677
249.000,investigation_deferred,0
249.000,nav_aborted,0
249.000,nav_canceled,0
249.000,nav_rejected,0
249.000,run_seed,6
250.000,anomalies_detected,1
250.000,anomalies_unique,1
250.000,investigation_timeouts,0
250.000,mission_duration_s,205.94400000000002
250.000,distance_traveled_m,50.77257328160866
250.000,route_deviations,2
250.000,investigation_time_s,15.599999999999994
250.000,hazard_avoidances,0
250.000,min_hazard_distance_m,2.2268099233812033
250.000,collisions,0
250.000,time_below_clearance_s,0.0
250.000,safety_zone_violations,0
250.000,min_ttc_s,4.659806628583838
250.000,avoid_success,0
250.000,avoid_timeout,0
250.000,q_convergence,1.036368731562349
250.000,update_residual,0.10363687315623493
250.000,investigation_deferred,0
250.000,nav_aborted,0
250.000,nav_canceled,0
250.000,nav_rejected,0
250.000,run_seed,6
251.000,anomalies_detected,1
251.000,anomalies_unique,1
251.000,investigation_timeouts,0
251.000,mission_duration_s,206.94400000000002
251.000,distance_traveled_m,51.03465328073149
251.000,route_deviations,2
251.000,investigation_time_s,15.599999999999994
251.000,hazard_avoidances,0
251.000,min_hazard_distance_m,2.2268099233812033
251.000,collisions,0
251.000,time_below_clearance_s,0.0
251.000,safety_zone_violations,0
251.000,min_ttc_s,4.659806628583838
251.000,avoid_success,0
251.000,avoid_timeout,0
251.000,q_convergence,0.8675884135138003
251.000,update_residual,0.08675884135138008
251.000,investigation_deferred,0
251.000,nav_aborted,0
251.000,nav_canceled,0
251.000,nav_rejected,0
251.000,run_seed,6
252.000,anomalies_detected,1
252.000,anomalies_unique,1
252.000,investigation_timeouts,0
252.000,mission_duration_s,207.94400000000002
252.000,distance_traveled_m,51.28737327988823
252.000,route_deviations,2
252.000,investigation_time_s,15.599999999999994
252.000,hazard_avoidances,0
252.000,min_hazard_distance_m,2.2268099233812033
252.000,collisions,0
252.000,time_below_clearance_s,0.0
252.000,safety_zone_violations,0
252.000,min_ttc_s,4.659806628583838
252.000,avoid_success,0
252.000,avoid_timeout,0
252.000,q_convergence,0.7539803096645278
252.000,update_residual,0.07539803096645277
252.000,investigation_deferred,0
252.000,nav_aborted,0
252.000,nav_canceled,0
252.000,nav_rejected,0
252.000,run_seed,6
253.000,anomalies_detected,1
253.000,anomalies_unique,1
253.000,investigation_timeouts,0
253.000,mission_duration_s,208.94400000000002
253.000,distance_traveled_m,51.549453279038886
253.000,route_deviations,2
253.000,investigation_time_s,15.599999999999994
253.000,hazard_avoidances,0
253.000,min_hazard_distance_m,2.2268099233812033
253.000,collisions,0
253.000,time_below_clearance_s,0.0
253.000,safety_zone_violations,0
253.000,min_ttc_s,4.659806628583838
253.000,avoid_success,0
253.000,avoid_timeout,0
253.000,q_convergence,0.656855327002325
253.000,update_residual,0.06568553270023249
253.000,investigation_deferred,0
253.000,nav_aborted,0
253.000,nav_canceled,0
253.000,nav_rejected,0
253.000,run_seed,6
254.000,anomalies_detected,1
254.000,anomalies_unique,1
254.000,investigation_timeouts,0
254.000,mission_duration_s,209.94400000000002
254.000,distance_traveled_m,51.811533278088945
254.000,route_deviations,2
254.000,investigation_time_s,15.599999999999994
254.000,hazard_avoidances,0
254.000,min_hazard_distance_m,2.2268099233812033
254.000,collisions,0
254.000,time_below_clearance_s,0.0
254.000,safety_zone_violations,0
254.000,min_ttc_s,4.659806628583838
254.000,avoid_success,0
254.000,avoid_timeout,0
254.000,q_convergence,1.0886346357227572
254.000,update_residual,0.10886346357227572
254.000,investigation_deferred,0
254.000,nav_aborted,0
254.000,nav_canceled,0
254.000,nav_rejected,0
254.000,run_seed,6
255.000,anomalies_detected,1
255.000,anomalies_unique,1
255.000,investigation_timeouts,0
255.000,mission_duration_s,210.94400000000002
255.000,distance_traveled_m,52.07361327700901
255.000,route_deviations,2
255.000,investigation_time_s,15.599999999999994
255.000,hazard_avoidances,0
255.000,min_hazard_distance_m,2.2268099233812033
255.000,collisions,0
255.000,time_below_clearance_s,0.0
255.000,safety_zone_violations,0
255.000,min_ttc_s,4.659806628583838
255.000,avoid_success,0
255.000,avoid_timeout,0
255.000,q_convergence,0.8461145185023194
255.000,update_residual,0.08461145185023193
255.000,investigation_deferred,0
255.000,nav_aborted,0
255.000,nav_canceled,0
255.000,nav_rejected,0
255.000,run_seed,6
256.000,anomalies_detected,1
256.000,anomalies_unique,1
256.000,investigation_timeouts,0
256.000,mission_duration_s,211.94400000000002
256.000,distance_traveled_m,52.33569327614421
256.000,route_deviations,2
256.000,investigation_time_s,15.599999999999994
256.000,hazard_avoidances,0
256.000,min_hazard_distance_m,2.2268099233812033
256.000,collisions,0
256.000,time_below_clearance_s,0.0
256.000,safety_zone_violations,0
256.000,min_ttc_s,4.659806628583838
256.000,avoid_success,0
256.000,avoid_timeout,0
256.000,q_convergence,0.7353183568787758
256.000,update_residual,0.07353183568787759
256.000,investigation_deferred,0
256.000,nav_aborted,0
256.000,nav_canceled,0
256.000,nav_rejected,0
256.000,run_seed,6
257.000,anomalies_detected,1
257.000,anomalies_unique,1
257.000,investigation_timeouts,0
257.000,mission_duration_s,212.94400000000002
257.000,distance_traveled_m,52.58841327531187
257.000,route_deviations,2
257.000,investigation_time_s,15.599999999999994
257.000,hazard_avoidances,0
257.000,min_hazard_distance_m,2.2268099233812033
257.000,collisions,0
257.000,time_below_clearance_s,0.0
257.000,safety_zone_violations,0
257.000,min_ttc_s,4.659806628583838
257.000,avoid_success,0
257.000,avoid_timeout,0
257.000,q_convergence,0.6390306207249188
257.000,update_residual,0.0639030620724919
257.000,investigation_deferred,0
257.000,nav_aborted,0
257.000,nav_canceled,0
257.000,nav_rejected,0
257.000,run_seed,6
258.000,anomalies_detected,1
258.000,anomalies_unique,1
258.000,investigation_timeouts,0
258.000,mission_duration_s,213.94400000000002
258.000,distance_traveled_m,52.85049327446269
258.000,route_deviations,2
258.000,investigation_time_s,15.599999999999994
258.000,hazard_avoidances,0
258.000,min_hazard_distance_m,2.2268099233812033
258.000,collisions,0
258.000,time_below_clearance_s,0.0
258.000,safety_zone_violations,0
258.000,min_ttc_s,4.659806628583838
258.000,avoid_success,0
258.000,avoid_timeout,0
258.000,q_convergence,1.1517541030517373
258.000,update_residual,0.11517541030517374
258.000,investigation_deferred,0
258.000,nav_aborted,0
258.000,nav_canceled,0
258.000,nav_rejected,0
258.000,run_seed,6
259.000,anomalies_detected,1
259.000,anomalies_unique,1
259.000,investigation_timeouts,0
259.000,mission_duration_s,214.94400000000002
259.000,distance_traveled_m,53.11257327350754
259.000,route_deviations,2
259.000,investigation_time_s,15.599999999999994
259.000,hazard_avoidances,0
259.000,min_hazard_distance_m,2.2268099233812033
259.000,collisions,0
259.000,time_below_clearance_s,0.0
259.000,safety_zone_violations,0
259.000,min_ttc_s,4.659806628583838
259.000,avoid_success,0
259.000,avoid_timeout,0
259.000,q_convergence,0.8293187227816107
259.000,update_residual,0.0829318722781611
259.000,investigation_deferred,0
259.000,nav_aborted,0
259.000,nav_canceled,0
259.000,nav_rejected,0
259.000,run_seed,6
260.000,anomalies_detected,1
260.000,anomalies_unique,1
260.000,investigation_timeouts,0
260.000,mission_duration_s,215.94400000000002
260.000,distance_traveled_m,53.37465327231164
260.000,route_deviations,2
260.000,investigation_time_s,15.599999999999994
260.000,hazard_avoidances,0
260.000,min_hazard_distance_m,2.2268099233812033
260.000,collisions,0
260.000,time_below_clearance_s,0.0
260.000,safety_zone_violations,0
260.000,min_ttc_s,4.659806628583838
260.000,avoid_success,0
260.000,avoid_timeout,0
260.000,q_convergence,0.7207219202951275
260.000,update_residual,0.07207219202951277
260.000,investigation_deferred,0
260.000,nav_aborted,0
260.000,nav_canceled,0
260.000,nav_rejected,0
260.000,run_seed,6
261.000,anomalies_detected,1
261.000,anomalies_unique,1
261.000,investigation_timeouts,0
261.000,mission_duration_s,216.94400000000002
261.000,distance_traveled_m,53.627373271364526
261.000,route_deviations,2
261.000,investigation_time_s,15.599999999999994
261.000,hazard_avoidances,0
261.000,min_hazard_distance_m,2.2268099233812033
261.000,collisions,0
261.000,time_below_clearance_s,0.0
261.000,safety_zone_violations,0
261.000,min_ttc_s,4.659806628583838
261.000,avoid_success,0
261.000,avoid_timeout,0
261.000,q_convergence,0.8788753147434379
261.000,update_residual,0.0878875314743438
261.000,investigation_deferred,0
261.000,nav_aborted,0
261.000,nav_canceled,0
261.000,nav_rejected,0
261.000,run_seed,6
262.000,anomalies_detected,1
262.000,anomalies_unique,1
262.000,investigation_timeouts,0
262.000,mission_duration_s,217.94400000000002
262.000,distance_traveled_m,53.88945327029764
262.000,route_deviations,2
262.000,investigation_time_s,15.599999999999994
262.000,hazard_avoidances,0
262.000,min_hazard_distance_m,2.2268099233812033
262.000,collisions,0
262.000,time_below_clearance_s,0.0
262.000,safety_zone_violations,0
262.000,min_ttc_s,4.659806628583838
262.000,avoid_success,0
262.000,avoid_timeout,0
262.000,q_convergence,0.9329407737388138
262.000,update_residual,0.09329407737388137
262.000,investigation_deferred,0
262.000,nav_aborted,0
262.000,nav_canceled,0
262.000,nav_rejected,0
262.000,run_seed,6
263.000,anomalies_detected,1
263.000,anomalies_unique,1
263.000,investigation_timeouts,0
263.000,mission_duration_s,218.94400000000002
263.000,distance_traveled_m,54.15153326923635
263.000,route_deviations,2
263.000,investigation_time_s,15.599999999999994
263.000,hazard_avoidances,0
263.000,min_hazard_distance_m,2.2268099233812033
263.000,collisions,0
263.000,time_below_clearance_s,0.0
263.000,safety_zone_violations,0
263.000,min_ttc_s,4.659806628583838
263.000,avoid_success,0
263.000,avoid_timeout,0
263.000,q_convergence,0.8128563319933584
263.000,update_residual,0.08128563319933586
263.000,investigation_deferred,0
263.000,nav_aborted,0
263.000,nav_canceled,0
263.000,nav_rejected,0
263.000,run_seed,6
264.000,anomalies_detected,1
264.000,anomalies_unique,1
264.000,investigation_timeouts,0
264.000,mission_duration_s,219.94400000000002
264.000,distance_traveled_m,54.41361326777846
264.000,route_deviations,2
264.000,investigation_time_s,15.599999999999994
264.000,hazard_avoidances,0
264.000,min_hazard_distance_m,2.2268099233812033
264.000,collisions,0
264.000,time_below_clearance_s,0.0
264.000,safety_zone_violations,0
264.000,min_ttc_s,4.659806628583838
264.000,avoid_success,0
264.000,avoid_timeout,0
264.000,q_convergence,0.7064152302667603
264.000,update_residual,0.07064152302667605
264.000,investigation_deferred,0
264.000,nav_aborted,0
264.000,nav_canceled,0
264.000,nav_rejected,0
264.000,run_seed,6
265.000,anomalies_detected,1
265.000,anomalies_unique,1
265.000,investigation_timeouts,0
265.000,mission_duration_s,220.94400000000002
265.000,distance_traveled_m,54.675693266022904
265.000,route_deviations,2
265.000,investigation_time_s,15.599999999999994
265.000,hazard_avoidances,0
265.000,min_hazard_distance_m,2.2268099233812033
265.000,collisions,0
265.000,time_below_clearance_s,0.0
265.000,safety_zone_violations,0
265.000,min_ttc_s,4.659806628583838
265.000,avoid_success,0
265.000,avoid_timeout,0
265.000,q_convergence,0.9250067664320376
265.000,update_residual,0.09250067664320374
265.000,investigation_deferred,0
265.000,nav_aborted,0
265.000,nav_canceled,0
265.000,nav_rejected,0
265.000,run_seed,6
266.000,anomalies_detected,1
266.000,anomalies_unique,1
266.000,investigation_timeouts,0
266.000,mission_duration_s,221.94400000000002
266.000,distance_traveled_m,54.928413263163755
266.000,route_deviations,2
266.000,investigation_time_s,15.599999999999994
266.000,hazard_avoidances,0
266.000,min_hazard_distance_m,2.2268099233812033
266.000,collisions,0
266.000,time_below_clearance_s,0.0
266.000,safety_zone_violations,0
266.000,min_ttc_s,4.659806628583838
266.000,avoid_success,0
266.000,avoid_timeout,0
266.000,q_convergence,0.912185020139498
266.000,update_residual,0.09121850201394976
266.000,investigation_deferred,0
266.000,nav_aborted,0
266.000,nav_canceled,0
266.000,nav_rejected,0
266.000,run_seed,6
267.000,anomalies_detected,1
267.000,anomalies_unique,1
267.000,investigation_timeouts,0
267.000,mission_duration_s,222.94400000000002
267.000,distance_traveled_m,55.19049325622576
267.000,route_deviations,2
267.000,investigation_time_s,15.599999999999994
267.000,hazard_avoidances,0
267.000,min_hazard_distance_m,2.2268099233812033
267.000,collisions,0
267.000,time_below_clearance_s,0.0
267.000,safety_zone_violations,0
267.000,min_ttc_s,4.659806628583838
267.000,avoid_success,0
267.000,avoid_timeout,0
267.000,q_convergence,0.794680685967708
267.000,update_residual,0.07946806859677079
267.000,investigation_deferred,0
267.000,nav_aborted,0
267.000,nav_canceled,0
267.000,nav_rejected,0
267.000,run_seed,6
268.000,anomalies_detected,1
268.000,anomalies_unique,1
268.000,investigation_timeouts,0
268.000,mission_duration_s,223.94400000000002
268.000,distance_traveled_m,55.45257324230814
268.000,route_deviations,2
268.000,investigation_time_s,15.599999999999994
268.000,hazard_avoidances,0
268.000,min_hazard_distance_m,2.2268099233812033
268.000,collisions,0
268.000,time_below_clearance_s,0.0
268.000,safety_zone_violations,0
268.000,min_ttc_s,4.659806628583838
268.000,avoid_success,0
268.000,avoid_timeout,0
268.000,q_convergence,0.6923925351798598
268.000,update_residual,0.06923925351798597
268.000,investigation_deferred,0
268.000,nav_aborted,0
268.000,nav_canceled,0
268.000,nav_rejected,0
268.000,run_seed,6
269.000,anomalies_detected,1
269.000,anomalies_unique,1
269.000,investigation_timeouts,0
269.000,mission_duration_s,224.94400000000002
269.000,distance_traveled_m,55.7146531652552
269.000,route_deviations,2
269.000,investigation_time_s,15.599999999999994
269.000,hazard_avoidances,0
269.000,min_hazard_distance_m,2.2268099233812033
269.000,collisions,0
269.000,time_below_clearance_s,0.0
269.000,safety_zone_violations,0
269.000,min_ttc_s,4.659806628583838
269.000,avoid_success,0
269.000,avoid_timeout,0
269.000,q_convergence,0.9702224857677246
269.000,update_residual,0.09702224857677248
269.000,investigation_deferred,0
269.000,nav_aborted,0
269.000,nav_canceled,0
269.000,nav_rejected,0
269.000,run_seed,6
270.000,anomalies_detected,1
270.000,anomalies_unique,1
270.000,investigation_timeouts,0
270.000,mission_duration_s,225.94400000000002
270.000,distance_traveled_m,55.96737315179635
270.000,route_deviations,2
270.000,investigation_time_s,15.599999999999994
270.000,hazard_avoidances,0
270.000,min_hazard_distance_m,2.2268099233812033
270.000,collisions,0
270.000,time_below_clearance_s,0.0
270.000,safety_zone_violations,0
270.000,min_ttc_s,4.659806628583838
270.000,avoid_success,0
270.000,avoid_timeout,0
270.000,q_convergence,0.8940776919673346
270.000,update_residual,0.08940776919673343
270.000,investigation_deferred,0
270.000,nav_aborted,0
270.000,nav_canceled,0
270.000,nav_rejected,0
270.000,run_seed,6
271.000,anomalies_detected,1
271.000,anomalies_unique,1
271.000,investigation_timeouts,0
271.000,mission_duration_s,226.94400000000002
271.000,distance_traveled_m,56.22945309445207
271.000,route_deviations,2
271.000,investigation_time_s,15.599999999999994
271.000,hazard_avoidances,0
271.000,min_hazard_distance_m,2.2268099233812033
271.000,collisions,0
271.000,time_below_clearance_s,0.0
271.000,safety_zone_violations,0
271.000,min_ttc_s,4.659806628583838
271.000,avoid_success,0
271.000,avoid_timeout,0
271.000,q_convergence,0.7789058775075814
271.000,update_residual,0.07789058775075812
271.000,investigation_deferred,0
271.000,nav_aborted,0
271.000,nav_canceled,0
271.000,nav_rejected,0
271.000,run_seed,6
272.000,anomalies_detected,1
272.000,anomalies_unique,1
272.000,investigation_timeouts,0
272.000,mission_duration_s,227.94400000000002
272.000,distance_traveled_m,56.49153301702678
272.000,route_deviations,2
272.000,investigation_time_s,15.599999999999994
272.000,hazard_avoidances,0
272.000,min_hazard_distance_m,2.2268099233812033
272.000,collisions,0
272.000,time_below_clearance_s,0.0
272.000,safety_zone_violations,0
272.000,min_ttc_s,4.659806628583838
272.000,avoid_success,0
272.000,avoid_timeout,0
272.000,q_convergence,0.6786481975930173
272.000,update_residual,0.06786481975930173
272.000,investigation_deferred,0
272.000,nav_aborted,0
272.000,nav_canceled,0
272.000,nav_rejected,0
272.000,run_seed,6
273.000,anomalies_detected,1
273.000,anomalies_unique,1
273.000,investigation_timeouts,0
273.000,mission_duration_s,228.94400000000002
273.000,distance_traveled_m,56.75361297393377
273.000,route_deviations,2
273.000,investigation_time_s,15.599999999999994
273.000,hazard_avoidances,0
273.000,min_hazard_distance_m,2.2268099233812033
273.000,collisions,0
273.000,time_below_clearance_s,0.0
273.000,safety_zone_violations,0
273.000,min_ttc_s,4.659806628583838
273.000,avoid_success,0
273.000,avoid_timeout,0
273.000,q_convergence,0.9941224579015041
273.000,update_residual,0.09941224579015043
273.000,investigation_deferred,0
273.000,nav_aborted,0
273.000,nav_canceled,0
273.000,nav_rejected,0
273.000,run_seed,6
274.000,anomalies_detected,1
274.000,anomalies_unique,1
274.000,investigation_timeouts,0
274.000,mission_duration_s,229.94400000000002
274.000,distance_traveled_m,57.01569295216423
274.000,route_deviations,2
274.000,investigation_time_s,15.599999999999994
274.000,hazard_avoidances,0
274.000,min_hazard_distance_m,2.2268099233812033
274.000,collisions,0
274.000,time_below_clearance_s,0.0
274.000,safety_zone_violations,0
274.000,min_ttc_s,4.659806628583838
274.000,avoid_success,0
274.000,avoid_timeout,0
274.000,q_convergence,0.9167688644618069
274.000,update_residual,0.09167688644618069
274.000,investigation_deferred,0
274.000,nav_aborted,0
274.000,nav_canceled,0
274.000,nav_rejected,0
274.000,run_seed,6
275.000,anomalies_detected,1
275.000,anomalies_unique,1
275.000,investigation_timeouts,0
275.000,mission_duration_s,230.94400000000002
275.000,distance_traveled_m,57.26841294696276
275.000,route_deviations,2
275.000,investigation_time_s,15.599999999999994
275.000,hazard_avoidances,0
275.000,min_hazard_distance_m,2.2268099233812033
275.000,collisions,0
275.000,time_below_clearance_s,0.0
275.000,safety_zone_violations,0
275.000,min_ttc_s,4.659806628583838
275.000,avoid_success,0
275.000,avoid_timeout,0
275.000,q_convergence,0.7967207278831593
275.000,update_residual,0.07967207278831592
275.000,investigation_deferred,0
275.000,nav_aborted,0
275.000,nav_canceled,0
275.000,nav_rejected,0
275.000,run_seed,6
276.000,anomalies_detected,1
276.000,anomalies_unique,1
276.000,investigation_timeouts,0
276.000,mission_duration_s,231.94400000000002
276.000,distance_traveled_m,57.53049293074988
276.000,route_deviations,2
276.000,investigation_time_s,15.599999999999994
276.000,hazard_avoidances,0
276.000,min_hazard_distance_m,2.2268099233812033
276.000,collisions,0
276.000,time_below_clearance_s,0.0
276.000,safety_zone_violations,0
276.000,min_ttc_s,4.659806628583838
276.000,avoid_success,0
276.000,avoid_timeout,0
276.000,q_convergence,0.6940900810474361
276.000,update_residual,0.0694090081047436
276.000,investigation_deferred,0
276.000,nav_aborted,0
276.000,nav_canceled,0
276.000,nav_rejected,0
276.000,run_seed,6
277.000,anomalies_detected,1
277.000,anomalies_unique,1
277.000,investigation_timeouts,0
277.000,mission_duration_s,232.94400000000002
277.000,distance_traveled_m,57.75622890723904
277.000,route_deviations,2
277.000,investigation_time_s,15.599999999999994
277.000,hazard_avoidances,0
277.000,min_hazard_distance_m,2.2268099233812033
277.000,collisions,0
277.000,time_below_clearance_s,0.0
277.000,safety_zone_violations,0
277.000,min_ttc_s,4.659806628583838
277.000,avoid_success,0
277.000,avoid_timeout,0
277.000,q_convergence,1.0016808986822743
277.000,update_residual,0.10016808986822745
277.000,investigation_deferred,0
277.000,nav_aborted,0
277.000,nav_canceled,0
277.000,nav_rejected,0
277.000,run_seed,6
278.000,anomalies_detected,1
278.000,anomalies_unique,1
278.000,investigation_timeouts,0
278.000,mission_duration_s,233.94400000000002
278.000,distance_traveled_m,57.815771655956205
278.000,route_deviations,2
278.000,investigation_time_s,15.599999999999994
278.000,hazard_avoidances,0
278.000,min_hazard_distance_m,2.2268099233812033
278.000,collisions,0
278.000,time_below_clearance_s,0.0
278.000,safety_zone_violations,0
278.000,min_ttc_s,4.659806628583838
278.000,avoid_success,0
278.000,avoid_timeout,0
278.000,q_convergence,0.8807334706550105
278.000,update_residual,0.08807334706550105
278.000,investigation_deferred,0
278.000,nav_aborted,0
278.000,nav_canceled,0
278.000,nav_rejected,0
278.000,run_seed,6
279.000,anomalies_detected,1
279.000,anomalies_unique,1
279.000,investigation_timeouts,0
279.000,mission_duration_s,234.94400000000002
279.000,distance_traveled_m,57.85737609889576
279.000,route_deviations,2
279.000,investigation_time_s,15.599999999999994
279.000,hazard_avoidances,0
279.000,min_hazard_distance_m,2.2268099233812033
279.000,collisions,0
279.000,time_below_clearance_s,0.0
279.000,safety_zone_violations,0
279.000,min_ttc_s,4.659806628583838
279.000,avoid_success,0
279.000,avoid_timeout,0
279.000,q_convergence,0.7654040609497098
279.000,update_residual,0.07654040609497097
279.000,investigation_deferred,0
279.000,nav_aborted,0
279.000,nav_canceled,0
279.000,nav_rejected,0
279.000,run_seed,6
280.000,anomalies_detected,1
280.000,anomalies_unique,1
280.000,investigation_timeouts,0
280.000,mission_duration_s,235.94400000000002
280.000,distance_traveled_m,58.01960829462615
280.000,route_deviations,2
280.000,investigation_time_s,15.599999999999994
280.000,hazard_avoidances,0
280.000,min_hazard_distance_m,2.2268099233812033
280.000,collisions,0
280.000,time_below_clearance_s,0.0
280.000,safety_zone_violations,0
280.000,min_ttc_s,4.659806628583838
280.000,avoid_success,0
280.000,avoid_timeout,0
280.000,q_convergence,0.666807512476983
280.000,update_residual,0.06668075124769827
280.000,investigation_deferred,0
280.000,nav_aborted,0
280.000,nav_canceled,0
280.000,nav_rejected,0
280.000,run_seed,6
281.000,anomalies_detected,1
281.000,anomalies_unique,1
281.000,investigation_timeouts,0
281.000,mission_duration_s,236.94400000000002
281.000,distance_traveled_m,58.06772083859074
281.000,route_deviations,2
281.000,investigation_time_s,15.599999999999994
281.000,hazard_avoidances,0
281.000,min_hazard_distance_m,2.2268099233812033
281.000,collisions,0
281.000,time_below_clearance_s,0.0
281.000,safety_zone_violations,0
281.000,min_ttc_s,4.659806628583838
281.000,avoid_success,0
281.000,avoid_timeout,0
281.000,q_convergence,0.580978690175031
281.000,update_residual,0.05809786901750311
281.000,investigation_deferred,0
281.000,nav_aborted,0
281.000,nav_canceled,0
281.000,nav_rejected,0
281.000,run_seed,6
282.000,anomalies_detected,1
282.000,anomalies_unique,1
282.000,investigation_timeouts,0
282.000,mission_duration_s,237.94400000000002
282.000,distance_traveled_m,58.27282802219694
282.000,route_deviations,2
282.000,investigation_time_s,15.599999999999994
282.000,hazard_avoidances,0
282.000,min_hazard_distance_m,2.2268099233812033
282.000,collisions,0
282.000,time_below_clearance_s,0.0
282.000,safety_zone_violations,0
282.000,min_ttc_s,4.659806628583838
282.000,avoid_success,0
282.000,avoid_timeout,0
282.000,q_convergence,0.5049012710445722
282.000,update_residual,0.050490127104457216
282.000,investigation_deferred,0
282.000,nav_aborted,0
282.000,nav_canceled,0
282.000,nav_rejected,0
282.000,run_seed,6
283.000,anomalies_detected,1
283.000,anomalies_unique,1
283.000,investigation_timeouts,0
283.000,mission_duration_s,238.94400000000002
283.000,distance_traveled_m,58.53490765505396
283.000,route_deviations,2
283.000,investigation_time_s,15.599999999999994
283.000,hazard_avoidances,0
283.000,min_hazard_distance_m,2.2268099233812033
283.000,collisions,0
283.000,time_below_clearance_s,0.0
283.000,safety_zone_violations,0
283.000,min_ttc_s,4.659806628583838
283.000,avoid_success,0
283.000,avoid_timeout,0
283.000,q_convergence,0.4387859620558951
283.000,update_residual,0.0438785962055895
283.000,investigation_deferred,0
283.000,nav_aborted,0
283.000,nav_canceled,0
283.000,nav_rejected,0
283.000,run_seed,6
284.000,anomalies_detected,1
284.000,anomalies_unique,1
284.000,investigation_timeouts,0
284.000,mission_duration_s,239.94400000000002
284.000,distance_traveled_m,58.787627561827975
284.000,route_deviations,2
284.000,investigation_time_s,15.599999999999994
284.000,hazard_avoidances,0
284.000,min_hazard_distance_m,2.2268099233812033
284.000,collisions,0
284.000,time_below_clearance_s,0.0
284.000,safety_zone_violations,0
284.000,min_ttc_s,4.659806628583838
284.000,avoid_success,0
284.000,avoid_timeout,0
284.000,q_convergence,0.3813282547278845
284.000,update_residual,0.038132825472788456
284.000,investigation_deferred,0
284.000,nav_aborted,0
284.000,nav_canceled,0
284.000,nav_rejected,0
284.000,run_seed,6
285.000,anomalies_detected,1
285.000,anomalies_unique,1
285.000,investigation_timeouts,0
285.000,mission_duration_s,240.94400000000002
285.000,distance_traveled_m,59.04970755696211
285.000,route_deviations,2
285.000,investigation_time_s,15.599999999999994
285.000,hazard_avoidances,0
285.000,min_hazard_distance_m,2.2268099233812033
285.000,collisions,0
285.000,time_below_clearance_s,0.0
285.000,safety_zone_violations,0
285.000,min_ttc_s,4.659806628583838
285.000,avoid_success,0
285.000,avoid_timeout,0
285.000,q_convergence,0.33220694525292915
285.000,update_residual,0.033220694525292915
285.000,investigation_deferred,0
285.000,nav_aborted,0
285.000,nav_canceled,0
285.000,nav_rejected,0
285.000,run_seed,6
286.000,anomalies_detected,1
286.000,anomalies_unique,1
286.000,investigation_timeouts,0
286.000,mission_duration_s,241.94400000000002
286.000,distance_traveled_m,59.311787489353385
286.000,route_deviations,2
286.000,investigation_time_s,15.599999999999994
286.000,hazard_avoidances,0
286.000,min_hazard_distance_m,2.2268099233812033
286.000,collisions,0
286.000,time_below_clearance_s,0.0
286.000,safety_zone_violations,0
286.000,min_ttc_s,4.659806628583838
286.000,avoid_success,0
286.000,avoid_timeout,0
286.000,q_convergence,1.2181513415109773
286.000,update_residual,0.12181513415109775
286.000,investigation_deferred,0
286.000,nav_aborted,0
286.000,nav_canceled,0
286.000,nav_rejected,0
286.000,run_seed,6
287.000,anomalies_detected,1
287.000,anomalies_unique,1
287.000,investigation_timeouts,0
287.000,mission_duration_s,242.94400000000002
287.000,distance_traveled_m,59.573867485259306
287.000,route_deviations,2
287.000,investigation_time_s,15.599999999999994
287.000,hazard_avoidances,0
287.000,min_hazard_distance_m,2.2268099233812033
287.000,collisions,0
287.000,time_below_clearance_s,0.0
287.000,safety_zone_violations,0
287.000,min_ttc_s,4.659806628583838
287.000,avoid_success,0
287.000,avoid_timeout,0
287.000,q_convergence,0.8763298033017355
287.000,update_residual,0.08763298033017355
287.000,investigation_deferred,0
287.000,nav_aborted,0
287.000,nav_canceled,0
287.000,nav_rejected,0
287.000,run_seed,6
288.000,anomalies_detected,1
288.000,anomalies_unique,1
288.000,investigation_timeouts,0
288.000,mission_duration_s,243.94400000000002
288.000,distance_traveled_m,59.82658748049984
288.000,route_deviations,2
288.000,investigation_time_s,15.599999999999994
288.000,hazard_avoidances,0
288.000,min_hazard_distance_m,2.2268099233812033
288.000,collisions,0
288.000,time_below_clearance_s,0.0
288.000,safety_zone_violations,0
288.000,min_ttc_s,4.659806628583838
288.000,avoid_success,0
288.000,avoid_timeout,0
288.000,q_convergence,0.7615770406449613
288.000,update_residual,0.07615770406449614
288.000,investigation_deferred,0
288.000,nav_aborted,0
288.000,nav_canceled,0
288.000,nav_rejected,0
288.000,run_seed,6
289.000,anomalies_detected,1
289.000,anomalies_unique,1
289.000,investigation_timeouts,0
289.000,mission_duration_s,244.94400000000002
289.000,distance_traveled_m,60.08866744621611
289.000,route_deviations,2
289.000,investigation_time_s,15.599999999999994
289.000,hazard_avoidances,0
289.000,min_hazard_distance_m,2.2268099233812033
289.000,collisions,0
289.000,time_below_clearance_s,0.0
289.000,safety_zone_violations,0
289.000,min_ttc_s,4.659806628583838
289.000,avoid_success,0
289.000,avoid_timeout,0
289.000,q_convergence,0.663473474914598
289.000,update_residual,0.06634734749145979
289.000,investigation_deferred,0
289.000,nav_aborted,0
289.000,nav_canceled,0
289.000,nav_rejected,0
289.000,run_seed,6
290.000,anomalies_detected,1
290.000,anomalies_unique,1
290.000,investigation_timeouts,0
290.000,mission_duration_s,245.94400000000002
290.000,distance_traveled_m,60.350747441915445
290.000,route_deviations,2
290.000,investigation_time_s,15.599999999999994
290.000,hazard_avoidances,0
290.000,min_hazard_distance_m,2.2268099233812033
290.000,collisions,0
290.000,time_below_clearance_s,0.0
290.000,safety_zone_violations,0
290.000,min_ttc_s,4.659806628583838
290.000,avoid_success,0
290.000,avoid_timeout,0
290.000,q_convergence,0.5780737967241559
290.000,update_residual,0.057807379672415594
290.000,investigation_deferred,0
290.000,nav_aborted,0
290.000,nav_canceled,0
290.000,nav_rejected,0
290.000,run_seed,6
291.000,anomalies_detected,1
291.000,anomalies_unique,1
291.000,investigation_timeouts,0
291.000,mission_duration_s,246.94400000000002
291.000,distance_traveled_m,60.61282743525699
291.000,route_deviations,2
291.000,investigation_time_s,15.599999999999994
291.000,hazard_avoidances,0
291.000,min_hazard_distance_m,2.2268099233812033
291.000,collisions,0
291.000,time_below_clearance_s,0.0
291.000,safety_zone_violations,0
291.000,min_ttc_s,4.659806628583838
291.000,avoid_success,0
291.000,avoid_timeout,0
291.000,q_convergence,1.1990646826240823
291.000,update_residual,0.11990646826240825
291.000,investigation_deferred,0
291.000,nav_aborted,0
291.000,nav_canceled,0
291.000,nav_rejected,0
291.000,run_seed,6
292.000,anomalies_detected,1
292.000,anomalies_unique,1
292.000,investigation_timeouts,0
292.000,mission_duration_s,247.94400000000002
292.000,distance_traveled_m,60.8749074274253
292.000,route_deviations,2
292.000,investigation_time_s,15.599999999999994
292.000,hazard_avoidances,0
292.000,min_hazard_distance_m,2.2268099233812033
292.000,collisions,0
292.000,time_below_clearance_s,0.0
292.000,safety_zone_violations,0
292.000,min_ttc_s,4.659806628583838
292.000,avoid_success,0
292.000,avoid_timeout,0
292.000,q_convergence,0.8169410371792546
292.000,update_residual,0.08169410371792549
292.000,investigation_deferred,0
292.000,nav_aborted,0
292.000,nav_canceled,0
292.000,nav_rejected,0
292.000,run_seed,6
293.000,anomalies_detected,1
293.000,anomalies_unique,1
293.000,investigation_timeouts,0
293.000,mission_duration_s,248.94400000000002
293.000,distance_traveled_m,61.12762742560659
293.000,route_deviations,2
293.000,investigation_time_s,15.599999999999994
293.000,hazard_avoidances,0
293.000,min_hazard_distance_m,2.2268099233812033
293.000,collisions,0
293.000,time_below_clearance_s,0.0
293.000,safety_zone_violations,0
293.000,min_ttc_s,4.659806628583838
293.000,avoid_success,0
293.000,avoid_timeout,0
293.000,q_convergence,1.0350245363243094
293.000,update_residual,0.10350245363243096
293.000,investigation_deferred,0
293.000,nav_aborted,0
293.000,nav_canceled,0
293.000,nav_rejected,0
293.000,run_seed,6
294.000,anomalies_detected,1
294.000,anomalies_unique,1
294.000,investigation_timeouts,0
294.000,mission_duration_s,249.94400000000002
294.000,distance_traveled_m,61.38970742505146
294.000,route_deviations,2
294.000,investigation_time_s,15.599999999999994
294.000,hazard_avoidances,0
294.000,min_hazard_distance_m,2.2268099233812033
294.000,collisions,0
294.000,time_below_clearance_s,0.0
294.000,safety_zone_violations,0
294.000,min_ttc_s,4.659806628583838
294.000,avoid_success,0
294.000,avoid_timeout,0
294.000,q_convergence,0.831351971985252
294.000,update_residual,0.0831351971985252
294.000,investigation_deferred,0
294.000,nav_aborted,0
294.000,nav_canceled,0
294.000,nav_rejected,0
294.000,run_seed,6
295.000,anomalies_detected,1
295.000,anomalies_unique,1
295.000,investigation_timeouts,0
295.000,mission_duration_s,250.94400000000002
295.000,distance_traveled_m,61.65178738847483
295.000,route_deviations,2
295.000,investigation_time_s,15.599999999999994
295.000,hazard_avoidances,0
295.000,min_hazard_distance_m,2.2268099233812033
295.000,collisions,0
295.000,time_below_clearance_s,0.0
295.000,safety_zone_violations,0
295.000,min_ttc_s,4.659806628583838
295.000,avoid_success,0
295.000,avoid_timeout,0
295.000,q_convergence,0.9449801714856328
295.000,update_residual,0.0944980171485633
295.000,investigation_deferred,0
295.000,nav_aborted,0
295.000,nav_canceled,0
295.000,nav_rejected,0
295.000,run_seed,6
296.000,anomalies_detected,1
296.000,anomalies_unique,1
296.000,investigation_timeouts,0
296.000,mission_duration_s,251.94400000000002
296.000,distance_traveled_m,61.91386737819017
296.000,route_deviations,2
296.000,investigation_time_s,15.599999999999994
296.000,hazard_avoidances,0
296.000,min_hazard_distance_m,2.2268099233812033
296.000,collisions,0
296.000,time_below_clearance_s,0.0
296.000,safety_zone_violations,0
296.000,min_ttc_s,4.659806628583838
296.000,avoid_success,0
296.000,avoid_timeout,0
296.000,q_convergence,0.9076240950388005
296.000,update_residual,0.09076240950388002
296.000,investigation_deferred,0
296.000,nav_aborted,0
296.000,nav_canceled,0
296.000,nav_rejected,0
296.000,run_seed,6
297.000,anomalies_detected,1
297.000,anomalies_unique,1
297.000,investigation_timeouts,0
297.000,mission_duration_s,252.94400000000002
297.000,distance_traveled_m,62.16658737180451
297.000,route_deviations,2
297.000,investigation_time_s,15.599999999999994
297.000,hazard_avoidances,0
297.000,min_hazard_distance_m,2.2268099233812033
297.000,collisions,0
297.000,time_below_clearance_s,0.0
297.000,safety_zone_violations,0
297.000,min_ttc_s,4.659806628583838
297.000,avoid_success,0
297.000,avoid_timeout,0
297.000,q_convergence,0.788773438622525
297.000,update_residual,0.07887734386225247
297.000,investigation_deferred,0
297.000,nav_aborted,0
297.000,nav_canceled,0
297.000,nav_rejected,0
297.000,run_seed,6
298.000,anomalies_detected,1
298.000,anomalies_unique,1
298.000,investigation_timeouts,0
298.000,mission_duration_s,253.94400000000002
298.000,distance_traveled_m,62.428667348077795
298.000,route_deviations,2
298.000,investigation_time_s,15.599999999999994
298.000,hazard_avoidances,0
298.000,min_hazard_distance_m,2.2268099233812033
298.000,collisions,0
298.000,time_below_clearance_s,0.0
298.000,safety_zone_violations,0
298.000,min_ttc_s,4.659806628583838
298.000,avoid_success,0
298.000,avoid_timeout,0
298.000,q_convergence,0.6871665324889877
298.000,update_residual,0.06871665324889878
298.000,investigation_deferred,0
298.000,nav_aborted,0
298.000,nav_canceled,0
298.000,nav_rejected,0
298.000,run_seed,6
299.000,anomalies_detected,1
299.000,anomalies_unique,1
299.000,investigation_timeouts,0
299.000,mission_duration_s,254.94400000000002
299.000,distance_traveled_m,62.69074727655771
299.000,route_deviations,2
299.000,investigation_time_s,15.599999999999994
299.000,hazard_avoidances,0
299.000,min_hazard_distance_m,2.2268099233812033
299.000,collisions,0
299.000,time_below_clearance_s,0.0
299.000,safety_zone_violations,0
299.000,min_ttc_s,4.659806628583838
299.000,avoid_success,0
299.000,avoid_timeout,0
299.000,q_convergence,0.9703396026832589
299.000,update_residual,0.0970339602683259
299.000,investigation_deferred,0
299.000,nav_aborted,0
299.000,nav_canceled,0
299.000,nav_rejected,0
299.000,run_seed,6
300.000,anomalies_detected,1
300.000,anomalies_unique,1
300.000,investigation_timeouts,0
300.000,mission_duration_s,255.94400000000002
300.000,distance_traveled_m,62.95282722876937
300.000,route_deviations,2
300.000,investigation_time_s,15.599999999999994
300.000,hazard_avoidances,0
300.000,min_hazard_distance_m,2.2268099233812033
300.000,collisions,0
300.000,time_below_clearance_s,0.0
300.000,safety_zone_violations,0
300.000,min_ttc_s,4.659806628583838
300.000,avoid_success,0
300.000,avoid_timeout,0
300.000,q_convergence,0.9536697795349186
300.000,update_residual,0.09536697795349185
300.000,investigation_deferred,0
300.000,nav_aborted,0
300.000,nav_canceled,0
300.000,nav_rejected,0
300.000,run_seed,6
301.000,anomalies_detected,1
301.000,anomalies_unique,1
301.000,investigation_timeouts,0
301.000,mission_duration_s,256.944
301.000,distance_traveled_m,63.21490719362341
301.000,route_deviations,2
301.000,investigation_time_s,15.599999999999994
301.000,hazard_avoidances,0
301.000,min_hazard_distance_m,2.2268099233812033
301.000,collisions,0
301.000,time_below_clearance_s,0.0
301.000,safety_zone_violations,0
301.000,min_ttc_s,4.659806628583838
301.000,avoid_success,0
301.000,avoid_timeout,0
301.000,q_convergence,0.8719481542852267
301.000,update_residual,0.08719481542852268
301.000,investigation_deferred,0
301.000,nav_aborted,0
301.000,nav_canceled,0
301.000,nav_rejected,0
301.000,run_seed,6
302.000,anomalies_detected,1
302.000,anomalies_unique,1
302.000,investigation_timeouts,0
302.000,mission_duration_s,257.944
302.000,distance_traveled_m,63.46762716501333
302.000,route_deviations,2
302.000,investigation_time_s,15.599999999999994
302.000,hazard_avoidances,0
302.000,min_hazard_distance_m,2.2268099233812033
302.000,collisions,0
302.000,time_below_clearance_s,0.0
302.000,safety_zone_violations,0
302.000,min_ttc_s,4.659806628583838
302.000,avoid_success,0
302.000,avoid_timeout,0
302.000,q_convergence,0.7577691554417364
302.000,update_residual,0.07577691554417365
302.000,investigation_deferred,0
302.000,nav_aborted,0
302.000,nav_canceled,0
302.000,nav_rejected,0
302.000,run_seed,6
303.000,anomalies_detected,1
303.000,anomalies_unique,1
303.000,investigation_timeouts,0
303.000,mission_duration_s,258.944
303.000,distance_traveled_m,63.72970716011258
303.000,route_deviations,2
303.000,investigation_time_s,15.599999999999994
303.000,hazard_avoidances,0
303.000,min_hazard_distance_m,2.2268099233812033
303.000,collisions,0
303.000,time_below_clearance_s,0.0
303.000,safety_zone_violations,0
303.000,min_ttc_s,4.659806628583838
303.000,avoid_success,0
303.000,avoid_timeout,0
303.000,q_convergence,0.6601561075400251
303.000,update_residual,0.0660156107540025
303.000,investigation_deferred,0
303.000,nav_aborted,0
303.000,nav_canceled,0
303.000,nav_rejected,0
303.000,run_seed,6
304.000,anomalies_detected,1
304.000,anomalies_unique,1
304.000,investigation_timeouts,0
304.000,mission_duration_s,259.944
304.000,distance_traveled_m,63.99178715001433
304.000,route_deviations,2
304.000,investigation_time_s,15.599999999999994
304.000,hazard_avoidances,0
304.000,min_hazard_distance_m,2.2268099233812033
304.000,collisions,0
304.000,time_below_clearance_s,0.0
304.000,safety_zone_violations,0
304.000,min_ttc_s,4.659806628583838
304.000,avoid_success,0
304.000,avoid_timeout,0
304.000,q_convergence,0.5751834277405351
304.000,update_residual,0.05751834277405352
304.000,investigation_deferred,0
304.000,nav_aborted,0
304.000,nav_canceled,0
304.000,nav_rejected,0
304.000,run_seed,6
305.000,anomalies_detected,1
305.000,anomalies_unique,1
305.000,investigation_timeouts,0
305.000,mission_duration_s,260.944
305.000,distance_traveled_m,64.25386712792918
305.000,route_deviations,2
305.000,investigation_time_s,15.599999999999994
305.000,hazard_avoidances,0
305.000,min_hazard_distance_m,2.2268099233812033
305.000,collisions,0
305.000,time_below_clearance_s,0.0
305.000,safety_zone_violations,0
305.000,min_ttc_s,4.659806628583838
305.000,avoid_success,0
305.000,avoid_timeout,0
305.000,q_convergence,1.1229745618167581
305.000,update_residual,0.11229745618167584
305.000,investigation_deferred,0
305.000,nav_aborted,0
305.000,nav_canceled,0
305.000,nav_rejected,0
305.000,run_seed,6
306.000,anomalies_detected,1
306.000,anomalies_unique,1
306.000,investigation_timeouts,0
306.000,mission_duration_s,261.944
306.000,distance_traveled_m,64.50658710177917
306.000,route_deviations,2
306.000,investigation_time_s,15.599999999999994
306.000,hazard_avoidances,0
306.000,min_hazard_distance_m,2.2268099233812033
306.000,collisions,0
306.000,time_below_clearance_s,0.0
306.000,safety_zone_violations,0
306.000,min_ttc_s,4.659806628583838
306.000,avoid_success,0
306.000,avoid_timeout,0
306.000,q_convergence,0.9541515878361272
306.000,update_residual,0.09541515878361274
306.000,investigation_deferred,0
306.000,nav_aborted,0
306.000,nav_canceled,0
306.000,nav_rejected,0
306.000,run_seed,6
307.000,anomalies_detected,1
307.000,anomalies_unique,1
307.000,investigation_timeouts,0
307.000,mission_duration_s,262.944
307.000,distance_traveled_m,64.76866701780482
307.000,route_deviations,2
307.000,investigation_time_s,15.599999999999994
307.000,hazard_avoidances,0
307.000,min_hazard_distance_m,2.2268099233812033
307.000,collisions,0
307.000,time_below_clearance_s,0.0
307.000,safety_zone_violations,0
307.000,min_ttc_s,4.659806628583838
307.000,avoid_success,0
307.000,avoid_timeout,0
307.000,q_convergence,0.8397282613926437
307.000,update_residual,0.08397282613926436
307.000,investigation_deferred,0
307.000,nav_aborted,0
307.000,nav_canceled,0
307.000,nav_rejected,0
307.000,run_seed,6
308.000,anomalies_detected,1
308.000,anomalies_unique,1
308.000,investigation_timeouts,0
308.000,mission_duration_s,263.944
308.000,distance_traveled_m,65.0307469791615
308.000,route_deviations,2
308.000,investigation_time_s,15.599999999999994
308.000,hazard_avoidances,0
308.000,min_hazard_distance_m,2.2268099233812033
308.000,collisions,0
308.000,time_below_clearance_s,0.0
308.000,safety_zone_violations,0
308.000,min_ttc_s,4.659806628583838
308.000,avoid_success,0
308.000,avoid_timeout,0
308.000,q_convergence,0.7316417650943821
308.000,update_residual,0.0731641765094382
308.000,investigation_deferred,0
308.000,nav_aborted,0
308.000,nav_canceled,0
308.000,nav_rejected,0
308.000,run_seed,6
309.000,anomalies_detected,1
309.000,anomalies_unique,1
309.000,investigation_timeouts,0
309.000,mission_duration_s,264.944
309.000,distance_traveled_m,65.29282697880357
309.000,route_deviations,2
309.000,investigation_time_s,15.599999999999994
309.000,hazard_avoidances,0
309.000,min_hazard_distance_m,2.2268099233812033
309.000,collisions,0
309.000,time_below_clearance_s,0.0
309.000,safety_zone_violations,0
309.000,min_ttc_s,4.659806628583838
309.000,avoid_success,0
309.000,avoid_timeout,0
309.000,q_convergence,0.6358354676212944
309.000,update_residual,0.06358354676212943
309.000,investigation_deferred,0
309.000,nav_aborted,0
309.000,nav_canceled,0
309.000,nav_rejected,0
309.000,run_seed,6
310.000,anomalies_detected,1
310.000,anomalies_unique,1
310.000,investigation_timeouts,0
310.000,mission_duration_s,265.944
310.000,distance_traveled_m,65.55490697834803
310.000,route_deviations,2
310.000,investigation_time_s,15.599999999999994
310.000,hazard_avoidances,0
310.000,min_hazard_distance_m,2.2268099233812033
310.000,collisions,0
310.000,time_below_clearance_s,0.0
310.000,safety_zone_violations,0
310.000,min_ttc_s,4.659806628583838
310.000,avoid_success,0
310.000,avoid_timeout,0
310.000,q_convergence,1.15258889089383
310.000,update_residual,0.11525888908938302
310.000,investigation_deferred,0
310.000,nav_aborted,0
310.000,nav_canceled,0
310.000,nav_rejected,0
310.000,run_seed,6
311.000,anomalies_detected,1
311.000,anomalies_unique,1
311.000,investigation_timeouts,0
311.000,mission_duration_s,266.944
311.000,distance_traveled_m,65.80762697795255
311.000,route_deviations,2
311.000,investigation_time_s,15.599999999999994
311.000,hazard_avoidances,0
311.000,min_hazard_distance_m,2.2268099233812033
311.000,collisions,0
311.000,time_below_clearance_s,0.0
311.000,safety_zone_violations,0
311.000,min_ttc_s,4.659806628583838
311.000,avoid_success,0
311.000,avoid_timeout,0
311.000,q_convergence,0.8210462685218641
311.000,update_residual,0.08210462685218642
311.000,investigation_deferred,0
311.000,nav_aborted,0
311.000,nav_canceled,0
311.000,nav_rejected,0
311.000,run_seed,6
312.000,anomalies_detected,1
312.000,anomalies_unique,1
312.000,investigation_timeouts,0
312.000,mission_duration_s,267.944
312.000,distance_traveled_m,66.06970695230359
312.000,route_deviations,2
312.000,investigation_time_s,15.599999999999994
312.000,hazard_avoidances,0
312.000,min_hazard_distance_m,2.2268099233812033
312.000,collisions,0
312.000,time_below_clearance_s,0.0
312.000,safety_zone_violations,0
312.000,min_ttc_s,4.659806628583838
312.000,avoid_success,0
312.000,avoid_timeout,0
312.000,q_convergence,0.9731022477980631
312.000,update_residual,0.09731022477980632
312.000,investigation_deferred,0
312.000,nav_aborted,0
312.000,nav_canceled,0
312.000,nav_rejected,0
312.000,run_seed,6
313.000,anomalies_detected,1
313.000,anomalies_unique,1
313.000,investigation_timeouts,0
313.000,mission_duration_s,268.944
313.000,distance_traveled_m,66.33178689437533
313.000,route_deviations,2
313.000,investigation_time_s,15.599999999999994
313.000,hazard_avoidances,0
313.000,min_hazard_distance_m,2.2268099233812033
313.000,collisions,0
313.000,time_below_clearance_s,0.0
313.000,safety_zone_violations,0
313.000,min_ttc_s,4.659806628583838
313.000,avoid_success,0
313.000,avoid_timeout,0
313.000,q_convergence,0.8940776919673346
313.000,update_residual,0.08940776919673343
313.000,investigation_deferred,0
313.000,nav_aborted,0
313.000,nav_canceled,0
313.000,nav_rejected,0
313.000,run_seed,6
314.000,anomalies_detected,1
314.000,anomalies_unique,1
314.000,investigation_timeouts,0
314.000,mission_duration_s,269.944
314.000,distance_traveled_m,66.5938668906523
314.000,route_deviations,2
314.000,investigation_time_s,15.599999999999994
314.000,hazard_avoidances,0
314.000,min_hazard_distance_m,2.2268099233812033
314.000,collisions,0
314.000,time_below_clearance_s,0.0
314.000,safety_zone_violations,0
314.000,min_ttc_s,4.659806628583838
314.000,avoid_success,0
314.000,avoid_timeout,0
314.000,q_convergence,0.9377296242196979
314.000,update_residual,0.09377296242196978
314.000,investigation_deferred,0
314.000,nav_aborted,0
314.000,nav_canceled,0
314.000,nav_rejected,0
314.000,run_seed,6
315.000,anomalies_detected,1
315.000,anomalies_unique,1
315.000,investigation_timeouts,0
315.000,mission_duration_s,270.944
315.000,distance_traveled_m,66.84658686153158
315.000,route_deviations,2
315.000,investigation_time_s,15.599999999999994
315.000,hazard_avoidances,0
315.000,min_hazard_distance_m,2.2268099233812033
315.000,collisions,0
315.000,time_below_clearance_s,0.0
315.000,safety_zone_violations,0
315.000,min_ttc_s,4.659806628583838
315.000,avoid_success,0
315.000,avoid_timeout,0
315.000,q_convergence,0.9167688644618069
315.000,update_residual,0.09167688644618069
315.000,investigation_deferred,0
315.000,nav_aborted,0
315.000,nav_canceled,0
315.000,nav_rejected,0
315.000,run_seed,6
316.000,anomalies_detected,1
316.000,anomalies_unique,1
316.000,investigation_timeouts,0
316.000,mission_duration_s,271.944
316.000,distance_traveled_m,67.10866685965172
316.000,route_deviations,2
316.000,investigation_time_s,15.599999999999994
316.000,hazard_avoidances,0
316.000,min_hazard_distance_m,2.2268099233812033
316.000,collisions,0
316.000,time_below_clearance_s,0.0
316.000,safety_zone_violations,0
316.000,min_ttc_s,4.659806628583838
316.000,avoid_success,0
316.000,avoid_timeout,0
316.000,q_convergence,0.7986740562489527
316.000,update_residual,0.07986740562489526
316.000,investigation_deferred,0
316.000,nav_aborted,0
316.000,nav_canceled,0
316.000,nav_rejected,0
316.000,run_seed,6
317.000,anomalies_detected,1
317.000,anomalies_unique,1
317.000,investigation_timeouts,0
317.000,mission_duration_s,272.944
317.000,distance_traveled_m,67.37074685280483
317.000,route_deviations,2
317.000,investigation_time_s,15.599999999999994
317.000,hazard_avoidances,0
317.000,min_hazard_distance_m,2.2268099233812033
317.000,collisions,0
317.000,time_below_clearance_s,0.0
317.000,safety_zone_violations,0
317.000,min_ttc_s,4.659806628583838
317.000,avoid_success,0
317.000,avoid_timeout,0
317.000,q_convergence,0.6958718946531254
317.000,update_residual,0.06958718946531253
317.000,investigation_deferred,0
317.000,nav_aborted,0
317.000,nav_canceled,0
317.000,nav_rejected,0
317.000,run_seed,6
318.000,anomalies_detected,1
318.000,anomalies_unique,1
318.000,investigation_timeouts,0
318.000,mission_duration_s,273.944
318.000,distance_traveled_m,67.63282684678566
318.000,route_deviations,2
318.000,investigation_time_s,15.599999999999994
318.000,hazard_avoidances,0
318.000,min_hazard_distance_m,2.2268099233812033
318.000,collisions,0
318.000,time_below_clearance_s,0.0
318.000,safety_zone_violations,0
318.000,min_ttc_s,4.659806628583838
318.000,avoid_success,0
318.000,avoid_timeout,0
318.000,q_convergence,0.6047495545640542
318.000,update_residual,0.060474955456405424
318.000,investigation_deferred,0
318.000,nav_aborted,0
318.000,nav_canceled,0
318.000,nav_rejected,0
318.000,run_seed,6
319.000,anomalies_detected,1
319.000,anomalies_unique,1
319.000,investigation_timeouts,0
319.000,mission_duration_s,274.944
319.000,distance_traveled_m,67.893434419061
319.000,route_deviations,2
319.000,investigation_time_s,15.599999999999994
319.000,hazard_avoidances,0
319.000,min_hazard_distance_m,2.2268099233812033
319.000,collisions,0
319.000,time_below_clearance_s,0.0
319.000,safety_zone_violations,0
319.000,min_ttc_s,4.659806628583838
319.000,avoid_success,0
319.000,avoid_timeout,0
319.000,q_convergence,1.1672338045343091
319.000,update_residual,0.11672338045343096
319.000,investigation_deferred,0
319.000,nav_aborted,0
319.000,nav_canceled,0
319.000,nav_rejected,0
319.000,run_seed,6
320.000,anomalies_detected,1
320.000,anomalies_unique,1
320.000,investigation_timeouts,0
320.000,mission_duration_s,275.944
320.000,distance_traveled_m,68.04838123056032
320.000,route_deviations,2
320.000,investigation_time_s,15.599999999999994
320.000,hazard_avoidances,0
320.000,min_hazard_distance_m,2.2268099233812033
320.000,collisions,0
320.000,time_below_clearance_s,0.0
320.000,safety_zone_violations,0
320.000,min_ttc_s,4.659806628583838
320.000,avoid_success,0
320.000,avoid_timeout,0
320.000,q_convergence,0.8896073035074978
320.000,update_residual,0.08896073035074974
320.000,investigation_deferred,0
320.000,nav_aborted,0
320.000,nav_canceled,0
320.000,nav_rejected,0
320.000,run_seed,6
321.000,anomalies_detected,1
321.000,anomalies_unique,1
321.000,investigation_timeouts,0
321.000,mission_duration_s,276.944
321.000,distance_traveled_m,68.09058601596367
321.000,route_deviations,2
321.000,investigation_time_s,15.599999999999994
321.000,hazard_avoidances,0
321.000,min_hazard_distance_m,2.2268099233812033
321.000,collisions,0
321.000,time_below_clearance_s,0.0
321.000,safety_zone_violations,0
321.000,min_ttc_s,4.659806628583838
321.000,avoid_success,0
321.000,avoid_timeout,0
321.000,q_convergence,0.7750113481200435
321.000,update_residual,0.07750113481200434
321.000,investigation_deferred,0
321.000,nav_aborted,0
321.000,nav_canceled,0
321.000,nav_rejected,0
321.000,run_seed,6
322.000,anomalies_detected,1
322.000,anomalies_unique,1
322.000,investigation_timeouts,0
322.000,mission_duration_s,277.944
322.000,distance_traveled_m,68.15775995866275
322.000,route_deviations,2
322.000,investigation_time_s,15.599999999999994
322.000,hazard_avoidances,0
322.000,min_hazard_distance_m,2.2268099233812033
322.000,collisions,0
322.000,time_below_clearance_s,0.0
322.000,safety_zone_violations,0
322.000,min_ttc_s,4.659806628583838
322.000,avoid_success,0
322.000,avoid_timeout,0
322.000,q_convergence,0.6752549566050522
322.000,update_residual,0.06752549566050521
322.000,investigation_deferred,0
322.000,nav_aborted,0
322.000,nav_canceled,0
322.000,nav_rejected,0
322.000,run_seed,6
323.000,anomalies_detected,1
323.000,anomalies_unique,1
323.000,investigation_timeouts,0
323.000,mission_duration_s,278.944
323.000,distance_traveled_m,68.2439123968046
323.000,route_deviations,2
323.000,investigation_time_s,15.599999999999994
323.000,hazard_avoidances,0
323.000,min_hazard_distance_m,2.2268099233812033
323.000,collisions,0
323.000,time_below_clearance_s,0.0
323.000,safety_zone_violations,0
323.000,min_ttc_s,4.659806628583838
323.000,avoid_success,0
323.000,avoid_timeout,0
323.000,q_convergence,0.5868323427944053
323.000,update_residual,0.05868323427944052
323.000,investigation_deferred,0
323.000,nav_aborted,0
323.000,nav_canceled,0
323.000,nav_rejected,0
323.000,run_seed,6
324.000,anomalies_detected,1
324.000,anomalies_unique,1
324.000,investigation_timeouts,0
324.000,mission_duration_s,279.944
324.000,distance_traveled_m,68.40184043672876
324.000,route_deviations,2
324.000,investigation_time_s,15.599999999999994
324.000,hazard_avoidances,0
324.000,min_hazard_distance_m,2.2268099233812033
324.000,collisions,0
324.000,time_below_clearance_s,0.0
324.000,safety_zone_violations,0
324.000,min_ttc_s,4.659806628583838
324.000,avoid_success,0
324.000,avoid_timeout,0
324.000,q_convergence,0.5099884053883207
324.000,update_residual,0.05099884053883207
324.000,investigation_deferred,0
324.000,nav_aborted,0
324.000,nav_canceled,0
324.000,nav_rejected,0
324.000,run_seed,6
325.000,anomalies_detected,1
325.000,anomalies_unique,1
325.000,investigation_timeouts,0
325.000,mission_duration_s,280.944
325.000,distance_traveled_m,68.66391931957492
325.000,route_deviations,2
325.000,investigation_time_s,15.599999999999994
325.000,hazard_avoidances,0
325.000,min_hazard_distance_m,2.2268099233812033
325.000,collisions,0
325.000,time_below_clearance_s,0.0
325.000,safety_zone_violations,0
325.000,min_ttc_s,4.659806628583838
325.000,avoid_success,0
325.000,avoid_timeout,0
325.000,q_convergence,0.4442935664165924
325.000,update_residual,0.044429356641659236
325.000,investigation_deferred,0
325.000,nav_aborted,0
325.000,nav_canceled,0
325.000,nav_rejected,0
325.000,run_seed,6
326.000,anomalies_detected,1
326.000,anomalies_unique,1
326.000,investigation_timeouts,0
326.000,mission_duration_s,281.944
326.000,distance_traveled_m,68.92599929927474
326.000,route_deviations,2
326.000,investigation_time_s,15.599999999999994
326.000,hazard_avoidances,0
326.000,min_hazard_distance_m,2.2268099233812033
326.000,collisions,0
326.000,time_below_clearance_s,0.0
326.000,safety_zone_violations,0
326.000,min_ttc_s,4.659806628583838
326.000,avoid_success,0
326.000,avoid_timeout,0
326.000,q_convergence,0.3871058580474753
326.000,update_residual,0.038710585804747545
326.000,investigation_deferred,0
326.000,nav_aborted,0
326.000,nav_canceled,0
326.000,nav_rejected,0
326.000,run_seed,6
327.000,anomalies_detected,1
327.000,anomalies_unique,1
327.000,investigation_timeouts,0
327.000,mission_duration_s,282.944
327.000,distance_traveled_m,69.18807929529062
327.000,route_deviations,2
327.000,investigation_time_s,15.599999999999994
327.000,hazard_avoidances,0
327.000,min_hazard_distance_m,2.2268099233812033
327.000,collisions,0
327.000,time_below_clearance_s,0.0
327.000,safety_zone_violations,0
327.000,min_ttc_s,4.659806628583838
327.000,avoid_success,0
327.000,avoid_timeout,0
327.000,q_convergence,0.9375142427321073
327.000,update_residual,0.09375142427321073
327.000,investigation_deferred,0
327.000,nav_aborted,0
327.000,nav_canceled,0
327.000,nav_rejected,0
327.000,run_seed,6
328.000,anomalies_detected,1
328.000,anomalies_unique,1
328.000,investigation_timeouts,0
328.000,mission_duration_s,283.944
328.000,distance_traveled_m,69.45015919670476
328.000,route_deviations,2
328.000,investigation_time_s,15.599999999999994
328.000,hazard_avoidances,0
328.000,min_hazard_distance_m,2.2268099233812033
328.000,collisions,0
328.000,time_below_clearance_s,0.0
328.000,safety_zone_violations,0
328.000,min_ttc_s,4.659806628583838
328.000,avoid_success,0
328.000,avoid_timeout,0
328.000,q_convergence,0.9030859745636065
328.000,update_residual,0.09030859745636063
328.000,investigation_deferred,0
328.000,nav_aborted,0
328.000,nav_canceled,0
328.000,nav_rejected,0
328.000,run_seed,6
329.000,anomalies_detected,1
329.000,anomalies_unique,1
329.000,investigation_timeouts,0
329.000,mission_duration_s,284.944
329.000,distance_traveled_m,69.70287915264778
329.000,route_deviations,2
329.000,investigation_time_s,15.599999999999994
329.000,hazard_avoidances,0
329.000,min_hazard_distance_m,2.2268099233812033
329.000,collisions,0
329.000,time_below_clearance_s,0.0
329.000,safety_zone_violations,0
329.000,min_ttc_s,4.659806628583838
329.000,avoid_success,0
329.000,avoid_timeout,0
329.000,q_convergence,0.7848295714294122
329.000,update_residual,0.07848295714294122
329.000,investigation_deferred,0
329.000,nav_aborted,0
329.000,nav_canceled,0
329.000,nav_rejected,0
329.000,run_seed,6
330.000,anomalies_detected,1
330.000,anomalies_unique,1
330.000,investigation_timeouts,0
330.000,mission_duration_s,285.944
330.000,distance_traveled_m,69.9649591353099
330.000,route_deviations,2
330.000,investigation_time_s,15.599999999999994
330.000,hazard_avoidances,0
330.000,min_hazard_distance_m,2.2268099233812033
330.000,collisions,0
330.000,time_below_clearance_s,0.0
330.000,safety_zone_violations,0
330.000,min_ttc_s,4.659806628583838
330.000,avoid_success,0
330.000,avoid_timeout,0
330.000,q_convergence,0.683730699826543
330.000,update_residual,0.0683730699826543
330.000,investigation_deferred,0
330.000,nav_aborted,0
330.000,nav_canceled,0
330.000,nav_rejected,0
330.000,run_seed,6
331.000,anomalies_detected,1
331.000,anomalies_unique,1
331.000,investigation_timeouts,0
331.000,mission_duration_s,286.944
331.000,distance_traveled_m,70.22703912985249
331.000,route_deviations,2
331.000,investigation_time_s,15.599999999999994
331.000,hazard_avoidances,0
331.000,min_hazard_distance_m,2.2268099233812033
331.000,collisions,0
331.000,time_below_clearance_s,0.0
331.000,safety_zone_violations,0
331.000,min_ttc_s,4.659806628583838
331.000,avoid_success,0
331.000,avoid_timeout,0
331.000,q_convergence,0.9924926405282298
331.000,update_residual,0.09924926405282299
331.000,investigation_deferred,0
331.000,nav_aborted,0
331.000,nav_canceled,0
331.000,nav_rejected,0
331.000,run_seed,6
332.000,anomalies_detected,1
332.000,anomalies_unique,1
332.000,investigation_timeouts,0
332.000,mission_duration_s,287.944
332.000,distance_traveled_m,70.48911906222334
332.000,route_deviations,2
332.000,investigation_time_s,15.599999999999994
332.000,hazard_avoidances,0
332.000,min_hazard_distance_m,2.2268099233812033
332.000,collisions,0
332.000,time_below_clearance_s,0.0
332.000,safety_zone_violations,0
332.000,min_ttc_s,4.659806628583838
332.000,avoid_success,0
332.000,avoid_timeout,0
332.000,q_convergence,0.8851592669899604
332.000,update_residual,0.08851592669899602
332.000,investigation_deferred,0
332.000,nav_aborted,0
332.000,nav_canceled,0
332.000,nav_rejected,0
332.000,run_seed,6
333.000,anomalies_detected,1
333.000,anomalies_unique,1
333.000,investigation_timeouts,0
333.000,mission_duration_s,288.944
333.000,distance_traveled_m,70.74183903431806
333.000,route_deviations,2
333.000,investigation_time_s,15.599999999999994
333.000,hazard_avoidances,0
333.000,min_hazard_distance_m,2.2268099233812033
333.000,collisions,0
333.000,time_below_clearance_s,0.0
333.000,safety_zone_violations,0
333.000,min_ttc_s,4.659806628583838
333.000,avoid_success,0
333.000,avoid_timeout,0
333.000,q_convergence,0.769250312512271
333.000,update_residual,0.07692503125122711
333.000,investigation_deferred,0
333.000,nav_aborted,0
333.000,nav_canceled,0
333.000,nav_rejected,0
333.000,run_seed,6
334.000,anomalies_detected,1
334.000,anomalies_unique,1
334.000,investigation_timeouts,0
334.000,mission_duration_s,289.944
334.000,distance_traveled_m,71.00391901954775
334.000,route_deviations,2
334.000,investigation_time_s,15.599999999999994
334.000,hazard_avoidances,0
334.000,min_hazard_distance_m,2.2268099233812033
334.000,collisions,0
334.000,time_below_clearance_s,0.0
334.000,safety_zone_violations,0
334.000,min_ttc_s,4.659806628583838
334.000,avoid_success,0
334.000,avoid_timeout,0
334.000,q_convergence,0.6701583039969677
334.000,update_residual,0.06701583039969677
334.000,investigation_deferred,0
334.000,nav_aborted,0
334.000,nav_canceled,0
334.000,nav_rejected,0
334.000,run_seed,6
335.000,anomalies_detected,1
335.000,anomalies_unique,1
335.000,investigation_timeouts,0
335.000,mission_duration_s,290.944
335.000,distance_traveled_m,71.26599897161228
335.000,route_deviations,2
335.000,investigation_time_s,15.599999999999994
335.000,hazard_avoidances,0
335.000,min_hazard_distance_m,2.2268099233812033
335.000,collisions,0
335.000,time_below_clearance_s,0.0
335.000,safety_zone_violations,0
335.000,min_ttc_s,4.659806628583838
335.000,avoid_success,0
335.000,avoid_timeout,0
335.000,q_convergence,1.036368731562349
335.000,update_residual,0.10363687315623493
335.000,investigation_deferred,0
335.000,nav_aborted,0
335.000,nav_canceled,0
335.000,nav_rejected,0
335.000,run_seed,6
336.000,anomalies_detected,1
336.000,anomalies_unique,1
336.000,investigation_timeouts,0
336.000,mission_duration_s,291.944
336.000,distance_traveled_m,71.52807893643919
336.000,route_deviations,2
336.000,investigation_time_s,15.599999999999994
336.000,hazard_avoidances,0
336.000,min_hazard_distance_m,2.2268099233812033
336.000,collisions,0
336.000,time_below_clearance_s,0.0
336.000,safety_zone_violations,0
336.000,min_ttc_s,4.659806628583838
336.000,avoid_success,0
336.000,avoid_timeout,0
336.000,q_convergence,0.8675884135138003
336.000,update_residual,0.08675884135138008
336.000,investigation_deferred,0
336.000,nav_aborted,0
336.000,nav_canceled,0
336.000,nav_rejected,0
336.000,run_seed,6
337.000,anomalies_detected,1
337.000,anomalies_unique,1
337.000,investigation_timeouts,0
337.000,mission_duration_s,292.944
337.000,distance_traveled_m,71.79015891616055
337.000,route_deviations,2
337.000,investigation_time_s,15.599999999999994
337.000,hazard_avoidances,0
337.000,min_hazard_distance_m,2.2268099233812033
337.000,collisions,0
337.000,time_below_clearance_s,0.0
337.000,safety_zone_violations,0
337.000,min_ttc_s,4.659806628583838
337.000,avoid_success,0
337.000,avoid_timeout,0
337.000,q_convergence,0.7539803096645278
337.000,update_residual,0.07539803096645277
337.000,investigation_deferred,0
337.000,nav_aborted,0
337.000,nav_canceled,0
337.000,nav_rejected,0
337.000,run_seed,6
338.000,anomalies_detected,1
338.000,anomalies_unique,1
338.000,investigation_timeouts,0
338.000,mission_duration_s,293.944
338.000,distance_traveled_m,72.04287887523436
338.000,route_deviations,2
338.000,investigation_time_s,15.599999999999994
338.000,hazard_avoidances,0
338.000,min_hazard_distance_m,2.2268099233812033
338.000,collisions,0
338.000,time_below_clearance_s,0.0
338.000,safety_zone_violations,0
338.000,min_ttc_s,4.659806628583838
338.000,avoid_success,0
338.000,avoid_timeout,0
338.000,q_convergence,0.6552488466961007
338.000,update_residual,0.06552488466961007
338.000,investigation_deferred,0
338.000,nav_aborted,0
338.000,nav_canceled,0
338.000,nav_rejected,0
338.000,run_seed,6
339.000,anomalies_detected,1
339.000,anomalies_unique,1
339.000,investigation_timeouts,0
339.000,mission_duration_s,294.944
339.000,distance_traveled_m,72.30495883952293
339.000,route_deviations,2
339.000,investigation_time_s,15.599999999999994
339.000,hazard_avoidances,0
339.000,min_hazard_distance_m,2.2268099233812033
339.000,collisions,0
339.000,time_below_clearance_s,0.0
339.000,safety_zone_violations,0
339.000,min_ttc_s,4.659806628583838
339.000,avoid_success,0
339.000,avoid_timeout,0
339.000,q_convergence,1.0966886744214395
339.000,update_residual,0.10966886744214398
339.000,investigation_deferred,0
339.000,nav_aborted,0
339.000,nav_canceled,0
339.000,nav_rejected,0
339.000,run_seed,6
340.000,anomalies_detected,1
340.000,anomalies_unique,1
340.000,investigation_timeouts,0
340.000,mission_duration_s,295.944
340.000,distance_traveled_m,72.56703881425358
340.000,route_deviations,2
340.000,investigation_time_s,15.599999999999994
340.000,hazard_avoidances,0
340.000,min_hazard_distance_m,2.2268099233812033
340.000,collisions,0
340.000,time_below_clearance_s,0.0
340.000,safety_zone_violations,0
340.000,min_ttc_s,4.659806628583838
340.000,avoid_success,0
340.000,avoid_timeout,0
340.000,q_convergence,0.8503663502535874
340.000,update_residual,0.08503663502535876
340.000,investigation_deferred,0
340.000,nav_aborted,0
340.000,nav_canceled,0
340.000,nav_rejected,0
340.000,run_seed,6
341.000,anomalies_detected,1
341.000,anomalies_unique,1
341.000,investigation_timeouts,0
341.000,mission_duration_s,296.944
341.000,distance_traveled_m,72.82911874928693
341.000,route_deviations,2
341.000,investigation_time_s,15.599999999999994
341.000,hazard_avoidances,0
341.000,min_hazard_distance_m,2.2268099233812033
341.000,collisions,0
341.000,time_below_clearance_s,0.0
341.000,safety_zone_violations,0
341.000,min_ttc_s,4.659806628583838
341.000,avoid_success,0
341.000,avoid_timeout,0
341.000,q_convergence,0.7390134239987697
341.000,update_residual,0.07390134239987699
341.000,investigation_deferred,0
341.000,nav_aborted,0
341.000,nav_canceled,0
341.000,nav_rejected,0
341.000,run_seed,6
342.000,anomalies_detected,1
342.000,anomalies_unique,1
342.000,investigation_timeouts,0
342.000,mission_duration_s,297.944
342.000,distance_traveled_m,73.08183869771193
342.000,route_deviations,2
342.000,investigation_time_s,15.599999999999994
342.000,hazard_avoidances,0
342.000,min_hazard_distance_m,2.2268099233812033
342.000,collisions,0
342.000,time_below_clearance_s,0.0
342.000,safety_zone_violations,0
342.000,min_ttc_s,4.659806628583838
342.000,avoid_success,0
342.000,avoid_timeout,0
342.000,q_convergence,0.6422418298742903
342.000,update_residual,0.06422418298742903
342.000,investigation_deferred,0
342.000,nav_aborted,0
342.000,nav_canceled,0
342.000,nav_rejected,0
342.000,run_seed,6
343.000,anomalies_detected,1
343.000,anomalies_unique,1
343.000,investigation_timeouts,0
343.000,mission_duration_s,298.944
343.000,distance_traveled_m,73.34391867671664
343.000,route_deviations,2
343.000,investigation_time_s,15.599999999999994
343.000,hazard_avoidances,0
343.000,min_hazard_distance_m,2.2268099233812033
343.000,collisions,0
343.000,time_below_clearance_s,0.0
343.000,safety_zone_violations,0
343.000,min_ttc_s,4.659806628583838
343.000,avoid_success,0
343.000,avoid_timeout,0
343.000,q_convergence,1.140851146800796
343.000,update_residual,0.11408511468007962
343.000,investigation_deferred,0
343.000,nav_aborted,0
343.000,nav_canceled,0
343.000,nav_rejected,0
343.000,run_seed,6
344.000,anomalies_detected,1
344.000,anomalies_unique,1
344.000,investigation_timeouts,0
344.000,mission_duration_s,299.944
344.000,distance_traveled_m,73.60599861937855
344.000,route_deviations,2
344.000,investigation_time_s,15.599999999999994
344.000,hazard_avoidances,0
344.000,min_hazard_distance_m,2.2268099233812033
344.000,collisions,0
344.000,time_below_clearance_s,0.0
344.000,safety_zone_violations,0
344.000,min_ttc_s,4.659806628583838
344.000,avoid_success,0
344.000,avoid_timeout,0
344.000,q_convergence,0.8334861535493575
344.000,update_residual,0.08334861535493576
344.000,investigation_deferred,0
344.000,nav_aborted,0
344.000,nav_canceled,0
344.000,nav_rejected,0
344.000,run_seed,6
345.000,anomalies_detected,1
345.000,anomalies_unique,1
345.000,investigation_timeouts,0
345.000,mission_duration_s,300.944
345.000,distance_traveled_m,73.8680785746602
345.000,route_deviations,2
345.000,investigation_time_s,15.599999999999994
345.000,hazard_avoidances,0
345.000,min_hazard_distance_m,2.2268099233812033
345.000,collisions,0
345.000,time_below_clearance_s,0.0
345.000,safety_zone_violations,0
345.000,min_ttc_s,4.659806628583838
345.000,avoid_success,0
345.000,avoid_timeout,0
345.000,q_convergence,0.7243436384875656
345.000,update_residual,0.07243436384875657
345.000,investigation_deferred,0
345.000,nav_aborted,0
345.000,nav_canceled,0
345.000,nav_rejected,0
345.000,run_seed,6
346.000,anomalies_detected,1
346.000,anomalies_unique,1
346.000,investigation_timeouts,0
346.000,mission_duration_s,301.944
346.000,distance_traveled_m,74.13015855101617
346.000,route_deviations,2
346.000,investigation_time_s,15.599999999999994
346.000,hazard_avoidances,0
346.000,min_hazard_distance_m,2.2268099233812033
346.000,collisions,0
346.000,time_below_clearance_s,0.0
346.000,safety_zone_violations,0
346.000,min_ttc_s,4.659806628583838
346.000,avoid_success,0
346.000,avoid_timeout,0
346.000,q_convergence,0.8671972034896893
346.000,update_residual,0.08671972034896894
346.000,investigation_deferred,0
346.000,nav_aborted,0
346.000,nav_canceled,0
346.000,nav_rejected,0
346.000,run_seed,6
347.000,anomalies_detected,1
347.000,anomalies_unique,1
347.000,investigation_timeouts,0
347.000,mission_duration_s,302.944
347.000,distance_traveled_m,74.38287850563029
347.000,route_deviations,2
347.000,investigation_time_s,15.599999999999994
347.000,hazard_avoidances,0
347.000,min_hazard_distance_m,2.2268099233812033
347.000,collisions,0
347.000,time_below_clearance_s,0.0
347.000,safety_zone_violations,0
347.000,min_ttc_s,4.659806628583838
347.000,avoid_success,0
347.000,avoid_timeout,0
347.000,q_convergence,0.9353357461052848
347.000,update_residual,0.09353357461052848
347.000,investigation_deferred,0
347.000,nav_aborted,0
347.000,nav_canceled,0
347.000,nav_rejected,0
347.000,run_seed,6
348.000,anomalies_detected,1
348.000,anomalies_unique,1
348.000,investigation_timeouts,0
348.000,mission_duration_s,303.944
348.000,distance_traveled_m,74.64495845552685
348.000,route_deviations,2
348.000,investigation_time_s,15.599999999999994
348.000,hazard_avoidances,0
348.000,min_hazard_distance_m,2.2268099233812033
348.000,collisions,0
348.000,time_below_clearance_s,0.0
348.000,safety_zone_violations,0
348.000,min_ttc_s,4.659806628583838
348.000,avoid_success,0
348.000,avoid_timeout,0
348.000,q_convergence,0.8148492201849535
348.000,update_residual,0.08148492201849536
348.000,investigation_deferred,0
348.000,nav_aborted,0
348.000,nav_canceled,0
348.000,nav_rejected,0
348.000,run_seed,6
349.000,anomalies_detected,1
349.000,anomalies_unique,1
349.000,investigation_timeouts,0
349.000,mission_duration_s,304.944
349.000,distance_traveled_m,74.90703841496642
349.000,route_deviations,2
349.000,investigation_time_s,15.599999999999994
349.000,hazard_avoidances,0
349.000,min_hazard_distance_m,2.2268099233812033
349.000,collisions,0
349.000,time_below_clearance_s,0.0
349.000,safety_zone_violations,0
349.000,min_ttc_s,4.659806628583838
349.000,avoid_success,0
349.000,avoid_timeout,0
349.000,q_convergence,0.7099650555444826
349.000,update_residual,0.0709965055544483
349.000,investigation_deferred,0
349.000,nav_aborted,0
349.000,nav_canceled,0
349.000,nav_rejected,0
349.000,run_seed,6
350.000,anomalies_detected,1
350.000,anomalies_unique,1
350.000,investigation_timeouts,0
350.000,mission_duration_s,305.944
350.000,distance_traveled_m,75.16911837785607
350.000,route_deviations,2
350.000,investigation_time_s,15.599999999999994
350.000,hazard_avoidances,0
350.000,min_hazard_distance_m,2.2268099233812033
350.000,collisions,0
350.000,time_below_clearance_s,0.0
350.000,safety_zone_violations,0
350.000,min_ttc_s,4.659806628583838
350.000,avoid_success,0
350.000,avoid_timeout,0
350.000,q_convergence,0.9014722715686643
350.000,update_residual,0.09014722715686642
350.000,investigation_deferred,0
350.000,nav_aborted,0
350.000,nav_canceled,0
350.000,nav_rejected,0
350.000,run_seed,6
351.000,anomalies_detected,1
351.000,anomalies_unique,1
351.000,investigation_timeouts,0
351.000,mission_duration_s,306.944
351.000,distance_traveled_m,75.42183836212185
351.000,route_deviations,2
351.000,investigation_time_s,15.599999999999994
351.000,hazard_avoidances,0
351.000,min_hazard_distance_m,2.2268099233812033
351.000,collisions,0
351.000,time_below_clearance_s,0.0
351.000,safety_zone_violations,0
351.000,min_ttc_s,4.659806628583838
351.000,avoid_success,0
351.000,avoid_timeout,0
351.000,q_convergence,0.9213757431776953
351.000,update_residual,0.09213757431776955
351.000,investigation_deferred,0
351.000,nav_aborted,0
351.000,nav_canceled,0
351.000,nav_rejected,0
351.000,run_seed,6
352.000,anomalies_detected,1
352.000,anomalies_unique,1
352.000,investigation_timeouts,0
352.000,mission_duration_s,307.944
352.000,distance_traveled_m,75.683918336962
352.000,route_deviations,2
352.000,investigation_time_s,15.599999999999994
352.000,hazard_avoidances,0
352.000,min_hazard_distance_m,2.2268099233812033
352.000,collisions,0
352.000,time_below_clearance_s,0.0
352.000,safety_zone_violations,0
352.000,min_ttc_s,4.659806628583838
352.000,avoid_success,0
352.000,avoid_timeout,0
352.000,q_convergence,0.8026874937175406
352.000,update_residual,0.08026874937175404
352.000,investigation_deferred,0
352.000,nav_aborted,0
352.000,nav_canceled,0
352.000,nav_rejected,0
352.000,run_seed,6
353.000,anomalies_detected,1
353.000,anomalies_unique,1
353.000,investigation_timeouts,0
353.000,mission_duration_s,308.944
353.000,distance_traveled_m,75.94599830858876
353.000,route_deviations,2
353.000,investigation_time_s,15.599999999999994
353.000,hazard_avoidances,0
353.000,min_hazard_distance_m,2.2268099233812033
353.000,collisions,0
353.000,time_below_clearance_s,0.0
353.000,safety_zone_violations,0
353.000,min_ttc_s,4.659806628583838
353.000,avoid_success,0
353.000,avoid_timeout,0
353.000,q_convergence,0.6993687383448497
353.000,update_residual,0.06993687383448496
353.000,investigation_deferred,0
353.000,nav_aborted,0
353.000,nav_canceled,0
353.000,nav_rejected,0
353.000,run_seed,6
354.000,anomalies_detected,1
354.000,anomalies_unique,1
354.000,investigation_timeouts,0
354.000,mission_duration_s,309.944
354.000,distance_traveled_m,76.20807826575883
354.000,route_deviations,2
354.000,investigation_time_s,15.599999999999994
354.000,hazard_avoidances,0
354.000,min_hazard_distance_m,2.2268099233812033
354.000,collisions,0
354.000,time_below_clearance_s,0.0
354.000,safety_zone_violations,0
354.000,min_ttc_s,4.659806628583838
354.000,avoid_success,0
354.000,avoid_timeout,0
354.000,q_convergence,0.947727947992916
354.000,update_residual,0.09477279479929161
354.000,investigation_deferred,0
354.000,nav_aborted,0
354.000,nav_canceled,0
354.000,nav_rejected,0
354.000,run_seed,6
355.000,anomalies_detected,1
355.000,anomalies_unique,1
355.000,investigation_timeouts,0
355.000,mission_duration_s,310.944
355.000,distance_traveled_m,76.47015822805267
355.000,route_deviations,2
355.000,investigation_time_s,15.599999999999994
355.000,hazard_avoidances,0
355.000,min_hazard_distance_m,2.2268099233812033
355.000,collisions,0
355.000,time_below_clearance_s,0.0
355.000,safety_zone_violations,0
355.000,min_ttc_s,4.659806628583838
355.000,avoid_success,0
355.000,avoid_timeout,0
355.000,q_convergence,0.9030859745636065
355.000,update_residual,0.09030859745636063
355.000,investigation_deferred,0
355.000,nav_aborted,0
355.000,nav_canceled,0
355.000,nav_rejected,0
355.000,run_seed,6
356.000,anomalies_detected,1
356.000,anomalies_unique,1
356.000,investigation_timeouts,0
356.000,mission_duration_s,311.944
356.000,distance_traveled_m,76.72287819648066
356.000,route_deviations,2
356.000,investigation_time_s,15.599999999999994
356.000,hazard_avoidances,0
356.000,min_hazard_distance_m,2.2268099233812033
356.000,collisions,0
356.000,time_below_clearance_s,0.0
356.000,safety_zone_violations,0
356.000,min_ttc_s,4.659806628583838
356.000,avoid_success,0
356.000,avoid_timeout,0
356.000,q_convergence,0.7848295714294122
356.000,update_residual,0.07848295714294122
356.000,investigation_deferred,0
356.000,nav_aborted,0
356.000,nav_canceled,0
356.000,nav_rejected,0
356.000,run_seed,6
357.000,anomalies_detected,1
357.000,anomalies_unique,1
357.000,investigation_timeouts,0
357.000,mission_duration_s,312.944
357.000,distance_traveled_m,76.98495817688423
357.000,route_deviations,2
357.000,investigation_time_s,15.599999999999994
357.000,hazard_avoidances,0
357.000,min_hazard_distance_m,2.2268099233812033
357.000,collisions,0
357.000,time_below_clearance_s,0.0
357.000,safety_zone_violations,0
357.000,min_ttc_s,4.659806628583838
357.000,avoid_success,0
357.000,avoid_timeout,0
357.000,q_convergence,0.683730699826543
357.000,update_residual,0.0683730699826543
357.000,investigation_deferred,0
357.000,nav_aborted,0
357.000,nav_canceled,0
357.000,nav_rejected,0
357.000,run_seed,6
358.000,anomalies_detected,1
358.000,anomalies_unique,1
358.000,investigation_timeouts,0
358.000,mission_duration_s,313.944
358.000,distance_traveled_m,77.24703816031902
358.000,route_deviations,2
358.000,investigation_time_s,15.599999999999994
358.000,hazard_avoidances,0
358.000,min_hazard_distance_m,2.2268099233812033
358.000,collisions,0
358.000,time_below_clearance_s,0.0
358.000,safety_zone_violations,0
358.000,min_ttc_s,4.659806628583838
358.000,avoid_success,0
358.000,avoid_timeout,0
358.000,q_convergence,0.9924926405282298
358.000,update_residual,0.09924926405282299
358.000,investigation_deferred,0
358.000,nav_aborted,0
358.000,nav_canceled,0
358.000,nav_rejected,0
358.000,run_seed,6
359.000,anomalies_detected,1
359.000,anomalies_unique,1
359.000,investigation_timeouts,0
359.000,mission_duration_s,314.944
359.000,distance_traveled_m,77.5091181398284
359.000,route_deviations,2
359.000,investigation_time_s,15.599999999999994
359.000,hazard_avoidances,0
359.000,min_hazard_distance_m,2.2268099233812033
359.000,collisions,0
359.000,time_below_clearance_s,0.0
359.000,safety_zone_violations,0
359.000,min_ttc_s,4.659806628583838
359.000,avoid_success,0
359.000,avoid_timeout,0
359.000,q_convergence,0.9437602177866385
359.000,update_residual,0.09437602177866386
359.000,investigation_deferred,0
359.000,nav_aborted,0
359.000,nav_canceled,0
359.000,nav_rejected,0
359.000,run_seed,6
360.000,anomalies_detected,1
360.000,anomalies_unique,1
360.000,investigation_timeouts,0
360.000,mission_duration_s,315.944
360.000,distance_traveled_m,77.76183811303272
360.000,route_deviations,2
360.000,investigation_time_s,15.599999999999994
360.000,hazard_avoidances,0
360.000,min_hazard_distance_m,2.2268099233812033
360.000,collisions,0
360.000,time_below_clearance_s,0.0
360.000,safety_zone_violations,0
360.000,min_ttc_s,4.659806628583838
360.000,avoid_success,0
360.000,avoid_timeout,0
360.000,q_convergence,0.8503663502535874
360.000,update_residual,0.08503663502535876
360.000,investigation_deferred,0
360.000,nav_aborted,0
360.000,nav_canceled,0
360.000,nav_rejected,0
360.000,run_seed,6
361.000,anomalies_detected,1
361.000,anomalies_unique,1
361.000,investigation_timeouts,0
361.000,mission_duration_s,316.944
361.000,distance_traveled_m,78.0239180766647
361.000,route_deviations,2
361.000,investigation_time_s,15.599999999999994
361.000,hazard_avoidances,0
361.000,min_hazard_distance_m,2.2268099233812033
361.000,collisions,0
361.000,time_below_clearance_s,0.0
361.000,safety_zone_violations,0
361.000,min_ttc_s,4.659806628583838
361.000,avoid_success,0
361.000,avoid_timeout,0
361.000,q_convergence,0.7408252707767923
361.000,update_residual,0.07408252707767923
361.000,investigation_deferred,0
361.000,nav_aborted,0
361.000,nav_canceled,0
361.000,nav_rejected,0
361.000,run_seed,6
362.000,anomalies_detected,1
362.000,anomalies_unique,1
362.000,investigation_timeouts,0
362.000,mission_duration_s,317.944
362.000,distance_traveled_m,78.28599804914346
362.000,route_deviations,2
362.000,investigation_time_s,15.599999999999994
362.000,hazard_avoidances,0
362.000,min_hazard_distance_m,2.2268099233812033
362.000,collisions,0
362.000,time_below_clearance_s,0.0
362.000,safety_zone_violations,0
362.000,min_ttc_s,4.659806628583838
362.000,avoid_success,0
362.000,avoid_timeout,0
362.000,q_convergence,1.0117768938994656
362.000,update_residual,0.10117768938994658
362.000,investigation_deferred,0
362.000,nav_aborted,0
362.000,nav_canceled,0
362.000,nav_rejected,0
362.000,run_seed,6
363.000,anomalies_detected,1
363.000,anomalies_unique,1
363.000,investigation_timeouts,0
363.000,mission_duration_s,318.944
363.000,distance_traveled_m,78.54807803193383
363.000,route_deviations,2
363.000,investigation_time_s,15.599999999999994
363.000,hazard_avoidances,0
363.000,min_hazard_distance_m,2.2268099233812033
363.000,collisions,0
363.000,time_below_clearance_s,0.0
363.000,safety_zone_violations,0
363.000,min_ttc_s,4.659806628583838
363.000,avoid_success,0
363.000,avoid_timeout,0
363.000,q_convergence,0.8719481542852267
363.000,update_residual,0.08719481542852268
363.000,investigation_deferred,0
363.000,nav_aborted,0
363.000,nav_canceled,0
363.000,nav_rejected,0
363.000,run_seed,6
364.000,anomalies_detected,1
364.000,anomalies_unique,1
364.000,investigation_timeouts,0
364.000,mission_duration_s,319.944
364.000,distance_traveled_m,78.8101580196076
364.000,route_deviations,2
364.000,investigation_time_s,15.599999999999994
364.000,hazard_avoidances,0
364.000,min_hazard_distance_m,2.2268099233812033
364.000,collisions,0
364.000,time_below_clearance_s,0.0
364.000,safety_zone_violations,0
364.000,min_ttc_s,4.659806628583838
364.000,avoid_success,0
364.000,avoid_timeout,0
364.000,q_convergence,0.7577691554417364
364.000,update_residual,0.07577691554417365
364.000,investigation_deferred,0
364.000,nav_aborted,0
364.000,nav_canceled,0
364.000,nav_rejected,0
364.000,run_seed,6
365.000,anomalies_detected,1
365.000,anomalies_unique,1
365.000,investigation_timeouts,0
365.000,mission_duration_s,320.944
365.000,distance_traveled_m,79.0628779989712
365.000,route_deviations,2
365.000,investigation_time_s,15.599999999999994
365.000,hazard_avoidances,0
365.000,min_hazard_distance_m,2.2268099233812033
365.000,collisions,0
365.000,time_below_clearance_s,0.0
365.000,safety_zone_violations,0
365.000,min_ttc_s,4.659806628583838
365.000,avoid_success,0
365.000,avoid_timeout,0
365.000,q_convergence,0.658541554468443
365.000,update_residual,0.06585415544684428
365.000,investigation_deferred,0
365.000,nav_aborted,0
365.000,nav_canceled,0
365.000,nav_rejected,0
365.000,run_seed,6
366.000,anomalies_detected,1
366.000,anomalies_unique,1
366.000,investigation_timeouts,0
366.000,mission_duration_s,321.944
366.000,distance_traveled_m,79.32495796566009
366.000,route_deviations,2
366.000,investigation_time_s,15.599999999999994
366.000,hazard_avoidances,0
366.000,min_hazard_distance_m,2.2268099233812033
366.000,collisions,0
366.000,time_below_clearance_s,0.0
366.000,safety_zone_violations,0
366.000,min_ttc_s,4.659806628583838
366.000,avoid_success,0
366.000,avoid_timeout,0
366.000,q_convergence,1.0855090074738638
366.000,update_residual,0.1085509007473864
366.000,investigation_deferred,0
366.000,nav_aborted,0
366.000,nav_canceled,0
366.000,nav_rejected,0
366.000,run_seed,6
367.000,anomalies_detected,1
367.000,anomalies_unique,1
367.000,investigation_timeouts,0
367.000,mission_duration_s,322.944
367.000,distance_traveled_m,79.58703796000948
367.000,route_deviations,2
367.000,investigation_time_s,15.599999999999994
367.000,hazard_avoidances,0
367.000,min_hazard_distance_m,2.2268099233812033
367.000,collisions,0
367.000,time_below_clearance_s,0.0
367.000,safety_zone_violations,0
367.000,min_ttc_s,4.659806628583838
367.000,avoid_success,0
367.000,avoid_timeout,0
367.000,q_convergence,0.8546395479935552
367.000,update_residual,0.08546395479935552
367.000,investigation_deferred,0
367.000,nav_aborted,0
367.000,nav_canceled,0
367.000,nav_rejected,0
367.000,run_seed,6
368.000,anomalies_detected,1
368.000,anomalies_unique,1
368.000,investigation_timeouts,0
368.000,mission_duration_s,323.944
368.000,distance_traveled_m,79.84911794074935
368.000,route_deviations,2
368.000,investigation_time_s,15.599999999999994
368.000,hazard_avoidances,0
368.000,min_hazard_distance_m,2.2268099233812033
368.000,collisions,0
368.000,time_below_clearance_s,0.0
368.000,safety_zone_violations,0
368.000,min_ttc_s,4.659806628583838
368.000,avoid_success,0
368.000,avoid_timeout,0
368.000,q_convergence,0.7427270592952459
368.000,update_residual,0.0742727059295246
368.000,investigation_deferred,0
368.000,nav_aborted,0
368.000,nav_canceled,0
368.000,nav_rejected,0
368.000,run_seed,6
369.000,anomalies_detected,1
369.000,anomalies_unique,1
369.000,investigation_timeouts,0
369.000,mission_duration_s,324.944
369.000,distance_traveled_m,80.10183793187358
369.000,route_deviations,2
369.000,investigation_time_s,15.599999999999994
369.000,hazard_avoidances,0
369.000,min_hazard_distance_m,2.2268099233812033
369.000,collisions,0
369.000,time_below_clearance_s,0.0
369.000,safety_zone_violations,0
369.000,min_ttc_s,4.659806628583838
369.000,avoid_success,0
369.000,avoid_timeout,0
369.000,q_convergence,0.6454691757530556
369.000,update_residual,0.06454691757530555
369.000,investigation_deferred,0
369.000,nav_aborted,0
369.000,nav_canceled,0
369.000,nav_rejected,0
369.000,run_seed,6
370.000,anomalies_detected,1
370.000,anomalies_unique,1
370.000,investigation_timeouts,0
370.000,mission_duration_s,325.944
370.000,distance_traveled_m,80.36391792490019
370.000,route_deviations,2
370.000,investigation_time_s,15.599999999999994
370.000,hazard_avoidances,0
370.000,min_hazard_distance_m,2.2268099233812033
370.000,collisions,0
370.000,time_below_clearance_s,0.0
370.000,safety_zone_violations,0
370.000,min_ttc_s,4.659806628583838
370.000,avoid_success,0
370.000,avoid_timeout,0
370.000,q_convergence,1.1205051739928737
370.000,update_residual,0.11205051739928738
370.000,investigation_deferred,0
370.000,nav_aborted,0
370.000,nav_canceled,0
370.000,nav_rejected,0
370.000,run_seed,6
371.000,anomalies_detected,1
371.000,anomalies_unique,1
371.000,investigation_timeouts,0
371.000,mission_duration_s,326.944
371.000,distance_traveled_m,80.62599791666365
371.000,route_deviations,2
371.000,investigation_time_s,15.599999999999994
371.000,hazard_avoidances,0
371.000,min_hazard_distance_m,2.2268099233812033
371.000,collisions,0
371.000,time_below_clearance_s,0.0
371.000,safety_zone_violations,0
371.000,min_ttc_s,4.659806628583838
371.000,avoid_success,0
371.000,avoid_timeout,0
371.000,q_convergence,0.8418839459098078
371.000,update_residual,0.08418839459098079
371.000,investigation_deferred,0
371.000,nav_aborted,0
371.000,nav_canceled,0
371.000,nav_rejected,0
371.000,run_seed,6
372.000,anomalies_detected,1
372.000,anomalies_unique,1
372.000,investigation_timeouts,0
372.000,mission_duration_s,327.944
372.000,distance_traveled_m,80.88807790961555
372.000,route_deviations,2
372.000,investigation_time_s,15.599999999999994
372.000,hazard_avoidances,0
372.000,min_hazard_distance_m,2.2268099233812033
372.000,collisions,0
372.000,time_below_clearance_s,0.0
372.000,safety_zone_violations,0
372.000,min_ttc_s,4.659806628583838
372.000,avoid_success,0
372.000,avoid_timeout,0
372.000,q_convergence,0.7316417650943821
372.000,update_residual,0.0731641765094382
372.000,investigation_deferred,0
372.000,nav_aborted,0
372.000,nav_canceled,0
372.000,nav_rejected,0
372.000,run_seed,6
373.000,anomalies_detected,1
373.000,anomalies_unique,1
373.000,investigation_timeouts,0
373.000,mission_duration_s,328.944
373.000,distance_traveled_m,81.15015786981063
373.000,route_deviations,2
373.000,investigation_time_s,15.599999999999994
373.000,hazard_avoidances,0
373.000,min_hazard_distance_m,2.2268099233812033
373.000,collisions,0
373.000,time_below_clearance_s,0.0
373.000,safety_zone_violations,0
373.000,min_ttc_s,4.659806628583838
373.000,avoid_success,0
373.000,avoid_timeout,0
373.000,q_convergence,1.1354854542145736
373.000,update_residual,0.11354854542145738
373.000,investigation_deferred,0
373.000,nav_aborted,0
373.000,nav_canceled,0
373.000,nav_rejected,0
373.000,run_seed,6
374.000,anomalies_detected,1
374.000,anomalies_unique,1
374.000,investigation_timeouts,0
374.000,mission_duration_s,329.944
374.000,distance_traveled_m,81.40287782387172
374.000,route_deviations,2
374.000,investigation_time_s,15.599999999999994
374.000,hazard_avoidances,0
374.000,min_hazard_distance_m,2.2268099233812033
374.000,collisions,0
374.000,time_below_clearance_s,0.0
374.000,safety_zone_violations,0
374.000,min_ttc_s,4.659806628583838
374.000,avoid_success,0
374.000,avoid_timeout,0
374.000,q_convergence,1.1354854542145736
374.000,update_residual,0.11354854542145738
374.000,investigation_deferred,0
374.000,nav_aborted,0
374.000,nav_canceled,0
374.000,nav_rejected,0
374.000,run_seed,6
375.000,anomalies_detected,1
375.000,anomalies_unique,1
375.000,investigation_timeouts,0
375.000,mission_duration_s,330.944
375.000,distance_traveled_m,81.66495782049337
375.000,route_deviations,2
375.000,investigation_time_s,15.599999999999994
375.000,hazard_avoidances,0
375.000,min_hazard_distance_m,2.2268099233812033
375.000,collisions,0
375.000,time_below_clearance_s,0.0
375.000,safety_zone_violations,0
375.000,min_ttc_s,4.659806628583838
375.000,avoid_success,0
375.000,avoid_timeout,0
375.000,q_convergence,0.831351971985252
375.000,update_residual,0.0831351971985252
375.000,investigation_deferred,0
375.000,nav_aborted,0
375.000,nav_canceled,0
375.000,nav_rejected,0
375.000,run_seed,6
376.000,anomalies_detected,1
376.000,anomalies_unique,1
376.000,investigation_timeouts,0
376.000,mission_duration_s,331.944
376.000,distance_traveled_m,81.92703780801261
376.000,route_deviations,2
376.000,investigation_time_s,15.599999999999994
376.000,hazard_avoidances,0
376.000,min_hazard_distance_m,2.2268099233812033
376.000,collisions,0
376.000,time_below_clearance_s,0.0
376.000,safety_zone_violations,0
376.000,min_ttc_s,4.659806628583838
376.000,avoid_success,0
376.000,avoid_timeout,0
376.000,q_convergence,0.7243436384875656
376.000,update_residual,0.07243436384875657
376.000,investigation_deferred,0
376.000,nav_aborted,0
376.000,nav_canceled,0
376.000,nav_rejected,0
376.000,run_seed,6
377.000,anomalies_detected,1
377.000,anomalies_unique,1
377.000,investigation_timeouts,0
377.000,mission_duration_s,332.944
377.000,distance_traveled_m,82.18911778107658
377.000,route_deviations,2
377.000,investigation_time_s,15.599999999999994
377.000,hazard_avoidances,0
377.000,min_hazard_distance_m,2.2268099233812033
377.000,collisions,0
377.000,time_below_clearance_s,0.0
377.000,safety_zone_violations,0
377.000,min_ttc_s,4.659806628583838
377.000,avoid_success,0
377.000,avoid_timeout,0
377.000,q_convergence,0.629493008831772
377.000,update_residual,0.0629493008831772
377.000,investigation_deferred,0
377.000,nav_aborted,0
377.000,nav_canceled,0
377.000,nav_rejected,0
377.000,run_seed,6
378.000,anomalies_detected,1
378.000,anomalies_unique,1
378.000,investigation_timeouts,0
378.000,mission_duration_s,333.944
378.000,distance_traveled_m,82.44183777259022
378.000,route_deviations,2
378.000,investigation_time_s,15.599999999999994
378.000,hazard_avoidances,0
378.000,min_hazard_distance_m,2.2268099233812033
378.000,collisions,0
378.000,time_below_clearance_s,0.0
378.000,safety_zone_violations,0
378.000,min_ttc_s,4.659806628583838
378.000,avoid_success,0
378.000,avoid_timeout,0
378.000,q_convergence,0.9273661513846501
378.000,update_residual,0.092736615138465
378.000,investigation_deferred,0
378.000,nav_aborted,0
378.000,nav_canceled,0
378.000,nav_rejected,0
378.000,run_seed,6
379.000,anomalies_detected,1
379.000,anomalies_unique,1
379.000,investigation_timeouts,0
379.000,mission_duration_s,334.944
379.000,distance_traveled_m,82.70391775275326
379.000,route_deviations,2
379.000,investigation_time_s,15.599999999999994
379.000,hazard_avoidances,0
379.000,min_hazard_distance_m,2.2268099233812033
379.000,collisions,0
379.000,time_below_clearance_s,0.0
379.000,safety_zone_violations,0
379.000,min_ttc_s,4.659806628583838
379.000,avoid_success,0
379.000,avoid_timeout,0
379.000,q_convergence,0.7131242152853692
379.000,update_residual,0.07131242152853694
379.000,investigation_deferred,0
379.000,nav_aborted,0
379.000,nav_canceled,0
379.000,nav_rejected,0
379.000,run_seed,6
380.000,anomalies_detected,1
380.000,anomalies_unique,1
380.000,investigation_timeouts,0
380.000,mission_duration_s,335.944
380.000,distance_traveled_m,82.96599773191572
380.000,route_deviations,2
380.000,investigation_time_s,15.599999999999994
380.000,hazard_avoidances,0
380.000,min_hazard_distance_m,2.2268099233812033
380.000,collisions,0
380.000,time_below_clearance_s,0.0
380.000,safety_zone_violations,0
380.000,min_ttc_s,4.659806628583838
380.000,avoid_success,0
380.000,avoid_timeout,0
380.000,q_convergence,1.097426613857278
380.000,update_residual,0.10974266138572782
380.000,investigation_deferred,0
380.000,nav_aborted,0
380.000,nav_canceled,0
380.000,nav_rejected,0
380.000,run_seed,6
381.000,anomalies_detected,1
381.000,anomalies_unique,1
381.000,investigation_timeouts,0
381.000,mission_duration_s,336.944
381.000,distance_traveled_m,83.22807761338852
381.000,route_deviations,2
381.000,investigation_time_s,15.599999999999994
381.000,hazard_avoidances,0
381.000,min_hazard_distance_m,2.2268099233812033
381.000,collisions,0
381.000,time_below_clearance_s,0.0
381.000,safety_zone_violations,0
381.000,min_ttc_s,4.659806628583838
381.000,avoid_success,0
381.000,avoid_timeout,0
381.000,q_convergence,0.8251721291677026
381.000,update_residual,0.08251721291677028
381.000,investigation_deferred,0
381.000,nav_aborted,0
381.000,nav_canceled,0
381.000,nav_rejected,0
381.000,run_seed,6
382.000,anomalies_detected,1
382.000,anomalies_unique,1
382.000,investigation_timeouts,0
382.000,mission_duration_s,337.944
382.000,distance_traveled_m,83.39598766593929
382.000,route_deviations,2
382.000,investigation_time_s,15.599999999999994
382.000,hazard_avoidances,0
382.000,min_hazard_distance_m,2.2268099233812033
382.000,collisions,0
382.000,time_below_clearance_s,0.0
382.000,safety_zone_violations,0
382.000,min_ttc_s,4.659806628583838
382.000,avoid_success,0
382.000,avoid_timeout,0
382.000,q_convergence,0.7193617920918568
382.000,update_residual,0.07193617920918571
382.000,investigation_deferred,0
382.000,nav_aborted,0
382.000,nav_canceled,0
382.000,nav_rejected,0
382.000,run_seed,6
382.000,anomalies_detected,1
382.000,anomalies_unique,1
382.000,investigation_timeouts,0
382.000,mission_duration_s,337.944
382.000,distance_traveled_m,83.39598766593929
382.000,route_deviations,2
382.000,investigation_time_s,15.599999999999994
382.000,hazard_avoidances,0
382.000,min_hazard_distance_m,2.2268099233812033
382.000,collisions,0
382.000,time_below_clearance_s,0.0
382.000,safety_zone_violations,0
382.000,min_ttc_s,4.659806628583838
382.000,avoid_success,0
382.000,avoid_timeout,0
382.000,q_convergence,0.7193617920918568
382.000,update_residual,0.07193617920918571
382.000,investigation_deferred,0
382.000,nav_aborted,0
382.000,nav_canceled,0
382.000,nav_rejected,0
382.000,run_seed,6
383.000,anomalies_detected,1
383.000,anomalies_unique,1
383.000,investigation_timeouts,0
383.000,mission_duration_s,337.944
383.000,distance_traveled_m,83.39598766596048
383.000,route_deviations,2
383.000,investigation_time_s,15.599999999999994
383.000,hazard_avoidances,0
383.000,min_hazard_distance_m,2.2268099233812033
383.000,collisions,0
383.000,time_below_clearance_s,0.0
383.000,safety_zone_violations,0
383.000,min_ttc_s,4.659806628583838
383.000,avoid_success,0
383.000,avoid_timeout,0
383.000,q_convergence,0.5416769243325833
383.000,update_residual,0.05416769243325834
383.000,investigation_deferred,0
383.000,nav_aborted,0
383.000,nav_canceled,0
383.000,nav_rejected,0
383.000,run_seed,6
384.000,anomalies_detected,1
384.000,anomalies_unique,1
384.000,investigation_timeouts,0
384.000,mission_duration_s,337.944
384.000,distance_traveled_m,83.39598766596332
384.000,route_deviations,2
384.000,investigation_time_s,15.599999999999994
384.000,hazard_avoidances,0
384.000,min_hazard_distance_m,2.2268099233812033
384.000,collisions,0
384.000,time_below_clearance_s,0.0
384.000,safety_zone_violations,0
384.000,min_ttc_s,4.659806628583838
384.000,avoid_success,0
384.000,avoid_timeout,0
384.000,q_convergence,0.47190008638342545
384.000,update_residual,0.04719000863834255
384.000,investigation_deferred,0
384.000,nav_aborted,0
384.000,nav_canceled,0
384.000,nav_rejected,0
384.000,run_seed,6
385.000,anomalies_detected,1
385.000,anomalies_unique,1
385.000,investigation_timeouts,0
385.000,mission_duration_s,337.944
385.000,distance_traveled_m,83.39598766596332
385.000,route_deviations,2
385.000,investigation_time_s,15.599999999999994
385.000,hazard_avoidances,0
385.000,min_hazard_distance_m,2.2268099233812033
385.000,collisions,0
385.000,time_below_clearance_s,0.0
385.000,safety_zone_violations,0
385.000,min_ttc_s,4.659806628583838
385.000,avoid_success,0
385.000,avoid_timeout,0
385.000,q_convergence,0.41115897609205515
385.000,update_residual,0.04111589760920552
385.000,investigation_deferred,0
385.000,nav_aborted,0
385.000,nav_canceled,0
385.000,nav_rejected,0
385.000,run_seed,6
386.000,anomalies_detected,1
386.000,anomalies_unique,1
386.000,investigation_timeouts,0
386.000,mission_duration_s,337.944
386.000,distance_traveled_m,83.39598766596332
386.000,route_deviations,2
386.000,investigation_time_s,15.599999999999994
386.000,hazard_avoidances,0
386.000,min_hazard_distance_m,2.2268099233812033
386.000,collisions,0
386.000,time_below_clearance_s,0.0
386.000,safety_zone_violations,0
386.000,min_ttc_s,4.659806628583838
386.000,avoid_success,0
386.000,avoid_timeout,0
386.000,q_convergence,0.3573189398181222
386.000,update_residual,0.03573189398181222
386.000,investigation_deferred,0
386.000,nav_aborted,0
386.000,nav_canceled,0
386.000,nav_rejected,0
386.000,run_seed,6
387.000,anomalies_detected,1
387.000,anomalies_unique,1
387.000,investigation_timeouts,0
387.000,mission_duration_s,337.944
387.000,distance_traveled_m,83.39598766596332
387.000,route_deviations,2
387.000,investigation_time_s,15.599999999999994
387.000,hazard_avoidances,0
387.000,min_hazard_distance_m,2.2268099233812033
387.000,collisions,0
387.000,time_below_clearance_s,0.0
387.000,safety_zone_violations,0
387.000,min_ttc_s,4.659806628583838
387.000,avoid_success,0
387.000,avoid_timeout,0
387.000,q_convergence,0.3105290950139955
387.000,update_residual,0.03105290950139955
387.000,investigation_deferred,0
387.000,nav_aborted,0
387.000,nav_canceled,0
387.000,nav_rejected,0
387.000,run_seed,6
388.000,anomalies_detected,1
388.000,anomalies_unique,1
388.000,investigation_timeouts,0
388.000,mission_duration_s,337.944
388.000,distance_traveled_m,83.39598766596332
388.000,route_deviations,2
388.000,investigation_time_s,15.599999999999994
388.000,hazard_avoidances,0
388.000,min_hazard_distance_m,2.2268099233812033
388.000,collisions,0
388.000,time_below_clearance_s,0.0
388.000,safety_zone_violations,0
388.000,min_ttc_s,4.659806628583838
388.000,avoid_success,0
388.000,avoid_timeout,0
388.000,q_convergence,0.27052787405006457
388.000,update_residual,0.027052787405006464
388.000,investigation_deferred,0
388.000,nav_aborted,0
388.000,nav_canceled,0
388.000,nav_rejected,0
388.000,run_seed,6
389.000,anomalies_detected,1
389.000,anomalies_unique,1
389.000,investigation_timeouts,0
389.000,mission_duration_s,337.944
389.000,distance_traveled_m,83.39598766596332
389.000,route_deviations,2
389.000,investigation_time_s,15.599999999999994
389.000,hazard_avoidances,0
389.000,min_hazard_distance_m,2.2268099233812033
389.000,collisions,0
389.000,time_below_clearance_s,0.0
389.000,safety_zone_violations,0
389.000,min_ttc_s,4.659806628583838
389.000,avoid_success,0
389.000,avoid_timeout,0
389.000,q_convergence,0.23570659745209083
389.000,update_residual,0.023570659745209083
389.000,investigation_deferred,0
389.000,nav_aborted,0
389.000,nav_canceled,0
389.000,nav_rejected,0
389.000,run_seed,6
