timestamp,metric,value
43.336,anomalies_detected,0
43.336,anomalies_unique,0
43.336,investigation_timeouts,0
43.336,mission_duration_s,0.0
43.336,distance_traveled_m,0.0
43.336,route_deviations,0
43.336,investigation_time_s,0.0
43.336,hazard_avoidances,0
43.336,min_hazard_distance_m,-1.0
43.336,collisions,0
43.336,time_below_clearance_s,0.0
43.336,safety_zone_violations,0
43.336,min_ttc_s,-1.0
43.336,avoid_success,0
43.336,avoid_timeout,0
43.336,q_convergence,0.0
43.336,update_residual,0.0
43.336,investigation_deferred,0
43.336,nav_aborted,0
43.336,nav_canceled,0
43.336,nav_rejected,0
43.336,run_seed,2
44.000,anomalies_detected,0
44.000,anomalies_unique,0
44.000,investigation_timeouts,0
44.000,mission_duration_s,0.0
44.000,distance_traveled_m,1.4974837562166027e-19
44.000,route_deviations,0
44.000,investigation_time_s,0.0
44.000,hazard_avoidances,0
44.000,min_hazard_distance_m,-1.0
44.000,collisions,0
44.000,time_below_clearance_s,0.0
44.000,safety_zone_violations,0
44.000,min_ttc_s,-1.0
44.000,avoid_success,0
44.000,avoid_timeout,0
44.000,q_convergence,0.0
44.000,update_residual,0.0
44.000,investigation_deferred,0
44.000,nav_aborted,0
44.000,nav_canceled,0
44.000,nav_rejected,0
44.000,run_seed,2
45.000,anomalies_detected,0
45.000,anomalies_unique,0
45.000,investigation_timeouts,0
45.000,mission_duration_s,0.8719999999999999
45.000,distance_traveled_m,0.057734001093619015
45.000,route_deviations,0
45.000,investigation_time_s,0.0
45.000,hazard_avoidances,0
45.000,min_hazard_distance_m,-1.0
45.000,collisions,0
45.000,time_below_clearance_s,0.0
45.000,safety_zone_violations,0
45.000,min_ttc_s,-1.0
45.000,avoid_success,0
45.000,avoid_timeout,0
45.000,q_convergence,0.9492091751465606
45.000,update_residual,0.09492091751465606
45.000,investigation_deferred,0
45.000,nav_aborted,0
45.000,nav_canceled,0
45.000,nav_rejected,0
45.000,run_seed,2
46.000,anomalies_detected,0
46.000,anomalies_unique,0
46.000,investigation_timeouts,0
46.000,mission_duration_s,1.8719999999999999
46.000,distance_traveled_m,0.3094899337749594
46.000,route_deviations,0
46.000,investigation_time_s,0.0
46.000,hazard_avoidances,0
46.000,min_hazard_distance_m,12.101584024292947
46.000,collisions,0
46.000,time_below_clearance_s,0.0
46.000,safety_zone_violations,0
46.000,min_ttc_s,54.63156571291231
46.000,avoid_success,0
46.000,avoid_timeout,0
46.000,q_convergence,0.8397282613926437
46.000,update_residual,0.08397282613926436
46.000,investigation_deferred,0
46.000,nav_aborted,0
46.000,nav_canceled,0
46.000,nav_rejected,0
46.000,run_seed,2
47.000,anomalies_detected,0
47.000,anomalies_unique,0
47.000,investigation_timeouts,0
47.000,mission_duration_s,2.872
47.000,distance_traveled_m,0.5715698896410722
47.000,route_deviations,0
47.000,investigation_time_s,0.0
47.000,hazard_avoidances,0
47.000,min_hazard_distance_m,11.895648338609488
47.000,collisions,0
47.000,time_below_clearance_s,0.0
47.000,safety_zone_violations,0
47.000,min_ttc_s,29.160916179071556
47.000,avoid_success,0
47.000,avoid_timeout,0
47.000,q_convergence,0.7316417650943821
47.000,update_residual,0.0731641765094382
47.000,investigation_deferred,0
47.000,nav_aborted,0
47.000,nav_canceled,0
47.000,nav_rejected,0
47.000,run_seed,2
48.000,anomalies_detected,0
48.000,anomalies_unique,0
48.000,investigation_timeouts,0
48.000,mission_duration_s,3.872
48.000,distance_traveled_m,0.8336498478567544
48.000,route_deviations,0
48.000,investigation_time_s,0.0
48.000,hazard_avoidances,0
48.000,min_hazard_distance_m,11.700887463464502
48.000,collisions,0
48.000,time_below_clearance_s,0.0
48.000,safety_zone_violations,0
48.000,min_ttc_s,29.160916179071556
48.000,avoid_success,0
48.000,avoid_timeout,0
48.000,q_convergence,0.9164060540561201
48.000,update_residual,0.09164060540561203
48.000,investigation_deferred,0
48.000,nav_aborted,0
48.000,nav_canceled,0
48.000,nav_rejected,0
48.000,run_seed,2
49.000,anomalies_detected,0
49.000,anomalies_unique,0
49.000,investigation_timeouts,0
49.000,mission_duration_s,4.872
49.000,distance_traveled_m,1.0957298253191994
49.000,route_deviations,0
49.000,investigation_time_s,0.0
49.000,hazard_avoidances,0
49.000,min_hazard_distance_m,11.50439237714804
49.000,collisions,0
49.000,time_below_clearance_s,0.0
49.000,safety_zone_violations,0
49.000,min_ttc_s,29.160916179071556
49.000,avoid_success,0
49.000,avoid_timeout,0
49.000,q_convergence,0.9167688644618069
49.000,update_residual,0.09167688644618069
49.000,investigation_deferred,0
49.000,nav_aborted,0
49.000,nav_canceled,0
49.000,nav_rejected,0
49.000,run_seed,2
50.000,anomalies_detected,0
50.000,anomalies_unique,0
50.000,investigation_timeouts,0
50.000,mission_duration_s,5.872
50.000,distance_traveled_m,1.348449817591092
50.000,route_deviations,0
50.000,investigation_time_s,0.0
50.000,hazard_avoidances,0
50.000,min_hazard_distance_m,11.313103969195131
50.000,collisions,0
50.000,time_below_clearance_s,0.0
50.000,safety_zone_violations,0
50.000,min_ttc_s,28.951830402943617
50.000,avoid_success,0
50.000,avoid_timeout,0
50.000,q_convergence,0.7967207278831593
50.000,update_residual,0.07967207278831592
50.000,investigation_deferred,0
50.000,nav_aborted,0
50.000,nav_canceled,0
50.000,nav_rejected,0
50.000,run_seed,2
51.000,anomalies_detected,0
51.000,anomalies_unique,0
51.000,investigation_timeouts,0
51.000,mission_duration_s,6.872
51.000,distance_traveled_m,1.6105298121575427
51.000,route_deviations,0
51.000,investigation_time_s,0.0
51.000,hazard_avoidances,0
51.000,min_hazard_distance_m,11.115251673194097
51.000,collisions,0
51.000,time_below_clearance_s,0.0
51.000,safety_zone_violations,0
51.000,min_ttc_s,28.51274216466559
51.000,avoid_success,0
51.000,avoid_timeout,0
51.000,q_convergence,0.9028180411669302
51.000,update_residual,0.09028180411669302
51.000,investigation_deferred,0
51.000,nav_aborted,0
51.000,nav_canceled,0
51.000,nav_rejected,0
51.000,run_seed,2
52.000,anomalies_detected,0
52.000,anomalies_unique,0
52.000,investigation_timeouts,0
52.000,mission_duration_s,7.872
52.000,distance_traveled_m,1.8726098086164922
52.000,route_deviations,0
52.000,investigation_time_s,0.0
52.000,hazard_avoidances,0
52.000,min_hazard_distance_m,10.918781452355425
52.000,collisions,0
52.000,time_below_clearance_s,0.0
52.000,safety_zone_violations,0
52.000,min_ttc_s,28.188011296481232
52.000,avoid_success,0
52.000,avoid_timeout,0
52.000,q_convergence,0.9306590673747583
52.000,update_residual,0.09306590673747582
52.000,investigation_deferred,0
52.000,nav_aborted,0
52.000,nav_canceled,0
52.000,nav_rejected,0
52.000,run_seed,2
53.000,anomalies_detected,0
53.000,anomalies_unique,0
53.000,investigation_timeouts,0
53.000,mission_duration_s,8.872
53.000,distance_traveled_m,2.134689695853758
53.000,route_deviations,0
53.000,investigation_time_s,0.0
53.000,hazard_avoidances,0
53.000,min_hazard_distance_m,10.7242088300381
53.000,collisions,0
53.000,time_below_clearance_s,0.0
53.000,safety_zone_violations,0
53.000,min_ttc_s,27.375649613093277
53.000,avoid_success,0
53.000,avoid_timeout,0
53.000,q_convergence,0.9676855551950766
53.000,update_residual,0.09676855551950769
53.000,investigation_deferred,0
53.000,nav_aborted,0
53.000,nav_canceled,0
53.000,nav_rejected,0
53.000,run_seed,2
54.000,anomalies_detected,0
54.000,anomalies_unique,0
54.000,investigation_timeouts,0
54.000,mission_duration_s,9.872
54.000,distance_traveled_m,2.387409466869145
54.000,route_deviations,0
54.000,investigation_time_s,0.0
54.000,hazard_avoidances,0
54.000,min_hazard_distance_m,10.522264882160336
54.000,collisions,0
54.000,time_below_clearance_s,0.0
54.000,safety_zone_violations,0
54.000,min_ttc_s,24.828584169566962
54.000,avoid_success,0
54.000,avoid_timeout,0
54.000,q_convergence,0.8210462685218641
54.000,update_residual,0.08210462685218642
54.000,investigation_deferred,0
54.000,nav_aborted,0
54.000,nav_canceled,0
54.000,nav_rejected,0
54.000,run_seed,2
55.000,anomalies_detected,0
55.000,anomalies_unique,0
55.000,investigation_timeouts,0
55.000,mission_duration_s,10.872
55.000,distance_traveled_m,2.6494894295566263
55.000,route_deviations,0
55.000,investigation_time_s,0.0
55.000,hazard_avoidances,0
55.000,min_hazard_distance_m,10.314161219912423
55.000,collisions,0
55.000,time_below_clearance_s,0.0
55.000,safety_zone_violations,0
55.000,min_ttc_s,24.828584169566962
55.000,avoid_success,0
55.000,avoid_timeout,0
55.000,q_convergence,0.7152820946132197
55.000,update_residual,0.07152820946132199
55.000,investigation_deferred,0
55.000,nav_aborted,0
55.000,nav_canceled,0
55.000,nav_rejected,0
55.000,run_seed,2
56.000,anomalies_detected,0
56.000,anomalies_unique,0
56.000,investigation_timeouts,0
56.000,mission_duration_s,11.872
56.000,distance_traveled_m,2.9115694063726547
56.000,route_deviations,0
56.000,investigation_time_s,0.0
56.000,hazard_avoidances,0
56.000,min_hazard_distance_m,10.108065575123618
56.000,collisions,0
56.000,time_below_clearance_s,0.0
56.000,safety_zone_violations,0
56.000,min_ttc_s,24.692983555207118
56.000,avoid_success,0
56.000,avoid_timeout,0
56.000,q_convergence,0.623213816068675
56.000,update_residual,0.06232138160686751
56.000,investigation_deferred,0
56.000,nav_aborted,0
56.000,nav_canceled,0
56.000,nav_rejected,0
56.000,run_seed,2
57.000,anomalies_detected,0
57.000,anomalies_unique,0
57.000,investigation_timeouts,0
57.000,mission_duration_s,12.872
57.000,distance_traveled_m,3.1736493929238954
57.000,route_deviations,0
57.000,investigation_time_s,0.0
57.000,hazard_avoidances,0
57.000,min_hazard_distance_m,9.905408483547863
57.000,collisions,0
57.000,time_below_clearance_s,0.0
57.000,safety_zone_violations,0
57.000,min_ttc_s,24.692983555207118
57.000,avoid_success,0
57.000,avoid_timeout,0
57.000,q_convergence,1.1424867999123458
57.000,update_residual,0.11424867999123459
57.000,investigation_deferred,0
57.000,nav_aborted,0
57.000,nav_canceled,0
57.000,nav_rejected,0
57.000,run_seed,2
58.000,anomalies_detected,0
58.000,anomalies_unique,0
58.000,investigation_timeouts,0
58.000,mission_duration_s,13.872
58.000,distance_traveled_m,3.4357293677621312
58.000,route_deviations,0
58.000,investigation_time_s,0.0
58.000,hazard_avoidances,0
58.000,min_hazard_distance_m,9.705227839816509
58.000,collisions,0
58.000,time_below_clearance_s,0.0
58.000,safety_zone_violations,0
58.000,min_ttc_s,24.49839411472057
58.000,avoid_success,0
58.000,avoid_timeout,0
58.000,q_convergence,0.8293187227816107
58.000,update_residual,0.0829318722781611
58.000,investigation_deferred,0
58.000,nav_aborted,0
58.000,nav_canceled,0
58.000,nav_rejected,0
58.000,run_seed,2
59.000,anomalies_detected,0
59.000,anomalies_unique,0
59.000,investigation_timeouts,0
59.000,mission_duration_s,14.872
59.000,distance_traveled_m,3.6884493242222347
59.000,route_deviations,0
59.000,investigation_time_s,0.0
59.000,hazard_avoidances,0
59.000,min_hazard_distance_m,9.519867796463378
59.000,collisions,0
59.000,time_below_clearance_s,0.0
59.000,safety_zone_violations,0
59.000,min_ttc_s,24.49839411472057
59.000,avoid_success,0
59.000,avoid_timeout,0
59.000,q_convergence,0.7207219202951275
59.000,update_residual,0.07207219202951277
59.000,investigation_deferred,0
59.000,nav_aborted,0
59.000,nav_canceled,0
59.000,nav_rejected,0
59.000,run_seed,2
60.000,anomalies_detected,0
60.000,anomalies_unique,0
60.000,investigation_timeouts,0
60.000,mission_duration_s,15.872
60.000,distance_traveled_m,3.950529223242307
60.000,route_deviations,0
60.000,investigation_time_s,0.0
60.000,hazard_avoidances,0
60.000,min_hazard_distance_m,9.337234375598571
60.000,collisions,0
60.000,time_below_clearance_s,0.0
60.000,safety_zone_violations,0
60.000,min_ttc_s,24.49839411472057
60.000,avoid_success,0
60.000,avoid_timeout,0
60.000,q_convergence,0.6278811615701694
60.000,update_residual,0.06278811615701696
60.000,investigation_deferred,0
60.000,nav_aborted,0
60.000,nav_canceled,0
60.000,nav_rejected,0
60.000,run_seed,2
61.000,anomalies_detected,0
61.000,anomalies_unique,0
61.000,investigation_timeouts,0
61.000,mission_duration_s,16.872
61.000,distance_traveled_m,4.212608923027614
61.000,route_deviations,0
61.000,investigation_time_s,0.0
61.000,hazard_avoidances,0
61.000,min_hazard_distance_m,9.142842391061784
61.000,collisions,0
61.000,time_below_clearance_s,0.0
61.000,safety_zone_violations,0
61.000,min_ttc_s,23.33256243608037
61.000,avoid_success,0
61.000,avoid_timeout,0
61.000,q_convergence,1.1390036741855651
61.000,update_residual,0.11390036741855651
61.000,investigation_deferred,0
61.000,nav_aborted,0
61.000,nav_canceled,0
61.000,nav_rejected,0
61.000,run_seed,2
62.000,anomalies_detected,0
62.000,anomalies_unique,0
62.000,investigation_timeouts,0
62.000,mission_duration_s,17.872
62.000,distance_traveled_m,4.474688743846256
62.000,route_deviations,0
62.000,investigation_time_s,0.0
62.000,hazard_avoidances,0
62.000,min_hazard_distance_m,8.928159328974948
62.000,collisions,0
62.000,time_below_clearance_s,0.0
62.000,safety_zone_violations,0
62.000,min_ttc_s,20.674439751647526
62.000,avoid_success,0
62.000,avoid_timeout,0
62.000,q_convergence,0.8293187227816107
62.000,update_residual,0.0829318722781611
62.000,investigation_deferred,0
62.000,nav_aborted,0
62.000,nav_canceled,0
62.000,nav_rejected,0
62.000,run_seed,2
63.000,anomalies_detected,0
63.000,anomalies_unique,0
63.000,investigation_timeouts,0
63.000,mission_duration_s,18.872
63.000,distance_traveled_m,4.7274087051588545
63.000,route_deviations,0
63.000,investigation_time_s,0.0
63.000,hazard_avoidances,0
63.000,min_hazard_distance_m,8.720934583307326
63.000,collisions,0
63.000,time_below_clearance_s,0.0
63.000,safety_zone_violations,0
63.000,min_ttc_s,20.64172233320355
63.000,avoid_success,0
63.000,avoid_timeout,0
63.000,q_convergence,0.7207219202951275
63.000,update_residual,0.07207219202951277
63.000,investigation_deferred,0
63.000,nav_aborted,0
63.000,nav_canceled,0
63.000,nav_rejected,0
63.000,run_seed,2
64.000,anomalies_detected,0
64.000,anomalies_unique,0
64.000,investigation_timeouts,0
64.000,mission_duration_s,19.872
64.000,distance_traveled_m,4.989488683124093
64.000,route_deviations,0
64.000,investigation_time_s,0.0
64.000,hazard_avoidances,0
64.000,min_hazard_distance_m,8.505031266119099
64.000,collisions,0
64.000,time_below_clearance_s,0.0
64.000,safety_zone_violations,0
64.000,min_ttc_s,19.983513312359953
64.000,avoid_success,0
64.000,avoid_timeout,0
64.000,q_convergence,0.6278811615701694
64.000,update_residual,0.06278811615701696
64.000,investigation_deferred,0
64.000,nav_aborted,0
64.000,nav_canceled,0
64.000,nav_rejected,0
64.000,run_seed,2
65.000,anomalies_detected,0
65.000,anomalies_unique,0
65.000,investigation_timeouts,0
65.000,mission_duration_s,20.872
65.000,distance_traveled_m,5.251568641938381
65.000,route_deviations,0
65.000,investigation_time_s,0.0
65.000,hazard_avoidances,0
65.000,min_hazard_distance_m,8.29675358268206
65.000,collisions,0
65.000,time_below_clearance_s,0.0
65.000,safety_zone_violations,0
65.000,min_ttc_s,19.983513312359953
65.000,avoid_success,0
65.000,avoid_timeout,0
65.000,q_convergence,1.1565666653586124
65.000,update_residual,0.11565666653586125
65.000,investigation_deferred,0
65.000,nav_aborted,0
65.000,nav_canceled,0
65.000,nav_rejected,0
65.000,run_seed,2
66.000,anomalies_detected,0
66.000,anomalies_unique,0
66.000,investigation_timeouts,0
66.000,mission_duration_s,21.872
66.000,distance_traveled_m,5.513648629601154
66.000,route_deviations,0
66.000,investigation_time_s,0.0
66.000,hazard_avoidances,0
66.000,min_hazard_distance_m,8.090412897025304
66.000,collisions,0
66.000,time_below_clearance_s,0.0
66.000,safety_zone_violations,0
66.000,min_ttc_s,19.91891559363394
66.000,avoid_success,0
66.000,avoid_timeout,0
66.000,q_convergence,0.8210462685218641
66.000,update_residual,0.08210462685218642
66.000,investigation_deferred,0
66.000,nav_aborted,0
66.000,nav_canceled,0
66.000,nav_rejected,0
66.000,run_seed,2
67.000,anomalies_detected,0
67.000,anomalies_unique,0
67.000,investigation_timeouts,0
67.000,mission_duration_s,22.872
67.000,distance_traveled_m,5.775728609307942
67.000,route_deviations,0
67.000,investigation_time_s,0.0
67.000,hazard_avoidances,0
67.000,min_hazard_distance_m,7.889520237933718
67.000,collisions,0
67.000,time_below_clearance_s,0.0
67.000,safety_zone_violations,0
67.000,min_ttc_s,19.91891559363394
67.000,avoid_success,0
67.000,avoid_timeout,0
67.000,q_convergence,0.7135327191401837
67.000,update_residual,0.07135327191401838
67.000,investigation_deferred,0
67.000,nav_aborted,0
67.000,nav_canceled,0
67.000,nav_rejected,0
67.000,run_seed,2
68.000,anomalies_detected,0
68.000,anomalies_unique,0
68.000,investigation_timeouts,0
68.000,mission_duration_s,23.872
68.000,distance_traveled_m,6.0284485910386065
68.000,route_deviations,0
68.000,investigation_time_s,0.0
68.000,hazard_avoidances,0
68.000,min_hazard_distance_m,7.696362509483053
68.000,collisions,0
68.000,time_below_clearance_s,0.0
68.000,safety_zone_violations,0
68.000,min_ttc_s,19.477389368826664
68.000,avoid_success,0
68.000,avoid_timeout,0
68.000,q_convergence,0.9518596064352174
68.000,update_residual,0.09518596064352174
68.000,investigation_deferred,0
68.000,nav_aborted,0
68.000,nav_canceled,0
68.000,nav_rejected,0
68.000,run_seed,2
69.000,anomalies_detected,0
69.000,anomalies_unique,0
69.000,investigation_timeouts,0
69.000,mission_duration_s,24.872
69.000,distance_traveled_m,6.2905285665544595
69.000,route_deviations,0
69.000,investigation_time_s,0.0
69.000,hazard_avoidances,0
69.000,min_hazard_distance_m,7.510244656018692
69.000,collisions,0
69.000,time_below_clearance_s,0.0
69.000,safety_zone_violations,0
69.000,min_ttc_s,19.477389368826664
69.000,avoid_success,0
69.000,avoid_timeout,0
69.000,q_convergence,0.9282760698701198
69.000,update_residual,0.09282760698701199
69.000,investigation_deferred,0
69.000,nav_aborted,0
69.000,nav_canceled,0
69.000,nav_rejected,0
69.000,run_seed,2
70.000,anomalies_detected,0
70.000,anomalies_unique,0
70.000,investigation_timeouts,0
70.000,mission_duration_s,25.872
70.000,distance_traveled_m,6.552608521445738
70.000,route_deviations,0
70.000,investigation_time_s,0.0
70.000,hazard_avoidances,0
70.000,min_hazard_distance_m,7.312197596755467
70.000,collisions,0
70.000,time_below_clearance_s,0.0
70.000,safety_zone_violations,0
70.000,min_ttc_s,19.433084212782653
70.000,avoid_success,0
70.000,avoid_timeout,0
70.000,q_convergence,0.8087920503333915
70.000,update_residual,0.08087920503333919
70.000,investigation_deferred,0
70.000,nav_aborted,0
70.000,nav_canceled,0
70.000,nav_rejected,0
70.000,run_seed,2
71.000,anomalies_detected,0
71.000,anomalies_unique,0
71.000,investigation_timeouts,0
71.000,mission_duration_s,26.872
71.000,distance_traveled_m,6.814688492274459
71.000,route_deviations,0
71.000,investigation_time_s,0.0
71.000,hazard_avoidances,0
71.000,min_hazard_distance_m,7.126814941088673
71.000,collisions,0
71.000,time_below_clearance_s,0.0
71.000,safety_zone_violations,0
71.000,min_ttc_s,19.371137334423196
71.000,avoid_success,0
71.000,avoid_timeout,0
71.000,q_convergence,0.7028831541154267
71.000,update_residual,0.07028831541154267
71.000,investigation_deferred,0
71.000,nav_aborted,0
71.000,nav_canceled,0
71.000,nav_rejected,0
71.000,run_seed,2
72.000,anomalies_detected,0
72.000,anomalies_unique,0
72.000,investigation_timeouts,0
72.000,mission_duration_s,27.872
72.000,distance_traveled_m,7.067408470598799
72.000,route_deviations,0
72.000,investigation_time_s,0.0
72.000,hazard_avoidances,0
72.000,min_hazard_distance_m,6.95343606502709
72.000,collisions,0
72.000,time_below_clearance_s,0.0
72.000,safety_zone_violations,0
72.000,min_ttc_s,19.371137334423196
72.000,avoid_success,0
72.000,avoid_timeout,0
72.000,q_convergence,0.9363958298710744
72.000,update_residual,0.09363958298710744
72.000,investigation_deferred,0
72.000,nav_aborted,0
72.000,nav_canceled,0
72.000,nav_rejected,0
72.000,run_seed,2
73.000,anomalies_detected,0
73.000,anomalies_unique,0
73.000,investigation_timeouts,0
73.000,mission_duration_s,28.872
73.000,distance_traveled_m,7.32948846318747
73.000,route_deviations,0
73.000,investigation_time_s,0.0
73.000,hazard_avoidances,0
73.000,min_hazard_distance_m,6.777934764121786
73.000,collisions,0
73.000,time_below_clearance_s,0.0
73.000,safety_zone_violations,0
73.000,min_ttc_s,19.371137334423196
73.000,avoid_success,0
73.000,avoid_timeout,0
73.000,q_convergence,0.9098493263253359
73.000,update_residual,0.09098493263253357
73.000,investigation_deferred,0
73.000,nav_aborted,0
73.000,nav_canceled,0
73.000,nav_rejected,0
73.000,run_seed,2
74.000,anomalies_detected,0
74.000,anomalies_unique,0
74.000,investigation_timeouts,0
74.000,mission_duration_s,29.872
74.000,distance_traveled_m,7.5915684389888805
74.000,route_deviations,0
74.000,investigation_time_s,0.0
74.000,hazard_avoidances,0
74.000,min_hazard_distance_m,6.607349959264595
74.000,collisions,0
74.000,time_below_clearance_s,0.0
74.000,safety_zone_violations,0
74.000,min_ttc_s,19.371137334423196
74.000,avoid_success,0
74.000,avoid_timeout,0
74.000,q_convergence,0.7927371242437437
74.000,update_residual,0.07927371242437434
74.000,investigation_deferred,0
74.000,nav_aborted,0
74.000,nav_canceled,0
74.000,nav_rejected,0
74.000,run_seed,2
75.000,anomalies_detected,0
75.000,anomalies_unique,0
75.000,investigation_timeouts,0
75.000,mission_duration_s,30.872
75.000,distance_traveled_m,7.853648412245347
75.000,route_deviations,0
75.000,investigation_time_s,0.0
75.000,hazard_avoidances,0
75.000,min_hazard_distance_m,6.4373809124692105
75.000,collisions,0
75.000,time_below_clearance_s,0.0
75.000,safety_zone_violations,0
75.000,min_ttc_s,19.189467336488725
75.000,avoid_success,0
75.000,avoid_timeout,0
75.000,q_convergence,0.6889305725039605
75.000,update_residual,0.06889305725039604
75.000,investigation_deferred,0
75.000,nav_aborted,0
75.000,nav_canceled,0
75.000,nav_rejected,0
75.000,run_seed,2
76.000,anomalies_detected,0
76.000,anomalies_unique,0
76.000,investigation_timeouts,0
76.000,mission_duration_s,31.872
76.000,distance_traveled_m,8.11572839781995
76.000,route_deviations,0
76.000,investigation_time_s,0.0
76.000,hazard_avoidances,0
76.000,min_hazard_distance_m,6.26849453426079
76.000,collisions,0
76.000,time_below_clearance_s,0.0
76.000,safety_zone_violations,0
76.000,min_ttc_s,18.729615611878625
76.000,avoid_success,0
76.000,avoid_timeout,0
76.000,q_convergence,0.9813854706100831
76.000,update_residual,0.09813854706100832
76.000,investigation_deferred,0
76.000,nav_aborted,0
76.000,nav_canceled,0
76.000,nav_rejected,0
76.000,run_seed,2
77.000,anomalies_detected,0
77.000,anomalies_unique,0
77.000,investigation_timeouts,0
77.000,mission_duration_s,32.872
77.000,distance_traveled_m,8.368448393585542
77.000,route_deviations,0
77.000,investigation_time_s,0.0
77.000,hazard_avoidances,0
77.000,min_hazard_distance_m,6.107570476798393
77.000,collisions,0
77.000,time_below_clearance_s,0.0
77.000,safety_zone_violations,0
77.000,min_ttc_s,18.605863253968785
77.000,avoid_success,0
77.000,avoid_timeout,0
77.000,q_convergence,0.8896073035074978
77.000,update_residual,0.08896073035074974
77.000,investigation_deferred,0
77.000,nav_aborted,0
77.000,nav_canceled,0
77.000,nav_rejected,0
77.000,run_seed,2
78.000,anomalies_detected,0
78.000,anomalies_unique,0
78.000,investigation_timeouts,0
78.000,mission_duration_s,33.872
78.000,distance_traveled_m,8.630528389716883
78.000,route_deviations,0
78.000,investigation_time_s,0.0
78.000,hazard_avoidances,0
78.000,min_hazard_distance_m,5.945292123979155
78.000,collisions,0
78.000,time_below_clearance_s,0.0
78.000,safety_zone_violations,0
78.000,min_ttc_s,18.605863253968785
78.000,avoid_success,0
78.000,avoid_timeout,0
78.000,q_convergence,0.7750113481200435
78.000,update_residual,0.07750113481200434
78.000,investigation_deferred,0
78.000,nav_aborted,0
78.000,nav_canceled,0
78.000,nav_rejected,0
78.000,run_seed,2
79.000,anomalies_detected,0
79.000,anomalies_unique,0
79.000,investigation_timeouts,0
79.000,mission_duration_s,34.872
79.000,distance_traveled_m,8.89260838796503
79.000,route_deviations,0
79.000,investigation_time_s,0.0
79.000,hazard_avoidances,0
79.000,min_hazard_distance_m,5.789562477134571
79.000,collisions,0
79.000,time_below_clearance_s,0.0
79.000,safety_zone_violations,0
79.000,min_ttc_s,18.605863253968785
79.000,avoid_success,0
79.000,avoid_timeout,0
79.000,q_convergence,0.6752549566050522
79.000,update_residual,0.06752549566050521
79.000,investigation_deferred,0
79.000,nav_aborted,0
79.000,nav_canceled,0
79.000,nav_rejected,0
79.000,run_seed,2
80.000,anomalies_detected,0
80.000,anomalies_unique,0
80.000,investigation_timeouts,0
80.000,mission_duration_s,35.872
80.000,distance_traveled_m,9.154688385744794
80.000,route_deviations,0
80.000,investigation_time_s,0.0
80.000,hazard_avoidances,0
80.000,min_hazard_distance_m,5.641923006547921
80.000,collisions,0
80.000,time_below_clearance_s,0.0
80.000,safety_zone_violations,0
80.000,min_ttc_s,18.605863253968785
80.000,avoid_success,0
80.000,avoid_timeout,0
80.000,q_convergence,1.0254820445137207
80.000,update_residual,0.1025482044513721
80.000,investigation_deferred,0
80.000,nav_aborted,0
80.000,nav_canceled,0
80.000,nav_rejected,0
80.000,run_seed,2
81.000,anomalies_detected,0
81.000,anomalies_unique,0
81.000,investigation_timeouts,0
81.000,mission_duration_s,36.872
81.000,distance_traveled_m,9.407408383215502
81.000,route_deviations,0
81.000,investigation_time_s,0.0
81.000,hazard_avoidances,0
81.000,min_hazard_distance_m,5.511979690171808
81.000,collisions,0
81.000,time_below_clearance_s,0.0
81.000,safety_zone_violations,0
81.000,min_ttc_s,18.605863253968785
81.000,avoid_success,0
81.000,avoid_timeout,0
81.000,q_convergence,0.8719481542852267
81.000,update_residual,0.08719481542852268
81.000,investigation_deferred,0
81.000,nav_aborted,0
81.000,nav_canceled,0
81.000,nav_rejected,0
81.000,run_seed,2
82.000,anomalies_detected,0
82.000,anomalies_unique,0
82.000,investigation_timeouts,0
82.000,mission_duration_s,37.872
82.000,distance_traveled_m,9.669488381630321
82.000,route_deviations,0
82.000,investigation_time_s,0.0
82.000,hazard_avoidances,0
82.000,min_hazard_distance_m,5.380400273043044
82.000,collisions,0
82.000,time_below_clearance_s,0.0
82.000,safety_zone_violations,0
82.000,min_ttc_s,18.605863253968785
82.000,avoid_success,0
82.000,avoid_timeout,0
82.000,q_convergence,0.7596269858385687
82.000,update_residual,0.07596269858385687
82.000,investigation_deferred,0
82.000,nav_aborted,0
82.000,nav_canceled,0
82.000,nav_rejected,0
82.000,run_seed,2
83.000,anomalies_detected,0
83.000,anomalies_unique,0
83.000,investigation_timeouts,0
83.000,mission_duration_s,38.872
83.000,distance_traveled_m,9.931568379083481
83.000,route_deviations,0
83.000,investigation_time_s,0.0
83.000,hazard_avoidances,0
83.000,min_hazard_distance_m,5.254517128380701
83.000,collisions,0
83.000,time_below_clearance_s,0.0
83.000,safety_zone_violations,0
83.000,min_ttc_s,18.605863253968785
83.000,avoid_success,0
83.000,avoid_timeout,0
83.000,q_convergence,0.661850808510998
83.000,update_residual,0.0661850808510998
83.000,investigation_deferred,0
83.000,nav_aborted,0
83.000,nav_canceled,0
83.000,nav_rejected,0
83.000,run_seed,2
84.000,anomalies_detected,0
84.000,anomalies_unique,0
84.000,investigation_timeouts,0
84.000,mission_duration_s,39.872
84.000,distance_traveled_m,10.193648377774545
84.000,route_deviations,0
84.000,investigation_time_s,0.0
84.000,hazard_avoidances,0
84.000,min_hazard_distance_m,5.14327198701256
84.000,collisions,0
84.000,time_below_clearance_s,0.0
84.000,safety_zone_violations,0
84.000,min_ttc_s,18.605863253968785
84.000,avoid_success,0
84.000,avoid_timeout,0
84.000,q_convergence,1.0687032794046447
84.000,update_residual,0.10687032794046446
84.000,investigation_deferred,0
84.000,nav_aborted,0
84.000,nav_canceled,0
84.000,nav_rejected,0
84.000,run_seed,2
85.000,anomalies_detected,0
85.000,anomalies_unique,0
85.000,investigation_timeouts,0
85.000,mission_duration_s,40.872
85.000,distance_traveled_m,10.455728375177054
85.000,route_deviations,0
85.000,investigation_time_s,0.0
85.000,hazard_avoidances,0
85.000,min_hazard_distance_m,5.044208278222423
85.000,collisions,0
85.000,time_below_clearance_s,0.0
85.000,safety_zone_violations,0
85.000,min_ttc_s,18.605863253968785
85.000,avoid_success,0
85.000,avoid_timeout,0
85.000,q_convergence,0.8546395479935552
85.000,update_residual,0.08546395479935552
85.000,investigation_deferred,0
85.000,nav_aborted,0
85.000,nav_canceled,0
85.000,nav_rejected,0
85.000,run_seed,2
86.000,anomalies_detected,0
86.000,anomalies_unique,0
86.000,investigation_timeouts,0
86.000,mission_duration_s,41.872
86.000,distance_traveled_m,10.708448372895013
86.000,route_deviations,0
86.000,investigation_time_s,0.0
86.000,hazard_avoidances,0
86.000,min_hazard_distance_m,4.959765042412666
86.000,collisions,0
86.000,time_below_clearance_s,0.0
86.000,safety_zone_violations,0
86.000,min_ttc_s,18.605863253968785
86.000,avoid_success,0
86.000,avoid_timeout,0
86.000,q_convergence,0.7427270592952459
86.000,update_residual,0.0742727059295246
86.000,investigation_deferred,0
86.000,nav_aborted,0
86.000,nav_canceled,0
86.000,nav_rejected,0
86.000,run_seed,2
87.000,anomalies_detected,0
87.000,anomalies_unique,0
87.000,investigation_timeouts,0
87.000,mission_duration_s,42.872
87.000,distance_traveled_m,10.970528370908285
87.000,route_deviations,0
87.000,investigation_time_s,0.0
87.000,hazard_avoidances,0
87.000,min_hazard_distance_m,4.884081275922002
87.000,collisions,0
87.000,time_below_clearance_s,0.0
87.000,safety_zone_violations,0
87.000,min_ttc_s,18.605863253968785
87.000,avoid_success,0
87.000,avoid_timeout,0
87.000,q_convergence,0.6470516791398992
87.000,update_residual,0.06470516791398993
87.000,investigation_deferred,0
87.000,nav_aborted,0
87.000,nav_canceled,0
87.000,nav_rejected,0
87.000,run_seed,2
88.000,anomalies_detected,0
88.000,anomalies_unique,0
88.000,investigation_timeouts,0
88.000,mission_duration_s,43.872
88.000,distance_traveled_m,11.154945978986474
88.000,route_deviations,1
88.000,investigation_time_s,0.0
88.000,hazard_avoidances,1
88.000,min_hazard_distance_m,4.842431882683603
88.000,collisions,0
88.000,time_below_clearance_s,0.0
88.000,safety_zone_violations,0
88.000,min_ttc_s,18.605863253968785
88.000,avoid_success,0
88.000,avoid_timeout,0
88.000,q_convergence,2.409940524413293
88.000,update_residual,0.15016589164081018
88.000,investigation_deferred,0
88.000,nav_aborted,0
88.000,nav_canceled,0
88.000,nav_rejected,0
88.000,run_seed,2
89.000,anomalies_detected,0
89.000,anomalies_unique,0
89.000,investigation_timeouts,0
89.000,mission_duration_s,44.872
89.000,distance_traveled_m,11.224530467840264
89.000,route_deviations,1
89.000,investigation_time_s,0.0
89.000,hazard_avoidances,1
89.000,min_hazard_distance_m,4.842431882683603
89.000,collisions,0
89.000,time_below_clearance_s,0.0
89.000,safety_zone_violations,0
89.000,min_ttc_s,18.605863253968785
89.000,avoid_success,0
89.000,avoid_timeout,0
89.000,q_convergence,3.367870324794335
89.000,update_residual,0.009652028777854137
89.000,investigation_deferred,0
89.000,nav_aborted,0
89.000,nav_canceled,0
89.000,nav_rejected,0
89.000,run_seed,2
90.000,anomalies_detected,0
90.000,anomalies_unique,0
90.000,investigation_timeouts,0
90.000,mission_duration_s,45.872
90.000,distance_traveled_m,11.440200735069673
90.000,route_deviations,1
90.000,investigation_time_s,0.0
90.000,hazard_avoidances,1
90.000,min_hazard_distance_m,4.842431882683603
90.000,collisions,0
90.000,time_below_clearance_s,0.0
90.000,safety_zone_violations,0
90.000,min_ttc_s,18.605863253968785
90.000,avoid_success,0
90.000,avoid_timeout,0
90.000,q_convergence,3.47197508674343
90.000,update_residual,0.0008017784669098411
90.000,investigation_deferred,0
90.000,nav_aborted,0
90.000,nav_canceled,0
90.000,nav_rejected,0
90.000,run_seed,2
91.000,anomalies_detected,0
91.000,anomalies_unique,0
91.000,investigation_timeouts,0
91.000,mission_duration_s,46.872
91.000,distance_traveled_m,11.702280323419219
91.000,route_deviations,1
91.000,investigation_time_s,0.0
91.000,hazard_avoidances,1
91.000,min_hazard_distance_m,4.842431882683603
91.000,collisions,0
91.000,time_below_clearance_s,0.0
91.000,safety_zone_violations,0
91.000,min_ttc_s,18.605863253968785
91.000,avoid_success,0
91.000,avoid_timeout,0
91.000,q_convergence,3.472388138457896
91.000,update_residual,0.00034942842931919065
91.000,investigation_deferred,0
91.000,nav_aborted,0
91.000,nav_canceled,0
91.000,nav_rejected,0
91.000,run_seed,2
92.000,anomalies_detected,0
92.000,anomalies_unique,0
92.000,investigation_timeouts,0
92.000,mission_duration_s,47.872
92.000,distance_traveled_m,11.964360292861702
92.000,route_deviations,1
92.000,investigation_time_s,0.0
92.000,hazard_avoidances,1
92.000,min_hazard_distance_m,4.842431882683603
92.000,collisions,0
92.000,time_below_clearance_s,0.0
92.000,safety_zone_violations,0
92.000,min_ttc_s,18.605863253968785
92.000,avoid_success,0
92.000,avoid_timeout,0
92.000,q_convergence,3.124864962501206
92.000,update_residual,0.017630518646120773
92.000,investigation_deferred,0
92.000,nav_aborted,0
92.000,nav_canceled,0
92.000,nav_rejected,0
92.000,run_seed,2
93.000,anomalies_detected,0
93.000,anomalies_unique,0
93.000,investigation_timeouts,0
93.000,mission_duration_s,48.872
93.000,distance_traveled_m,12.226440245413052
93.000,route_deviations,1
93.000,investigation_time_s,0.0
93.000,hazard_avoidances,1
93.000,min_hazard_distance_m,4.842431882683603
93.000,collisions,0
93.000,time_below_clearance_s,0.0
93.000,safety_zone_violations,0
93.000,min_ttc_s,18.605863253968785
93.000,avoid_success,0
93.000,avoid_timeout,0
93.000,q_convergence,2.9577866662424888
93.000,update_residual,0.0009226890202492034
93.000,investigation_deferred,0
93.000,nav_aborted,0
93.000,nav_canceled,0
93.000,nav_rejected,0
93.000,run_seed,2
94.000,anomalies_detected,0
94.000,anomalies_unique,0
94.000,investigation_timeouts,0
94.000,mission_duration_s,49.872
94.000,distance_traveled_m,12.488520198383048
94.000,route_deviations,1
94.000,investigation_time_s,0.0
94.000,hazard_avoidances,1
94.000,min_hazard_distance_m,4.842431882683603
94.000,collisions,0
94.000,time_below_clearance_s,0.0
94.000,safety_zone_violations,0
94.000,min_ttc_s,18.605863253968785
94.000,avoid_success,0
94.000,avoid_timeout,0
94.000,q_convergence,2.1239757982015175
94.000,update_residual,0.05628055855732306
94.000,investigation_deferred,0
94.000,nav_aborted,0
94.000,nav_canceled,0
94.000,nav_rejected,0
94.000,run_seed,2
95.000,anomalies_detected,0
95.000,anomalies_unique,0
95.000,investigation_timeouts,0
95.000,mission_duration_s,50.872
95.000,distance_traveled_m,12.674839811441036
95.000,route_deviations,1
95.000,investigation_time_s,0.0
95.000,hazard_avoidances,1
95.000,min_hazard_distance_m,4.842431882683603
95.000,collisions,0
95.000,time_below_clearance_s,0.0
95.000,safety_zone_violations,0
95.000,min_ttc_s,18.605863253968785
95.000,avoid_success,1
95.000,avoid_timeout,0
95.000,q_convergence,1.6858093811091062
95.000,update_residual,0.045829744262401335
95.000,investigation_deferred,0
95.000,nav_aborted,0
95.000,nav_canceled,0
95.000,nav_rejected,0
95.000,run_seed,2
96.000,anomalies_detected,0
96.000,anomalies_unique,0
96.000,investigation_timeouts,0
96.000,mission_duration_s,51.872
96.000,distance_traveled_m,12.811140635927822
96.000,route_deviations,1
96.000,investigation_time_s,0.0
96.000,hazard_avoidances,1
96.000,min_hazard_distance_m,4.842431882683603
96.000,collisions,0
96.000,time_below_clearance_s,0.0
96.000,safety_zone_violations,0
96.000,min_ttc_s,18.605863253968785
96.000,avoid_success,1
96.000,avoid_timeout,0
96.000,q_convergence,1.8109527018240783
96.000,update_residual,0.03193817363648204
96.000,investigation_deferred,0
96.000,nav_aborted,0
96.000,nav_canceled,0
96.000,nav_rejected,0
96.000,run_seed,2
97.000,anomalies_detected,0
97.000,anomalies_unique,0
97.000,investigation_timeouts,0
97.000,mission_duration_s,52.872
97.000,distance_traveled_m,12.864446079511174
97.000,route_deviations,1
97.000,investigation_time_s,0.0
97.000,hazard_avoidances,1
97.000,min_hazard_distance_m,4.842431882683603
97.000,collisions,0
97.000,time_below_clearance_s,0.0
97.000,safety_zone_violations,0
97.000,min_ttc_s,18.605863253968785
97.000,avoid_success,1
97.000,avoid_timeout,0
97.000,q_convergence,1.900917376143401
97.000,update_residual,0.009013310368283742
97.000,investigation_deferred,0
97.000,nav_aborted,0
97.000,nav_canceled,0
97.000,nav_rejected,0
97.000,run_seed,2
98.000,anomalies_detected,0
98.000,anomalies_unique,0
98.000,investigation_timeouts,0
98.000,mission_duration_s,53.872
98.000,distance_traveled_m,13.109890848998631
98.000,route_deviations,1
98.000,investigation_time_s,0.0
98.000,hazard_avoidances,1
98.000,min_hazard_distance_m,4.842431882683603
98.000,collisions,0
98.000,time_below_clearance_s,0.0
98.000,safety_zone_violations,0
98.000,min_ttc_s,18.605863253968785
98.000,avoid_success,1
98.000,avoid_timeout,0
98.000,q_convergence,1.8155013671075455
98.000,update_residual,0.000471709464698235
98.000,investigation_deferred,0
98.000,nav_aborted,0
98.000,nav_canceled,0
98.000,nav_rejected,0
98.000,run_seed,2
99.000,anomalies_detected,0
99.000,anomalies_unique,0
99.000,investigation_timeouts,0
99.000,mission_duration_s,54.872
99.000,distance_traveled_m,13.362610805127947
99.000,route_deviations,1
99.000,investigation_time_s,0.0
99.000,hazard_avoidances,1
99.000,min_hazard_distance_m,4.842431882683603
99.000,collisions,0
99.000,time_below_clearance_s,0.0
99.000,safety_zone_violations,0
99.000,min_ttc_s,18.605863253968785
99.000,avoid_success,1
99.000,avoid_timeout,0
99.000,q_convergence,1.74500494892477
99.000,update_residual,0.02058383173332912
99.000,investigation_deferred,0
99.000,nav_aborted,0
99.000,nav_canceled,0
99.000,nav_rejected,0
99.000,run_seed,2
100.000,anomalies_detected,0
100.000,anomalies_unique,0
100.000,investigation_timeouts,0
100.000,mission_duration_s,55.872
100.000,distance_traveled_m,13.624690801088759
100.000,route_deviations,1
100.000,investigation_time_s,0.0
100.000,hazard_avoidances,1
100.000,min_hazard_distance_m,4.842431882683603
100.000,collisions,0
100.000,time_below_clearance_s,0.0
100.000,safety_zone_violations,0
100.000,min_ttc_s,18.605863253968785
100.000,avoid_success,1
100.000,avoid_timeout,0
100.000,q_convergence,1.5549349053507073
100.000,update_residual,0.001576827375922877
100.000,investigation_deferred,0
100.000,nav_aborted,0
100.000,nav_canceled,0
100.000,nav_rejected,0
100.000,run_seed,2
101.000,anomalies_detected,0
101.000,anomalies_unique,0
101.000,investigation_timeouts,0
101.000,mission_duration_s,56.872
101.000,distance_traveled_m,13.886770799608692
101.000,route_deviations,1
101.000,investigation_time_s,0.0
101.000,hazard_avoidances,1
101.000,min_hazard_distance_m,4.842431882683603
101.000,collisions,0
101.000,time_below_clearance_s,0.0
101.000,safety_zone_violations,0
101.000,min_ttc_s,18.605863253968785
101.000,avoid_success,1
101.000,avoid_timeout,0
101.000,q_convergence,1.3873213432901126
101.000,update_residual,0.00790297064373555
101.000,investigation_deferred,0
101.000,nav_aborted,0
101.000,nav_canceled,0
101.000,nav_rejected,0
101.000,run_seed,2
102.000,anomalies_detected,0
102.000,anomalies_unique,0
102.000,investigation_timeouts,0
102.000,mission_duration_s,57.872
102.000,distance_traveled_m,14.148850799310393
102.000,route_deviations,1
102.000,investigation_time_s,0.0
102.000,hazard_avoidances,1
102.000,min_hazard_distance_m,4.842431882683603
102.000,collisions,0
102.000,time_below_clearance_s,0.0
102.000,safety_zone_violations,0
102.000,min_ttc_s,18.605863253968785
102.000,avoid_success,1
102.000,avoid_timeout,0
102.000,q_convergence,1.0818029176953825
102.000,update_residual,0.00451352663080809
102.000,investigation_deferred,0
102.000,nav_aborted,0
102.000,nav_canceled,0
102.000,nav_rejected,0
102.000,run_seed,2
103.000,anomalies_detected,0
103.000,anomalies_unique,0
103.000,investigation_timeouts,0
103.000,mission_duration_s,58.872
103.000,distance_traveled_m,14.410930799224191
103.000,route_deviations,1
103.000,investigation_time_s,0.0
103.000,hazard_avoidances,1
103.000,min_hazard_distance_m,4.842431882683603
103.000,collisions,0
103.000,time_below_clearance_s,0.0
103.000,safety_zone_violations,0
103.000,min_ttc_s,18.605863253968785
103.000,avoid_success,1
103.000,avoid_timeout,0
103.000,q_convergence,1.0741741981678692
103.000,update_residual,0.003787369315697421
103.000,investigation_deferred,0
103.000,nav_aborted,0
103.000,nav_canceled,0
103.000,nav_rejected,0
103.000,run_seed,2
104.000,anomalies_detected,0
104.000,anomalies_unique,0
104.000,investigation_timeouts,0
104.000,mission_duration_s,59.872
104.000,distance_traveled_m,14.663650799165989
104.000,route_deviations,1
104.000,investigation_time_s,0.0
104.000,hazard_avoidances,1
104.000,min_hazard_distance_m,4.842431882683603
104.000,collisions,0
104.000,time_below_clearance_s,0.0
104.000,safety_zone_violations,0
104.000,min_ttc_s,18.605863253968785
104.000,avoid_success,1
104.000,avoid_timeout,0
104.000,q_convergence,1.0161584178145942
104.000,update_residual,0.007091771018847738
104.000,investigation_deferred,0
104.000,nav_aborted,0
104.000,nav_canceled,0
104.000,nav_rejected,0
104.000,run_seed,2
105.000,anomalies_detected,0
105.000,anomalies_unique,0
105.000,investigation_timeouts,0
105.000,mission_duration_s,60.872
105.000,distance_traveled_m,14.925730799121682
105.000,route_deviations,1
105.000,investigation_time_s,0.0
105.000,hazard_avoidances,1
105.000,min_hazard_distance_m,4.842431882683603
105.000,collisions,0
105.000,time_below_clearance_s,0.0
105.000,safety_zone_violations,0
105.000,min_ttc_s,18.605863253968785
105.000,avoid_success,1
105.000,avoid_timeout,0
105.000,q_convergence,0.9921889429255181
105.000,update_residual,0.004694823529940125
105.000,investigation_deferred,0
105.000,nav_aborted,0
105.000,nav_canceled,0
105.000,nav_rejected,0
105.000,run_seed,2
106.000,anomalies_detected,0
106.000,anomalies_unique,0
106.000,investigation_timeouts,0
106.000,mission_duration_s,61.872
106.000,distance_traveled_m,15.187810799072654
106.000,route_deviations,1
106.000,investigation_time_s,0.0
106.000,hazard_avoidances,1
106.000,min_hazard_distance_m,4.842431882683603
106.000,collisions,0
106.000,time_below_clearance_s,0.0
106.000,safety_zone_violations,0
106.000,min_ttc_s,18.605863253968785
106.000,avoid_success,1
106.000,avoid_timeout,0
106.000,q_convergence,0.9570691675036933
106.000,update_residual,0.018654202775665322
106.000,investigation_deferred,0
106.000,nav_aborted,0
106.000,nav_canceled,0
106.000,nav_rejected,0
106.000,run_seed,2
107.000,anomalies_detected,0
107.000,anomalies_unique,0
107.000,investigation_timeouts,0
107.000,mission_duration_s,62.872
107.000,distance_traveled_m,15.449890799024425
107.000,route_deviations,1
107.000,investigation_time_s,0.0
107.000,hazard_avoidances,1
107.000,min_hazard_distance_m,4.842431882683603
107.000,collisions,0
107.000,time_below_clearance_s,0.0
107.000,safety_zone_violations,0
107.000,min_ttc_s,18.605863253968785
107.000,avoid_success,1
107.000,avoid_timeout,0
107.000,q_convergence,0.9776635561257007
107.000,update_residual,0.02947271448658314
107.000,investigation_deferred,0
107.000,nav_aborted,0
107.000,nav_canceled,0
107.000,nav_rejected,0
107.000,run_seed,2
108.000,anomalies_detected,0
108.000,anomalies_unique,0
108.000,investigation_timeouts,0
108.000,mission_duration_s,63.872
108.000,distance_traveled_m,15.702610798972206
108.000,route_deviations,1
108.000,investigation_time_s,0.0
108.000,hazard_avoidances,1
108.000,min_hazard_distance_m,4.842431882683603
108.000,collisions,0
108.000,time_below_clearance_s,0.0
108.000,safety_zone_violations,0
108.000,min_ttc_s,18.605863253968785
108.000,avoid_success,1
108.000,avoid_timeout,0
108.000,q_convergence,0.939069919374022
108.000,update_residual,0.025613350811415247
108.000,investigation_deferred,0
108.000,nav_aborted,0
108.000,nav_canceled,0
108.000,nav_rejected,0
108.000,run_seed,2
109.000,anomalies_detected,0
109.000,anomalies_unique,0
109.000,investigation_timeouts,0
109.000,mission_duration_s,64.872
109.000,distance_traveled_m,15.964690798925778
109.000,route_deviations,1
109.000,investigation_time_s,0.0
109.000,hazard_avoidances,1
109.000,min_hazard_distance_m,4.842431882683603
109.000,collisions,0
109.000,time_below_clearance_s,0.0
109.000,safety_zone_violations,0
109.000,min_ttc_s,18.605863253968785
109.000,avoid_success,1
109.000,avoid_timeout,0
109.000,q_convergence,0.8996864163334491
109.000,update_residual,0.031919046676256016
109.000,investigation_deferred,0
109.000,nav_aborted,0
109.000,nav_canceled,0
109.000,nav_rejected,0
109.000,run_seed,2
110.000,anomalies_detected,0
110.000,anomalies_unique,0
110.000,investigation_timeouts,0
110.000,mission_duration_s,65.872
110.000,distance_traveled_m,16.2267707988766
110.000,route_deviations,1
110.000,investigation_time_s,0.0
110.000,hazard_avoidances,1
110.000,min_hazard_distance_m,4.842431882683603
110.000,collisions,0
110.000,time_below_clearance_s,0.0
110.000,safety_zone_violations,0
110.000,min_ttc_s,18.605863253968785
110.000,avoid_success,1
110.000,avoid_timeout,0
110.000,q_convergence,0.9402199220140639
110.000,update_residual,0.04820427618170407
110.000,investigation_deferred,0
110.000,nav_aborted,0
110.000,nav_canceled,0
110.000,nav_rejected,0
110.000,run_seed,2
111.000,anomalies_detected,0
111.000,anomalies_unique,0
111.000,investigation_timeouts,0
111.000,mission_duration_s,66.872
111.000,distance_traveled_m,16.488850798830857
111.000,route_deviations,1
111.000,investigation_time_s,0.0
111.000,hazard_avoidances,1
111.000,min_hazard_distance_m,4.842431882683603
111.000,collisions,0
111.000,time_below_clearance_s,0.0
111.000,safety_zone_violations,0
111.000,min_ttc_s,18.605863253968785
111.000,avoid_success,1
111.000,avoid_timeout,0
111.000,q_convergence,0.9509054439026773
111.000,update_residual,0.045748388676742184
111.000,investigation_deferred,0
111.000,nav_aborted,0
111.000,nav_canceled,0
111.000,nav_rejected,0
111.000,run_seed,2
112.000,anomalies_detected,0
112.000,anomalies_unique,0
112.000,investigation_timeouts,0
112.000,mission_duration_s,67.872
112.000,distance_traveled_m,16.75093079877871
112.000,route_deviations,1
112.000,investigation_time_s,0.0
112.000,hazard_avoidances,1
112.000,min_hazard_distance_m,4.842431882683603
112.000,collisions,0
112.000,time_below_clearance_s,0.0
112.000,safety_zone_violations,0
112.000,min_ttc_s,18.605863253968785
112.000,avoid_success,1
112.000,avoid_timeout,0
112.000,q_convergence,0.8862132888170139
112.000,update_residual,0.046680496525204666
112.000,investigation_deferred,0
112.000,nav_aborted,0
112.000,nav_canceled,0
112.000,nav_rejected,0
112.000,run_seed,2
113.000,anomalies_detected,0
113.000,anomalies_unique,0
113.000,investigation_timeouts,0
113.000,mission_duration_s,68.872
113.000,distance_traveled_m,17.003650798731822
113.000,route_deviations,1
113.000,investigation_time_s,0.0
113.000,hazard_avoidances,1
113.000,min_hazard_distance_m,4.842431882683603
113.000,collisions,0
113.000,time_below_clearance_s,0.0
113.000,safety_zone_violations,0
113.000,min_ttc_s,18.605863253968785
113.000,avoid_success,1
113.000,avoid_timeout,0
113.000,q_convergence,0.8250865769526595
113.000,update_residual,0.04056782533876922
113.000,investigation_deferred,0
113.000,nav_aborted,0
113.000,nav_canceled,0
113.000,nav_rejected,0
113.000,run_seed,2
114.000,anomalies_detected,0
114.000,anomalies_unique,0
114.000,investigation_timeouts,0
114.000,mission_duration_s,69.872
114.000,distance_traveled_m,17.265730798685343
114.000,route_deviations,1
114.000,investigation_time_s,0.0
114.000,hazard_avoidances,1
114.000,min_hazard_distance_m,4.842431882683603
114.000,collisions,0
114.000,time_below_clearance_s,0.0
114.000,safety_zone_violations,0
114.000,min_ttc_s,18.605863253968785
114.000,avoid_success,1
114.000,avoid_timeout,0
114.000,q_convergence,0.9724129428348672
114.000,update_residual,0.06423230585476247
114.000,investigation_deferred,0
114.000,nav_aborted,0
114.000,nav_canceled,0
114.000,nav_rejected,0
114.000,run_seed,2
115.000,anomalies_detected,0
115.000,anomalies_unique,0
115.000,investigation_timeouts,0
115.000,mission_duration_s,70.872
115.000,distance_traveled_m,17.527810798634427
115.000,route_deviations,1
115.000,investigation_time_s,0.0
115.000,hazard_avoidances,1
115.000,min_hazard_distance_m,4.842431882683603
115.000,collisions,0
115.000,time_below_clearance_s,0.0
115.000,safety_zone_violations,0
115.000,min_ttc_s,18.605863253968785
115.000,avoid_success,1
115.000,avoid_timeout,0
115.000,q_convergence,0.9260996524023658
115.000,update_residual,0.05696025773721437
115.000,investigation_deferred,0
115.000,nav_aborted,0
115.000,nav_canceled,0
115.000,nav_rejected,0
115.000,run_seed,2
116.000,anomalies_detected,0
116.000,anomalies_unique,0
116.000,investigation_timeouts,0
116.000,mission_duration_s,71.872
116.000,distance_traveled_m,17.789890798576167
116.000,route_deviations,1
116.000,investigation_time_s,0.0
116.000,hazard_avoidances,1
116.000,min_hazard_distance_m,4.842431882683603
116.000,collisions,0
116.000,time_below_clearance_s,0.0
116.000,safety_zone_violations,0
116.000,min_ttc_s,18.605863253968785
116.000,avoid_success,1
116.000,avoid_timeout,0
116.000,q_convergence,0.8480540085599129
116.000,update_residual,0.05450314947842239
116.000,investigation_deferred,0
116.000,nav_aborted,0
116.000,nav_canceled,0
116.000,nav_rejected,0
116.000,run_seed,2
117.000,anomalies_detected,0
117.000,anomalies_unique,0
117.000,investigation_timeouts,0
117.000,mission_duration_s,72.872
117.000,distance_traveled_m,18.042610798517174
117.000,route_deviations,1
117.000,investigation_time_s,0.0
117.000,hazard_avoidances,1
117.000,min_hazard_distance_m,4.842431882683603
117.000,collisions,0
117.000,time_below_clearance_s,0.0
117.000,safety_zone_violations,0
117.000,min_ttc_s,18.605863253968785
117.000,avoid_success,1
117.000,avoid_timeout,0
117.000,q_convergence,0.7737445582694384
117.000,update_residual,0.05161754215601031
117.000,investigation_deferred,0
117.000,nav_aborted,0
117.000,nav_canceled,0
117.000,nav_rejected,0
117.000,run_seed,2
118.000,anomalies_detected,0
118.000,anomalies_unique,0
118.000,investigation_timeouts,0
118.000,mission_duration_s,73.872
118.000,distance_traveled_m,18.304690798461564
118.000,route_deviations,1
118.000,investigation_time_s,0.0
118.000,hazard_avoidances,1
118.000,min_hazard_distance_m,4.842431882683603
118.000,collisions,0
118.000,time_below_clearance_s,0.0
118.000,safety_zone_violations,0
118.000,min_ttc_s,18.605863253968785
118.000,avoid_success,1
118.000,avoid_timeout,0
118.000,q_convergence,1.013655010560251
118.000,update_residual,0.0775165069162718
118.000,investigation_deferred,0
118.000,nav_aborted,0
118.000,nav_canceled,0
118.000,nav_rejected,0
118.000,run_seed,2
119.000,anomalies_detected,0
119.000,anomalies_unique,0
119.000,investigation_timeouts,0
119.000,mission_duration_s,74.872
119.000,distance_traveled_m,18.56677079840472
119.000,route_deviations,1
119.000,investigation_time_s,0.0
119.000,hazard_avoidances,1
119.000,min_hazard_distance_m,4.842431882683603
119.000,collisions,0
119.000,time_below_clearance_s,0.0
119.000,safety_zone_violations,0
119.000,min_ttc_s,18.605863253968785
119.000,avoid_success,1
119.000,avoid_timeout,0
119.000,q_convergence,0.899195224127622
119.000,update_residual,0.06802614579246871
119.000,investigation_deferred,0
119.000,nav_aborted,0
119.000,nav_canceled,0
119.000,nav_rejected,0
119.000,run_seed,2
120.000,anomalies_detected,0
120.000,anomalies_unique,0
120.000,investigation_timeouts,0
120.000,mission_duration_s,75.872
120.000,distance_traveled_m,18.82885079835165
120.000,route_deviations,1
120.000,investigation_time_s,0.0
120.000,hazard_avoidances,1
120.000,min_hazard_distance_m,4.842431882683603
120.000,collisions,0
120.000,time_below_clearance_s,0.0
120.000,safety_zone_violations,0
120.000,min_ttc_s,18.605863253968785
120.000,avoid_success,1
120.000,avoid_timeout,0
120.000,q_convergence,0.7265575370697953
120.000,update_residual,0.05404638357973002
120.000,investigation_deferred,0
120.000,nav_aborted,0
120.000,nav_canceled,0
120.000,nav_rejected,0
120.000,run_seed,2
121.000,anomalies_detected,0
121.000,anomalies_unique,0
121.000,investigation_timeouts,0
121.000,mission_duration_s,76.872
121.000,distance_traveled_m,19.090930798270136
121.000,route_deviations,1
121.000,investigation_time_s,0.0
121.000,hazard_avoidances,1
121.000,min_hazard_distance_m,4.842431882683603
121.000,collisions,0
121.000,time_below_clearance_s,0.0
121.000,safety_zone_violations,0
121.000,min_ttc_s,18.605863253968785
121.000,avoid_success,1
121.000,avoid_timeout,0
121.000,q_convergence,0.7265575370697953
121.000,update_residual,0.05404638357973002
121.000,investigation_deferred,0
121.000,nav_aborted,0
121.000,nav_canceled,0
121.000,nav_rejected,0
121.000,run_seed,2
122.000,anomalies_detected,0
122.000,anomalies_unique,0
122.000,investigation_timeouts,0
122.000,mission_duration_s,77.872
122.000,distance_traveled_m,19.34365079819798
122.000,route_deviations,1
122.000,investigation_time_s,0.0
122.000,hazard_avoidances,1
122.000,min_hazard_distance_m,4.842431882683603
122.000,collisions,0
122.000,time_below_clearance_s,0.0
122.000,safety_zone_violations,0
122.000,min_ttc_s,18.605863253968785
122.000,avoid_success,1
122.000,avoid_timeout,0
122.000,q_convergence,1.0566697111048255
122.000,update_residual,0.09097886111718922
122.000,investigation_deferred,0
122.000,nav_aborted,0
122.000,nav_canceled,0
122.000,nav_rejected,0
122.000,run_seed,2
123.000,anomalies_detected,0
123.000,anomalies_unique,0
123.000,investigation_timeouts,0
123.000,mission_duration_s,78.872
123.000,distance_traveled_m,19.605730798066077
123.000,route_deviations,1
123.000,investigation_time_s,0.0
123.000,hazard_avoidances,1
123.000,min_hazard_distance_m,4.842431882683603
123.000,collisions,0
123.000,time_below_clearance_s,0.0
123.000,safety_zone_violations,0
123.000,min_ttc_s,18.605863253968785
123.000,avoid_success,1
123.000,avoid_timeout,0
123.000,q_convergence,0.8707224895590492
123.000,update_residual,0.07362697903896716
123.000,investigation_deferred,0
123.000,nav_aborted,0
123.000,nav_canceled,0
123.000,nav_rejected,0
123.000,run_seed,2
124.000,anomalies_detected,0
124.000,anomalies_unique,0
124.000,investigation_timeouts,0
124.000,mission_duration_s,79.872
124.000,distance_traveled_m,19.86781079791621
124.000,route_deviations,1
124.000,investigation_time_s,0.0
124.000,hazard_avoidances,1
124.000,min_hazard_distance_m,4.842431882683603
124.000,collisions,0
124.000,time_below_clearance_s,0.0
124.000,safety_zone_violations,0
124.000,min_ttc_s,18.605863253968785
124.000,avoid_success,1
124.000,avoid_timeout,0
124.000,q_convergence,0.7746486154086528
124.000,update_residual,0.06603638211146819
124.000,investigation_deferred,0
124.000,nav_aborted,0
124.000,nav_canceled,0
124.000,nav_rejected,0
124.000,run_seed,2
125.000,anomalies_detected,0
125.000,anomalies_unique,0
125.000,investigation_timeouts,0
125.000,mission_duration_s,80.872
125.000,distance_traveled_m,20.12989079769621
125.000,route_deviations,1
125.000,investigation_time_s,0.0
125.000,hazard_avoidances,1
125.000,min_hazard_distance_m,4.842431882683603
125.000,collisions,0
125.000,time_below_clearance_s,0.0
125.000,safety_zone_violations,0
125.000,min_ttc_s,18.605863253968785
125.000,avoid_success,1
125.000,avoid_timeout,0
125.000,q_convergence,0.6870674300402196
125.000,update_residual,0.05899253548903444
125.000,investigation_deferred,0
125.000,nav_aborted,0
125.000,nav_canceled,0
125.000,nav_rejected,0
125.000,run_seed,2
126.000,anomalies_detected,0
126.000,anomalies_unique,0
126.000,investigation_timeouts,0
126.000,mission_duration_s,81.872
126.000,distance_traveled_m,20.382610797001096
126.000,route_deviations,1
126.000,investigation_time_s,0.0
126.000,hazard_avoidances,1
126.000,min_hazard_distance_m,4.842431882683603
126.000,collisions,0
126.000,time_below_clearance_s,0.0
126.000,safety_zone_violations,0
126.000,min_ttc_s,18.605863253968785
126.000,avoid_success,1
126.000,avoid_timeout,0
126.000,q_convergence,1.1065897815165588
126.000,update_residual,0.10163864260202458
126.000,investigation_deferred,0
126.000,nav_aborted,0
126.000,nav_canceled,0
126.000,nav_rejected,0
126.000,run_seed,2
127.000,anomalies_detected,0
127.000,anomalies_unique,0
127.000,investigation_timeouts,0
127.000,mission_duration_s,82.872
127.000,distance_traveled_m,20.64469079619233
127.000,route_deviations,1
127.000,investigation_time_s,0.0
127.000,hazard_avoidances,1
127.000,min_hazard_distance_m,4.842431882683603
127.000,collisions,0
127.000,time_below_clearance_s,0.0
127.000,safety_zone_violations,0
127.000,min_ttc_s,18.605863253968785
127.000,avoid_success,1
127.000,avoid_timeout,0
127.000,q_convergence,0.8468259629511308
127.000,update_residual,0.07642551990737369
127.000,investigation_deferred,0
127.000,nav_aborted,0
127.000,nav_canceled,0
127.000,nav_rejected,0
127.000,run_seed,2
128.000,anomalies_detected,0
128.000,anomalies_unique,0
128.000,investigation_timeouts,0
128.000,mission_duration_s,83.872
128.000,distance_traveled_m,20.906770793871324
128.000,route_deviations,1
128.000,investigation_time_s,0.0
128.000,hazard_avoidances,1
128.000,min_hazard_distance_m,4.842431882683603
128.000,collisions,0
128.000,time_below_clearance_s,0.0
128.000,safety_zone_violations,0
128.000,min_ttc_s,18.605863253968785
128.000,avoid_success,1
128.000,avoid_timeout,0
128.000,q_convergence,0.7476531538187219
128.000,update_residual,0.06774680045229371
128.000,investigation_deferred,0
128.000,nav_aborted,0
128.000,nav_canceled,0
128.000,nav_rejected,0
128.000,run_seed,2
129.000,anomalies_detected,0
129.000,anomalies_unique,0
129.000,investigation_timeouts,0
129.000,mission_duration_s,84.872
129.000,distance_traveled_m,21.168850785347686
129.000,route_deviations,1
129.000,investigation_time_s,0.0
129.000,hazard_avoidances,1
129.000,min_hazard_distance_m,4.842431882683603
129.000,collisions,0
129.000,time_below_clearance_s,0.0
129.000,safety_zone_violations,0
129.000,min_ttc_s,18.605863253968785
129.000,avoid_success,1
129.000,avoid_timeout,0
129.000,q_convergence,0.8725366426941091
129.000,update_residual,0.0807364718348023
129.000,investigation_deferred,0
129.000,nav_aborted,0
129.000,nav_canceled,0
129.000,nav_rejected,0
129.000,run_seed,2
130.000,anomalies_detected,0
130.000,anomalies_unique,0
130.000,investigation_timeouts,0
130.000,mission_duration_s,85.872
130.000,distance_traveled_m,21.43093077625176
130.000,route_deviations,1
130.000,investigation_time_s,0.0
130.000,hazard_avoidances,1
130.000,min_hazard_distance_m,4.842431882683603
130.000,collisions,0
130.000,time_below_clearance_s,0.0
130.000,safety_zone_violations,0
130.000,min_ttc_s,18.605863253968785
130.000,avoid_success,1
130.000,avoid_timeout,0
130.000,q_convergence,0.9391934458719307
130.000,update_residual,0.08795360689705135
130.000,investigation_deferred,0
130.000,nav_aborted,0
130.000,nav_canceled,0
130.000,nav_rejected,0
130.000,run_seed,2
131.000,anomalies_detected,0
131.000,anomalies_unique,0
131.000,investigation_timeouts,0
131.000,mission_duration_s,86.872
131.000,distance_traveled_m,21.68365075619661
131.000,route_deviations,1
131.000,investigation_time_s,0.0
131.000,hazard_avoidances,1
131.000,min_hazard_distance_m,4.842431882683603
131.000,collisions,0
131.000,time_below_clearance_s,0.0
131.000,safety_zone_violations,0
131.000,min_ttc_s,18.605863253968785
131.000,avoid_success,1
131.000,avoid_timeout,0
131.000,q_convergence,0.8240208323303443
131.000,update_residual,0.07643634554289272
131.000,investigation_deferred,0
131.000,nav_aborted,0
131.000,nav_canceled,0
131.000,nav_rejected,0
131.000,run_seed,2
132.000,anomalies_detected,0
132.000,anomalies_unique,0
132.000,investigation_timeouts,0
132.000,mission_duration_s,87.872
132.000,distance_traveled_m,21.94573069656087
132.000,route_deviations,1
132.000,investigation_time_s,0.0
132.000,hazard_avoidances,1
132.000,min_hazard_distance_m,4.842431882683603
132.000,collisions,0
132.000,time_below_clearance_s,0.0
132.000,safety_zone_violations,0
132.000,min_ttc_s,18.605863253968785
132.000,avoid_success,1
132.000,avoid_timeout,0
132.000,q_convergence,0.7250001965814119
132.000,update_residual,0.06742914262152075
132.000,investigation_deferred,0
132.000,nav_aborted,0
132.000,nav_canceled,0
132.000,nav_rejected,0
132.000,run_seed,2
133.000,anomalies_detected,0
133.000,anomalies_unique,0
133.000,investigation_timeouts,0
133.000,mission_duration_s,88.872
133.000,distance_traveled_m,22.20781065466685
133.000,route_deviations,1
133.000,investigation_time_s,0.0
133.000,hazard_avoidances,1
133.000,min_hazard_distance_m,4.842431882683603
133.000,collisions,0
133.000,time_below_clearance_s,0.0
133.000,safety_zone_violations,0
133.000,min_ttc_s,18.605863253968785
133.000,avoid_success,1
133.000,avoid_timeout,0
133.000,q_convergence,0.9145919268473942
133.000,update_residual,0.08675052115073471
133.000,investigation_deferred,0
133.000,nav_aborted,0
133.000,nav_canceled,0
133.000,nav_rejected,0
133.000,run_seed,2
134.000,anomalies_detected,0
134.000,anomalies_unique,0
134.000,investigation_timeouts,0
134.000,mission_duration_s,89.872
134.000,distance_traveled_m,22.46989054492812
134.000,route_deviations,1
134.000,investigation_time_s,0.0
134.000,hazard_avoidances,1
134.000,min_hazard_distance_m,4.842431882683603
134.000,collisions,0
134.000,time_below_clearance_s,0.0
134.000,safety_zone_violations,0
134.000,min_ttc_s,18.605863253968785
134.000,avoid_success,1
134.000,avoid_timeout,0
134.000,q_convergence,0.9204975562808839
134.000,update_residual,0.08773951014696102
134.000,investigation_deferred,0
134.000,nav_aborted,0
134.000,nav_canceled,0
134.000,nav_rejected,0
134.000,run_seed,2
135.000,anomalies_detected,0
135.000,anomalies_unique,0
135.000,investigation_timeouts,0
135.000,mission_duration_s,90.872
135.000,distance_traveled_m,22.722610381839452
135.000,route_deviations,1
135.000,investigation_time_s,0.0
135.000,hazard_avoidances,1
135.000,min_hazard_distance_m,4.842431882683603
135.000,collisions,0
135.000,time_below_clearance_s,0.0
135.000,safety_zone_violations,0
135.000,min_ttc_s,18.605863253968785
135.000,avoid_success,1
135.000,avoid_timeout,0
135.000,q_convergence,0.8051872178079659
135.000,update_residual,0.07685501312183832
135.000,investigation_deferred,0
135.000,nav_aborted,0
135.000,nav_canceled,0
135.000,nav_rejected,0
135.000,run_seed,2
136.000,anomalies_detected,0
136.000,anomalies_unique,0
136.000,investigation_timeouts,0
136.000,mission_duration_s,91.872
136.000,distance_traveled_m,22.98469037437388
136.000,route_deviations,1
136.000,investigation_time_s,0.0
136.000,hazard_avoidances,1
136.000,min_hazard_distance_m,4.842431882683603
136.000,collisions,0
136.000,time_below_clearance_s,0.0
136.000,safety_zone_violations,0
136.000,min_ttc_s,18.605863253968785
136.000,avoid_success,1
136.000,avoid_timeout,0
136.000,q_convergence,0.7058426398751346
136.000,update_residual,0.06747011162739891
136.000,investigation_deferred,0
136.000,nav_aborted,0
136.000,nav_canceled,0
136.000,nav_rejected,0
136.000,run_seed,2
137.000,anomalies_detected,0
137.000,anomalies_unique,0
137.000,investigation_timeouts,0
137.000,mission_duration_s,92.872
137.000,distance_traveled_m,23.24677034839086
137.000,route_deviations,1
137.000,investigation_time_s,0.0
137.000,hazard_avoidances,1
137.000,min_hazard_distance_m,4.842431882683603
137.000,collisions,0
137.000,time_below_clearance_s,0.0
137.000,safety_zone_violations,0
137.000,min_ttc_s,18.605863253968785
137.000,avoid_success,1
137.000,avoid_timeout,0
137.000,q_convergence,0.9472406389880188
137.000,update_residual,0.09226610792885435
137.000,investigation_deferred,0
137.000,nav_aborted,0
137.000,nav_canceled,0
137.000,nav_rejected,0
137.000,run_seed,2
138.000,anomalies_detected,0
138.000,anomalies_unique,0
138.000,investigation_timeouts,0
138.000,mission_duration_s,93.872
138.000,distance_traveled_m,23.508850316826233
138.000,route_deviations,1
138.000,investigation_time_s,0.0
138.000,hazard_avoidances,1
138.000,min_hazard_distance_m,4.842431882683603
138.000,collisions,0
138.000,time_below_clearance_s,0.0
138.000,safety_zone_violations,0
138.000,min_ttc_s,18.605863253968785
138.000,avoid_success,1
138.000,avoid_timeout,0
138.000,q_convergence,0.9056513174124543
138.000,update_residual,0.08791810223514807
138.000,investigation_deferred,0
138.000,nav_aborted,0
138.000,nav_canceled,0
138.000,nav_rejected,0
138.000,run_seed,2
139.000,anomalies_detected,0
139.000,anomalies_unique,0
139.000,investigation_timeouts,0
139.000,mission_duration_s,94.872
139.000,distance_traveled_m,23.770930312899566
139.000,route_deviations,1
139.000,investigation_time_s,0.0
139.000,hazard_avoidances,1
139.000,min_hazard_distance_m,4.842431882683603
139.000,collisions,0
139.000,time_below_clearance_s,0.0
139.000,safety_zone_violations,0
139.000,min_ttc_s,18.605863253968785
139.000,avoid_success,1
139.000,avoid_timeout,0
139.000,q_convergence,0.7902684438799985
139.000,update_residual,0.07677686930781712
139.000,investigation_deferred,0
139.000,nav_aborted,0
139.000,nav_canceled,0
139.000,nav_rejected,0
139.000,run_seed,2
140.000,anomalies_detected,0
140.000,anomalies_unique,0
140.000,investigation_timeouts,0
140.000,mission_duration_s,95.872
140.000,distance_traveled_m,24.02365030817598
140.000,route_deviations,1
140.000,investigation_time_s,0.0
140.000,hazard_avoidances,1
140.000,min_hazard_distance_m,4.842431882683603
140.000,collisions,0
140.000,time_below_clearance_s,0.0
140.000,safety_zone_violations,0
140.000,min_ttc_s,18.605863253968785
140.000,avoid_success,1
140.000,avoid_timeout,0
140.000,q_convergence,0.6897314334072812
140.000,update_residual,0.06672316826054539
140.000,investigation_deferred,0
140.000,nav_aborted,0
140.000,nav_canceled,0
140.000,nav_rejected,0
140.000,run_seed,2
141.000,anomalies_detected,0
141.000,anomalies_unique,0
141.000,investigation_timeouts,0
141.000,mission_duration_s,96.872
141.000,distance_traveled_m,24.28573029377099
141.000,route_deviations,1
141.000,investigation_time_s,0.0
141.000,hazard_avoidances,1
141.000,min_hazard_distance_m,4.842431882683603
141.000,collisions,0
141.000,time_below_clearance_s,0.0
141.000,safety_zone_violations,0
141.000,min_ttc_s,18.605863253968785
141.000,avoid_success,1
141.000,avoid_timeout,0
141.000,q_convergence,0.9462319788980963
141.000,update_residual,0.09285238416929543
141.000,investigation_deferred,0
141.000,nav_aborted,0
141.000,nav_canceled,0
141.000,nav_rejected,0
141.000,run_seed,2
142.000,anomalies_detected,0
142.000,anomalies_unique,0
142.000,investigation_timeouts,0
142.000,mission_duration_s,97.872
142.000,distance_traveled_m,24.547810219626392
142.000,route_deviations,1
142.000,investigation_time_s,0.0
142.000,hazard_avoidances,1
142.000,min_hazard_distance_m,4.842431882683603
142.000,collisions,0
142.000,time_below_clearance_s,0.0
142.000,safety_zone_violations,0
142.000,min_ttc_s,18.605863253968785
142.000,avoid_success,1
142.000,avoid_timeout,0
142.000,q_convergence,0.9272353924505194
142.000,update_residual,0.0910979322496199
142.000,investigation_deferred,0
142.000,nav_aborted,0
142.000,nav_canceled,0
142.000,nav_rejected,0
142.000,run_seed,2
143.000,anomalies_detected,0
143.000,anomalies_unique,0
143.000,investigation_timeouts,0
143.000,mission_duration_s,98.872
143.000,distance_traveled_m,24.809890209886934
143.000,route_deviations,1
143.000,investigation_time_s,0.0
143.000,hazard_avoidances,1
143.000,min_hazard_distance_m,4.842431882683603
143.000,collisions,0
143.000,time_below_clearance_s,0.0
143.000,safety_zone_violations,0
143.000,min_ttc_s,18.605863253968785
143.000,avoid_success,1
143.000,avoid_timeout,0
143.000,q_convergence,0.8079453790494338
143.000,update_residual,0.07916893090951131
143.000,investigation_deferred,0
143.000,nav_aborted,0
143.000,nav_canceled,0
143.000,nav_rejected,0
143.000,run_seed,2
144.000,anomalies_detected,0
144.000,anomalies_unique,0
144.000,investigation_timeouts,0
144.000,mission_duration_s,99.872
144.000,distance_traveled_m,25.06226410284597
144.000,route_deviations,1
144.000,investigation_time_s,0.0
144.000,hazard_avoidances,1
144.000,min_hazard_distance_m,4.842431882683603
144.000,collisions,0
144.000,time_below_clearance_s,0.0
144.000,safety_zone_violations,0
144.000,min_ttc_s,18.605863253968785
144.000,avoid_success,1
144.000,avoid_timeout,0
144.000,q_convergence,0.7041183575693574
144.000,update_residual,0.0690300698108185
144.000,investigation_deferred,0
144.000,nav_aborted,0
144.000,nav_canceled,0
144.000,nav_rejected,0
144.000,run_seed,2
145.000,anomalies_detected,0
145.000,anomalies_unique,0
145.000,investigation_timeouts,0
145.000,mission_duration_s,100.872
145.000,distance_traveled_m,25.30495623677488
145.000,route_deviations,1
145.000,investigation_time_s,0.0
145.000,hazard_avoidances,1
145.000,min_hazard_distance_m,4.842431882683603
145.000,collisions,0
145.000,time_below_clearance_s,0.0
145.000,safety_zone_violations,0
145.000,min_ttc_s,18.605863253968785
145.000,avoid_success,1
145.000,avoid_timeout,0
145.000,q_convergence,0.9466897465774197
145.000,update_residual,0.09358147368163118
145.000,investigation_deferred,0
145.000,nav_aborted,0
145.000,nav_canceled,0
145.000,nav_rejected,0
145.000,run_seed,2
146.000,anomalies_detected,0
146.000,anomalies_unique,0
146.000,investigation_timeouts,0
146.000,mission_duration_s,101.872
146.000,distance_traveled_m,25.376357274415888
146.000,route_deviations,1
146.000,investigation_time_s,0.0
146.000,hazard_avoidances,1
146.000,min_hazard_distance_m,4.842431882683603
146.000,collisions,0
146.000,time_below_clearance_s,0.0
146.000,safety_zone_violations,0
146.000,min_ttc_s,18.605863253968785
146.000,avoid_success,1
146.000,avoid_timeout,0
146.000,q_convergence,0.9087090510163959
146.000,update_residual,0.08969640404743996
146.000,investigation_deferred,0
146.000,nav_aborted,0
146.000,nav_canceled,0
146.000,nav_rejected,0
146.000,run_seed,2
147.000,anomalies_detected,0
147.000,anomalies_unique,0
147.000,investigation_timeouts,0
147.000,mission_duration_s,102.872
147.000,distance_traveled_m,25.41681951625351
147.000,route_deviations,1
147.000,investigation_time_s,0.0
147.000,hazard_avoidances,1
147.000,min_hazard_distance_m,4.842431882683603
147.000,collisions,0
147.000,time_below_clearance_s,0.0
147.000,safety_zone_violations,0
147.000,min_ttc_s,18.605863253968785
147.000,avoid_success,1
147.000,avoid_timeout,0
147.000,q_convergence,0.7911403744611006
147.000,update_residual,0.07811571155004036
147.000,investigation_deferred,0
147.000,nav_aborted,0
147.000,nav_canceled,0
147.000,nav_rejected,0
147.000,run_seed,2
148.000,anomalies_detected,0
148.000,anomalies_unique,0
148.000,investigation_timeouts,0
148.000,mission_duration_s,103.872
148.000,distance_traveled_m,25.594333704653458
148.000,route_deviations,1
148.000,investigation_time_s,0.0
148.000,hazard_avoidances,1
148.000,min_hazard_distance_m,4.842431882683603
148.000,collisions,0
148.000,time_below_clearance_s,0.0
148.000,safety_zone_violations,0
148.000,min_ttc_s,18.605863253968785
148.000,avoid_success,1
148.000,avoid_timeout,0
148.000,q_convergence,0.6888501901778172
148.000,update_residual,0.06788669312171203
148.000,investigation_deferred,0
148.000,nav_aborted,0
148.000,nav_canceled,0
148.000,nav_rejected,0
148.000,run_seed,2
149.000,anomalies_detected,0
149.000,anomalies_unique,0
149.000,investigation_timeouts,0
149.000,mission_duration_s,104.872
149.000,distance_traveled_m,25.847053662296887
149.000,route_deviations,1
149.000,investigation_time_s,0.0
149.000,hazard_avoidances,1
149.000,min_hazard_distance_m,4.842431882683603
149.000,collisions,0
149.000,time_below_clearance_s,0.0
149.000,safety_zone_violations,0
149.000,min_ttc_s,18.605863253968785
149.000,avoid_success,1
149.000,avoid_timeout,0
149.000,q_convergence,0.5998577651127336
149.000,update_residual,0.05913719949961411
149.000,investigation_deferred,0
149.000,nav_aborted,0
149.000,nav_canceled,0
149.000,nav_rejected,0
149.000,run_seed,2
150.000,anomalies_detected,0
150.000,anomalies_unique,0
150.000,investigation_timeouts,0
150.000,mission_duration_s,105.872
150.000,distance_traveled_m,26.10913366151841
150.000,route_deviations,1
150.000,investigation_time_s,0.0
150.000,hazard_avoidances,1
150.000,min_hazard_distance_m,4.842431882683603
150.000,collisions,0
150.000,time_below_clearance_s,0.0
150.000,safety_zone_violations,0
150.000,min_ttc_s,18.605863253968785
150.000,avoid_success,1
150.000,avoid_timeout,0
150.000,q_convergence,0.9276858316650192
150.000,update_residual,0.09198286371126188
150.000,investigation_deferred,0
150.000,nav_aborted,0
150.000,nav_canceled,0
150.000,nav_rejected,0
150.000,run_seed,2
151.000,anomalies_detected,0
151.000,anomalies_unique,0
151.000,investigation_timeouts,0
151.000,mission_duration_s,106.872
151.000,distance_traveled_m,26.371213661303845
151.000,route_deviations,1
151.000,investigation_time_s,0.0
151.000,hazard_avoidances,1
151.000,min_hazard_distance_m,4.842431882683603
151.000,collisions,0
151.000,time_below_clearance_s,0.0
151.000,safety_zone_violations,0
151.000,min_ttc_s,18.605863253968785
151.000,avoid_success,1
151.000,avoid_timeout,0
151.000,q_convergence,0.9128478889723902
151.000,update_residual,0.09056349843732868
151.000,investigation_deferred,0
151.000,nav_aborted,0
151.000,nav_canceled,0
151.000,nav_rejected,0
151.000,run_seed,2
152.000,anomalies_detected,0
152.000,anomalies_unique,0
152.000,investigation_timeouts,0
152.000,mission_duration_s,107.872
152.000,distance_traveled_m,26.633293661195918
152.000,route_deviations,1
152.000,investigation_time_s,0.0
152.000,hazard_avoidances,1
152.000,min_hazard_distance_m,4.842431882683603
152.000,collisions,0
152.000,time_below_clearance_s,0.0
152.000,safety_zone_violations,0
152.000,min_ttc_s,18.605863253968785
152.000,avoid_success,1
152.000,avoid_timeout,0
152.000,q_convergence,0.7941877380751462
152.000,update_residual,0.0788056769165908
152.000,investigation_deferred,0
152.000,nav_aborted,0
152.000,nav_canceled,0
152.000,nav_rejected,0
152.000,run_seed,2
153.000,anomalies_detected,0
153.000,anomalies_unique,0
153.000,investigation_timeouts,0
153.000,mission_duration_s,108.872
153.000,distance_traveled_m,26.886013661127755
153.000,route_deviations,1
153.000,investigation_time_s,0.0
153.000,hazard_avoidances,1
153.000,min_hazard_distance_m,4.842431882683603
153.000,collisions,0
153.000,time_below_clearance_s,0.0
153.000,safety_zone_violations,0
153.000,min_ttc_s,18.605863253968785
153.000,avoid_success,1
153.000,avoid_timeout,0
153.000,q_convergence,0.6909940648125898
153.000,update_residual,0.0684863095903352
153.000,investigation_deferred,0
153.000,nav_aborted,0
153.000,nav_canceled,0
153.000,nav_rejected,0
153.000,run_seed,2
154.000,anomalies_detected,0
154.000,anomalies_unique,0
154.000,investigation_timeouts,0
154.000,mission_duration_s,109.872
154.000,distance_traveled_m,27.148093661069005
154.000,route_deviations,1
154.000,investigation_time_s,0.0
154.000,hazard_avoidances,1
154.000,min_hazard_distance_m,4.842431882683603
154.000,collisions,0
154.000,time_below_clearance_s,0.0
154.000,safety_zone_violations,0
154.000,min_ttc_s,18.605863253968785
154.000,avoid_success,1
154.000,avoid_timeout,0
154.000,q_convergence,0.9820000256045892
154.000,update_residual,0.09771747260000964
154.000,investigation_deferred,0
154.000,nav_aborted,0
154.000,nav_canceled,0
154.000,nav_rejected,0
154.000,run_seed,2
155.000,anomalies_detected,0
155.000,anomalies_unique,0
155.000,investigation_timeouts,0
155.000,mission_duration_s,110.872
155.000,distance_traveled_m,27.41017366102295
155.000,route_deviations,1
155.000,investigation_time_s,0.0
155.000,hazard_avoidances,1
155.000,min_hazard_distance_m,4.842431882683603
155.000,collisions,0
155.000,time_below_clearance_s,0.0
155.000,safety_zone_violations,0
155.000,min_ttc_s,18.605863253968785
155.000,avoid_success,1
155.000,avoid_timeout,0
155.000,q_convergence,0.8946296873880756
155.000,update_residual,0.08894183638152234
155.000,investigation_deferred,0
155.000,nav_aborted,0
155.000,nav_canceled,0
155.000,nav_rejected,0
155.000,run_seed,2
156.000,anomalies_detected,0
156.000,anomalies_unique,0
156.000,investigation_timeouts,0
156.000,mission_duration_s,111.872
156.000,distance_traveled_m,27.672253660946154
156.000,route_deviations,1
156.000,investigation_time_s,0.0
156.000,hazard_avoidances,1
156.000,min_hazard_distance_m,4.842431882683603
156.000,collisions,0
156.000,time_below_clearance_s,0.0
156.000,safety_zone_violations,0
156.000,min_ttc_s,18.605863253968785
156.000,avoid_success,1
156.000,avoid_timeout,0
156.000,q_convergence,0.7778260305887938
156.000,update_residual,0.07778260305887938
156.000,investigation_deferred,0
156.000,nav_aborted,0
156.000,nav_canceled,0
156.000,nav_rejected,0
156.000,run_seed,2
157.000,anomalies_detected,0
157.000,anomalies_unique,0
157.000,investigation_timeouts,0
157.000,mission_duration_s,112.872
157.000,distance_traveled_m,27.934333660857103
157.000,route_deviations,1
157.000,investigation_time_s,0.0
157.000,hazard_avoidances,1
157.000,min_hazard_distance_m,4.842431882683603
157.000,collisions,0
157.000,time_below_clearance_s,0.0
157.000,safety_zone_violations,0
157.000,min_ttc_s,18.605863253968785
157.000,avoid_success,1
157.000,avoid_timeout,0
157.000,q_convergence,0.6759720418962705
157.000,update_residual,0.06759720418962704
157.000,investigation_deferred,0
157.000,nav_aborted,0
157.000,nav_canceled,0
157.000,nav_rejected,0
157.000,run_seed,2
158.000,anomalies_detected,0
158.000,anomalies_unique,0
158.000,investigation_timeouts,0
158.000,mission_duration_s,113.872
158.000,distance_traveled_m,28.18705366079748
158.000,route_deviations,1
158.000,investigation_time_s,0.0
158.000,hazard_avoidances,1
158.000,min_hazard_distance_m,4.842431882683603
158.000,collisions,0
158.000,time_below_clearance_s,0.0
158.000,safety_zone_violations,0
158.000,min_ttc_s,18.605863253968785
158.000,avoid_success,1
158.000,avoid_timeout,0
158.000,q_convergence,1.025336387841888
158.000,update_residual,0.1025336387841888
158.000,investigation_deferred,0
158.000,nav_aborted,0
158.000,nav_canceled,0
158.000,nav_rejected,0
158.000,run_seed,2
159.000,anomalies_detected,0
159.000,anomalies_unique,0
159.000,investigation_timeouts,0
159.000,mission_duration_s,114.872
159.000,distance_traveled_m,28.449133660747265
159.000,route_deviations,1
159.000,investigation_time_s,0.0
159.000,hazard_avoidances,1
159.000,min_hazard_distance_m,4.842431882683603
159.000,collisions,0
159.000,time_below_clearance_s,0.0
159.000,safety_zone_violations,0
159.000,min_ttc_s,18.605863253968785
159.000,avoid_success,1
159.000,avoid_timeout,0
159.000,q_convergence,0.8740859185025476
159.000,update_residual,0.08740859185025478
159.000,investigation_deferred,0
159.000,nav_aborted,0
159.000,nav_canceled,0
159.000,nav_rejected,0
159.000,run_seed,2
160.000,anomalies_detected,0
160.000,anomalies_unique,0
160.000,investigation_timeouts,0
160.000,mission_duration_s,115.872
160.000,distance_traveled_m,28.711213660700842
160.000,route_deviations,1
160.000,investigation_time_s,0.0
160.000,hazard_avoidances,1
160.000,min_hazard_distance_m,4.842431882683603
160.000,collisions,0
160.000,time_below_clearance_s,0.0
160.000,safety_zone_violations,0
160.000,min_ttc_s,18.605863253968785
160.000,avoid_success,1
160.000,avoid_timeout,0
160.000,q_convergence,0.7615770406449613
160.000,update_residual,0.07615770406449614
160.000,investigation_deferred,0
160.000,nav_aborted,0
160.000,nav_canceled,0
160.000,nav_rejected,0
160.000,run_seed,2
161.000,anomalies_detected,0
161.000,anomalies_unique,0
161.000,investigation_timeouts,0
161.000,mission_duration_s,116.872
161.000,distance_traveled_m,28.973293660630006
161.000,route_deviations,1
161.000,investigation_time_s,0.0
161.000,hazard_avoidances,1
161.000,min_hazard_distance_m,4.842431882683603
161.000,collisions,0
161.000,time_below_clearance_s,0.0
161.000,safety_zone_violations,0
161.000,min_ttc_s,18.605863253968785
161.000,avoid_success,1
161.000,avoid_timeout,0
161.000,q_convergence,0.661850808510998
161.000,update_residual,0.0661850808510998
161.000,investigation_deferred,0
161.000,nav_aborted,0
161.000,nav_canceled,0
161.000,nav_rejected,0
161.000,run_seed,2
162.000,anomalies_detected,0
162.000,anomalies_unique,0
162.000,investigation_timeouts,0
162.000,mission_duration_s,117.872
162.000,distance_traveled_m,29.22601366049602
162.000,route_deviations,1
162.000,investigation_time_s,0.0
162.000,hazard_avoidances,1
162.000,min_hazard_distance_m,4.842431882683603
162.000,collisions,0
162.000,time_below_clearance_s,0.0
162.000,safety_zone_violations,0
162.000,min_ttc_s,18.605863253968785
162.000,avoid_success,1
162.000,avoid_timeout,0
162.000,q_convergence,1.0687032794046447
162.000,update_residual,0.10687032794046446
162.000,investigation_deferred,0
162.000,nav_aborted,0
162.000,nav_canceled,0
162.000,nav_rejected,0
162.000,run_seed,2
163.000,anomalies_detected,0
163.000,anomalies_unique,0
163.000,investigation_timeouts,0
163.000,mission_duration_s,118.872
163.000,distance_traveled_m,29.48809366042765
163.000,route_deviations,1
163.000,investigation_time_s,0.0
163.000,hazard_avoidances,1
163.000,min_hazard_distance_m,4.842431882683603
163.000,collisions,0
163.000,time_below_clearance_s,0.0
163.000,safety_zone_violations,0
163.000,min_ttc_s,18.605863253968785
163.000,avoid_success,1
163.000,avoid_timeout,0
163.000,q_convergence,0.8567348765236164
163.000,update_residual,0.08567348765236164
163.000,investigation_deferred,0
163.000,nav_aborted,0
163.000,nav_canceled,0
163.000,nav_rejected,0
163.000,run_seed,2
164.000,anomalies_detected,0
164.000,anomalies_unique,0
164.000,investigation_timeouts,0
164.000,mission_duration_s,119.872
164.000,distance_traveled_m,29.75017366037398
164.000,route_deviations,1
164.000,investigation_time_s,0.0
164.000,hazard_avoidances,1
164.000,min_hazard_distance_m,4.842431882683603
164.000,collisions,0
164.000,time_below_clearance_s,0.0
164.000,safety_zone_violations,0
164.000,min_ttc_s,18.605863253968785
164.000,avoid_success,1
164.000,avoid_timeout,0
164.000,q_convergence,0.7464593560756241
164.000,update_residual,0.0746459356075624
164.000,investigation_deferred,0
164.000,nav_aborted,0
164.000,nav_canceled,0
164.000,nav_rejected,0
164.000,run_seed,2
165.000,anomalies_detected,0
165.000,anomalies_unique,0
165.000,investigation_timeouts,0
165.000,mission_duration_s,120.872
165.000,distance_traveled_m,30.012253660326277
165.000,route_deviations,1
165.000,investigation_time_s,0.0
165.000,hazard_avoidances,1
165.000,min_hazard_distance_m,4.842431882683603
165.000,collisions,0
165.000,time_below_clearance_s,0.0
165.000,safety_zone_violations,0
165.000,min_ttc_s,18.605863253968785
165.000,avoid_success,1
165.000,avoid_timeout,0
165.000,q_convergence,0.6487127394503069
165.000,update_residual,0.06487127394503071
165.000,investigation_deferred,0
165.000,nav_aborted,0
165.000,nav_canceled,0
165.000,nav_rejected,0
165.000,run_seed,2
166.000,anomalies_detected,0
166.000,anomalies_unique,0
166.000,investigation_timeouts,0
166.000,mission_duration_s,121.872
166.000,distance_traveled_m,30.274333660243162
166.000,route_deviations,1
166.000,investigation_time_s,0.0
166.000,hazard_avoidances,1
166.000,min_hazard_distance_m,4.842431882683603
166.000,collisions,0
166.000,time_below_clearance_s,0.0
166.000,safety_zone_violations,0
166.000,min_ttc_s,18.605863253968785
166.000,avoid_success,1
166.000,avoid_timeout,0
166.000,q_convergence,1.119842709827295
166.000,update_residual,0.11198427098272953
166.000,investigation_deferred,0
166.000,nav_aborted,0
166.000,nav_canceled,0
166.000,nav_rejected,0
166.000,run_seed,2
167.000,anomalies_detected,0
167.000,anomalies_unique,0
167.000,investigation_timeouts,0
167.000,mission_duration_s,122.872
167.000,distance_traveled_m,30.527053660181508
167.000,route_deviations,1
167.000,investigation_time_s,0.0
167.000,hazard_avoidances,1
167.000,min_hazard_distance_m,4.842431882683603
167.000,collisions,0
167.000,time_below_clearance_s,0.0
167.000,safety_zone_violations,0
167.000,min_ttc_s,18.605863253968785
167.000,avoid_success,1
167.000,avoid_timeout,0
167.000,q_convergence,0.8334861535493575
167.000,update_residual,0.08334861535493576
167.000,investigation_deferred,0
167.000,nav_aborted,0
167.000,nav_canceled,0
167.000,nav_rejected,0
167.000,run_seed,2
168.000,anomalies_detected,0
168.000,anomalies_unique,0
168.000,investigation_timeouts,0
168.000,mission_duration_s,123.872
168.000,distance_traveled_m,30.78913366011887
168.000,route_deviations,1
168.000,investigation_time_s,0.0
168.000,hazard_avoidances,1
168.000,min_hazard_distance_m,4.842431882683603
168.000,collisions,0
168.000,time_below_clearance_s,0.0
168.000,safety_zone_violations,0
168.000,min_ttc_s,18.605863253968785
168.000,avoid_success,1
168.000,avoid_timeout,0
168.000,q_convergence,0.7261195192022535
168.000,update_residual,0.07261195192022535
168.000,investigation_deferred,0
168.000,nav_aborted,0
168.000,nav_canceled,0
168.000,nav_rejected,0
168.000,run_seed,2
169.000,anomalies_detected,0
169.000,anomalies_unique,0
169.000,investigation_timeouts,0
169.000,mission_duration_s,124.872
169.000,distance_traveled_m,31.051213660066367
169.000,route_deviations,1
169.000,investigation_time_s,0.0
169.000,hazard_avoidances,1
169.000,min_hazard_distance_m,4.842431882683603
169.000,collisions,0
169.000,time_below_clearance_s,0.0
169.000,safety_zone_violations,0
169.000,min_ttc_s,18.605863253968785
169.000,avoid_success,1
169.000,avoid_timeout,0
169.000,q_convergence,0.6326562902831879
169.000,update_residual,0.0632656290283188
169.000,investigation_deferred,0
169.000,nav_aborted,0
169.000,nav_canceled,0
169.000,nav_rejected,0
169.000,run_seed,2
170.000,anomalies_detected,0
170.000,anomalies_unique,0
170.000,investigation_timeouts,0
170.000,mission_duration_s,125.872
170.000,distance_traveled_m,31.31329366001987
170.000,route_deviations,1
170.000,investigation_time_s,0.0
170.000,hazard_avoidances,1
170.000,min_hazard_distance_m,4.842431882683603
170.000,collisions,0
170.000,time_below_clearance_s,0.0
170.000,safety_zone_violations,0
170.000,min_ttc_s,18.605863253968785
170.000,avoid_success,1
170.000,avoid_timeout,0
170.000,q_convergence,1.1628400437105577
170.000,update_residual,0.1162840043710558
170.000,investigation_deferred,0
170.000,nav_aborted,0
170.000,nav_canceled,0
170.000,nav_rejected,0
170.000,run_seed,2
171.000,anomalies_detected,0
171.000,anomalies_unique,0
171.000,investigation_timeouts,0
171.000,mission_duration_s,126.872
171.000,distance_traveled_m,31.56601365994272
171.000,route_deviations,1
171.000,investigation_time_s,0.0
171.000,hazard_avoidances,1
171.000,min_hazard_distance_m,4.842431882683603
171.000,collisions,0
171.000,time_below_clearance_s,0.0
171.000,safety_zone_violations,0
171.000,min_ttc_s,18.605863253968785
171.000,avoid_success,1
171.000,avoid_timeout,0
171.000,q_convergence,0.8169410371792546
171.000,update_residual,0.08169410371792549
171.000,investigation_deferred,0
171.000,nav_aborted,0
171.000,nav_canceled,0
171.000,nav_rejected,0
171.000,run_seed,2
172.000,anomalies_detected,0
172.000,anomalies_unique,0
172.000,investigation_timeouts,0
172.000,mission_duration_s,127.872
172.000,distance_traveled_m,31.828093659865033
172.000,route_deviations,1
172.000,investigation_time_s,0.0
172.000,hazard_avoidances,1
172.000,min_hazard_distance_m,4.842431882683603
172.000,collisions,0
172.000,time_below_clearance_s,0.0
172.000,safety_zone_violations,0
172.000,min_ttc_s,18.605863253968785
172.000,avoid_success,1
172.000,avoid_timeout,0
172.000,q_convergence,0.7117056841401536
172.000,update_residual,0.07117056841401538
172.000,investigation_deferred,0
172.000,nav_aborted,0
172.000,nav_canceled,0
172.000,nav_rejected,0
172.000,run_seed,2
173.000,anomalies_detected,0
173.000,anomalies_unique,0
173.000,investigation_timeouts,0
173.000,mission_duration_s,128.872
173.000,distance_traveled_m,32.090173659805096
173.000,route_deviations,1
173.000,investigation_time_s,0.0
173.000,hazard_avoidances,1
173.000,min_hazard_distance_m,4.842431882683603
173.000,collisions,0
173.000,time_below_clearance_s,0.0
173.000,safety_zone_violations,0
173.000,min_ttc_s,18.605863253968785
173.000,avoid_success,1
173.000,avoid_timeout,0
173.000,q_convergence,0.9020566575349103
173.000,update_residual,0.09020566575349102
173.000,investigation_deferred,0
173.000,nav_aborted,0
173.000,nav_canceled,0
173.000,nav_rejected,0
173.000,run_seed,2
174.000,anomalies_detected,0
174.000,anomalies_unique,0
174.000,investigation_timeouts,0
174.000,mission_duration_s,129.872
174.000,distance_traveled_m,32.35225365976011
174.000,route_deviations,1
174.000,investigation_time_s,0.0
174.000,hazard_avoidances,1
174.000,min_hazard_distance_m,4.842431882683603
174.000,collisions,0
174.000,time_below_clearance_s,0.0
174.000,safety_zone_violations,0
174.000,min_ttc_s,18.605863253968785
174.000,avoid_success,1
174.000,avoid_timeout,0
174.000,q_convergence,0.9213757431776953
174.000,update_residual,0.09213757431776955
174.000,investigation_deferred,0
174.000,nav_aborted,0
174.000,nav_canceled,0
174.000,nav_rejected,0
174.000,run_seed,2
175.000,anomalies_detected,0
175.000,anomalies_unique,0
175.000,investigation_timeouts,0
175.000,mission_duration_s,130.872
175.000,distance_traveled_m,32.61433365971136
175.000,route_deviations,1
175.000,investigation_time_s,0.0
175.000,hazard_avoidances,1
175.000,min_hazard_distance_m,4.842431882683603
175.000,collisions,0
175.000,time_below_clearance_s,0.0
175.000,safety_zone_violations,0
175.000,min_ttc_s,18.605863253968785
175.000,avoid_success,1
175.000,avoid_timeout,0
175.000,q_convergence,0.800724349631316
175.000,update_residual,0.08007243496313159
175.000,investigation_deferred,0
175.000,nav_aborted,0
175.000,nav_canceled,0
175.000,nav_rejected,0
175.000,run_seed,2
176.000,anomalies_detected,0
176.000,anomalies_unique,0
176.000,investigation_timeouts,0
176.000,mission_duration_s,131.872
176.000,distance_traveled_m,32.86705365963863
176.000,route_deviations,1
176.000,investigation_time_s,0.0
176.000,hazard_avoidances,1
176.000,min_hazard_distance_m,4.842431882683603
176.000,collisions,0
176.000,time_below_clearance_s,0.0
176.000,safety_zone_violations,0
176.000,min_ttc_s,18.605863253968785
176.000,avoid_success,1
176.000,avoid_timeout,0
176.000,q_convergence,0.6958718946531254
176.000,update_residual,0.06958718946531253
176.000,investigation_deferred,0
176.000,nav_aborted,0
176.000,nav_canceled,0
176.000,nav_rejected,0
176.000,run_seed,2
177.000,anomalies_detected,0
177.000,anomalies_unique,0
177.000,investigation_timeouts,0
177.000,mission_duration_s,132.872
177.000,distance_traveled_m,33.12913365953435
177.000,route_deviations,1
177.000,investigation_time_s,0.0
177.000,hazard_avoidances,1
177.000,min_hazard_distance_m,4.842431882683603
177.000,collisions,0
177.000,time_below_clearance_s,0.0
177.000,safety_zone_violations,0
177.000,min_ttc_s,18.605863253968785
177.000,avoid_success,1
177.000,avoid_timeout,0
177.000,q_convergence,0.9587620262172841
177.000,update_residual,0.09587620262172844
177.000,investigation_deferred,0
177.000,nav_aborted,0
177.000,nav_canceled,0
177.000,nav_rejected,0
177.000,run_seed,2
178.000,anomalies_detected,0
178.000,anomalies_unique,0
178.000,investigation_timeouts,0
178.000,mission_duration_s,133.872
178.000,distance_traveled_m,33.391213659454046
178.000,route_deviations,1
178.000,investigation_time_s,0.0
178.000,hazard_avoidances,1
178.000,min_hazard_distance_m,4.842431882683603
178.000,collisions,0
178.000,time_below_clearance_s,0.0
178.000,safety_zone_violations,0
178.000,min_ttc_s,18.605863253968785
178.000,avoid_success,1
178.000,avoid_timeout,0
178.000,q_convergence,0.9030859745636065
178.000,update_residual,0.09030859745636063
178.000,investigation_deferred,0
178.000,nav_aborted,0
178.000,nav_canceled,0
178.000,nav_rejected,0
178.000,run_seed,2
179.000,anomalies_detected,0
179.000,anomalies_unique,0
179.000,investigation_timeouts,0
179.000,mission_duration_s,134.872
179.000,distance_traveled_m,33.65329365940312
179.000,route_deviations,1
179.000,investigation_time_s,0.0
179.000,hazard_avoidances,1
179.000,min_hazard_distance_m,4.842431882683603
179.000,collisions,0
179.000,time_below_clearance_s,0.0
179.000,safety_zone_violations,0
179.000,min_ttc_s,18.605863253968785
179.000,avoid_success,1
179.000,avoid_timeout,0
179.000,q_convergence,0.7848295714294122
179.000,update_residual,0.07848295714294122
179.000,investigation_deferred,0
179.000,nav_aborted,0
179.000,nav_canceled,0
179.000,nav_rejected,0
179.000,run_seed,2
180.000,anomalies_detected,0
180.000,anomalies_unique,0
180.000,investigation_timeouts,0
180.000,mission_duration_s,135.872
180.000,distance_traveled_m,33.90601365935586
180.000,route_deviations,1
180.000,investigation_time_s,0.0
180.000,hazard_avoidances,1
180.000,min_hazard_distance_m,4.842431882683603
180.000,collisions,0
180.000,time_below_clearance_s,0.0
180.000,safety_zone_violations,0
180.000,min_ttc_s,18.605863253968785
180.000,avoid_success,1
180.000,avoid_timeout,0
180.000,q_convergence,0.6820584900432335
180.000,update_residual,0.06820584900432335
180.000,investigation_deferred,0
180.000,nav_aborted,0
180.000,nav_canceled,0
180.000,nav_rejected,0
180.000,run_seed,2
181.000,anomalies_detected,0
181.000,anomalies_unique,0
181.000,investigation_timeouts,0
181.000,mission_duration_s,136.872
181.000,distance_traveled_m,34.16809365927773
181.000,route_deviations,1
181.000,investigation_time_s,0.0
181.000,hazard_avoidances,1
181.000,min_hazard_distance_m,4.842431882683603
181.000,collisions,0
181.000,time_below_clearance_s,0.0
181.000,safety_zone_violations,0
181.000,min_ttc_s,18.605863253968785
181.000,avoid_success,1
181.000,avoid_timeout,0
181.000,q_convergence,1.0056624114406132
181.000,update_residual,0.10056624114406133
181.000,investigation_deferred,0
181.000,nav_aborted,0
181.000,nav_canceled,0
181.000,nav_rejected,0
181.000,run_seed,2
182.000,anomalies_detected,0
182.000,anomalies_unique,0
182.000,investigation_timeouts,0
182.000,mission_duration_s,137.872
182.000,distance_traveled_m,34.43017365913442
182.000,route_deviations,1
182.000,investigation_time_s,0.0
182.000,hazard_avoidances,1
182.000,min_hazard_distance_m,4.842431882683603
182.000,collisions,0
182.000,time_below_clearance_s,0.0
182.000,safety_zone_violations,0
182.000,min_ttc_s,18.605863253968785
182.000,avoid_success,1
182.000,avoid_timeout,0
182.000,q_convergence,0.8851592669899604
182.000,update_residual,0.08851592669899602
182.000,investigation_deferred,0
182.000,nav_aborted,0
182.000,nav_canceled,0
182.000,nav_rejected,0
182.000,run_seed,2
183.000,anomalies_detected,0
183.000,anomalies_unique,0
183.000,investigation_timeouts,0
183.000,mission_duration_s,138.872
183.000,distance_traveled_m,34.692253659066125
183.000,route_deviations,1
183.000,investigation_time_s,0.0
183.000,hazard_avoidances,1
183.000,min_hazard_distance_m,4.842431882683603
183.000,collisions,0
183.000,time_below_clearance_s,0.0
183.000,safety_zone_violations,0
183.000,min_ttc_s,18.605863253968785
183.000,avoid_success,1
183.000,avoid_timeout,0
183.000,q_convergence,0.769250312512271
183.000,update_residual,0.07692503125122711
183.000,investigation_deferred,0
183.000,nav_aborted,0
183.000,nav_canceled,0
183.000,nav_rejected,0
183.000,run_seed,2
184.000,anomalies_detected,0
184.000,anomalies_unique,0
184.000,investigation_timeouts,0
184.000,mission_duration_s,139.872
184.000,distance_traveled_m,34.954333659010814
184.000,route_deviations,1
184.000,investigation_time_s,0.0
184.000,hazard_avoidances,1
184.000,min_hazard_distance_m,4.842431882683603
184.000,collisions,0
184.000,time_below_clearance_s,0.0
184.000,safety_zone_violations,0
184.000,min_ttc_s,18.605863253968785
184.000,avoid_success,1
184.000,avoid_timeout,0
184.000,q_convergence,0.6685192884129167
184.000,update_residual,0.06685192884129167
184.000,investigation_deferred,0
184.000,nav_aborted,0
184.000,nav_canceled,0
184.000,nav_rejected,0
184.000,run_seed,2
185.000,anomalies_detected,0
185.000,anomalies_unique,0
185.000,investigation_timeouts,0
185.000,mission_duration_s,140.872
185.000,distance_traveled_m,35.207053658965435
185.000,route_deviations,1
185.000,investigation_time_s,0.0
185.000,hazard_avoidances,1
185.000,min_hazard_distance_m,4.842431882683603
185.000,collisions,0
185.000,time_below_clearance_s,0.0
185.000,safety_zone_violations,0
185.000,min_ttc_s,18.605863253968785
185.000,avoid_success,1
185.000,avoid_timeout,0
185.000,q_convergence,1.0472009851757345
185.000,update_residual,0.10472009851757347
185.000,investigation_deferred,0
185.000,nav_aborted,0
185.000,nav_canceled,0
185.000,nav_rejected,0
185.000,run_seed,2
186.000,anomalies_detected,0
186.000,anomalies_unique,0
186.000,investigation_timeouts,0
186.000,mission_duration_s,141.872
186.000,distance_traveled_m,35.46913365890207
186.000,route_deviations,1
186.000,investigation_time_s,0.0
186.000,hazard_avoidances,1
186.000,min_hazard_distance_m,4.842431882683603
186.000,collisions,0
186.000,time_below_clearance_s,0.0
186.000,safety_zone_violations,0
186.000,min_ttc_s,18.605863253968785
186.000,avoid_success,1
186.000,avoid_timeout,0
186.000,q_convergence,0.8653669114654845
186.000,update_residual,0.08653669114654848
186.000,investigation_deferred,0
186.000,nav_aborted,0
186.000,nav_canceled,0
186.000,nav_rejected,0
186.000,run_seed,2
187.000,anomalies_detected,0
187.000,anomalies_unique,0
187.000,investigation_timeouts,0
187.000,mission_duration_s,142.872
187.000,distance_traveled_m,35.73121365883715
187.000,route_deviations,1
187.000,investigation_time_s,0.0
187.000,hazard_avoidances,1
187.000,min_hazard_distance_m,4.842431882683603
187.000,collisions,0
187.000,time_below_clearance_s,0.0
187.000,safety_zone_violations,0
187.000,min_ttc_s,18.605863253968785
187.000,avoid_success,1
187.000,avoid_timeout,0
187.000,q_convergence,0.7539803096645278
187.000,update_residual,0.07539803096645277
187.000,investigation_deferred,0
187.000,nav_aborted,0
187.000,nav_canceled,0
187.000,nav_rejected,0
187.000,run_seed,2
188.000,anomalies_detected,0
188.000,anomalies_unique,0
188.000,investigation_timeouts,0
188.000,mission_duration_s,143.872
188.000,distance_traveled_m,35.99329365876806
188.000,route_deviations,1
188.000,investigation_time_s,0.0
188.000,hazard_avoidances,1
188.000,min_hazard_distance_m,4.842431882683603
188.000,collisions,0
188.000,time_below_clearance_s,0.0
188.000,safety_zone_violations,0
188.000,min_ttc_s,18.605863253968785
188.000,avoid_success,1
188.000,avoid_timeout,0
188.000,q_convergence,0.6552488466961007
188.000,update_residual,0.06552488466961007
188.000,investigation_deferred,0
188.000,nav_aborted,0
188.000,nav_canceled,0
188.000,nav_rejected,0
188.000,run_seed,2
189.000,anomalies_detected,0
189.000,anomalies_unique,0
189.000,investigation_timeouts,0
189.000,mission_duration_s,144.872
189.000,distance_traveled_m,36.24601365872097
189.000,route_deviations,1
189.000,investigation_time_s,0.0
189.000,hazard_avoidances,1
189.000,min_hazard_distance_m,4.842431882683603
189.000,collisions,0
189.000,time_below_clearance_s,0.0
189.000,safety_zone_violations,0
189.000,min_ttc_s,18.605863253968785
189.000,avoid_success,1
189.000,avoid_timeout,0
189.000,q_convergence,1.0990895143601347
189.000,update_residual,0.1099089514360135
189.000,investigation_deferred,0
189.000,nav_aborted,0
189.000,nav_canceled,0
189.000,nav_rejected,0
189.000,run_seed,2
190.000,anomalies_detected,0
190.000,anomalies_unique,0
190.000,investigation_timeouts,0
190.000,mission_duration_s,145.872
190.000,distance_traveled_m,36.50809365867302
190.000,route_deviations,1
190.000,investigation_time_s,0.0
190.000,hazard_avoidances,1
190.000,min_hazard_distance_m,4.842431882683603
190.000,collisions,0
190.000,time_below_clearance_s,0.0
190.000,safety_zone_violations,0
190.000,min_ttc_s,18.605863253968785
190.000,avoid_success,1
190.000,avoid_timeout,0
190.000,q_convergence,0.8439480013996417
190.000,update_residual,0.08439480013996417
190.000,investigation_deferred,0
190.000,nav_aborted,0
190.000,nav_canceled,0
190.000,nav_rejected,0
190.000,run_seed,2
191.000,anomalies_detected,0
191.000,anomalies_unique,0
191.000,investigation_timeouts,0
191.000,mission_duration_s,146.872
191.000,distance_traveled_m,36.77017365858833
191.000,route_deviations,1
191.000,investigation_time_s,0.0
191.000,hazard_avoidances,1
191.000,min_hazard_distance_m,4.842431882683603
191.000,collisions,0
191.000,time_below_clearance_s,0.0
191.000,safety_zone_violations,0
191.000,min_ttc_s,18.605863253968785
191.000,avoid_success,1
191.000,avoid_timeout,0
191.000,q_convergence,0.7353183568787758
191.000,update_residual,0.07353183568787759
191.000,investigation_deferred,0
191.000,nav_aborted,0
191.000,nav_canceled,0
191.000,nav_rejected,0
191.000,run_seed,2
192.000,anomalies_detected,0
192.000,anomalies_unique,0
192.000,investigation_timeouts,0
192.000,mission_duration_s,147.872
192.000,distance_traveled_m,37.032253658531616
192.000,route_deviations,1
192.000,investigation_time_s,0.0
192.000,hazard_avoidances,1
192.000,min_hazard_distance_m,4.842431882683603
192.000,collisions,0
192.000,time_below_clearance_s,0.0
192.000,safety_zone_violations,0
192.000,min_ttc_s,18.605863253968785
192.000,avoid_success,1
192.000,avoid_timeout,0
192.000,q_convergence,0.6390306207249188
192.000,update_residual,0.0639030620724919
192.000,investigation_deferred,0
192.000,nav_aborted,0
192.000,nav_canceled,0
192.000,nav_rejected,0
192.000,run_seed,2
193.000,anomalies_detected,0
193.000,anomalies_unique,0
193.000,investigation_timeouts,0
193.000,mission_duration_s,148.872
193.000,distance_traveled_m,37.2943336584639
193.000,route_deviations,1
193.000,investigation_time_s,0.0
193.000,hazard_avoidances,1
193.000,min_hazard_distance_m,4.842431882683603
193.000,collisions,0
193.000,time_below_clearance_s,0.0
193.000,safety_zone_violations,0
193.000,min_ttc_s,18.605863253968785
193.000,avoid_success,1
193.000,avoid_timeout,0
193.000,q_convergence,1.1422862247463648
193.000,update_residual,0.1142286224746365
193.000,investigation_deferred,0
193.000,nav_aborted,0
193.000,nav_canceled,0
193.000,nav_rejected,0
193.000,run_seed,2
194.000,anomalies_detected,0
194.000,anomalies_unique,0
194.000,investigation_timeouts,0
194.000,mission_duration_s,149.872
194.000,distance_traveled_m,37.547053658415166
194.000,route_deviations,1
194.000,investigation_time_s,0.0
194.000,hazard_avoidances,1
194.000,min_hazard_distance_m,4.842431882683603
194.000,collisions,0
194.000,time_below_clearance_s,0.0
194.000,safety_zone_violations,0
194.000,min_ttc_s,18.605863253968785
194.000,avoid_success,1
194.000,avoid_timeout,0
194.000,q_convergence,0.8251721291677026
194.000,update_residual,0.08251721291677028
194.000,investigation_deferred,0
194.000,nav_aborted,0
194.000,nav_canceled,0
194.000,nav_rejected,0
194.000,run_seed,2
195.000,anomalies_detected,0
195.000,anomalies_unique,0
195.000,investigation_timeouts,0
195.000,mission_duration_s,150.872
195.000,distance_traveled_m,37.80913365836829
195.000,route_deviations,1
195.000,investigation_time_s,0.0
195.000,hazard_avoidances,1
195.000,min_hazard_distance_m,4.842431882683603
195.000,collisions,0
195.000,time_below_clearance_s,0.0
195.000,safety_zone_violations,0
195.000,min_ttc_s,18.605863253968785
195.000,avoid_success,1
195.000,avoid_timeout,0
195.000,q_convergence,0.7188764769982107
195.000,update_residual,0.07188764769982109
195.000,investigation_deferred,0
195.000,nav_aborted,0
195.000,nav_canceled,0
195.000,nav_rejected,0
195.000,run_seed,2
196.000,anomalies_detected,0
196.000,anomalies_unique,0
196.000,investigation_timeouts,0
196.000,mission_duration_s,151.872
196.000,distance_traveled_m,38.071213658291924
196.000,route_deviations,1
196.000,investigation_time_s,0.0
196.000,hazard_avoidances,1
196.000,min_hazard_distance_m,4.842431882683603
196.000,collisions,0
196.000,time_below_clearance_s,0.0
196.000,safety_zone_violations,0
196.000,min_ttc_s,18.605863253968785
196.000,avoid_success,1
196.000,avoid_timeout,0
196.000,q_convergence,0.8788753147434379
196.000,update_residual,0.0878875314743438
196.000,investigation_deferred,0
196.000,nav_aborted,0
196.000,nav_canceled,0
196.000,nav_rejected,0
196.000,run_seed,2
197.000,anomalies_detected,0
197.000,anomalies_unique,0
197.000,investigation_timeouts,0
197.000,mission_duration_s,152.872
197.000,distance_traveled_m,38.33329365818601
197.000,route_deviations,1
197.000,investigation_time_s,0.0
197.000,hazard_avoidances,1
197.000,min_hazard_distance_m,4.842431882683603
197.000,collisions,0
197.000,time_below_clearance_s,0.0
197.000,safety_zone_violations,0
197.000,min_ttc_s,18.605863253968785
197.000,avoid_success,1
197.000,avoid_timeout,0
197.000,q_convergence,0.9306590673747583
197.000,update_residual,0.09306590673747582
197.000,investigation_deferred,0
197.000,nav_aborted,0
197.000,nav_canceled,0
197.000,nav_rejected,0
197.000,run_seed,2
198.000,anomalies_detected,0
198.000,anomalies_unique,0
198.000,investigation_timeouts,0
198.000,mission_duration_s,153.872
198.000,distance_traveled_m,38.5860136581268
198.000,route_deviations,1
198.000,investigation_time_s,0.0
198.000,hazard_avoidances,1
198.000,min_hazard_distance_m,4.842431882683603
198.000,collisions,0
198.000,time_below_clearance_s,0.0
198.000,safety_zone_violations,0
198.000,min_ttc_s,18.605863253968785
198.000,avoid_success,1
198.000,avoid_timeout,0
198.000,q_convergence,0.8087920503333915
198.000,update_residual,0.08087920503333919
198.000,investigation_deferred,0
198.000,nav_aborted,0
198.000,nav_canceled,0
198.000,nav_rejected,0
198.000,run_seed,2
199.000,anomalies_detected,0
199.000,anomalies_unique,0
199.000,investigation_timeouts,0
199.000,mission_duration_s,154.872
199.000,distance_traveled_m,38.84809365807269
199.000,route_deviations,1
199.000,investigation_time_s,0.0
199.000,hazard_avoidances,1
199.000,min_hazard_distance_m,4.842431882683603
199.000,collisions,0
199.000,time_below_clearance_s,0.0
199.000,safety_zone_violations,0
199.000,min_ttc_s,18.605863253968785
199.000,avoid_success,1
199.000,avoid_timeout,0
199.000,q_convergence,0.7046064199408556
199.000,update_residual,0.07046064199408557
199.000,investigation_deferred,0
199.000,nav_aborted,0
199.000,nav_canceled,0
199.000,nav_rejected,0
199.000,run_seed,2
200.000,anomalies_detected,0
200.000,anomalies_unique,0
200.000,investigation_timeouts,0
200.000,mission_duration_s,155.872
200.000,distance_traveled_m,39.11017365802278
200.000,route_deviations,1
200.000,investigation_time_s,0.0
200.000,hazard_avoidances,1
200.000,min_hazard_distance_m,4.842431882683603
200.000,collisions,0
200.000,time_below_clearance_s,0.0
200.000,safety_zone_violations,0
200.000,min_ttc_s,18.605863253968785
200.000,avoid_success,1
200.000,avoid_timeout,0
200.000,q_convergence,0.9250067664320376
200.000,update_residual,0.09250067664320374
200.000,investigation_deferred,0
200.000,nav_aborted,0
200.000,nav_canceled,0
200.000,nav_rejected,0
200.000,run_seed,2
201.000,anomalies_detected,0
201.000,anomalies_unique,0
201.000,investigation_timeouts,0
201.000,mission_duration_s,156.872
201.000,distance_traveled_m,39.37225365794494
201.000,route_deviations,1
201.000,investigation_time_s,0.0
201.000,hazard_avoidances,1
201.000,min_hazard_distance_m,4.842431882683603
201.000,collisions,0
201.000,time_below_clearance_s,0.0
201.000,safety_zone_violations,0
201.000,min_ttc_s,18.605863253968785
201.000,avoid_success,1
201.000,avoid_timeout,0
201.000,q_convergence,0.912185020139498
201.000,update_residual,0.09121850201394976
201.000,investigation_deferred,0
201.000,nav_aborted,0
201.000,nav_canceled,0
201.000,nav_rejected,0
201.000,run_seed,2
202.000,anomalies_detected,0
202.000,anomalies_unique,0
202.000,investigation_timeouts,0
202.000,mission_duration_s,157.872
202.000,distance_traveled_m,39.634333657799864
202.000,route_deviations,1
202.000,investigation_time_s,0.0
202.000,hazard_avoidances,1
202.000,min_hazard_distance_m,4.842431882683603
202.000,collisions,0
202.000,time_below_clearance_s,0.0
202.000,safety_zone_violations,0
202.000,min_ttc_s,18.605863253968785
202.000,avoid_success,1
202.000,avoid_timeout,0
202.000,q_convergence,0.9457788969778614
202.000,update_residual,0.18643093577399794
202.000,investigation_deferred,0
202.000,nav_aborted,0
202.000,nav_canceled,0
202.000,nav_rejected,0
202.000,run_seed,2
203.000,anomalies_detected,0
203.000,anomalies_unique,0
203.000,investigation_timeouts,0
203.000,mission_duration_s,158.872
203.000,distance_traveled_m,39.88705365773314
203.000,route_deviations,1
203.000,investigation_time_s,0.0
203.000,hazard_avoidances,1
203.000,min_hazard_distance_m,4.842431882683603
203.000,collisions,0
203.000,time_below_clearance_s,0.0
203.000,safety_zone_violations,0
203.000,min_ttc_s,18.605863253968785
203.000,avoid_success,1
203.000,avoid_timeout,0
203.000,q_convergence,0.6076329482990265
203.000,update_residual,0.2818553020387167
203.000,investigation_deferred,0
203.000,nav_aborted,0
203.000,nav_canceled,0
203.000,nav_rejected,0
203.000,run_seed,2
204.000,anomalies_detected,0
204.000,anomalies_unique,0
204.000,investigation_timeouts,0
204.000,mission_duration_s,159.872
204.000,distance_traveled_m,40.14913365767731
204.000,route_deviations,1
204.000,investigation_time_s,0.0
204.000,hazard_avoidances,1
204.000,min_hazard_distance_m,4.842431882683603
204.000,collisions,0
204.000,time_below_clearance_s,0.0
204.000,safety_zone_violations,0
204.000,min_ttc_s,18.605863253968785
204.000,avoid_success,1
204.000,avoid_timeout,0
204.000,q_convergence,1.066849657851566
204.000,update_residual,0.3192194790708957
204.000,investigation_deferred,0
204.000,nav_aborted,0
204.000,nav_canceled,0
204.000,nav_rejected,0
204.000,run_seed,2
205.000,anomalies_detected,1
205.000,anomalies_unique,0
205.000,investigation_timeouts,0
205.000,mission_duration_s,160.872
205.000,distance_traveled_m,40.39932193702279
205.000,route_deviations,2
205.000,investigation_time_s,0.8000000000000114
205.000,hazard_avoidances,1
205.000,min_hazard_distance_m,4.842431882683603
205.000,collisions,0
205.000,time_below_clearance_s,0.0
205.000,safety_zone_violations,0
205.000,min_ttc_s,18.605863253968785
205.000,avoid_success,1
205.000,avoid_timeout,0
205.000,q_convergence,0.6450805192371666
205.000,update_residual,0.30274305142813035
205.000,investigation_deferred,0
205.000,nav_aborted,0
205.000,nav_canceled,0
205.000,nav_rejected,0
205.000,run_seed,2
206.000,anomalies_detected,1
206.000,anomalies_unique,0
206.000,investigation_timeouts,0
206.000,mission_duration_s,161.872
206.000,distance_traveled_m,40.59583246654107
206.000,route_deviations,2
206.000,investigation_time_s,1.8000000000000114
206.000,hazard_avoidances,1
206.000,min_hazard_distance_m,4.842431882683603
206.000,collisions,0
206.000,time_below_clearance_s,0.0
206.000,safety_zone_violations,0
206.000,min_ttc_s,18.605863253968785
206.000,avoid_success,1
206.000,avoid_timeout,0
206.000,q_convergence,0.24388844478856736
206.000,update_residual,0.2689084208179366
206.000,investigation_deferred,0
206.000,nav_aborted,0
206.000,nav_canceled,0
206.000,nav_rejected,0
206.000,run_seed,2
207.000,anomalies_detected,1
207.000,anomalies_unique,0
207.000,investigation_timeouts,0
207.000,mission_duration_s,162.872
207.000,distance_traveled_m,40.84855215070883
207.000,route_deviations,2
207.000,investigation_time_s,2.8000000000000114
207.000,hazard_avoidances,1
207.000,min_hazard_distance_m,4.842431882683603
207.000,collisions,0
207.000,time_below_clearance_s,0.0
207.000,safety_zone_violations,0
207.000,min_ttc_s,18.605863253968785
207.000,avoid_success,1
207.000,avoid_timeout,0
207.000,q_convergence,0.09603134903307874
207.000,update_residual,0.19938948358330402
207.000,investigation_deferred,0
207.000,nav_aborted,0
207.000,nav_canceled,0
207.000,nav_rejected,0
207.000,run_seed,2
208.000,anomalies_detected,1
208.000,anomalies_unique,0
208.000,investigation_timeouts,0
208.000,mission_duration_s,163.872
208.000,distance_traveled_m,41.11063212857904
208.000,route_deviations,2
208.000,investigation_time_s,3.8000000000000114
208.000,hazard_avoidances,1
208.000,min_hazard_distance_m,4.842431882683603
208.000,collisions,0
208.000,time_below_clearance_s,0.0
208.000,safety_zone_violations,0
208.000,min_ttc_s,18.605863253968785
208.000,avoid_success,1
208.000,avoid_timeout,0
208.000,q_convergence,0.3413677948117487
208.000,update_residual,0.17370486040704305
208.000,investigation_deferred,0
208.000,nav_aborted,0
208.000,nav_canceled,0
208.000,nav_rejected,0
208.000,run_seed,2
209.000,anomalies_detected,1
209.000,anomalies_unique,0
209.000,investigation_timeouts,0
209.000,mission_duration_s,164.872
209.000,distance_traveled_m,41.37271212256582
209.000,route_deviations,2
209.000,investigation_time_s,4.800000000000011
209.000,hazard_avoidances,1
209.000,min_hazard_distance_m,4.842431882683603
209.000,collisions,0
209.000,time_below_clearance_s,0.0
209.000,safety_zone_violations,0
209.000,min_ttc_s,18.605863253968785
209.000,avoid_success,1
209.000,avoid_timeout,0
209.000,q_convergence,1.787846355908087
209.000,update_residual,0.31814062293913903
209.000,investigation_deferred,0
209.000,nav_aborted,0
209.000,nav_canceled,0
209.000,nav_rejected,0
209.000,run_seed,2
210.000,anomalies_detected,1
210.000,anomalies_unique,0
210.000,investigation_timeouts,0
210.000,mission_duration_s,165.872
210.000,distance_traveled_m,41.6347921115907
210.000,route_deviations,2
210.000,investigation_time_s,5.800000000000011
210.000,hazard_avoidances,1
210.000,min_hazard_distance_m,4.842431882683603
210.000,collisions,0
210.000,time_below_clearance_s,0.0
210.000,safety_zone_violations,0
210.000,min_ttc_s,18.605863253968785
210.000,avoid_success,1
210.000,avoid_timeout,0
210.000,q_convergence,0.6507988665009383
210.000,update_residual,0.21524547146933126
210.000,investigation_deferred,0
210.000,nav_aborted,0
210.000,nav_canceled,0
210.000,nav_rejected,0
210.000,run_seed,2
211.000,anomalies_detected,1
211.000,anomalies_unique,0
211.000,investigation_timeouts,0
211.000,mission_duration_s,166.872
211.000,distance_traveled_m,41.89687210844788
211.000,route_deviations,2
211.000,investigation_time_s,6.800000000000011
211.000,hazard_avoidances,1
211.000,min_hazard_distance_m,4.842431882683603
211.000,collisions,0
211.000,time_below_clearance_s,0.0
211.000,safety_zone_violations,0
211.000,min_ttc_s,18.605863253968785
211.000,avoid_success,1
211.000,avoid_timeout,0
211.000,q_convergence,0.3689413693873672
211.000,update_residual,0.1870597217579741
211.000,investigation_deferred,0
211.000,nav_aborted,0
211.000,nav_canceled,0
211.000,nav_rejected,0
211.000,run_seed,2
212.000,anomalies_detected,1
212.000,anomalies_unique,0
212.000,investigation_timeouts,0
212.000,mission_duration_s,167.872
212.000,distance_traveled_m,42.147243405090784
212.000,route_deviations,2
212.000,investigation_time_s,7.800000000000011
212.000,hazard_avoidances,1
212.000,min_hazard_distance_m,4.842431882683603
212.000,collisions,0
212.000,time_below_clearance_s,0.0
212.000,safety_zone_violations,0
212.000,min_ttc_s,18.605863253968785
212.000,avoid_success,1
212.000,avoid_timeout,0
212.000,q_convergence,0.13855778545842798
212.000,update_residual,0.14149652564219464
212.000,investigation_deferred,0
212.000,nav_aborted,0
212.000,nav_canceled,0
212.000,nav_rejected,0
212.000,run_seed,2
213.000,anomalies_detected,1
213.000,anomalies_unique,0
213.000,investigation_timeouts,0
213.000,mission_duration_s,168.872
213.000,distance_traveled_m,42.24523800102608
213.000,route_deviations,2
213.000,investigation_time_s,8.800000000000011
213.000,hazard_avoidances,1
213.000,min_hazard_distance_m,4.842431882683603
213.000,collisions,0
213.000,time_below_clearance_s,0.0
213.000,safety_zone_violations,0
213.000,min_ttc_s,18.605863253968785
213.000,avoid_success,1
213.000,avoid_timeout,0
213.000,q_convergence,1.5177019174592965
213.000,update_residual,0.25222818714583617
213.000,investigation_deferred,0
213.000,nav_aborted,0
213.000,nav_canceled,0
213.000,nav_rejected,0
213.000,run_seed,2
214.000,anomalies_detected,1
214.000,anomalies_unique,0
214.000,investigation_timeouts,0
214.000,mission_duration_s,169.872
214.000,distance_traveled_m,42.2452380010278
214.000,route_deviations,2
214.000,investigation_time_s,9.800000000000011
214.000,hazard_avoidances,1
214.000,min_hazard_distance_m,4.842431882683603
214.000,collisions,0
214.000,time_below_clearance_s,0.0
214.000,safety_zone_violations,0
214.000,min_ttc_s,18.605863253968785
214.000,avoid_success,1
214.000,avoid_timeout,0
214.000,q_convergence,1.0195672638675046
214.000,update_residual,0.20270174463065677
214.000,investigation_deferred,0
214.000,nav_aborted,0
214.000,nav_canceled,0
214.000,nav_rejected,0
214.000,run_seed,2
215.000,anomalies_detected,1
215.000,anomalies_unique,0
215.000,investigation_timeouts,0
215.000,mission_duration_s,170.872
215.000,distance_traveled_m,42.2452380010278
215.000,route_deviations,2
215.000,investigation_time_s,10.800000000000011
215.000,hazard_avoidances,1
215.000,min_hazard_distance_m,4.842431882683603
215.000,collisions,0
215.000,time_below_clearance_s,0.0
215.000,safety_zone_violations,0
215.000,min_ttc_s,18.605863253968785
215.000,avoid_success,1
215.000,avoid_timeout,0
215.000,q_convergence,0.7164090018735882
215.000,update_residual,0.163861339964473
215.000,investigation_deferred,0
215.000,nav_aborted,0
215.000,nav_canceled,0
215.000,nav_rejected,0
215.000,run_seed,2
216.000,anomalies_detected,1
216.000,anomalies_unique,1
216.000,investigation_timeouts,0
216.000,mission_duration_s,171.872
216.000,distance_traveled_m,42.2452380010278
216.000,route_deviations,2
216.000,investigation_time_s,11.200000000000017
216.000,hazard_avoidances,1
216.000,min_hazard_distance_m,4.842431882683603
216.000,collisions,0
216.000,time_below_clearance_s,0.0
216.000,safety_zone_violations,0
216.000,min_ttc_s,18.605863253968785
216.000,avoid_success,1
216.000,avoid_timeout,0
216.000,q_convergence,0.5107825346287577
216.000,update_residual,0.12946562727342284
216.000,investigation_deferred,0
216.000,nav_aborted,0
216.000,nav_canceled,0
216.000,nav_rejected,0
216.000,run_seed,2
217.000,anomalies_detected,1
217.000,anomalies_unique,1
217.000,investigation_timeouts,0
217.000,mission_duration_s,172.872
217.000,distance_traveled_m,42.375560845378374
217.000,route_deviations,2
217.000,investigation_time_s,11.200000000000017
217.000,hazard_avoidances,1
217.000,min_hazard_distance_m,4.842431882683603
217.000,collisions,0
217.000,time_below_clearance_s,0.0
217.000,safety_zone_violations,0
217.000,min_ttc_s,18.605863253968785
217.000,avoid_success,1
217.000,avoid_timeout,0
217.000,q_convergence,0.35134331212278624
217.000,update_residual,0.10176359895124364
217.000,investigation_deferred,0
217.000,nav_aborted,0
217.000,nav_canceled,0
217.000,nav_rejected,0
217.000,run_seed,2
218.000,anomalies_detected,1
218.000,anomalies_unique,1
218.000,investigation_timeouts,0
218.000,mission_duration_s,173.872
218.000,distance_traveled_m,42.48043917047203
218.000,route_deviations,2
218.000,investigation_time_s,11.200000000000017
218.000,hazard_avoidances,1
218.000,min_hazard_distance_m,4.842431882683603
218.000,collisions,0
218.000,time_below_clearance_s,0.0
218.000,safety_zone_violations,0
218.000,min_ttc_s,18.605863253968785
218.000,avoid_success,1
218.000,avoid_timeout,0
218.000,q_convergence,0.7915328970832398
218.000,update_residual,0.14102332403736298
218.000,investigation_deferred,0
218.000,nav_aborted,0
218.000,nav_canceled,0
218.000,nav_rejected,0
218.000,run_seed,2
219.000,anomalies_detected,1
219.000,anomalies_unique,1
219.000,investigation_timeouts,0
219.000,mission_duration_s,174.872
219.000,distance_traveled_m,42.73920000523783
219.000,route_deviations,2
219.000,investigation_time_s,11.200000000000017
219.000,hazard_avoidances,1
219.000,min_hazard_distance_m,4.842431882683603
219.000,collisions,0
219.000,time_below_clearance_s,0.0
219.000,safety_zone_violations,0
219.000,min_ttc_s,18.605863253968785
219.000,avoid_success,1
219.000,avoid_timeout,0
219.000,q_convergence,0.4790850609321547
219.000,update_residual,0.10454338367133573
219.000,investigation_deferred,0
219.000,nav_aborted,0
219.000,nav_canceled,0
219.000,nav_rejected,0
219.000,run_seed,2
220.000,anomalies_detected,1
220.000,anomalies_unique,1
220.000,investigation_timeouts,0
220.000,mission_duration_s,175.872
220.000,distance_traveled_m,43.00127992399064
220.000,route_deviations,2
220.000,investigation_time_s,11.200000000000017
220.000,hazard_avoidances,1
220.000,min_hazard_distance_m,4.842431882683603
220.000,collisions,0
220.000,time_below_clearance_s,0.0
220.000,safety_zone_violations,0
220.000,min_ttc_s,18.605863253968785
220.000,avoid_success,1
220.000,avoid_timeout,0
220.000,q_convergence,0.8289926091920462
220.000,update_residual,0.12760036072193523
220.000,investigation_deferred,0
220.000,nav_aborted,0
220.000,nav_canceled,0
220.000,nav_rejected,0
220.000,run_seed,2
221.000,anomalies_detected,1
221.000,anomalies_unique,1
221.000,investigation_timeouts,0
221.000,mission_duration_s,176.872
221.000,distance_traveled_m,43.25399967043294
221.000,route_deviations,2
221.000,investigation_time_s,11.200000000000017
221.000,hazard_avoidances,1
221.000,min_hazard_distance_m,4.842431882683603
221.000,collisions,0
221.000,time_below_clearance_s,0.0
221.000,safety_zone_violations,0
221.000,min_ttc_s,18.605863253968785
221.000,avoid_success,1
221.000,avoid_timeout,0
221.000,q_convergence,0.9019479593478356
221.000,update_residual,0.13111349498497546
221.000,investigation_deferred,0
221.000,nav_aborted,0
221.000,nav_canceled,0
221.000,nav_rejected,0
221.000,run_seed,2
222.000,anomalies_detected,1
222.000,anomalies_unique,1
222.000,investigation_timeouts,0
222.000,mission_duration_s,177.872
222.000,distance_traveled_m,43.516079500607795
222.000,route_deviations,2
222.000,investigation_time_s,11.200000000000017
222.000,hazard_avoidances,1
222.000,min_hazard_distance_m,4.842431882683603
222.000,collisions,0
222.000,time_below_clearance_s,0.0
222.000,safety_zone_violations,0
222.000,min_ttc_s,18.605863253968785
222.000,avoid_success,1
222.000,avoid_timeout,0
222.000,q_convergence,0.7330523560546601
222.000,update_residual,0.11422393465565789
222.000,investigation_deferred,0
222.000,nav_aborted,0
222.000,nav_canceled,0
222.000,nav_rejected,0
222.000,run_seed,2
223.000,anomalies_detected,1
223.000,anomalies_unique,1
223.000,investigation_timeouts,0
223.000,mission_duration_s,178.872
223.000,distance_traveled_m,43.77815948170939
223.000,route_deviations,2
223.000,investigation_time_s,11.200000000000017
223.000,hazard_avoidances,1
223.000,min_hazard_distance_m,4.842431882683603
223.000,collisions,0
223.000,time_below_clearance_s,0.0
223.000,safety_zone_violations,0
223.000,min_ttc_s,18.605863253968785
223.000,avoid_success,1
223.000,avoid_timeout,0
223.000,q_convergence,0.589996796601017
223.000,update_residual,0.09378057385276477
223.000,investigation_deferred,0
223.000,nav_aborted,0
223.000,nav_canceled,0
223.000,nav_rejected,0
223.000,run_seed,2
224.000,anomalies_detected,1
224.000,anomalies_unique,1
224.000,investigation_timeouts,0
224.000,mission_duration_s,179.872
224.000,distance_traveled_m,44.04023947702161
224.000,route_deviations,2
224.000,investigation_time_s,11.200000000000017
224.000,hazard_avoidances,1
224.000,min_hazard_distance_m,4.842431882683603
224.000,collisions,0
224.000,time_below_clearance_s,0.0
224.000,safety_zone_violations,0
224.000,min_ttc_s,18.605863253968785
224.000,avoid_success,1
224.000,avoid_timeout,0
224.000,q_convergence,0.46719394438035655
224.000,update_residual,0.08150028863069873
224.000,investigation_deferred,0
224.000,nav_aborted,0
224.000,nav_canceled,0
224.000,nav_rejected,0
224.000,run_seed,2
225.000,anomalies_detected,1
225.000,anomalies_unique,1
225.000,investigation_timeouts,0
225.000,mission_duration_s,180.872
225.000,distance_traveled_m,44.29295929350622
225.000,route_deviations,2
225.000,investigation_time_s,11.200000000000017
225.000,hazard_avoidances,1
225.000,min_hazard_distance_m,4.842431882683603
225.000,collisions,0
225.000,time_below_clearance_s,0.0
225.000,safety_zone_violations,0
225.000,min_ttc_s,18.605863253968785
225.000,avoid_success,1
225.000,avoid_timeout,0
225.000,q_convergence,1.1438405333165735
225.000,update_residual,0.1418361162480093
225.000,investigation_deferred,0
225.000,nav_aborted,0
225.000,nav_canceled,0
225.000,nav_rejected,0
225.000,run_seed,2
226.000,anomalies_detected,1
226.000,anomalies_unique,1
226.000,investigation_timeouts,0
226.000,mission_duration_s,181.872
226.000,distance_traveled_m,44.50565218801465
226.000,route_deviations,2
226.000,investigation_time_s,11.200000000000017
226.000,hazard_avoidances,1
226.000,min_hazard_distance_m,4.842431882683603
226.000,collisions,0
226.000,time_below_clearance_s,0.0
226.000,safety_zone_violations,0
226.000,min_ttc_s,18.605863253968785
226.000,avoid_success,1
226.000,avoid_timeout,0
226.000,q_convergence,0.9337800778428514
226.000,update_residual,0.12075185969517739
226.000,investigation_deferred,0
226.000,nav_aborted,0
226.000,nav_canceled,0
226.000,nav_rejected,0
226.000,run_seed,2
227.000,anomalies_detected,1
227.000,anomalies_unique,1
227.000,investigation_timeouts,0
227.000,mission_duration_s,182.872
227.000,distance_traveled_m,44.55529028818526
227.000,route_deviations,2
227.000,investigation_time_s,11.200000000000017
227.000,hazard_avoidances,1
227.000,min_hazard_distance_m,4.842431882683603
227.000,collisions,0
227.000,time_below_clearance_s,0.0
227.000,safety_zone_violations,0
227.000,min_ttc_s,18.605863253968785
227.000,avoid_success,1
227.000,avoid_timeout,0
227.000,q_convergence,0.7710083944527847
227.000,update_residual,0.10223003549947754
227.000,investigation_deferred,0
227.000,nav_aborted,0
227.000,nav_canceled,0
227.000,nav_rejected,0
227.000,run_seed,2
228.000,anomalies_detected,1
228.000,anomalies_unique,1
228.000,investigation_timeouts,0
228.000,mission_duration_s,183.872
228.000,distance_traveled_m,44.62455452546869
228.000,route_deviations,2
228.000,investigation_time_s,11.200000000000017
228.000,hazard_avoidances,1
228.000,min_hazard_distance_m,4.842431882683603
228.000,collisions,0
228.000,time_below_clearance_s,0.0
228.000,safety_zone_violations,0
228.000,min_ttc_s,18.605863253968785
228.000,avoid_success,1
228.000,avoid_timeout,0
228.000,q_convergence,0.6395786663839296
228.000,update_residual,0.08531768328446218
228.000,investigation_deferred,0
228.000,nav_aborted,0
228.000,nav_canceled,0
228.000,nav_rejected,0
228.000,run_seed,2
229.000,anomalies_detected,1
229.000,anomalies_unique,1
229.000,investigation_timeouts,0
229.000,mission_duration_s,184.872
229.000,distance_traveled_m,44.659999161024096
229.000,route_deviations,2
229.000,investigation_time_s,11.200000000000017
229.000,hazard_avoidances,1
229.000,min_hazard_distance_m,4.842431882683603
229.000,collisions,0
229.000,time_below_clearance_s,0.0
229.000,safety_zone_violations,0
229.000,min_ttc_s,18.605863253968785
229.000,avoid_success,1
229.000,avoid_timeout,0
229.000,q_convergence,0.5278577158527441
229.000,update_residual,0.07414558823134362
229.000,investigation_deferred,0
229.000,nav_aborted,0
229.000,nav_canceled,0
229.000,nav_rejected,0
229.000,run_seed,2
230.000,anomalies_detected,1
230.000,anomalies_unique,1
230.000,investigation_timeouts,0
230.000,mission_duration_s,185.872
230.000,distance_traveled_m,44.84826503865061
230.000,route_deviations,2
230.000,investigation_time_s,11.200000000000017
230.000,hazard_avoidances,1
230.000,min_hazard_distance_m,4.842431882683603
230.000,collisions,0
230.000,time_below_clearance_s,0.0
230.000,safety_zone_violations,0
230.000,min_ttc_s,18.605863253968785
230.000,avoid_success,1
230.000,avoid_timeout,0
230.000,q_convergence,0.43283811403857275
230.000,update_residual,0.0614396555530161
230.000,investigation_deferred,0
230.000,nav_aborted,0
230.000,nav_canceled,0
230.000,nav_rejected,0
230.000,run_seed,2
231.000,anomalies_detected,1
231.000,anomalies_unique,1
231.000,investigation_timeouts,0
231.000,mission_duration_s,186.872
231.000,distance_traveled_m,45.11034460870509
231.000,route_deviations,2
231.000,investigation_time_s,11.200000000000017
231.000,hazard_avoidances,1
231.000,min_hazard_distance_m,4.842431882683603
231.000,collisions,0
231.000,time_below_clearance_s,0.0
231.000,safety_zone_violations,0
231.000,min_ttc_s,18.605863253968785
231.000,avoid_success,1
231.000,avoid_timeout,0
231.000,q_convergence,0.35539239893130864
231.000,update_residual,0.05097170741991586
231.000,investigation_deferred,0
231.000,nav_aborted,0
231.000,nav_canceled,0
231.000,nav_rejected,0
231.000,run_seed,2
232.000,anomalies_detected,1
232.000,anomalies_unique,1
232.000,investigation_timeouts,0
232.000,mission_duration_s,187.872
232.000,distance_traveled_m,45.37242458836112
232.000,route_deviations,2
232.000,investigation_time_s,11.200000000000017
232.000,hazard_avoidances,1
232.000,min_hazard_distance_m,4.842431882683603
232.000,collisions,0
232.000,time_below_clearance_s,0.0
232.000,safety_zone_violations,0
232.000,min_ttc_s,18.605863253968785
232.000,avoid_success,1
232.000,avoid_timeout,0
232.000,q_convergence,0.29128052922942904
232.000,update_residual,0.042245650320710156
232.000,investigation_deferred,0
232.000,nav_aborted,0
232.000,nav_canceled,0
232.000,nav_rejected,0
232.000,run_seed,2
233.000,anomalies_detected,1
233.000,anomalies_unique,1
233.000,investigation_timeouts,0
233.000,mission_duration_s,188.872
233.000,distance_traveled_m,45.63450455936216
233.000,route_deviations,2
233.000,investigation_time_s,11.200000000000017
233.000,hazard_avoidances,1
233.000,min_hazard_distance_m,4.842431882683603
233.000,collisions,0
233.000,time_below_clearance_s,0.0
233.000,safety_zone_violations,0
233.000,min_ttc_s,18.605863253968785
233.000,avoid_success,1
233.000,avoid_timeout,0
233.000,q_convergence,0.7826519929948395
233.000,update_residual,0.09044582545455353
233.000,investigation_deferred,0
233.000,nav_aborted,0
233.000,nav_canceled,0
233.000,nav_rejected,0
233.000,run_seed,2
234.000,anomalies_detected,1
234.000,anomalies_unique,1
234.000,investigation_timeouts,0
234.000,mission_duration_s,189.872
234.000,distance_traveled_m,45.88722452584415
234.000,route_deviations,2
234.000,investigation_time_s,11.200000000000017
234.000,hazard_avoidances,1
234.000,min_hazard_distance_m,4.842431882683603
234.000,collisions,0
234.000,time_below_clearance_s,0.0
234.000,safety_zone_violations,0
234.000,min_ttc_s,18.605863253968785
234.000,avoid_success,1
234.000,avoid_timeout,0
234.000,q_convergence,0.9280127655542912
234.000,update_residual,0.1039512343435313
234.000,investigation_deferred,0
234.000,nav_aborted,0
234.000,nav_canceled,0
234.000,nav_rejected,0
234.000,run_seed,2
235.000,anomalies_detected,1
235.000,anomalies_unique,1
235.000,investigation_timeouts,0
235.000,mission_duration_s,190.872
235.000,distance_traveled_m,46.1493042481346
235.000,route_deviations,2
235.000,investigation_time_s,11.200000000000017
235.000,hazard_avoidances,1
235.000,min_hazard_distance_m,4.842431882683603
235.000,collisions,0
235.000,time_below_clearance_s,0.0
235.000,safety_zone_violations,0
235.000,min_ttc_s,18.605863253968785
235.000,avoid_success,1
235.000,avoid_timeout,0
235.000,q_convergence,0.8265482694282118
235.000,update_residual,0.09380478473092337
235.000,investigation_deferred,0
235.000,nav_aborted,0
235.000,nav_canceled,0
235.000,nav_rejected,0
235.000,run_seed,2
236.000,anomalies_detected,1
236.000,anomalies_unique,1
236.000,investigation_timeouts,0
236.000,mission_duration_s,191.872
236.000,distance_traveled_m,46.411383511074746
236.000,route_deviations,2
236.000,investigation_time_s,11.200000000000017
236.000,hazard_avoidances,1
236.000,min_hazard_distance_m,4.842431882683603
236.000,collisions,0
236.000,time_below_clearance_s,0.0
236.000,safety_zone_violations,0
236.000,min_ttc_s,18.605863253968785
236.000,avoid_success,1
236.000,avoid_timeout,0
236.000,q_convergence,0.706887970949892
236.000,update_residual,0.08016626121487604
236.000,investigation_deferred,0
236.000,nav_aborted,0
236.000,nav_canceled,0
236.000,nav_rejected,0
236.000,run_seed,2
237.000,anomalies_detected,1
237.000,anomalies_unique,1
237.000,investigation_timeouts,0
237.000,mission_duration_s,192.872
237.000,distance_traveled_m,46.673462683706866
237.000,route_deviations,2
237.000,investigation_time_s,11.200000000000017
237.000,hazard_avoidances,1
237.000,min_hazard_distance_m,4.842431882683603
237.000,collisions,0
237.000,time_below_clearance_s,0.0
237.000,safety_zone_violations,0
237.000,min_ttc_s,18.605863253968785
237.000,avoid_success,1
237.000,avoid_timeout,0
237.000,q_convergence,0.6028319330248395
237.000,update_residual,0.06833903780438777
237.000,investigation_deferred,0
237.000,nav_aborted,0
237.000,nav_canceled,0
237.000,nav_rejected,0
237.000,run_seed,2
238.000,anomalies_detected,1
238.000,anomalies_unique,1
238.000,investigation_timeouts,0
238.000,mission_duration_s,193.872
238.000,distance_traveled_m,46.93554219541318
238.000,route_deviations,2
238.000,investigation_time_s,11.200000000000017
238.000,hazard_avoidances,1
238.000,min_hazard_distance_m,4.842431882683603
238.000,collisions,0
238.000,time_below_clearance_s,0.0
238.000,safety_zone_violations,0
238.000,min_ttc_s,18.605863253968785
238.000,avoid_success,1
238.000,avoid_timeout,0
238.000,q_convergence,0.5141253979081127
238.000,update_residual,0.05826000761742952
238.000,investigation_deferred,0
238.000,nav_aborted,0
238.000,nav_canceled,0
238.000,nav_rejected,0
238.000,run_seed,2
239.000,anomalies_detected,1
239.000,anomalies_unique,1
239.000,investigation_timeouts,0
239.000,mission_duration_s,194.872
239.000,distance_traveled_m,47.18826200918231
239.000,route_deviations,2
239.000,investigation_time_s,11.200000000000017
239.000,hazard_avoidances,1
239.000,min_hazard_distance_m,4.842431882683603
239.000,collisions,0
239.000,time_below_clearance_s,0.0
239.000,safety_zone_violations,0
239.000,min_ttc_s,18.605863253968785
239.000,avoid_success,1
239.000,avoid_timeout,0
239.000,q_convergence,1.2366464546056801
239.000,update_residual,0.12953390359766942
239.000,investigation_deferred,0
239.000,nav_aborted,0
239.000,nav_canceled,0
239.000,nav_rejected,0
239.000,run_seed,2
240.000,anomalies_detected,1
240.000,anomalies_unique,1
240.000,investigation_timeouts,0
240.000,mission_duration_s,195.872
240.000,distance_traveled_m,47.450341949087885
240.000,route_deviations,2
240.000,investigation_time_s,11.200000000000017
240.000,hazard_avoidances,1
240.000,min_hazard_distance_m,4.842431882683603
240.000,collisions,0
240.000,time_below_clearance_s,0.0
240.000,safety_zone_violations,0
240.000,min_ttc_s,18.605863253968785
240.000,avoid_success,1
240.000,avoid_timeout,0
240.000,q_convergence,0.9190462254175723
240.000,update_residual,0.09772497019438274
240.000,investigation_deferred,0
240.000,nav_aborted,0
240.000,nav_canceled,0
240.000,nav_rejected,0
240.000,run_seed,2
241.000,anomalies_detected,1
241.000,anomalies_unique,1
241.000,investigation_timeouts,0
241.000,mission_duration_s,196.872
241.000,distance_traveled_m,47.712421941867774
241.000,route_deviations,2
241.000,investigation_time_s,11.200000000000017
241.000,hazard_avoidances,1
241.000,min_hazard_distance_m,4.842431882683603
241.000,collisions,0
241.000,time_below_clearance_s,0.0
241.000,safety_zone_violations,0
241.000,min_ttc_s,18.605863253968785
241.000,avoid_success,1
241.000,avoid_timeout,0
241.000,q_convergence,0.793258513906647
241.000,update_residual,0.08514619904329021
241.000,investigation_deferred,0
241.000,nav_aborted,0
241.000,nav_canceled,0
241.000,nav_rejected,0
241.000,run_seed,2
242.000,anomalies_detected,1
242.000,anomalies_unique,1
242.000,investigation_timeouts,0
242.000,mission_duration_s,197.872
242.000,distance_traveled_m,47.97450193879189
242.000,route_deviations,2
242.000,investigation_time_s,11.200000000000017
242.000,hazard_avoidances,1
242.000,min_hazard_distance_m,4.842431882683603
242.000,collisions,0
242.000,time_below_clearance_s,0.0
242.000,safety_zone_violations,0
242.000,min_ttc_s,18.605863253968785
242.000,avoid_success,1
242.000,avoid_timeout,0
242.000,q_convergence,0.6823266695099353
242.000,update_residual,0.07317996245572521
242.000,investigation_deferred,0
242.000,nav_aborted,0
242.000,nav_canceled,0
242.000,nav_rejected,0
242.000,run_seed,2
243.000,anomalies_detected,1
243.000,anomalies_unique,1
243.000,investigation_timeouts,0
243.000,mission_duration_s,198.872
243.000,distance_traveled_m,48.22722193649372
243.000,route_deviations,2
243.000,investigation_time_s,11.200000000000017
243.000,hazard_avoidances,1
243.000,min_hazard_distance_m,4.842431882683603
243.000,collisions,0
243.000,time_below_clearance_s,0.0
243.000,safety_zone_violations,0
243.000,min_ttc_s,18.605863253968785
243.000,avoid_success,1
243.000,avoid_timeout,0
243.000,q_convergence,0.9483710896545995
243.000,update_residual,0.09874193863169464
243.000,investigation_deferred,0
243.000,nav_aborted,0
243.000,nav_canceled,0
243.000,nav_rejected,0
243.000,run_seed,2
244.000,anomalies_detected,1
244.000,anomalies_unique,1
244.000,investigation_timeouts,0
244.000,mission_duration_s,199.872
244.000,distance_traveled_m,48.48930193621028
244.000,route_deviations,2
244.000,investigation_time_s,11.200000000000017
244.000,hazard_avoidances,1
244.000,min_hazard_distance_m,4.842431882683603
244.000,collisions,0
244.000,time_below_clearance_s,0.0
244.000,safety_zone_violations,0
244.000,min_ttc_s,18.605863253968785
244.000,avoid_success,1
244.000,avoid_timeout,0
244.000,q_convergence,0.901317757528456
244.000,update_residual,0.0943369769318675
244.000,investigation_deferred,0
244.000,nav_aborted,0
244.000,nav_canceled,0
244.000,nav_rejected,0
244.000,run_seed,2
245.000,anomalies_detected,1
245.000,anomalies_unique,1
245.000,investigation_timeouts,0
245.000,mission_duration_s,200.872
245.000,distance_traveled_m,48.75138193610385
245.000,route_deviations,2
245.000,investigation_time_s,11.200000000000017
245.000,hazard_avoidances,1
245.000,min_hazard_distance_m,4.842431882683603
245.000,collisions,0
245.000,time_below_clearance_s,0.0
245.000,safety_zone_violations,0
245.000,min_ttc_s,18.605863253968785
245.000,avoid_success,1
245.000,avoid_timeout,0
245.000,q_convergence,0.7802988260681499
245.000,update_residual,0.08160430360898366
245.000,investigation_deferred,0
245.000,nav_aborted,0
245.000,nav_canceled,0
245.000,nav_rejected,0
245.000,run_seed,2
246.000,anomalies_detected,1
246.000,anomalies_unique,1
246.000,investigation_timeouts,0
246.000,mission_duration_s,201.872
246.000,distance_traveled_m,49.013461935813766
246.000,route_deviations,2
246.000,investigation_time_s,11.200000000000017
246.000,hazard_avoidances,1
246.000,min_hazard_distance_m,4.842431882683603
246.000,collisions,0
246.000,time_below_clearance_s,0.0
246.000,safety_zone_violations,0
246.000,min_ttc_s,18.605863253968785
246.000,avoid_success,1
246.000,avoid_timeout,0
246.000,q_convergence,0.6734404349860349
246.000,update_residual,0.0709184645007721
246.000,investigation_deferred,0
246.000,nav_aborted,0
246.000,nav_canceled,0
246.000,nav_rejected,0
246.000,run_seed,2
247.000,anomalies_detected,1
247.000,anomalies_unique,1
247.000,investigation_timeouts,0
247.000,mission_duration_s,202.872
247.000,distance_traveled_m,49.27554193560262
247.000,route_deviations,2
247.000,investigation_time_s,11.200000000000017
247.000,hazard_avoidances,1
247.000,min_hazard_distance_m,4.842431882683603
247.000,collisions,0
247.000,time_below_clearance_s,0.0
247.000,safety_zone_violations,0
247.000,min_ttc_s,18.605863253968785
247.000,avoid_success,1
247.000,avoid_timeout,0
247.000,q_convergence,0.9947276083816831
247.000,update_residual,0.10229400027202283
247.000,investigation_deferred,0
247.000,nav_aborted,0
247.000,nav_canceled,0
247.000,nav_rejected,0
247.000,run_seed,2
248.000,anomalies_detected,1
248.000,anomalies_unique,1
248.000,investigation_timeouts,0
248.000,mission_duration_s,203.872
248.000,distance_traveled_m,49.52826193551768
248.000,route_deviations,2
248.000,investigation_time_s,11.200000000000017
248.000,hazard_avoidances,1
248.000,min_hazard_distance_m,4.842431882683603
248.000,collisions,0
248.000,time_below_clearance_s,0.0
248.000,safety_zone_violations,0
248.000,min_ttc_s,18.605863253968785
248.000,avoid_success,1
248.000,avoid_timeout,0
248.000,q_convergence,0.8816701094021681
248.000,update_residual,0.09120526879206016
248.000,investigation_deferred,0
248.000,nav_aborted,0
248.000,nav_canceled,0
248.000,nav_rejected,0
248.000,run_seed,2
249.000,anomalies_detected,1
249.000,anomalies_unique,1
249.000,investigation_timeouts,0
249.000,mission_duration_s,204.872
249.000,distance_traveled_m,49.79034193533982
249.000,route_deviations,2
249.000,investigation_time_s,11.200000000000017
249.000,hazard_avoidances,1
249.000,min_hazard_distance_m,4.842431882683603
249.000,collisions,0
249.000,time_below_clearance_s,0.0
249.000,safety_zone_violations,0
249.000,min_ttc_s,18.605863253968785
249.000,avoid_success,1
249.000,avoid_timeout,0
249.000,q_convergence,0.7644670709251753
249.000,update_residual,0.07902922626658436
249.000,investigation_deferred,0
249.000,nav_aborted,0
249.000,nav_canceled,0
249.000,nav_rejected,0
249.000,run_seed,2
250.000,anomalies_detected,1
250.000,anomalies_unique,1
250.000,investigation_timeouts,0
250.000,mission_duration_s,205.872
250.000,distance_traveled_m,50.05242193517109
250.000,route_deviations,2
250.000,investigation_time_s,11.200000000000017
250.000,hazard_avoidances,1
250.000,min_hazard_distance_m,4.842431882683603
250.000,collisions,0
250.000,time_below_clearance_s,0.0
250.000,safety_zone_violations,0
250.000,min_ttc_s,18.605863253968785
250.000,avoid_success,1
250.000,avoid_timeout,0
250.000,q_convergence,0.6627437806056233
250.000,update_residual,0.06885689723462916
250.000,investigation_deferred,0
250.000,nav_aborted,0
250.000,nav_canceled,0
250.000,nav_rejected,0
250.000,run_seed,2
251.000,anomalies_detected,1
251.000,anomalies_unique,1
251.000,investigation_timeouts,0
251.000,mission_duration_s,206.872
251.000,distance_traveled_m,50.31450193484265
251.000,route_deviations,2
251.000,investigation_time_s,11.200000000000017
251.000,hazard_avoidances,1
251.000,min_hazard_distance_m,4.842431882683603
251.000,collisions,0
251.000,time_below_clearance_s,0.0
251.000,safety_zone_violations,0
251.000,min_ttc_s,18.605863253968785
251.000,avoid_success,1
251.000,avoid_timeout,0
251.000,q_convergence,1.0392640831538429
251.000,update_residual,0.10596475380634418
251.000,investigation_deferred,0
251.000,nav_aborted,0
251.000,nav_canceled,0
251.000,nav_rejected,0
251.000,run_seed,2
252.000,anomalies_detected,1
252.000,anomalies_unique,1
252.000,investigation_timeouts,0
252.000,mission_duration_s,207.872
252.000,distance_traveled_m,50.567221934529435
252.000,route_deviations,2
252.000,investigation_time_s,11.200000000000017
252.000,hazard_avoidances,1
252.000,min_hazard_distance_m,4.842431882683603
252.000,collisions,0
252.000,time_below_clearance_s,0.0
252.000,safety_zone_violations,0
252.000,min_ttc_s,18.605863253968785
252.000,avoid_success,1
252.000,avoid_timeout,0
252.000,q_convergence,0.8648947128569008
252.000,update_residual,0.08835534138895337
252.000,investigation_deferred,0
252.000,nav_aborted,0
252.000,nav_canceled,0
252.000,nav_rejected,0
252.000,run_seed,2
253.000,anomalies_detected,1
253.000,anomalies_unique,1
253.000,investigation_timeouts,0
253.000,mission_duration_s,208.872
253.000,distance_traveled_m,50.82930193444528
253.000,route_deviations,2
253.000,investigation_time_s,11.200000000000017
253.000,hazard_avoidances,1
253.000,min_hazard_distance_m,4.842431882683603
253.000,collisions,0
253.000,time_below_clearance_s,0.0
253.000,safety_zone_violations,0
253.000,min_ttc_s,18.605863253968785
253.000,avoid_success,1
253.000,avoid_timeout,0
253.000,q_convergence,0.7510785973626732
253.000,update_residual,0.07697372983953064
253.000,investigation_deferred,0
253.000,nav_aborted,0
253.000,nav_canceled,0
253.000,nav_rejected,0
253.000,run_seed,2
254.000,anomalies_detected,1
254.000,anomalies_unique,1
254.000,investigation_timeouts,0
254.000,mission_duration_s,209.872
254.000,distance_traveled_m,51.09138193439758
254.000,route_deviations,2
254.000,investigation_time_s,11.200000000000017
254.000,hazard_avoidances,1
254.000,min_hazard_distance_m,4.842431882683603
254.000,collisions,0
254.000,time_below_clearance_s,0.0
254.000,safety_zone_violations,0
254.000,min_ttc_s,18.605863253968785
254.000,avoid_success,1
254.000,avoid_timeout,0
254.000,q_convergence,0.6521820432889938
254.000,update_residual,0.06680419391667317
254.000,investigation_deferred,0
254.000,nav_aborted,0
254.000,nav_canceled,0
254.000,nav_rejected,0
254.000,run_seed,2
255.000,anomalies_detected,1
255.000,anomalies_unique,1
255.000,investigation_timeouts,0
255.000,mission_duration_s,210.872
255.000,distance_traveled_m,51.35346193422495
255.000,route_deviations,2
255.000,investigation_time_s,11.200000000000017
255.000,hazard_avoidances,1
255.000,min_hazard_distance_m,4.842431882683603
255.000,collisions,0
255.000,time_below_clearance_s,0.0
255.000,safety_zone_violations,0
255.000,min_ttc_s,18.605863253968785
255.000,avoid_success,1
255.000,avoid_timeout,0
255.000,q_convergence,1.0821368042183568
255.000,update_residual,0.10946547934647145
255.000,investigation_deferred,0
255.000,nav_aborted,0
255.000,nav_canceled,0
255.000,nav_rejected,0
255.000,run_seed,2
256.000,anomalies_detected,1
256.000,anomalies_unique,1
256.000,investigation_timeouts,0
256.000,mission_duration_s,211.872
256.000,distance_traveled_m,51.615541934087034
256.000,route_deviations,2
256.000,investigation_time_s,11.200000000000017
256.000,hazard_avoidances,1
256.000,min_hazard_distance_m,4.842431882683603
256.000,collisions,0
256.000,time_below_clearance_s,0.0
256.000,safety_zone_violations,0
256.000,min_ttc_s,18.605863253968785
256.000,avoid_success,1
256.000,avoid_timeout,0
256.000,q_convergence,0.8484799122270783
256.000,update_residual,0.0859938686998744
256.000,investigation_deferred,0
256.000,nav_aborted,0
256.000,nav_canceled,0
256.000,nav_rejected,0
256.000,run_seed,2
257.000,anomalies_detected,1
257.000,anomalies_unique,1
257.000,investigation_timeouts,0
257.000,mission_duration_s,212.872
257.000,distance_traveled_m,51.86826193401359
257.000,route_deviations,2
257.000,investigation_time_s,11.200000000000017
257.000,hazard_avoidances,1
257.000,min_hazard_distance_m,4.842431882683603
257.000,collisions,0
257.000,time_below_clearance_s,0.0
257.000,safety_zone_violations,0
257.000,min_ttc_s,18.605863253968785
257.000,avoid_success,1
257.000,avoid_timeout,0
257.000,q_convergence,0.73587351714985
257.000,update_residual,0.0747332291921516
257.000,investigation_deferred,0
257.000,nav_aborted,0
257.000,nav_canceled,0
257.000,nav_rejected,0
257.000,run_seed,2
258.000,anomalies_detected,1
258.000,anomalies_unique,1
258.000,investigation_timeouts,0
258.000,mission_duration_s,213.872
258.000,distance_traveled_m,52.13034193394869
258.000,route_deviations,2
258.000,investigation_time_s,11.200000000000017
258.000,hazard_avoidances,1
258.000,min_hazard_distance_m,4.842431882683603
258.000,collisions,0
258.000,time_below_clearance_s,0.0
258.000,safety_zone_violations,0
258.000,min_ttc_s,18.605863253968785
258.000,avoid_success,1
258.000,avoid_timeout,0
258.000,q_convergence,0.6397121122170074
258.000,update_residual,0.06494520707729232
258.000,investigation_deferred,0
258.000,nav_aborted,0
258.000,nav_canceled,0
258.000,nav_rejected,0
258.000,run_seed,2
259.000,anomalies_detected,1
259.000,anomalies_unique,1
259.000,investigation_timeouts,0
259.000,mission_duration_s,214.872
259.000,distance_traveled_m,52.39242193390263
259.000,route_deviations,2
259.000,investigation_time_s,11.200000000000017
259.000,hazard_avoidances,1
259.000,min_hazard_distance_m,4.842431882683603
259.000,collisions,0
259.000,time_below_clearance_s,0.0
259.000,safety_zone_violations,0
259.000,min_ttc_s,18.605863253968785
259.000,avoid_success,1
259.000,avoid_timeout,0
259.000,q_convergence,1.1325126700641095
259.000,update_residual,0.11402002802100288
259.000,investigation_deferred,0
259.000,nav_aborted,0
259.000,nav_canceled,0
259.000,nav_rejected,0
259.000,run_seed,2
260.000,anomalies_detected,1
260.000,anomalies_unique,1
260.000,investigation_timeouts,0
260.000,mission_duration_s,215.872
260.000,distance_traveled_m,52.65450193378623
260.000,route_deviations,2
260.000,investigation_time_s,11.200000000000017
260.000,hazard_avoidances,1
260.000,min_hazard_distance_m,4.842431882683603
260.000,collisions,0
260.000,time_below_clearance_s,0.0
260.000,safety_zone_violations,0
260.000,min_ttc_s,18.605863253968785
260.000,avoid_success,1
260.000,avoid_timeout,0
260.000,q_convergence,0.8279056585001893
260.000,update_residual,0.0836184623272718
260.000,investigation_deferred,0
260.000,nav_aborted,0
260.000,nav_canceled,0
260.000,nav_rejected,0
260.000,run_seed,2
261.000,anomalies_detected,1
261.000,anomalies_unique,1
261.000,investigation_timeouts,0
261.000,mission_duration_s,216.872
261.000,distance_traveled_m,52.90722193364179
261.000,route_deviations,2
261.000,investigation_time_s,11.200000000000017
261.000,hazard_avoidances,1
261.000,min_hazard_distance_m,4.842431882683603
261.000,collisions,0
261.000,time_below_clearance_s,0.0
261.000,safety_zone_violations,0
261.000,min_ttc_s,18.605863253968785
261.000,avoid_success,1
261.000,avoid_timeout,0
261.000,q_convergence,0.7184900898735174
261.000,update_residual,0.07255272099301667
261.000,investigation_deferred,0
261.000,nav_aborted,0
261.000,nav_canceled,0
261.000,nav_rejected,0
261.000,run_seed,2
262.000,anomalies_detected,1
262.000,anomalies_unique,1
262.000,investigation_timeouts,0
262.000,mission_duration_s,217.872
262.000,distance_traveled_m,53.16930193341009
262.000,route_deviations,2
262.000,investigation_time_s,11.200000000000017
262.000,hazard_avoidances,1
262.000,min_hazard_distance_m,4.842431882683603
262.000,collisions,0
262.000,time_below_clearance_s,0.0
262.000,safety_zone_violations,0
262.000,min_ttc_s,18.605863253968785
262.000,avoid_success,1
262.000,avoid_timeout,0
262.000,q_convergence,0.8739289457182451
262.000,update_residual,0.08794674198369042
262.000,investigation_deferred,0
262.000,nav_aborted,0
262.000,nav_canceled,0
262.000,nav_rejected,0
262.000,run_seed,2
263.000,anomalies_detected,1
263.000,anomalies_unique,1
263.000,investigation_timeouts,0
263.000,mission_duration_s,218.872
263.000,distance_traveled_m,53.43138193325611
263.000,route_deviations,2
263.000,investigation_time_s,11.200000000000017
263.000,hazard_avoidances,1
263.000,min_hazard_distance_m,4.842431882683603
263.000,collisions,0
263.000,time_below_clearance_s,0.0
263.000,safety_zone_violations,0
263.000,min_ttc_s,18.605863253968785
263.000,avoid_success,1
263.000,avoid_timeout,0
263.000,q_convergence,0.9349489535049587
263.000,update_residual,0.09409305055531104
263.000,investigation_deferred,0
263.000,nav_aborted,0
263.000,nav_canceled,0
263.000,nav_rejected,0
263.000,run_seed,2
264.000,anomalies_detected,1
264.000,anomalies_unique,1
264.000,investigation_timeouts,0
264.000,mission_duration_s,219.872
264.000,distance_traveled_m,53.69346193317477
264.000,route_deviations,2
264.000,investigation_time_s,11.200000000000017
264.000,hazard_avoidances,1
264.000,min_hazard_distance_m,4.842431882683603
264.000,collisions,0
264.000,time_below_clearance_s,0.0
264.000,safety_zone_violations,0
264.000,min_ttc_s,18.605863253968785
264.000,avoid_success,1
264.000,avoid_timeout,0
264.000,q_convergence,0.8117949412927435
264.000,update_residual,0.08168792605336729
264.000,investigation_deferred,0
264.000,nav_aborted,0
264.000,nav_canceled,0
264.000,nav_rejected,0
264.000,run_seed,2
265.000,anomalies_detected,1
265.000,anomalies_unique,1
265.000,investigation_timeouts,0
265.000,mission_duration_s,220.872
265.000,distance_traveled_m,53.95554193307143
265.000,route_deviations,2
265.000,investigation_time_s,11.200000000000017
265.000,hazard_avoidances,1
265.000,min_hazard_distance_m,4.842431882683603
265.000,collisions,0
265.000,time_below_clearance_s,0.0
265.000,safety_zone_violations,0
265.000,min_ttc_s,18.605863253968785
265.000,avoid_success,1
265.000,avoid_timeout,0
265.000,q_convergence,0.7051558228349333
265.000,update_residual,0.07051558228349335
265.000,investigation_deferred,0
265.000,nav_aborted,0
265.000,nav_canceled,0
265.000,nav_rejected,0
265.000,run_seed,2
266.000,anomalies_detected,1
266.000,anomalies_unique,1
266.000,investigation_timeouts,0
266.000,mission_duration_s,221.872
266.000,distance_traveled_m,54.20826193291871
266.000,route_deviations,2
266.000,investigation_time_s,11.200000000000017
266.000,hazard_avoidances,1
266.000,min_hazard_distance_m,4.842431882683603
266.000,collisions,0
266.000,time_below_clearance_s,0.0
266.000,safety_zone_violations,0
266.000,min_ttc_s,18.605863253968785
266.000,avoid_success,1
266.000,avoid_timeout,0
266.000,q_convergence,0.9248826099399763
266.000,update_residual,0.09248826099399762
266.000,investigation_deferred,0
266.000,nav_aborted,0
266.000,nav_canceled,0
266.000,nav_rejected,0
266.000,run_seed,2
267.000,anomalies_detected,1
267.000,anomalies_unique,1
267.000,investigation_timeouts,0
267.000,mission_duration_s,222.872
267.000,distance_traveled_m,54.47034193276949
267.000,route_deviations,2
267.000,investigation_time_s,11.200000000000017
267.000,hazard_avoidances,1
267.000,min_hazard_distance_m,4.842431882683603
267.000,collisions,0
267.000,time_below_clearance_s,0.0
267.000,safety_zone_violations,0
267.000,min_ttc_s,18.605863253968785
267.000,avoid_success,1
267.000,avoid_timeout,0
267.000,q_convergence,0.9144214334927999
267.000,update_residual,0.09144214334927996
267.000,investigation_deferred,0
267.000,nav_aborted,0
267.000,nav_canceled,0
267.000,nav_rejected,0
267.000,run_seed,2
268.000,anomalies_detected,1
268.000,anomalies_unique,1
268.000,investigation_timeouts,0
268.000,mission_duration_s,223.872
268.000,distance_traveled_m,54.732421932456454
268.000,route_deviations,2
268.000,investigation_time_s,11.200000000000017
268.000,hazard_avoidances,1
268.000,min_hazard_distance_m,4.842431882683603
268.000,collisions,0
268.000,time_below_clearance_s,0.0
268.000,safety_zone_violations,0
268.000,min_ttc_s,18.605863253968785
268.000,avoid_success,1
268.000,avoid_timeout,0
268.000,q_convergence,0.7967207278831593
268.000,update_residual,0.07967207278831592
268.000,investigation_deferred,0
268.000,nav_aborted,0
268.000,nav_canceled,0
268.000,nav_rejected,0
268.000,run_seed,2
269.000,anomalies_detected,1
269.000,anomalies_unique,1
269.000,investigation_timeouts,0
269.000,mission_duration_s,224.872
269.000,distance_traveled_m,54.99450193184206
269.000,route_deviations,2
269.000,investigation_time_s,11.200000000000017
269.000,hazard_avoidances,1
269.000,min_hazard_distance_m,4.842431882683603
269.000,collisions,0
269.000,time_below_clearance_s,0.0
269.000,safety_zone_violations,0
269.000,min_ttc_s,18.605863253968785
269.000,avoid_success,1
269.000,avoid_timeout,0
269.000,q_convergence,0.6923925351798598
269.000,update_residual,0.06923925351798597
269.000,investigation_deferred,0
269.000,nav_aborted,0
269.000,nav_canceled,0
269.000,nav_rejected,0
269.000,run_seed,2
270.000,anomalies_detected,2
270.000,anomalies_unique,1
270.000,investigation_timeouts,0
270.000,mission_duration_s,225.872
270.000,distance_traveled_m,55.24722193073238
270.000,route_deviations,3
270.000,investigation_time_s,12.000000000000028
270.000,hazard_avoidances,1
270.000,min_hazard_distance_m,4.842431882683603
270.000,collisions,0
270.000,time_below_clearance_s,0.0
270.000,safety_zone_violations,0
270.000,min_ttc_s,18.605863253968785
270.000,avoid_success,1
270.000,avoid_timeout,0
270.000,q_convergence,1.205230541869401
270.000,update_residual,0.3184044839814934
270.000,investigation_deferred,0
270.000,nav_aborted,0
270.000,nav_canceled,0
270.000,nav_rejected,0
270.000,run_seed,2
271.000,anomalies_detected,2
271.000,anomalies_unique,1
271.000,investigation_timeouts,0
271.000,mission_duration_s,226.872
271.000,distance_traveled_m,55.39648842034736
271.000,route_deviations,3
271.000,investigation_time_s,13.000000000000028
271.000,hazard_avoidances,1
271.000,min_hazard_distance_m,4.842431882683603
271.000,collisions,0
271.000,time_below_clearance_s,0.0
271.000,safety_zone_violations,0
271.000,min_ttc_s,18.605863253968785
271.000,avoid_success,1
271.000,avoid_timeout,0
271.000,q_convergence,0.6518935121437899
271.000,update_residual,0.302474228786267
271.000,investigation_deferred,0
271.000,nav_aborted,0
271.000,nav_canceled,0
271.000,nav_rejected,0
271.000,run_seed,2
272.000,anomalies_detected,2
272.000,anomalies_unique,1
272.000,investigation_timeouts,0
272.000,mission_duration_s,227.872
272.000,distance_traveled_m,55.65856658993593
272.000,route_deviations,3
272.000,investigation_time_s,14.000000000000028
272.000,hazard_avoidances,1
272.000,min_hazard_distance_m,4.842431882683603
272.000,collisions,0
272.000,time_below_clearance_s,0.0
272.000,safety_zone_violations,0
272.000,min_ttc_s,18.605863253968785
272.000,avoid_success,1
272.000,avoid_timeout,0
272.000,q_convergence,0.28557643784639664
272.000,update_residual,0.2302497897207445
272.000,investigation_deferred,0
272.000,nav_aborted,0
272.000,nav_canceled,0
272.000,nav_rejected,0
272.000,run_seed,2
273.000,anomalies_detected,2
273.000,anomalies_unique,1
273.000,investigation_timeouts,0
273.000,mission_duration_s,228.872
273.000,distance_traveled_m,55.920646587891866
273.000,route_deviations,3
273.000,investigation_time_s,15.000000000000028
273.000,hazard_avoidances,1
273.000,min_hazard_distance_m,4.842431882683603
273.000,collisions,0
273.000,time_below_clearance_s,0.0
273.000,safety_zone_violations,0
273.000,min_ttc_s,18.605863253968785
273.000,avoid_success,1
273.000,avoid_timeout,0
273.000,q_convergence,0.06025672909132077
273.000,update_residual,0.17180178841007082
273.000,investigation_deferred,0
273.000,nav_aborted,0
273.000,nav_canceled,0
273.000,nav_rejected,0
273.000,run_seed,2
274.000,anomalies_detected,2
274.000,anomalies_unique,1
274.000,investigation_timeouts,0
274.000,mission_duration_s,229.872
274.000,distance_traveled_m,56.18272654492319
274.000,route_deviations,3
274.000,investigation_time_s,16.00000000000003
274.000,hazard_avoidances,1
274.000,min_hazard_distance_m,4.842431882683603
274.000,collisions,0
274.000,time_below_clearance_s,0.0
274.000,safety_zone_violations,0
274.000,min_ttc_s,18.605863253968785
274.000,avoid_success,1
274.000,avoid_timeout,0
274.000,q_convergence,0.20470575490877937
274.000,update_residual,0.1252519999479578
274.000,investigation_deferred,0
274.000,nav_aborted,0
274.000,nav_canceled,0
274.000,nav_rejected,0
274.000,run_seed,2
275.000,anomalies_detected,2
275.000,anomalies_unique,1
275.000,investigation_timeouts,0
275.000,mission_duration_s,230.872
275.000,distance_traveled_m,56.43544653978463
275.000,route_deviations,3
275.000,investigation_time_s,17.00000000000003
275.000,hazard_avoidances,1
275.000,min_hazard_distance_m,4.842431882683603
275.000,collisions,0
275.000,time_below_clearance_s,0.0
275.000,safety_zone_violations,0
275.000,min_ttc_s,18.605863253968785
275.000,avoid_success,1
275.000,avoid_timeout,0
275.000,q_convergence,0.36871949686028255
275.000,update_residual,0.10885062575280746
275.000,investigation_deferred,0
275.000,nav_aborted,0
275.000,nav_canceled,0
275.000,nav_rejected,0
275.000,run_seed,2
276.000,anomalies_detected,2
276.000,anomalies_unique,1
276.000,investigation_timeouts,0
276.000,mission_duration_s,231.872
276.000,distance_traveled_m,56.697526534532024
276.000,route_deviations,3
276.000,investigation_time_s,18.00000000000003
276.000,hazard_avoidances,1
276.000,min_hazard_distance_m,4.842431882683603
276.000,collisions,0
276.000,time_below_clearance_s,0.0
276.000,safety_zone_violations,0
276.000,min_ttc_s,18.605863253968785
276.000,avoid_success,1
276.000,avoid_timeout,0
276.000,q_convergence,1.8782931833076544
276.000,update_residual,0.30251838233355277
276.000,investigation_deferred,0
276.000,nav_aborted,0
276.000,nav_canceled,0
276.000,nav_rejected,0
276.000,run_seed,2
277.000,anomalies_detected,2
277.000,anomalies_unique,1
277.000,investigation_timeouts,0
277.000,mission_duration_s,232.872
277.000,distance_traveled_m,56.95960653413733
277.000,route_deviations,3
277.000,investigation_time_s,19.00000000000003
277.000,hazard_avoidances,1
277.000,min_hazard_distance_m,4.842431882683603
277.000,collisions,0
277.000,time_below_clearance_s,0.0
277.000,safety_zone_violations,0
277.000,min_ttc_s,18.605863253968785
277.000,avoid_success,1
277.000,avoid_timeout,0
277.000,q_convergence,0.9855995230259261
277.000,update_residual,0.19632418728896872
277.000,investigation_deferred,0
277.000,nav_aborted,0
277.000,nav_canceled,0
277.000,nav_rejected,0
277.000,run_seed,2
278.000,anomalies_detected,2
278.000,anomalies_unique,1
278.000,investigation_timeouts,0
278.000,mission_duration_s,233.872
278.000,distance_traveled_m,57.221686533029846
278.000,route_deviations,3
278.000,investigation_time_s,20.00000000000003
278.000,hazard_avoidances,1
278.000,min_hazard_distance_m,4.842431882683603
278.000,collisions,0
278.000,time_below_clearance_s,0.0
278.000,safety_zone_violations,0
278.000,min_ttc_s,18.605863253968785
278.000,avoid_success,1
278.000,avoid_timeout,0
278.000,q_convergence,0.641105373285371
278.000,update_residual,0.16939509808309597
278.000,investigation_deferred,0
278.000,nav_aborted,0
278.000,nav_canceled,0
278.000,nav_rejected,0
278.000,run_seed,2
279.000,anomalies_detected,2
279.000,anomalies_unique,1
279.000,investigation_timeouts,0
279.000,mission_duration_s,234.872
279.000,distance_traveled_m,57.47440651623104
279.000,route_deviations,3
279.000,investigation_time_s,21.00000000000003
279.000,hazard_avoidances,1
279.000,min_hazard_distance_m,4.842431882683603
279.000,collisions,0
279.000,time_below_clearance_s,0.0
279.000,safety_zone_violations,0
279.000,min_ttc_s,18.605863253968785
279.000,avoid_success,1
279.000,avoid_timeout,0
279.000,q_convergence,0.42949978800412764
279.000,update_residual,0.1324418554417878
279.000,investigation_deferred,0
279.000,nav_aborted,0
279.000,nav_canceled,0
279.000,nav_rejected,0
279.000,run_seed,2
280.000,anomalies_detected,2
280.000,anomalies_unique,1
280.000,investigation_timeouts,0
280.000,mission_duration_s,235.872
280.000,distance_traveled_m,57.66551362512175
280.000,route_deviations,3
280.000,investigation_time_s,22.00000000000003
280.000,hazard_avoidances,1
280.000,min_hazard_distance_m,4.842431882683603
280.000,collisions,0
280.000,time_below_clearance_s,0.0
280.000,safety_zone_violations,0
280.000,min_ttc_s,18.605863253968785
280.000,avoid_success,1
280.000,avoid_timeout,0
280.000,q_convergence,0.25889303941069314
280.000,update_residual,0.11538118058244429
280.000,investigation_deferred,0
280.000,nav_aborted,0
280.000,nav_canceled,0
280.000,nav_rejected,0
280.000,run_seed,2
281.000,anomalies_detected,2
281.000,anomalies_unique,1
281.000,investigation_timeouts,0
281.000,mission_duration_s,236.872
281.000,distance_traveled_m,57.66551362512827
281.000,route_deviations,3
281.000,investigation_time_s,23.00000000000003
281.000,hazard_avoidances,1
281.000,min_hazard_distance_m,4.842431882683603
281.000,collisions,0
281.000,time_below_clearance_s,0.0
281.000,safety_zone_violations,0
281.000,min_ttc_s,18.605863253968785
281.000,avoid_success,1
281.000,avoid_timeout,0
281.000,q_convergence,0.11905934126191273
281.000,update_residual,0.08797402927136
281.000,investigation_deferred,0
281.000,nav_aborted,0
281.000,nav_canceled,0
281.000,nav_rejected,0
281.000,run_seed,2
282.000,anomalies_detected,2
282.000,anomalies_unique,1
282.000,investigation_timeouts,0
282.000,mission_duration_s,237.872
282.000,distance_traveled_m,57.66551362512827
282.000,route_deviations,3
282.000,investigation_time_s,24.00000000000003
282.000,hazard_avoidances,1
282.000,min_hazard_distance_m,4.842431882683603
282.000,collisions,0
282.000,time_below_clearance_s,0.0
282.000,safety_zone_violations,0
282.000,min_ttc_s,18.605863253968785
282.000,avoid_success,1
282.000,avoid_timeout,0
282.000,q_convergence,0.026909439963107445
282.000,update_residual,0.07645409366846177
282.000,investigation_deferred,0
282.000,nav_aborted,0
282.000,nav_canceled,0
282.000,nav_rejected,0
282.000,run_seed,2
283.000,anomalies_detected,2
283.000,anomalies_unique,1
283.000,investigation_timeouts,0
283.000,mission_duration_s,238.872
283.000,distance_traveled_m,57.66551362512827
283.000,route_deviations,3
283.000,investigation_time_s,24.80000000000004
283.000,hazard_avoidances,1
283.000,min_hazard_distance_m,4.842431882683603
283.000,collisions,0
283.000,time_below_clearance_s,0.0
283.000,safety_zone_violations,0
283.000,min_ttc_s,18.605863253968785
283.000,avoid_success,1
283.000,avoid_timeout,0
283.000,q_convergence,0.08887603028230943
283.000,update_residual,0.055770277845162496
283.000,investigation_deferred,0
283.000,nav_aborted,0
283.000,nav_canceled,0
283.000,nav_rejected,0
283.000,run_seed,2
284.000,anomalies_detected,2
284.000,anomalies_unique,2
284.000,investigation_timeouts,0
284.000,mission_duration_s,239.872
284.000,distance_traveled_m,57.78998869010258
284.000,route_deviations,3
284.000,investigation_time_s,24.80000000000004
284.000,hazard_avoidances,1
284.000,min_hazard_distance_m,4.842431882683603
284.000,collisions,0
284.000,time_below_clearance_s,0.0
284.000,safety_zone_violations,0
284.000,min_ttc_s,18.605863253968785
284.000,avoid_success,1
284.000,avoid_timeout,0
284.000,q_convergence,0.15563395805899813
284.000,update_residual,0.03939580293648459
284.000,investigation_deferred,0
284.000,nav_aborted,0
284.000,nav_canceled,0
284.000,nav_rejected,0
284.000,run_seed,2
285.000,anomalies_detected,2
285.000,anomalies_unique,2
285.000,investigation_timeouts,0
285.000,mission_duration_s,240.872
285.000,distance_traveled_m,57.84565581434875
285.000,route_deviations,3
285.000,investigation_time_s,24.80000000000004
285.000,hazard_avoidances,1
285.000,min_hazard_distance_m,4.842431882683603
285.000,collisions,0
285.000,time_below_clearance_s,0.0
285.000,safety_zone_violations,0
285.000,min_ttc_s,18.605863253968785
285.000,avoid_success,1
285.000,avoid_timeout,0
285.000,q_convergence,0.2063821888565915
285.000,update_residual,0.034320979856725255
285.000,investigation_deferred,0
285.000,nav_aborted,0
285.000,nav_canceled,0
285.000,nav_rejected,0
285.000,run_seed,2
286.000,anomalies_detected,2
286.000,anomalies_unique,2
286.000,investigation_timeouts,0
286.000,mission_duration_s,241.872
286.000,distance_traveled_m,58.09287483612971
286.000,route_deviations,3
286.000,investigation_time_s,24.80000000000004
286.000,hazard_avoidances,1
286.000,min_hazard_distance_m,4.842431882683603
286.000,collisions,0
286.000,time_below_clearance_s,0.0
286.000,safety_zone_violations,0
286.000,min_ttc_s,18.605863253968785
286.000,avoid_success,1
286.000,avoid_timeout,0
286.000,q_convergence,0.24522795157005436
286.000,update_residual,0.022192523774021308
286.000,investigation_deferred,0
286.000,nav_aborted,0
286.000,nav_canceled,0
286.000,nav_rejected,0
286.000,run_seed,2
287.000,anomalies_detected,2
287.000,anomalies_unique,2
287.000,investigation_timeouts,0
287.000,mission_duration_s,242.872
287.000,distance_traveled_m,58.35495477875839
287.000,route_deviations,3
287.000,investigation_time_s,24.80000000000004
287.000,hazard_avoidances,1
287.000,min_hazard_distance_m,4.842431882683603
287.000,collisions,0
287.000,time_below_clearance_s,0.0
287.000,safety_zone_violations,0
287.000,min_ttc_s,18.605863253968785
287.000,avoid_success,1
287.000,avoid_timeout,0
287.000,q_convergence,0.26975717979884833
287.000,update_residual,0.012732303111487892
287.000,investigation_deferred,0
287.000,nav_aborted,0
287.000,nav_canceled,0
287.000,nav_rejected,0
287.000,run_seed,2
288.000,anomalies_detected,2
288.000,anomalies_unique,2
288.000,investigation_timeouts,0
288.000,mission_duration_s,243.872
288.000,distance_traveled_m,58.60767477391591
288.000,route_deviations,3
288.000,investigation_time_s,24.80000000000004
288.000,hazard_avoidances,1
288.000,min_hazard_distance_m,4.842431882683603
288.000,collisions,0
288.000,time_below_clearance_s,0.0
288.000,safety_zone_violations,0
288.000,min_ttc_s,18.605863253968785
288.000,avoid_success,1
288.000,avoid_timeout,0
288.000,q_convergence,1.757960325705149
288.000,update_residual,0.2126677664410753
288.000,investigation_deferred,0
288.000,nav_aborted,0
288.000,nav_canceled,0
288.000,nav_rejected,0
288.000,run_seed,2
289.000,anomalies_detected,2
289.000,anomalies_unique,2
289.000,investigation_timeouts,0
289.000,mission_duration_s,244.872
289.000,distance_traveled_m,58.869754759355935
289.000,route_deviations,3
289.000,investigation_time_s,24.80000000000004
289.000,hazard_avoidances,1
289.000,min_hazard_distance_m,4.842431882683603
289.000,collisions,0
289.000,time_below_clearance_s,0.0
289.000,safety_zone_violations,0
289.000,min_ttc_s,18.605863253968785
289.000,avoid_success,1
289.000,avoid_timeout,0
289.000,q_convergence,0.7507651096860932
289.000,update_residual,0.10882832889627618
289.000,investigation_deferred,0
289.000,nav_aborted,0
289.000,nav_canceled,0
289.000,nav_rejected,0
289.000,run_seed,2
290.000,anomalies_detected,2
290.000,anomalies_unique,2
290.000,investigation_timeouts,0
290.000,mission_duration_s,245.872
290.000,distance_traveled_m,59.13183475368804
290.000,route_deviations,3
290.000,investigation_time_s,24.80000000000004
290.000,hazard_avoidances,1
290.000,min_hazard_distance_m,4.842431882683603
290.000,collisions,0
290.000,time_below_clearance_s,0.0
290.000,safety_zone_violations,0
290.000,min_ttc_s,18.605863253968785
290.000,avoid_success,1
290.000,avoid_timeout,0
290.000,q_convergence,0.6106855945714627
290.000,update_residual,0.0948203773848131
290.000,investigation_deferred,0
290.000,nav_aborted,0
290.000,nav_canceled,0
290.000,nav_rejected,0
290.000,run_seed,2
291.000,anomalies_detected,2
291.000,anomalies_unique,2
291.000,investigation_timeouts,0
291.000,mission_duration_s,246.872
291.000,distance_traveled_m,59.39391474707938
291.000,route_deviations,3
291.000,investigation_time_s,24.80000000000004
291.000,hazard_avoidances,1
291.000,min_hazard_distance_m,4.842431882683603
291.000,collisions,0
291.000,time_below_clearance_s,0.0
291.000,safety_zone_violations,0
291.000,min_ttc_s,18.605863253968785
291.000,avoid_success,1
291.000,avoid_timeout,0
291.000,q_convergence,1.169528861673653
291.000,update_residual,0.14359271388884517
291.000,investigation_deferred,0
291.000,nav_aborted,0
291.000,nav_canceled,0
291.000,nav_rejected,0
291.000,run_seed,2
292.000,anomalies_detected,2
292.000,anomalies_unique,2
292.000,investigation_timeouts,0
292.000,mission_duration_s,247.872
292.000,distance_traveled_m,59.655994739954934
292.000,route_deviations,3
292.000,investigation_time_s,24.80000000000004
292.000,hazard_avoidances,1
292.000,min_hazard_distance_m,4.842431882683603
292.000,collisions,0
292.000,time_below_clearance_s,0.0
292.000,safety_zone_violations,0
292.000,min_ttc_s,18.605863253968785
292.000,avoid_success,1
292.000,avoid_timeout,0
292.000,q_convergence,0.7697061515420879
292.000,update_residual,0.10565966039272558
292.000,investigation_deferred,0
292.000,nav_aborted,0
292.000,nav_canceled,0
292.000,nav_rejected,0
292.000,run_seed,2
293.000,anomalies_detected,2
293.000,anomalies_unique,2
293.000,investigation_timeouts,0
293.000,mission_duration_s,248.872
293.000,distance_traveled_m,59.908714734825814
293.000,route_deviations,3
293.000,investigation_time_s,24.80000000000004
293.000,hazard_avoidances,1
293.000,min_hazard_distance_m,4.842431882683603
293.000,collisions,0
293.000,time_below_clearance_s,0.0
293.000,safety_zone_violations,0
293.000,min_ttc_s,18.605863253968785
293.000,avoid_success,1
293.000,avoid_timeout,0
293.000,q_convergence,0.634130724898713
293.000,update_residual,0.08779876094261059
293.000,investigation_deferred,0
293.000,nav_aborted,0
293.000,nav_canceled,0
293.000,nav_rejected,0
293.000,run_seed,2
294.000,anomalies_detected,2
294.000,anomalies_unique,2
294.000,investigation_timeouts,0
294.000,mission_duration_s,249.872
294.000,distance_traveled_m,60.17079473102479
294.000,route_deviations,3
294.000,investigation_time_s,24.80000000000004
294.000,hazard_avoidances,1
294.000,min_hazard_distance_m,4.842431882683603
294.000,collisions,0
294.000,time_below_clearance_s,0.0
294.000,safety_zone_violations,0
294.000,min_ttc_s,18.605863253968785
294.000,avoid_success,1
294.000,avoid_timeout,0
294.000,q_convergence,0.5210315759553125
294.000,update_residual,0.07648884604827053
294.000,investigation_deferred,0
294.000,nav_aborted,0
294.000,nav_canceled,0
294.000,nav_rejected,0
294.000,run_seed,2
295.000,anomalies_detected,2
295.000,anomalies_unique,2
295.000,investigation_timeouts,0
295.000,mission_duration_s,250.872
295.000,distance_traveled_m,60.43287363836115
295.000,route_deviations,3
295.000,investigation_time_s,24.80000000000004
295.000,hazard_avoidances,1
295.000,min_hazard_distance_m,4.842431882683603
295.000,collisions,0
295.000,time_below_clearance_s,0.0
295.000,safety_zone_violations,0
295.000,min_ttc_s,18.605863253968785
295.000,avoid_success,1
295.000,avoid_timeout,0
295.000,q_convergence,1.2746845408183134
295.000,update_residual,0.14523516995454142
295.000,investigation_deferred,0
295.000,nav_aborted,0
295.000,nav_canceled,0
295.000,nav_rejected,0
295.000,run_seed,2
296.000,anomalies_detected,2
296.000,anomalies_unique,2
296.000,investigation_timeouts,0
296.000,mission_duration_s,251.872
296.000,distance_traveled_m,60.61551406617827
296.000,route_deviations,3
296.000,investigation_time_s,24.80000000000004
296.000,hazard_avoidances,1
296.000,min_hazard_distance_m,4.842431882683603
296.000,collisions,0
296.000,time_below_clearance_s,0.0
296.000,safety_zone_violations,0
296.000,min_ttc_s,18.605863253968785
296.000,avoid_success,1
296.000,avoid_timeout,0
296.000,q_convergence,0.8850083200957869
296.000,update_residual,0.10611949191668282
296.000,investigation_deferred,0
296.000,nav_aborted,0
296.000,nav_canceled,0
296.000,nav_rejected,0
296.000,run_seed,2
297.000,anomalies_detected,2
297.000,anomalies_unique,2
297.000,investigation_timeouts,0
297.000,mission_duration_s,252.872
297.000,distance_traveled_m,60.65242010724517
297.000,route_deviations,3
297.000,investigation_time_s,24.80000000000004
297.000,hazard_avoidances,1
297.000,min_hazard_distance_m,4.842431882683603
297.000,collisions,0
297.000,time_below_clearance_s,0.0
297.000,safety_zone_violations,0
297.000,min_ttc_s,18.605863253968785
297.000,avoid_success,1
297.000,avoid_timeout,0
297.000,q_convergence,0.7460480242883011
297.000,update_residual,0.09222346233593422
297.000,investigation_deferred,0
297.000,nav_aborted,0
297.000,nav_canceled,0
297.000,nav_rejected,0
297.000,run_seed,2
298.000,anomalies_detected,2
298.000,anomalies_unique,2
298.000,investigation_timeouts,0
298.000,mission_duration_s,253.872
298.000,distance_traveled_m,60.708287528714294
298.000,route_deviations,3
298.000,investigation_time_s,24.80000000000004
298.000,hazard_avoidances,1
298.000,min_hazard_distance_m,4.842431882683603
298.000,collisions,0
298.000,time_below_clearance_s,0.0
298.000,safety_zone_violations,0
298.000,min_ttc_s,18.605863253968785
298.000,avoid_success,1
298.000,avoid_timeout,0
298.000,q_convergence,0.6288974793420451
298.000,update_residual,0.07786560885524302
298.000,investigation_deferred,0
298.000,nav_aborted,0
298.000,nav_canceled,0
298.000,nav_rejected,0
298.000,run_seed,2
299.000,anomalies_detected,2
299.000,anomalies_unique,2
299.000,investigation_timeouts,0
299.000,mission_duration_s,254.872
299.000,distance_traveled_m,60.83330791311893
299.000,route_deviations,3
299.000,investigation_time_s,24.80000000000004
299.000,hazard_avoidances,1
299.000,min_hazard_distance_m,4.842431882683603
299.000,collisions,0
299.000,time_below_clearance_s,0.0
299.000,safety_zone_violations,0
299.000,min_ttc_s,18.605863253968785
299.000,avoid_success,1
299.000,avoid_timeout,0
299.000,q_convergence,0.5301245555819035
299.000,update_residual,0.0657419373410731
299.000,investigation_deferred,0
299.000,nav_aborted,0
299.000,nav_canceled,0
299.000,nav_rejected,0
299.000,run_seed,2
300.000,anomalies_detected,2
300.000,anomalies_unique,2
300.000,investigation_timeouts,0
300.000,mission_duration_s,255.872
300.000,distance_traveled_m,60.925778605711145
300.000,route_deviations,3
300.000,investigation_time_s,24.80000000000004
300.000,hazard_avoidances,1
300.000,min_hazard_distance_m,4.842431882683603
300.000,collisions,0
300.000,time_below_clearance_s,0.0
300.000,safety_zone_violations,0
300.000,min_ttc_s,18.605863253968785
300.000,avoid_success,1
300.000,avoid_timeout,0
300.000,q_convergence,0.44403745796325633
300.000,update_residual,0.05713322757920838
300.000,investigation_deferred,0
300.000,nav_aborted,0
300.000,nav_canceled,0
300.000,nav_rejected,0
300.000,run_seed,2
301.000,anomalies_detected,2
301.000,anomalies_unique,2
301.000,investigation_timeouts,0
301.000,mission_duration_s,256.872
301.000,distance_traveled_m,61.10836272197727
301.000,route_deviations,3
301.000,investigation_time_s,24.80000000000004
301.000,hazard_avoidances,1
301.000,min_hazard_distance_m,4.842431882683603
301.000,collisions,0
301.000,time_below_clearance_s,0.0
301.000,safety_zone_violations,0
301.000,min_ttc_s,18.605863253968785
301.000,avoid_success,1
301.000,avoid_timeout,0
301.000,q_convergence,0.3704579215629082
301.000,update_residual,0.047865851671741136
301.000,investigation_deferred,0
301.000,nav_aborted,0
301.000,nav_canceled,0
301.000,nav_rejected,0
301.000,run_seed,2
302.000,anomalies_detected,2
302.000,anomalies_unique,2
302.000,investigation_timeouts,0
302.000,mission_duration_s,257.872
302.000,distance_traveled_m,61.361082155517344
302.000,route_deviations,3
302.000,investigation_time_s,24.80000000000004
302.000,hazard_avoidances,1
302.000,min_hazard_distance_m,4.842431882683603
302.000,collisions,0
302.000,time_below_clearance_s,0.0
302.000,safety_zone_violations,0
302.000,min_ttc_s,18.605863253968785
302.000,avoid_success,1
302.000,avoid_timeout,0
302.000,q_convergence,0.3077790226420141
302.000,update_residual,0.04159796177965174
302.000,investigation_deferred,0
302.000,nav_aborted,0
302.000,nav_canceled,0
302.000,nav_rejected,0
302.000,run_seed,2
303.000,anomalies_detected,2
303.000,anomalies_unique,2
303.000,investigation_timeouts,0
303.000,mission_duration_s,258.872
303.000,distance_traveled_m,61.623162149562226
303.000,route_deviations,3
303.000,investigation_time_s,24.80000000000004
303.000,hazard_avoidances,1
303.000,min_hazard_distance_m,4.842431882683603
303.000,collisions,0
303.000,time_below_clearance_s,0.0
303.000,safety_zone_violations,0
303.000,min_ttc_s,18.605863253968785
303.000,avoid_success,1
303.000,avoid_timeout,0
303.000,q_convergence,0.25520633968205336
303.000,update_residual,0.03471768455633811
303.000,investigation_deferred,0
303.000,nav_aborted,0
303.000,nav_canceled,0
303.000,nav_rejected,0
303.000,run_seed,2
304.000,anomalies_detected,2
304.000,anomalies_unique,2
304.000,investigation_timeouts,0
304.000,mission_duration_s,259.872
304.000,distance_traveled_m,61.88524214879911
304.000,route_deviations,3
304.000,investigation_time_s,24.80000000000004
304.000,hazard_avoidances,1
304.000,min_hazard_distance_m,4.842431882683603
304.000,collisions,0
304.000,time_below_clearance_s,0.0
304.000,safety_zone_violations,0
304.000,min_ttc_s,18.605863253968785
304.000,avoid_success,1
304.000,avoid_timeout,0
304.000,q_convergence,0.21141119163910455
304.000,update_residual,0.02895861216382331
304.000,investigation_deferred,0
304.000,nav_aborted,0
304.000,nav_canceled,0
304.000,nav_rejected,0
304.000,run_seed,2
305.000,anomalies_detected,2
305.000,anomalies_unique,2
305.000,investigation_timeouts,0
305.000,mission_duration_s,260.872
305.000,distance_traveled_m,62.14732211006329
305.000,route_deviations,3
305.000,investigation_time_s,24.80000000000004
305.000,hazard_avoidances,1
305.000,min_hazard_distance_m,4.842431882683603
305.000,collisions,0
305.000,time_below_clearance_s,0.0
305.000,safety_zone_violations,0
305.000,min_ttc_s,18.605863253968785
305.000,avoid_success,1
305.000,avoid_timeout,0
305.000,q_convergence,1.4158244474059134
305.000,update_residual,0.1477526802869511
305.000,investigation_deferred,0
305.000,nav_aborted,0
305.000,nav_canceled,0
305.000,nav_rejected,0
305.000,run_seed,2
306.000,anomalies_detected,2
306.000,anomalies_unique,2
306.000,investigation_timeouts,0
306.000,mission_duration_s,261.872
306.000,distance_traveled_m,62.40004210741291
306.000,route_deviations,3
306.000,investigation_time_s,24.80000000000004
306.000,hazard_avoidances,1
306.000,min_hazard_distance_m,4.842431882683603
306.000,collisions,0
306.000,time_below_clearance_s,0.0
306.000,safety_zone_violations,0
306.000,min_ttc_s,18.605863253968785
306.000,avoid_success,1
306.000,avoid_timeout,0
306.000,q_convergence,0.8541636443474424
306.000,update_residual,0.09206123348467017
306.000,investigation_deferred,0
306.000,nav_aborted,0
306.000,nav_canceled,0
306.000,nav_rejected,0
306.000,run_seed,2
307.000,anomalies_detected,2
307.000,anomalies_unique,2
307.000,investigation_timeouts,0
307.000,mission_duration_s,262.872
307.000,distance_traveled_m,62.66212210085511
307.000,route_deviations,3
307.000,investigation_time_s,24.80000000000004
307.000,hazard_avoidances,1
307.000,min_hazard_distance_m,4.842431882683603
307.000,collisions,0
307.000,time_below_clearance_s,0.0
307.000,safety_zone_violations,0
307.000,min_ttc_s,18.605863253968785
307.000,avoid_success,1
307.000,avoid_timeout,0
307.000,q_convergence,0.7361954058584298
307.000,update_residual,0.07926767927828003
307.000,investigation_deferred,0
307.000,nav_aborted,0
307.000,nav_canceled,0
307.000,nav_rejected,0
307.000,run_seed,2
308.000,anomalies_detected,2
308.000,anomalies_unique,2
308.000,investigation_timeouts,0
308.000,mission_duration_s,263.872
308.000,distance_traveled_m,62.92420209285092
308.000,route_deviations,3
308.000,investigation_time_s,24.80000000000004
308.000,hazard_avoidances,1
308.000,min_hazard_distance_m,4.842431882683603
308.000,collisions,0
308.000,time_below_clearance_s,0.0
308.000,safety_zone_violations,0
308.000,min_ttc_s,18.605863253968785
308.000,avoid_success,1
308.000,avoid_timeout,0
308.000,q_convergence,0.6347130372771461
308.000,update_residual,0.06827222161628613
308.000,investigation_deferred,0
308.000,nav_aborted,0
308.000,nav_canceled,0
308.000,nav_rejected,0
308.000,run_seed,2
309.000,anomalies_detected,2
309.000,anomalies_unique,2
309.000,investigation_timeouts,0
309.000,mission_duration_s,264.872
309.000,distance_traveled_m,63.18628209153672
309.000,route_deviations,3
309.000,investigation_time_s,24.80000000000004
309.000,hazard_avoidances,1
309.000,min_hazard_distance_m,4.842431882683603
309.000,collisions,0
309.000,time_below_clearance_s,0.0
309.000,safety_zone_violations,0
309.000,min_ttc_s,18.605863253968785
309.000,avoid_success,1
309.000,avoid_timeout,0
309.000,q_convergence,0.9332283258473676
309.000,update_residual,0.09778082776698171
309.000,investigation_deferred,0
309.000,nav_aborted,0
309.000,nav_canceled,0
309.000,nav_rejected,0
309.000,run_seed,2
310.000,anomalies_detected,2
310.000,anomalies_unique,2
310.000,investigation_timeouts,0
310.000,mission_duration_s,265.872
310.000,distance_traveled_m,63.44836209088363
310.000,route_deviations,3
310.000,investigation_time_s,24.80000000000004
310.000,hazard_avoidances,1
310.000,min_hazard_distance_m,4.842431882683603
310.000,collisions,0
310.000,time_below_clearance_s,0.0
310.000,safety_zone_violations,0
310.000,min_ttc_s,18.605863253968785
310.000,avoid_success,1
310.000,avoid_timeout,0
310.000,q_convergence,0.9036548753526995
310.000,update_residual,0.09444626774055573
310.000,investigation_deferred,0
310.000,nav_aborted,0
310.000,nav_canceled,0
310.000,nav_rejected,0
310.000,run_seed,2
311.000,anomalies_detected,2
311.000,anomalies_unique,2
311.000,investigation_timeouts,0
311.000,mission_duration_s,266.872
311.000,distance_traveled_m,63.701082050616385
311.000,route_deviations,3
311.000,investigation_time_s,24.80000000000004
311.000,hazard_avoidances,1
311.000,min_hazard_distance_m,4.842431882683603
311.000,collisions,0
311.000,time_below_clearance_s,0.0
311.000,safety_zone_violations,0
311.000,min_ttc_s,18.605863253968785
311.000,avoid_success,1
311.000,avoid_timeout,0
311.000,q_convergence,0.9212259457125854
311.000,update_residual,0.09591189047616679
311.000,investigation_deferred,0
311.000,nav_aborted,0
311.000,nav_canceled,0
311.000,nav_rejected,0
311.000,run_seed,2
312.000,anomalies_detected,2
312.000,anomalies_unique,2
312.000,investigation_timeouts,0
312.000,mission_duration_s,267.872
312.000,distance_traveled_m,63.96316204561286
312.000,route_deviations,3
312.000,investigation_time_s,24.80000000000004
312.000,hazard_avoidances,1
312.000,min_hazard_distance_m,4.842431882683603
312.000,collisions,0
312.000,time_below_clearance_s,0.0
312.000,safety_zone_violations,0
312.000,min_ttc_s,18.605863253968785
312.000,avoid_success,1
312.000,avoid_timeout,0
312.000,q_convergence,0.9305860181209186
312.000,update_residual,0.09652726498658473
312.000,investigation_deferred,0
312.000,nav_aborted,0
312.000,nav_canceled,0
312.000,nav_rejected,0
312.000,run_seed,2
313.000,anomalies_detected,2
313.000,anomalies_unique,2
313.000,investigation_timeouts,0
313.000,mission_duration_s,268.872
313.000,distance_traveled_m,64.22524203982637
313.000,route_deviations,3
313.000,investigation_time_s,24.80000000000004
313.000,hazard_avoidances,1
313.000,min_hazard_distance_m,4.842431882683603
313.000,collisions,0
313.000,time_below_clearance_s,0.0
313.000,safety_zone_violations,0
313.000,min_ttc_s,18.605863253968785
313.000,avoid_success,1
313.000,avoid_timeout,0
313.000,q_convergence,0.8063399453217167
313.000,update_residual,0.08410265770666454
313.000,investigation_deferred,0
313.000,nav_aborted,0
313.000,nav_canceled,0
313.000,nav_rejected,0
313.000,run_seed,2
314.000,anomalies_detected,2
314.000,anomalies_unique,2
314.000,investigation_timeouts,0
314.000,mission_duration_s,269.872
314.000,distance_traveled_m,64.48732203259013
314.000,route_deviations,3
314.000,investigation_time_s,24.80000000000004
314.000,hazard_avoidances,1
314.000,min_hazard_distance_m,4.842431882683603
314.000,collisions,0
314.000,time_below_clearance_s,0.0
314.000,safety_zone_violations,0
314.000,min_ttc_s,18.605863253968785
314.000,avoid_success,1
314.000,avoid_timeout,0
314.000,q_convergence,1.1041503715393945
314.000,update_residual,0.29993711905149495
314.000,investigation_deferred,0
314.000,nav_aborted,0
314.000,nav_canceled,0
314.000,nav_rejected,0
314.000,run_seed,2
315.000,anomalies_detected,2
315.000,anomalies_unique,2
315.000,investigation_timeouts,0
315.000,mission_duration_s,270.872
315.000,distance_traveled_m,64.74004203047939
315.000,route_deviations,3
315.000,investigation_time_s,24.80000000000004
315.000,hazard_avoidances,1
315.000,min_hazard_distance_m,4.842431882683603
315.000,collisions,0
315.000,time_below_clearance_s,0.0
315.000,safety_zone_violations,0
315.000,min_ttc_s,18.605863253968785
315.000,avoid_success,1
315.000,avoid_timeout,0
315.000,q_convergence,0.6097396700575841
315.000,update_residual,0.2924697087344078
315.000,investigation_deferred,0
315.000,nav_aborted,0
315.000,nav_canceled,0
315.000,nav_rejected,0
315.000,run_seed,2
316.000,anomalies_detected,3
316.000,anomalies_unique,2
316.000,investigation_timeouts,0
316.000,mission_duration_s,271.872
316.000,distance_traveled_m,65.00211983991521
316.000,route_deviations,4
316.000,investigation_time_s,25.60000000000005
316.000,hazard_avoidances,1
316.000,min_hazard_distance_m,4.842431882683603
316.000,collisions,0
316.000,time_below_clearance_s,0.0
316.000,safety_zone_violations,0
316.000,min_ttc_s,18.605863253968785
316.000,avoid_success,1
316.000,avoid_timeout,0
316.000,q_convergence,0.2265514492822254
316.000,update_residual,0.2644251026350331
316.000,investigation_deferred,0
316.000,nav_aborted,0
316.000,nav_canceled,0
316.000,nav_rejected,0
316.000,run_seed,2
317.000,anomalies_detected,3
317.000,anomalies_unique,2
317.000,investigation_timeouts,0
317.000,mission_duration_s,272.872
317.000,distance_traveled_m,65.26419749358443
317.000,route_deviations,4
317.000,investigation_time_s,26.60000000000005
317.000,hazard_avoidances,1
317.000,min_hazard_distance_m,4.842431882683603
317.000,collisions,0
317.000,time_below_clearance_s,0.0
317.000,safety_zone_violations,0
317.000,min_ttc_s,18.605863253968785
317.000,avoid_success,1
317.000,avoid_timeout,0
317.000,q_convergence,0.1267861750316233
317.000,update_residual,0.23730422389151334
317.000,investigation_deferred,0
317.000,nav_aborted,0
317.000,nav_canceled,0
317.000,nav_rejected,0
317.000,run_seed,2
318.000,anomalies_detected,3
318.000,anomalies_unique,2
318.000,investigation_timeouts,0
318.000,mission_duration_s,273.872
318.000,distance_traveled_m,65.52627746700803
318.000,route_deviations,4
318.000,investigation_time_s,27.60000000000005
318.000,hazard_avoidances,1
318.000,min_hazard_distance_m,4.842431882683603
318.000,collisions,0
318.000,time_below_clearance_s,0.0
318.000,safety_zone_violations,0
318.000,min_ttc_s,18.605863253968785
318.000,avoid_success,1
318.000,avoid_timeout,0
318.000,q_convergence,1.6126590016585365
318.000,update_residual,0.33974701806327984
318.000,investigation_deferred,0
318.000,nav_aborted,0
318.000,nav_canceled,0
318.000,nav_rejected,0
318.000,run_seed,2
319.000,anomalies_detected,3
319.000,anomalies_unique,2
319.000,investigation_timeouts,0
319.000,mission_duration_s,274.872
319.000,distance_traveled_m,65.78835746399812
319.000,route_deviations,4
319.000,investigation_time_s,28.60000000000005
319.000,hazard_avoidances,1
319.000,min_hazard_distance_m,4.842431882683603
319.000,collisions,0
319.000,time_below_clearance_s,0.0
319.000,safety_zone_violations,0
319.000,min_ttc_s,18.605863253968785
319.000,avoid_success,1
319.000,avoid_timeout,0
319.000,q_convergence,0.5333481324834293
319.000,update_residual,0.2651977319884899
319.000,investigation_deferred,0
319.000,nav_aborted,0
319.000,nav_canceled,0
319.000,nav_rejected,0
319.000,run_seed,2
320.000,anomalies_detected,3
320.000,anomalies_unique,2
320.000,investigation_timeouts,0
320.000,mission_duration_s,275.872
320.000,distance_traveled_m,66.04107744431643
320.000,route_deviations,4
320.000,investigation_time_s,29.60000000000005
320.000,hazard_avoidances,1
320.000,min_hazard_distance_m,4.842431882683603
320.000,collisions,0
320.000,time_below_clearance_s,0.0
320.000,safety_zone_violations,0
320.000,min_ttc_s,18.605863253968785
320.000,avoid_success,1
320.000,avoid_timeout,0
320.000,q_convergence,0.8298936746279301
320.000,update_residual,0.2502097426112661
320.000,investigation_deferred,0
320.000,nav_aborted,0
320.000,nav_canceled,0
320.000,nav_rejected,0
320.000,run_seed,2
321.000,anomalies_detected,3
321.000,anomalies_unique,2
321.000,investigation_timeouts,0
321.000,mission_duration_s,276.872
321.000,distance_traveled_m,66.30315742372146
321.000,route_deviations,4
321.000,investigation_time_s,30.60000000000005
321.000,hazard_avoidances,1
321.000,min_hazard_distance_m,4.842431882683603
321.000,collisions,0
321.000,time_below_clearance_s,0.0
321.000,safety_zone_violations,0
321.000,min_ttc_s,18.605863253968785
321.000,avoid_success,1
321.000,avoid_timeout,0
321.000,q_convergence,0.8421569056113692
321.000,update_residual,0.23728664935089297
321.000,investigation_deferred,0
321.000,nav_aborted,0
321.000,nav_canceled,0
321.000,nav_rejected,0
321.000,run_seed,2
322.000,anomalies_detected,3
322.000,anomalies_unique,2
322.000,investigation_timeouts,0
322.000,mission_duration_s,277.872
322.000,distance_traveled_m,66.56523739633732
322.000,route_deviations,4
322.000,investigation_time_s,31.60000000000005
322.000,hazard_avoidances,1
322.000,min_hazard_distance_m,4.842431882683603
322.000,collisions,0
322.000,time_below_clearance_s,0.0
322.000,safety_zone_violations,0
322.000,min_ttc_s,18.605863253968785
322.000,avoid_success,1
322.000,avoid_timeout,0
322.000,q_convergence,1.0402049425744617
322.000,update_residual,0.24615781313364832
322.000,investigation_deferred,0
322.000,nav_aborted,0
322.000,nav_canceled,0
322.000,nav_rejected,0
322.000,run_seed,2
323.000,anomalies_detected,3
323.000,anomalies_unique,2
323.000,investigation_timeouts,0
323.000,mission_duration_s,278.872
323.000,distance_traveled_m,66.7866753864166
323.000,route_deviations,4
323.000,investigation_time_s,32.60000000000005
323.000,hazard_avoidances,1
323.000,min_hazard_distance_m,4.842431882683603
323.000,collisions,0
323.000,time_below_clearance_s,0.0
323.000,safety_zone_violations,0
323.000,min_ttc_s,18.605863253968785
323.000,avoid_success,1
323.000,avoid_timeout,0
323.000,q_convergence,0.6797520575452796
323.000,update_residual,0.19808552072582072
323.000,investigation_deferred,0
323.000,nav_aborted,0
323.000,nav_canceled,0
323.000,nav_rejected,0
323.000,run_seed,2
324.000,anomalies_detected,3
324.000,anomalies_unique,2
324.000,investigation_timeouts,0
324.000,mission_duration_s,279.872
324.000,distance_traveled_m,66.78667538642323
324.000,route_deviations,4
324.000,investigation_time_s,33.60000000000005
324.000,hazard_avoidances,1
324.000,min_hazard_distance_m,4.842431882683603
324.000,collisions,0
324.000,time_below_clearance_s,0.0
324.000,safety_zone_violations,0
324.000,min_ttc_s,18.605863253968785
324.000,avoid_success,1
324.000,avoid_timeout,0
324.000,q_convergence,0.4203650018962441
324.000,update_residual,0.17214681516091712
324.000,investigation_deferred,0
324.000,nav_aborted,0
324.000,nav_canceled,0
324.000,nav_rejected,0
324.000,run_seed,2
325.000,anomalies_detected,3
325.000,anomalies_unique,2
325.000,investigation_timeouts,0
325.000,mission_duration_s,280.872
325.000,distance_traveled_m,66.78667538642323
325.000,route_deviations,4
325.000,investigation_time_s,34.60000000000005
325.000,hazard_avoidances,1
325.000,min_hazard_distance_m,4.842431882683603
325.000,collisions,0
325.000,time_below_clearance_s,0.0
325.000,safety_zone_violations,0
325.000,min_ttc_s,18.605863253968785
325.000,avoid_success,1
325.000,avoid_timeout,0
325.000,q_convergence,1.3238307535306393
325.000,update_residual,0.2347847121360258
325.000,investigation_deferred,0
325.000,nav_aborted,0
325.000,nav_canceled,0
325.000,nav_rejected,0
325.000,run_seed,2
326.000,anomalies_detected,3
326.000,anomalies_unique,2
326.000,investigation_timeouts,0
326.000,mission_duration_s,281.872
326.000,distance_traveled_m,66.78667538642323
326.000,route_deviations,4
326.000,investigation_time_s,35.60000000000005
326.000,hazard_avoidances,1
326.000,min_hazard_distance_m,4.842431882683603
326.000,collisions,0
326.000,time_below_clearance_s,0.0
326.000,safety_zone_violations,0
326.000,min_ttc_s,18.605863253968785
326.000,avoid_success,1
326.000,avoid_timeout,0
326.000,q_convergence,0.6338617896077147
326.000,update_residual,0.15739088152753045
326.000,investigation_deferred,0
326.000,nav_aborted,0
326.000,nav_canceled,0
326.000,nav_rejected,0
326.000,run_seed,2
327.000,anomalies_detected,3
327.000,anomalies_unique,3
327.000,investigation_timeouts,0
327.000,mission_duration_s,282.872
327.000,distance_traveled_m,66.78667538642323
327.000,route_deviations,4
327.000,investigation_time_s,35.60000000000005
327.000,hazard_avoidances,1
327.000,min_hazard_distance_m,4.842431882683603
327.000,collisions,0
327.000,time_below_clearance_s,0.0
327.000,safety_zone_violations,0
327.000,min_ttc_s,18.605863253968785
327.000,avoid_success,1
327.000,avoid_timeout,0
327.000,q_convergence,0.42776314496250467
327.000,update_residual,0.13678101706300944
327.000,investigation_deferred,0
327.000,nav_aborted,0
327.000,nav_canceled,0
327.000,nav_rejected,0
327.000,run_seed,2
328.000,anomalies_detected,3
328.000,anomalies_unique,3
328.000,investigation_timeouts,0
328.000,mission_duration_s,283.872
328.000,distance_traveled_m,66.87757064859022
328.000,route_deviations,4
328.000,investigation_time_s,35.60000000000005
328.000,hazard_avoidances,1
328.000,min_hazard_distance_m,4.842431882683603
328.000,collisions,0
328.000,time_below_clearance_s,0.0
328.000,safety_zone_violations,0
328.000,min_ttc_s,18.605863253968785
328.000,avoid_success,1
328.000,avoid_timeout,0
328.000,q_convergence,0.25777061638687815
328.000,update_residual,0.10568105882043297
328.000,investigation_deferred,0
328.000,nav_aborted,0
328.000,nav_canceled,0
328.000,nav_rejected,0
328.000,run_seed,2
329.000,anomalies_detected,3
329.000,anomalies_unique,3
329.000,investigation_timeouts,0
329.000,mission_duration_s,284.872
329.000,distance_traveled_m,67.12981730432953
329.000,route_deviations,4
329.000,investigation_time_s,35.60000000000005
329.000,hazard_avoidances,1
329.000,min_hazard_distance_m,4.842431882683603
329.000,collisions,0
329.000,time_below_clearance_s,0.0
329.000,safety_zone_violations,0
329.000,min_ttc_s,18.605863253968785
329.000,avoid_success,1
329.000,avoid_timeout,0
329.000,q_convergence,0.11938443558546893
329.000,update_residual,0.09184244074029202
329.000,investigation_deferred,0
329.000,nav_aborted,0
329.000,nav_canceled,0
329.000,nav_rejected,0
329.000,run_seed,2
330.000,anomalies_detected,3
330.000,anomalies_unique,3
330.000,investigation_timeouts,0
330.000,mission_duration_s,285.872
330.000,distance_traveled_m,67.39189726748417
330.000,route_deviations,4
330.000,investigation_time_s,35.60000000000005
330.000,hazard_avoidances,1
330.000,min_hazard_distance_m,4.842431882683603
330.000,collisions,0
330.000,time_below_clearance_s,0.0
330.000,safety_zone_violations,0
330.000,min_ttc_s,18.605863253968785
330.000,avoid_success,1
330.000,avoid_timeout,0
330.000,q_convergence,0.023952915693148422
330.000,update_residual,0.06877358905387476
330.000,investigation_deferred,0
330.000,nav_aborted,0
330.000,nav_canceled,0
330.000,nav_rejected,0
330.000,run_seed,2
331.000,anomalies_detected,3
331.000,anomalies_unique,3
331.000,investigation_timeouts,0
331.000,mission_duration_s,286.872
331.000,distance_traveled_m,67.65397726036379
331.000,route_deviations,4
331.000,investigation_time_s,35.60000000000005
331.000,hazard_avoidances,1
331.000,min_hazard_distance_m,4.842431882683603
331.000,collisions,0
331.000,time_below_clearance_s,0.0
331.000,safety_zone_violations,0
331.000,min_ttc_s,18.605863253968785
331.000,avoid_success,1
331.000,avoid_timeout,0
331.000,q_convergence,0.07997072575117807
331.000,update_residual,0.05992132502936557
331.000,investigation_deferred,0
331.000,nav_aborted,0
331.000,nav_canceled,0
331.000,nav_rejected,0
331.000,run_seed,2
332.000,anomalies_detected,3
332.000,anomalies_unique,3
332.000,investigation_timeouts,0
332.000,mission_duration_s,287.872
332.000,distance_traveled_m,67.91605725702065
332.000,route_deviations,4
332.000,investigation_time_s,35.60000000000005
332.000,hazard_avoidances,1
332.000,min_hazard_distance_m,4.842431882683603
332.000,collisions,0
332.000,time_below_clearance_s,0.0
332.000,safety_zone_violations,0
332.000,min_ttc_s,18.605863253968785
332.000,avoid_success,1
332.000,avoid_timeout,0
332.000,q_convergence,1.4957793991645298
332.000,update_residual,0.1976957224810611
332.000,investigation_deferred,0
332.000,nav_aborted,0
332.000,nav_canceled,0
332.000,nav_rejected,0
332.000,run_seed,2
333.000,anomalies_detected,3
333.000,anomalies_unique,3
333.000,investigation_timeouts,0
333.000,mission_duration_s,288.872
333.000,distance_traveled_m,68.1687772528706
333.000,route_deviations,4
333.000,investigation_time_s,35.60000000000005
333.000,hazard_avoidances,1
333.000,min_hazard_distance_m,4.842431882683603
333.000,collisions,0
333.000,time_below_clearance_s,0.0
333.000,safety_zone_violations,0
333.000,min_ttc_s,18.605863253968785
333.000,avoid_success,1
333.000,avoid_timeout,0
333.000,q_convergence,0.9821511589352353
333.000,update_residual,0.15182213685991935
333.000,investigation_deferred,0
333.000,nav_aborted,0
333.000,nav_canceled,0
333.000,nav_rejected,0
333.000,run_seed,2
334.000,anomalies_detected,3
334.000,anomalies_unique,3
334.000,investigation_timeouts,0
334.000,mission_duration_s,289.872
334.000,distance_traveled_m,68.43085724882602
334.000,route_deviations,4
334.000,investigation_time_s,35.60000000000005
334.000,hazard_avoidances,1
334.000,min_hazard_distance_m,4.842431882683603
334.000,collisions,0
334.000,time_below_clearance_s,0.0
334.000,safety_zone_violations,0
334.000,min_ttc_s,18.605863253968785
334.000,avoid_success,1
334.000,avoid_timeout,0
334.000,q_convergence,0.8347181778621526
334.000,update_residual,0.13254286005545454
334.000,investigation_deferred,0
334.000,nav_aborted,0
334.000,nav_canceled,0
334.000,nav_rejected,0
334.000,run_seed,2
335.000,anomalies_detected,3
335.000,anomalies_unique,3
335.000,investigation_timeouts,0
335.000,mission_duration_s,290.872
335.000,distance_traveled_m,68.6929372299347
335.000,route_deviations,4
335.000,investigation_time_s,35.60000000000005
335.000,hazard_avoidances,1
335.000,min_hazard_distance_m,4.842431882683603
335.000,collisions,0
335.000,time_below_clearance_s,0.0
335.000,safety_zone_violations,0
335.000,min_ttc_s,18.605863253968785
335.000,avoid_success,1
335.000,avoid_timeout,0
335.000,q_convergence,0.6688739708911697
335.000,update_residual,0.10859778301797031
335.000,investigation_deferred,0
335.000,nav_aborted,0
335.000,nav_canceled,0
335.000,nav_rejected,0
335.000,run_seed,2
336.000,anomalies_detected,3
336.000,anomalies_unique,3
336.000,investigation_timeouts,0
336.000,mission_duration_s,291.872
336.000,distance_traveled_m,68.95501720256199
336.000,route_deviations,4
336.000,investigation_time_s,35.60000000000005
336.000,hazard_avoidances,1
336.000,min_hazard_distance_m,4.842431882683603
336.000,collisions,0
336.000,time_below_clearance_s,0.0
336.000,safety_zone_violations,0
336.000,min_ttc_s,18.605863253968785
336.000,avoid_success,1
336.000,avoid_timeout,0
336.000,q_convergence,1.0765664262927397
336.000,update_residual,0.14638771527749492
336.000,investigation_deferred,0
336.000,nav_aborted,0
336.000,nav_canceled,0
336.000,nav_rejected,0
336.000,run_seed,2
337.000,anomalies_detected,3
337.000,anomalies_unique,3
337.000,investigation_timeouts,0
337.000,mission_duration_s,292.872
337.000,distance_traveled_m,69.2170971872397
337.000,route_deviations,4
337.000,investigation_time_s,35.60000000000005
337.000,hazard_avoidances,1
337.000,min_hazard_distance_m,4.842431882683603
337.000,collisions,0
337.000,time_below_clearance_s,0.0
337.000,safety_zone_violations,0
337.000,min_ttc_s,18.605863253968785
337.000,avoid_success,1
337.000,avoid_timeout,0
337.000,q_convergence,0.7980548989523663
337.000,update_residual,0.11525931793476198
337.000,investigation_deferred,0
337.000,nav_aborted,0
337.000,nav_canceled,0
337.000,nav_rejected,0
337.000,run_seed,2
338.000,anomalies_detected,3
338.000,anomalies_unique,3
338.000,investigation_timeouts,0
338.000,mission_duration_s,293.872
338.000,distance_traveled_m,69.46981717433002
338.000,route_deviations,4
338.000,investigation_time_s,35.60000000000005
338.000,hazard_avoidances,1
338.000,min_hazard_distance_m,4.842431882683603
338.000,collisions,0
338.000,time_below_clearance_s,0.0
338.000,safety_zone_violations,0
338.000,min_ttc_s,18.605863253968785
338.000,avoid_success,1
338.000,avoid_timeout,0
338.000,q_convergence,0.6471262747618309
338.000,update_residual,0.10016645551570844
338.000,investigation_deferred,0
338.000,nav_aborted,0
338.000,nav_canceled,0
338.000,nav_rejected,0
338.000,run_seed,2
339.000,anomalies_detected,3
339.000,anomalies_unique,3
339.000,investigation_timeouts,0
339.000,mission_duration_s,294.872
339.000,distance_traveled_m,69.73189715027748
339.000,route_deviations,4
339.000,investigation_time_s,35.60000000000005
339.000,hazard_avoidances,1
339.000,min_hazard_distance_m,4.842431882683603
339.000,collisions,0
339.000,time_below_clearance_s,0.0
339.000,safety_zone_violations,0
339.000,min_ttc_s,18.605863253968785
339.000,avoid_success,1
339.000,avoid_timeout,0
339.000,q_convergence,0.5214124549400329
339.000,update_residual,0.08227699932759983
339.000,investigation_deferred,0
339.000,nav_aborted,0
339.000,nav_canceled,0
339.000,nav_rejected,0
339.000,run_seed,2
340.000,anomalies_detected,3
340.000,anomalies_unique,3
340.000,investigation_timeouts,0
340.000,mission_duration_s,295.872
340.000,distance_traveled_m,69.99397712257012
340.000,route_deviations,4
340.000,investigation_time_s,35.60000000000005
340.000,hazard_avoidances,1
340.000,min_hazard_distance_m,4.842431882683603
340.000,collisions,0
340.000,time_below_clearance_s,0.0
340.000,safety_zone_violations,0
340.000,min_ttc_s,18.605863253968785
340.000,avoid_success,1
340.000,avoid_timeout,0
340.000,q_convergence,1.0174389057110131
340.000,update_residual,0.12552961056119002
340.000,investigation_deferred,0
340.000,nav_aborted,0
340.000,nav_canceled,0
340.000,nav_rejected,0
340.000,run_seed,2
341.000,anomalies_detected,3
341.000,anomalies_unique,3
341.000,investigation_timeouts,0
341.000,mission_duration_s,296.872
341.000,distance_traveled_m,70.256057120561
341.000,route_deviations,4
341.000,investigation_time_s,35.60000000000005
341.000,hazard_avoidances,1
341.000,min_hazard_distance_m,4.842431882683603
341.000,collisions,0
341.000,time_below_clearance_s,0.0
341.000,safety_zone_violations,0
341.000,min_ttc_s,18.605863253968785
341.000,avoid_success,1
341.000,avoid_timeout,0
341.000,q_convergence,0.8557423644794468
341.000,update_residual,0.11118962720650179
341.000,investigation_deferred,0
341.000,nav_aborted,0
341.000,nav_canceled,0
341.000,nav_rejected,0
341.000,run_seed,2
342.000,anomalies_detected,3
342.000,anomalies_unique,3
342.000,investigation_timeouts,0
342.000,mission_duration_s,297.872
342.000,distance_traveled_m,70.5181371151154
342.000,route_deviations,4
342.000,investigation_time_s,35.60000000000005
342.000,hazard_avoidances,1
342.000,min_hazard_distance_m,4.842431882683603
342.000,collisions,0
342.000,time_below_clearance_s,0.0
342.000,safety_zone_violations,0
342.000,min_ttc_s,18.605863253968785
342.000,avoid_success,1
342.000,avoid_timeout,0
342.000,q_convergence,0.7126274785855758
342.000,update_residual,0.09303583000333111
342.000,investigation_deferred,0
342.000,nav_aborted,0
342.000,nav_canceled,0
342.000,nav_rejected,0
342.000,run_seed,2
343.000,anomalies_detected,3
343.000,anomalies_unique,3
343.000,investigation_timeouts,0
343.000,mission_duration_s,298.872
343.000,distance_traveled_m,70.77085710075549
343.000,route_deviations,4
343.000,investigation_time_s,35.60000000000005
343.000,hazard_avoidances,1
343.000,min_hazard_distance_m,4.842431882683603
343.000,collisions,0
343.000,time_below_clearance_s,0.0
343.000,safety_zone_violations,0
343.000,min_ttc_s,18.605863253968785
343.000,avoid_success,1
343.000,avoid_timeout,0
343.000,q_convergence,1.0912633530097267
343.000,update_residual,0.12626255735935915
343.000,investigation_deferred,0
343.000,nav_aborted,0
343.000,nav_canceled,0
343.000,nav_rejected,0
343.000,run_seed,2
344.000,anomalies_detected,3
344.000,anomalies_unique,3
344.000,investigation_timeouts,0
344.000,mission_duration_s,299.872
344.000,distance_traveled_m,71.03290685575386
344.000,route_deviations,4
344.000,investigation_time_s,35.60000000000005
344.000,hazard_avoidances,1
344.000,min_hazard_distance_m,4.842431882683603
344.000,collisions,0
344.000,time_below_clearance_s,0.0
344.000,safety_zone_violations,0
344.000,min_ttc_s,18.605863253968785
344.000,avoid_success,1
344.000,avoid_timeout,0
344.000,q_convergence,0.9510392228702769
344.000,update_residual,0.11228910497986677
344.000,investigation_deferred,0
344.000,nav_aborted,0
344.000,nav_canceled,0
344.000,nav_rejected,0
344.000,run_seed,2
345.000,anomalies_detected,3
345.000,anomalies_unique,3
345.000,investigation_timeouts,0
345.000,mission_duration_s,300.872
345.000,distance_traveled_m,71.19868283571618
345.000,route_deviations,4
345.000,investigation_time_s,35.60000000000005
345.000,hazard_avoidances,1
345.000,min_hazard_distance_m,4.842431882683603
345.000,collisions,0
345.000,time_below_clearance_s,0.0
345.000,safety_zone_violations,0
345.000,min_ttc_s,18.605863253968785
345.000,avoid_success,1
345.000,avoid_timeout,0
345.000,q_convergence,0.903160302120309
345.000,update_residual,0.10604708206162979
345.000,investigation_deferred,0
345.000,nav_aborted,0
345.000,nav_canceled,0
345.000,nav_rejected,0
345.000,run_seed,2
346.000,anomalies_detected,3
346.000,anomalies_unique,3
346.000,investigation_timeouts,0
346.000,mission_duration_s,301.872
346.000,distance_traveled_m,71.23775993783674
346.000,route_deviations,4
346.000,investigation_time_s,35.60000000000005
346.000,hazard_avoidances,1
346.000,min_hazard_distance_m,4.842431882683603
346.000,collisions,0
346.000,time_below_clearance_s,0.0
346.000,safety_zone_violations,0
346.000,min_ttc_s,18.605863253968785
346.000,avoid_success,1
346.000,avoid_timeout,0
346.000,q_convergence,0.7658206799451951
346.000,update_residual,0.08995346206667854
346.000,investigation_deferred,0
346.000,nav_aborted,0
346.000,nav_canceled,0
346.000,nav_rejected,0
346.000,run_seed,2
347.000,anomalies_detected,3
347.000,anomalies_unique,3
347.000,investigation_timeouts,0
347.000,mission_duration_s,302.872
347.000,distance_traveled_m,71.29924575691955
347.000,route_deviations,4
347.000,investigation_time_s,35.60000000000005
347.000,hazard_avoidances,1
347.000,min_hazard_distance_m,4.842431882683603
347.000,collisions,0
347.000,time_below_clearance_s,0.0
347.000,safety_zone_violations,0
347.000,min_ttc_s,18.605863253968785
347.000,avoid_success,1
347.000,avoid_timeout,0
347.000,q_convergence,0.6493262927973616
347.000,update_residual,0.0762983142410713
347.000,investigation_deferred,0
347.000,nav_aborted,0
347.000,nav_canceled,0
347.000,nav_rejected,0
347.000,run_seed,2
348.000,anomalies_detected,3
348.000,anomalies_unique,3
348.000,investigation_timeouts,0
348.000,mission_duration_s,303.872
348.000,distance_traveled_m,71.3761787278212
348.000,route_deviations,4
348.000,investigation_time_s,35.60000000000005
348.000,hazard_avoidances,1
348.000,min_hazard_distance_m,4.842431882683603
348.000,collisions,0
348.000,time_below_clearance_s,0.0
348.000,safety_zone_violations,0
348.000,min_ttc_s,18.605863253968785
348.000,avoid_success,1
348.000,avoid_timeout,0
348.000,q_convergence,0.5510415981862175
348.000,update_residual,0.06646984477995692
348.000,investigation_deferred,0
348.000,nav_aborted,0
348.000,nav_canceled,0
348.000,nav_rejected,0
348.000,run_seed,2
349.000,anomalies_detected,3
349.000,anomalies_unique,3
349.000,investigation_timeouts,0
349.000,mission_duration_s,304.872
349.000,distance_traveled_m,71.52916788750612
349.000,route_deviations,4
349.000,investigation_time_s,35.60000000000005
349.000,hazard_avoidances,1
349.000,min_hazard_distance_m,4.842431882683603
349.000,collisions,0
349.000,time_below_clearance_s,0.0
349.000,safety_zone_violations,0
349.000,min_ttc_s,18.605863253968785
349.000,avoid_success,1
349.000,avoid_timeout,0
349.000,q_convergence,0.4665866766442241
349.000,update_residual,0.05631949988155731
349.000,investigation_deferred,0
349.000,nav_aborted,0
349.000,nav_canceled,0
349.000,nav_rejected,0
349.000,run_seed,2
350.000,anomalies_detected,3
350.000,anomalies_unique,3
350.000,investigation_timeouts,0
350.000,mission_duration_s,305.872
350.000,distance_traveled_m,71.79124589517727
350.000,route_deviations,4
350.000,investigation_time_s,35.60000000000005
350.000,hazard_avoidances,1
350.000,min_hazard_distance_m,4.842431882683603
350.000,collisions,0
350.000,time_below_clearance_s,0.0
350.000,safety_zone_violations,0
350.000,min_ttc_s,18.605863253968785
350.000,avoid_success,1
350.000,avoid_timeout,0
350.000,q_convergence,0.39377504438641847
350.000,update_residual,0.04758921182320651
350.000,investigation_deferred,0
350.000,nav_aborted,0
350.000,nav_canceled,0
350.000,nav_rejected,0
350.000,run_seed,2
351.000,anomalies_detected,3
351.000,anomalies_unique,3
351.000,investigation_timeouts,0
351.000,mission_duration_s,306.872
351.000,distance_traveled_m,72.0439657233529
351.000,route_deviations,4
351.000,investigation_time_s,35.60000000000005
351.000,hazard_avoidances,1
351.000,min_hazard_distance_m,4.842431882683603
351.000,collisions,0
351.000,time_below_clearance_s,0.0
351.000,safety_zone_violations,0
351.000,min_ttc_s,18.605863253968785
351.000,avoid_success,1
351.000,avoid_timeout,0
351.000,q_convergence,0.3314583970603085
351.000,update_residual,0.04135754709059552
351.000,investigation_deferred,0
351.000,nav_aborted,0
351.000,nav_canceled,0
351.000,nav_rejected,0
351.000,run_seed,2
352.000,anomalies_detected,3
352.000,anomalies_unique,3
352.000,investigation_timeouts,0
352.000,mission_duration_s,307.872
352.000,distance_traveled_m,72.30604566595564
352.000,route_deviations,4
352.000,investigation_time_s,35.60000000000005
352.000,hazard_avoidances,1
352.000,min_hazard_distance_m,4.842431882683603
352.000,collisions,0
352.000,time_below_clearance_s,0.0
352.000,safety_zone_violations,0
352.000,min_ttc_s,18.605863253968785
352.000,avoid_success,1
352.000,avoid_timeout,0
352.000,q_convergence,0.9856341478805277
352.000,update_residual,0.10502633263701569
352.000,investigation_deferred,0
352.000,nav_aborted,0
352.000,nav_canceled,0
352.000,nav_rejected,0
352.000,run_seed,2
353.000,anomalies_detected,3
353.000,anomalies_unique,3
353.000,investigation_timeouts,0
353.000,mission_duration_s,308.872
353.000,distance_traveled_m,72.56812565037521
353.000,route_deviations,4
353.000,investigation_time_s,35.60000000000005
353.000,hazard_avoidances,1
353.000,min_hazard_distance_m,4.842431882683603
353.000,collisions,0
353.000,time_below_clearance_s,0.0
353.000,safety_zone_violations,0
353.000,min_ttc_s,18.605863253968785
353.000,avoid_success,1
353.000,avoid_timeout,0
353.000,q_convergence,0.8921678481421117
353.000,update_residual,0.09514974339955916
353.000,investigation_deferred,0
353.000,nav_aborted,0
353.000,nav_canceled,0
353.000,nav_rejected,0
353.000,run_seed,2
354.000,anomalies_detected,3
354.000,anomalies_unique,3
354.000,investigation_timeouts,0
354.000,mission_duration_s,309.872
354.000,distance_traveled_m,72.83020561883173
354.000,route_deviations,4
354.000,investigation_time_s,35.60000000000005
354.000,hazard_avoidances,1
354.000,min_hazard_distance_m,4.842431882683603
354.000,collisions,0
354.000,time_below_clearance_s,0.0
354.000,safety_zone_violations,0
354.000,min_ttc_s,18.605863253968785
354.000,avoid_success,1
354.000,avoid_timeout,0
354.000,q_convergence,0.7675721094140174
354.000,update_residual,0.08269016952674968
354.000,investigation_deferred,0
354.000,nav_aborted,0
354.000,nav_canceled,0
354.000,nav_rejected,0
354.000,run_seed,2
355.000,anomalies_detected,3
355.000,anomalies_unique,3
355.000,investigation_timeouts,0
355.000,mission_duration_s,310.872
355.000,distance_traveled_m,73.09228554092533
355.000,route_deviations,4
355.000,investigation_time_s,35.60000000000005
355.000,hazard_avoidances,1
355.000,min_hazard_distance_m,4.842431882683603
355.000,collisions,0
355.000,time_below_clearance_s,0.0
355.000,safety_zone_violations,0
355.000,min_ttc_s,18.605863253968785
355.000,avoid_success,1
355.000,avoid_timeout,0
355.000,q_convergence,0.659867284950657
355.000,update_residual,0.07102974329261147
355.000,investigation_deferred,0
355.000,nav_aborted,0
355.000,nav_canceled,0
355.000,nav_rejected,0
355.000,run_seed,2
356.000,anomalies_detected,3
356.000,anomalies_unique,3
356.000,investigation_timeouts,0
356.000,mission_duration_s,311.872
356.000,distance_traveled_m,73.34500551530645
356.000,route_deviations,4
356.000,investigation_time_s,35.60000000000005
356.000,hazard_avoidances,1
356.000,min_hazard_distance_m,4.842431882683603
356.000,collisions,0
356.000,time_below_clearance_s,0.0
356.000,safety_zone_violations,0
356.000,min_ttc_s,18.605863253968785
356.000,avoid_success,1
356.000,avoid_timeout,0
356.000,q_convergence,1.019168864247014
356.000,update_residual,0.10589726596133575
356.000,investigation_deferred,0
356.000,nav_aborted,0
356.000,nav_canceled,0
356.000,nav_rejected,0
356.000,run_seed,2
357.000,anomalies_detected,3
357.000,anomalies_unique,3
357.000,investigation_timeouts,0
357.000,mission_duration_s,312.872
357.000,distance_traveled_m,73.60708548883086
357.000,route_deviations,4
357.000,investigation_time_s,35.60000000000005
357.000,hazard_avoidances,1
357.000,min_hazard_distance_m,4.842431882683603
357.000,collisions,0
357.000,time_below_clearance_s,0.0
357.000,safety_zone_violations,0
357.000,min_ttc_s,18.605863253968785
357.000,avoid_success,1
357.000,avoid_timeout,0
357.000,q_convergence,0.8732692067674869
357.000,update_residual,0.09161348325466259
357.000,investigation_deferred,0
357.000,nav_aborted,0
357.000,nav_canceled,0
357.000,nav_rejected,0
357.000,run_seed,2
358.000,anomalies_detected,3
358.000,anomalies_unique,3
358.000,investigation_timeouts,0
358.000,mission_duration_s,313.872
358.000,distance_traveled_m,73.86916540306854
358.000,route_deviations,4
358.000,investigation_time_s,35.60000000000005
358.000,hazard_avoidances,1
358.000,min_hazard_distance_m,4.842431882683603
358.000,collisions,0
358.000,time_below_clearance_s,0.0
358.000,safety_zone_violations,0
358.000,min_ttc_s,18.605863253968785
358.000,avoid_success,1
358.000,avoid_timeout,0
358.000,q_convergence,0.7557637402733851
358.000,update_residual,0.07921995221856536
358.000,investigation_deferred,0
358.000,nav_aborted,0
358.000,nav_canceled,0
358.000,nav_rejected,0
358.000,run_seed,2
359.000,anomalies_detected,3
359.000,anomalies_unique,3
359.000,investigation_timeouts,0
359.000,mission_duration_s,314.872
359.000,distance_traveled_m,74.1312453757805
359.000,route_deviations,4
359.000,investigation_time_s,35.60000000000005
359.000,hazard_avoidances,1
359.000,min_hazard_distance_m,4.842431882683603
359.000,collisions,0
359.000,time_below_clearance_s,0.0
359.000,safety_zone_violations,0
359.000,min_ttc_s,18.605863253968785
359.000,avoid_success,1
359.000,avoid_timeout,0
359.000,q_convergence,0.6523809998105617
359.000,update_residual,0.06833514144359898
359.000,investigation_deferred,0
359.000,nav_aborted,0
359.000,nav_canceled,0
359.000,nav_rejected,0
359.000,run_seed,2
360.000,anomalies_detected,3
360.000,anomalies_unique,3
360.000,investigation_timeouts,0
360.000,mission_duration_s,315.872
360.000,distance_traveled_m,74.38396535036284
360.000,route_deviations,4
360.000,investigation_time_s,35.60000000000005
360.000,hazard_avoidances,1
360.000,min_hazard_distance_m,4.842431882683603
360.000,collisions,0
360.000,time_below_clearance_s,0.0
360.000,safety_zone_violations,0
360.000,min_ttc_s,18.605863253968785
360.000,avoid_success,1
360.000,avoid_timeout,0
360.000,q_convergence,1.0627310963844454
360.000,update_residual,0.10914893385366285
360.000,investigation_deferred,0
360.000,nav_aborted,0
360.000,nav_canceled,0
360.000,nav_rejected,0
360.000,run_seed,2
361.000,anomalies_detected,3
361.000,anomalies_unique,3
361.000,investigation_timeouts,0
361.000,mission_duration_s,316.872
361.000,distance_traveled_m,74.6460452706094
361.000,route_deviations,4
361.000,investigation_time_s,35.60000000000005
361.000,hazard_avoidances,1
361.000,min_hazard_distance_m,4.842431882683603
361.000,collisions,0
361.000,time_below_clearance_s,0.0
361.000,safety_zone_violations,0
361.000,min_ttc_s,18.605863253968785
361.000,avoid_success,1
361.000,avoid_timeout,0
361.000,q_convergence,0.8570261792126763
361.000,update_residual,0.088335103164429
361.000,investigation_deferred,0
361.000,nav_aborted,0
361.000,nav_canceled,0
361.000,nav_rejected,0
361.000,run_seed,2
362.000,anomalies_detected,3
362.000,anomalies_unique,3
362.000,investigation_timeouts,0
362.000,mission_duration_s,317.872
362.000,distance_traveled_m,74.90812524234782
362.000,route_deviations,4
362.000,investigation_time_s,35.60000000000005
362.000,hazard_avoidances,1
362.000,min_hazard_distance_m,4.842431882683603
362.000,collisions,0
362.000,time_below_clearance_s,0.0
362.000,safety_zone_violations,0
362.000,min_ttc_s,18.605863253968785
362.000,avoid_success,1
362.000,avoid_timeout,0
362.000,q_convergence,0.7433247326833664
362.000,update_residual,0.07696495851149805
362.000,investigation_deferred,0
362.000,nav_aborted,0
362.000,nav_canceled,0
362.000,nav_rejected,0
362.000,run_seed,2
363.000,anomalies_detected,3
363.000,anomalies_unique,3
363.000,investigation_timeouts,0
363.000,mission_duration_s,318.872
363.000,distance_traveled_m,75.17020521686472
363.000,route_deviations,4
363.000,investigation_time_s,35.60000000000005
363.000,hazard_avoidances,1
363.000,min_hazard_distance_m,4.842431882683603
363.000,collisions,0
363.000,time_below_clearance_s,0.0
363.000,safety_zone_violations,0
363.000,min_ttc_s,18.605863253968785
363.000,avoid_success,1
363.000,avoid_timeout,0
363.000,q_convergence,0.6427967665739331
363.000,update_residual,0.06651728911408052
363.000,investigation_deferred,0
363.000,nav_aborted,0
363.000,nav_canceled,0
363.000,nav_rejected,0
363.000,run_seed,2
364.000,anomalies_detected,3
364.000,anomalies_unique,3
364.000,investigation_timeouts,0
364.000,mission_duration_s,319.872
364.000,distance_traveled_m,75.4322851437055
364.000,route_deviations,4
364.000,investigation_time_s,35.60000000000005
364.000,hazard_avoidances,1
364.000,min_hazard_distance_m,4.842431882683603
364.000,collisions,0
364.000,time_below_clearance_s,0.0
364.000,safety_zone_violations,0
364.000,min_ttc_s,18.605863253968785
364.000,avoid_success,1
364.000,avoid_timeout,0
364.000,q_convergence,1.1050845370034383
364.000,update_residual,0.11227456924651477
364.000,investigation_deferred,0
364.000,nav_aborted,0
364.000,nav_canceled,0
364.000,nav_rejected,0
364.000,run_seed,2
365.000,anomalies_detected,3
365.000,anomalies_unique,3
365.000,investigation_timeouts,0
365.000,mission_duration_s,320.872
365.000,distance_traveled_m,75.68500511587928
365.000,route_deviations,4
365.000,investigation_time_s,35.60000000000005
365.000,hazard_avoidances,1
365.000,min_hazard_distance_m,4.842431882683603
365.000,collisions,0
365.000,time_below_clearance_s,0.0
365.000,safety_zone_violations,0
365.000,min_ttc_s,18.605863253968785
365.000,avoid_success,1
365.000,avoid_timeout,0
365.000,q_convergence,0.8388766250658153
365.000,update_residual,0.0857896330947656
365.000,investigation_deferred,0
365.000,nav_aborted,0
365.000,nav_canceled,0
365.000,nav_rejected,0
365.000,run_seed,2
366.000,anomalies_detected,3
366.000,anomalies_unique,3
366.000,investigation_timeouts,0
366.000,mission_duration_s,321.872
366.000,distance_traveled_m,75.94708509082346
366.000,route_deviations,4
366.000,investigation_time_s,35.60000000000005
366.000,hazard_avoidances,1
366.000,min_hazard_distance_m,4.842431882683603
366.000,collisions,0
366.000,time_below_clearance_s,0.0
366.000,safety_zone_violations,0
366.000,min_ttc_s,18.605863253968785
366.000,avoid_success,1
366.000,avoid_timeout,0
366.000,q_convergence,0.7285435029926648
366.000,update_residual,0.07447102529922295
366.000,investigation_deferred,0
366.000,nav_aborted,0
366.000,nav_canceled,0
366.000,nav_rejected,0
366.000,run_seed,2
367.000,anomalies_detected,3
367.000,anomalies_unique,3
367.000,investigation_timeouts,0
367.000,mission_duration_s,322.872
367.000,distance_traveled_m,76.20916502857114
367.000,route_deviations,4
367.000,investigation_time_s,35.60000000000005
367.000,hazard_avoidances,1
367.000,min_hazard_distance_m,4.842431882683603
367.000,collisions,0
367.000,time_below_clearance_s,0.0
367.000,safety_zone_violations,0
367.000,min_ttc_s,18.605863253968785
367.000,avoid_success,1
367.000,avoid_timeout,0
367.000,q_convergence,0.632844160067533
367.000,update_residual,0.0646585897567163
367.000,investigation_deferred,0
367.000,nav_aborted,0
367.000,nav_canceled,0
367.000,nav_rejected,0
367.000,run_seed,2
368.000,anomalies_detected,3
368.000,anomalies_unique,3
368.000,investigation_timeouts,0
368.000,mission_duration_s,323.872
368.000,distance_traveled_m,76.4712449853849
368.000,route_deviations,4
368.000,investigation_time_s,35.60000000000005
368.000,hazard_avoidances,1
368.000,min_hazard_distance_m,4.842431882683603
368.000,collisions,0
368.000,time_below_clearance_s,0.0
368.000,safety_zone_violations,0
368.000,min_ttc_s,18.605863253968785
368.000,avoid_success,1
368.000,avoid_timeout,0
368.000,q_convergence,1.1460394703322545
368.000,update_residual,0.11568856274301767
368.000,investigation_deferred,0
368.000,nav_aborted,0
368.000,nav_canceled,0
368.000,nav_rejected,0
368.000,run_seed,2
369.000,anomalies_detected,3
369.000,anomalies_unique,3
369.000,investigation_timeouts,0
369.000,mission_duration_s,324.872
369.000,distance_traveled_m,76.72396497122337
369.000,route_deviations,4
369.000,investigation_time_s,35.60000000000005
369.000,hazard_avoidances,1
369.000,min_hazard_distance_m,4.842431882683603
369.000,collisions,0
369.000,time_below_clearance_s,0.0
369.000,safety_zone_violations,0
369.000,min_ttc_s,18.605863253968785
369.000,avoid_success,1
369.000,avoid_timeout,0
369.000,q_convergence,0.8231300562653953
369.000,update_residual,0.08348105331400812
369.000,investigation_deferred,0
369.000,nav_aborted,0
369.000,nav_canceled,0
369.000,nav_rejected,0
369.000,run_seed,2
370.000,anomalies_detected,3
370.000,anomalies_unique,3
370.000,investigation_timeouts,0
370.000,mission_duration_s,325.872
370.000,distance_traveled_m,76.98604491662543
370.000,route_deviations,4
370.000,investigation_time_s,35.60000000000005
370.000,hazard_avoidances,1
370.000,min_hazard_distance_m,4.842431882683603
370.000,collisions,0
370.000,time_below_clearance_s,0.0
370.000,safety_zone_violations,0
370.000,min_ttc_s,18.605863253968785
370.000,avoid_success,1
370.000,avoid_timeout,0
370.000,q_convergence,0.7157020987854219
370.000,update_residual,0.07256305041289046
370.000,investigation_deferred,0
370.000,nav_aborted,0
370.000,nav_canceled,0
370.000,nav_rejected,0
370.000,run_seed,2
371.000,anomalies_detected,3
371.000,anomalies_unique,3
371.000,investigation_timeouts,0
371.000,mission_duration_s,326.872
371.000,distance_traveled_m,77.24812488395668
371.000,route_deviations,4
371.000,investigation_time_s,35.60000000000005
371.000,hazard_avoidances,1
371.000,min_hazard_distance_m,4.842431882683603
371.000,collisions,0
371.000,time_below_clearance_s,0.0
371.000,safety_zone_violations,0
371.000,min_ttc_s,18.605863253968785
371.000,avoid_success,1
371.000,avoid_timeout,0
371.000,q_convergence,0.8782941604226883
371.000,update_residual,0.08875133939559221
371.000,investigation_deferred,0
371.000,nav_aborted,0
371.000,nav_canceled,0
371.000,nav_rejected,0
371.000,run_seed,2
372.000,anomalies_detected,3
372.000,anomalies_unique,3
372.000,investigation_timeouts,0
372.000,mission_duration_s,327.872
372.000,distance_traveled_m,77.5102048620844
372.000,route_deviations,4
372.000,investigation_time_s,35.60000000000005
372.000,hazard_avoidances,1
372.000,min_hazard_distance_m,4.842431882683603
372.000,collisions,0
372.000,time_below_clearance_s,0.0
372.000,safety_zone_violations,0
372.000,min_ttc_s,18.605863253968785
372.000,avoid_success,1
372.000,avoid_timeout,0
372.000,q_convergence,0.9300669244273447
372.000,update_residual,0.09385060689693052
372.000,investigation_deferred,0
372.000,nav_aborted,0
372.000,nav_canceled,0
372.000,nav_rejected,0
372.000,run_seed,2
373.000,anomalies_detected,3
373.000,anomalies_unique,3
373.000,investigation_timeouts,0
373.000,mission_duration_s,328.872
373.000,distance_traveled_m,77.77228483038321
373.000,route_deviations,4
373.000,investigation_time_s,35.60000000000005
373.000,hazard_avoidances,1
373.000,min_hazard_distance_m,4.842431882683603
373.000,collisions,0
373.000,time_below_clearance_s,0.0
373.000,safety_zone_violations,0
373.000,min_ttc_s,18.605863253968785
373.000,avoid_success,1
373.000,avoid_timeout,0
373.000,q_convergence,0.8071723660332211
373.000,update_residual,0.08156115105751813
373.000,investigation_deferred,0
373.000,nav_aborted,0
373.000,nav_canceled,0
373.000,nav_rejected,0
373.000,run_seed,2
374.000,anomalies_detected,3
374.000,anomalies_unique,3
374.000,investigation_timeouts,0
374.000,mission_duration_s,329.872
374.000,distance_traveled_m,78.0250047995555
374.000,route_deviations,4
374.000,investigation_time_s,35.60000000000005
374.000,hazard_avoidances,1
374.000,min_hazard_distance_m,4.842431882683603
374.000,collisions,0
374.000,time_below_clearance_s,0.0
374.000,safety_zone_violations,0
374.000,min_ttc_s,18.605863253968785
374.000,avoid_success,1
374.000,avoid_timeout,0
374.000,q_convergence,0.7004523385723929
374.000,update_residual,0.0707625611433059
374.000,investigation_deferred,0
374.000,nav_aborted,0
374.000,nav_canceled,0
374.000,nav_rejected,0
374.000,run_seed,2
375.000,anomalies_detected,3
375.000,anomalies_unique,3
375.000,investigation_timeouts,0
375.000,mission_duration_s,330.872
375.000,distance_traveled_m,78.28708474483987
375.000,route_deviations,4
375.000,investigation_time_s,35.60000000000005
375.000,hazard_avoidances,1
375.000,min_hazard_distance_m,4.842431882683603
375.000,collisions,0
375.000,time_below_clearance_s,0.0
375.000,safety_zone_violations,0
375.000,min_ttc_s,18.605863253968785
375.000,avoid_success,1
375.000,avoid_timeout,0
375.000,q_convergence,0.9350011980360086
375.000,update_residual,0.09416431173514403
375.000,investigation_deferred,0
375.000,nav_aborted,0
375.000,nav_canceled,0
375.000,nav_rejected,0
375.000,run_seed,2
376.000,anomalies_detected,3
376.000,anomalies_unique,3
376.000,investigation_timeouts,0
376.000,mission_duration_s,331.872
376.000,distance_traveled_m,78.54916471339772
376.000,route_deviations,4
376.000,investigation_time_s,35.60000000000005
376.000,hazard_avoidances,1
376.000,min_hazard_distance_m,4.842431882683603
376.000,collisions,0
376.000,time_below_clearance_s,0.0
376.000,safety_zone_violations,0
376.000,min_ttc_s,18.605863253968785
376.000,avoid_success,1
376.000,avoid_timeout,0
376.000,q_convergence,0.9116246774783321
376.000,update_residual,0.09177219594098984
376.000,investigation_deferred,0
376.000,nav_aborted,0
376.000,nav_canceled,0
376.000,nav_rejected,0
376.000,run_seed,2
377.000,anomalies_detected,3
377.000,anomalies_unique,3
377.000,investigation_timeouts,0
377.000,mission_duration_s,332.872
377.000,distance_traveled_m,78.81124467934067
377.000,route_deviations,4
377.000,investigation_time_s,35.60000000000005
377.000,hazard_avoidances,1
377.000,min_hazard_distance_m,4.842431882683603
377.000,collisions,0
377.000,time_below_clearance_s,0.0
377.000,safety_zone_violations,0
377.000,min_ttc_s,18.605863253968785
377.000,avoid_success,1
377.000,avoid_timeout,0
377.000,q_convergence,0.791510877399305
377.000,update_residual,0.07966935670411367
377.000,investigation_deferred,0
377.000,nav_aborted,0
377.000,nav_canceled,0
377.000,nav_rejected,0
377.000,run_seed,2
378.000,anomalies_detected,3
378.000,anomalies_unique,3
378.000,investigation_timeouts,0
378.000,mission_duration_s,333.872
378.000,distance_traveled_m,79.06396466708146
378.000,route_deviations,4
378.000,investigation_time_s,35.60000000000005
378.000,hazard_avoidances,1
378.000,min_hazard_distance_m,4.842431882683603
378.000,collisions,0
378.000,time_below_clearance_s,0.0
378.000,safety_zone_violations,0
378.000,min_ttc_s,18.605863253968785
378.000,avoid_success,1
378.000,avoid_timeout,0
378.000,q_convergence,0.6871862413269064
378.000,update_residual,0.06923689309687382
378.000,investigation_deferred,0
378.000,nav_aborted,0
378.000,nav_canceled,0
378.000,nav_rejected,0
378.000,run_seed,2
379.000,anomalies_detected,3
379.000,anomalies_unique,3
379.000,investigation_timeouts,0
379.000,mission_duration_s,334.872
379.000,distance_traveled_m,79.32604463631755
379.000,route_deviations,4
379.000,investigation_time_s,35.60000000000005
379.000,hazard_avoidances,1
379.000,min_hazard_distance_m,4.842431882683603
379.000,collisions,0
379.000,time_below_clearance_s,0.0
379.000,safety_zone_violations,0
379.000,min_ttc_s,18.605863253968785
379.000,avoid_success,1
379.000,avoid_timeout,0
379.000,q_convergence,0.9707719458759793
379.000,update_residual,0.09707719458759795
379.000,investigation_deferred,0
379.000,nav_aborted,0
379.000,nav_canceled,0
379.000,nav_rejected,0
379.000,run_seed,2
380.000,anomalies_detected,3
380.000,anomalies_unique,3
380.000,investigation_timeouts,0
380.000,mission_duration_s,335.872
380.000,distance_traveled_m,79.58812461571905
380.000,route_deviations,4
380.000,investigation_time_s,35.60000000000005
380.000,hazard_avoidances,1
380.000,min_hazard_distance_m,4.842431882683603
380.000,collisions,0
380.000,time_below_clearance_s,0.0
380.000,safety_zone_violations,0
380.000,min_ttc_s,18.605863253968785
380.000,avoid_success,1
380.000,avoid_timeout,0
380.000,q_convergence,0.8985705446907885
380.000,update_residual,0.08985705446907881
380.000,investigation_deferred,0
380.000,nav_aborted,0
380.000,nav_canceled,0
380.000,nav_rejected,0
380.000,run_seed,2
381.000,anomalies_detected,3
381.000,anomalies_unique,3
381.000,investigation_timeouts,0
381.000,mission_duration_s,336.872
381.000,distance_traveled_m,79.85020457069572
381.000,route_deviations,4
381.000,investigation_time_s,35.60000000000005
381.000,hazard_avoidances,1
381.000,min_hazard_distance_m,4.842431882683603
381.000,collisions,0
381.000,time_below_clearance_s,0.0
381.000,safety_zone_violations,0
381.000,min_ttc_s,18.605863253968785
381.000,avoid_success,1
381.000,avoid_timeout,0
381.000,q_convergence,0.7809054235722653
381.000,update_residual,0.0780905423572265
381.000,investigation_deferred,0
381.000,nav_aborted,0
381.000,nav_canceled,0
381.000,nav_rejected,0
381.000,run_seed,2
382.000,anomalies_detected,3
382.000,anomalies_unique,3
382.000,investigation_timeouts,0
382.000,mission_duration_s,337.872
382.000,distance_traveled_m,80.11228454559136
382.000,route_deviations,4
382.000,investigation_time_s,35.60000000000005
382.000,hazard_avoidances,1
382.000,min_hazard_distance_m,4.842431882683603
382.000,collisions,0
382.000,time_below_clearance_s,0.0
382.000,safety_zone_violations,0
382.000,min_ttc_s,18.605863253968785
382.000,avoid_success,1
382.000,avoid_timeout,0
382.000,q_convergence,1.0512674607122423
382.000,update_residual,0.10512674607122427
382.000,investigation_deferred,0
382.000,nav_aborted,0
382.000,nav_canceled,0
382.000,nav_rejected,0
382.000,run_seed,2
383.000,anomalies_detected,3
383.000,anomalies_unique,3
383.000,investigation_timeouts,0
383.000,mission_duration_s,338.872
383.000,distance_traveled_m,80.36500451196542
383.000,route_deviations,4
383.000,investigation_time_s,35.60000000000005
383.000,hazard_avoidances,1
383.000,min_hazard_distance_m,4.842431882683603
383.000,collisions,0
383.000,time_below_clearance_s,0.0
383.000,safety_zone_violations,0
383.000,min_ttc_s,18.605863253968785
383.000,avoid_success,1
383.000,avoid_timeout,0
383.000,q_convergence,0.967169937643277
383.000,update_residual,0.09671699376432773
383.000,investigation_deferred,0
383.000,nav_aborted,0
383.000,nav_canceled,0
383.000,nav_rejected,0
383.000,run_seed,2
384.000,anomalies_detected,3
384.000,anomalies_unique,3
384.000,investigation_timeouts,0
384.000,mission_duration_s,339.872
384.000,distance_traveled_m,80.6270845030268
384.000,route_deviations,4
384.000,investigation_time_s,35.60000000000005
384.000,hazard_avoidances,1
384.000,min_hazard_distance_m,4.842431882683603
384.000,collisions,0
384.000,time_below_clearance_s,0.0
384.000,safety_zone_violations,0
384.000,min_ttc_s,18.605863253968785
384.000,avoid_success,1
384.000,avoid_timeout,0
384.000,q_convergence,0.8784783100528119
384.000,update_residual,0.0878478310052812
384.000,investigation_deferred,0
384.000,nav_aborted,0
384.000,nav_canceled,0
384.000,nav_rejected,0
384.000,run_seed,2
385.000,anomalies_detected,3
385.000,anomalies_unique,3
385.000,investigation_timeouts,0
385.000,mission_duration_s,340.872
385.000,distance_traveled_m,80.88916448316172
385.000,route_deviations,4
385.000,investigation_time_s,35.60000000000005
385.000,hazard_avoidances,1
385.000,min_hazard_distance_m,4.842431882683603
385.000,collisions,0
385.000,time_below_clearance_s,0.0
385.000,safety_zone_violations,0
385.000,min_ttc_s,18.605863253968785
385.000,avoid_success,1
385.000,avoid_timeout,0
385.000,q_convergence,0.7654040609497098
385.000,update_residual,0.07654040609497097
385.000,investigation_deferred,0
385.000,nav_aborted,0
385.000,nav_canceled,0
385.000,nav_rejected,0
385.000,run_seed,2
386.000,anomalies_detected,3
386.000,anomalies_unique,3
386.000,investigation_timeouts,0
386.000,mission_duration_s,341.872
386.000,distance_traveled_m,81.15124446921577
386.000,route_deviations,4
386.000,investigation_time_s,35.60000000000005
386.000,hazard_avoidances,1
386.000,min_hazard_distance_m,4.842431882683603
386.000,collisions,0
386.000,time_below_clearance_s,0.0
386.000,safety_zone_violations,0
386.000,min_ttc_s,18.605863253968785
386.000,avoid_success,1
386.000,avoid_timeout,0
386.000,q_convergence,0.6651766919708523
386.000,update_residual,0.06651766919708521
386.000,investigation_deferred,0
386.000,nav_aborted,0
386.000,nav_canceled,0
386.000,nav_rejected,0
386.000,run_seed,2
387.000,anomalies_detected,3
387.000,anomalies_unique,3
387.000,investigation_timeouts,0
387.000,mission_duration_s,342.872
387.000,distance_traveled_m,81.40396443935039
387.000,route_deviations,4
387.000,investigation_time_s,35.60000000000005
387.000,hazard_avoidances,1
387.000,min_hazard_distance_m,4.842431882683603
387.000,collisions,0
387.000,time_below_clearance_s,0.0
387.000,safety_zone_violations,0
387.000,min_ttc_s,18.605863253968785
387.000,avoid_success,1
387.000,avoid_timeout,0
387.000,q_convergence,1.0481102972507759
387.000,update_residual,0.10481102972507761
387.000,investigation_deferred,0
387.000,nav_aborted,0
387.000,nav_canceled,0
387.000,nav_rejected,0
387.000,run_seed,2
388.000,anomalies_detected,3
388.000,anomalies_unique,3
388.000,investigation_timeouts,0
388.000,mission_duration_s,343.872
388.000,distance_traveled_m,81.66604441387317
388.000,route_deviations,4
388.000,investigation_time_s,35.60000000000005
388.000,hazard_avoidances,1
388.000,min_hazard_distance_m,4.842431882683603
388.000,collisions,0
388.000,time_below_clearance_s,0.0
388.000,safety_zone_violations,0
388.000,min_ttc_s,18.605863253968785
388.000,avoid_success,1
388.000,avoid_timeout,0
388.000,q_convergence,0.8653669114654845
388.000,update_residual,0.08653669114654848
388.000,investigation_deferred,0
388.000,nav_aborted,0
388.000,nav_canceled,0
388.000,nav_rejected,0
388.000,run_seed,2
389.000,anomalies_detected,3
389.000,anomalies_unique,3
389.000,investigation_timeouts,0
389.000,mission_duration_s,344.872
389.000,distance_traveled_m,81.92812438453866
389.000,route_deviations,4
389.000,investigation_time_s,35.60000000000005
389.000,hazard_avoidances,1
389.000,min_hazard_distance_m,4.842431882683603
389.000,collisions,0
389.000,time_below_clearance_s,0.0
389.000,safety_zone_violations,0
389.000,min_ttc_s,18.605863253968785
389.000,avoid_success,1
389.000,avoid_timeout,0
389.000,q_convergence,0.7539803096645278
389.000,update_residual,0.07539803096645277
389.000,investigation_deferred,0
389.000,nav_aborted,0
389.000,nav_canceled,0
389.000,nav_rejected,0
389.000,run_seed,2
390.000,anomalies_detected,3
390.000,anomalies_unique,3
390.000,investigation_timeouts,0
390.000,mission_duration_s,345.872
390.000,distance_traveled_m,82.19020436464004
390.000,route_deviations,4
390.000,investigation_time_s,35.60000000000005
390.000,hazard_avoidances,1
390.000,min_hazard_distance_m,4.842431882683603
390.000,collisions,0
390.000,time_below_clearance_s,0.0
390.000,safety_zone_violations,0
390.000,min_ttc_s,18.605863253968785
390.000,avoid_success,1
390.000,avoid_timeout,0
390.000,q_convergence,0.6552488466961007
390.000,update_residual,0.06552488466961007
390.000,investigation_deferred,0
390.000,nav_aborted,0
390.000,nav_canceled,0
390.000,nav_rejected,0
390.000,run_seed,2
391.000,anomalies_detected,3
391.000,anomalies_unique,3
391.000,investigation_timeouts,0
391.000,mission_duration_s,346.872
391.000,distance_traveled_m,82.45228433873908
391.000,route_deviations,4
391.000,investigation_time_s,35.60000000000005
391.000,hazard_avoidances,1
391.000,min_hazard_distance_m,4.842431882683603
391.000,collisions,0
391.000,time_below_clearance_s,0.0
391.000,safety_zone_violations,0
391.000,min_ttc_s,18.605863253968785
391.000,avoid_success,1
391.000,avoid_timeout,0
391.000,q_convergence,1.0899910882486215
391.000,update_residual,0.10899910882486216
391.000,investigation_deferred,0
391.000,nav_aborted,0
391.000,nav_canceled,0
391.000,nav_rejected,0
391.000,run_seed,2
392.000,anomalies_detected,3
392.000,anomalies_unique,3
392.000,investigation_timeouts,0
392.000,mission_duration_s,347.872
392.000,distance_traveled_m,82.70500432886875
392.000,route_deviations,4
392.000,investigation_time_s,35.60000000000005
392.000,hazard_avoidances,1
392.000,min_hazard_distance_m,4.842431882683603
392.000,collisions,0
392.000,time_below_clearance_s,0.0
392.000,safety_zone_violations,0
392.000,min_ttc_s,18.605863253968785
392.000,avoid_success,1
392.000,avoid_timeout,0
392.000,q_convergence,0.8461145185023194
392.000,update_residual,0.08461145185023193
392.000,investigation_deferred,0
392.000,nav_aborted,0
392.000,nav_canceled,0
392.000,nav_rejected,0
392.000,run_seed,2
393.000,anomalies_detected,3
393.000,anomalies_unique,3
393.000,investigation_timeouts,0
393.000,mission_duration_s,348.872
393.000,distance_traveled_m,82.96708431318311
393.000,route_deviations,4
393.000,investigation_time_s,35.60000000000005
393.000,hazard_avoidances,1
393.000,min_hazard_distance_m,4.842431882683603
393.000,collisions,0
393.000,time_below_clearance_s,0.0
393.000,safety_zone_violations,0
393.000,min_ttc_s,18.605863253968785
393.000,avoid_success,1
393.000,avoid_timeout,0
393.000,q_convergence,0.7371211444229082
393.000,update_residual,0.07371211444229084
393.000,investigation_deferred,0
393.000,nav_aborted,0
393.000,nav_canceled,0
393.000,nav_rejected,0
393.000,run_seed,2
394.000,anomalies_detected,3
394.000,anomalies_unique,3
394.000,investigation_timeouts,0
394.000,mission_duration_s,349.872
394.000,distance_traveled_m,83.22916430508363
394.000,route_deviations,4
394.000,investigation_time_s,35.60000000000005
394.000,hazard_avoidances,1
394.000,min_hazard_distance_m,4.842431882683603
394.000,collisions,0
394.000,time_below_clearance_s,0.0
394.000,safety_zone_violations,0
394.000,min_ttc_s,18.605863253968785
394.000,avoid_success,1
394.000,avoid_timeout,0
394.000,q_convergence,0.6422418298742903
394.000,update_residual,0.06422418298742903
394.000,investigation_deferred,0
394.000,nav_aborted,0
394.000,nav_canceled,0
394.000,nav_rejected,0
394.000,run_seed,2
395.000,anomalies_detected,3
395.000,anomalies_unique,3
395.000,investigation_timeouts,0
395.000,mission_duration_s,350.872
395.000,distance_traveled_m,83.49124430159037
395.000,route_deviations,4
395.000,investigation_time_s,35.60000000000005
395.000,hazard_avoidances,1
395.000,min_hazard_distance_m,4.842431882683603
395.000,collisions,0
395.000,time_below_clearance_s,0.0
395.000,safety_zone_violations,0
395.000,min_ttc_s,18.605863253968785
395.000,avoid_success,1
395.000,avoid_timeout,0
395.000,q_convergence,1.1231995085724278
395.000,update_residual,0.11231995085724279
395.000,investigation_deferred,0
395.000,nav_aborted,0
395.000,nav_canceled,0
395.000,nav_rejected,0
395.000,run_seed,2
396.000,anomalies_detected,3
396.000,anomalies_unique,3
396.000,investigation_timeouts,0
396.000,mission_duration_s,351.872
396.000,distance_traveled_m,83.74396429674542
396.000,route_deviations,4
396.000,investigation_time_s,35.60000000000005
396.000,hazard_avoidances,1
396.000,min_hazard_distance_m,4.842431882683603
396.000,collisions,0
396.000,time_below_clearance_s,0.0
396.000,safety_zone_violations,0
396.000,min_ttc_s,18.605863253968785
396.000,avoid_success,1
396.000,avoid_timeout,0
396.000,q_convergence,0.8334861535493575
396.000,update_residual,0.08334861535493576
396.000,investigation_deferred,0
396.000,nav_aborted,0
396.000,nav_canceled,0
396.000,nav_rejected,0
396.000,run_seed,2
397.000,anomalies_detected,3
397.000,anomalies_unique,3
397.000,investigation_timeouts,0
397.000,mission_duration_s,352.872
397.000,distance_traveled_m,84.0060442920905
397.000,route_deviations,4
397.000,investigation_time_s,35.60000000000005
397.000,hazard_avoidances,1
397.000,min_hazard_distance_m,4.842431882683603
397.000,collisions,0
397.000,time_below_clearance_s,0.0
397.000,safety_zone_violations,0
397.000,min_ttc_s,18.605863253968785
397.000,avoid_success,1
397.000,avoid_timeout,0
397.000,q_convergence,0.7261195192022535
397.000,update_residual,0.07261195192022535
397.000,investigation_deferred,0
397.000,nav_aborted,0
397.000,nav_canceled,0
397.000,nav_rejected,0
397.000,run_seed,2
398.000,anomalies_detected,3
398.000,anomalies_unique,3
398.000,investigation_timeouts,0
398.000,mission_duration_s,353.872
398.000,distance_traveled_m,84.26812428699631
398.000,route_deviations,4
398.000,investigation_time_s,35.60000000000005
398.000,hazard_avoidances,1
398.000,min_hazard_distance_m,4.842431882683603
398.000,collisions,0
398.000,time_below_clearance_s,0.0
398.000,safety_zone_violations,0
398.000,min_ttc_s,18.605863253968785
398.000,avoid_success,1
398.000,avoid_timeout,0
398.000,q_convergence,0.6326562902831879
398.000,update_residual,0.0632656290283188
398.000,investigation_deferred,0
398.000,nav_aborted,0
398.000,nav_canceled,0
398.000,nav_rejected,0
398.000,run_seed,2
399.000,anomalies_detected,3
399.000,anomalies_unique,3
399.000,investigation_timeouts,0
399.000,mission_duration_s,354.872
399.000,distance_traveled_m,84.53020428103721
399.000,route_deviations,4
399.000,investigation_time_s,35.60000000000005
399.000,hazard_avoidances,1
399.000,min_hazard_distance_m,4.842431882683603
399.000,collisions,0
399.000,time_below_clearance_s,0.0
399.000,safety_zone_violations,0
399.000,min_ttc_s,18.605863253968785
399.000,avoid_success,1
399.000,avoid_timeout,0
399.000,q_convergence,1.1460524773444176
399.000,update_residual,0.11460524773444179
399.000,investigation_deferred,0
399.000,nav_aborted,0
399.000,nav_canceled,0
399.000,nav_rejected,0
399.000,run_seed,2
400.000,anomalies_detected,3
400.000,anomalies_unique,3
400.000,investigation_timeouts,0
400.000,mission_duration_s,355.872
400.000,distance_traveled_m,84.79228427303809
400.000,route_deviations,4
400.000,investigation_time_s,35.60000000000005
400.000,hazard_avoidances,1
400.000,min_hazard_distance_m,4.842431882683603
400.000,collisions,0
400.000,time_below_clearance_s,0.0
400.000,safety_zone_violations,0
400.000,min_ttc_s,18.605863253968785
400.000,avoid_success,1
400.000,avoid_timeout,0
400.000,q_convergence,0.8251721291677026
400.000,update_residual,0.08251721291677028
400.000,investigation_deferred,0
400.000,nav_aborted,0
400.000,nav_canceled,0
400.000,nav_rejected,0
400.000,run_seed,2
401.000,anomalies_detected,3
401.000,anomalies_unique,3
401.000,investigation_timeouts,0
401.000,mission_duration_s,356.872
401.000,distance_traveled_m,85.04500423214408
401.000,route_deviations,4
401.000,investigation_time_s,35.60000000000005
401.000,hazard_avoidances,1
401.000,min_hazard_distance_m,4.842431882683603
401.000,collisions,0
401.000,time_below_clearance_s,0.0
401.000,safety_zone_violations,0
401.000,min_ttc_s,18.605863253968785
401.000,avoid_success,1
401.000,avoid_timeout,0
401.000,q_convergence,0.717118310693652
401.000,update_residual,0.0717118310693652
401.000,investigation_deferred,0
401.000,nav_aborted,0
401.000,nav_canceled,0
401.000,nav_rejected,0
401.000,run_seed,2
402.000,anomalies_detected,3
402.000,anomalies_unique,3
402.000,investigation_timeouts,0
402.000,mission_duration_s,357.872
402.000,distance_traveled_m,85.30708422231083
402.000,route_deviations,4
402.000,investigation_time_s,35.60000000000005
402.000,hazard_avoidances,1
402.000,min_hazard_distance_m,4.842431882683603
402.000,collisions,0
402.000,time_below_clearance_s,0.0
402.000,safety_zone_violations,0
402.000,min_ttc_s,18.605863253968785
402.000,avoid_success,1
402.000,avoid_timeout,0
402.000,q_convergence,0.6247417557623186
402.000,update_residual,0.06247417557623187
402.000,investigation_deferred,0
402.000,nav_aborted,0
402.000,nav_canceled,0
402.000,nav_rejected,0
402.000,run_seed,2
403.000,anomalies_detected,3
403.000,anomalies_unique,3
403.000,investigation_timeouts,0
403.000,mission_duration_s,358.872
403.000,distance_traveled_m,85.56916420960026
403.000,route_deviations,4
403.000,investigation_time_s,35.60000000000005
403.000,hazard_avoidances,1
403.000,min_hazard_distance_m,4.842431882683603
403.000,collisions,0
403.000,time_below_clearance_s,0.0
403.000,safety_zone_violations,0
403.000,min_ttc_s,18.605863253968785
403.000,avoid_success,1
403.000,avoid_timeout,0
403.000,q_convergence,0.9558484786962034
403.000,update_residual,0.0955848478696203
403.000,investigation_deferred,0
403.000,nav_aborted,0
403.000,nav_canceled,0
403.000,nav_rejected,0
403.000,run_seed,2
404.000,anomalies_detected,3
404.000,anomalies_unique,3
404.000,investigation_timeouts,0
404.000,mission_duration_s,359.872
404.000,distance_traveled_m,85.8312441870072
404.000,route_deviations,4
404.000,investigation_time_s,35.60000000000005
404.000,hazard_avoidances,1
404.000,min_hazard_distance_m,4.842431882683603
404.000,collisions,0
404.000,time_below_clearance_s,0.0
404.000,safety_zone_violations,0
404.000,min_ttc_s,18.605863253968785
404.000,avoid_success,1
404.000,avoid_timeout,0
404.000,q_convergence,0.9441806970538924
404.000,update_residual,0.09441806970538927
404.000,investigation_deferred,0
404.000,nav_aborted,0
404.000,nav_canceled,0
404.000,nav_rejected,0
404.000,run_seed,2
405.000,anomalies_detected,3
405.000,anomalies_unique,3
405.000,investigation_timeouts,0
405.000,mission_duration_s,360.872
405.000,distance_traveled_m,86.0839641708371
405.000,route_deviations,4
405.000,investigation_time_s,35.60000000000005
405.000,hazard_avoidances,1
405.000,min_hazard_distance_m,4.842431882683603
405.000,collisions,0
405.000,time_below_clearance_s,0.0
405.000,safety_zone_violations,0
405.000,min_ttc_s,18.605863253968785
405.000,avoid_success,1
405.000,avoid_timeout,0
405.000,q_convergence,0.9076240950388005
405.000,update_residual,0.09076240950388002
405.000,investigation_deferred,0
405.000,nav_aborted,0
405.000,nav_canceled,0
405.000,nav_rejected,0
405.000,run_seed,2
406.000,anomalies_detected,3
406.000,anomalies_unique,3
406.000,investigation_timeouts,0
406.000,mission_duration_s,361.872
406.000,distance_traveled_m,86.34604393098058
406.000,route_deviations,4
406.000,investigation_time_s,35.60000000000005
406.000,hazard_avoidances,1
406.000,min_hazard_distance_m,4.842431882683603
406.000,collisions,0
406.000,time_below_clearance_s,0.0
406.000,safety_zone_violations,0
406.000,min_ttc_s,18.605863253968785
406.000,avoid_success,1
406.000,avoid_timeout,0
406.000,q_convergence,0.7907072825378697
406.000,update_residual,0.07907072825378693
406.000,investigation_deferred,0
406.000,nav_aborted,0
406.000,nav_canceled,0
406.000,nav_rejected,0
406.000,run_seed,2
407.000,anomalies_detected,3
407.000,anomalies_unique,3
407.000,investigation_timeouts,0
407.000,mission_duration_s,362.872
407.000,distance_traveled_m,86.47579646723703
407.000,route_deviations,4
407.000,investigation_time_s,35.60000000000005
407.000,hazard_avoidances,1
407.000,min_hazard_distance_m,4.842431882683603
407.000,collisions,0
407.000,time_below_clearance_s,0.0
407.000,safety_zone_violations,0
407.000,min_ttc_s,18.605863253968785
407.000,avoid_success,1
407.000,avoid_timeout,0
407.000,q_convergence,0.686355746131344
407.000,update_residual,0.06863557461313441
407.000,investigation_deferred,0
407.000,nav_aborted,0
407.000,nav_canceled,0
407.000,nav_rejected,0
407.000,run_seed,2
407.000,anomalies_detected,3
407.000,anomalies_unique,3
407.000,investigation_timeouts,0
407.000,mission_duration_s,362.872
407.000,distance_traveled_m,86.47579646723703
407.000,route_deviations,4
407.000,investigation_time_s,35.60000000000005
407.000,hazard_avoidances,1
407.000,min_hazard_distance_m,4.842431882683603
407.000,collisions,0
407.000,time_below_clearance_s,0.0
407.000,safety_zone_violations,0
407.000,min_ttc_s,18.605863253968785
407.000,avoid_success,1
407.000,avoid_timeout,0
407.000,q_convergence,0.5362736970123658
407.000,update_residual,0.0536273697012366
407.000,investigation_deferred,0
407.000,nav_aborted,0
407.000,nav_canceled,0
407.000,nav_rejected,0
407.000,run_seed,2
408.000,anomalies_detected,3
408.000,anomalies_unique,3
408.000,investigation_timeouts,0
408.000,mission_duration_s,362.872
408.000,distance_traveled_m,86.47579646724468
408.000,route_deviations,4
408.000,investigation_time_s,35.60000000000005
408.000,hazard_avoidances,1
408.000,min_hazard_distance_m,4.842431882683603
408.000,collisions,0
408.000,time_below_clearance_s,0.0
408.000,safety_zone_violations,0
408.000,min_ttc_s,18.605863253968785
408.000,avoid_success,1
408.000,avoid_timeout,0
408.000,q_convergence,0.5362736970123658
408.000,update_residual,0.0536273697012366
408.000,investigation_deferred,0
408.000,nav_aborted,0
408.000,nav_canceled,0
408.000,nav_rejected,0
408.000,run_seed,2
409.000,anomalies_detected,3
409.000,anomalies_unique,3
409.000,investigation_timeouts,0
409.000,mission_duration_s,362.872
409.000,distance_traveled_m,86.47579646724468
409.000,route_deviations,4
409.000,investigation_time_s,35.60000000000005
409.000,hazard_avoidances,1
409.000,min_hazard_distance_m,4.842431882683603
409.000,collisions,0
409.000,time_below_clearance_s,0.0
409.000,safety_zone_violations,0
409.000,min_ttc_s,18.605863253968785
409.000,avoid_success,1
409.000,avoid_timeout,0
409.000,q_convergence,0.4660502628207276
409.000,update_residual,0.04660502628207276
409.000,investigation_deferred,0
409.000,nav_aborted,0
409.000,nav_canceled,0
409.000,nav_rejected,0
409.000,run_seed,2
410.000,anomalies_detected,3
410.000,anomalies_unique,3
410.000,investigation_timeouts,0
410.000,mission_duration_s,362.872
410.000,distance_traveled_m,86.47579646724468
410.000,route_deviations,4
410.000,investigation_time_s,35.60000000000005
410.000,hazard_avoidances,1
410.000,min_hazard_distance_m,4.842431882683603
410.000,collisions,0
410.000,time_below_clearance_s,0.0
410.000,safety_zone_violations,0
410.000,min_ttc_s,18.605863253968785
410.000,avoid_success,1
410.000,avoid_timeout,0
410.000,q_convergence,0.4050223769790092
410.000,update_residual,0.04050223769790092
410.000,investigation_deferred,0
410.000,nav_aborted,0
410.000,nav_canceled,0
410.000,nav_rejected,0
410.000,run_seed,2
411.000,anomalies_detected,3
411.000,anomalies_unique,3
411.000,investigation_timeouts,0
411.000,mission_duration_s,362.872
411.000,distance_traveled_m,86.47579646724468
411.000,route_deviations,4
411.000,investigation_time_s,35.60000000000005
411.000,hazard_avoidances,1
411.000,min_hazard_distance_m,4.842431882683603
411.000,collisions,0
411.000,time_below_clearance_s,0.0
411.000,safety_zone_violations,0
411.000,min_ttc_s,18.605863253968785
411.000,avoid_success,1
411.000,avoid_timeout,0
411.000,q_convergence,0.35284887743577387
411.000,update_residual,0.03528488774357739
411.000,investigation_deferred,0
411.000,nav_aborted,0
411.000,nav_canceled,0
411.000,nav_rejected,0
411.000,run_seed,2
412.000,anomalies_detected,3
412.000,anomalies_unique,3
412.000,investigation_timeouts,0
412.000,mission_duration_s,362.872
412.000,distance_traveled_m,86.47579646724468
412.000,route_deviations,4
412.000,investigation_time_s,35.60000000000005
412.000,hazard_avoidances,1
412.000,min_hazard_distance_m,4.842431882683603
412.000,collisions,0
412.000,time_below_clearance_s,0.0
412.000,safety_zone_violations,0
412.000,min_ttc_s,18.605863253968785
412.000,avoid_success,1
412.000,avoid_timeout,0
412.000,q_convergence,0.30743156729123083
412.000,update_residual,0.03074315672912309
412.000,investigation_deferred,0
412.000,nav_aborted,0
412.000,nav_canceled,0
412.000,nav_rejected,0
412.000,run_seed,2
