timestamp,metric,value
43.268,anomalies_detected,0
43.268,anomalies_unique,0
43.268,investigation_timeouts,0
43.268,mission_duration_s,0.0
43.268,distance_traveled_m,0.0
43.268,route_deviations,0
43.268,investigation_time_s,0.0
43.268,hazard_avoidances,0
43.268,min_hazard_distance_m,-1.0
43.268,collisions,0
43.268,time_below_clearance_s,0.0
43.268,safety_zone_violations,0
43.268,min_ttc_s,-1.0
43.268,avoid_success,0
43.268,avoid_timeout,0
43.268,q_convergence,0.0
43.268,update_residual,0.0
43.268,investigation_deferred,0
43.268,nav_aborted,0
43.268,nav_canceled,0
43.268,nav_rejected,0
43.268,run_seed,6
44.000,anomalies_detected,0
44.000,anomalies_unique,0
44.000,investigation_timeouts,0
44.000,mission_duration_s,0.0
44.000,distance_traveled_m,1.7007321220625328e-19
44.000,route_deviations,0
44.000,investigation_time_s,0.0
44.000,hazard_avoidances,0
44.000,min_hazard_distance_m,-1.0
44.000,collisions,0
44.000,time_below_clearance_s,0.0
44.000,safety_zone_violations,0
44.000,min_ttc_s,-1.0
44.000,avoid_success,0
44.000,avoid_timeout,0
44.000,q_convergence,0.0
44.000,update_residual,0.0
44.000,investigation_deferred,0
44.000,nav_aborted,0
44.000,nav_canceled,0
44.000,nav_rejected,0
44.000,run_seed,6
45.000,anomalies_detected,0
45.000,anomalies_unique,0
45.000,investigation_timeouts,0
45.000,mission_duration_s,0.43599999999999994
45.000,distance_traveled_m,0.03118698502650522
45.000,route_deviations,0
45.000,investigation_time_s,0.0
45.000,hazard_avoidances,0
45.000,min_hazard_distance_m,-1.0
45.000,collisions,0
45.000,time_below_clearance_s,0.0
45.000,safety_zone_violations,0
45.000,min_ttc_s,-1.0
45.000,avoid_success,0
45.000,avoid_timeout,0
45.000,q_convergence,0.9492091751465606
45.000,update_residual,0.09492091751465606
45.000,investigation_deferred,0
45.000,nav_aborted,0
45.000,nav_canceled,0
45.000,nav_rejected,0
45.000,run_seed,6
46.000,anomalies_detected,0
46.000,anomalies_unique,0
46.000,investigation_timeouts,0
46.000,mission_duration_s,1.436
46.000,distance_traveled_m,0.2611123338245959
46.000,route_deviations,0
46.000,investigation_time_s,0.0
46.000,hazard_avoidances,0
46.000,min_hazard_distance_m,-1.0
46.000,collisions,0
46.000,time_below_clearance_s,0.0
46.000,safety_zone_violations,0
46.000,min_ttc_s,-1.0
46.000,avoid_success,0
46.000,avoid_timeout,0
46.000,q_convergence,0.8397282613926437
46.000,update_residual,0.08397282613926436
46.000,investigation_deferred,0
46.000,nav_aborted,0
46.000,nav_canceled,0
46.000,nav_rejected,0
46.000,run_seed,6
47.000,anomalies_detected,0
47.000,anomalies_unique,0
47.000,investigation_timeouts,0
47.000,mission_duration_s,2.436
47.000,distance_traveled_m,0.5231922353444663
47.000,route_deviations,0
47.000,investigation_time_s,0.0
47.000,hazard_avoidances,0
47.000,min_hazard_distance_m,11.044327843560316
47.000,collisions,0
47.000,time_below_clearance_s,0.0
47.000,safety_zone_violations,0
47.000,min_ttc_s,22.982109323695095
47.000,avoid_success,0
47.000,avoid_timeout,0
47.000,q_convergence,0.7316417650943821
47.000,update_residual,0.0731641765094382
47.000,investigation_deferred,0
47.000,nav_aborted,0
47.000,nav_canceled,0
47.000,nav_rejected,0
47.000,run_seed,6
48.000,anomalies_detected,0
48.000,anomalies_unique,0
48.000,investigation_timeouts,0
48.000,mission_duration_s,3.436
48.000,distance_traveled_m,0.7852722035388782
48.000,route_deviations,0
48.000,investigation_time_s,0.0
48.000,hazard_avoidances,0
48.000,min_hazard_distance_m,10.799871127129226
48.000,collisions,0
48.000,time_below_clearance_s,0.0
48.000,safety_zone_violations,0
48.000,min_ttc_s,22.745806038032523
48.000,avoid_success,0
48.000,avoid_timeout,0
48.000,q_convergence,0.6358354676212944
48.000,update_residual,0.06358354676212943
48.000,investigation_deferred,0
48.000,nav_aborted,0
48.000,nav_canceled,0
48.000,nav_rejected,0
48.000,run_seed,6
49.000,anomalies_detected,0
49.000,anomalies_unique,0
49.000,investigation_timeouts,0
49.000,mission_duration_s,4.436
49.000,distance_traveled_m,1.0473521909081378
49.000,route_deviations,0
49.000,investigation_time_s,0.0
49.000,hazard_avoidances,0
49.000,min_hazard_distance_m,10.562104135576694
49.000,collisions,0
49.000,time_below_clearance_s,0.0
49.000,safety_zone_violations,0
49.000,min_ttc_s,21.61235939606686
49.000,avoid_success,0
49.000,avoid_timeout,0
49.000,q_convergence,1.15258889089383
49.000,update_residual,0.11525888908938302
49.000,investigation_deferred,0
49.000,nav_aborted,0
49.000,nav_canceled,0
49.000,nav_rejected,0
49.000,run_seed,6
50.000,anomalies_detected,0
50.000,anomalies_unique,0
50.000,investigation_timeouts,0
50.000,mission_duration_s,5.436
50.000,distance_traveled_m,1.3000721852469956
50.000,route_deviations,0
50.000,investigation_time_s,0.0
50.000,hazard_avoidances,0
50.000,min_hazard_distance_m,10.32387250408766
50.000,collisions,0
50.000,time_below_clearance_s,0.0
50.000,safety_zone_violations,0
50.000,min_ttc_s,21.137233733898075
50.000,avoid_success,0
50.000,avoid_timeout,0
50.000,q_convergence,0.8210462685218641
50.000,update_residual,0.08210462685218642
50.000,investigation_deferred,0
50.000,nav_aborted,0
50.000,nav_canceled,0
50.000,nav_rejected,0
50.000,run_seed,6
51.000,anomalies_detected,0
51.000,anomalies_unique,0
51.000,investigation_timeouts,0
51.000,mission_duration_s,6.436
51.000,distance_traveled_m,1.5621521801892624
51.000,route_deviations,0
51.000,investigation_time_s,0.0
51.000,hazard_avoidances,0
51.000,min_hazard_distance_m,10.068224240121847
51.000,collisions,0
51.000,time_below_clearance_s,0.0
51.000,safety_zone_violations,0
51.000,min_ttc_s,21.046144912888888
51.000,avoid_success,0
51.000,avoid_timeout,0
51.000,q_convergence,0.7152820946132197
51.000,update_residual,0.07152820946132199
51.000,investigation_deferred,0
51.000,nav_aborted,0
51.000,nav_canceled,0
51.000,nav_rejected,0
51.000,run_seed,6
52.000,anomalies_detected,0
52.000,anomalies_unique,0
52.000,investigation_timeouts,0
52.000,mission_duration_s,7.436
52.000,distance_traveled_m,1.8242321760693556
52.000,route_deviations,0
52.000,investigation_time_s,0.0
52.000,hazard_avoidances,0
52.000,min_hazard_distance_m,9.821776188748176
52.000,collisions,0
52.000,time_below_clearance_s,0.0
52.000,safety_zone_violations,0
52.000,min_ttc_s,20.146260279991775
52.000,avoid_success,0
52.000,avoid_timeout,0
52.000,q_convergence,1.0961483647924297
52.000,update_residual,0.10961483647924299
52.000,investigation_deferred,0
52.000,nav_aborted,0
52.000,nav_canceled,0
52.000,nav_rejected,0
52.000,run_seed,6
53.000,anomalies_detected,0
53.000,anomalies_unique,0
53.000,investigation_timeouts,0
53.000,mission_duration_s,8.436
53.000,distance_traveled_m,2.086312171759328
53.000,route_deviations,0
53.000,investigation_time_s,0.0
53.000,hazard_avoidances,0
53.000,min_hazard_distance_m,9.575929556897302
53.000,collisions,0
53.000,time_below_clearance_s,0.0
53.000,safety_zone_violations,0
53.000,min_ttc_s,19.700811435780608
53.000,avoid_success,0
53.000,avoid_timeout,0
53.000,q_convergence,0.9674451216065846
53.000,update_residual,0.09674451216065846
53.000,investigation_deferred,0
53.000,nav_aborted,0
53.000,nav_canceled,0
53.000,nav_rejected,0
53.000,run_seed,6
54.000,anomalies_detected,0
54.000,anomalies_unique,0
54.000,investigation_timeouts,0
54.000,mission_duration_s,9.436
54.000,distance_traveled_m,2.3390318352841364
54.000,route_deviations,0
54.000,investigation_time_s,0.0
54.000,hazard_avoidances,0
54.000,min_hazard_distance_m,9.342574311103885
54.000,collisions,0
54.000,time_below_clearance_s,0.0
54.000,safety_zone_violations,0
54.000,min_ttc_s,19.050150586112256
54.000,avoid_success,0
54.000,avoid_timeout,0
54.000,q_convergence,0.8418839459098078
54.000,update_residual,0.08418839459098079
54.000,investigation_deferred,0
54.000,nav_aborted,0
54.000,nav_canceled,0
54.000,nav_rejected,0
54.000,run_seed,6
55.000,anomalies_detected,0
55.000,anomalies_unique,0
55.000,investigation_timeouts,0
55.000,mission_duration_s,10.436
55.000,distance_traveled_m,2.601111793069427
55.000,route_deviations,0
55.000,investigation_time_s,0.0
55.000,hazard_avoidances,0
55.000,min_hazard_distance_m,9.0792386234786
55.000,collisions,0
55.000,time_below_clearance_s,0.0
55.000,safety_zone_violations,0
55.000,min_ttc_s,18.19821364664582
55.000,avoid_success,0
55.000,avoid_timeout,0
55.000,q_convergence,0.7334355387007938
55.000,update_residual,0.07334355387007939
55.000,investigation_deferred,0
55.000,nav_aborted,0
55.000,nav_canceled,0
55.000,nav_rejected,0
55.000,run_seed,6
56.000,anomalies_detected,0
56.000,anomalies_unique,0
56.000,investigation_timeouts,0
56.000,mission_duration_s,11.436
56.000,distance_traveled_m,2.8631917450810347
56.000,route_deviations,0
56.000,investigation_time_s,0.0
56.000,hazard_avoidances,0
56.000,min_hazard_distance_m,8.829892287031049
56.000,collisions,0
56.000,time_below_clearance_s,0.0
56.000,safety_zone_violations,0
56.000,min_ttc_s,18.081332839432687
56.000,avoid_success,0
56.000,avoid_timeout,0
56.000,q_convergence,0.6390306207249188
56.000,update_residual,0.0639030620724919
56.000,investigation_deferred,0
56.000,nav_aborted,0
56.000,nav_canceled,0
56.000,nav_rejected,0
56.000,run_seed,6
57.000,anomalies_detected,0
57.000,anomalies_unique,0
57.000,investigation_timeouts,0
57.000,mission_duration_s,12.436
57.000,distance_traveled_m,3.125271618938266
57.000,route_deviations,0
57.000,investigation_time_s,0.0
57.000,hazard_avoidances,0
57.000,min_hazard_distance_m,8.579903371224333
57.000,collisions,0
57.000,time_below_clearance_s,0.0
57.000,safety_zone_violations,0
57.000,min_ttc_s,18.081332839432687
57.000,avoid_success,0
57.000,avoid_timeout,0
57.000,q_convergence,1.086723890054889
57.000,update_residual,0.10867238900548892
57.000,investigation_deferred,0
57.000,nav_aborted,0
57.000,nav_canceled,0
57.000,nav_rejected,0
57.000,run_seed,6
58.000,anomalies_detected,0
58.000,anomalies_unique,0
58.000,investigation_timeouts,0
58.000,mission_duration_s,13.436
58.000,distance_traveled_m,3.3873515803830903
58.000,route_deviations,0
58.000,investigation_time_s,0.0
58.000,hazard_avoidances,0
58.000,min_hazard_distance_m,8.328462078416567
58.000,collisions,0
58.000,time_below_clearance_s,0.0
58.000,safety_zone_violations,0
58.000,min_ttc_s,16.87114310143197
58.000,avoid_success,0
58.000,avoid_timeout,0
58.000,q_convergence,0.8503663502535874
58.000,update_residual,0.08503663502535876
58.000,investigation_deferred,0
58.000,nav_aborted,0
58.000,nav_canceled,0
58.000,nav_rejected,0
58.000,run_seed,6
59.000,anomalies_detected,0
59.000,anomalies_unique,0
59.000,investigation_timeouts,0
59.000,mission_duration_s,14.436
59.000,distance_traveled_m,3.640071547450912
59.000,route_deviations,0
59.000,investigation_time_s,0.0
59.000,hazard_avoidances,0
59.000,min_hazard_distance_m,8.096977854619386
59.000,collisions,0
59.000,time_below_clearance_s,0.0
59.000,safety_zone_violations,0
59.000,min_ttc_s,16.567607816611567
59.000,avoid_success,0
59.000,avoid_timeout,0
59.000,q_convergence,0.7390134239987697
59.000,update_residual,0.07390134239987699
59.000,investigation_deferred,0
59.000,nav_aborted,0
59.000,nav_canceled,0
59.000,nav_rejected,0
59.000,run_seed,6
60.000,anomalies_detected,0
60.000,anomalies_unique,0
60.000,investigation_timeouts,0
60.000,mission_duration_s,15.436
60.000,distance_traveled_m,3.9021515109814566
60.000,route_deviations,0
60.000,investigation_time_s,0.0
60.000,hazard_avoidances,0
60.000,min_hazard_distance_m,7.83869516043718
60.000,collisions,0
60.000,time_below_clearance_s,0.0
60.000,safety_zone_violations,0
60.000,min_ttc_s,16.049089678806958
60.000,avoid_success,0
60.000,avoid_timeout,0
60.000,q_convergence,0.6438164207441999
60.000,update_residual,0.06438164207441999
60.000,investigation_deferred,0
60.000,nav_aborted,0
60.000,nav_canceled,0
60.000,nav_rejected,0
60.000,run_seed,6
61.000,anomalies_detected,0
61.000,anomalies_unique,0
61.000,investigation_timeouts,0
61.000,mission_duration_s,16.436
61.000,distance_traveled_m,4.164231463155488
61.000,route_deviations,0
61.000,investigation_time_s,0.0
61.000,hazard_avoidances,0
61.000,min_hazard_distance_m,7.592181270201242
61.000,collisions,0
61.000,time_below_clearance_s,0.0
61.000,safety_zone_violations,0
61.000,min_ttc_s,15.635848418230282
61.000,avoid_success,0
61.000,avoid_timeout,0
61.000,q_convergence,1.0743000056906566
61.000,update_residual,0.10743000056906567
61.000,investigation_deferred,0
61.000,nav_aborted,0
61.000,nav_canceled,0
61.000,nav_rejected,0
61.000,run_seed,6
62.000,anomalies_detected,0
62.000,anomalies_unique,0
62.000,investigation_timeouts,0
62.000,mission_duration_s,17.436
62.000,distance_traveled_m,4.426310957855176
62.000,route_deviations,0
62.000,investigation_time_s,0.0
62.000,hazard_avoidances,0
62.000,min_hazard_distance_m,7.3398450747377195
62.000,collisions,0
62.000,time_below_clearance_s,0.0
62.000,safety_zone_violations,0
62.000,min_ttc_s,14.335306304999959
62.000,avoid_success,0
62.000,avoid_timeout,0
62.000,q_convergence,0.8546395479935552
62.000,update_residual,0.08546395479935552
62.000,investigation_deferred,0
62.000,nav_aborted,0
62.000,nav_canceled,0
62.000,nav_rejected,0
62.000,run_seed,6
63.000,anomalies_detected,0
63.000,anomalies_unique,0
63.000,investigation_timeouts,0
63.000,mission_duration_s,18.436
63.000,distance_traveled_m,4.679030849597396
63.000,route_deviations,0
63.000,investigation_time_s,0.0
63.000,hazard_avoidances,0
63.000,min_hazard_distance_m,7.089122167480086
63.000,collisions,0
63.000,time_below_clearance_s,0.0
63.000,safety_zone_violations,0
63.000,min_ttc_s,13.828781769933299
63.000,avoid_success,0
63.000,avoid_timeout,0
63.000,q_convergence,0.7427270592952459
63.000,update_residual,0.0742727059295246
63.000,investigation_deferred,0
63.000,nav_aborted,0
63.000,nav_canceled,0
63.000,nav_rejected,0
63.000,run_seed,6
64.000,anomalies_detected,0
64.000,anomalies_unique,0
64.000,investigation_timeouts,0
64.000,mission_duration_s,19.436
64.000,distance_traveled_m,4.941110795252542
64.000,route_deviations,0
64.000,investigation_time_s,0.0
64.000,hazard_avoidances,0
64.000,min_hazard_distance_m,6.8299240141789
64.000,collisions,0
64.000,time_below_clearance_s,0.0
64.000,safety_zone_violations,0
64.000,min_ttc_s,13.625894740286588
64.000,avoid_success,0
64.000,avoid_timeout,0
64.000,q_convergence,0.6470516791398992
64.000,update_residual,0.06470516791398993
64.000,investigation_deferred,0
64.000,nav_aborted,0
64.000,nav_canceled,0
64.000,nav_rejected,0
64.000,run_seed,6
65.000,anomalies_detected,0
65.000,anomalies_unique,0
65.000,investigation_timeouts,0
65.000,mission_duration_s,20.436
65.000,distance_traveled_m,5.203190777598557
65.000,route_deviations,0
65.000,investigation_time_s,0.0
65.000,hazard_avoidances,0
65.000,min_hazard_distance_m,6.570409068425666
65.000,collisions,0
65.000,time_below_clearance_s,0.0
65.000,safety_zone_violations,0
65.000,min_ttc_s,13.161706350660943
65.000,avoid_success,0
65.000,avoid_timeout,0
65.000,q_convergence,1.0830765063949106
65.000,update_residual,0.10830765063949106
65.000,investigation_deferred,0
65.000,nav_aborted,0
65.000,nav_canceled,0
65.000,nav_rejected,0
65.000,run_seed,6
66.000,anomalies_detected,0
66.000,anomalies_unique,0
66.000,investigation_timeouts,0
66.000,mission_duration_s,21.436
66.000,distance_traveled_m,5.46527073950187
66.000,route_deviations,0
66.000,investigation_time_s,0.0
66.000,hazard_avoidances,0
66.000,min_hazard_distance_m,6.321514689850776
66.000,collisions,0
66.000,time_below_clearance_s,0.0
66.000,safety_zone_violations,0
66.000,min_ttc_s,12.44571144312814
66.000,avoid_success,0
66.000,avoid_timeout,0
66.000,q_convergence,0.8503663502535874
66.000,update_residual,0.08503663502535876
66.000,investigation_deferred,0
66.000,nav_aborted,0
66.000,nav_canceled,0
66.000,nav_rejected,0
66.000,run_seed,6
67.000,anomalies_detected,0
67.000,anomalies_unique,0
67.000,investigation_timeouts,0
67.000,mission_duration_s,22.436
67.000,distance_traveled_m,5.727350727457864
67.000,route_deviations,0
67.000,investigation_time_s,0.0
67.000,hazard_avoidances,0
67.000,min_hazard_distance_m,6.054364482857212
67.000,collisions,0
67.000,time_below_clearance_s,0.0
67.000,safety_zone_violations,0
67.000,min_ttc_s,12.073028619103356
67.000,avoid_success,0
67.000,avoid_timeout,0
67.000,q_convergence,0.9808401823186007
67.000,update_residual,0.09808401823186008
67.000,investigation_deferred,0
67.000,nav_aborted,0
67.000,nav_canceled,0
67.000,nav_rejected,0
67.000,run_seed,6
68.000,anomalies_detected,0
68.000,anomalies_unique,0
68.000,investigation_timeouts,0
68.000,mission_duration_s,23.436
68.000,distance_traveled_m,5.980070718253923
68.000,route_deviations,0
68.000,investigation_time_s,0.0
68.000,hazard_avoidances,0
68.000,min_hazard_distance_m,5.806031080637411
68.000,collisions,0
68.000,time_below_clearance_s,0.0
68.000,safety_zone_violations,0
68.000,min_ttc_s,12.073028619103356
68.000,avoid_success,0
68.000,avoid_timeout,0
68.000,q_convergence,0.8807334706550105
68.000,update_residual,0.08807334706550105
68.000,investigation_deferred,0
68.000,nav_aborted,0
68.000,nav_canceled,0
68.000,nav_rejected,0
68.000,run_seed,6
69.000,anomalies_detected,0
69.000,anomalies_unique,0
69.000,investigation_timeouts,0
69.000,mission_duration_s,24.436
69.000,distance_traveled_m,6.2421506954481725
69.000,route_deviations,0
69.000,investigation_time_s,0.0
69.000,hazard_avoidances,0
69.000,min_hazard_distance_m,5.548113922210075
69.000,collisions,0
69.000,time_below_clearance_s,0.0
69.000,safety_zone_violations,0
69.000,min_ttc_s,12.073028619103356
69.000,avoid_success,0
69.000,avoid_timeout,0
69.000,q_convergence,1.003657890543926
69.000,update_residual,0.10036578905439263
69.000,investigation_deferred,0
69.000,nav_aborted,0
69.000,nav_canceled,0
69.000,nav_rejected,0
69.000,run_seed,6
70.000,anomalies_detected,0
70.000,anomalies_unique,0
70.000,investigation_timeouts,0
70.000,mission_duration_s,25.436
70.000,distance_traveled_m,6.504230680443931
70.000,route_deviations,0
70.000,investigation_time_s,0.0
70.000,hazard_avoidances,0
70.000,min_hazard_distance_m,5.291392215922759
70.000,collisions,0
70.000,time_below_clearance_s,0.0
70.000,safety_zone_violations,0
70.000,min_ttc_s,10.433997044528125
70.000,avoid_success,0
70.000,avoid_timeout,0
70.000,q_convergence,0.8334861535493575
70.000,update_residual,0.08334861535493576
70.000,investigation_deferred,0
70.000,nav_aborted,0
70.000,nav_canceled,0
70.000,nav_rejected,0
70.000,run_seed,6
71.000,anomalies_detected,0
71.000,anomalies_unique,0
71.000,investigation_timeouts,0
71.000,mission_duration_s,26.436
71.000,distance_traveled_m,6.7663106539882625
71.000,route_deviations,0
71.000,investigation_time_s,0.0
71.000,hazard_avoidances,0
71.000,min_hazard_distance_m,5.034796781716203
71.000,collisions,0
71.000,time_below_clearance_s,0.0
71.000,safety_zone_violations,0
71.000,min_ttc_s,9.93384982444211
71.000,avoid_success,0
71.000,avoid_timeout,0
71.000,q_convergence,0.7243436384875656
71.000,update_residual,0.07243436384875657
71.000,investigation_deferred,0
71.000,nav_aborted,0
71.000,nav_canceled,0
71.000,nav_rejected,0
71.000,run_seed,6
72.000,anomalies_detected,0
72.000,anomalies_unique,0
72.000,investigation_timeouts,0
72.000,mission_duration_s,27.436
72.000,distance_traveled_m,7.019030642960035
72.000,route_deviations,0
72.000,investigation_time_s,0.0
72.000,hazard_avoidances,0
72.000,min_hazard_distance_m,4.788288059431422
72.000,collisions,0
72.000,time_below_clearance_s,0.0
72.000,safety_zone_violations,0
72.000,min_ttc_s,9.59544476583626
72.000,avoid_success,0
72.000,avoid_timeout,0
72.000,q_convergence,0.8671972034896893
72.000,update_residual,0.08671972034896894
72.000,investigation_deferred,0
72.000,nav_aborted,0
72.000,nav_canceled,0
72.000,nav_rejected,0
72.000,run_seed,6
73.000,anomalies_detected,0
73.000,anomalies_unique,0
73.000,investigation_timeouts,0
73.000,mission_duration_s,28.436
73.000,distance_traveled_m,7.2811106127752945
73.000,route_deviations,1
73.000,investigation_time_s,0.0
73.000,hazard_avoidances,1
73.000,min_hazard_distance_m,4.533097858824953
73.000,collisions,0
73.000,time_below_clearance_s,0.0
73.000,safety_zone_violations,0
73.000,min_ttc_s,8.974776617243734
73.000,avoid_success,0
73.000,avoid_timeout,0
73.000,q_convergence,1.3952168955683744
73.000,update_residual,0.12904254823031835
73.000,investigation_deferred,0
73.000,nav_aborted,0
73.000,nav_canceled,0
73.000,nav_rejected,0
73.000,run_seed,6
74.000,anomalies_detected,0
74.000,anomalies_unique,0
74.000,investigation_timeouts,0
74.000,mission_duration_s,29.436
74.000,distance_traveled_m,7.37872238169881
74.000,route_deviations,1
74.000,investigation_time_s,0.0
74.000,hazard_avoidances,1
74.000,min_hazard_distance_m,4.462632048090187
74.000,collisions,0
74.000,time_below_clearance_s,0.0
74.000,safety_zone_violations,0
74.000,min_ttc_s,8.974776617243734
74.000,avoid_success,0
74.000,avoid_timeout,0
74.000,q_convergence,3.2744272759205058
74.000,update_residual,0.02836137242685063
74.000,investigation_deferred,0
74.000,nav_aborted,0
74.000,nav_canceled,0
74.000,nav_rejected,0
74.000,run_seed,6
75.000,anomalies_detected,0
75.000,anomalies_unique,0
75.000,investigation_timeouts,0
75.000,mission_duration_s,30.436
75.000,distance_traveled_m,7.596748362731919
75.000,route_deviations,1
75.000,investigation_time_s,0.0
75.000,hazard_avoidances,1
75.000,min_hazard_distance_m,4.462632048090187
75.000,collisions,0
75.000,time_below_clearance_s,0.0
75.000,safety_zone_violations,0
75.000,min_ttc_s,8.974776617243734
75.000,avoid_success,0
75.000,avoid_timeout,0
75.000,q_convergence,3.651013468104447
75.000,update_residual,0.006248080686911773
75.000,investigation_deferred,0
75.000,nav_aborted,0
75.000,nav_canceled,0
75.000,nav_rejected,0
75.000,run_seed,6
76.000,anomalies_detected,0
76.000,anomalies_unique,0
76.000,investigation_timeouts,0
76.000,mission_duration_s,31.436
76.000,distance_traveled_m,7.649047049361928
76.000,route_deviations,1
76.000,investigation_time_s,0.0
76.000,hazard_avoidances,1
76.000,min_hazard_distance_m,4.462632048090187
76.000,collisions,0
76.000,time_below_clearance_s,0.0
76.000,safety_zone_violations,0
76.000,min_ttc_s,8.974776617243734
76.000,avoid_success,0
76.000,avoid_timeout,0
76.000,q_convergence,3.730618882141048
76.000,update_residual,0.0006210722512924852
76.000,investigation_deferred,0
76.000,nav_aborted,0
76.000,nav_canceled,0
76.000,nav_rejected,0
76.000,run_seed,6
77.000,anomalies_detected,0
77.000,anomalies_unique,0
77.000,investigation_timeouts,0
77.000,mission_duration_s,32.436
77.000,distance_traveled_m,7.813852908700427
77.000,route_deviations,1
77.000,investigation_time_s,0.0
77.000,hazard_avoidances,1
77.000,min_hazard_distance_m,4.462632048090187
77.000,collisions,0
77.000,time_below_clearance_s,0.0
77.000,safety_zone_violations,0
77.000,min_ttc_s,8.974776617243734
77.000,avoid_success,0
77.000,avoid_timeout,0
77.000,q_convergence,3.661402252312936
77.000,update_residual,0.003809774473187612
77.000,investigation_deferred,0
77.000,nav_aborted,0
77.000,nav_canceled,0
77.000,nav_rejected,0
77.000,run_seed,6
78.000,anomalies_detected,0
78.000,anomalies_unique,0
78.000,investigation_timeouts,0
78.000,mission_duration_s,33.436
78.000,distance_traveled_m,8.075932168025355
78.000,route_deviations,1
78.000,investigation_time_s,0.0
78.000,hazard_avoidances,1
78.000,min_hazard_distance_m,4.462632048090187
78.000,collisions,0
78.000,time_below_clearance_s,0.0
78.000,safety_zone_violations,0
78.000,min_ttc_s,8.974776617243734
78.000,avoid_success,0
78.000,avoid_timeout,0
78.000,q_convergence,3.625359502312485
78.000,update_residual,0.00020549947314246547
78.000,investigation_deferred,0
78.000,nav_aborted,0
78.000,nav_canceled,0
78.000,nav_rejected,0
78.000,run_seed,6
79.000,anomalies_detected,0
79.000,anomalies_unique,0
79.000,investigation_timeouts,0
79.000,mission_duration_s,34.436
79.000,distance_traveled_m,8.338012151746723
79.000,route_deviations,1
79.000,investigation_time_s,0.0
79.000,hazard_avoidances,1
79.000,min_hazard_distance_m,4.462632048090187
79.000,collisions,0
79.000,time_below_clearance_s,0.0
79.000,safety_zone_violations,0
79.000,min_ttc_s,8.974776617243734
79.000,avoid_success,0
79.000,avoid_timeout,0
79.000,q_convergence,3.378166325348933
79.000,update_residual,0.020805490079249662
79.000,investigation_deferred,0
79.000,nav_aborted,0
79.000,nav_canceled,0
79.000,nav_rejected,0
79.000,run_seed,6
80.000,anomalies_detected,0
80.000,anomalies_unique,0
80.000,investigation_timeouts,0
80.000,mission_duration_s,35.436
80.000,distance_traveled_m,8.600092128865128
80.000,route_deviations,1
80.000,investigation_time_s,0.0
80.000,hazard_avoidances,1
80.000,min_hazard_distance_m,4.462632048090187
80.000,collisions,0
80.000,time_below_clearance_s,0.0
80.000,safety_zone_violations,0
80.000,min_ttc_s,8.974776617243734
80.000,avoid_success,0
80.000,avoid_timeout,0
80.000,q_convergence,2.4741352792764397
80.000,update_residual,0.05101065349567497
80.000,investigation_deferred,0
80.000,nav_aborted,0
80.000,nav_canceled,0
80.000,nav_rejected,0
80.000,run_seed,6
81.000,anomalies_detected,0
81.000,anomalies_unique,0
81.000,investigation_timeouts,0
81.000,mission_duration_s,36.436
81.000,distance_traveled_m,8.852811935327837
81.000,route_deviations,1
81.000,investigation_time_s,0.0
81.000,hazard_avoidances,1
81.000,min_hazard_distance_m,4.462632048090187
81.000,collisions,0
81.000,time_below_clearance_s,0.0
81.000,safety_zone_violations,0
81.000,min_ttc_s,8.974776617243734
81.000,avoid_success,0
81.000,avoid_timeout,0
81.000,q_convergence,2.9575455094670486
81.000,update_residual,0.00266963047661404
81.000,investigation_deferred,0
81.000,nav_aborted,0
81.000,nav_canceled,0
81.000,nav_rejected,0
81.000,run_seed,6
82.000,anomalies_detected,0
82.000,anomalies_unique,0
82.000,investigation_timeouts,0
82.000,mission_duration_s,37.436
82.000,distance_traveled_m,9.114293289089652
82.000,route_deviations,1
82.000,investigation_time_s,0.0
82.000,hazard_avoidances,1
82.000,min_hazard_distance_m,4.462632048090187
82.000,collisions,0
82.000,time_below_clearance_s,0.0
82.000,safety_zone_violations,0
82.000,min_ttc_s,8.974776617243734
82.000,avoid_success,0
82.000,avoid_timeout,0
82.000,q_convergence,2.691316038283308
82.000,update_residual,0.015471049618509728
82.000,investigation_deferred,0
82.000,nav_aborted,0
82.000,nav_canceled,0
82.000,nav_rejected,0
82.000,run_seed,6
83.000,anomalies_detected,0
83.000,anomalies_unique,0
83.000,investigation_timeouts,0
83.000,mission_duration_s,38.436
83.000,distance_traveled_m,9.300260761535865
83.000,route_deviations,1
83.000,investigation_time_s,0.0
83.000,hazard_avoidances,1
83.000,min_hazard_distance_m,4.462632048090187
83.000,collisions,0
83.000,time_below_clearance_s,0.0
83.000,safety_zone_violations,0
83.000,min_ttc_s,8.974776617243734
83.000,avoid_success,1
83.000,avoid_timeout,0
83.000,q_convergence,2.320265831197879
83.000,update_residual,0.023312838591726715
83.000,investigation_deferred,0
83.000,nav_aborted,0
83.000,nav_canceled,0
83.000,nav_rejected,0
83.000,run_seed,6
84.000,anomalies_detected,0
84.000,anomalies_unique,0
84.000,investigation_timeouts,0
84.000,mission_duration_s,39.436
84.000,distance_traveled_m,9.400408245312907
84.000,route_deviations,1
84.000,investigation_time_s,0.0
84.000,hazard_avoidances,1
84.000,min_hazard_distance_m,4.462632048090187
84.000,collisions,0
84.000,time_below_clearance_s,0.0
84.000,safety_zone_violations,0
84.000,min_ttc_s,8.974776617243734
84.000,avoid_success,1
84.000,avoid_timeout,0
84.000,q_convergence,1.748410110094208
84.000,update_residual,0.04077046006892705
84.000,investigation_deferred,0
84.000,nav_aborted,0
84.000,nav_canceled,0
84.000,nav_rejected,0
84.000,run_seed,6
85.000,anomalies_detected,0
85.000,anomalies_unique,0
85.000,investigation_timeouts,0
85.000,mission_duration_s,40.436
85.000,distance_traveled_m,9.633295639683825
85.000,route_deviations,1
85.000,investigation_time_s,0.0
85.000,hazard_avoidances,1
85.000,min_hazard_distance_m,4.462632048090187
85.000,collisions,0
85.000,time_below_clearance_s,0.0
85.000,safety_zone_violations,0
85.000,min_ttc_s,8.974776617243734
85.000,avoid_success,1
85.000,avoid_timeout,0
85.000,q_convergence,2.1333613475203816
85.000,update_residual,0.002275336326309741
85.000,investigation_deferred,0
85.000,nav_aborted,0
85.000,nav_canceled,0
85.000,nav_rejected,0
85.000,run_seed,6
86.000,anomalies_detected,0
86.000,anomalies_unique,0
86.000,investigation_timeouts,0
86.000,mission_duration_s,41.436
86.000,distance_traveled_m,9.771069330982256
86.000,route_deviations,1
86.000,investigation_time_s,0.0
86.000,hazard_avoidances,1
86.000,min_hazard_distance_m,4.462632048090187
86.000,collisions,0
86.000,time_below_clearance_s,0.0
86.000,safety_zone_violations,0
86.000,min_ttc_s,8.974776617243734
86.000,avoid_success,1
86.000,avoid_timeout,0
86.000,q_convergence,1.8355607154862474
86.000,update_residual,0.02074094053793424
86.000,investigation_deferred,0
86.000,nav_aborted,0
86.000,nav_canceled,0
86.000,nav_rejected,0
86.000,run_seed,6
87.000,anomalies_detected,0
87.000,anomalies_unique,0
87.000,investigation_timeouts,0
87.000,mission_duration_s,42.436
87.000,distance_traveled_m,9.90159614025612
87.000,route_deviations,1
87.000,investigation_time_s,0.0
87.000,hazard_avoidances,1
87.000,min_hazard_distance_m,4.462632048090187
87.000,collisions,0
87.000,time_below_clearance_s,0.0
87.000,safety_zone_violations,0
87.000,min_ttc_s,8.974776617243734
87.000,avoid_success,1
87.000,avoid_timeout,0
87.000,q_convergence,1.4632257446610237
87.000,update_residual,0.036947175950493315
87.000,investigation_deferred,0
87.000,nav_aborted,0
87.000,nav_canceled,0
87.000,nav_rejected,0
87.000,run_seed,6
88.000,anomalies_detected,0
88.000,anomalies_unique,0
88.000,investigation_timeouts,0
88.000,mission_duration_s,43.436
88.000,distance_traveled_m,10.163674433729541
88.000,route_deviations,1
88.000,investigation_time_s,0.0
88.000,hazard_avoidances,1
88.000,min_hazard_distance_m,4.462632048090187
88.000,collisions,0
88.000,time_below_clearance_s,0.0
88.000,safety_zone_violations,0
88.000,min_ttc_s,8.974776617243734
88.000,avoid_success,1
88.000,avoid_timeout,0
88.000,q_convergence,1.619997525330984
88.000,update_residual,0.006220464678992126
88.000,investigation_deferred,0
88.000,nav_aborted,0
88.000,nav_canceled,0
88.000,nav_rejected,0
88.000,run_seed,6
89.000,anomalies_detected,0
89.000,anomalies_unique,0
89.000,investigation_timeouts,0
89.000,mission_duration_s,44.436
89.000,distance_traveled_m,10.425754400750721
89.000,route_deviations,1
89.000,investigation_time_s,0.0
89.000,hazard_avoidances,1
89.000,min_hazard_distance_m,4.462632048090187
89.000,collisions,0
89.000,time_below_clearance_s,0.0
89.000,safety_zone_violations,0
89.000,min_ttc_s,8.974776617243734
89.000,avoid_success,1
89.000,avoid_timeout,0
89.000,q_convergence,1.4064650992064092
89.000,update_residual,0.008234115244650567
89.000,investigation_deferred,0
89.000,nav_aborted,0
89.000,nav_canceled,0
89.000,nav_rejected,0
89.000,run_seed,6
90.000,anomalies_detected,0
90.000,anomalies_unique,0
90.000,investigation_timeouts,0
90.000,mission_duration_s,45.436
90.000,distance_traveled_m,10.678474383467151
90.000,route_deviations,1
90.000,investigation_time_s,0.0
90.000,hazard_avoidances,1
90.000,min_hazard_distance_m,4.462632048090187
90.000,collisions,0
90.000,time_below_clearance_s,0.0
90.000,safety_zone_violations,0
90.000,min_ttc_s,8.974776617243734
90.000,avoid_success,1
90.000,avoid_timeout,0
90.000,q_convergence,1.328433251483266
90.000,update_residual,0.0004309304723362386
90.000,investigation_deferred,0
90.000,nav_aborted,0
90.000,nav_canceled,0
90.000,nav_rejected,0
90.000,run_seed,6
91.000,anomalies_detected,0
91.000,anomalies_unique,0
91.000,investigation_timeouts,0
91.000,mission_duration_s,46.436
91.000,distance_traveled_m,10.940554351116843
91.000,route_deviations,1
91.000,investigation_time_s,0.0
91.000,hazard_avoidances,1
91.000,min_hazard_distance_m,4.462632048090187
91.000,collisions,0
91.000,time_below_clearance_s,0.0
91.000,safety_zone_violations,0
91.000,min_ttc_s,8.974776617243734
91.000,avoid_success,1
91.000,avoid_timeout,0
91.000,q_convergence,0.9435658074684912
91.000,update_residual,0.07258293254956788
91.000,investigation_deferred,0
91.000,nav_aborted,0
91.000,nav_canceled,0
91.000,nav_rejected,0
91.000,run_seed,6
92.000,anomalies_detected,0
92.000,anomalies_unique,0
92.000,investigation_timeouts,0
92.000,mission_duration_s,47.436
92.000,distance_traveled_m,11.108548377444524
92.000,route_deviations,2
92.000,investigation_time_s,0.0
92.000,hazard_avoidances,2
92.000,min_hazard_distance_m,4.462632048090187
92.000,collisions,0
92.000,time_below_clearance_s,0.0
92.000,safety_zone_violations,0
92.000,min_ttc_s,8.974776617243734
92.000,avoid_success,1
92.000,avoid_timeout,0
92.000,q_convergence,2.1564567912347163
92.000,update_residual,0.03871889301566805
92.000,investigation_deferred,0
92.000,nav_aborted,0
92.000,nav_canceled,0
92.000,nav_rejected,0
92.000,run_seed,6
93.000,anomalies_detected,0
93.000,anomalies_unique,0
93.000,investigation_timeouts,0
93.000,mission_duration_s,48.436
93.000,distance_traveled_m,11.31002036705171
93.000,route_deviations,2
93.000,investigation_time_s,0.0
93.000,hazard_avoidances,2
93.000,min_hazard_distance_m,4.462632048090187
93.000,collisions,0
93.000,time_below_clearance_s,0.0
93.000,safety_zone_violations,0
93.000,min_ttc_s,8.974776617243734
93.000,avoid_success,1
93.000,avoid_timeout,0
93.000,q_convergence,3.484679782388171
93.000,update_residual,0.0042533751932690034
93.000,investigation_deferred,0
93.000,nav_aborted,0
93.000,nav_canceled,0
93.000,nav_rejected,0
93.000,run_seed,6
94.000,anomalies_detected,0
94.000,anomalies_unique,0
94.000,investigation_timeouts,0
94.000,mission_duration_s,49.436
94.000,distance_traveled_m,11.400235104227583
94.000,route_deviations,2
94.000,investigation_time_s,0.0
94.000,hazard_avoidances,2
94.000,min_hazard_distance_m,4.462632048090187
94.000,collisions,0
94.000,time_below_clearance_s,0.0
94.000,safety_zone_violations,0
94.000,min_ttc_s,8.974776617243734
94.000,avoid_success,1
94.000,avoid_timeout,0
94.000,q_convergence,3.568506752892433
94.000,update_residual,0.001068668207268808
94.000,investigation_deferred,0
94.000,nav_aborted,0
94.000,nav_canceled,0
94.000,nav_rejected,0
94.000,run_seed,6
95.000,anomalies_detected,0
95.000,anomalies_unique,0
95.000,investigation_timeouts,0
95.000,mission_duration_s,50.436
95.000,distance_traveled_m,11.509761262380067
95.000,route_deviations,2
95.000,investigation_time_s,0.0
95.000,hazard_avoidances,2
95.000,min_hazard_distance_m,4.462632048090187
95.000,collisions,0
95.000,time_below_clearance_s,0.0
95.000,safety_zone_violations,0
95.000,min_ttc_s,8.974776617243734
95.000,avoid_success,1
95.000,avoid_timeout,0
95.000,q_convergence,3.0944856970143952
95.000,update_residual,0.04469933521406362
95.000,investigation_deferred,0
95.000,nav_aborted,0
95.000,nav_canceled,0
95.000,nav_rejected,0
95.000,run_seed,6
96.000,anomalies_detected,0
96.000,anomalies_unique,0
96.000,investigation_timeouts,0
96.000,mission_duration_s,51.436
96.000,distance_traveled_m,11.771839890975748
96.000,route_deviations,2
96.000,investigation_time_s,0.0
96.000,hazard_avoidances,2
96.000,min_hazard_distance_m,4.462632048090187
96.000,collisions,0
96.000,time_below_clearance_s,0.0
96.000,safety_zone_violations,0
96.000,min_ttc_s,8.974776617243734
96.000,avoid_success,1
96.000,avoid_timeout,0
96.000,q_convergence,3.2161610323813297
96.000,update_residual,0.02600114874121655
96.000,investigation_deferred,0
96.000,nav_aborted,0
96.000,nav_canceled,0
96.000,nav_rejected,0
96.000,run_seed,6
97.000,anomalies_detected,0
97.000,anomalies_unique,0
97.000,investigation_timeouts,0
97.000,mission_duration_s,52.436
97.000,distance_traveled_m,12.033919863064897
97.000,route_deviations,2
97.000,investigation_time_s,0.0
97.000,hazard_avoidances,2
97.000,min_hazard_distance_m,4.462632048090187
97.000,collisions,0
97.000,time_below_clearance_s,0.0
97.000,safety_zone_violations,0
97.000,min_ttc_s,8.974776617243734
97.000,avoid_success,1
97.000,avoid_timeout,0
97.000,q_convergence,3.1659293216693136
97.000,update_residual,0.029280784898800673
97.000,investigation_deferred,0
97.000,nav_aborted,0
97.000,nav_canceled,0
97.000,nav_rejected,0
97.000,run_seed,6
98.000,anomalies_detected,0
98.000,anomalies_unique,0
98.000,investigation_timeouts,0
98.000,mission_duration_s,53.436
98.000,distance_traveled_m,12.295999644138131
98.000,route_deviations,2
98.000,investigation_time_s,0.0
98.000,hazard_avoidances,2
98.000,min_hazard_distance_m,4.462632048090187
98.000,collisions,0
98.000,time_below_clearance_s,0.0
98.000,safety_zone_violations,0
98.000,min_ttc_s,8.974776617243734
98.000,avoid_success,1
98.000,avoid_timeout,0
98.000,q_convergence,3.0803272815727425
98.000,update_residual,0.01415097790426435
98.000,investigation_deferred,0
98.000,nav_aborted,0
98.000,nav_canceled,0
98.000,nav_rejected,0
98.000,run_seed,6
99.000,anomalies_detected,0
99.000,anomalies_unique,0
99.000,investigation_timeouts,0
99.000,mission_duration_s,54.436
99.000,distance_traveled_m,12.548719631582134
99.000,route_deviations,2
99.000,investigation_time_s,0.0
99.000,hazard_avoidances,2
99.000,min_hazard_distance_m,4.462632048090187
99.000,collisions,0
99.000,time_below_clearance_s,0.0
99.000,safety_zone_violations,0
99.000,min_ttc_s,8.974776617243734
99.000,avoid_success,1
99.000,avoid_timeout,0
99.000,q_convergence,2.946223383321318
99.000,update_residual,0.0007405880791219237
99.000,investigation_deferred,0
99.000,nav_aborted,0
99.000,nav_canceled,0
99.000,nav_rejected,0
99.000,run_seed,6
100.000,anomalies_detected,0
100.000,anomalies_unique,0
100.000,investigation_timeouts,0
100.000,mission_duration_s,55.436
100.000,distance_traveled_m,12.796733229141948
100.000,route_deviations,2
100.000,investigation_time_s,0.0
100.000,hazard_avoidances,2
100.000,min_hazard_distance_m,4.462632048090187
100.000,collisions,0
100.000,time_below_clearance_s,0.0
100.000,safety_zone_violations,0
100.000,min_ttc_s,8.974776617243734
100.000,avoid_success,1
100.000,avoid_timeout,0
100.000,q_convergence,1.8700406848577087
100.000,update_residual,0.0689506463180727
100.000,investigation_deferred,0
100.000,nav_aborted,0
100.000,nav_canceled,0
100.000,nav_rejected,0
100.000,run_seed,6
101.000,anomalies_detected,0
101.000,anomalies_unique,0
101.000,investigation_timeouts,0
101.000,mission_duration_s,56.436
101.000,distance_traveled_m,12.832258221312586
101.000,route_deviations,2
101.000,investigation_time_s,0.0
101.000,hazard_avoidances,2
101.000,min_hazard_distance_m,4.462632048090187
101.000,collisions,0
101.000,time_below_clearance_s,0.0
101.000,safety_zone_violations,0
101.000,min_ttc_s,8.974776617243734
101.000,avoid_success,2
101.000,avoid_timeout,0
101.000,q_convergence,2.066366899071525
101.000,update_residual,0.011731152714496993
101.000,investigation_deferred,0
101.000,nav_aborted,0
101.000,nav_canceled,0
101.000,nav_rejected,0
101.000,run_seed,6
102.000,anomalies_detected,0
102.000,anomalies_unique,0
102.000,investigation_timeouts,0
102.000,mission_duration_s,57.436
102.000,distance_traveled_m,12.934297952587062
102.000,route_deviations,2
102.000,investigation_time_s,0.0
102.000,hazard_avoidances,2
102.000,min_hazard_distance_m,4.462632048090187
102.000,collisions,0
102.000,time_below_clearance_s,0.0
102.000,safety_zone_violations,0
102.000,min_ttc_s,8.974776617243734
102.000,avoid_success,2
102.000,avoid_timeout,0
102.000,q_convergence,1.9054398887580624
102.000,update_residual,0.010063859001676537
102.000,investigation_deferred,0
102.000,nav_aborted,0
102.000,nav_canceled,0
102.000,nav_rejected,0
102.000,run_seed,6
103.000,anomalies_detected,0
103.000,anomalies_unique,0
103.000,investigation_timeouts,0
103.000,mission_duration_s,58.436
103.000,distance_traveled_m,13.17097326322996
103.000,route_deviations,2
103.000,investigation_time_s,0.0
103.000,hazard_avoidances,2
103.000,min_hazard_distance_m,4.462632048090187
103.000,collisions,0
103.000,time_below_clearance_s,0.0
103.000,safety_zone_violations,0
103.000,min_ttc_s,8.974776617243734
103.000,avoid_success,2
103.000,avoid_timeout,0
103.000,q_convergence,1.8100681955289448
103.000,update_residual,0.0005266896787648388
103.000,investigation_deferred,0
103.000,nav_aborted,0
103.000,nav_canceled,0
103.000,nav_rejected,0
103.000,run_seed,6
104.000,anomalies_detected,0
104.000,anomalies_unique,0
104.000,investigation_timeouts,0
104.000,mission_duration_s,59.436
104.000,distance_traveled_m,13.310738779989153
104.000,route_deviations,2
104.000,investigation_time_s,0.0
104.000,hazard_avoidances,2
104.000,min_hazard_distance_m,4.462632048090187
104.000,collisions,0
104.000,time_below_clearance_s,0.0
104.000,safety_zone_violations,0
104.000,min_ttc_s,8.974776617243734
104.000,avoid_success,2
104.000,avoid_timeout,0
104.000,q_convergence,1.6967329139054068
104.000,update_residual,0.016265180997530434
104.000,investigation_deferred,0
104.000,nav_aborted,0
104.000,nav_canceled,0
104.000,nav_rejected,0
104.000,run_seed,6
105.000,anomalies_detected,0
105.000,anomalies_unique,0
105.000,investigation_timeouts,0
105.000,mission_duration_s,60.436
105.000,distance_traveled_m,13.451230065505488
105.000,route_deviations,2
105.000,investigation_time_s,0.0
105.000,hazard_avoidances,2
105.000,min_hazard_distance_m,4.462632048090187
105.000,collisions,0
105.000,time_below_clearance_s,0.0
105.000,safety_zone_violations,0
105.000,min_ttc_s,8.974776617243734
105.000,avoid_success,2
105.000,avoid_timeout,0
105.000,q_convergence,1.7110867490631265
105.000,update_residual,0.017700564513302437
105.000,investigation_deferred,0
105.000,nav_aborted,0
105.000,nav_canceled,0
105.000,nav_rejected,0
105.000,run_seed,6
106.000,anomalies_detected,0
106.000,anomalies_unique,0
106.000,investigation_timeouts,0
106.000,mission_duration_s,61.436
106.000,distance_traveled_m,13.713308084696026
106.000,route_deviations,2
106.000,investigation_time_s,0.0
106.000,hazard_avoidances,2
106.000,min_hazard_distance_m,4.462632048090187
106.000,collisions,0
106.000,time_below_clearance_s,0.0
106.000,safety_zone_violations,0
106.000,min_ttc_s,8.974776617243734
106.000,avoid_success,2
106.000,avoid_timeout,0
106.000,q_convergence,1.406864611951144
106.000,update_residual,0.010289567361055716
106.000,investigation_deferred,0
106.000,nav_aborted,0
106.000,nav_canceled,0
106.000,nav_rejected,0
106.000,run_seed,6
107.000,anomalies_detected,0
107.000,anomalies_unique,0
107.000,investigation_timeouts,0
107.000,mission_duration_s,62.436
107.000,distance_traveled_m,13.975388055853708
107.000,route_deviations,2
107.000,investigation_time_s,0.0
107.000,hazard_avoidances,2
107.000,min_hazard_distance_m,4.462632048090187
107.000,collisions,0
107.000,time_below_clearance_s,0.0
107.000,safety_zone_violations,0
107.000,min_ttc_s,8.974776617243734
107.000,avoid_success,2
107.000,avoid_timeout,0
107.000,q_convergence,1.3093539590638712
107.000,update_residual,0.0005385020723284104
107.000,investigation_deferred,0
107.000,nav_aborted,0
107.000,nav_canceled,0
107.000,nav_rejected,0
107.000,run_seed,6
108.000,anomalies_detected,0
108.000,anomalies_unique,0
108.000,investigation_timeouts,0
108.000,mission_duration_s,63.436
108.000,distance_traveled_m,14.22810803571221
108.000,route_deviations,2
108.000,investigation_time_s,0.0
108.000,hazard_avoidances,2
108.000,min_hazard_distance_m,4.462632048090187
108.000,collisions,0
108.000,time_below_clearance_s,0.0
108.000,safety_zone_violations,0
108.000,min_ttc_s,8.974776617243734
108.000,avoid_success,2
108.000,avoid_timeout,0
108.000,q_convergence,0.9537872973507149
108.000,update_residual,0.05513642354832136
108.000,investigation_deferred,0
108.000,nav_aborted,0
108.000,nav_canceled,0
108.000,nav_rejected,0
108.000,run_seed,6
109.000,anomalies_detected,0
109.000,anomalies_unique,0
109.000,investigation_timeouts,0
109.000,mission_duration_s,64.436
109.000,distance_traveled_m,14.4901879983225
109.000,route_deviations,2
109.000,investigation_time_s,0.0
109.000,hazard_avoidances,2
109.000,min_hazard_distance_m,4.462632048090187
109.000,collisions,0
109.000,time_below_clearance_s,0.0
109.000,safety_zone_violations,0
109.000,min_ttc_s,8.974776617243734
109.000,avoid_success,2
109.000,avoid_timeout,0
109.000,q_convergence,0.7886595462638424
109.000,update_residual,0.03197140513256564
109.000,investigation_deferred,0
109.000,nav_aborted,0
109.000,nav_canceled,0
109.000,nav_rejected,0
109.000,run_seed,6
110.000,anomalies_detected,0
110.000,anomalies_unique,0
110.000,investigation_timeouts,0
110.000,mission_duration_s,65.436
110.000,distance_traveled_m,14.653008417739596
110.000,route_deviations,3
110.000,investigation_time_s,0.0
110.000,hazard_avoidances,3
110.000,min_hazard_distance_m,4.462632048090187
110.000,collisions,0
110.000,time_below_clearance_s,0.0
110.000,safety_zone_violations,0
110.000,min_ttc_s,8.974776617243734
110.000,avoid_success,2
110.000,avoid_timeout,0
110.000,q_convergence,2.1037350483870014
110.000,update_residual,0.02649952202344103
110.000,investigation_deferred,0
110.000,nav_aborted,0
110.000,nav_canceled,0
110.000,nav_rejected,0
110.000,run_seed,6
111.000,anomalies_detected,0
111.000,anomalies_unique,0
111.000,investigation_timeouts,0
111.000,mission_duration_s,66.436
111.000,distance_traveled_m,14.85298685845658
111.000,route_deviations,3
111.000,investigation_time_s,0.0
111.000,hazard_avoidances,3
111.000,min_hazard_distance_m,4.462632048090187
111.000,collisions,0
111.000,time_below_clearance_s,0.0
111.000,safety_zone_violations,0
111.000,min_ttc_s,8.974776617243734
111.000,avoid_success,2
111.000,avoid_timeout,0
111.000,q_convergence,3.480523885928335
111.000,update_residual,0.004730625416503903
111.000,investigation_deferred,0
111.000,nav_aborted,0
111.000,nav_canceled,0
111.000,nav_rejected,0
111.000,run_seed,6
112.000,anomalies_detected,0
112.000,anomalies_unique,0
112.000,investigation_timeouts,0
112.000,mission_duration_s,67.436
112.000,distance_traveled_m,14.954404196607962
112.000,route_deviations,3
112.000,investigation_time_s,0.0
112.000,hazard_avoidances,3
112.000,min_hazard_distance_m,4.462632048090187
112.000,collisions,0
112.000,time_below_clearance_s,0.0
112.000,safety_zone_violations,0
112.000,min_ttc_s,8.974776617243734
112.000,avoid_success,2
112.000,avoid_timeout,0
112.000,q_convergence,3.5688521180814505
112.000,update_residual,0.0011171198418516853
112.000,investigation_deferred,0
112.000,nav_aborted,0
112.000,nav_canceled,0
112.000,nav_rejected,0
112.000,run_seed,6
113.000,anomalies_detected,0
113.000,anomalies_unique,0
113.000,investigation_timeouts,0
113.000,mission_duration_s,68.436
113.000,distance_traveled_m,15.060037243261965
113.000,route_deviations,3
113.000,investigation_time_s,0.0
113.000,hazard_avoidances,3
113.000,min_hazard_distance_m,4.462632048090187
113.000,collisions,0
113.000,time_below_clearance_s,0.0
113.000,safety_zone_violations,0
113.000,min_ttc_s,8.974776617243734
113.000,avoid_success,2
113.000,avoid_timeout,0
113.000,q_convergence,3.3504653246545955
113.000,update_residual,0.018696700728125997
113.000,investigation_deferred,0
113.000,nav_aborted,0
113.000,nav_canceled,0
113.000,nav_rejected,0
113.000,run_seed,6
114.000,anomalies_detected,0
114.000,anomalies_unique,0
114.000,investigation_timeouts,0
114.000,mission_duration_s,69.436
114.000,distance_traveled_m,15.32211547499762
114.000,route_deviations,3
114.000,investigation_time_s,0.0
114.000,hazard_avoidances,3
114.000,min_hazard_distance_m,4.462632048090187
114.000,collisions,0
114.000,time_below_clearance_s,0.0
114.000,safety_zone_violations,0
114.000,min_ttc_s,8.974776617243734
114.000,avoid_success,2
114.000,avoid_timeout,0
114.000,q_convergence,3.4313668390364547
114.000,update_residual,0.005614950249623967
114.000,investigation_deferred,0
114.000,nav_aborted,0
114.000,nav_canceled,0
114.000,nav_rejected,0
114.000,run_seed,6
115.000,anomalies_detected,0
115.000,anomalies_unique,0
115.000,investigation_timeouts,0
115.000,mission_duration_s,70.436
115.000,distance_traveled_m,15.584195266695092
115.000,route_deviations,3
115.000,investigation_time_s,0.0
115.000,hazard_avoidances,3
115.000,min_hazard_distance_m,4.462632048090187
115.000,collisions,0
115.000,time_below_clearance_s,0.0
115.000,safety_zone_violations,0
115.000,min_ttc_s,8.974776617243734
115.000,avoid_success,2
115.000,avoid_timeout,0
115.000,q_convergence,3.2384537606832304
115.000,update_residual,0.018673870836263564
115.000,investigation_deferred,0
115.000,nav_aborted,0
115.000,nav_canceled,0
115.000,nav_rejected,0
115.000,run_seed,6
116.000,anomalies_detected,0
116.000,anomalies_unique,0
116.000,investigation_timeouts,0
116.000,mission_duration_s,71.436
116.000,distance_traveled_m,15.846275059865356
116.000,route_deviations,3
116.000,investigation_time_s,0.0
116.000,hazard_avoidances,3
116.000,min_hazard_distance_m,4.462632048090187
116.000,collisions,0
116.000,time_below_clearance_s,0.0
116.000,safety_zone_violations,0
116.000,min_ttc_s,8.974776617243734
116.000,avoid_success,2
116.000,avoid_timeout,0
116.000,q_convergence,3.372523151727561
116.000,update_residual,0.001983071407412656
116.000,investigation_deferred,0
116.000,nav_aborted,0
116.000,nav_canceled,0
116.000,nav_rejected,0
116.000,run_seed,6
117.000,anomalies_detected,0
117.000,anomalies_unique,0
117.000,investigation_timeouts,0
117.000,mission_duration_s,72.436
117.000,distance_traveled_m,16.098781265291976
117.000,route_deviations,3
117.000,investigation_time_s,0.0
117.000,hazard_avoidances,3
117.000,min_hazard_distance_m,4.462632048090187
117.000,collisions,0
117.000,time_below_clearance_s,0.0
117.000,safety_zone_violations,0
117.000,min_ttc_s,8.974776617243734
117.000,avoid_success,2
117.000,avoid_timeout,0
117.000,q_convergence,3.054685226768303
117.000,update_residual,0.017118444083686915
117.000,investigation_deferred,0
117.000,nav_aborted,0
117.000,nav_canceled,0
117.000,nav_rejected,0
117.000,run_seed,6
118.000,anomalies_detected,0
118.000,anomalies_unique,0
118.000,investigation_timeouts,0
118.000,mission_duration_s,73.436
118.000,distance_traveled_m,16.343439141538653
118.000,route_deviations,3
118.000,investigation_time_s,0.0
118.000,hazard_avoidances,3
118.000,min_hazard_distance_m,4.462632048090187
118.000,collisions,0
118.000,time_below_clearance_s,0.0
118.000,safety_zone_violations,0
118.000,min_ttc_s,8.974776617243734
118.000,avoid_success,2
118.000,avoid_timeout,0
118.000,q_convergence,1.8881971050459665
118.000,update_residual,0.06144191892716758
118.000,investigation_deferred,0
118.000,nav_aborted,0
118.000,nav_canceled,0
118.000,nav_rejected,0
118.000,run_seed,6
119.000,anomalies_detected,0
119.000,anomalies_unique,0
119.000,investigation_timeouts,0
119.000,mission_duration_s,74.436
119.000,distance_traveled_m,16.379065500925986
119.000,route_deviations,3
119.000,investigation_time_s,0.0
119.000,hazard_avoidances,3
119.000,min_hazard_distance_m,4.462632048090187
119.000,collisions,0
119.000,time_below_clearance_s,0.0
119.000,safety_zone_violations,0
119.000,min_ttc_s,8.974776617243734
119.000,avoid_success,3
119.000,avoid_timeout,0
119.000,q_convergence,1.9482236248400646
119.000,update_residual,0.02097535631487505
119.000,investigation_deferred,0
119.000,nav_aborted,0
119.000,nav_canceled,0
119.000,nav_rejected,0
119.000,run_seed,6
120.000,anomalies_detected,0
120.000,anomalies_unique,0
120.000,investigation_timeouts,0
120.000,mission_duration_s,75.436
120.000,distance_traveled_m,16.482301252105685
120.000,route_deviations,3
120.000,investigation_time_s,0.0
120.000,hazard_avoidances,3
120.000,min_hazard_distance_m,4.462632048090187
120.000,collisions,0
120.000,time_below_clearance_s,0.0
120.000,safety_zone_violations,0
120.000,min_ttc_s,8.974776617243734
120.000,avoid_success,3
120.000,avoid_timeout,0
120.000,q_convergence,1.860704987700625
120.000,update_residual,0.00898750675404832
120.000,investigation_deferred,0
120.000,nav_aborted,0
120.000,nav_canceled,0
120.000,nav_rejected,0
120.000,run_seed,6
121.000,anomalies_detected,0
121.000,anomalies_unique,0
121.000,investigation_timeouts,0
121.000,mission_duration_s,76.436
121.000,distance_traveled_m,16.718074995193017
121.000,route_deviations,3
121.000,investigation_time_s,0.0
121.000,hazard_avoidances,3
121.000,min_hazard_distance_m,4.462632048090187
121.000,collisions,0
121.000,time_below_clearance_s,0.0
121.000,safety_zone_violations,0
121.000,min_ttc_s,8.974776617243734
121.000,avoid_success,3
121.000,avoid_timeout,0
121.000,q_convergence,1.77553351054669
121.000,update_residual,0.0004703590386548626
121.000,investigation_deferred,0
121.000,nav_aborted,0
121.000,nav_canceled,0
121.000,nav_rejected,0
121.000,run_seed,6
122.000,anomalies_detected,0
122.000,anomalies_unique,0
122.000,investigation_timeouts,0
122.000,mission_duration_s,77.436
122.000,distance_traveled_m,16.849383480272536
122.000,route_deviations,3
122.000,investigation_time_s,0.0
122.000,hazard_avoidances,3
122.000,min_hazard_distance_m,4.462632048090187
122.000,collisions,0
122.000,time_below_clearance_s,0.0
122.000,safety_zone_violations,0
122.000,min_ttc_s,8.974776617243734
122.000,avoid_success,3
122.000,avoid_timeout,0
122.000,q_convergence,1.6822575906644215
122.000,update_residual,0.017705215852830154
122.000,investigation_deferred,0
122.000,nav_aborted,0
122.000,nav_canceled,0
122.000,nav_rejected,0
122.000,run_seed,6
123.000,anomalies_detected,0
123.000,anomalies_unique,0
123.000,investigation_timeouts,0
123.000,mission_duration_s,78.436
123.000,distance_traveled_m,16.988119296311453
123.000,route_deviations,3
123.000,investigation_time_s,0.0
123.000,hazard_avoidances,3
123.000,min_hazard_distance_m,4.462632048090187
123.000,collisions,0
123.000,time_below_clearance_s,0.0
123.000,safety_zone_violations,0
123.000,min_ttc_s,8.974776617243734
123.000,avoid_success,3
123.000,avoid_timeout,0
123.000,q_convergence,1.6652262020356223
123.000,update_residual,0.016002076989950233
123.000,investigation_deferred,0
123.000,nav_aborted,0
123.000,nav_canceled,0
123.000,nav_rejected,0
123.000,run_seed,6
124.000,anomalies_detected,0
124.000,anomalies_unique,0
124.000,investigation_timeouts,0
124.000,mission_duration_s,79.436
124.000,distance_traveled_m,17.25019754233419
124.000,route_deviations,3
124.000,investigation_time_s,0.0
124.000,hazard_avoidances,3
124.000,min_hazard_distance_m,4.462632048090187
124.000,collisions,0
124.000,time_below_clearance_s,0.0
124.000,safety_zone_violations,0
124.000,min_ttc_s,8.974776617243734
124.000,avoid_success,3
124.000,avoid_timeout,0
124.000,q_convergence,1.3777027203149426
124.000,update_residual,0.009827810299923979
124.000,investigation_deferred,0
124.000,nav_aborted,0
124.000,nav_canceled,0
124.000,nav_rejected,0
124.000,run_seed,6
125.000,anomalies_detected,0
125.000,anomalies_unique,0
125.000,investigation_timeouts,0
125.000,mission_duration_s,80.436
125.000,distance_traveled_m,17.512277509511065
125.000,route_deviations,3
125.000,investigation_time_s,0.0
125.000,hazard_avoidances,3
125.000,min_hazard_distance_m,4.462632048090187
125.000,collisions,0
125.000,time_below_clearance_s,0.0
125.000,safety_zone_violations,0
125.000,min_ttc_s,8.974776617243734
125.000,avoid_success,3
125.000,avoid_timeout,0
125.000,q_convergence,0.9772408567750672
125.000,update_residual,0.03569663610665065
125.000,investigation_deferred,0
125.000,nav_aborted,0
125.000,nav_canceled,0
125.000,nav_rejected,0
125.000,run_seed,6
126.000,anomalies_detected,0
126.000,anomalies_unique,0
126.000,investigation_timeouts,0
126.000,mission_duration_s,81.436
126.000,distance_traveled_m,17.764997490298484
126.000,route_deviations,3
126.000,investigation_time_s,0.0
126.000,hazard_avoidances,3
126.000,min_hazard_distance_m,4.462632048090187
126.000,collisions,0
126.000,time_below_clearance_s,0.0
126.000,safety_zone_violations,0
126.000,min_ttc_s,8.974776617243734
126.000,avoid_success,3
126.000,avoid_timeout,0
126.000,q_convergence,0.8658758517000236
126.000,update_residual,0.005850843431057135
126.000,investigation_deferred,0
126.000,nav_aborted,0
126.000,nav_canceled,0
126.000,nav_rejected,0
126.000,run_seed,6
127.000,anomalies_detected,0
127.000,anomalies_unique,0
127.000,investigation_timeouts,0
127.000,mission_duration_s,82.436
127.000,distance_traveled_m,18.027077475927243
127.000,route_deviations,3
127.000,investigation_time_s,0.0
127.000,hazard_avoidances,3
127.000,min_hazard_distance_m,4.462632048090187
127.000,collisions,0
127.000,time_below_clearance_s,0.0
127.000,safety_zone_violations,0
127.000,min_ttc_s,8.974776617243734
127.000,avoid_success,3
127.000,avoid_timeout,0
127.000,q_convergence,0.8734126939692005
127.000,update_residual,0.0050971592041394185
127.000,investigation_deferred,0
127.000,nav_aborted,0
127.000,nav_canceled,0
127.000,nav_rejected,0
127.000,run_seed,6
128.000,anomalies_detected,0
128.000,anomalies_unique,0
128.000,investigation_timeouts,0
128.000,mission_duration_s,83.436
128.000,distance_traveled_m,18.289157434503743
128.000,route_deviations,4
128.000,investigation_time_s,0.0
128.000,hazard_avoidances,4
128.000,min_hazard_distance_m,4.462632048090187
128.000,collisions,0
128.000,time_below_clearance_s,0.0
128.000,safety_zone_violations,0
128.000,min_ttc_s,8.974776617243734
128.000,avoid_success,3
128.000,avoid_timeout,0
128.000,q_convergence,2.0836926069252226
128.000,update_residual,0.025417662412084246
128.000,investigation_deferred,0
128.000,nav_aborted,0
128.000,nav_canceled,0
128.000,nav_rejected,0
128.000,run_seed,6
129.000,anomalies_detected,0
129.000,anomalies_unique,0
129.000,investigation_timeouts,0
129.000,mission_duration_s,84.436
129.000,distance_traveled_m,18.421621777350154
129.000,route_deviations,4
129.000,investigation_time_s,0.0
129.000,hazard_avoidances,4
129.000,min_hazard_distance_m,4.462632048090187
129.000,collisions,0
129.000,time_below_clearance_s,0.0
129.000,safety_zone_violations,0
129.000,min_ttc_s,8.929033367911469
129.000,avoid_success,3
129.000,avoid_timeout,0
129.000,q_convergence,3.4800054680411945
129.000,update_residual,0.005006967713139237
129.000,investigation_deferred,0
129.000,nav_aborted,0
129.000,nav_canceled,0
129.000,nav_rejected,0
129.000,run_seed,6
130.000,anomalies_detected,0
130.000,anomalies_unique,0
130.000,investigation_timeouts,0
130.000,mission_duration_s,85.436
130.000,distance_traveled_m,18.63487297737895
130.000,route_deviations,4
130.000,investigation_time_s,0.0
130.000,hazard_avoidances,4
130.000,min_hazard_distance_m,4.462632048090187
130.000,collisions,0
130.000,time_below_clearance_s,0.0
130.000,safety_zone_violations,0
130.000,min_ttc_s,8.929033367911469
130.000,avoid_success,3
130.000,avoid_timeout,0
130.000,q_convergence,3.6377633605837616
130.000,update_residual,0.00561712600109581
130.000,investigation_deferred,0
130.000,nav_aborted,0
130.000,nav_canceled,0
130.000,nav_rejected,0
130.000,run_seed,6
131.000,anomalies_detected,0
131.000,anomalies_unique,0
131.000,investigation_timeouts,0
131.000,mission_duration_s,86.436
131.000,distance_traveled_m,18.681600745216624
131.000,route_deviations,4
131.000,investigation_time_s,0.0
131.000,hazard_avoidances,4
131.000,min_hazard_distance_m,4.462632048090187
131.000,collisions,0
131.000,time_below_clearance_s,0.0
131.000,safety_zone_violations,0
131.000,min_ttc_s,8.929033367911469
131.000,avoid_success,3
131.000,avoid_timeout,0
131.000,q_convergence,3.71202349305076
131.000,update_residual,0.0002738887168363323
131.000,investigation_deferred,0
131.000,nav_aborted,0
131.000,nav_canceled,0
131.000,nav_rejected,0
131.000,run_seed,6
132.000,anomalies_detected,0
132.000,anomalies_unique,0
132.000,investigation_timeouts,0
132.000,mission_duration_s,87.436
132.000,distance_traveled_m,18.843400652900222
132.000,route_deviations,4
132.000,investigation_time_s,0.0
132.000,hazard_avoidances,4
132.000,min_hazard_distance_m,4.462632048090187
132.000,collisions,0
132.000,time_below_clearance_s,0.0
132.000,safety_zone_violations,0
132.000,min_ttc_s,8.929033367911469
132.000,avoid_success,3
132.000,avoid_timeout,0
132.000,q_convergence,3.714614644474117
132.000,update_residual,1.4773574500483013e-05
132.000,investigation_deferred,0
132.000,nav_aborted,0
132.000,nav_canceled,0
132.000,nav_rejected,0
132.000,run_seed,6
133.000,anomalies_detected,0
133.000,anomalies_unique,0
133.000,investigation_timeouts,0
133.000,mission_duration_s,88.436
133.000,distance_traveled_m,19.105479839114437
133.000,route_deviations,4
133.000,investigation_time_s,0.0
133.000,hazard_avoidances,4
133.000,min_hazard_distance_m,4.462632048090187
133.000,collisions,0
133.000,time_below_clearance_s,0.0
133.000,safety_zone_violations,0
133.000,min_ttc_s,8.929033367911469
133.000,avoid_success,3
133.000,avoid_timeout,0
133.000,q_convergence,3.6432119992774554
133.000,update_residual,0.0036592991548503773
133.000,investigation_deferred,0
133.000,nav_aborted,0
133.000,nav_canceled,0
133.000,nav_rejected,0
133.000,run_seed,6
134.000,anomalies_detected,0
134.000,anomalies_unique,0
134.000,investigation_timeouts,0
134.000,mission_duration_s,89.436
134.000,distance_traveled_m,19.36755981943264
134.000,route_deviations,4
134.000,investigation_time_s,0.0
134.000,hazard_avoidances,4
134.000,min_hazard_distance_m,4.462632048090187
134.000,collisions,0
134.000,time_below_clearance_s,0.0
134.000,safety_zone_violations,0
134.000,min_ttc_s,8.929033367911469
134.000,avoid_success,3
134.000,avoid_timeout,0
134.000,q_convergence,3.556506092400446
134.000,update_residual,0.005389347039404603
134.000,investigation_deferred,0
134.000,nav_aborted,0
134.000,nav_canceled,0
134.000,nav_rejected,0
134.000,run_seed,6
135.000,anomalies_detected,0
135.000,anomalies_unique,0
135.000,investigation_timeouts,0
135.000,mission_duration_s,90.436
135.000,distance_traveled_m,19.62027979683088
135.000,route_deviations,4
135.000,investigation_time_s,0.0
135.000,hazard_avoidances,4
135.000,min_hazard_distance_m,4.462632048090187
135.000,collisions,0
135.000,time_below_clearance_s,0.0
135.000,safety_zone_violations,0
135.000,min_ttc_s,8.929033367911469
135.000,avoid_success,3
135.000,avoid_timeout,0
135.000,q_convergence,3.0386308796872363
135.000,update_residual,0.0026995276882372026
135.000,investigation_deferred,0
135.000,nav_aborted,0
135.000,nav_canceled,0
135.000,nav_rejected,0
135.000,run_seed,6
136.000,anomalies_detected,0
136.000,anomalies_unique,0
136.000,investigation_timeouts,0
136.000,mission_duration_s,91.436
136.000,distance_traveled_m,19.88235954040527
136.000,route_deviations,4
136.000,investigation_time_s,0.0
136.000,hazard_avoidances,4
136.000,min_hazard_distance_m,4.462632048090187
136.000,collisions,0
136.000,time_below_clearance_s,0.0
136.000,safety_zone_violations,0
136.000,min_ttc_s,8.929033367911469
136.000,avoid_success,3
136.000,avoid_timeout,0
136.000,q_convergence,3.0641700296477383
136.000,update_residual,0.00014561269218702448
136.000,investigation_deferred,0
136.000,nav_aborted,0
136.000,nav_canceled,0
136.000,nav_rejected,0
136.000,run_seed,6
137.000,anomalies_detected,0
137.000,anomalies_unique,0
137.000,investigation_timeouts,0
137.000,mission_duration_s,92.436
137.000,distance_traveled_m,20.143206994733983
137.000,route_deviations,4
137.000,investigation_time_s,0.0
137.000,hazard_avoidances,4
137.000,min_hazard_distance_m,4.462632048090187
137.000,collisions,0
137.000,time_below_clearance_s,0.0
137.000,safety_zone_violations,0
137.000,min_ttc_s,8.929033367911469
137.000,avoid_success,3
137.000,avoid_timeout,0
137.000,q_convergence,2.761335115560606
137.000,update_residual,0.015555288247643812
137.000,investigation_deferred,0
137.000,nav_aborted,0
137.000,nav_canceled,0
137.000,nav_rejected,0
137.000,run_seed,6
138.000,anomalies_detected,0
138.000,anomalies_unique,0
138.000,investigation_timeouts,0
138.000,mission_duration_s,93.436
138.000,distance_traveled_m,20.324043131023046
138.000,route_deviations,4
138.000,investigation_time_s,0.0
138.000,hazard_avoidances,4
138.000,min_hazard_distance_m,4.462632048090187
138.000,collisions,0
138.000,time_below_clearance_s,0.0
138.000,safety_zone_violations,0
138.000,min_ttc_s,8.929033367911469
138.000,avoid_success,4
138.000,avoid_timeout,0
138.000,q_convergence,2.4784962312560634
138.000,update_residual,0.014294407784047189
138.000,investigation_deferred,0
138.000,nav_aborted,0
138.000,nav_canceled,0
138.000,nav_rejected,0
138.000,run_seed,6
139.000,anomalies_detected,0
139.000,anomalies_unique,0
139.000,investigation_timeouts,0
139.000,mission_duration_s,94.436
139.000,distance_traveled_m,20.425492885222972
139.000,route_deviations,4
139.000,investigation_time_s,0.0
139.000,hazard_avoidances,4
139.000,min_hazard_distance_m,4.462632048090187
139.000,collisions,0
139.000,time_below_clearance_s,0.0
139.000,safety_zone_violations,0
139.000,min_ttc_s,8.929033367911469
139.000,avoid_success,4
139.000,avoid_timeout,0
139.000,q_convergence,1.9778096452083493
139.000,update_residual,0.023710525291319312
139.000,investigation_deferred,0
139.000,nav_aborted,0
139.000,nav_canceled,0
139.000,nav_rejected,0
139.000,run_seed,6
140.000,anomalies_detected,0
140.000,anomalies_unique,0
140.000,investigation_timeouts,0
140.000,mission_duration_s,95.436
140.000,distance_traveled_m,20.653959631320518
140.000,route_deviations,4
140.000,investigation_time_s,0.0
140.000,hazard_avoidances,4
140.000,min_hazard_distance_m,4.462632048090187
140.000,collisions,0
140.000,time_below_clearance_s,0.0
140.000,safety_zone_violations,0
140.000,min_ttc_s,8.929033367911469
140.000,avoid_success,4
140.000,avoid_timeout,0
140.000,q_convergence,1.981574403754869
140.000,update_residual,0.009889674035155742
140.000,investigation_deferred,0
140.000,nav_aborted,0
140.000,nav_canceled,0
140.000,nav_rejected,0
140.000,run_seed,6
141.000,anomalies_detected,0
141.000,anomalies_unique,0
141.000,investigation_timeouts,0
141.000,mission_duration_s,96.436
141.000,distance_traveled_m,20.797033427105433
141.000,route_deviations,4
141.000,investigation_time_s,0.0
141.000,hazard_avoidances,4
141.000,min_hazard_distance_m,4.462632048090187
141.000,collisions,0
141.000,time_below_clearance_s,0.0
141.000,safety_zone_violations,0
141.000,min_ttc_s,8.929033367911469
141.000,avoid_success,4
141.000,avoid_timeout,0
141.000,q_convergence,1.772035655644361
141.000,update_residual,0.012453727643074113
141.000,investigation_deferred,0
141.000,nav_aborted,0
141.000,nav_canceled,0
141.000,nav_rejected,0
141.000,run_seed,6
142.000,anomalies_detected,0
142.000,anomalies_unique,0
142.000,investigation_timeouts,0
142.000,mission_duration_s,97.436
142.000,distance_traveled_m,20.92452980245476
142.000,route_deviations,4
142.000,investigation_time_s,0.0
142.000,hazard_avoidances,4
142.000,min_hazard_distance_m,4.462632048090187
142.000,collisions,0
142.000,time_below_clearance_s,0.0
142.000,safety_zone_violations,0
142.000,min_ttc_s,8.929033367911469
142.000,avoid_success,4
142.000,avoid_timeout,0
142.000,q_convergence,1.4791401159373763
142.000,update_residual,0.01211358979554385
142.000,investigation_deferred,0
142.000,nav_aborted,0
142.000,nav_canceled,0
142.000,nav_rejected,0
142.000,run_seed,6
143.000,anomalies_detected,0
143.000,anomalies_unique,0
143.000,investigation_timeouts,0
143.000,mission_duration_s,98.436
143.000,distance_traveled_m,21.186608191550743
143.000,route_deviations,4
143.000,investigation_time_s,0.0
143.000,hazard_avoidances,4
143.000,min_hazard_distance_m,4.462632048090187
143.000,collisions,0
143.000,time_below_clearance_s,0.0
143.000,safety_zone_violations,0
143.000,min_ttc_s,8.929033367911469
143.000,avoid_success,4
143.000,avoid_timeout,0
143.000,q_convergence,1.4277527258353875
143.000,update_residual,0.006751811402649549
143.000,investigation_deferred,0
143.000,nav_aborted,0
143.000,nav_canceled,0
143.000,nav_rejected,0
143.000,run_seed,6
144.000,anomalies_detected,0
144.000,anomalies_unique,0
144.000,investigation_timeouts,0
144.000,mission_duration_s,99.436
144.000,distance_traveled_m,21.43932817097802
144.000,route_deviations,4
144.000,investigation_time_s,0.0
144.000,hazard_avoidances,4
144.000,min_hazard_distance_m,4.462632048090187
144.000,collisions,0
144.000,time_below_clearance_s,0.0
144.000,safety_zone_violations,0
144.000,min_ttc_s,8.929033367911469
144.000,avoid_success,4
144.000,avoid_timeout,0
144.000,q_convergence,1.3637681563251156
144.000,update_residual,0.0003533544516223825
144.000,investigation_deferred,0
144.000,nav_aborted,0
144.000,nav_canceled,0
144.000,nav_rejected,0
144.000,run_seed,6
145.000,anomalies_detected,0
145.000,anomalies_unique,0
145.000,investigation_timeouts,0
145.000,mission_duration_s,100.436
145.000,distance_traveled_m,21.70140816444832
145.000,route_deviations,4
145.000,investigation_time_s,0.0
145.000,hazard_avoidances,4
145.000,min_hazard_distance_m,4.462632048090187
145.000,collisions,0
145.000,time_below_clearance_s,0.0
145.000,safety_zone_violations,0
145.000,min_ttc_s,8.929033367911469
145.000,avoid_success,4
145.000,avoid_timeout,0
145.000,q_convergence,0.9991240580898164
145.000,update_residual,0.033485738977622366
145.000,investigation_deferred,0
145.000,nav_aborted,0
145.000,nav_canceled,0
145.000,nav_rejected,0
145.000,run_seed,6
146.000,anomalies_detected,0
146.000,anomalies_unique,0
146.000,investigation_timeouts,0
146.000,mission_duration_s,101.436
146.000,distance_traveled_m,21.963488134480667
146.000,route_deviations,4
146.000,investigation_time_s,0.0
146.000,hazard_avoidances,4
146.000,min_hazard_distance_m,4.462632048090187
146.000,collisions,0
146.000,time_below_clearance_s,0.0
146.000,safety_zone_violations,0
146.000,min_ttc_s,8.929033367911469
146.000,avoid_success,4
146.000,avoid_timeout,0
146.000,q_convergence,0.9218647422474755
146.000,update_residual,0.006090476478444926
146.000,investigation_deferred,0
146.000,nav_aborted,0
146.000,nav_canceled,0
146.000,nav_rejected,0
146.000,run_seed,6
147.000,anomalies_detected,0
147.000,anomalies_unique,0
147.000,investigation_timeouts,0
147.000,mission_duration_s,102.436
147.000,distance_traveled_m,22.12315377354921
147.000,route_deviations,5
147.000,investigation_time_s,0.0
147.000,hazard_avoidances,5
147.000,min_hazard_distance_m,4.462632048090187
147.000,collisions,0
147.000,time_below_clearance_s,0.0
147.000,safety_zone_violations,0
147.000,min_ttc_s,8.929033367911469
147.000,avoid_success,4
147.000,avoid_timeout,0
147.000,q_convergence,2.115444349717191
147.000,update_residual,0.025385252210916108
147.000,investigation_deferred,0
147.000,nav_aborted,0
147.000,nav_canceled,0
147.000,nav_rejected,0
147.000,run_seed,6
148.000,anomalies_detected,0
148.000,anomalies_unique,0
148.000,investigation_timeouts,0
148.000,mission_duration_s,103.436
148.000,distance_traveled_m,22.3258897591275
148.000,route_deviations,5
148.000,investigation_time_s,0.0
148.000,hazard_avoidances,5
148.000,min_hazard_distance_m,4.462632048090187
148.000,collisions,0
148.000,time_below_clearance_s,0.0
148.000,safety_zone_violations,0
148.000,min_ttc_s,8.929033367911469
148.000,avoid_success,4
148.000,avoid_timeout,0
148.000,q_convergence,3.4915830494806577
148.000,update_residual,0.0034391970460119553
148.000,investigation_deferred,0
148.000,nav_aborted,0
148.000,nav_canceled,0
148.000,nav_rejected,0
148.000,run_seed,6
149.000,anomalies_detected,0
149.000,anomalies_unique,0
149.000,investigation_timeouts,0
149.000,mission_duration_s,104.436
149.000,distance_traveled_m,22.415646938434683
149.000,route_deviations,5
149.000,investigation_time_s,0.0
149.000,hazard_avoidances,5
149.000,min_hazard_distance_m,4.462632048090187
149.000,collisions,0
149.000,time_below_clearance_s,0.0
149.000,safety_zone_violations,0
149.000,min_ttc_s,8.929033367911469
149.000,avoid_success,4
149.000,avoid_timeout,0
149.000,q_convergence,3.5666363514493384
149.000,update_residual,0.0010008297649714063
149.000,investigation_deferred,0
149.000,nav_aborted,0
149.000,nav_canceled,0
149.000,nav_rejected,0
149.000,run_seed,6
150.000,anomalies_detected,0
150.000,anomalies_unique,0
150.000,investigation_timeouts,0
150.000,mission_duration_s,105.436
150.000,distance_traveled_m,22.53076313236557
150.000,route_deviations,5
150.000,investigation_time_s,0.0
150.000,hazard_avoidances,5
150.000,min_hazard_distance_m,4.462632048090187
150.000,collisions,0
150.000,time_below_clearance_s,0.0
150.000,safety_zone_violations,0
150.000,min_ttc_s,8.929033367911469
150.000,avoid_success,4
150.000,avoid_timeout,0
150.000,q_convergence,3.5419037104416615
150.000,update_residual,0.0034740938657390414
150.000,investigation_deferred,0
150.000,nav_aborted,0
150.000,nav_canceled,0
150.000,nav_rejected,0
150.000,run_seed,6
151.000,anomalies_detected,0
151.000,anomalies_unique,0
151.000,investigation_timeouts,0
151.000,mission_duration_s,106.436
151.000,distance_traveled_m,22.792841594841434
151.000,route_deviations,5
151.000,investigation_time_s,0.0
151.000,hazard_avoidances,5
151.000,min_hazard_distance_m,4.462632048090187
151.000,collisions,0
151.000,time_below_clearance_s,0.0
151.000,safety_zone_violations,0
151.000,min_ttc_s,8.929033367911469
151.000,avoid_success,4
151.000,avoid_timeout,0
151.000,q_convergence,3.504012568045115
151.000,update_residual,0.004821039269551018
151.000,investigation_deferred,0
151.000,nav_aborted,0
151.000,nav_canceled,0
151.000,nav_rejected,0
151.000,run_seed,6
152.000,anomalies_detected,0
152.000,anomalies_unique,0
152.000,investigation_timeouts,0
152.000,mission_duration_s,107.436
152.000,distance_traveled_m,23.054921369993924
152.000,route_deviations,5
152.000,investigation_time_s,0.0
152.000,hazard_avoidances,5
152.000,min_hazard_distance_m,4.462632048090187
152.000,collisions,0
152.000,time_below_clearance_s,0.0
152.000,safety_zone_violations,0
152.000,min_ttc_s,8.929033367911469
152.000,avoid_success,4
152.000,avoid_timeout,0
152.000,q_convergence,3.1503230429624827
152.000,update_residual,0.026487243005530268
152.000,investigation_deferred,0
152.000,nav_aborted,0
152.000,nav_canceled,0
152.000,nav_rejected,0
152.000,run_seed,6
153.000,anomalies_detected,0
153.000,anomalies_unique,0
153.000,investigation_timeouts,0
153.000,mission_duration_s,108.436
153.000,distance_traveled_m,23.30764119993445
153.000,route_deviations,5
153.000,investigation_time_s,0.0
153.000,hazard_avoidances,5
153.000,min_hazard_distance_m,4.462632048090187
153.000,collisions,0
153.000,time_below_clearance_s,0.0
153.000,safety_zone_violations,0
153.000,min_ttc_s,8.929033367911469
153.000,avoid_success,4
153.000,avoid_timeout,0
153.000,q_convergence,3.3614108157694003
153.000,update_residual,0.0025979762111198535
153.000,investigation_deferred,0
153.000,nav_aborted,0
153.000,nav_canceled,0
153.000,nav_rejected,0
153.000,run_seed,6
154.000,anomalies_detected,0
154.000,anomalies_unique,0
154.000,investigation_timeouts,0
154.000,mission_duration_s,109.436
154.000,distance_traveled_m,23.569493527310257
154.000,route_deviations,5
154.000,investigation_time_s,0.0
154.000,hazard_avoidances,5
154.000,min_hazard_distance_m,4.462632048090187
154.000,collisions,0
154.000,time_below_clearance_s,0.0
154.000,safety_zone_violations,0
154.000,min_ttc_s,8.929033367911469
154.000,avoid_success,4
154.000,avoid_timeout,0
154.000,q_convergence,3.055125902687421
154.000,update_residual,0.017584391148891314
154.000,investigation_deferred,0
154.000,nav_aborted,0
154.000,nav_canceled,0
154.000,nav_rejected,0
154.000,run_seed,6
155.000,anomalies_detected,0
155.000,anomalies_unique,0
155.000,investigation_timeouts,0
155.000,mission_duration_s,110.436
155.000,distance_traveled_m,23.81392049204151
155.000,route_deviations,5
155.000,investigation_time_s,0.0
155.000,hazard_avoidances,5
155.000,min_hazard_distance_m,4.462632048090187
155.000,collisions,0
155.000,time_below_clearance_s,0.0
155.000,safety_zone_violations,0
155.000,min_ttc_s,8.929033367911469
155.000,avoid_success,4
155.000,avoid_timeout,0
155.000,q_convergence,2.0176212500078554
155.000,update_residual,0.04627116623335944
155.000,investigation_deferred,0
155.000,nav_aborted,0
155.000,nav_canceled,0
155.000,nav_rejected,0
155.000,run_seed,6
156.000,anomalies_detected,0
156.000,anomalies_unique,0
156.000,investigation_timeouts,0
156.000,mission_duration_s,111.436
156.000,distance_traveled_m,23.841446322263675
156.000,route_deviations,5
156.000,investigation_time_s,0.0
156.000,hazard_avoidances,5
156.000,min_hazard_distance_m,4.462632048090187
156.000,collisions,0
156.000,time_below_clearance_s,0.0
156.000,safety_zone_violations,0
156.000,min_ttc_s,8.929033367911469
156.000,avoid_success,5
156.000,avoid_timeout,0
156.000,q_convergence,2.251180433555933
156.000,update_residual,0.019620925896279933
156.000,investigation_deferred,0
156.000,nav_aborted,0
156.000,nav_canceled,0
156.000,nav_rejected,0
156.000,run_seed,6
157.000,anomalies_detected,0
157.000,anomalies_unique,0
157.000,investigation_timeouts,0
157.000,mission_duration_s,112.436
157.000,distance_traveled_m,23.942878493457766
157.000,route_deviations,5
157.000,investigation_time_s,0.0
157.000,hazard_avoidances,5
157.000,min_hazard_distance_m,4.462632048090187
157.000,collisions,0
157.000,time_below_clearance_s,0.0
157.000,safety_zone_violations,0
157.000,min_ttc_s,8.929033367911469
157.000,avoid_success,5
157.000,avoid_timeout,0
157.000,q_convergence,2.1891906152712113
157.000,update_residual,0.010890937663028918
157.000,investigation_deferred,0
157.000,nav_aborted,0
157.000,nav_canceled,0
157.000,nav_rejected,0
157.000,run_seed,6
158.000,anomalies_detected,0
158.000,anomalies_unique,0
158.000,investigation_timeouts,0
158.000,mission_duration_s,113.436
158.000,distance_traveled_m,24.170694904770837
158.000,route_deviations,5
158.000,investigation_time_s,0.0
158.000,hazard_avoidances,5
158.000,min_hazard_distance_m,4.462632048090187
158.000,collisions,0
158.000,time_below_clearance_s,0.0
158.000,safety_zone_violations,0
158.000,min_ttc_s,8.929033367911469
158.000,avoid_success,5
158.000,avoid_timeout,0
158.000,q_convergence,2.085980985088317
158.000,update_residual,0.0005699746447394681
158.000,investigation_deferred,0
158.000,nav_aborted,0
158.000,nav_canceled,0
158.000,nav_rejected,0
158.000,run_seed,6
159.000,anomalies_detected,0
159.000,anomalies_unique,0
159.000,investigation_timeouts,0
159.000,mission_duration_s,114.436
159.000,distance_traveled_m,24.31038060698908
159.000,route_deviations,5
159.000,investigation_time_s,0.0
159.000,hazard_avoidances,5
159.000,min_hazard_distance_m,4.462632048090187
159.000,collisions,0
159.000,time_below_clearance_s,0.0
159.000,safety_zone_violations,0
159.000,min_ttc_s,8.929033367911469
159.000,avoid_success,5
159.000,avoid_timeout,0
159.000,q_convergence,1.9379784699180231
159.000,update_residual,0.016973941707323963
159.000,investigation_deferred,0
159.000,nav_aborted,0
159.000,nav_canceled,0
159.000,nav_rejected,0
159.000,run_seed,6
160.000,anomalies_detected,0
160.000,anomalies_unique,0
160.000,investigation_timeouts,0
160.000,mission_duration_s,115.436
160.000,distance_traveled_m,24.447471342597783
160.000,route_deviations,5
160.000,investigation_time_s,0.0
160.000,hazard_avoidances,5
160.000,min_hazard_distance_m,4.462632048090187
160.000,collisions,0
160.000,time_below_clearance_s,0.0
160.000,safety_zone_violations,0
160.000,min_ttc_s,8.929033367911469
160.000,avoid_success,5
160.000,avoid_timeout,0
160.000,q_convergence,1.7294787818933643
160.000,update_residual,0.02264755869752979
160.000,investigation_deferred,0
160.000,nav_aborted,0
160.000,nav_canceled,0
160.000,nav_rejected,0
160.000,run_seed,6
161.000,anomalies_detected,0
161.000,anomalies_unique,0
161.000,investigation_timeouts,0
161.000,mission_duration_s,116.436
161.000,distance_traveled_m,24.709549382420544
161.000,route_deviations,5
161.000,investigation_time_s,0.0
161.000,hazard_avoidances,5
161.000,min_hazard_distance_m,4.462632048090187
161.000,collisions,0
161.000,time_below_clearance_s,0.0
161.000,safety_zone_violations,0
161.000,min_ttc_s,8.929033367911469
161.000,avoid_success,5
161.000,avoid_timeout,0
161.000,q_convergence,1.4301166723400447
161.000,update_residual,0.015256395665968845
161.000,investigation_deferred,0
161.000,nav_aborted,0
161.000,nav_canceled,0
161.000,nav_rejected,0
161.000,run_seed,6
162.000,anomalies_detected,0
162.000,anomalies_unique,0
162.000,investigation_timeouts,0
162.000,mission_duration_s,117.436
162.000,distance_traveled_m,24.96226932779676
162.000,route_deviations,5
162.000,investigation_time_s,0.0
162.000,hazard_avoidances,5
162.000,min_hazard_distance_m,4.462632048090187
162.000,collisions,0
162.000,time_below_clearance_s,0.0
162.000,safety_zone_violations,0
162.000,min_ttc_s,8.929033367911469
162.000,avoid_success,5
162.000,avoid_timeout,0
162.000,q_convergence,1.2883367178342593
162.000,update_residual,0.0010784002153902753
162.000,investigation_deferred,0
162.000,nav_aborted,0
162.000,nav_canceled,0
162.000,nav_rejected,0
162.000,run_seed,6
163.000,anomalies_detected,0
163.000,anomalies_unique,0
163.000,investigation_timeouts,0
163.000,mission_duration_s,118.436
163.000,distance_traveled_m,25.224349306098222
163.000,route_deviations,5
163.000,investigation_time_s,0.0
163.000,hazard_avoidances,5
163.000,min_hazard_distance_m,4.462632048090187
163.000,collisions,0
163.000,time_below_clearance_s,0.0
163.000,safety_zone_violations,0
163.000,min_ttc_s,8.929033367911469
163.000,avoid_success,5
163.000,avoid_timeout,0
163.000,q_convergence,1.00115207345069
163.000,update_residual,0.019802774750108335
163.000,investigation_deferred,0
163.000,nav_aborted,0
163.000,nav_canceled,0
163.000,nav_rejected,0
163.000,run_seed,6
164.000,anomalies_detected,0
164.000,anomalies_unique,0
164.000,investigation_timeouts,0
164.000,mission_duration_s,119.436
164.000,distance_traveled_m,25.48642929882389
164.000,route_deviations,5
164.000,investigation_time_s,0.0
164.000,hazard_avoidances,5
164.000,min_hazard_distance_m,4.462632048090187
164.000,collisions,0
164.000,time_below_clearance_s,0.0
164.000,safety_zone_violations,0
164.000,min_ttc_s,8.929033367911469
164.000,avoid_success,5
164.000,avoid_timeout,0
164.000,q_convergence,0.9576556969795204
164.000,update_residual,0.012826411134878252
164.000,investigation_deferred,0
164.000,nav_aborted,0
164.000,nav_canceled,0
164.000,nav_rejected,0
164.000,run_seed,6
165.000,anomalies_detected,0
165.000,anomalies_unique,0
165.000,investigation_timeouts,0
165.000,mission_duration_s,120.436
165.000,distance_traveled_m,25.703787729330305
165.000,route_deviations,6
165.000,investigation_time_s,0.0
165.000,hazard_avoidances,6
165.000,min_hazard_distance_m,4.462632048090187
165.000,collisions,0
165.000,time_below_clearance_s,0.0
165.000,safety_zone_violations,0
165.000,min_ttc_s,8.929033367911469
165.000,avoid_success,5
165.000,avoid_timeout,0
165.000,q_convergence,2.0891794358225746
165.000,update_residual,0.014600313432760468
165.000,investigation_deferred,0
165.000,nav_aborted,0
165.000,nav_canceled,0
165.000,nav_rejected,0
165.000,run_seed,6
166.000,anomalies_detected,0
166.000,anomalies_unique,0
166.000,investigation_timeouts,0
166.000,mission_duration_s,121.436
166.000,distance_traveled_m,25.829759399431552
166.000,route_deviations,6
166.000,investigation_time_s,0.0
166.000,hazard_avoidances,6
166.000,min_hazard_distance_m,4.462632048090187
166.000,collisions,0
166.000,time_below_clearance_s,0.0
166.000,safety_zone_violations,0
166.000,min_ttc_s,8.929033367911469
166.000,avoid_success,5
166.000,avoid_timeout,0
166.000,q_convergence,3.4817652371036574
166.000,update_residual,0.005071891525774615
166.000,investigation_deferred,0
166.000,nav_aborted,0
166.000,nav_canceled,0
166.000,nav_rejected,0
166.000,run_seed,6
167.000,anomalies_detected,0
167.000,anomalies_unique,0
167.000,investigation_timeouts,0
167.000,mission_duration_s,122.436
167.000,distance_traveled_m,25.985750230247174
167.000,route_deviations,6
167.000,investigation_time_s,0.0
167.000,hazard_avoidances,6
167.000,min_hazard_distance_m,4.462632048090187
167.000,collisions,0
167.000,time_below_clearance_s,0.0
167.000,safety_zone_violations,0
167.000,min_ttc_s,8.929033367911469
167.000,avoid_success,5
167.000,avoid_timeout,0
167.000,q_convergence,3.605123093864063
167.000,update_residual,0.002728387162204439
167.000,investigation_deferred,0
167.000,nav_aborted,0
167.000,nav_canceled,0
167.000,nav_rejected,0
167.000,run_seed,6
168.000,anomalies_detected,0
168.000,anomalies_unique,0
168.000,investigation_timeouts,0
168.000,mission_duration_s,123.436
168.000,distance_traveled_m,26.034092738350157
168.000,route_deviations,6
168.000,investigation_time_s,0.0
168.000,hazard_avoidances,6
168.000,min_hazard_distance_m,4.462632048090187
168.000,collisions,0
168.000,time_below_clearance_s,0.0
168.000,safety_zone_violations,0
168.000,min_ttc_s,8.929033367911469
168.000,avoid_success,5
168.000,avoid_timeout,0
168.000,q_convergence,3.5984298404632007
168.000,update_residual,0.0033977125022906837
168.000,investigation_deferred,0
168.000,nav_aborted,0
168.000,nav_canceled,0
168.000,nav_rejected,0
168.000,run_seed,6
169.000,anomalies_detected,0
169.000,anomalies_unique,0
169.000,investigation_timeouts,0
169.000,mission_duration_s,124.436
169.000,distance_traveled_m,26.289818713940186
169.000,route_deviations,6
169.000,investigation_time_s,0.0
169.000,hazard_avoidances,6
169.000,min_hazard_distance_m,4.462632048090187
169.000,collisions,0
169.000,time_below_clearance_s,0.0
169.000,safety_zone_violations,0
169.000,min_ttc_s,8.929033367911469
169.000,avoid_success,5
169.000,avoid_timeout,0
169.000,q_convergence,3.549007928965888
169.000,update_residual,0.003329526234441329
169.000,investigation_deferred,0
169.000,nav_aborted,0
169.000,nav_canceled,0
169.000,nav_rejected,0
169.000,run_seed,6
170.000,anomalies_detected,0
170.000,anomalies_unique,0
170.000,investigation_timeouts,0
170.000,mission_duration_s,125.436
170.000,distance_traveled_m,26.551898681406897
170.000,route_deviations,6
170.000,investigation_time_s,0.0
170.000,hazard_avoidances,6
170.000,min_hazard_distance_m,4.462632048090187
170.000,collisions,0
170.000,time_below_clearance_s,0.0
170.000,safety_zone_violations,0
170.000,min_ttc_s,8.929033367911469
170.000,avoid_success,5
170.000,avoid_timeout,0
170.000,q_convergence,3.4453568065992877
170.000,update_residual,0.010751834801859652
170.000,investigation_deferred,0
170.000,nav_aborted,0
170.000,nav_canceled,0
170.000,nav_rejected,0
170.000,run_seed,6
171.000,anomalies_detected,0
171.000,anomalies_unique,0
171.000,investigation_timeouts,0
171.000,mission_duration_s,126.436
171.000,distance_traveled_m,26.80461864933427
171.000,route_deviations,6
171.000,investigation_time_s,0.0
171.000,hazard_avoidances,6
171.000,min_hazard_distance_m,4.462632048090187
171.000,collisions,0
171.000,time_below_clearance_s,0.0
171.000,safety_zone_violations,0
171.000,min_ttc_s,8.929033367911469
171.000,avoid_success,5
171.000,avoid_timeout,0
171.000,q_convergence,3.352700473786751
171.000,update_residual,0.013993179892716073
171.000,investigation_deferred,0
171.000,nav_aborted,0
171.000,nav_canceled,0
171.000,nav_rejected,0
171.000,run_seed,6
172.000,anomalies_detected,0
172.000,anomalies_unique,0
172.000,investigation_timeouts,0
172.000,mission_duration_s,127.436
172.000,distance_traveled_m,27.066698568394
172.000,route_deviations,6
172.000,investigation_time_s,0.0
172.000,hazard_avoidances,6
172.000,min_hazard_distance_m,4.462632048090187
172.000,collisions,0
172.000,time_below_clearance_s,0.0
172.000,safety_zone_violations,0
172.000,min_ttc_s,8.929033367911469
172.000,avoid_success,5
172.000,avoid_timeout,0
172.000,q_convergence,3.143941536529278
172.000,update_residual,0.017520410472245174
172.000,investigation_deferred,0
172.000,nav_aborted,0
172.000,nav_canceled,0
172.000,nav_rejected,0
172.000,run_seed,6
173.000,anomalies_detected,0
173.000,anomalies_unique,0
173.000,investigation_timeouts,0
173.000,mission_duration_s,128.436
173.000,distance_traveled_m,27.32871206536244
173.000,route_deviations,6
173.000,investigation_time_s,0.0
173.000,hazard_avoidances,6
173.000,min_hazard_distance_m,4.462632048090187
173.000,collisions,0
173.000,time_below_clearance_s,0.0
173.000,safety_zone_violations,0
173.000,min_ttc_s,8.929033367911469
173.000,avoid_success,5
173.000,avoid_timeout,0
173.000,q_convergence,2.978622299269993
173.000,update_residual,0.0009884867463166283
173.000,investigation_deferred,0
173.000,nav_aborted,0
173.000,nav_canceled,0
173.000,nav_rejected,0
173.000,run_seed,6
174.000,anomalies_detected,0
174.000,anomalies_unique,0
174.000,investigation_timeouts,0
174.000,mission_duration_s,129.436
174.000,distance_traveled_m,27.50669008983504
174.000,route_deviations,6
174.000,investigation_time_s,0.0
174.000,hazard_avoidances,6
174.000,min_hazard_distance_m,4.462632048090187
174.000,collisions,0
174.000,time_below_clearance_s,0.0
174.000,safety_zone_violations,0
174.000,min_ttc_s,8.929033367911469
174.000,avoid_success,6
174.000,avoid_timeout,0
174.000,q_convergence,2.572546479572251
174.000,update_residual,0.023124741332320002
174.000,investigation_deferred,0
174.000,nav_aborted,0
174.000,nav_canceled,0
174.000,nav_rejected,0
174.000,run_seed,6
175.000,anomalies_detected,0
175.000,anomalies_unique,0
175.000,investigation_timeouts,0
175.000,mission_duration_s,130.436
175.000,distance_traveled_m,27.6087449484212
175.000,route_deviations,6
175.000,investigation_time_s,0.0
175.000,hazard_avoidances,6
175.000,min_hazard_distance_m,4.462632048090187
175.000,collisions,0
175.000,time_below_clearance_s,0.0
175.000,safety_zone_violations,0
175.000,min_ttc_s,8.929033367911469
175.000,avoid_success,6
175.000,avoid_timeout,0
175.000,q_convergence,2.03324084101877
175.000,update_residual,0.012494299578860918
175.000,investigation_deferred,0
175.000,nav_aborted,0
175.000,nav_canceled,0
175.000,nav_rejected,0
175.000,run_seed,6
176.000,anomalies_detected,0
176.000,anomalies_unique,0
176.000,investigation_timeouts,0
176.000,mission_duration_s,131.436
176.000,distance_traveled_m,27.83611816168826
176.000,route_deviations,6
176.000,investigation_time_s,0.0
176.000,hazard_avoidances,6
176.000,min_hazard_distance_m,4.462632048090187
176.000,collisions,0
176.000,time_below_clearance_s,0.0
176.000,safety_zone_violations,0
176.000,min_ttc_s,8.929033367911469
176.000,avoid_success,6
176.000,avoid_timeout,0
176.000,q_convergence,1.9251463145344645
176.000,update_residual,0.010197043922609709
176.000,investigation_deferred,0
176.000,nav_aborted,0
176.000,nav_canceled,0
176.000,nav_rejected,0
176.000,run_seed,6
177.000,anomalies_detected,0
177.000,anomalies_unique,0
177.000,investigation_timeouts,0
177.000,mission_duration_s,132.436
177.000,distance_traveled_m,27.980840650225463
177.000,route_deviations,6
177.000,investigation_time_s,0.0
177.000,hazard_avoidances,6
177.000,min_hazard_distance_m,4.462632048090187
177.000,collisions,0
177.000,time_below_clearance_s,0.0
177.000,safety_zone_violations,0
177.000,min_ttc_s,8.929033367911469
177.000,avoid_success,6
177.000,avoid_timeout,0
177.000,q_convergence,1.6193428392808538
177.000,update_residual,0.012923019761829656
177.000,investigation_deferred,0
177.000,nav_aborted,0
177.000,nav_canceled,0
177.000,nav_rejected,0
177.000,run_seed,6
178.000,anomalies_detected,0
178.000,anomalies_unique,0
178.000,investigation_timeouts,0
178.000,mission_duration_s,133.436
178.000,distance_traveled_m,28.11840553981522
178.000,route_deviations,6
178.000,investigation_time_s,0.0
178.000,hazard_avoidances,6
178.000,min_hazard_distance_m,4.462632048090187
178.000,collisions,0
178.000,time_below_clearance_s,0.0
178.000,safety_zone_violations,0
178.000,min_ttc_s,8.929033367911469
178.000,avoid_success,6
178.000,avoid_timeout,0
178.000,q_convergence,1.4349413191429246
178.000,update_residual,0.011475817486918758
178.000,investigation_deferred,0
178.000,nav_aborted,0
178.000,nav_canceled,0
178.000,nav_rejected,0
178.000,run_seed,6
179.000,anomalies_detected,0
179.000,anomalies_unique,0
179.000,investigation_timeouts,0
179.000,mission_duration_s,134.436
179.000,distance_traveled_m,28.38048380405179
179.000,route_deviations,6
179.000,investigation_time_s,0.0
179.000,hazard_avoidances,6
179.000,min_hazard_distance_m,4.462632048090187
179.000,collisions,0
179.000,time_below_clearance_s,0.0
179.000,safety_zone_violations,0
179.000,min_ttc_s,8.929033367911469
179.000,avoid_success,6
179.000,avoid_timeout,0
179.000,q_convergence,1.4056964652340402
179.000,update_residual,0.008845189532374486
179.000,investigation_deferred,0
179.000,nav_aborted,0
179.000,nav_canceled,0
179.000,nav_rejected,0
179.000,run_seed,6
180.000,anomalies_detected,0
180.000,anomalies_unique,0
180.000,investigation_timeouts,0
180.000,mission_duration_s,135.436
180.000,distance_traveled_m,28.633203776627944
180.000,route_deviations,6
180.000,investigation_time_s,0.0
180.000,hazard_avoidances,6
180.000,min_hazard_distance_m,4.462632048090187
180.000,collisions,0
180.000,time_below_clearance_s,0.0
180.000,safety_zone_violations,0
180.000,min_ttc_s,8.929033367911469
180.000,avoid_success,6
180.000,avoid_timeout,0
180.000,q_convergence,1.3289977103186494
180.000,update_residual,0.0011753140408354232
180.000,investigation_deferred,0
180.000,nav_aborted,0
180.000,nav_canceled,0
180.000,nav_rejected,0
180.000,run_seed,6
181.000,anomalies_detected,0
181.000,anomalies_unique,0
181.000,investigation_timeouts,0
181.000,mission_duration_s,136.436
181.000,distance_traveled_m,28.895283748176286
181.000,route_deviations,6
181.000,investigation_time_s,0.0
181.000,hazard_avoidances,6
181.000,min_hazard_distance_m,4.462632048090187
181.000,collisions,0
181.000,time_below_clearance_s,0.0
181.000,safety_zone_violations,0
181.000,min_ttc_s,8.929033367911469
181.000,avoid_success,6
181.000,avoid_timeout,0
181.000,q_convergence,1.012377823028346
181.000,update_residual,0.016649882018495373
181.000,investigation_deferred,0
181.000,nav_aborted,0
181.000,nav_canceled,0
181.000,nav_rejected,0
181.000,run_seed,6
182.000,anomalies_detected,0
182.000,anomalies_unique,0
182.000,investigation_timeouts,0
182.000,mission_duration_s,137.436
182.000,distance_traveled_m,29.157363709353206
182.000,route_deviations,6
182.000,investigation_time_s,0.0
182.000,hazard_avoidances,6
182.000,min_hazard_distance_m,4.462632048090187
182.000,collisions,0
182.000,time_below_clearance_s,0.0
182.000,safety_zone_violations,0
182.000,min_ttc_s,8.929033367911469
182.000,avoid_success,6
182.000,avoid_timeout,0
182.000,q_convergence,0.9846230469021723
182.000,update_residual,0.003291384514198401
182.000,investigation_deferred,0
182.000,nav_aborted,0
182.000,nav_canceled,0
182.000,nav_rejected,0
182.000,run_seed,6
183.000,anomalies_detected,0
183.000,anomalies_unique,0
183.000,investigation_timeouts,0
183.000,mission_duration_s,138.436
183.000,distance_traveled_m,29.321669965103855
183.000,route_deviations,7
183.000,investigation_time_s,0.0
183.000,hazard_avoidances,7
183.000,min_hazard_distance_m,4.462632048090187
183.000,collisions,0
183.000,time_below_clearance_s,0.0
183.000,safety_zone_violations,0
183.000,min_ttc_s,8.929033367911469
183.000,avoid_success,6
183.000,avoid_timeout,0
183.000,q_convergence,2.1319158170423274
183.000,update_residual,0.02210177698272577
183.000,investigation_deferred,0
183.000,nav_aborted,0
183.000,nav_canceled,0
183.000,nav_rejected,0
183.000,run_seed,6
184.000,anomalies_detected,0
184.000,anomalies_unique,0
184.000,investigation_timeouts,0
184.000,mission_duration_s,139.436
184.000,distance_traveled_m,29.526857389827605
184.000,route_deviations,7
184.000,investigation_time_s,0.0
184.000,hazard_avoidances,7
184.000,min_hazard_distance_m,4.462632048090187
184.000,collisions,0
184.000,time_below_clearance_s,0.0
184.000,safety_zone_violations,0
184.000,min_ttc_s,8.929033367911469
184.000,avoid_success,6
184.000,avoid_timeout,0
184.000,q_convergence,3.483939708737019
184.000,update_residual,0.0043965648367857695
184.000,investigation_deferred,0
184.000,nav_aborted,0
184.000,nav_canceled,0
184.000,nav_rejected,0
184.000,run_seed,6
185.000,anomalies_detected,0
185.000,anomalies_unique,0
185.000,investigation_timeouts,0
185.000,mission_duration_s,140.436
185.000,distance_traveled_m,29.613626956543907
185.000,route_deviations,7
185.000,investigation_time_s,0.0
185.000,hazard_avoidances,7
185.000,min_hazard_distance_m,4.462632048090187
185.000,collisions,0
185.000,time_below_clearance_s,0.0
185.000,safety_zone_violations,0
185.000,min_ttc_s,8.929033367911469
185.000,avoid_success,6
185.000,avoid_timeout,0
185.000,q_convergence,3.564619246168378
185.000,update_residual,0.0008626891962896689
185.000,investigation_deferred,0
185.000,nav_aborted,0
185.000,nav_canceled,0
185.000,nav_rejected,0
185.000,run_seed,6
186.000,anomalies_detected,0
186.000,anomalies_unique,0
186.000,investigation_timeouts,0
186.000,mission_duration_s,141.436
186.000,distance_traveled_m,29.730129927316916
186.000,route_deviations,7
186.000,investigation_time_s,0.0
186.000,hazard_avoidances,7
186.000,min_hazard_distance_m,4.462632048090187
186.000,collisions,0
186.000,time_below_clearance_s,0.0
186.000,safety_zone_violations,0
186.000,min_ttc_s,8.929033367911469
186.000,avoid_success,6
186.000,avoid_timeout,0
186.000,q_convergence,3.4988812855253344
186.000,update_residual,0.0030803611448741463
186.000,investigation_deferred,0
186.000,nav_aborted,0
186.000,nav_canceled,0
186.000,nav_rejected,0
186.000,run_seed,6
187.000,anomalies_detected,0
187.000,anomalies_unique,0
187.000,investigation_timeouts,0
187.000,mission_duration_s,142.436
187.000,distance_traveled_m,29.99220847310187
187.000,route_deviations,7
187.000,investigation_time_s,0.0
187.000,hazard_avoidances,7
187.000,min_hazard_distance_m,4.462632048090187
187.000,collisions,0
187.000,time_below_clearance_s,0.0
187.000,safety_zone_violations,0
187.000,min_ttc_s,8.929033367911469
187.000,avoid_success,6
187.000,avoid_timeout,0
187.000,q_convergence,3.460756131286702
187.000,update_residual,0.0010686038998530248
187.000,investigation_deferred,0
187.000,nav_aborted,0
187.000,nav_canceled,0
187.000,nav_rejected,0
187.000,run_seed,6
188.000,anomalies_detected,0
188.000,anomalies_unique,0
188.000,investigation_timeouts,0
188.000,mission_duration_s,143.436
188.000,distance_traveled_m,30.254288406511
188.000,route_deviations,7
188.000,investigation_time_s,0.0
188.000,hazard_avoidances,7
188.000,min_hazard_distance_m,4.462632048090187
188.000,collisions,0
188.000,time_below_clearance_s,0.0
188.000,safety_zone_violations,0
188.000,min_ttc_s,8.929033367911469
188.000,avoid_success,6
188.000,avoid_timeout,0
188.000,q_convergence,3.17289965808705
188.000,update_residual,0.029621268102070948
188.000,investigation_deferred,0
188.000,nav_aborted,0
188.000,nav_canceled,0
188.000,nav_rejected,0
188.000,run_seed,6
189.000,anomalies_detected,0
189.000,anomalies_unique,0
189.000,investigation_timeouts,0
189.000,mission_duration_s,144.436
189.000,distance_traveled_m,30.507008323335977
189.000,route_deviations,7
189.000,investigation_time_s,0.0
189.000,hazard_avoidances,7
189.000,min_hazard_distance_m,4.462632048090187
189.000,collisions,0
189.000,time_below_clearance_s,0.0
189.000,safety_zone_violations,0
189.000,min_ttc_s,8.929033367911469
189.000,avoid_success,6
189.000,avoid_timeout,0
189.000,q_convergence,3.084161919924963
189.000,update_residual,0.015160234148001635
189.000,investigation_deferred,0
189.000,nav_aborted,0
189.000,nav_canceled,0
189.000,nav_rejected,0
189.000,run_seed,6
190.000,anomalies_detected,0
190.000,anomalies_unique,0
190.000,investigation_timeouts,0
190.000,mission_duration_s,145.436
190.000,distance_traveled_m,30.768675584461693
190.000,route_deviations,7
190.000,investigation_time_s,0.0
190.000,hazard_avoidances,7
190.000,min_hazard_distance_m,4.462632048090187
190.000,collisions,0
190.000,time_below_clearance_s,0.0
190.000,safety_zone_violations,0
190.000,min_ttc_s,8.929033367911469
190.000,avoid_success,6
190.000,avoid_timeout,0
190.000,q_convergence,2.0755523390383335
190.000,update_residual,0.04514437607661567
190.000,investigation_deferred,0
190.000,nav_aborted,0
190.000,nav_canceled,0
190.000,nav_rejected,0
190.000,run_seed,6
191.000,anomalies_detected,0
191.000,anomalies_unique,0
191.000,investigation_timeouts,0
191.000,mission_duration_s,146.436
191.000,distance_traveled_m,31.013314898190195
191.000,route_deviations,7
191.000,investigation_time_s,0.0
191.000,hazard_avoidances,7
191.000,min_hazard_distance_m,4.462632048090187
191.000,collisions,0
191.000,time_below_clearance_s,0.0
191.000,safety_zone_violations,0
191.000,min_ttc_s,8.929033367911469
191.000,avoid_success,6
191.000,avoid_timeout,0
191.000,q_convergence,2.4652632488743125
191.000,update_residual,0.0027412392803890925
191.000,investigation_deferred,0
191.000,nav_aborted,0
191.000,nav_canceled,0
191.000,nav_rejected,0
191.000,run_seed,6
192.000,anomalies_detected,0
192.000,anomalies_unique,0
192.000,investigation_timeouts,0
192.000,mission_duration_s,147.436
192.000,distance_traveled_m,31.02061359930662
192.000,route_deviations,7
192.000,investigation_time_s,0.0
192.000,hazard_avoidances,7
192.000,min_hazard_distance_m,4.462632048090187
192.000,collisions,0
192.000,time_below_clearance_s,0.0
192.000,safety_zone_violations,0
192.000,min_ttc_s,8.929033367911469
192.000,avoid_success,7
192.000,avoid_timeout,0
192.000,q_convergence,1.9606859453422358
192.000,update_residual,0.020825684199215082
192.000,investigation_deferred,0
192.000,nav_aborted,0
192.000,nav_canceled,0
192.000,nav_rejected,0
192.000,run_seed,6
193.000,anomalies_detected,0
193.000,anomalies_unique,0
193.000,investigation_timeouts,0
193.000,mission_duration_s,148.436
193.000,distance_traveled_m,31.138006107416473
193.000,route_deviations,7
193.000,investigation_time_s,0.0
193.000,hazard_avoidances,7
193.000,min_hazard_distance_m,4.462632048090187
193.000,collisions,0
193.000,time_below_clearance_s,0.0
193.000,safety_zone_violations,0
193.000,min_ttc_s,8.929033367911469
193.000,avoid_success,7
193.000,avoid_timeout,0
193.000,q_convergence,1.8965333663812556
193.000,update_residual,0.009557521526875293
193.000,investigation_deferred,0
193.000,nav_aborted,0
193.000,nav_canceled,0
193.000,nav_rejected,0
193.000,run_seed,6
194.000,anomalies_detected,0
194.000,anomalies_unique,0
194.000,investigation_timeouts,0
194.000,mission_duration_s,149.436
194.000,distance_traveled_m,31.359449560173907
194.000,route_deviations,7
194.000,investigation_time_s,0.0
194.000,hazard_avoidances,7
194.000,min_hazard_distance_m,4.462632048090187
194.000,collisions,0
194.000,time_below_clearance_s,0.0
194.000,safety_zone_violations,0
194.000,min_ttc_s,8.929033367911469
194.000,avoid_success,7
194.000,avoid_timeout,0
194.000,q_convergence,1.6272469828869627
194.000,update_residual,0.009643255444133551
194.000,investigation_deferred,0
194.000,nav_aborted,0
194.000,nav_canceled,0
194.000,nav_rejected,0
194.000,run_seed,6
195.000,anomalies_detected,0
195.000,anomalies_unique,0
195.000,investigation_timeouts,0
195.000,mission_duration_s,150.436
195.000,distance_traveled_m,31.454071719297534
195.000,route_deviations,7
195.000,investigation_time_s,0.0
195.000,hazard_avoidances,7
195.000,min_hazard_distance_m,4.462632048090187
195.000,collisions,0
195.000,time_below_clearance_s,0.0
195.000,safety_zone_violations,0
195.000,min_ttc_s,8.929033367911469
195.000,avoid_success,7
195.000,avoid_timeout,0
195.000,q_convergence,1.7227747199558598
195.000,update_residual,0.019196029151023267
195.000,investigation_deferred,0
195.000,nav_aborted,0
195.000,nav_canceled,0
195.000,nav_rejected,0
195.000,run_seed,6
196.000,anomalies_detected,0
196.000,anomalies_unique,0
196.000,investigation_timeouts,0
196.000,mission_duration_s,151.436
196.000,distance_traveled_m,31.60244676770466
196.000,route_deviations,7
196.000,investigation_time_s,0.0
196.000,hazard_avoidances,7
196.000,min_hazard_distance_m,4.462632048090187
196.000,collisions,0
196.000,time_below_clearance_s,0.0
196.000,safety_zone_violations,0
196.000,min_ttc_s,8.929033367911469
196.000,avoid_success,7
196.000,avoid_timeout,0
196.000,q_convergence,1.4654623227355732
196.000,update_residual,0.016427005855678974
196.000,investigation_deferred,0
196.000,nav_aborted,0
196.000,nav_canceled,0
196.000,nav_rejected,0
196.000,run_seed,6
197.000,anomalies_detected,0
197.000,anomalies_unique,0
197.000,investigation_timeouts,0
197.000,mission_duration_s,152.436
197.000,distance_traveled_m,31.864525634535457
197.000,route_deviations,7
197.000,investigation_time_s,0.0
197.000,hazard_avoidances,7
197.000,min_hazard_distance_m,4.462632048090187
197.000,collisions,0
197.000,time_below_clearance_s,0.0
197.000,safety_zone_violations,0
197.000,min_ttc_s,8.929033367911469
197.000,avoid_success,7
197.000,avoid_timeout,0
197.000,q_convergence,1.3660408367783836
197.000,update_residual,0.006484857259960031
197.000,investigation_deferred,0
197.000,nav_aborted,0
197.000,nav_canceled,0
197.000,nav_rejected,0
197.000,run_seed,6
198.000,anomalies_detected,0
198.000,anomalies_unique,0
198.000,investigation_timeouts,0
198.000,mission_duration_s,153.436
198.000,distance_traveled_m,32.11724560955899
198.000,route_deviations,7
198.000,investigation_time_s,0.0
198.000,hazard_avoidances,7
198.000,min_hazard_distance_m,4.462632048090187
198.000,collisions,0
198.000,time_below_clearance_s,0.0
198.000,safety_zone_violations,0
198.000,min_ttc_s,8.929033367911469
198.000,avoid_success,7
198.000,avoid_timeout,0
198.000,q_convergence,1.0126781736006543
198.000,update_residual,0.013727367223447803
198.000,investigation_deferred,0
198.000,nav_aborted,0
198.000,nav_canceled,0
198.000,nav_rejected,0
198.000,run_seed,6
199.000,anomalies_detected,0
199.000,anomalies_unique,0
199.000,investigation_timeouts,0
199.000,mission_duration_s,154.436
199.000,distance_traveled_m,32.37932560180702
199.000,route_deviations,7
199.000,investigation_time_s,0.0
199.000,hazard_avoidances,7
199.000,min_hazard_distance_m,4.462632048090187
199.000,collisions,0
199.000,time_below_clearance_s,0.0
199.000,safety_zone_violations,0
199.000,min_ttc_s,8.929033367911469
199.000,avoid_success,7
199.000,avoid_timeout,0
199.000,q_convergence,1.0334071068160608
199.000,update_residual,0.00726063177359046
199.000,investigation_deferred,0
199.000,nav_aborted,0
199.000,nav_canceled,0
199.000,nav_rejected,0
199.000,run_seed,6
200.000,anomalies_detected,0
200.000,anomalies_unique,0
200.000,investigation_timeouts,0
200.000,mission_duration_s,155.436
200.000,distance_traveled_m,32.64140556779966
200.000,route_deviations,7
200.000,investigation_time_s,0.0
200.000,hazard_avoidances,7
200.000,min_hazard_distance_m,4.462632048090187
200.000,collisions,0
200.000,time_below_clearance_s,0.0
200.000,safety_zone_violations,0
200.000,min_ttc_s,8.929033367911469
200.000,avoid_success,7
200.000,avoid_timeout,0
200.000,q_convergence,1.011375974724423
200.000,update_residual,0.007126456385525235
200.000,investigation_deferred,0
200.000,nav_aborted,0
200.000,nav_canceled,0
200.000,nav_rejected,0
200.000,run_seed,6
201.000,anomalies_detected,0
201.000,anomalies_unique,0
201.000,investigation_timeouts,0
201.000,mission_duration_s,156.436
201.000,distance_traveled_m,32.834617109099696
201.000,route_deviations,8
201.000,investigation_time_s,0.0
201.000,hazard_avoidances,8
201.000,min_hazard_distance_m,4.462632048090187
201.000,collisions,0
201.000,time_below_clearance_s,0.0
201.000,safety_zone_violations,0
201.000,min_ttc_s,8.929033367911469
201.000,avoid_success,7
201.000,avoid_timeout,0
201.000,q_convergence,2.1822061558673647
201.000,update_residual,0.017887695602301523
201.000,investigation_deferred,0
201.000,nav_aborted,0
201.000,nav_canceled,0
201.000,nav_rejected,0
201.000,run_seed,6
202.000,anomalies_detected,0
202.000,anomalies_unique,0
202.000,investigation_timeouts,0
202.000,mission_duration_s,157.436
202.000,distance_traveled_m,33.01215200165296
202.000,route_deviations,8
202.000,investigation_time_s,0.0
202.000,hazard_avoidances,8
202.000,min_hazard_distance_m,4.462632048090187
202.000,collisions,0
202.000,time_below_clearance_s,0.0
202.000,safety_zone_violations,0
202.000,min_ttc_s,8.929033367911469
202.000,avoid_success,7
202.000,avoid_timeout,0
202.000,q_convergence,3.501063689843266
202.000,update_residual,0.004581172115744583
202.000,investigation_deferred,0
202.000,nav_aborted,0
202.000,nav_canceled,0
202.000,nav_rejected,0
202.000,run_seed,6
203.000,anomalies_detected,0
203.000,anomalies_unique,0
203.000,investigation_timeouts,0
203.000,mission_duration_s,158.436
203.000,distance_traveled_m,33.119154620760305
203.000,route_deviations,8
203.000,investigation_time_s,0.0
203.000,hazard_avoidances,8
203.000,min_hazard_distance_m,4.462632048090187
203.000,collisions,0
203.000,time_below_clearance_s,0.0
203.000,safety_zone_violations,0
203.000,min_ttc_s,8.929033367911469
203.000,avoid_success,7
203.000,avoid_timeout,0
203.000,q_convergence,3.6091219994221553
203.000,update_residual,0.0021601627774490905
203.000,investigation_deferred,0
203.000,nav_aborted,0
203.000,nav_canceled,0
203.000,nav_rejected,0
203.000,run_seed,6
204.000,anomalies_detected,0
204.000,anomalies_unique,0
204.000,investigation_timeouts,0
204.000,mission_duration_s,159.436
204.000,distance_traveled_m,33.202608815570514
204.000,route_deviations,8
204.000,investigation_time_s,0.0
204.000,hazard_avoidances,8
204.000,min_hazard_distance_m,4.462632048090187
204.000,collisions,0
204.000,time_below_clearance_s,0.0
204.000,safety_zone_violations,0
204.000,min_ttc_s,8.929033367911469
204.000,avoid_success,7
204.000,avoid_timeout,0
204.000,q_convergence,3.629558434044684
204.000,update_residual,0.00011651931519619437
204.000,investigation_deferred,0
204.000,nav_aborted,0
204.000,nav_canceled,0
204.000,nav_rejected,0
204.000,run_seed,6
205.000,anomalies_detected,0
205.000,anomalies_unique,0
205.000,investigation_timeouts,0
205.000,mission_duration_s,160.436
205.000,distance_traveled_m,33.46433198330939
205.000,route_deviations,8
205.000,investigation_time_s,0.0
205.000,hazard_avoidances,8
205.000,min_hazard_distance_m,4.462632048090187
205.000,collisions,0
205.000,time_below_clearance_s,0.0
205.000,safety_zone_violations,0
205.000,min_ttc_s,8.929033367911469
205.000,avoid_success,7
205.000,avoid_timeout,0
205.000,q_convergence,3.5465771686679948
205.000,update_residual,0.00429504457400869
205.000,investigation_deferred,0
205.000,nav_aborted,0
205.000,nav_canceled,0
205.000,nav_rejected,0
205.000,run_seed,6
206.000,anomalies_detected,0
206.000,anomalies_unique,0
206.000,investigation_timeouts,0
206.000,mission_duration_s,161.436
206.000,distance_traveled_m,33.726411967072515
206.000,route_deviations,8
206.000,investigation_time_s,0.0
206.000,hazard_avoidances,8
206.000,min_hazard_distance_m,4.462632048090187
206.000,collisions,0
206.000,time_below_clearance_s,0.0
206.000,safety_zone_violations,0
206.000,min_ttc_s,8.929033367911469
206.000,avoid_success,7
206.000,avoid_timeout,0
206.000,q_convergence,3.347622825633439
206.000,update_residual,0.01432153331509925
206.000,investigation_deferred,0
206.000,nav_aborted,0
206.000,nav_canceled,0
206.000,nav_rejected,0
206.000,run_seed,6
207.000,anomalies_detected,0
207.000,anomalies_unique,0
207.000,investigation_timeouts,0
207.000,mission_duration_s,162.436
207.000,distance_traveled_m,33.979131901070566
207.000,route_deviations,8
207.000,investigation_time_s,0.0
207.000,hazard_avoidances,8
207.000,min_hazard_distance_m,4.462632048090187
207.000,collisions,0
207.000,time_below_clearance_s,0.0
207.000,safety_zone_violations,0
207.000,min_ttc_s,8.929033367911469
207.000,avoid_success,7
207.000,avoid_timeout,0
207.000,q_convergence,3.395776899676736
207.000,update_residual,0.006504160851848462
207.000,investigation_deferred,0
207.000,nav_aborted,0
207.000,nav_canceled,0
207.000,nav_rejected,0
207.000,run_seed,6
208.000,anomalies_detected,0
208.000,anomalies_unique,0
208.000,investigation_timeouts,0
208.000,mission_duration_s,163.436
208.000,distance_traveled_m,34.24121178032068
208.000,route_deviations,8
208.000,investigation_time_s,0.0
208.000,hazard_avoidances,8
208.000,min_hazard_distance_m,4.462632048090187
208.000,collisions,0
208.000,time_below_clearance_s,0.0
208.000,safety_zone_violations,0
208.000,min_ttc_s,8.929033367911469
208.000,avoid_success,7
208.000,avoid_timeout,0
208.000,q_convergence,3.1192747625453743
208.000,update_residual,0.01775790305794372
208.000,investigation_deferred,0
208.000,nav_aborted,0
208.000,nav_canceled,0
208.000,nav_rejected,0
208.000,run_seed,6
209.000,anomalies_detected,0
209.000,anomalies_unique,0
209.000,investigation_timeouts,0
209.000,mission_duration_s,164.436
209.000,distance_traveled_m,34.50277363941465
209.000,route_deviations,8
209.000,investigation_time_s,0.0
209.000,hazard_avoidances,8
209.000,min_hazard_distance_m,4.462632048090187
209.000,collisions,0
209.000,time_below_clearance_s,0.0
209.000,safety_zone_violations,0
209.000,min_ttc_s,8.929033367911469
209.000,avoid_success,7
209.000,avoid_timeout,0
209.000,q_convergence,2.659803594271313
209.000,update_residual,0.015936222210026656
209.000,investigation_deferred,0
209.000,nav_aborted,0
209.000,nav_canceled,0
209.000,nav_rejected,0
209.000,run_seed,6
210.000,anomalies_detected,0
210.000,anomalies_unique,0
210.000,investigation_timeouts,0
210.000,mission_duration_s,165.436
210.000,distance_traveled_m,34.624197723838456
210.000,route_deviations,8
210.000,investigation_time_s,0.0
210.000,hazard_avoidances,8
210.000,min_hazard_distance_m,4.462632048090187
210.000,collisions,0
210.000,time_below_clearance_s,0.0
210.000,safety_zone_violations,0
210.000,min_ttc_s,8.929033367911469
210.000,avoid_success,8
210.000,avoid_timeout,0
210.000,q_convergence,1.7409364372602227
210.000,update_residual,0.041298932644028126
210.000,investigation_deferred,0
210.000,nav_aborted,0
210.000,nav_canceled,0
210.000,nav_rejected,0
210.000,run_seed,6
211.000,anomalies_detected,0
211.000,anomalies_unique,0
211.000,investigation_timeouts,0
211.000,mission_duration_s,166.436
211.000,distance_traveled_m,34.72092357798918
211.000,route_deviations,8
211.000,investigation_time_s,0.0
211.000,hazard_avoidances,8
211.000,min_hazard_distance_m,4.462632048090187
211.000,collisions,0
211.000,time_below_clearance_s,0.0
211.000,safety_zone_violations,0
211.000,min_ttc_s,8.929033367911469
211.000,avoid_success,8
211.000,avoid_timeout,0
211.000,q_convergence,2.0743984413347794
211.000,update_residual,0.005097672501060957
211.000,investigation_deferred,0
211.000,nav_aborted,0
211.000,nav_canceled,0
211.000,nav_rejected,0
211.000,run_seed,6
212.000,anomalies_detected,0
212.000,anomalies_unique,0
212.000,investigation_timeouts,0
212.000,mission_duration_s,167.436
212.000,distance_traveled_m,34.9343436885521
212.000,route_deviations,8
212.000,investigation_time_s,0.0
212.000,hazard_avoidances,8
212.000,min_hazard_distance_m,4.462632048090187
212.000,collisions,0
212.000,time_below_clearance_s,0.0
212.000,safety_zone_violations,0
212.000,min_ttc_s,8.929033367911469
212.000,avoid_success,8
212.000,avoid_timeout,0
212.000,q_convergence,1.911801616560766
212.000,update_residual,0.010523272516718484
212.000,investigation_deferred,0
212.000,nav_aborted,0
212.000,nav_canceled,0
212.000,nav_rejected,0
212.000,run_seed,6
213.000,anomalies_detected,0
213.000,anomalies_unique,0
213.000,investigation_timeouts,0
213.000,mission_duration_s,168.436
213.000,distance_traveled_m,35.044502403964316
213.000,route_deviations,8
213.000,investigation_time_s,0.0
213.000,hazard_avoidances,8
213.000,min_hazard_distance_m,4.462632048090187
213.000,collisions,0
213.000,time_below_clearance_s,0.0
213.000,safety_zone_violations,0
213.000,min_ttc_s,8.929033367911469
213.000,avoid_success,8
213.000,avoid_timeout,0
213.000,q_convergence,1.6357885610935088
213.000,update_residual,0.010020500340896497
213.000,investigation_deferred,0
213.000,nav_aborted,0
213.000,nav_canceled,0
213.000,nav_rejected,0
213.000,run_seed,6
214.000,anomalies_detected,0
214.000,anomalies_unique,0
214.000,investigation_timeouts,0
214.000,mission_duration_s,169.436
214.000,distance_traveled_m,35.19017889357132
214.000,route_deviations,8
214.000,investigation_time_s,0.0
214.000,hazard_avoidances,8
214.000,min_hazard_distance_m,4.462632048090187
214.000,collisions,0
214.000,time_below_clearance_s,0.0
214.000,safety_zone_violations,0
214.000,min_ttc_s,8.929033367911469
214.000,avoid_success,8
214.000,avoid_timeout,0
214.000,q_convergence,1.6669117981018358
214.000,update_residual,0.013132824041729217
214.000,investigation_deferred,0
214.000,nav_aborted,0
214.000,nav_canceled,0
214.000,nav_rejected,0
214.000,run_seed,6
215.000,anomalies_detected,0
215.000,anomalies_unique,0
215.000,investigation_timeouts,0
215.000,mission_duration_s,170.436
215.000,distance_traveled_m,35.45225763622687
215.000,route_deviations,8
215.000,investigation_time_s,0.0
215.000,hazard_avoidances,8
215.000,min_hazard_distance_m,4.462632048090187
215.000,collisions,0
215.000,time_below_clearance_s,0.0
215.000,safety_zone_violations,0
215.000,min_ttc_s,8.929033367911469
215.000,avoid_success,8
215.000,avoid_timeout,0
215.000,q_convergence,1.3917265820691251
215.000,update_residual,0.008648055803726304
215.000,investigation_deferred,0
215.000,nav_aborted,0
215.000,nav_canceled,0
215.000,nav_rejected,0
215.000,run_seed,6
216.000,anomalies_detected,0
216.000,anomalies_unique,0
216.000,investigation_timeouts,0
216.000,mission_duration_s,171.436
216.000,distance_traveled_m,35.704977608709115
216.000,route_deviations,8
216.000,investigation_time_s,0.0
216.000,hazard_avoidances,8
216.000,min_hazard_distance_m,4.462632048090187
216.000,collisions,0
216.000,time_below_clearance_s,0.0
216.000,safety_zone_violations,0
216.000,min_ttc_s,8.929033367911469
216.000,avoid_success,8
216.000,avoid_timeout,0
216.000,q_convergence,1.0471810068201575
216.000,update_residual,0.008506333284940264
216.000,investigation_deferred,0
216.000,nav_aborted,0
216.000,nav_canceled,0
216.000,nav_rejected,0
216.000,run_seed,6
217.000,anomalies_detected,0
217.000,anomalies_unique,0
217.000,investigation_timeouts,0
217.000,mission_duration_s,172.436
217.000,distance_traveled_m,35.967057591714344
217.000,route_deviations,8
217.000,investigation_time_s,0.0
217.000,hazard_avoidances,8
217.000,min_hazard_distance_m,4.462632048090187
217.000,collisions,0
217.000,time_below_clearance_s,0.0
217.000,safety_zone_violations,0
217.000,min_ttc_s,8.929033367911469
217.000,avoid_success,8
217.000,avoid_timeout,0
217.000,q_convergence,1.0129497248045973
217.000,update_residual,0.006990947244157709
217.000,investigation_deferred,0
217.000,nav_aborted,0
217.000,nav_canceled,0
217.000,nav_rejected,0
217.000,run_seed,6
218.000,anomalies_detected,0
218.000,anomalies_unique,0
218.000,investigation_timeouts,0
218.000,mission_duration_s,173.436
218.000,distance_traveled_m,36.2291375781188
218.000,route_deviations,8
218.000,investigation_time_s,0.0
218.000,hazard_avoidances,8
218.000,min_hazard_distance_m,4.462632048090187
218.000,collisions,0
218.000,time_below_clearance_s,0.0
218.000,safety_zone_violations,0
218.000,min_ttc_s,8.929033367911469
218.000,avoid_success,8
218.000,avoid_timeout,0
218.000,q_convergence,0.9825821454037954
218.000,update_residual,0.01809979308952279
218.000,investigation_deferred,0
218.000,nav_aborted,0
218.000,nav_canceled,0
218.000,nav_rejected,0
218.000,run_seed,6
219.000,anomalies_detected,0
219.000,anomalies_unique,0
219.000,investigation_timeouts,0
219.000,mission_duration_s,174.436
219.000,distance_traveled_m,36.42102009270636
219.000,route_deviations,9
219.000,investigation_time_s,0.0
219.000,hazard_avoidances,9
219.000,min_hazard_distance_m,4.462632048090187
219.000,collisions,0
219.000,time_below_clearance_s,0.0
219.000,safety_zone_violations,0
219.000,min_ttc_s,8.929033367911469
219.000,avoid_success,8
219.000,avoid_timeout,0
219.000,q_convergence,2.1269584537867297
219.000,update_residual,0.02402505837081504
219.000,investigation_deferred,0
219.000,nav_aborted,0
219.000,nav_canceled,0
219.000,nav_rejected,0
219.000,run_seed,6
220.000,anomalies_detected,0
220.000,anomalies_unique,0
220.000,investigation_timeouts,0
220.000,mission_duration_s,175.436
220.000,distance_traveled_m,36.56744507737038
220.000,route_deviations,9
220.000,investigation_time_s,0.0
220.000,hazard_avoidances,9
220.000,min_hazard_distance_m,4.462632048090187
220.000,collisions,0
220.000,time_below_clearance_s,0.0
220.000,safety_zone_violations,0
220.000,min_ttc_s,8.929033367911469
220.000,avoid_success,8
220.000,avoid_timeout,0
220.000,q_convergence,3.462780406742927
220.000,update_residual,0.004564945155995358
220.000,investigation_deferred,0
220.000,nav_aborted,0
220.000,nav_canceled,0
220.000,nav_rejected,0
220.000,run_seed,6
221.000,anomalies_detected,0
221.000,anomalies_unique,0
221.000,investigation_timeouts,0
221.000,mission_duration_s,176.436
221.000,distance_traveled_m,36.781961169978686
221.000,route_deviations,9
221.000,investigation_time_s,0.0
221.000,hazard_avoidances,9
221.000,min_hazard_distance_m,4.462632048090187
221.000,collisions,0
221.000,time_below_clearance_s,0.0
221.000,safety_zone_violations,0
221.000,min_ttc_s,8.929033367911469
221.000,avoid_success,8
221.000,avoid_timeout,0
221.000,q_convergence,3.5708831626862114
221.000,update_residual,0.0021579565779532334
221.000,investigation_deferred,0
221.000,nav_aborted,0
221.000,nav_canceled,0
221.000,nav_rejected,0
221.000,run_seed,6
222.000,anomalies_detected,0
222.000,anomalies_unique,0
222.000,investigation_timeouts,0
222.000,mission_duration_s,177.436
222.000,distance_traveled_m,36.81986984329604
222.000,route_deviations,9
222.000,investigation_time_s,0.0
222.000,hazard_avoidances,9
222.000,min_hazard_distance_m,4.462632048090187
222.000,collisions,0
222.000,time_below_clearance_s,0.0
222.000,safety_zone_violations,0
222.000,min_ttc_s,8.929033367911469
222.000,avoid_success,8
222.000,avoid_timeout,0
222.000,q_convergence,3.534038742278312
222.000,update_residual,0.002951047753341608
222.000,investigation_deferred,0
222.000,nav_aborted,0
222.000,nav_canceled,0
222.000,nav_rejected,0
222.000,run_seed,6
223.000,anomalies_detected,0
223.000,anomalies_unique,0
223.000,investigation_timeouts,0
223.000,mission_duration_s,178.436
223.000,distance_traveled_m,37.06762574667723
223.000,route_deviations,9
223.000,investigation_time_s,0.0
223.000,hazard_avoidances,9
223.000,min_hazard_distance_m,4.462632048090187
223.000,collisions,0
223.000,time_below_clearance_s,0.0
223.000,safety_zone_violations,0
223.000,min_ttc_s,8.929033367911469
223.000,avoid_success,8
223.000,avoid_timeout,0
223.000,q_convergence,3.5061932209378726
223.000,update_residual,0.00016649561929767926
223.000,investigation_deferred,0
223.000,nav_aborted,0
223.000,nav_canceled,0
223.000,nav_rejected,0
223.000,run_seed,6
224.000,anomalies_detected,0
224.000,anomalies_unique,0
224.000,investigation_timeouts,0
224.000,mission_duration_s,179.436
224.000,distance_traveled_m,37.32970552062797
224.000,route_deviations,9
224.000,investigation_time_s,0.0
224.000,hazard_avoidances,9
224.000,min_hazard_distance_m,4.462632048090187
224.000,collisions,0
224.000,time_below_clearance_s,0.0
224.000,safety_zone_violations,0
224.000,min_ttc_s,8.929033367911469
224.000,avoid_success,8
224.000,avoid_timeout,0
224.000,q_convergence,3.1729031605188007
224.000,update_residual,0.02875534810407148
224.000,investigation_deferred,0
224.000,nav_aborted,0
224.000,nav_canceled,0
224.000,nav_rejected,0
224.000,run_seed,6
225.000,anomalies_detected,0
225.000,anomalies_unique,0
225.000,investigation_timeouts,0
225.000,mission_duration_s,180.436
225.000,distance_traveled_m,37.59178535169006
225.000,route_deviations,9
225.000,investigation_time_s,0.0
225.000,hazard_avoidances,9
225.000,min_hazard_distance_m,4.462632048090187
225.000,collisions,0
225.000,time_below_clearance_s,0.0
225.000,safety_zone_violations,0
225.000,min_ttc_s,8.929033367911469
225.000,avoid_success,8
225.000,avoid_timeout,0
225.000,q_convergence,3.3454743319895734
225.000,update_residual,0.00644444051530917
225.000,investigation_deferred,0
225.000,nav_aborted,0
225.000,nav_canceled,0
225.000,nav_rejected,0
225.000,run_seed,6
226.000,anomalies_detected,0
226.000,anomalies_unique,0
226.000,investigation_timeouts,0
226.000,mission_duration_s,181.436
226.000,distance_traveled_m,37.84450532743679
226.000,route_deviations,9
226.000,investigation_time_s,0.0
226.000,hazard_avoidances,9
226.000,min_hazard_distance_m,4.462632048090187
226.000,collisions,0
226.000,time_below_clearance_s,0.0
226.000,safety_zone_violations,0
226.000,min_ttc_s,8.929033367911469
226.000,avoid_success,8
226.000,avoid_timeout,0
226.000,q_convergence,3.07337883907353
226.000,update_residual,0.017494791250226484
226.000,investigation_deferred,0
226.000,nav_aborted,0
226.000,nav_canceled,0
226.000,nav_rejected,0
226.000,run_seed,6
227.000,anomalies_detected,0
227.000,anomalies_unique,0
227.000,investigation_timeouts,0
227.000,mission_duration_s,182.436
227.000,distance_traveled_m,38.10428117797641
227.000,route_deviations,9
227.000,investigation_time_s,0.0
227.000,hazard_avoidances,9
227.000,min_hazard_distance_m,4.462632048090187
227.000,collisions,0
227.000,time_below_clearance_s,0.0
227.000,safety_zone_violations,0
227.000,min_ttc_s,8.929033367911469
227.000,avoid_success,8
227.000,avoid_timeout,0
227.000,q_convergence,2.908301339885965
227.000,update_residual,0.0009870413314699567
227.000,investigation_deferred,0
227.000,nav_aborted,0
227.000,nav_canceled,0
227.000,nav_rejected,0
227.000,run_seed,6
228.000,anomalies_detected,0
228.000,anomalies_unique,0
228.000,investigation_timeouts,0
228.000,mission_duration_s,183.436
228.000,distance_traveled_m,38.17736037200133
228.000,route_deviations,9
228.000,investigation_time_s,0.0
228.000,hazard_avoidances,9
228.000,min_hazard_distance_m,4.462632048090187
228.000,collisions,0
228.000,time_below_clearance_s,0.0
228.000,safety_zone_violations,0
228.000,min_ttc_s,8.929033367911469
228.000,avoid_success,9
228.000,avoid_timeout,0
228.000,q_convergence,1.933318832674875
228.000,update_residual,0.056151109059327485
228.000,investigation_deferred,0
228.000,nav_aborted,0
228.000,nav_canceled,0
228.000,nav_rejected,0
228.000,run_seed,6
229.000,anomalies_detected,0
229.000,anomalies_unique,0
229.000,investigation_timeouts,0
229.000,mission_duration_s,184.436
229.000,distance_traveled_m,38.27225832273173
229.000,route_deviations,9
229.000,investigation_time_s,0.0
229.000,hazard_avoidances,9
229.000,min_hazard_distance_m,4.462632048090187
229.000,collisions,0
229.000,time_below_clearance_s,0.0
229.000,safety_zone_violations,0
229.000,min_ttc_s,8.929033367911469
229.000,avoid_success,9
229.000,avoid_timeout,0
229.000,q_convergence,2.1675699971920084
229.000,update_residual,0.0073453652744269165
229.000,investigation_deferred,0
229.000,nav_aborted,0
229.000,nav_canceled,0
229.000,nav_rejected,0
229.000,run_seed,6
230.000,anomalies_detected,0
230.000,anomalies_unique,0
230.000,investigation_timeouts,0
230.000,mission_duration_s,185.436
230.000,distance_traveled_m,38.48745770834565
230.000,route_deviations,9
230.000,investigation_time_s,0.0
230.000,hazard_avoidances,9
230.000,min_hazard_distance_m,4.462632048090187
230.000,collisions,0
230.000,time_below_clearance_s,0.0
230.000,safety_zone_violations,0
230.000,min_ttc_s,8.929033367911469
230.000,avoid_success,9
230.000,avoid_timeout,0
230.000,q_convergence,1.8901567113052788
230.000,update_residual,0.01101578185247004
230.000,investigation_deferred,0
230.000,nav_aborted,0
230.000,nav_canceled,0
230.000,nav_rejected,0
230.000,run_seed,6
231.000,anomalies_detected,0
231.000,anomalies_unique,0
231.000,investigation_timeouts,0
231.000,mission_duration_s,186.436
231.000,distance_traveled_m,38.6114569241488
231.000,route_deviations,9
231.000,investigation_time_s,0.0
231.000,hazard_avoidances,9
231.000,min_hazard_distance_m,4.462632048090187
231.000,collisions,0
231.000,time_below_clearance_s,0.0
231.000,safety_zone_violations,0
231.000,min_ttc_s,8.929033367911469
231.000,avoid_success,9
231.000,avoid_timeout,0
231.000,q_convergence,1.7859408123951557
231.000,update_residual,0.0005941919614577386
231.000,investigation_deferred,0
231.000,nav_aborted,0
231.000,nav_canceled,0
231.000,nav_rejected,0
231.000,run_seed,6
232.000,anomalies_detected,0
232.000,anomalies_unique,0
232.000,investigation_timeouts,0
232.000,mission_duration_s,187.436
232.000,distance_traveled_m,38.74497838481541
232.000,route_deviations,9
232.000,investigation_time_s,0.0
232.000,hazard_avoidances,9
232.000,min_hazard_distance_m,4.462632048090187
232.000,collisions,0
232.000,time_below_clearance_s,0.0
232.000,safety_zone_violations,0
232.000,min_ttc_s,8.929033367911469
232.000,avoid_success,9
232.000,avoid_timeout,0
232.000,q_convergence,1.695861609654911
232.000,update_residual,0.018286255079141944
232.000,investigation_deferred,0
232.000,nav_aborted,0
232.000,nav_canceled,0
232.000,nav_rejected,0
232.000,run_seed,6
233.000,anomalies_detected,0
233.000,anomalies_unique,0
233.000,investigation_timeouts,0
233.000,mission_duration_s,188.436
233.000,distance_traveled_m,39.00705676025313
233.000,route_deviations,9
233.000,investigation_time_s,0.0
233.000,hazard_avoidances,9
233.000,min_hazard_distance_m,4.462632048090187
233.000,collisions,0
233.000,time_below_clearance_s,0.0
233.000,safety_zone_violations,0
233.000,min_ttc_s,8.929033367911469
233.000,avoid_success,9
233.000,avoid_timeout,0
233.000,q_convergence,1.5225691271760948
233.000,update_residual,0.0009570068312603466
233.000,investigation_deferred,0
233.000,nav_aborted,0
233.000,nav_canceled,0
233.000,nav_rejected,0
233.000,run_seed,6
234.000,anomalies_detected,0
234.000,anomalies_unique,0
234.000,investigation_timeouts,0
234.000,mission_duration_s,189.436
234.000,distance_traveled_m,39.259776748101544
234.000,route_deviations,9
234.000,investigation_time_s,0.0
234.000,hazard_avoidances,9
234.000,min_hazard_distance_m,4.462632048090187
234.000,collisions,0
234.000,time_below_clearance_s,0.0
234.000,safety_zone_violations,0
234.000,min_ttc_s,8.929033367911469
234.000,avoid_success,9
234.000,avoid_timeout,0
234.000,q_convergence,1.3633616514675029
234.000,update_residual,0.007731245143353512
234.000,investigation_deferred,0
234.000,nav_aborted,0
234.000,nav_canceled,0
234.000,nav_rejected,0
234.000,run_seed,6
235.000,anomalies_detected,0
235.000,anomalies_unique,0
235.000,investigation_timeouts,0
235.000,mission_duration_s,190.436
235.000,distance_traveled_m,39.52185673561674
235.000,route_deviations,9
235.000,investigation_time_s,0.0
235.000,hazard_avoidances,9
235.000,min_hazard_distance_m,4.462632048090187
235.000,collisions,0
235.000,time_below_clearance_s,0.0
235.000,safety_zone_violations,0
235.000,min_ttc_s,8.929033367911469
235.000,avoid_success,9
235.000,avoid_timeout,0
235.000,q_convergence,1.0095444774402902
235.000,update_residual,0.014685109431693367
235.000,investigation_deferred,0
235.000,nav_aborted,0
235.000,nav_canceled,0
235.000,nav_rejected,0
235.000,run_seed,6
236.000,anomalies_detected,0
236.000,anomalies_unique,0
236.000,investigation_timeouts,0
236.000,mission_duration_s,191.436
236.000,distance_traveled_m,39.78393673189756
236.000,route_deviations,9
236.000,investigation_time_s,0.0
236.000,hazard_avoidances,9
236.000,min_hazard_distance_m,4.462632048090187
236.000,collisions,0
236.000,time_below_clearance_s,0.0
236.000,safety_zone_violations,0
236.000,min_ttc_s,8.929033367911469
236.000,avoid_success,9
236.000,avoid_timeout,0
236.000,q_convergence,0.978017042118512
236.000,update_residual,0.004884649509397063
236.000,investigation_deferred,0
236.000,nav_aborted,0
236.000,nav_canceled,0
236.000,nav_rejected,0
236.000,run_seed,6
237.000,anomalies_detected,0
237.000,anomalies_unique,0
237.000,investigation_timeouts,0
237.000,mission_duration_s,192.436
237.000,distance_traveled_m,39.97259766263625
237.000,route_deviations,10
237.000,investigation_time_s,0.0
237.000,hazard_avoidances,10
237.000,min_hazard_distance_m,4.462632048090187
237.000,collisions,0
237.000,time_below_clearance_s,0.0
237.000,safety_zone_violations,0
237.000,min_ttc_s,8.929033367911469
237.000,avoid_success,9
237.000,avoid_timeout,0
237.000,q_convergence,2.1397934174721045
237.000,update_residual,0.01788395815107233
237.000,investigation_deferred,0
237.000,nav_aborted,0
237.000,nav_canceled,0
237.000,nav_rejected,0
237.000,run_seed,6
238.000,anomalies_detected,0
238.000,anomalies_unique,0
238.000,investigation_timeouts,0
238.000,mission_duration_s,193.436
238.000,distance_traveled_m,40.099760151631415
238.000,route_deviations,10
238.000,investigation_time_s,0.0
238.000,hazard_avoidances,10
238.000,min_hazard_distance_m,4.462632048090187
238.000,collisions,0
238.000,time_below_clearance_s,0.0
238.000,safety_zone_violations,0
238.000,min_ttc_s,8.929033367911469
238.000,avoid_success,9
238.000,avoid_timeout,0
238.000,q_convergence,3.460895567523506
238.000,update_residual,0.004888179671135749
238.000,investigation_deferred,0
238.000,nav_aborted,0
238.000,nav_canceled,0
238.000,nav_rejected,0
238.000,run_seed,6
239.000,anomalies_detected,0
239.000,anomalies_unique,0
239.000,investigation_timeouts,0
239.000,mission_duration_s,194.436
239.000,distance_traveled_m,40.333520537006855
239.000,route_deviations,10
239.000,investigation_time_s,0.0
239.000,hazard_avoidances,10
239.000,min_hazard_distance_m,4.462632048090187
239.000,collisions,0
239.000,time_below_clearance_s,0.0
239.000,safety_zone_violations,0
239.000,min_ttc_s,8.929033367911469
239.000,avoid_success,9
239.000,avoid_timeout,0
239.000,q_convergence,3.5708351946048986
239.000,update_residual,0.002107869206718805
239.000,investigation_deferred,0
239.000,nav_aborted,0
239.000,nav_canceled,0
239.000,nav_rejected,0
239.000,run_seed,6
240.000,anomalies_detected,0
240.000,anomalies_unique,0
240.000,investigation_timeouts,0
240.000,mission_duration_s,195.436
240.000,distance_traveled_m,40.36724173996446
240.000,route_deviations,10
240.000,investigation_time_s,0.0
240.000,hazard_avoidances,10
240.000,min_hazard_distance_m,4.462632048090187
240.000,collisions,0
240.000,time_below_clearance_s,0.0
240.000,safety_zone_violations,0
240.000,min_ttc_s,8.929033367911469
240.000,avoid_success,9
240.000,avoid_timeout,0
240.000,q_convergence,3.5396977897303845
240.000,update_residual,0.0026226368298006572
240.000,investigation_deferred,0
240.000,nav_aborted,0
240.000,nav_canceled,0
240.000,nav_rejected,0
240.000,run_seed,6
241.000,anomalies_detected,0
241.000,anomalies_unique,0
241.000,investigation_timeouts,0
241.000,mission_duration_s,196.436
241.000,distance_traveled_m,40.594068193239146
241.000,route_deviations,10
241.000,investigation_time_s,0.0
241.000,hazard_avoidances,10
241.000,min_hazard_distance_m,4.462632048090187
241.000,collisions,0
241.000,time_below_clearance_s,0.0
241.000,safety_zone_violations,0
241.000,min_ttc_s,8.929033367911469
241.000,avoid_success,9
241.000,avoid_timeout,0
241.000,q_convergence,3.514951090958823
241.000,update_residual,0.0001479669526445301
241.000,investigation_deferred,0
241.000,nav_aborted,0
241.000,nav_canceled,0
241.000,nav_rejected,0
241.000,run_seed,6
242.000,anomalies_detected,0
242.000,anomalies_unique,0
242.000,investigation_timeouts,0
242.000,mission_duration_s,197.436
242.000,distance_traveled_m,40.85614767657419
242.000,route_deviations,10
242.000,investigation_time_s,0.0
242.000,hazard_avoidances,10
242.000,min_hazard_distance_m,4.462632048090187
242.000,collisions,0
242.000,time_below_clearance_s,0.0
242.000,safety_zone_violations,0
242.000,min_ttc_s,8.929033367911469
242.000,avoid_success,9
242.000,avoid_timeout,0
242.000,q_convergence,3.2915725311293684
242.000,update_residual,0.017690140005890084
242.000,investigation_deferred,0
242.000,nav_aborted,0
242.000,nav_canceled,0
242.000,nav_rejected,0
242.000,run_seed,6
243.000,anomalies_detected,0
243.000,anomalies_unique,0
243.000,investigation_timeouts,0
243.000,mission_duration_s,198.436
243.000,distance_traveled_m,41.1088675314731
243.000,route_deviations,10
243.000,investigation_time_s,0.0
243.000,hazard_avoidances,10
243.000,min_hazard_distance_m,4.462632048090187
243.000,collisions,0
243.000,time_below_clearance_s,0.0
243.000,safety_zone_violations,0
243.000,min_ttc_s,8.929033367911469
243.000,avoid_success,9
243.000,avoid_timeout,0
243.000,q_convergence,3.0233325778621634
243.000,update_residual,0.012551405052577633
243.000,investigation_deferred,0
243.000,nav_aborted,0
243.000,nav_canceled,0
243.000,nav_rejected,0
243.000,run_seed,6
244.000,anomalies_detected,0
244.000,anomalies_unique,0
244.000,investigation_timeouts,0
244.000,mission_duration_s,199.436
244.000,distance_traveled_m,41.37094742334327
244.000,route_deviations,10
244.000,investigation_time_s,0.0
244.000,hazard_avoidances,10
244.000,min_hazard_distance_m,4.462632048090187
244.000,collisions,0
244.000,time_below_clearance_s,0.0
244.000,safety_zone_violations,0
244.000,min_ttc_s,8.929033367911469
244.000,avoid_success,9
244.000,avoid_timeout,0
244.000,q_convergence,2.0467279130734504
244.000,update_residual,0.04500534646747493
244.000,investigation_deferred,0
244.000,nav_aborted,0
244.000,nav_canceled,0
244.000,nav_rejected,0
244.000,run_seed,6
245.000,anomalies_detected,0
245.000,anomalies_unique,0
245.000,investigation_timeouts,0
245.000,mission_duration_s,200.436
245.000,distance_traveled_m,41.632134283993494
245.000,route_deviations,10
245.000,investigation_time_s,0.0
245.000,hazard_avoidances,10
245.000,min_hazard_distance_m,4.462632048090187
245.000,collisions,0
245.000,time_below_clearance_s,0.0
245.000,safety_zone_violations,0
245.000,min_ttc_s,8.929033367911469
245.000,avoid_success,9
245.000,avoid_timeout,0
245.000,q_convergence,2.4357994987347173
245.000,update_residual,0.0027346249501211703
245.000,investigation_deferred,0
245.000,nav_aborted,0
245.000,nav_canceled,0
245.000,nav_rejected,0
245.000,run_seed,6
246.000,anomalies_detected,0
246.000,anomalies_unique,0
246.000,investigation_timeouts,0
246.000,mission_duration_s,201.436
246.000,distance_traveled_m,41.719614543570465
246.000,route_deviations,10
246.000,investigation_time_s,0.0
246.000,hazard_avoidances,10
246.000,min_hazard_distance_m,4.462632048090187
246.000,collisions,0
246.000,time_below_clearance_s,0.0
246.000,safety_zone_violations,0
246.000,min_ttc_s,8.929033367911469
246.000,avoid_success,10
246.000,avoid_timeout,0
246.000,q_convergence,2.1081506906950156
246.000,update_residual,0.018672845272368722
246.000,investigation_deferred,0
246.000,nav_aborted,0
246.000,nav_canceled,0
246.000,nav_rejected,0
246.000,run_seed,6
247.000,anomalies_detected,0
247.000,anomalies_unique,0
247.000,investigation_timeouts,0
247.000,mission_duration_s,202.436
247.000,distance_traveled_m,41.814812741698354
247.000,route_deviations,10
247.000,investigation_time_s,0.0
247.000,hazard_avoidances,10
247.000,min_hazard_distance_m,4.462632048090187
247.000,collisions,0
247.000,time_below_clearance_s,0.0
247.000,safety_zone_violations,0
247.000,min_ttc_s,8.929033367911469
247.000,avoid_success,10
247.000,avoid_timeout,0
247.000,q_convergence,1.8617037788377182
247.000,update_residual,0.00820809757372597
247.000,investigation_deferred,0
247.000,nav_aborted,0
247.000,nav_canceled,0
247.000,nav_rejected,0
247.000,run_seed,6
248.000,anomalies_detected,0
248.000,anomalies_unique,0
248.000,investigation_timeouts,0
248.000,mission_duration_s,203.436
248.000,distance_traveled_m,42.02855387064196
248.000,route_deviations,10
248.000,investigation_time_s,0.0
248.000,hazard_avoidances,10
248.000,min_hazard_distance_m,4.462632048090187
248.000,collisions,0
248.000,time_below_clearance_s,0.0
248.000,safety_zone_violations,0
248.000,min_ttc_s,8.929033367911469
248.000,avoid_success,10
248.000,avoid_timeout,0
248.000,q_convergence,1.7839184915373256
248.000,update_residual,0.00042956884368671393
248.000,investigation_deferred,0
248.000,nav_aborted,0
248.000,nav_canceled,0
248.000,nav_rejected,0
248.000,run_seed,6
249.000,anomalies_detected,0
249.000,anomalies_unique,0
249.000,investigation_timeouts,0
249.000,mission_duration_s,204.436
249.000,distance_traveled_m,42.13671719699428
249.000,route_deviations,10
249.000,investigation_time_s,0.0
249.000,hazard_avoidances,10
249.000,min_hazard_distance_m,4.462632048090187
249.000,collisions,0
249.000,time_below_clearance_s,0.0
249.000,safety_zone_violations,0
249.000,min_ttc_s,8.929033367911469
249.000,avoid_success,10
249.000,avoid_timeout,0
249.000,q_convergence,1.6300024781216595
249.000,update_residual,0.011732309548626984
249.000,investigation_deferred,0
249.000,nav_aborted,0
249.000,nav_canceled,0
249.000,nav_rejected,0
249.000,run_seed,6
250.000,anomalies_detected,0
250.000,anomalies_unique,0
250.000,investigation_timeouts,0
250.000,mission_duration_s,205.436
250.000,distance_traveled_m,42.28561661928287
250.000,route_deviations,10
250.000,investigation_time_s,0.0
250.000,hazard_avoidances,10
250.000,min_hazard_distance_m,4.462632048090187
250.000,collisions,0
250.000,time_below_clearance_s,0.0
250.000,safety_zone_violations,0
250.000,min_ttc_s,8.929033367911469
250.000,avoid_success,10
250.000,avoid_timeout,0
250.000,q_convergence,1.7151058936785142
250.000,update_residual,0.02024265110431245
250.000,investigation_deferred,0
250.000,nav_aborted,0
250.000,nav_canceled,0
250.000,nav_rejected,0
250.000,run_seed,6
251.000,anomalies_detected,0
251.000,anomalies_unique,0
251.000,investigation_timeouts,0
251.000,mission_duration_s,206.436
251.000,distance_traveled_m,42.54769521180794
251.000,route_deviations,10
251.000,investigation_time_s,0.0
251.000,hazard_avoidances,10
251.000,min_hazard_distance_m,4.462632048090187
251.000,collisions,0
251.000,time_below_clearance_s,0.0
251.000,safety_zone_violations,0
251.000,min_ttc_s,8.929033367911469
251.000,avoid_success,10
251.000,avoid_timeout,0
251.000,q_convergence,1.3731667937027348
251.000,update_residual,0.008738931846265332
251.000,investigation_deferred,0
251.000,nav_aborted,0
251.000,nav_canceled,0
251.000,nav_rejected,0
251.000,run_seed,6
252.000,anomalies_detected,0
252.000,anomalies_unique,0
252.000,investigation_timeouts,0
252.000,mission_duration_s,207.436
252.000,distance_traveled_m,42.800415207729365
252.000,route_deviations,10
252.000,investigation_time_s,0.0
252.000,hazard_avoidances,10
252.000,min_hazard_distance_m,4.462632048090187
252.000,collisions,0
252.000,time_below_clearance_s,0.0
252.000,safety_zone_violations,0
252.000,min_ttc_s,8.929033367911469
252.000,avoid_success,10
252.000,avoid_timeout,0
252.000,q_convergence,1.0106693067734245
252.000,update_residual,0.013072114671877947
252.000,investigation_deferred,0
252.000,nav_aborted,0
252.000,nav_canceled,0
252.000,nav_rejected,0
252.000,run_seed,6
253.000,anomalies_detected,0
253.000,anomalies_unique,0
253.000,investigation_timeouts,0
253.000,mission_duration_s,208.436
253.000,distance_traveled_m,43.06249520241416
253.000,route_deviations,10
253.000,investigation_time_s,0.0
253.000,hazard_avoidances,10
253.000,min_hazard_distance_m,4.462632048090187
253.000,collisions,0
253.000,time_below_clearance_s,0.0
253.000,safety_zone_violations,0
253.000,min_ttc_s,8.929033367911469
253.000,avoid_success,10
253.000,avoid_timeout,0
253.000,q_convergence,1.0017867057702767
253.000,update_residual,0.009112414818379225
253.000,investigation_deferred,0
253.000,nav_aborted,0
253.000,nav_canceled,0
253.000,nav_rejected,0
253.000,run_seed,6
254.000,anomalies_detected,0
254.000,anomalies_unique,0
254.000,investigation_timeouts,0
254.000,mission_duration_s,209.436
254.000,distance_traveled_m,43.324575200541936
254.000,route_deviations,10
254.000,investigation_time_s,0.0
254.000,hazard_avoidances,10
254.000,min_hazard_distance_m,4.462632048090187
254.000,collisions,0
254.000,time_below_clearance_s,0.0
254.000,safety_zone_violations,0
254.000,min_ttc_s,8.929033367911469
254.000,avoid_success,10
254.000,avoid_timeout,0
254.000,q_convergence,1.001425448037425
254.000,update_residual,0.007245122217646616
254.000,investigation_deferred,0
254.000,nav_aborted,0
254.000,nav_canceled,0
254.000,nav_rejected,0
254.000,run_seed,6
255.000,anomalies_detected,0
255.000,anomalies_unique,0
255.000,investigation_timeouts,0
255.000,mission_duration_s,210.436
255.000,distance_traveled_m,43.51828454649083
255.000,route_deviations,11
255.000,investigation_time_s,0.0
255.000,hazard_avoidances,11
255.000,min_hazard_distance_m,4.462632048090187
255.000,collisions,0
255.000,time_below_clearance_s,0.0
255.000,safety_zone_violations,0
255.000,min_ttc_s,8.929033367911469
255.000,avoid_success,10
255.000,avoid_timeout,0
255.000,q_convergence,2.1669324449165104
255.000,update_residual,0.024791239535864557
255.000,investigation_deferred,0
255.000,nav_aborted,0
255.000,nav_canceled,0
255.000,nav_rejected,0
255.000,run_seed,6
256.000,anomalies_detected,0
256.000,anomalies_unique,0
256.000,investigation_timeouts,0
256.000,mission_duration_s,211.436
256.000,distance_traveled_m,43.62888353779658
256.000,route_deviations,11
256.000,investigation_time_s,0.0
256.000,hazard_avoidances,11
256.000,min_hazard_distance_m,4.462632048090187
256.000,collisions,0
256.000,time_below_clearance_s,0.0
256.000,safety_zone_violations,0
256.000,min_ttc_s,8.929033367911469
256.000,avoid_success,10
256.000,avoid_timeout,0
256.000,q_convergence,3.47029960342575
256.000,update_residual,0.0050104691749616875
256.000,investigation_deferred,0
256.000,nav_aborted,0
256.000,nav_canceled,0
256.000,nav_rejected,0
256.000,run_seed,6
257.000,anomalies_detected,0
257.000,anomalies_unique,0
257.000,investigation_timeouts,0
257.000,mission_duration_s,212.436
257.000,distance_traveled_m,43.85753771950212
257.000,route_deviations,11
257.000,investigation_time_s,0.0
257.000,hazard_avoidances,11
257.000,min_hazard_distance_m,4.462632048090187
257.000,collisions,0
257.000,time_below_clearance_s,0.0
257.000,safety_zone_violations,0
257.000,min_ttc_s,8.929033367911469
257.000,avoid_success,10
257.000,avoid_timeout,0
257.000,q_convergence,3.583667263588384
257.000,update_residual,0.002229589595853305
257.000,investigation_deferred,0
257.000,nav_aborted,0
257.000,nav_canceled,0
257.000,nav_rejected,0
257.000,run_seed,6
258.000,anomalies_detected,0
258.000,anomalies_unique,0
258.000,investigation_timeouts,0
258.000,mission_duration_s,213.436
258.000,distance_traveled_m,43.90343331481091
258.000,route_deviations,11
258.000,investigation_time_s,0.0
258.000,hazard_avoidances,11
258.000,min_hazard_distance_m,4.462632048090187
258.000,collisions,0
258.000,time_below_clearance_s,0.0
258.000,safety_zone_violations,0
258.000,min_ttc_s,8.929033367911469
258.000,avoid_success,10
258.000,avoid_timeout,0
258.000,q_convergence,3.6047605175257256
258.000,update_residual,0.0001202642021191214
258.000,investigation_deferred,0
258.000,nav_aborted,0
258.000,nav_canceled,0
258.000,nav_rejected,0
258.000,run_seed,6
259.000,anomalies_detected,0
259.000,anomalies_unique,0
259.000,investigation_timeouts,0
259.000,mission_duration_s,214.436
259.000,distance_traveled_m,44.06242358539897
259.000,route_deviations,11
259.000,investigation_time_s,0.0
259.000,hazard_avoidances,11
259.000,min_hazard_distance_m,4.462632048090187
259.000,collisions,0
259.000,time_below_clearance_s,0.0
259.000,safety_zone_violations,0
259.000,min_ttc_s,8.929033367911469
259.000,avoid_success,10
259.000,avoid_timeout,0
259.000,q_convergence,3.4866009201125716
259.000,update_residual,0.006096385026857916
259.000,investigation_deferred,0
259.000,nav_aborted,0
259.000,nav_canceled,0
259.000,nav_rejected,0
259.000,run_seed,6
260.000,anomalies_detected,0
260.000,anomalies_unique,0
260.000,investigation_timeouts,0
260.000,mission_duration_s,215.436
260.000,distance_traveled_m,44.324502703711715
260.000,route_deviations,11
260.000,investigation_time_s,0.0
260.000,hazard_avoidances,11
260.000,min_hazard_distance_m,4.462632048090187
260.000,collisions,0
260.000,time_below_clearance_s,0.0
260.000,safety_zone_violations,0
260.000,min_ttc_s,8.929033367911469
260.000,avoid_success,10
260.000,avoid_timeout,0
260.000,q_convergence,3.3424614528417784
260.000,update_residual,0.008584621844734174
260.000,investigation_deferred,0
260.000,nav_aborted,0
260.000,nav_canceled,0
260.000,nav_rejected,0
260.000,run_seed,6
261.000,anomalies_detected,0
261.000,anomalies_unique,0
261.000,investigation_timeouts,0
261.000,mission_duration_s,216.436
261.000,distance_traveled_m,44.577222302001005
261.000,route_deviations,11
261.000,investigation_time_s,0.0
261.000,hazard_avoidances,11
261.000,min_hazard_distance_m,4.462632048090187
261.000,collisions,0
261.000,time_below_clearance_s,0.0
261.000,safety_zone_violations,0
261.000,min_ttc_s,8.929033367911469
261.000,avoid_success,10
261.000,avoid_timeout,0
261.000,q_convergence,3.307008975125133
261.000,update_residual,0.010869726531852305
261.000,investigation_deferred,0
261.000,nav_aborted,0
261.000,nav_canceled,0
261.000,nav_rejected,0
261.000,run_seed,6
262.000,anomalies_detected,0
262.000,anomalies_unique,0
262.000,investigation_timeouts,0
262.000,mission_duration_s,217.436
262.000,distance_traveled_m,44.839302181359685
262.000,route_deviations,11
262.000,investigation_time_s,0.0
262.000,hazard_avoidances,11
262.000,min_hazard_distance_m,4.462632048090187
262.000,collisions,0
262.000,time_below_clearance_s,0.0
262.000,safety_zone_violations,0
262.000,min_ttc_s,8.929033367911469
262.000,avoid_success,10
262.000,avoid_timeout,0
262.000,q_convergence,3.0762140460316365
262.000,update_residual,0.01728637416545291
262.000,investigation_deferred,0
262.000,nav_aborted,0
262.000,nav_canceled,0
262.000,nav_rejected,0
262.000,run_seed,6
263.000,anomalies_detected,0
263.000,anomalies_unique,0
263.000,investigation_timeouts,0
263.000,mission_duration_s,218.436
263.000,distance_traveled_m,45.10137027557503
263.000,route_deviations,11
263.000,investigation_time_s,0.0
263.000,hazard_avoidances,11
263.000,min_hazard_distance_m,4.462632048090187
263.000,collisions,0
263.000,time_below_clearance_s,0.0
263.000,safety_zone_violations,0
263.000,min_ttc_s,8.929033367911469
263.000,avoid_success,10
263.000,avoid_timeout,0
263.000,q_convergence,2.913103130534627
263.000,update_residual,0.0009752826157520504
263.000,investigation_deferred,0
263.000,nav_aborted,0
263.000,nav_canceled,0
263.000,nav_rejected,0
263.000,run_seed,6
264.000,anomalies_detected,0
264.000,anomalies_unique,0
264.000,investigation_timeouts,0
264.000,mission_duration_s,219.436
264.000,distance_traveled_m,45.27183811327524
264.000,route_deviations,11
264.000,investigation_time_s,0.0
264.000,hazard_avoidances,11
264.000,min_hazard_distance_m,4.462632048090187
264.000,collisions,0
264.000,time_below_clearance_s,0.0
264.000,safety_zone_violations,0
264.000,min_ttc_s,8.929033367911469
264.000,avoid_success,11
264.000,avoid_timeout,0
264.000,q_convergence,1.9332441617273557
264.000,update_residual,0.05658186415461834
264.000,investigation_deferred,0
264.000,nav_aborted,0
264.000,nav_canceled,0
264.000,nav_rejected,0
264.000,run_seed,6
265.000,anomalies_detected,0
265.000,anomalies_unique,0
265.000,investigation_timeouts,0
265.000,mission_duration_s,220.436
265.000,distance_traveled_m,45.36607679823408
265.000,route_deviations,11
265.000,investigation_time_s,0.0
265.000,hazard_avoidances,11
265.000,min_hazard_distance_m,4.462632048090187
265.000,collisions,0
265.000,time_below_clearance_s,0.0
265.000,safety_zone_violations,0
265.000,min_ttc_s,8.929033367911469
265.000,avoid_success,11
265.000,avoid_timeout,0
265.000,q_convergence,2.2991542639081635
265.000,update_residual,0.0168693494812378
265.000,investigation_deferred,0
265.000,nav_aborted,0
265.000,nav_canceled,0
265.000,nav_rejected,0
265.000,run_seed,6
266.000,anomalies_detected,0
266.000,anomalies_unique,0
266.000,investigation_timeouts,0
266.000,mission_duration_s,221.436
266.000,distance_traveled_m,45.58168526400355
266.000,route_deviations,11
266.000,investigation_time_s,0.0
266.000,hazard_avoidances,11
266.000,min_hazard_distance_m,4.462632048090187
266.000,collisions,0
266.000,time_below_clearance_s,0.0
266.000,safety_zone_violations,0
266.000,min_ttc_s,8.929033367911469
266.000,avoid_success,11
266.000,avoid_timeout,0
266.000,q_convergence,2.214129214205067
266.000,update_residual,0.011645861929260688
266.000,investigation_deferred,0
266.000,nav_aborted,0
266.000,nav_canceled,0
266.000,nav_rejected,0
266.000,run_seed,6
267.000,anomalies_detected,0
267.000,anomalies_unique,0
267.000,investigation_timeouts,0
267.000,mission_duration_s,222.436
267.000,distance_traveled_m,45.69611520988814
267.000,route_deviations,11
267.000,investigation_time_s,0.0
267.000,hazard_avoidances,11
267.000,min_hazard_distance_m,4.462632048090187
267.000,collisions,0
267.000,time_below_clearance_s,0.0
267.000,safety_zone_violations,0
267.000,min_ttc_s,8.929033367911469
267.000,avoid_success,11
267.000,avoid_timeout,0
267.000,q_convergence,1.8990624354050414
267.000,update_residual,0.011604242972945033
267.000,investigation_deferred,0
267.000,nav_aborted,0
267.000,nav_canceled,0
267.000,nav_rejected,0
267.000,run_seed,6
268.000,anomalies_detected,0
268.000,anomalies_unique,0
268.000,investigation_timeouts,0
268.000,mission_duration_s,223.436
268.000,distance_traveled_m,45.838514339783316
268.000,route_deviations,11
268.000,investigation_time_s,0.0
268.000,hazard_avoidances,11
268.000,min_hazard_distance_m,4.462632048090187
268.000,collisions,0
268.000,time_below_clearance_s,0.0
268.000,safety_zone_violations,0
268.000,min_ttc_s,8.929033367911469
268.000,avoid_success,11
268.000,avoid_timeout,0
268.000,q_convergence,1.9690124984534356
268.000,update_residual,0.01859924927778445
268.000,investigation_deferred,0
268.000,nav_aborted,0
268.000,nav_canceled,0
268.000,nav_rejected,0
268.000,run_seed,6
269.000,anomalies_detected,0
269.000,anomalies_unique,0
269.000,investigation_timeouts,0
269.000,mission_duration_s,224.436
269.000,distance_traveled_m,46.10059287774254
269.000,route_deviations,11
269.000,investigation_time_s,0.0
269.000,hazard_avoidances,11
269.000,min_hazard_distance_m,4.462632048090187
269.000,collisions,0
269.000,time_below_clearance_s,0.0
269.000,safety_zone_violations,0
269.000,min_ttc_s,8.929033367911469
269.000,avoid_success,11
269.000,avoid_timeout,0
269.000,q_convergence,1.6158208462517158
269.000,update_residual,0.010025384142746344
269.000,investigation_deferred,0
269.000,nav_aborted,0
269.000,nav_canceled,0
269.000,nav_rejected,0
269.000,run_seed,6
270.000,anomalies_detected,0
270.000,anomalies_unique,0
270.000,investigation_timeouts,0
270.000,mission_duration_s,225.436
270.000,distance_traveled_m,46.353312872398114
270.000,route_deviations,11
270.000,investigation_time_s,0.0
270.000,hazard_avoidances,11
270.000,min_hazard_distance_m,4.462632048090187
270.000,collisions,0
270.000,time_below_clearance_s,0.0
270.000,safety_zone_violations,0
270.000,min_ttc_s,8.929033367911469
270.000,avoid_success,11
270.000,avoid_timeout,0
270.000,q_convergence,1.3704206882524825
270.000,update_residual,0.008218873415186805
270.000,investigation_deferred,0
270.000,nav_aborted,0
270.000,nav_canceled,0
270.000,nav_rejected,0
270.000,run_seed,6
271.000,anomalies_detected,0
271.000,anomalies_unique,0
271.000,investigation_timeouts,0
271.000,mission_duration_s,226.436
271.000,distance_traveled_m,46.61539286594263
271.000,route_deviations,11
271.000,investigation_time_s,0.0
271.000,hazard_avoidances,11
271.000,min_hazard_distance_m,4.462632048090187
271.000,collisions,0
271.000,time_below_clearance_s,0.0
271.000,safety_zone_violations,0
271.000,min_ttc_s,8.929033367911469
271.000,avoid_success,11
271.000,avoid_timeout,0
271.000,q_convergence,1.2926652195564368
271.000,update_residual,0.00044332654558220806
271.000,investigation_deferred,0
271.000,nav_aborted,0
271.000,nav_canceled,0
271.000,nav_rejected,0
271.000,run_seed,6
272.000,anomalies_detected,0
272.000,anomalies_unique,0
272.000,investigation_timeouts,0
272.000,mission_duration_s,227.436
272.000,distance_traveled_m,46.87747286413027
272.000,route_deviations,11
272.000,investigation_time_s,0.0
272.000,hazard_avoidances,11
272.000,min_hazard_distance_m,4.462632048090187
272.000,collisions,0
272.000,time_below_clearance_s,0.0
272.000,safety_zone_violations,0
272.000,min_ttc_s,8.929033367911469
272.000,avoid_success,11
272.000,avoid_timeout,0
272.000,q_convergence,1.0129958873970448
272.000,update_residual,0.011413444599807811
272.000,investigation_deferred,0
272.000,nav_aborted,0
272.000,nav_canceled,0
272.000,nav_rejected,0
272.000,run_seed,6
273.000,anomalies_detected,0
273.000,anomalies_unique,0
273.000,investigation_timeouts,0
273.000,mission_duration_s,228.436
273.000,distance_traveled_m,47.06431440825055
273.000,route_deviations,12
273.000,investigation_time_s,0.0
273.000,hazard_avoidances,12
273.000,min_hazard_distance_m,4.462632048090187
273.000,collisions,0
273.000,time_below_clearance_s,0.0
273.000,safety_zone_violations,0
273.000,min_ttc_s,8.929033367911469
273.000,avoid_success,11
273.000,avoid_timeout,0
273.000,q_convergence,2.1864758570902096
273.000,update_residual,0.01397962694255264
273.000,investigation_deferred,0
273.000,nav_aborted,0
273.000,nav_canceled,0
273.000,nav_rejected,0
273.000,run_seed,6
274.000,anomalies_detected,0
274.000,anomalies_unique,0
274.000,investigation_timeouts,0
274.000,mission_duration_s,229.436
274.000,distance_traveled_m,47.183811040065756
274.000,route_deviations,12
274.000,investigation_time_s,0.0
274.000,hazard_avoidances,12
274.000,min_hazard_distance_m,4.462632048090187
274.000,collisions,0
274.000,time_below_clearance_s,0.0
274.000,safety_zone_violations,0
274.000,min_ttc_s,8.929033367911469
274.000,avoid_success,11
274.000,avoid_timeout,0
274.000,q_convergence,3.4630477140379874
274.000,update_residual,0.005067963145425204
274.000,investigation_deferred,0
274.000,nav_aborted,0
274.000,nav_canceled,0
274.000,nav_rejected,0
274.000,run_seed,6
275.000,anomalies_detected,0
275.000,anomalies_unique,0
275.000,investigation_timeouts,0
275.000,mission_duration_s,230.436
275.000,distance_traveled_m,47.420098967815015
275.000,route_deviations,12
275.000,investigation_time_s,0.0
275.000,hazard_avoidances,12
275.000,min_hazard_distance_m,4.462632048090187
275.000,collisions,0
275.000,time_below_clearance_s,0.0
275.000,safety_zone_violations,0
275.000,min_ttc_s,8.929033367911469
275.000,avoid_success,11
275.000,avoid_timeout,0
275.000,q_convergence,3.573927679442172
275.000,update_residual,0.0020774001907822603
275.000,investigation_deferred,0
275.000,nav_aborted,0
275.000,nav_canceled,0
275.000,nav_rejected,0
275.000,run_seed,6
276.000,anomalies_detected,0
276.000,anomalies_unique,0
276.000,investigation_timeouts,0
276.000,mission_duration_s,231.436
276.000,distance_traveled_m,47.4563751831657
276.000,route_deviations,12
276.000,investigation_time_s,0.0
276.000,hazard_avoidances,12
276.000,min_hazard_distance_m,4.462632048090187
276.000,collisions,0
276.000,time_below_clearance_s,0.0
276.000,safety_zone_violations,0
276.000,min_ttc_s,8.929033367911469
276.000,avoid_success,11
276.000,avoid_timeout,0
276.000,q_convergence,3.593581130388997
276.000,update_residual,0.00011205509609986655
276.000,investigation_deferred,0
276.000,nav_aborted,0
276.000,nav_canceled,0
276.000,nav_rejected,0
276.000,run_seed,6
277.000,anomalies_detected,0
277.000,anomalies_unique,0
277.000,investigation_timeouts,0
277.000,mission_duration_s,232.436
277.000,distance_traveled_m,47.6673068996018
277.000,route_deviations,12
277.000,investigation_time_s,0.0
277.000,hazard_avoidances,12
277.000,min_hazard_distance_m,4.462632048090187
277.000,collisions,0
277.000,time_below_clearance_s,0.0
277.000,safety_zone_violations,0
277.000,min_ttc_s,8.929033367911469
277.000,avoid_success,11
277.000,avoid_timeout,0
277.000,q_convergence,3.47488103047383
277.000,update_residual,0.0061205377242738905
277.000,investigation_deferred,0
277.000,nav_aborted,0
277.000,nav_canceled,0
277.000,nav_rejected,0
277.000,run_seed,6
278.000,anomalies_detected,0
278.000,anomalies_unique,0
278.000,investigation_timeouts,0
278.000,mission_duration_s,233.436
278.000,distance_traveled_m,47.929386323776676
278.000,route_deviations,12
278.000,investigation_time_s,0.0
278.000,hazard_avoidances,12
278.000,min_hazard_distance_m,4.462632048090187
278.000,collisions,0
278.000,time_below_clearance_s,0.0
278.000,safety_zone_violations,0
278.000,min_ttc_s,8.929033367911469
278.000,avoid_success,11
278.000,avoid_timeout,0
278.000,q_convergence,3.2781555730987817
278.000,update_residual,0.013855739720356693
278.000,investigation_deferred,0
278.000,nav_aborted,0
278.000,nav_canceled,0
278.000,nav_rejected,0
278.000,run_seed,6
279.000,anomalies_detected,0
279.000,anomalies_unique,0
279.000,investigation_timeouts,0
279.000,mission_duration_s,234.436
279.000,distance_traveled_m,48.182106248876664
279.000,route_deviations,12
279.000,investigation_time_s,0.0
279.000,hazard_avoidances,12
279.000,min_hazard_distance_m,4.462632048090187
279.000,collisions,0
279.000,time_below_clearance_s,0.0
279.000,safety_zone_violations,0
279.000,min_ttc_s,8.929033367911469
279.000,avoid_success,11
279.000,avoid_timeout,0
279.000,q_convergence,3.01115227476951
279.000,update_residual,0.011497732294078186
279.000,investigation_deferred,0
279.000,nav_aborted,0
279.000,nav_canceled,0
279.000,nav_rejected,0
279.000,run_seed,6
280.000,anomalies_detected,0
280.000,anomalies_unique,0
280.000,investigation_timeouts,0
280.000,mission_duration_s,235.436
280.000,distance_traveled_m,48.44418613002389
280.000,route_deviations,12
280.000,investigation_time_s,0.0
280.000,hazard_avoidances,12
280.000,min_hazard_distance_m,4.462632048090187
280.000,collisions,0
280.000,time_below_clearance_s,0.0
280.000,safety_zone_violations,0
280.000,min_ttc_s,8.929033367911469
280.000,avoid_success,11
280.000,avoid_timeout,0
280.000,q_convergence,2.902376835812661
280.000,update_residual,0.0006201883983933871
280.000,investigation_deferred,0
280.000,nav_aborted,0
280.000,nav_canceled,0
280.000,nav_rejected,0
280.000,run_seed,6
281.000,anomalies_detected,0
281.000,anomalies_unique,0
281.000,investigation_timeouts,0
281.000,mission_duration_s,236.436
281.000,distance_traveled_m,48.70562673576175
281.000,route_deviations,12
281.000,investigation_time_s,0.0
281.000,hazard_avoidances,12
281.000,min_hazard_distance_m,4.462632048090187
281.000,collisions,0
281.000,time_below_clearance_s,0.0
281.000,safety_zone_violations,0
281.000,min_ttc_s,8.929033367911469
281.000,avoid_success,11
281.000,avoid_timeout,0
281.000,q_convergence,2.067675314068644
281.000,update_residual,0.04251776866060723
281.000,investigation_deferred,0
281.000,nav_aborted,0
281.000,nav_canceled,0
281.000,nav_rejected,0
281.000,run_seed,6
282.000,anomalies_detected,0
282.000,anomalies_unique,0
282.000,investigation_timeouts,0
282.000,mission_duration_s,237.436
282.000,distance_traveled_m,48.80730064717643
282.000,route_deviations,12
282.000,investigation_time_s,0.0
282.000,hazard_avoidances,12
282.000,min_hazard_distance_m,4.462632048090187
282.000,collisions,0
282.000,time_below_clearance_s,0.0
282.000,safety_zone_violations,0
282.000,min_ttc_s,8.929033367911469
282.000,avoid_success,12
282.000,avoid_timeout,0
282.000,q_convergence,2.0998522366955457
282.000,update_residual,0.01619209555342393
282.000,investigation_deferred,0
282.000,nav_aborted,0
282.000,nav_canceled,0
282.000,nav_rejected,0
282.000,run_seed,6
283.000,anomalies_detected,0
283.000,anomalies_unique,0
283.000,investigation_timeouts,0
283.000,mission_duration_s,238.436
283.000,distance_traveled_m,48.90879844338835
283.000,route_deviations,12
283.000,investigation_time_s,0.0
283.000,hazard_avoidances,12
283.000,min_hazard_distance_m,4.462632048090187
283.000,collisions,0
283.000,time_below_clearance_s,0.0
283.000,safety_zone_violations,0
283.000,min_ttc_s,8.929033367911469
283.000,avoid_success,12
283.000,avoid_timeout,0
283.000,q_convergence,2.0675271955394305
283.000,update_residual,0.0024959207156824742
283.000,investigation_deferred,0
283.000,nav_aborted,0
283.000,nav_canceled,0
283.000,nav_rejected,0
283.000,run_seed,6
284.000,anomalies_detected,0
284.000,anomalies_unique,0
284.000,investigation_timeouts,0
284.000,mission_duration_s,239.436
284.000,distance_traveled_m,49.12276607230685
284.000,route_deviations,12
284.000,investigation_time_s,0.0
284.000,hazard_avoidances,12
284.000,min_hazard_distance_m,4.462632048090187
284.000,collisions,0
284.000,time_below_clearance_s,0.0
284.000,safety_zone_violations,0
284.000,min_ttc_s,8.929033367911469
284.000,avoid_success,12
284.000,avoid_timeout,0
284.000,q_convergence,1.88353809856252
284.000,update_residual,0.010492465627070317
284.000,investigation_deferred,0
284.000,nav_aborted,0
284.000,nav_canceled,0
284.000,nav_rejected,0
284.000,run_seed,6
285.000,anomalies_detected,0
285.000,anomalies_unique,0
285.000,investigation_timeouts,0
285.000,mission_duration_s,240.436
285.000,distance_traveled_m,49.22453285241823
285.000,route_deviations,12
285.000,investigation_time_s,0.0
285.000,hazard_avoidances,12
285.000,min_hazard_distance_m,4.462632048090187
285.000,collisions,0
285.000,time_below_clearance_s,0.0
285.000,safety_zone_violations,0
285.000,min_ttc_s,8.929033367911469
285.000,avoid_success,12
285.000,avoid_timeout,0
285.000,q_convergence,1.810602605176812
285.000,update_residual,0.003198916288499492
285.000,investigation_deferred,0
285.000,nav_aborted,0
285.000,nav_canceled,0
285.000,nav_rejected,0
285.000,run_seed,6
286.000,anomalies_detected,0
286.000,anomalies_unique,0
286.000,investigation_timeouts,0
286.000,mission_duration_s,241.436
286.000,distance_traveled_m,49.37819310966777
286.000,route_deviations,12
286.000,investigation_time_s,0.0
286.000,hazard_avoidances,12
286.000,min_hazard_distance_m,4.462632048090187
286.000,collisions,0
286.000,time_below_clearance_s,0.0
286.000,safety_zone_violations,0
286.000,min_ttc_s,8.929033367911469
286.000,avoid_success,12
286.000,avoid_timeout,0
286.000,q_convergence,1.7050104652274949
286.000,update_residual,0.019318903927945053
286.000,investigation_deferred,0
286.000,nav_aborted,0
286.000,nav_canceled,0
286.000,nav_rejected,0
286.000,run_seed,6
287.000,anomalies_detected,0
287.000,anomalies_unique,0
287.000,investigation_timeouts,0
287.000,mission_duration_s,242.436
287.000,distance_traveled_m,49.64027182945302
287.000,route_deviations,12
287.000,investigation_time_s,0.0
287.000,hazard_avoidances,12
287.000,min_hazard_distance_m,4.462632048090187
287.000,collisions,0
287.000,time_below_clearance_s,0.0
287.000,safety_zone_violations,0
287.000,min_ttc_s,8.929033367911469
287.000,avoid_success,12
287.000,avoid_timeout,0
287.000,q_convergence,1.5219319285914172
287.000,update_residual,0.0010110502643372976
287.000,investigation_deferred,0
287.000,nav_aborted,0
287.000,nav_canceled,0
287.000,nav_rejected,0
287.000,run_seed,6
288.000,anomalies_detected,0
288.000,anomalies_unique,0
288.000,investigation_timeouts,0
288.000,mission_duration_s,243.436
288.000,distance_traveled_m,49.89299181758823
288.000,route_deviations,12
288.000,investigation_time_s,0.0
288.000,hazard_avoidances,12
288.000,min_hazard_distance_m,4.462632048090187
288.000,collisions,0
288.000,time_below_clearance_s,0.0
288.000,safety_zone_violations,0
288.000,min_ttc_s,8.929033367911469
288.000,avoid_success,12
288.000,avoid_timeout,0
288.000,q_convergence,1.362329161182749
288.000,update_residual,0.0077280949126911705
288.000,investigation_deferred,0
288.000,nav_aborted,0
288.000,nav_canceled,0
288.000,nav_rejected,0
288.000,run_seed,6
289.000,anomalies_detected,0
289.000,anomalies_unique,0
289.000,investigation_timeouts,0
289.000,mission_duration_s,244.436
289.000,distance_traveled_m,50.15507181396123
289.000,route_deviations,12
289.000,investigation_time_s,0.0
289.000,hazard_avoidances,12
289.000,min_hazard_distance_m,4.462632048090187
289.000,collisions,0
289.000,time_below_clearance_s,0.0
289.000,safety_zone_violations,0
289.000,min_ttc_s,8.929033367911469
289.000,avoid_success,12
289.000,avoid_timeout,0
289.000,q_convergence,1.0874233890985159
289.000,update_residual,0.0020031085496608624
289.000,investigation_deferred,0
289.000,nav_aborted,0
289.000,nav_canceled,0
289.000,nav_rejected,0
289.000,run_seed,6
290.000,anomalies_detected,0
290.000,anomalies_unique,0
290.000,investigation_timeouts,0
290.000,mission_duration_s,245.436
290.000,distance_traveled_m,50.41715181095046
290.000,route_deviations,12
290.000,investigation_time_s,0.0
290.000,hazard_avoidances,12
290.000,min_hazard_distance_m,4.462632048090187
290.000,collisions,0
290.000,time_below_clearance_s,0.0
290.000,safety_zone_violations,0
290.000,min_ttc_s,8.929033367911469
290.000,avoid_success,12
290.000,avoid_timeout,0
290.000,q_convergence,1.0915051660792057
290.000,update_residual,7.858141682560547e-05
290.000,investigation_deferred,0
290.000,nav_aborted,0
290.000,nav_canceled,0
290.000,nav_rejected,0
290.000,run_seed,6
291.000,anomalies_detected,0
291.000,anomalies_unique,0
291.000,investigation_timeouts,0
291.000,mission_duration_s,246.436
291.000,distance_traveled_m,50.67024830180412
291.000,route_deviations,13
291.000,investigation_time_s,0.0
291.000,hazard_avoidances,13
291.000,min_hazard_distance_m,4.462632048090187
291.000,collisions,0
291.000,time_below_clearance_s,0.0
291.000,safety_zone_violations,0
291.000,min_ttc_s,8.929033367911469
291.000,avoid_success,12
291.000,avoid_timeout,0
291.000,q_convergence,2.2125335145877703
291.000,update_residual,0.021289549715936367
291.000,investigation_deferred,0
291.000,nav_aborted,0
291.000,nav_canceled,0
291.000,nav_rejected,0
291.000,run_seed,6
292.000,anomalies_detected,0
292.000,anomalies_unique,0
292.000,investigation_timeouts,0
292.000,mission_duration_s,247.436
292.000,distance_traveled_m,50.75444787765187
292.000,route_deviations,13
292.000,investigation_time_s,0.0
292.000,hazard_avoidances,13
292.000,min_hazard_distance_m,4.462632048090187
292.000,collisions,0
292.000,time_below_clearance_s,0.0
292.000,safety_zone_violations,0
292.000,min_ttc_s,8.929033367911469
292.000,avoid_success,12
292.000,avoid_timeout,0
292.000,q_convergence,3.471430382857792
292.000,update_residual,0.005216722336023048
292.000,investigation_deferred,0
292.000,nav_aborted,0
292.000,nav_canceled,0
292.000,nav_rejected,0
292.000,run_seed,6
293.000,anomalies_detected,0
293.000,anomalies_unique,0
293.000,investigation_timeouts,0
293.000,mission_duration_s,248.436
293.000,distance_traveled_m,50.97905536031158
293.000,route_deviations,13
293.000,investigation_time_s,0.0
293.000,hazard_avoidances,13
293.000,min_hazard_distance_m,4.462632048090187
293.000,collisions,0
293.000,time_below_clearance_s,0.0
293.000,safety_zone_violations,0
293.000,min_ttc_s,8.929033367911469
293.000,avoid_success,12
293.000,avoid_timeout,0
293.000,q_convergence,3.6153457839758874
293.000,update_residual,0.0038773955928748344
293.000,investigation_deferred,0
293.000,nav_aborted,0
293.000,nav_canceled,0
293.000,nav_rejected,0
293.000,run_seed,6
294.000,anomalies_detected,0
294.000,anomalies_unique,0
294.000,investigation_timeouts,0
294.000,mission_duration_s,249.436
294.000,distance_traveled_m,51.08124021611955
294.000,route_deviations,13
294.000,investigation_time_s,0.0
294.000,hazard_avoidances,13
294.000,min_hazard_distance_m,4.462632048090187
294.000,collisions,0
294.000,time_below_clearance_s,0.0
294.000,safety_zone_violations,0
294.000,min_ttc_s,8.929033367911469
294.000,avoid_success,12
294.000,avoid_timeout,0
294.000,q_convergence,3.6322586986727323
294.000,update_residual,0.0010326375838665238
294.000,investigation_deferred,0
294.000,nav_aborted,0
294.000,nav_canceled,0
294.000,nav_rejected,0
294.000,run_seed,6
295.000,anomalies_detected,0
295.000,anomalies_unique,0
295.000,investigation_timeouts,0
295.000,mission_duration_s,250.436
295.000,distance_traveled_m,51.20711763959751
295.000,route_deviations,13
295.000,investigation_time_s,0.0
295.000,hazard_avoidances,13
295.000,min_hazard_distance_m,4.462632048090187
295.000,collisions,0
295.000,time_below_clearance_s,0.0
295.000,safety_zone_violations,0
295.000,min_ttc_s,8.929033367911469
295.000,avoid_success,12
295.000,avoid_timeout,0
295.000,q_convergence,3.622514928228511
295.000,update_residual,5.826053944438446e-05
295.000,investigation_deferred,0
295.000,nav_aborted,0
295.000,nav_canceled,0
295.000,nav_rejected,0
295.000,run_seed,6
296.000,anomalies_detected,0
296.000,anomalies_unique,0
296.000,investigation_timeouts,0
296.000,mission_duration_s,251.436
296.000,distance_traveled_m,51.469195637829955
296.000,route_deviations,13
296.000,investigation_time_s,0.0
296.000,hazard_avoidances,13
296.000,min_hazard_distance_m,4.462632048090187
296.000,collisions,0
296.000,time_below_clearance_s,0.0
296.000,safety_zone_violations,0
296.000,min_ttc_s,8.929033367911469
296.000,avoid_success,12
296.000,avoid_timeout,0
296.000,q_convergence,3.527632610557657
296.000,update_residual,0.004829037081752198
296.000,investigation_deferred,0
296.000,nav_aborted,0
296.000,nav_canceled,0
296.000,nav_rejected,0
296.000,run_seed,6
297.000,anomalies_detected,0
297.000,anomalies_unique,0
297.000,investigation_timeouts,0
297.000,mission_duration_s,252.436
297.000,distance_traveled_m,51.721915595117075
297.000,route_deviations,13
297.000,investigation_time_s,0.0
297.000,hazard_avoidances,13
297.000,min_hazard_distance_m,4.462632048090187
297.000,collisions,0
297.000,time_below_clearance_s,0.0
297.000,safety_zone_violations,0
297.000,min_ttc_s,8.929033367911469
297.000,avoid_success,12
297.000,avoid_timeout,0
297.000,q_convergence,3.2583065691221846
297.000,update_residual,0.018663060280072703
297.000,investigation_deferred,0
297.000,nav_aborted,0
297.000,nav_canceled,0
297.000,nav_rejected,0
297.000,run_seed,6
298.000,anomalies_detected,0
298.000,anomalies_unique,0
298.000,investigation_timeouts,0
298.000,mission_duration_s,253.436
298.000,distance_traveled_m,51.98399542607872
298.000,route_deviations,13
298.000,investigation_time_s,0.0
298.000,hazard_avoidances,13
298.000,min_hazard_distance_m,4.462632048090187
298.000,collisions,0
298.000,time_below_clearance_s,0.0
298.000,safety_zone_violations,0
298.000,min_ttc_s,8.929033367911469
298.000,avoid_success,12
298.000,avoid_timeout,0
298.000,q_convergence,3.379459258122781
298.000,update_residual,0.0029050703282545195
298.000,investigation_deferred,0
298.000,nav_aborted,0
298.000,nav_canceled,0
298.000,nav_rejected,0
298.000,run_seed,6
299.000,anomalies_detected,0
299.000,anomalies_unique,0
299.000,investigation_timeouts,0
299.000,mission_duration_s,254.436
299.000,distance_traveled_m,52.246075418870014
299.000,route_deviations,13
299.000,investigation_time_s,0.0
299.000,hazard_avoidances,13
299.000,min_hazard_distance_m,4.462632048090187
299.000,collisions,0
299.000,time_below_clearance_s,0.0
299.000,safety_zone_violations,0
299.000,min_ttc_s,8.929033367911469
299.000,avoid_success,12
299.000,avoid_timeout,0
299.000,q_convergence,3.06863693675608
299.000,update_residual,0.017140346956155256
299.000,investigation_deferred,0
299.000,nav_aborted,0
299.000,nav_canceled,0
299.000,nav_rejected,0
299.000,run_seed,6
300.000,anomalies_detected,0
300.000,anomalies_unique,0
300.000,investigation_timeouts,0
300.000,mission_duration_s,255.436
300.000,distance_traveled_m,52.50238631203168
300.000,route_deviations,13
300.000,investigation_time_s,0.0
300.000,hazard_avoidances,13
300.000,min_hazard_distance_m,4.462632048090187
300.000,collisions,0
300.000,time_below_clearance_s,0.0
300.000,safety_zone_violations,0
300.000,min_ttc_s,8.929033367911469
300.000,avoid_success,12
300.000,avoid_timeout,0
300.000,q_convergence,2.906203827203299
300.000,update_residual,0.0008970360008771673
300.000,investigation_deferred,0
300.000,nav_aborted,0
300.000,nav_canceled,0
300.000,nav_rejected,0
300.000,run_seed,6
301.000,anomalies_detected,0
301.000,anomalies_unique,0
301.000,investigation_timeouts,0
301.000,mission_duration_s,256.436
301.000,distance_traveled_m,52.549610792337056
301.000,route_deviations,13
301.000,investigation_time_s,0.0
301.000,hazard_avoidances,13
301.000,min_hazard_distance_m,4.462632048090187
301.000,collisions,0
301.000,time_below_clearance_s,0.0
301.000,safety_zone_violations,0
301.000,min_ttc_s,8.929033367911469
301.000,avoid_success,13
301.000,avoid_timeout,0
301.000,q_convergence,2.042985958121791
301.000,update_residual,0.04508033536748569
301.000,investigation_deferred,0
301.000,nav_aborted,0
301.000,nav_canceled,0
301.000,nav_rejected,0
301.000,run_seed,6
302.000,anomalies_detected,0
302.000,anomalies_unique,0
302.000,investigation_timeouts,0
302.000,mission_duration_s,257.436
302.000,distance_traveled_m,52.64176772352717
302.000,route_deviations,13
302.000,investigation_time_s,0.0
302.000,hazard_avoidances,13
302.000,min_hazard_distance_m,4.462632048090187
302.000,collisions,0
302.000,time_below_clearance_s,0.0
302.000,safety_zone_violations,0
302.000,min_ttc_s,8.929033367911469
302.000,avoid_success,13
302.000,avoid_timeout,0
302.000,q_convergence,2.434549807047976
302.000,update_residual,0.0028098640067371955
302.000,investigation_deferred,0
302.000,nav_aborted,0
302.000,nav_canceled,0
302.000,nav_rejected,0
302.000,run_seed,6
303.000,anomalies_detected,0
303.000,anomalies_unique,0
303.000,investigation_timeouts,0
303.000,mission_duration_s,258.436
303.000,distance_traveled_m,52.863440521706
303.000,route_deviations,13
303.000,investigation_time_s,0.0
303.000,hazard_avoidances,13
303.000,min_hazard_distance_m,4.462632048090187
303.000,collisions,0
303.000,time_below_clearance_s,0.0
303.000,safety_zone_violations,0
303.000,min_ttc_s,8.929033367911469
303.000,avoid_success,13
303.000,avoid_timeout,0
303.000,q_convergence,2.2205936536239568
303.000,update_residual,0.01273424735759107
303.000,investigation_deferred,0
303.000,nav_aborted,0
303.000,nav_canceled,0
303.000,nav_rejected,0
303.000,run_seed,6
304.000,anomalies_detected,0
304.000,anomalies_unique,0
304.000,investigation_timeouts,0
304.000,mission_duration_s,259.436
304.000,distance_traveled_m,52.978304426124105
304.000,route_deviations,13
304.000,investigation_time_s,0.0
304.000,hazard_avoidances,13
304.000,min_hazard_distance_m,4.462632048090187
304.000,collisions,0
304.000,time_below_clearance_s,0.0
304.000,safety_zone_violations,0
304.000,min_ttc_s,8.929033367911469
304.000,avoid_success,13
304.000,avoid_timeout,0
304.000,q_convergence,1.8927177742572856
304.000,update_residual,0.011345427121644698
304.000,investigation_deferred,0
304.000,nav_aborted,0
304.000,nav_canceled,0
304.000,nav_rejected,0
304.000,run_seed,6
305.000,anomalies_detected,0
305.000,anomalies_unique,0
305.000,investigation_timeouts,0
305.000,mission_duration_s,260.436
305.000,distance_traveled_m,53.11848460765413
305.000,route_deviations,13
305.000,investigation_time_s,0.0
305.000,hazard_avoidances,13
305.000,min_hazard_distance_m,4.462632048090187
305.000,collisions,0
305.000,time_below_clearance_s,0.0
305.000,safety_zone_violations,0
305.000,min_ttc_s,8.929033367911469
305.000,avoid_success,13
305.000,avoid_timeout,0
305.000,q_convergence,1.8185465765355047
305.000,update_residual,0.00392830734946653
305.000,investigation_deferred,0
305.000,nav_aborted,0
305.000,nav_canceled,0
305.000,nav_rejected,0
305.000,run_seed,6
306.000,anomalies_detected,0
306.000,anomalies_unique,0
306.000,investigation_timeouts,0
306.000,mission_duration_s,261.436
306.000,distance_traveled_m,53.371203181580945
306.000,route_deviations,13
306.000,investigation_time_s,0.0
306.000,hazard_avoidances,13
306.000,min_hazard_distance_m,4.462632048090187
306.000,collisions,0
306.000,time_below_clearance_s,0.0
306.000,safety_zone_violations,0
306.000,min_ttc_s,8.929033367911469
306.000,avoid_success,13
306.000,avoid_timeout,0
306.000,q_convergence,1.6047591069783602
306.000,update_residual,0.009238512939364734
306.000,investigation_deferred,0
306.000,nav_aborted,0
306.000,nav_canceled,0
306.000,nav_rejected,0
306.000,run_seed,6
307.000,anomalies_detected,0
307.000,anomalies_unique,0
307.000,investigation_timeouts,0
307.000,mission_duration_s,262.436
307.000,distance_traveled_m,53.63328316884835
307.000,route_deviations,13
307.000,investigation_time_s,0.0
307.000,hazard_avoidances,13
307.000,min_hazard_distance_m,4.462632048090187
307.000,collisions,0
307.000,time_below_clearance_s,0.0
307.000,safety_zone_violations,0
307.000,min_ttc_s,8.929033367911469
307.000,avoid_success,13
307.000,avoid_timeout,0
307.000,q_convergence,1.5173572372370114
307.000,update_residual,0.0004983259652298755
307.000,investigation_deferred,0
307.000,nav_aborted,0
307.000,nav_canceled,0
307.000,nav_rejected,0
307.000,run_seed,6
308.000,anomalies_detected,0
308.000,anomalies_unique,0
308.000,investigation_timeouts,0
308.000,mission_duration_s,263.436
308.000,distance_traveled_m,53.89536316048206
308.000,route_deviations,13
308.000,investigation_time_s,0.0
308.000,hazard_avoidances,13
308.000,min_hazard_distance_m,4.462632048090187
308.000,collisions,0
308.000,time_below_clearance_s,0.0
308.000,safety_zone_violations,0
308.000,min_ttc_s,8.929033367911469
308.000,avoid_success,13
308.000,avoid_timeout,0
308.000,q_convergence,1.3625789024279464
308.000,update_residual,0.007706102148094031
308.000,investigation_deferred,0
308.000,nav_aborted,0
308.000,nav_canceled,0
308.000,nav_rejected,0
308.000,run_seed,6
309.000,anomalies_detected,0
309.000,anomalies_unique,0
309.000,investigation_timeouts,0
309.000,mission_duration_s,264.436
309.000,distance_traveled_m,54.15744315564868
309.000,route_deviations,13
309.000,investigation_time_s,0.0
309.000,hazard_avoidances,13
309.000,min_hazard_distance_m,4.462632048090187
309.000,collisions,0
309.000,time_below_clearance_s,0.0
309.000,safety_zone_violations,0
309.000,min_ttc_s,8.929033367911469
309.000,avoid_success,13
309.000,avoid_timeout,0
309.000,q_convergence,1.289550851266078
309.000,update_residual,0.0004032970319072069
309.000,investigation_deferred,0
309.000,nav_aborted,0
309.000,nav_canceled,0
309.000,nav_rejected,0
309.000,run_seed,6
310.000,anomalies_detected,0
310.000,anomalies_unique,0
310.000,investigation_timeouts,0
310.000,mission_duration_s,265.436
310.000,distance_traveled_m,54.33440246452036
310.000,route_deviations,14
310.000,investigation_time_s,0.0
310.000,hazard_avoidances,14
310.000,min_hazard_distance_m,4.462632048090187
310.000,collisions,0
310.000,time_below_clearance_s,0.0
310.000,safety_zone_violations,0
310.000,min_ttc_s,8.929033367911469
310.000,avoid_success,13
310.000,avoid_timeout,0
310.000,q_convergence,2.213411348004445
310.000,update_residual,0.015794009361285194
310.000,investigation_deferred,0
310.000,nav_aborted,0
310.000,nav_canceled,0
310.000,nav_rejected,0
310.000,run_seed,6
311.000,anomalies_detected,0
311.000,anomalies_unique,0
311.000,investigation_timeouts,0
311.000,mission_duration_s,266.436
311.000,distance_traveled_m,54.4628100727886
311.000,route_deviations,14
311.000,investigation_time_s,0.0
311.000,hazard_avoidances,14
311.000,min_hazard_distance_m,4.462632048090187
311.000,collisions,0
311.000,time_below_clearance_s,0.0
311.000,safety_zone_violations,0
311.000,min_ttc_s,8.929033367911469
311.000,avoid_success,13
311.000,avoid_timeout,0
311.000,q_convergence,3.464029789331073
311.000,update_residual,0.004886868392143649
311.000,investigation_deferred,0
311.000,nav_aborted,0
311.000,nav_canceled,0
311.000,nav_rejected,0
311.000,run_seed,6
312.000,anomalies_detected,0
312.000,anomalies_unique,0
312.000,investigation_timeouts,0
312.000,mission_duration_s,267.436
312.000,distance_traveled_m,54.70802408840678
312.000,route_deviations,14
312.000,investigation_time_s,0.0
312.000,hazard_avoidances,14
312.000,min_hazard_distance_m,4.462632048090187
312.000,collisions,0
312.000,time_below_clearance_s,0.0
312.000,safety_zone_violations,0
312.000,min_ttc_s,8.929033367911469
312.000,avoid_success,13
312.000,avoid_timeout,0
312.000,q_convergence,3.5683440336828984
312.000,update_residual,0.0019151158947505926
312.000,investigation_deferred,0
312.000,nav_aborted,0
312.000,nav_canceled,0
312.000,nav_rejected,0
312.000,run_seed,6
313.000,anomalies_detected,0
313.000,anomalies_unique,0
313.000,investigation_timeouts,0
313.000,mission_duration_s,268.436
313.000,distance_traveled_m,54.7461618102356
313.000,route_deviations,14
313.000,investigation_time_s,0.0
313.000,hazard_avoidances,14
313.000,min_hazard_distance_m,4.462632048090187
313.000,collisions,0
313.000,time_below_clearance_s,0.0
313.000,safety_zone_violations,0
313.000,min_ttc_s,8.929033367911469
313.000,avoid_success,13
313.000,avoid_timeout,0
313.000,q_convergence,3.5864147004338207
313.000,update_residual,0.00010804921965838963
313.000,investigation_deferred,0
313.000,nav_aborted,0
313.000,nav_canceled,0
313.000,nav_rejected,0
313.000,run_seed,6
314.000,anomalies_detected,0
314.000,anomalies_unique,0
314.000,investigation_timeouts,0
314.000,mission_duration_s,269.436
314.000,distance_traveled_m,54.970540532815804
314.000,route_deviations,14
314.000,investigation_time_s,0.0
314.000,hazard_avoidances,14
314.000,min_hazard_distance_m,4.462632048090187
314.000,collisions,0
314.000,time_below_clearance_s,0.0
314.000,safety_zone_violations,0
314.000,min_ttc_s,8.929033367911469
314.000,avoid_success,13
314.000,avoid_timeout,0
314.000,q_convergence,3.4632850354679343
314.000,update_residual,0.006346116148496607
314.000,investigation_deferred,0
314.000,nav_aborted,0
314.000,nav_canceled,0
314.000,nav_rejected,0
314.000,run_seed,6
315.000,anomalies_detected,0
315.000,anomalies_unique,0
315.000,investigation_timeouts,0
315.000,mission_duration_s,270.436
315.000,distance_traveled_m,55.223260001574936
315.000,route_deviations,14
315.000,investigation_time_s,0.0
315.000,hazard_avoidances,14
315.000,min_hazard_distance_m,4.462632048090187
315.000,collisions,0
315.000,time_below_clearance_s,0.0
315.000,safety_zone_violations,0
315.000,min_ttc_s,8.929033367911469
315.000,avoid_success,13
315.000,avoid_timeout,0
315.000,q_convergence,3.2408148547269833
315.000,update_residual,0.01608015684483826
315.000,investigation_deferred,0
315.000,nav_aborted,0
315.000,nav_canceled,0
315.000,nav_rejected,0
315.000,run_seed,6
316.000,anomalies_detected,0
316.000,anomalies_unique,0
316.000,investigation_timeouts,0
316.000,mission_duration_s,271.436
316.000,distance_traveled_m,55.485339851115825
316.000,route_deviations,14
316.000,investigation_time_s,0.0
316.000,hazard_avoidances,14
316.000,min_hazard_distance_m,4.462632048090187
316.000,collisions,0
316.000,time_below_clearance_s,0.0
316.000,safety_zone_violations,0
316.000,min_ttc_s,8.929033367911469
316.000,avoid_success,13
316.000,avoid_timeout,0
316.000,q_convergence,3.3583965880026194
316.000,update_residual,0.003478639080974235
316.000,investigation_deferred,0
316.000,nav_aborted,0
316.000,nav_canceled,0
316.000,nav_rejected,0
316.000,run_seed,6
317.000,anomalies_detected,0
317.000,anomalies_unique,0
317.000,investigation_timeouts,0
317.000,mission_duration_s,272.436
317.000,distance_traveled_m,55.74741977942913
317.000,route_deviations,14
317.000,investigation_time_s,0.0
317.000,hazard_avoidances,14
317.000,min_hazard_distance_m,4.462632048090187
317.000,collisions,0
317.000,time_below_clearance_s,0.0
317.000,safety_zone_violations,0
317.000,min_ttc_s,8.929033367911469
317.000,avoid_success,13
317.000,avoid_timeout,0
317.000,q_convergence,3.0545072820223993
317.000,update_residual,0.0170301750031892
317.000,investigation_deferred,0
317.000,nav_aborted,0
317.000,nav_canceled,0
317.000,nav_rejected,0
317.000,run_seed,6
318.000,anomalies_detected,0
318.000,anomalies_unique,0
318.000,investigation_timeouts,0
318.000,mission_duration_s,273.436
318.000,distance_traveled_m,56.006481652341364
318.000,route_deviations,14
318.000,investigation_time_s,0.0
318.000,hazard_avoidances,14
318.000,min_hazard_distance_m,4.462632048090187
318.000,collisions,0
318.000,time_below_clearance_s,0.0
318.000,safety_zone_violations,0
318.000,min_ttc_s,8.929033367911469
318.000,avoid_success,13
318.000,avoid_timeout,0
318.000,q_convergence,2.0694363705322836
318.000,update_residual,0.041492151484193884
318.000,investigation_deferred,0
318.000,nav_aborted,0
318.000,nav_canceled,0
318.000,nav_rejected,0
318.000,run_seed,6
319.000,anomalies_detected,0
319.000,anomalies_unique,0
319.000,investigation_timeouts,0
319.000,mission_duration_s,274.436
319.000,distance_traveled_m,56.080415730658544
319.000,route_deviations,14
319.000,investigation_time_s,0.0
319.000,hazard_avoidances,14
319.000,min_hazard_distance_m,4.462632048090187
319.000,collisions,0
319.000,time_below_clearance_s,0.0
319.000,safety_zone_violations,0
319.000,min_ttc_s,8.929033367911469
319.000,avoid_success,14
319.000,avoid_timeout,0
319.000,q_convergence,2.239844102817212
319.000,update_residual,0.021173059937471966
319.000,investigation_deferred,0
319.000,nav_aborted,0
319.000,nav_canceled,0
319.000,nav_rejected,0
319.000,run_seed,6
320.000,anomalies_detected,0
320.000,anomalies_unique,0
320.000,investigation_timeouts,0
320.000,mission_duration_s,275.436
320.000,distance_traveled_m,56.17002273652564
320.000,route_deviations,14
320.000,investigation_time_s,0.0
320.000,hazard_avoidances,14
320.000,min_hazard_distance_m,4.462632048090187
320.000,collisions,0
320.000,time_below_clearance_s,0.0
320.000,safety_zone_violations,0
320.000,min_ttc_s,8.929033367911469
320.000,avoid_success,14
320.000,avoid_timeout,0
320.000,q_convergence,2.1713416378404036
320.000,update_residual,0.008750314097726183
320.000,investigation_deferred,0
320.000,nav_aborted,0
320.000,nav_canceled,0
320.000,nav_rejected,0
320.000,run_seed,6
321.000,anomalies_detected,0
321.000,anomalies_unique,0
321.000,investigation_timeouts,0
321.000,mission_duration_s,276.436
321.000,distance_traveled_m,56.38638053228672
321.000,route_deviations,14
321.000,investigation_time_s,0.0
321.000,hazard_avoidances,14
321.000,min_hazard_distance_m,4.462632048090187
321.000,collisions,0
321.000,time_below_clearance_s,0.0
321.000,safety_zone_violations,0
321.000,min_ttc_s,8.929033367911469
321.000,avoid_success,14
321.000,avoid_timeout,0
321.000,q_convergence,1.8850195270209398
321.000,update_residual,0.011375680468726912
321.000,investigation_deferred,0
321.000,nav_aborted,0
321.000,nav_canceled,0
321.000,nav_rejected,0
321.000,run_seed,6
322.000,anomalies_detected,0
322.000,anomalies_unique,0
322.000,investigation_timeouts,0
322.000,mission_duration_s,277.436
322.000,distance_traveled_m,56.488799954590256
322.000,route_deviations,14
322.000,investigation_time_s,0.0
322.000,hazard_avoidances,14
322.000,min_hazard_distance_m,4.462632048090187
322.000,collisions,0
322.000,time_below_clearance_s,0.0
322.000,safety_zone_violations,0
322.000,min_ttc_s,8.929033367911469
322.000,avoid_success,14
322.000,avoid_timeout,0
322.000,q_convergence,1.6019144538904884
322.000,update_residual,0.00963411399068689
322.000,investigation_deferred,0
322.000,nav_aborted,0
322.000,nav_canceled,0
322.000,nav_rejected,0
322.000,run_seed,6
323.000,anomalies_detected,0
323.000,anomalies_unique,0
323.000,investigation_timeouts,0
323.000,mission_duration_s,278.436
323.000,distance_traveled_m,56.6334544842112
323.000,route_deviations,14
323.000,investigation_time_s,0.0
323.000,hazard_avoidances,14
323.000,min_hazard_distance_m,4.462632048090187
323.000,collisions,0
323.000,time_below_clearance_s,0.0
323.000,safety_zone_violations,0
323.000,min_ttc_s,8.929033367911469
323.000,avoid_success,14
323.000,avoid_timeout,0
323.000,q_convergence,1.675239466717273
323.000,update_residual,0.03955021498311958
323.000,investigation_deferred,0
323.000,nav_aborted,0
323.000,nav_canceled,0
323.000,nav_rejected,0
323.000,run_seed,6
324.000,anomalies_detected,0
324.000,anomalies_unique,0
324.000,investigation_timeouts,0
324.000,mission_duration_s,279.436
324.000,distance_traveled_m,56.88617353583881
324.000,route_deviations,14
324.000,investigation_time_s,0.0
324.000,hazard_avoidances,14
324.000,min_hazard_distance_m,4.462632048090187
324.000,collisions,0
324.000,time_below_clearance_s,0.0
324.000,safety_zone_violations,0
324.000,min_ttc_s,8.929033367911469
324.000,avoid_success,14
324.000,avoid_timeout,0
324.000,q_convergence,1.3023746187134602
324.000,update_residual,0.002263730182738329
324.000,investigation_deferred,0
324.000,nav_aborted,0
324.000,nav_canceled,0
324.000,nav_rejected,0
324.000,run_seed,6
325.000,anomalies_detected,0
325.000,anomalies_unique,0
325.000,investigation_timeouts,0
325.000,mission_duration_s,280.436
325.000,distance_traveled_m,57.14825351610232
325.000,route_deviations,14
325.000,investigation_time_s,0.0
325.000,hazard_avoidances,14
325.000,min_hazard_distance_m,4.462632048090187
325.000,collisions,0
325.000,time_below_clearance_s,0.0
325.000,safety_zone_violations,0
325.000,min_ttc_s,8.929033367911469
325.000,avoid_success,14
325.000,avoid_timeout,0
325.000,q_convergence,1.0839204279626338
325.000,update_residual,0.0018334883998737225
325.000,investigation_deferred,0
325.000,nav_aborted,0
325.000,nav_canceled,0
325.000,nav_rejected,0
325.000,run_seed,6
326.000,anomalies_detected,0
326.000,anomalies_unique,0
326.000,investigation_timeouts,0
326.000,mission_duration_s,281.436
326.000,distance_traveled_m,57.41033350882069
326.000,route_deviations,14
326.000,investigation_time_s,0.0
326.000,hazard_avoidances,14
326.000,min_hazard_distance_m,4.462632048090187
326.000,collisions,0
326.000,time_below_clearance_s,0.0
326.000,safety_zone_violations,0
326.000,min_ttc_s,8.929033367911469
326.000,avoid_success,14
326.000,avoid_timeout,0
326.000,q_convergence,1.0085393664645148
326.000,update_residual,0.008392915501432428
326.000,investigation_deferred,0
326.000,nav_aborted,0
326.000,nav_canceled,0
326.000,nav_rejected,0
326.000,run_seed,6
327.000,anomalies_detected,0
327.000,anomalies_unique,0
327.000,investigation_timeouts,0
327.000,mission_duration_s,282.436
327.000,distance_traveled_m,57.67241350575732
327.000,route_deviations,14
327.000,investigation_time_s,0.0
327.000,hazard_avoidances,14
327.000,min_hazard_distance_m,4.462632048090187
327.000,collisions,0
327.000,time_below_clearance_s,0.0
327.000,safety_zone_violations,0
327.000,min_ttc_s,8.929033367911469
327.000,avoid_success,14
327.000,avoid_timeout,0
327.000,q_convergence,0.9881429640036934
327.000,update_residual,0.0063532752553502395
327.000,investigation_deferred,0
327.000,nav_aborted,0
327.000,nav_canceled,0
327.000,nav_rejected,0
327.000,run_seed,6
328.000,anomalies_detected,0
328.000,anomalies_unique,0
328.000,investigation_timeouts,0
328.000,mission_duration_s,283.436
328.000,distance_traveled_m,57.93449350131431
328.000,route_deviations,15
328.000,investigation_time_s,0.0
328.000,hazard_avoidances,15
328.000,min_hazard_distance_m,4.462632048090187
328.000,collisions,0
328.000,time_below_clearance_s,0.0
328.000,safety_zone_violations,0
328.000,min_ttc_s,8.929033367911469
328.000,avoid_success,14
328.000,avoid_timeout,0
328.000,q_convergence,2.1592591273828865
328.000,update_residual,0.025362384444996593
328.000,investigation_deferred,0
328.000,nav_aborted,0
328.000,nav_canceled,0
328.000,nav_rejected,0
328.000,run_seed,6
329.000,anomalies_detected,0
329.000,anomalies_unique,0
329.000,investigation_timeouts,0
329.000,mission_duration_s,284.436
329.000,distance_traveled_m,58.01477496286821
329.000,route_deviations,15
329.000,investigation_time_s,0.0
329.000,hazard_avoidances,15
329.000,min_hazard_distance_m,4.462632048090187
329.000,collisions,0
329.000,time_below_clearance_s,0.0
329.000,safety_zone_violations,0
329.000,min_ttc_s,8.929033367911469
329.000,avoid_success,14
329.000,avoid_timeout,0
329.000,q_convergence,3.4600331482236952
329.000,update_residual,0.005223140047493685
329.000,investigation_deferred,0
329.000,nav_aborted,0
329.000,nav_canceled,0
329.000,nav_rejected,0
329.000,run_seed,6
330.000,anomalies_detected,0
330.000,anomalies_unique,0
330.000,investigation_timeouts,0
330.000,mission_duration_s,285.436
330.000,distance_traveled_m,58.225251428407134
330.000,route_deviations,15
330.000,investigation_time_s,0.0
330.000,hazard_avoidances,15
330.000,min_hazard_distance_m,4.462632048090187
330.000,collisions,0
330.000,time_below_clearance_s,0.0
330.000,safety_zone_violations,0
330.000,min_ttc_s,8.929033367911469
330.000,avoid_success,14
330.000,avoid_timeout,0
330.000,q_convergence,3.6116199516739074
330.000,update_residual,0.004870947692781347
330.000,investigation_deferred,0
330.000,nav_aborted,0
330.000,nav_canceled,0
330.000,nav_rejected,0
330.000,run_seed,6
331.000,anomalies_detected,0
331.000,anomalies_unique,0
331.000,investigation_timeouts,0
331.000,mission_duration_s,286.436
331.000,distance_traveled_m,58.3883092054785
331.000,route_deviations,15
331.000,investigation_time_s,0.0
331.000,hazard_avoidances,15
331.000,min_hazard_distance_m,4.462632048090187
331.000,collisions,0
331.000,time_below_clearance_s,0.0
331.000,safety_zone_violations,0
331.000,min_ttc_s,8.929033367911469
331.000,avoid_success,14
331.000,avoid_timeout,0
331.000,q_convergence,3.661886911212575
331.000,update_residual,6.405162716002777e-05
331.000,investigation_deferred,0
331.000,nav_aborted,0
331.000,nav_canceled,0
331.000,nav_rejected,0
331.000,run_seed,6
332.000,anomalies_detected,0
332.000,anomalies_unique,0
332.000,investigation_timeouts,0
332.000,mission_duration_s,287.436
332.000,distance_traveled_m,58.46227782254862
332.000,route_deviations,15
332.000,investigation_time_s,0.0
332.000,hazard_avoidances,15
332.000,min_hazard_distance_m,4.462632048090187
332.000,collisions,0
332.000,time_below_clearance_s,0.0
332.000,safety_zone_violations,0
332.000,min_ttc_s,8.929033367911469
332.000,avoid_success,14
332.000,avoid_timeout,0
332.000,q_convergence,3.6612799162084415
332.000,update_residual,3.35212674654195e-06
332.000,investigation_deferred,0
332.000,nav_aborted,0
332.000,nav_canceled,0
332.000,nav_rejected,0
332.000,run_seed,6
333.000,anomalies_detected,0
333.000,anomalies_unique,0
333.000,investigation_timeouts,0
333.000,mission_duration_s,288.436
333.000,distance_traveled_m,58.71499312535272
333.000,route_deviations,15
333.000,investigation_time_s,0.0
333.000,hazard_avoidances,15
333.000,min_hazard_distance_m,4.462632048090187
333.000,collisions,0
333.000,time_below_clearance_s,0.0
333.000,safety_zone_violations,0
333.000,min_ttc_s,8.929033367911469
333.000,avoid_success,14
333.000,avoid_timeout,0
333.000,q_convergence,3.5444739268220973
333.000,update_residual,0.005964337822175306
333.000,investigation_deferred,0
333.000,nav_aborted,0
333.000,nav_canceled,0
333.000,nav_rejected,0
333.000,run_seed,6
334.000,anomalies_detected,0
334.000,anomalies_unique,0
334.000,investigation_timeouts,0
334.000,mission_duration_s,289.436
334.000,distance_traveled_m,58.977073080127745
334.000,route_deviations,15
334.000,investigation_time_s,0.0
334.000,hazard_avoidances,15
334.000,min_hazard_distance_m,4.462632048090187
334.000,collisions,0
334.000,time_below_clearance_s,0.0
334.000,safety_zone_violations,0
334.000,min_ttc_s,8.929033367911469
334.000,avoid_success,14
334.000,avoid_timeout,0
334.000,q_convergence,3.338270679554831
334.000,update_residual,0.015249378659913323
334.000,investigation_deferred,0
334.000,nav_aborted,0
334.000,nav_canceled,0
334.000,nav_rejected,0
334.000,run_seed,6
335.000,anomalies_detected,0
335.000,anomalies_unique,0
335.000,investigation_timeouts,0
335.000,mission_duration_s,290.436
335.000,distance_traveled_m,59.239152913988384
335.000,route_deviations,15
335.000,investigation_time_s,0.0
335.000,hazard_avoidances,15
335.000,min_hazard_distance_m,4.462632048090187
335.000,collisions,0
335.000,time_below_clearance_s,0.0
335.000,safety_zone_violations,0
335.000,min_ttc_s,8.929033367911469
335.000,avoid_success,14
335.000,avoid_timeout,0
335.000,q_convergence,3.066079773753873
335.000,update_residual,0.010370712034860582
335.000,investigation_deferred,0
335.000,nav_aborted,0
335.000,nav_canceled,0
335.000,nav_rejected,0
335.000,run_seed,6
336.000,anomalies_detected,0
336.000,anomalies_unique,0
336.000,investigation_timeouts,0
336.000,mission_duration_s,291.436
336.000,distance_traveled_m,59.501232882703555
336.000,route_deviations,15
336.000,investigation_time_s,0.0
336.000,hazard_avoidances,15
336.000,min_hazard_distance_m,4.462632048090187
336.000,collisions,0
336.000,time_below_clearance_s,0.0
336.000,safety_zone_violations,0
336.000,min_ttc_s,8.929033367911469
336.000,avoid_success,14
336.000,avoid_timeout,0
336.000,q_convergence,2.673837327728666
336.000,update_residual,0.015582057233418881
336.000,investigation_deferred,0
336.000,nav_aborted,0
336.000,nav_canceled,0
336.000,nav_rejected,0
336.000,run_seed,6
337.000,anomalies_detected,0
337.000,anomalies_unique,0
337.000,investigation_timeouts,0
337.000,mission_duration_s,292.436
337.000,distance_traveled_m,59.76314216624312
337.000,route_deviations,15
337.000,investigation_time_s,0.0
337.000,hazard_avoidances,15
337.000,min_hazard_distance_m,4.462632048090187
337.000,collisions,0
337.000,time_below_clearance_s,0.0
337.000,safety_zone_violations,0
337.000,min_ttc_s,8.929033367911469
337.000,avoid_success,14
337.000,avoid_timeout,0
337.000,q_convergence,2.526171588165283
337.000,update_residual,0.0008154832770806776
337.000,investigation_deferred,0
337.000,nav_aborted,0
337.000,nav_canceled,0
337.000,nav_rejected,0
337.000,run_seed,6
338.000,anomalies_detected,0
338.000,anomalies_unique,0
338.000,investigation_timeouts,0
338.000,mission_duration_s,293.436
338.000,distance_traveled_m,59.875649045356624
338.000,route_deviations,15
338.000,investigation_time_s,0.0
338.000,hazard_avoidances,15
338.000,min_hazard_distance_m,4.462632048090187
338.000,collisions,0
338.000,time_below_clearance_s,0.0
338.000,safety_zone_violations,0
338.000,min_ttc_s,8.929033367911469
338.000,avoid_success,15
338.000,avoid_timeout,0
338.000,q_convergence,1.7408767070964377
338.000,update_residual,0.04265063559824679
338.000,investigation_deferred,0
338.000,nav_aborted,0
338.000,nav_canceled,0
338.000,nav_rejected,0
338.000,run_seed,6
339.000,anomalies_detected,0
339.000,anomalies_unique,0
339.000,investigation_timeouts,0
339.000,mission_duration_s,294.436
339.000,distance_traveled_m,59.966609799089085
339.000,route_deviations,15
339.000,investigation_time_s,0.0
339.000,hazard_avoidances,15
339.000,min_hazard_distance_m,4.462632048090187
339.000,collisions,0
339.000,time_below_clearance_s,0.0
339.000,safety_zone_violations,0
339.000,min_ttc_s,8.929033367911469
339.000,avoid_success,15
339.000,avoid_timeout,0
339.000,q_convergence,1.8741637434768474
339.000,update_residual,0.005489663770433798
339.000,investigation_deferred,0
339.000,nav_aborted,0
339.000,nav_canceled,0
339.000,nav_rejected,0
339.000,run_seed,6
340.000,anomalies_detected,0
340.000,anomalies_unique,0
340.000,investigation_timeouts,0
340.000,mission_duration_s,295.436
340.000,distance_traveled_m,60.18819182657868
340.000,route_deviations,15
340.000,investigation_time_s,0.0
340.000,hazard_avoidances,15
340.000,min_hazard_distance_m,4.462632048090187
340.000,collisions,0
340.000,time_below_clearance_s,0.0
340.000,safety_zone_violations,0
340.000,min_ttc_s,8.929033367911469
340.000,avoid_success,15
340.000,avoid_timeout,0
340.000,q_convergence,1.6418344149585589
340.000,update_residual,0.009545737505192596
340.000,investigation_deferred,0
340.000,nav_aborted,0
340.000,nav_canceled,0
340.000,nav_rejected,0
340.000,run_seed,6
341.000,anomalies_detected,0
341.000,anomalies_unique,0
341.000,investigation_timeouts,0
341.000,mission_duration_s,296.436
341.000,distance_traveled_m,60.30420969468599
341.000,route_deviations,15
341.000,investigation_time_s,0.0
341.000,hazard_avoidances,15
341.000,min_hazard_distance_m,4.462632048090187
341.000,collisions,0
341.000,time_below_clearance_s,0.0
341.000,safety_zone_violations,0
341.000,min_ttc_s,8.929033367911469
341.000,avoid_success,15
341.000,avoid_timeout,0
341.000,q_convergence,1.551372779035476
341.000,update_residual,0.00049957391288431
341.000,investigation_deferred,0
341.000,nav_aborted,0
341.000,nav_canceled,0
341.000,nav_rejected,0
341.000,run_seed,6
342.000,anomalies_detected,0
342.000,anomalies_unique,0
342.000,investigation_timeouts,0
342.000,mission_duration_s,297.436
342.000,distance_traveled_m,60.44289802040589
342.000,route_deviations,15
342.000,investigation_time_s,0.0
342.000,hazard_avoidances,15
342.000,min_hazard_distance_m,4.462632048090187
342.000,collisions,0
342.000,time_below_clearance_s,0.0
342.000,safety_zone_violations,0
342.000,min_ttc_s,8.929033367911469
342.000,avoid_success,15
342.000,avoid_timeout,0
342.000,q_convergence,1.5330846091825527
342.000,update_residual,0.021866412526191505
342.000,investigation_deferred,0
342.000,nav_aborted,0
342.000,nav_canceled,0
342.000,nav_rejected,0
342.000,run_seed,6
343.000,anomalies_detected,0
343.000,anomalies_unique,0
343.000,investigation_timeouts,0
343.000,mission_duration_s,298.436
343.000,distance_traveled_m,60.70497626972672
343.000,route_deviations,15
343.000,investigation_time_s,0.0
343.000,hazard_avoidances,15
343.000,min_hazard_distance_m,4.462632048090187
343.000,collisions,0
343.000,time_below_clearance_s,0.0
343.000,safety_zone_violations,0
343.000,min_ttc_s,8.929033367911469
343.000,avoid_success,15
343.000,avoid_timeout,0
343.000,q_convergence,1.3271054537608757
343.000,update_residual,0.0012684969840237334
343.000,investigation_deferred,0
343.000,nav_aborted,0
343.000,nav_canceled,0
343.000,nav_rejected,0
343.000,run_seed,6
344.000,anomalies_detected,0
344.000,anomalies_unique,0
344.000,investigation_timeouts,0
344.000,mission_duration_s,299.436
344.000,distance_traveled_m,60.967056263889425
344.000,route_deviations,15
344.000,investigation_time_s,0.0
344.000,hazard_avoidances,15
344.000,min_hazard_distance_m,4.462632048090187
344.000,collisions,0
344.000,time_below_clearance_s,0.0
344.000,safety_zone_violations,0
344.000,min_ttc_s,8.929033367911469
344.000,avoid_success,15
344.000,avoid_timeout,0
344.000,q_convergence,1.0134104750484745
344.000,update_residual,0.014784233849087013
344.000,investigation_deferred,0
344.000,nav_aborted,0
344.000,nav_canceled,0
344.000,nav_rejected,0
344.000,run_seed,6
345.000,anomalies_detected,0
345.000,anomalies_unique,0
345.000,investigation_timeouts,0
345.000,mission_duration_s,300.436
345.000,distance_traveled_m,61.2291362561735
345.000,route_deviations,15
345.000,investigation_time_s,0.0
345.000,hazard_avoidances,15
345.000,min_hazard_distance_m,4.462632048090187
345.000,collisions,0
345.000,time_below_clearance_s,0.0
345.000,safety_zone_violations,0
345.000,min_ttc_s,8.929033367911469
345.000,avoid_success,15
345.000,avoid_timeout,0
345.000,q_convergence,0.9927130264627777
345.000,update_residual,0.004304422683011684
345.000,investigation_deferred,0
345.000,nav_aborted,0
345.000,nav_canceled,0
345.000,nav_rejected,0
345.000,run_seed,6
346.000,anomalies_detected,0
346.000,anomalies_unique,0
346.000,investigation_timeouts,0
346.000,mission_duration_s,301.436
346.000,distance_traveled_m,61.49121625457718
346.000,route_deviations,15
346.000,investigation_time_s,0.0
346.000,hazard_avoidances,15
346.000,min_hazard_distance_m,4.462632048090187
346.000,collisions,0
346.000,time_below_clearance_s,0.0
346.000,safety_zone_violations,0
346.000,min_ttc_s,8.929033367911469
346.000,avoid_success,15
346.000,avoid_timeout,0
346.000,q_convergence,0.9870765139003037
346.000,update_residual,0.0037407714267642714
346.000,investigation_deferred,0
346.000,nav_aborted,0
346.000,nav_canceled,0
346.000,nav_rejected,0
346.000,run_seed,6
347.000,anomalies_detected,0
347.000,anomalies_unique,0
347.000,investigation_timeouts,0
347.000,mission_duration_s,302.436
347.000,distance_traveled_m,61.67404050578985
347.000,route_deviations,16
347.000,investigation_time_s,0.0
347.000,hazard_avoidances,16
347.000,min_hazard_distance_m,4.462632048090187
347.000,collisions,0
347.000,time_below_clearance_s,0.0
347.000,safety_zone_violations,0
347.000,min_ttc_s,8.929033367911469
347.000,avoid_success,15
347.000,avoid_timeout,0
347.000,q_convergence,2.1696319692250223
347.000,update_residual,0.025439689797626657
347.000,investigation_deferred,0
347.000,nav_aborted,0
347.000,nav_canceled,0
347.000,nav_rejected,0
347.000,run_seed,6
348.000,anomalies_detected,0
348.000,anomalies_unique,0
348.000,investigation_timeouts,0
348.000,mission_duration_s,303.436
348.000,distance_traveled_m,61.79232852648097
348.000,route_deviations,16
348.000,investigation_time_s,0.0
348.000,hazard_avoidances,16
348.000,min_hazard_distance_m,4.462632048090187
348.000,collisions,0
348.000,time_below_clearance_s,0.0
348.000,safety_zone_violations,0
348.000,min_ttc_s,8.929033367911469
348.000,avoid_success,15
348.000,avoid_timeout,0
348.000,q_convergence,3.468424609197123
348.000,update_residual,0.004454287379988308
348.000,investigation_deferred,0
348.000,nav_aborted,0
348.000,nav_canceled,0
348.000,nav_rejected,0
348.000,run_seed,6
349.000,anomalies_detected,0
349.000,anomalies_unique,0
349.000,investigation_timeouts,0
349.000,mission_duration_s,304.436
349.000,distance_traveled_m,62.03625876547144
349.000,route_deviations,16
349.000,investigation_time_s,0.0
349.000,hazard_avoidances,16
349.000,min_hazard_distance_m,4.462632048090187
349.000,collisions,0
349.000,time_below_clearance_s,0.0
349.000,safety_zone_violations,0
349.000,min_ttc_s,8.929033367911469
349.000,avoid_success,15
349.000,avoid_timeout,0
349.000,q_convergence,3.5715638984968807
349.000,update_residual,0.002130652129705574
349.000,investigation_deferred,0
349.000,nav_aborted,0
349.000,nav_canceled,0
349.000,nav_rejected,0
349.000,run_seed,6
350.000,anomalies_detected,0
350.000,anomalies_unique,0
350.000,investigation_timeouts,0
350.000,mission_duration_s,305.436
350.000,distance_traveled_m,62.066900422374836
350.000,route_deviations,16
350.000,investigation_time_s,0.0
350.000,hazard_avoidances,16
350.000,min_hazard_distance_m,4.462632048090187
350.000,collisions,0
350.000,time_below_clearance_s,0.0
350.000,safety_zone_violations,0
350.000,min_ttc_s,8.929033367911469
350.000,avoid_success,15
350.000,avoid_timeout,0
350.000,q_convergence,3.5917553480450506
350.000,update_residual,0.00011150717488860437
350.000,investigation_deferred,0
350.000,nav_aborted,0
350.000,nav_canceled,0
350.000,nav_rejected,0
350.000,run_seed,6
351.000,anomalies_detected,0
351.000,anomalies_unique,0
351.000,investigation_timeouts,0
351.000,mission_duration_s,306.436
351.000,distance_traveled_m,62.27107397548785
351.000,route_deviations,16
351.000,investigation_time_s,0.0
351.000,hazard_avoidances,16
351.000,min_hazard_distance_m,4.462632048090187
351.000,collisions,0
351.000,time_below_clearance_s,0.0
351.000,safety_zone_violations,0
351.000,min_ttc_s,8.929033367911469
351.000,avoid_success,15
351.000,avoid_timeout,0
351.000,q_convergence,3.471835485758478
351.000,update_residual,0.006183396329624994
351.000,investigation_deferred,0
351.000,nav_aborted,0
351.000,nav_canceled,0
351.000,nav_rejected,0
351.000,run_seed,6
352.000,anomalies_detected,0
352.000,anomalies_unique,0
352.000,investigation_timeouts,0
352.000,mission_duration_s,307.436
352.000,distance_traveled_m,62.53315333187238
352.000,route_deviations,16
352.000,investigation_time_s,0.0
352.000,hazard_avoidances,16
352.000,min_hazard_distance_m,4.462632048090187
352.000,collisions,0
352.000,time_below_clearance_s,0.0
352.000,safety_zone_violations,0
352.000,min_ttc_s,8.929033367911469
352.000,avoid_success,15
352.000,avoid_timeout,0
352.000,q_convergence,3.174551052887418
352.000,update_residual,0.023913842119547345
352.000,investigation_deferred,0
352.000,nav_aborted,0
352.000,nav_canceled,0
352.000,nav_rejected,0
352.000,run_seed,6
353.000,anomalies_detected,0
353.000,anomalies_unique,0
353.000,investigation_timeouts,0
353.000,mission_duration_s,308.436
353.000,distance_traveled_m,62.795233143191396
353.000,route_deviations,16
353.000,investigation_time_s,0.0
353.000,hazard_avoidances,16
353.000,min_hazard_distance_m,4.462632048090187
353.000,collisions,0
353.000,time_below_clearance_s,0.0
353.000,safety_zone_violations,0
353.000,min_ttc_s,8.929033367911469
353.000,avoid_success,15
353.000,avoid_timeout,0
353.000,q_convergence,2.968818693082117
353.000,update_residual,0.007478079459614544
353.000,investigation_deferred,0
353.000,nav_aborted,0
353.000,nav_canceled,0
353.000,nav_rejected,0
353.000,run_seed,6
354.000,anomalies_detected,0
354.000,anomalies_unique,0
354.000,investigation_timeouts,0
354.000,mission_duration_s,309.436
354.000,distance_traveled_m,63.057313088992736
354.000,route_deviations,16
354.000,investigation_time_s,0.0
354.000,hazard_avoidances,16
354.000,min_hazard_distance_m,4.462632048090187
354.000,collisions,0
354.000,time_below_clearance_s,0.0
354.000,safety_zone_violations,0
354.000,min_ttc_s,8.929033367911469
354.000,avoid_success,15
354.000,avoid_timeout,0
354.000,q_convergence,2.8979515336707515
354.000,update_residual,0.00039136351847798053
354.000,investigation_deferred,0
354.000,nav_aborted,0
354.000,nav_canceled,0
354.000,nav_rejected,0
354.000,run_seed,6
355.000,anomalies_detected,0
355.000,anomalies_unique,0
355.000,investigation_timeouts,0
355.000,mission_duration_s,310.436
355.000,distance_traveled_m,63.31831287220831
355.000,route_deviations,16
355.000,investigation_time_s,0.0
355.000,hazard_avoidances,16
355.000,min_hazard_distance_m,4.462632048090187
355.000,collisions,0
355.000,time_below_clearance_s,0.0
355.000,safety_zone_violations,0
355.000,min_ttc_s,8.929033367911469
355.000,avoid_success,15
355.000,avoid_timeout,0
355.000,q_convergence,2.070128728740723
355.000,update_residual,0.042085425994452176
355.000,investigation_deferred,0
355.000,nav_aborted,0
355.000,nav_canceled,0
355.000,nav_rejected,0
355.000,run_seed,6
356.000,anomalies_detected,0
356.000,anomalies_unique,0
356.000,investigation_timeouts,0
356.000,mission_duration_s,311.436
356.000,distance_traveled_m,63.42132740829926
356.000,route_deviations,16
356.000,investigation_time_s,0.0
356.000,hazard_avoidances,16
356.000,min_hazard_distance_m,4.462632048090187
356.000,collisions,0
356.000,time_below_clearance_s,0.0
356.000,safety_zone_violations,0
356.000,min_ttc_s,8.929033367911469
356.000,avoid_success,16
356.000,avoid_timeout,0
356.000,q_convergence,2.017084290213701
356.000,update_residual,0.0238527122771098
356.000,investigation_deferred,0
356.000,nav_aborted,0
356.000,nav_canceled,0
356.000,nav_rejected,0
356.000,run_seed,6
357.000,anomalies_detected,0
357.000,anomalies_unique,0
357.000,investigation_timeouts,0
357.000,mission_duration_s,312.436
357.000,distance_traveled_m,63.51306849167788
357.000,route_deviations,16
357.000,investigation_time_s,0.0
357.000,hazard_avoidances,16
357.000,min_hazard_distance_m,4.462632048090187
357.000,collisions,0
357.000,time_below_clearance_s,0.0
357.000,safety_zone_violations,0
357.000,min_ttc_s,8.929033367911469
357.000,avoid_success,16
357.000,avoid_timeout,0
357.000,q_convergence,1.8414566903471137
357.000,update_residual,0.006415566593941618
357.000,investigation_deferred,0
357.000,nav_aborted,0
357.000,nav_canceled,0
357.000,nav_rejected,0
357.000,run_seed,6
358.000,anomalies_detected,0
358.000,anomalies_unique,0
358.000,investigation_timeouts,0
358.000,mission_duration_s,313.436
358.000,distance_traveled_m,63.73508146604194
358.000,route_deviations,16
358.000,investigation_time_s,0.0
358.000,hazard_avoidances,16
358.000,min_hazard_distance_m,4.462632048090187
358.000,collisions,0
358.000,time_below_clearance_s,0.0
358.000,safety_zone_violations,0
358.000,min_ttc_s,8.929033367911469
358.000,avoid_success,16
358.000,avoid_timeout,0
358.000,q_convergence,1.604555107534759
358.000,update_residual,0.009384923678821686
358.000,investigation_deferred,0
358.000,nav_aborted,0
358.000,nav_canceled,0
358.000,nav_rejected,0
358.000,run_seed,6
359.000,anomalies_detected,0
359.000,anomalies_unique,0
359.000,investigation_timeouts,0
359.000,mission_duration_s,314.436
359.000,distance_traveled_m,63.84753172670709
359.000,route_deviations,16
359.000,investigation_time_s,0.0
359.000,hazard_avoidances,16
359.000,min_hazard_distance_m,4.462632048090187
359.000,collisions,0
359.000,time_below_clearance_s,0.0
359.000,safety_zone_violations,0
359.000,min_ttc_s,8.929033367911469
359.000,avoid_success,16
359.000,avoid_timeout,0
359.000,q_convergence,1.5156174483399967
359.000,update_residual,0.0004911577593453813
359.000,investigation_deferred,0
359.000,nav_aborted,0
359.000,nav_canceled,0
359.000,nav_rejected,0
359.000,run_seed,6
360.000,anomalies_detected,0
360.000,anomalies_unique,0
360.000,investigation_timeouts,0
360.000,mission_duration_s,315.436
360.000,distance_traveled_m,63.98482196449149
360.000,route_deviations,16
360.000,investigation_time_s,0.0
360.000,hazard_avoidances,16
360.000,min_hazard_distance_m,4.462632048090187
360.000,collisions,0
360.000,time_below_clearance_s,0.0
360.000,safety_zone_violations,0
360.000,min_ttc_s,8.929033367911469
360.000,avoid_success,16
360.000,avoid_timeout,0
360.000,q_convergence,1.5803217601974933
360.000,update_residual,0.02962217700629316
360.000,investigation_deferred,0
360.000,nav_aborted,0
360.000,nav_canceled,0
360.000,nav_rejected,0
360.000,run_seed,6
361.000,anomalies_detected,0
361.000,anomalies_unique,0
361.000,investigation_timeouts,0
361.000,mission_duration_s,316.436
361.000,distance_traveled_m,64.24690042460969
361.000,route_deviations,16
361.000,investigation_time_s,0.0
361.000,hazard_avoidances,16
361.000,min_hazard_distance_m,4.462632048090187
361.000,collisions,0
361.000,time_below_clearance_s,0.0
361.000,safety_zone_violations,0
361.000,min_ttc_s,8.929033367911469
361.000,avoid_success,16
361.000,avoid_timeout,0
361.000,q_convergence,1.30007821092156
361.000,update_residual,0.0015978220786998449
361.000,investigation_deferred,0
361.000,nav_aborted,0
361.000,nav_canceled,0
361.000,nav_rejected,0
361.000,run_seed,6
362.000,anomalies_detected,0
362.000,anomalies_unique,0
362.000,investigation_timeouts,0
362.000,mission_duration_s,317.436
362.000,distance_traveled_m,64.50898041875676
362.000,route_deviations,16
362.000,investigation_time_s,0.0
362.000,hazard_avoidances,16
362.000,min_hazard_distance_m,4.462632048090187
362.000,collisions,0
362.000,time_below_clearance_s,0.0
362.000,safety_zone_violations,0
362.000,min_ttc_s,8.929033367911469
362.000,avoid_success,16
362.000,avoid_timeout,0
362.000,q_convergence,1.0111241313904233
362.000,update_residual,0.01221034062625165
362.000,investigation_deferred,0
362.000,nav_aborted,0
362.000,nav_canceled,0
362.000,nav_rejected,0
362.000,run_seed,6
363.000,anomalies_detected,0
363.000,anomalies_unique,0
363.000,investigation_timeouts,0
363.000,mission_duration_s,318.436
363.000,distance_traveled_m,64.77106041191801
363.000,route_deviations,16
363.000,investigation_time_s,0.0
363.000,hazard_avoidances,16
363.000,min_hazard_distance_m,4.462632048090187
363.000,collisions,0
363.000,time_below_clearance_s,0.0
363.000,safety_zone_violations,0
363.000,min_ttc_s,8.929033367911469
363.000,avoid_success,16
363.000,avoid_timeout,0
363.000,q_convergence,1.0207109269411405
363.000,update_residual,0.007077406467323656
363.000,investigation_deferred,0
363.000,nav_aborted,0
363.000,nav_canceled,0
363.000,nav_rejected,0
363.000,run_seed,6
364.000,anomalies_detected,0
364.000,anomalies_unique,0
364.000,investigation_timeouts,0
364.000,mission_duration_s,319.436
364.000,distance_traveled_m,65.0331404102821
364.000,route_deviations,16
364.000,investigation_time_s,0.0
364.000,hazard_avoidances,16
364.000,min_hazard_distance_m,4.462632048090187
364.000,collisions,0
364.000,time_below_clearance_s,0.0
364.000,safety_zone_violations,0
364.000,min_ttc_s,8.929033367911469
364.000,avoid_success,16
364.000,avoid_timeout,0
364.000,q_convergence,1.0060784773877482
364.000,update_residual,0.007831623451552786
364.000,investigation_deferred,0
364.000,nav_aborted,0
364.000,nav_canceled,0
364.000,nav_rejected,0
364.000,run_seed,6
365.000,anomalies_detected,0
365.000,anomalies_unique,0
365.000,investigation_timeouts,0
365.000,mission_duration_s,320.436
365.000,distance_traveled_m,65.22401849507787
365.000,route_deviations,17
365.000,investigation_time_s,0.0
365.000,hazard_avoidances,17
365.000,min_hazard_distance_m,4.462632048090187
365.000,collisions,0
365.000,time_below_clearance_s,0.0
365.000,safety_zone_violations,0
365.000,min_ttc_s,8.929033367911469
365.000,avoid_success,16
365.000,avoid_timeout,0
365.000,q_convergence,2.151573004825592
365.000,update_residual,0.023579073204193366
365.000,investigation_deferred,0
365.000,nav_aborted,0
365.000,nav_canceled,0
365.000,nav_rejected,0
365.000,run_seed,6
366.000,anomalies_detected,0
366.000,anomalies_unique,0
366.000,investigation_timeouts,0
366.000,mission_duration_s,321.436
366.000,distance_traveled_m,65.34628480869782
366.000,route_deviations,17
366.000,investigation_time_s,0.0
366.000,hazard_avoidances,17
366.000,min_hazard_distance_m,4.462632048090187
366.000,collisions,0
366.000,time_below_clearance_s,0.0
366.000,safety_zone_violations,0
366.000,min_ttc_s,8.929033367911469
366.000,avoid_success,16
366.000,avoid_timeout,0
366.000,q_convergence,3.460515776851241
366.000,update_residual,0.005092798289551341
366.000,investigation_deferred,0
366.000,nav_aborted,0
366.000,nav_canceled,0
366.000,nav_rejected,0
366.000,run_seed,6
367.000,anomalies_detected,0
367.000,anomalies_unique,0
367.000,investigation_timeouts,0
367.000,mission_duration_s,322.436
367.000,distance_traveled_m,65.58880124890858
367.000,route_deviations,17
367.000,investigation_time_s,0.0
367.000,hazard_avoidances,17
367.000,min_hazard_distance_m,4.462632048090187
367.000,collisions,0
367.000,time_below_clearance_s,0.0
367.000,safety_zone_violations,0
367.000,min_ttc_s,8.929033367911469
367.000,avoid_success,16
367.000,avoid_timeout,0
367.000,q_convergence,3.575510794435172
367.000,update_residual,0.0024231619065544796
367.000,investigation_deferred,0
367.000,nav_aborted,0
367.000,nav_canceled,0
367.000,nav_rejected,0
367.000,run_seed,6
368.000,anomalies_detected,0
368.000,anomalies_unique,0
368.000,investigation_timeouts,0
368.000,mission_duration_s,323.436
368.000,distance_traveled_m,65.6220342755067
368.000,route_deviations,17
368.000,investigation_time_s,0.0
368.000,hazard_avoidances,17
368.000,min_hazard_distance_m,4.462632048090187
368.000,collisions,0
368.000,time_below_clearance_s,0.0
368.000,safety_zone_violations,0
368.000,min_ttc_s,8.929033367911469
368.000,avoid_success,16
368.000,avoid_timeout,0
368.000,q_convergence,3.5480510695510907
368.000,update_residual,0.002452864010560738
368.000,investigation_deferred,0
368.000,nav_aborted,0
368.000,nav_canceled,0
368.000,nav_rejected,0
368.000,run_seed,6
369.000,anomalies_detected,0
369.000,anomalies_unique,0
369.000,investigation_timeouts,0
369.000,mission_duration_s,324.436
369.000,distance_traveled_m,65.82773028138409
369.000,route_deviations,17
369.000,investigation_time_s,0.0
369.000,hazard_avoidances,17
369.000,min_hazard_distance_m,4.462632048090187
369.000,collisions,0
369.000,time_below_clearance_s,0.0
369.000,safety_zone_violations,0
369.000,min_ttc_s,8.929033367911469
369.000,avoid_success,16
369.000,avoid_timeout,0
369.000,q_convergence,3.5248061300195475
369.000,update_residual,0.0001283700574065286
369.000,investigation_deferred,0
369.000,nav_aborted,0
369.000,nav_canceled,0
369.000,nav_rejected,0
369.000,run_seed,6
370.000,anomalies_detected,0
370.000,anomalies_unique,0
370.000,investigation_timeouts,0
370.000,mission_duration_s,325.436
370.000,distance_traveled_m,66.08980959522738
370.000,route_deviations,17
370.000,investigation_time_s,0.0
370.000,hazard_avoidances,17
370.000,min_hazard_distance_m,4.462632048090187
370.000,collisions,0
370.000,time_below_clearance_s,0.0
370.000,safety_zone_violations,0
370.000,min_ttc_s,8.929033367911469
370.000,avoid_success,16
370.000,avoid_timeout,0
370.000,q_convergence,3.311602469579061
370.000,update_residual,0.016970415987617882
370.000,investigation_deferred,0
370.000,nav_aborted,0
370.000,nav_canceled,0
370.000,nav_rejected,0
370.000,run_seed,6
371.000,anomalies_detected,0
371.000,anomalies_unique,0
371.000,investigation_timeouts,0
371.000,mission_duration_s,326.436
371.000,distance_traveled_m,66.35188941644961
371.000,route_deviations,17
371.000,investigation_time_s,0.0
371.000,hazard_avoidances,17
371.000,min_hazard_distance_m,4.462632048090187
371.000,collisions,0
371.000,time_below_clearance_s,0.0
371.000,safety_zone_violations,0
371.000,min_ttc_s,8.929033367911469
371.000,avoid_success,16
371.000,avoid_timeout,0
371.000,q_convergence,3.0079552341925107
371.000,update_residual,0.010697406655075908
371.000,investigation_deferred,0
371.000,nav_aborted,0
371.000,nav_canceled,0
371.000,nav_rejected,0
371.000,run_seed,6
372.000,anomalies_detected,0
372.000,anomalies_unique,0
372.000,investigation_timeouts,0
372.000,mission_duration_s,327.436
372.000,distance_traveled_m,66.61396928723806
372.000,route_deviations,17
372.000,investigation_time_s,0.0
372.000,hazard_avoidances,17
372.000,min_hazard_distance_m,4.462632048090187
372.000,collisions,0
372.000,time_below_clearance_s,0.0
372.000,safety_zone_violations,0
372.000,min_ttc_s,8.929033367911469
372.000,avoid_success,16
372.000,avoid_timeout,0
372.000,q_convergence,2.906579630094216
372.000,update_residual,0.0005598462452464826
372.000,investigation_deferred,0
372.000,nav_aborted,0
372.000,nav_canceled,0
372.000,nav_rejected,0
372.000,run_seed,6
373.000,anomalies_detected,0
373.000,anomalies_unique,0
373.000,investigation_timeouts,0
373.000,mission_duration_s,328.436
373.000,distance_traveled_m,66.8758510237087
373.000,route_deviations,17
373.000,investigation_time_s,0.0
373.000,hazard_avoidances,17
373.000,min_hazard_distance_m,4.462632048090187
373.000,collisions,0
373.000,time_below_clearance_s,0.0
373.000,safety_zone_violations,0
373.000,min_ttc_s,8.929033367911469
373.000,avoid_success,16
373.000,avoid_timeout,0
373.000,q_convergence,2.065138326638338
373.000,update_residual,0.0431839441898454
373.000,investigation_deferred,0
373.000,nav_aborted,0
373.000,nav_canceled,0
373.000,nav_rejected,0
373.000,run_seed,6
374.000,anomalies_detected,0
374.000,anomalies_unique,0
374.000,investigation_timeouts,0
374.000,mission_duration_s,329.436
374.000,distance_traveled_m,66.98990623744048
374.000,route_deviations,17
374.000,investigation_time_s,0.0
374.000,hazard_avoidances,17
374.000,min_hazard_distance_m,4.462632048090187
374.000,collisions,0
374.000,time_below_clearance_s,0.0
374.000,safety_zone_violations,0
374.000,min_ttc_s,8.929033367911469
374.000,avoid_success,17
374.000,avoid_timeout,0
374.000,q_convergence,2.1912176653992774
374.000,update_residual,0.027461632709621143
374.000,investigation_deferred,0
374.000,nav_aborted,0
374.000,nav_canceled,0
374.000,nav_rejected,0
374.000,run_seed,6
375.000,anomalies_detected,0
375.000,anomalies_unique,0
375.000,investigation_timeouts,0
375.000,mission_duration_s,330.436
375.000,distance_traveled_m,67.0843326095797
375.000,route_deviations,17
375.000,investigation_time_s,0.0
375.000,hazard_avoidances,17
375.000,min_hazard_distance_m,4.462632048090187
375.000,collisions,0
375.000,time_below_clearance_s,0.0
375.000,safety_zone_violations,0
375.000,min_ttc_s,8.929033367911469
375.000,avoid_success,17
375.000,avoid_timeout,0
375.000,q_convergence,2.140360992023704
375.000,update_residual,0.004440209840253827
375.000,investigation_deferred,0
375.000,nav_aborted,0
375.000,nav_canceled,0
375.000,nav_rejected,0
375.000,run_seed,6
376.000,anomalies_detected,0
376.000,anomalies_unique,0
376.000,investigation_timeouts,0
376.000,mission_duration_s,331.436
376.000,distance_traveled_m,67.30527642109827
376.000,route_deviations,17
376.000,investigation_time_s,0.0
376.000,hazard_avoidances,17
376.000,min_hazard_distance_m,4.462632048090187
376.000,collisions,0
376.000,time_below_clearance_s,0.0
376.000,safety_zone_violations,0
376.000,min_ttc_s,8.929033367911469
376.000,avoid_success,17
376.000,avoid_timeout,0
376.000,q_convergence,2.0984640224735447
376.000,update_residual,0.00025051288523798544
376.000,investigation_deferred,0
376.000,nav_aborted,0
376.000,nav_canceled,0
376.000,nav_rejected,0
376.000,run_seed,6
377.000,anomalies_detected,0
377.000,anomalies_unique,0
377.000,investigation_timeouts,0
377.000,mission_duration_s,332.436
377.000,distance_traveled_m,67.41508956191089
377.000,route_deviations,17
377.000,investigation_time_s,0.0
377.000,hazard_avoidances,17
377.000,min_hazard_distance_m,4.462632048090187
377.000,collisions,0
377.000,time_below_clearance_s,0.0
377.000,safety_zone_violations,0
377.000,min_ttc_s,8.929033367911469
377.000,avoid_success,17
377.000,avoid_timeout,0
377.000,q_convergence,1.888103346030196
377.000,update_residual,0.01065382864522056
377.000,investigation_deferred,0
377.000,nav_aborted,0
377.000,nav_canceled,0
377.000,nav_rejected,0
377.000,run_seed,6
378.000,anomalies_detected,0
378.000,anomalies_unique,0
378.000,investigation_timeouts,0
378.000,mission_duration_s,333.436
378.000,distance_traveled_m,67.55949562105643
378.000,route_deviations,17
378.000,investigation_time_s,0.0
378.000,hazard_avoidances,17
378.000,min_hazard_distance_m,4.462632048090187
378.000,collisions,0
378.000,time_below_clearance_s,0.0
378.000,safety_zone_violations,0
378.000,min_ttc_s,8.929033367911469
378.000,avoid_success,17
378.000,avoid_timeout,0
378.000,q_convergence,1.8313539653478006
378.000,update_residual,0.031702366470650854
378.000,investigation_deferred,0
378.000,nav_aborted,0
378.000,nav_canceled,0
378.000,nav_rejected,0
378.000,run_seed,6
379.000,anomalies_detected,0
379.000,anomalies_unique,0
379.000,investigation_timeouts,0
379.000,mission_duration_s,334.436
379.000,distance_traveled_m,67.82157398798826
379.000,route_deviations,17
379.000,investigation_time_s,0.0
379.000,hazard_avoidances,17
379.000,min_hazard_distance_m,4.462632048090187
379.000,collisions,0
379.000,time_below_clearance_s,0.0
379.000,safety_zone_violations,0
379.000,min_ttc_s,8.929033367911469
379.000,avoid_success,17
379.000,avoid_timeout,0
379.000,q_convergence,1.5314305769251984
379.000,update_residual,0.0017100276283906562
379.000,investigation_deferred,0
379.000,nav_aborted,0
379.000,nav_canceled,0
379.000,nav_rejected,0
379.000,run_seed,6
380.000,anomalies_detected,0
380.000,anomalies_unique,0
380.000,investigation_timeouts,0
380.000,mission_duration_s,335.436
380.000,distance_traveled_m,68.0836539815337
380.000,route_deviations,17
380.000,investigation_time_s,0.0
380.000,hazard_avoidances,17
380.000,min_hazard_distance_m,4.462632048090187
380.000,collisions,0
380.000,time_below_clearance_s,0.0
380.000,safety_zone_violations,0
380.000,min_ttc_s,8.929033367911469
380.000,avoid_success,17
380.000,avoid_timeout,0
380.000,q_convergence,1.3650247270397302
380.000,update_residual,0.0077843971494632085
380.000,investigation_deferred,0
380.000,nav_aborted,0
380.000,nav_canceled,0
380.000,nav_rejected,0
380.000,run_seed,6
381.000,anomalies_detected,0
381.000,anomalies_unique,0
381.000,investigation_timeouts,0
381.000,mission_duration_s,336.436
381.000,distance_traveled_m,68.34573397558987
381.000,route_deviations,17
381.000,investigation_time_s,0.0
381.000,hazard_avoidances,17
381.000,min_hazard_distance_m,4.462632048090187
381.000,collisions,0
381.000,time_below_clearance_s,0.0
381.000,safety_zone_violations,0
381.000,min_ttc_s,8.929033367911469
381.000,avoid_success,17
381.000,avoid_timeout,0
381.000,q_convergence,1.2912547013678144
381.000,update_residual,0.00040739458227165493
381.000,investigation_deferred,0
381.000,nav_aborted,0
381.000,nav_canceled,0
381.000,nav_rejected,0
381.000,run_seed,6
382.000,anomalies_detected,0
382.000,anomalies_unique,0
382.000,investigation_timeouts,0
382.000,mission_duration_s,337.436
382.000,distance_traveled_m,68.60781397397018
382.000,route_deviations,17
382.000,investigation_time_s,0.0
382.000,hazard_avoidances,17
382.000,min_hazard_distance_m,4.462632048090187
382.000,collisions,0
382.000,time_below_clearance_s,0.0
382.000,safety_zone_violations,0
382.000,min_ttc_s,8.929033367911469
382.000,avoid_success,17
382.000,avoid_timeout,0
382.000,q_convergence,1.012978158808464
382.000,update_residual,0.01127736342131183
382.000,investigation_deferred,0
382.000,nav_aborted,0
382.000,nav_canceled,0
382.000,nav_rejected,0
382.000,run_seed,6
383.000,anomalies_detected,0
383.000,anomalies_unique,0
383.000,investigation_timeouts,0
383.000,mission_duration_s,338.436
383.000,distance_traveled_m,68.79438657468009
383.000,route_deviations,18
383.000,investigation_time_s,0.0
383.000,hazard_avoidances,18
383.000,min_hazard_distance_m,4.462632048090187
383.000,collisions,0
383.000,time_below_clearance_s,0.0
383.000,safety_zone_violations,0
383.000,min_ttc_s,8.929033367911469
383.000,avoid_success,17
383.000,avoid_timeout,0
383.000,q_convergence,2.1710344931719208
383.000,update_residual,0.017524097537830085
383.000,investigation_deferred,0
383.000,nav_aborted,0
383.000,nav_canceled,0
383.000,nav_rejected,0
383.000,run_seed,6
384.000,anomalies_detected,0
384.000,anomalies_unique,0
384.000,investigation_timeouts,0
384.000,mission_duration_s,339.436
384.000,distance_traveled_m,68.9141603042715
384.000,route_deviations,18
384.000,investigation_time_s,0.0
384.000,hazard_avoidances,18
384.000,min_hazard_distance_m,4.462632048090187
384.000,collisions,0
384.000,time_below_clearance_s,0.0
384.000,safety_zone_violations,0
384.000,min_ttc_s,8.929033367911469
384.000,avoid_success,17
384.000,avoid_timeout,0
384.000,q_convergence,3.4662118384878937
384.000,update_residual,0.004915660466939936
384.000,investigation_deferred,0
384.000,nav_aborted,0
384.000,nav_canceled,0
384.000,nav_rejected,0
384.000,run_seed,6
385.000,anomalies_detected,0
385.000,anomalies_unique,0
385.000,investigation_timeouts,0
385.000,mission_duration_s,340.436
385.000,distance_traveled_m,69.15212241912616
385.000,route_deviations,18
385.000,investigation_time_s,0.0
385.000,hazard_avoidances,18
385.000,min_hazard_distance_m,4.462632048090187
385.000,collisions,0
385.000,time_below_clearance_s,0.0
385.000,safety_zone_violations,0
385.000,min_ttc_s,8.929033367911469
385.000,avoid_success,17
385.000,avoid_timeout,0
385.000,q_convergence,3.5776259729502757
385.000,update_residual,0.002315535367578719
385.000,investigation_deferred,0
385.000,nav_aborted,0
385.000,nav_canceled,0
385.000,nav_rejected,0
385.000,run_seed,6
386.000,anomalies_detected,0
386.000,anomalies_unique,0
386.000,investigation_timeouts,0
386.000,mission_duration_s,341.436
386.000,distance_traveled_m,69.18412698588855
386.000,route_deviations,18
386.000,investigation_time_s,0.0
386.000,hazard_avoidances,18
386.000,min_hazard_distance_m,4.462632048090187
386.000,collisions,0
386.000,time_below_clearance_s,0.0
386.000,safety_zone_violations,0
386.000,min_ttc_s,8.929033367911469
386.000,avoid_success,17
386.000,avoid_timeout,0
386.000,q_convergence,3.550124922421106
386.000,update_residual,0.0024084301765680788
386.000,investigation_deferred,0
386.000,nav_aborted,0
386.000,nav_canceled,0
386.000,nav_rejected,0
386.000,run_seed,6
387.000,anomalies_detected,0
387.000,anomalies_unique,0
387.000,investigation_timeouts,0
387.000,mission_duration_s,342.436
387.000,distance_traveled_m,69.36221377046185
387.000,route_deviations,18
387.000,investigation_time_s,0.0
387.000,hazard_avoidances,18
387.000,min_hazard_distance_m,4.462632048090187
387.000,collisions,0
387.000,time_below_clearance_s,0.0
387.000,safety_zone_violations,0
387.000,min_ttc_s,8.929033367911469
387.000,avoid_success,17
387.000,avoid_timeout,0
387.000,q_convergence,3.456619268735666
387.000,update_residual,0.0037421665199167376
387.000,investigation_deferred,0
387.000,nav_aborted,0
387.000,nav_canceled,0
387.000,nav_rejected,0
387.000,run_seed,6
388.000,anomalies_detected,0
388.000,anomalies_unique,0
388.000,investigation_timeouts,0
388.000,mission_duration_s,343.436
388.000,distance_traveled_m,69.6242931985889
388.000,route_deviations,18
388.000,investigation_time_s,0.0
388.000,hazard_avoidances,18
388.000,min_hazard_distance_m,4.462632048090187
388.000,collisions,0
388.000,time_below_clearance_s,0.0
388.000,safety_zone_violations,0
388.000,min_ttc_s,8.929033367911469
388.000,avoid_success,17
388.000,avoid_timeout,0
388.000,q_convergence,3.3126911546419744
388.000,update_residual,0.011027163593953105
388.000,investigation_deferred,0
388.000,nav_aborted,0
388.000,nav_canceled,0
388.000,nav_rejected,0
388.000,run_seed,6
389.000,anomalies_detected,0
389.000,anomalies_unique,0
389.000,investigation_timeouts,0
389.000,mission_duration_s,344.436
389.000,distance_traveled_m,69.88637274178153
389.000,route_deviations,18
389.000,investigation_time_s,0.0
389.000,hazard_avoidances,18
389.000,min_hazard_distance_m,4.462632048090187
389.000,collisions,0
389.000,time_below_clearance_s,0.0
389.000,safety_zone_violations,0
389.000,min_ttc_s,8.929033367911469
389.000,avoid_success,17
389.000,avoid_timeout,0
389.000,q_convergence,2.9890958520197124
389.000,update_residual,0.008277788901368816
389.000,investigation_deferred,0
389.000,nav_aborted,0
389.000,nav_canceled,0
389.000,nav_rejected,0
389.000,run_seed,6
390.000,anomalies_detected,0
390.000,anomalies_unique,0
390.000,investigation_timeouts,0
390.000,mission_duration_s,345.436
390.000,distance_traveled_m,70.14845266051877
390.000,route_deviations,18
390.000,investigation_time_s,0.0
390.000,hazard_avoidances,18
390.000,min_hazard_distance_m,4.462632048090187
390.000,collisions,0
390.000,time_below_clearance_s,0.0
390.000,safety_zone_violations,0
390.000,min_ttc_s,8.929033367911469
390.000,avoid_success,17
390.000,avoid_timeout,0
390.000,q_convergence,2.9106501242342553
390.000,update_residual,0.0004332161228231328
390.000,investigation_deferred,0
390.000,nav_aborted,0
390.000,nav_canceled,0
390.000,nav_rejected,0
390.000,run_seed,6
391.000,anomalies_detected,0
391.000,anomalies_unique,0
391.000,investigation_timeouts,0
391.000,mission_duration_s,346.436
391.000,distance_traveled_m,70.41050311052194
391.000,route_deviations,18
391.000,investigation_time_s,0.0
391.000,hazard_avoidances,18
391.000,min_hazard_distance_m,4.462632048090187
391.000,collisions,0
391.000,time_below_clearance_s,0.0
391.000,safety_zone_violations,0
391.000,min_ttc_s,8.929033367911469
391.000,avoid_success,17
391.000,avoid_timeout,0
391.000,q_convergence,2.0732762609727264
391.000,update_residual,0.04282809772902072
391.000,investigation_deferred,0
391.000,nav_aborted,0
391.000,nav_canceled,0
391.000,nav_rejected,0
391.000,run_seed,6
392.000,anomalies_detected,0
392.000,anomalies_unique,0
392.000,investigation_timeouts,0
392.000,mission_duration_s,347.436
392.000,distance_traveled_m,70.54738876970069
392.000,route_deviations,18
392.000,investigation_time_s,0.0
392.000,hazard_avoidances,18
392.000,min_hazard_distance_m,4.462632048090187
392.000,collisions,0
392.000,time_below_clearance_s,0.0
392.000,safety_zone_violations,0
392.000,min_ttc_s,8.929033367911469
392.000,avoid_success,18
392.000,avoid_timeout,0
392.000,q_convergence,2.292321070892401
392.000,update_residual,0.017804919766271916
392.000,investigation_deferred,0
392.000,nav_aborted,0
392.000,nav_canceled,0
392.000,nav_rejected,0
392.000,run_seed,6
393.000,anomalies_detected,0
393.000,anomalies_unique,0
393.000,investigation_timeouts,0
393.000,mission_duration_s,348.436
393.000,distance_traveled_m,70.63993752553645
393.000,route_deviations,18
393.000,investigation_time_s,0.0
393.000,hazard_avoidances,18
393.000,min_hazard_distance_m,4.462632048090187
393.000,collisions,0
393.000,time_below_clearance_s,0.0
393.000,safety_zone_violations,0
393.000,min_ttc_s,8.929033367911469
393.000,avoid_success,18
393.000,avoid_timeout,0
393.000,q_convergence,2.1473007754137217
393.000,update_residual,0.004748604714186866
393.000,investigation_deferred,0
393.000,nav_aborted,0
393.000,nav_canceled,0
393.000,nav_rejected,0
393.000,run_seed,6
394.000,anomalies_detected,0
394.000,anomalies_unique,0
394.000,investigation_timeouts,0
394.000,mission_duration_s,349.436
394.000,distance_traveled_m,70.86275889179652
394.000,route_deviations,18
394.000,investigation_time_s,0.0
394.000,hazard_avoidances,18
394.000,min_hazard_distance_m,4.462632048090187
394.000,collisions,0
394.000,time_below_clearance_s,0.0
394.000,safety_zone_violations,0
394.000,min_ttc_s,8.929033367911469
394.000,avoid_success,18
394.000,avoid_timeout,0
394.000,q_convergence,1.8941245749580289
394.000,update_residual,0.010928205592695433
394.000,investigation_deferred,0
394.000,nav_aborted,0
394.000,nav_canceled,0
394.000,nav_rejected,0
394.000,run_seed,6
395.000,anomalies_detected,0
395.000,anomalies_unique,0
395.000,investigation_timeouts,0
395.000,mission_duration_s,350.436
395.000,distance_traveled_m,70.97420943776665
395.000,route_deviations,18
395.000,investigation_time_s,0.0
395.000,hazard_avoidances,18
395.000,min_hazard_distance_m,4.462632048090187
395.000,collisions,0
395.000,time_below_clearance_s,0.0
395.000,safety_zone_violations,0
395.000,min_ttc_s,8.929033367911469
395.000,avoid_success,18
395.000,avoid_timeout,0
395.000,q_convergence,1.7905617695612477
395.000,update_residual,0.0005719250530173484
395.000,investigation_deferred,0
395.000,nav_aborted,0
395.000,nav_canceled,0
395.000,nav_rejected,0
395.000,run_seed,6
396.000,anomalies_detected,0
396.000,anomalies_unique,0
396.000,investigation_timeouts,0
396.000,mission_duration_s,351.436
396.000,distance_traveled_m,71.10783479089791
396.000,route_deviations,18
396.000,investigation_time_s,0.0
396.000,hazard_avoidances,18
396.000,min_hazard_distance_m,4.462632048090187
396.000,collisions,0
396.000,time_below_clearance_s,0.0
396.000,safety_zone_violations,0
396.000,min_ttc_s,8.929033367911469
396.000,avoid_success,18
396.000,avoid_timeout,0
396.000,q_convergence,1.836122623786198
396.000,update_residual,0.03190064826097846
396.000,investigation_deferred,0
396.000,nav_aborted,0
396.000,nav_canceled,0
396.000,nav_rejected,0
396.000,run_seed,6
397.000,anomalies_detected,0
397.000,anomalies_unique,0
397.000,investigation_timeouts,0
397.000,mission_duration_s,352.436
397.000,distance_traveled_m,71.36991325862552
397.000,route_deviations,18
397.000,investigation_time_s,0.0
397.000,hazard_avoidances,18
397.000,min_hazard_distance_m,4.462632048090187
397.000,collisions,0
397.000,time_below_clearance_s,0.0
397.000,safety_zone_violations,0
397.000,min_ttc_s,8.929033367911469
397.000,avoid_success,18
397.000,avoid_timeout,0
397.000,q_convergence,1.3861390738590114
397.000,update_residual,0.009659035385906022
397.000,investigation_deferred,0
397.000,nav_aborted,0
397.000,nav_canceled,0
397.000,nav_rejected,0
397.000,run_seed,6
398.000,anomalies_detected,0
398.000,anomalies_unique,0
398.000,investigation_timeouts,0
398.000,mission_duration_s,353.436
398.000,distance_traveled_m,71.63199324627283
398.000,route_deviations,18
398.000,investigation_time_s,0.0
398.000,hazard_avoidances,18
398.000,min_hazard_distance_m,4.462632048090187
398.000,collisions,0
398.000,time_below_clearance_s,0.0
398.000,safety_zone_violations,0
398.000,min_ttc_s,8.929033367911469
398.000,avoid_success,18
398.000,avoid_timeout,0
398.000,q_convergence,1.294998266102936
398.000,update_residual,0.0005449546102984668
398.000,investigation_deferred,0
398.000,nav_aborted,0
398.000,nav_canceled,0
398.000,nav_rejected,0
398.000,run_seed,6
399.000,anomalies_detected,0
399.000,anomalies_unique,0
399.000,investigation_timeouts,0
399.000,mission_duration_s,354.436
399.000,distance_traveled_m,71.89407323653458
399.000,route_deviations,18
399.000,investigation_time_s,0.0
399.000,hazard_avoidances,18
399.000,min_hazard_distance_m,4.462632048090187
399.000,collisions,0
399.000,time_below_clearance_s,0.0
399.000,safety_zone_violations,0
399.000,min_ttc_s,8.929033367911469
399.000,avoid_success,18
399.000,avoid_timeout,0
399.000,q_convergence,1.0596504866939618
399.000,update_residual,0.005287677806943868
399.000,investigation_deferred,0
399.000,nav_aborted,0
399.000,nav_canceled,0
399.000,nav_rejected,0
399.000,run_seed,6
400.000,anomalies_detected,0
400.000,anomalies_unique,0
400.000,investigation_timeouts,0
400.000,mission_duration_s,355.436
400.000,distance_traveled_m,72.15615323097579
400.000,route_deviations,18
400.000,investigation_time_s,0.0
400.000,hazard_avoidances,18
400.000,min_hazard_distance_m,4.462632048090187
400.000,collisions,0
400.000,time_below_clearance_s,0.0
400.000,safety_zone_violations,0
400.000,min_ttc_s,8.929033367911469
400.000,avoid_success,18
400.000,avoid_timeout,0
400.000,q_convergence,1.0932799131121325
400.000,update_residual,0.0002836498887826114
400.000,investigation_deferred,0
400.000,nav_aborted,0
400.000,nav_canceled,0
400.000,nav_rejected,0
400.000,run_seed,6
401.000,anomalies_detected,0
401.000,anomalies_unique,0
401.000,investigation_timeouts,0
401.000,mission_duration_s,356.436
401.000,distance_traveled_m,72.3271239115184
401.000,route_deviations,19
401.000,investigation_time_s,0.0
401.000,hazard_avoidances,19
401.000,min_hazard_distance_m,4.462632048090187
401.000,collisions,0
401.000,time_below_clearance_s,0.0
401.000,safety_zone_violations,0
401.000,min_ttc_s,8.929033367911469
401.000,avoid_success,18
401.000,avoid_timeout,0
401.000,q_convergence,2.186908764565815
401.000,update_residual,0.018918252315874625
401.000,investigation_deferred,0
401.000,nav_aborted,0
401.000,nav_canceled,0
401.000,nav_rejected,0
401.000,run_seed,6
402.000,anomalies_detected,0
402.000,anomalies_unique,0
402.000,investigation_timeouts,0
402.000,mission_duration_s,357.436
402.000,distance_traveled_m,72.46732337766485
402.000,route_deviations,19
402.000,investigation_time_s,0.0
402.000,hazard_avoidances,19
402.000,min_hazard_distance_m,4.462632048090187
402.000,collisions,0
402.000,time_below_clearance_s,0.0
402.000,safety_zone_violations,0
402.000,min_ttc_s,8.929033367911469
402.000,avoid_success,18
402.000,avoid_timeout,0
402.000,q_convergence,3.4607775855515435
402.000,update_residual,0.004970208665647036
402.000,investigation_deferred,0
402.000,nav_aborted,0
402.000,nav_canceled,0
402.000,nav_rejected,0
402.000,run_seed,6
403.000,anomalies_detected,0
403.000,anomalies_unique,0
403.000,investigation_timeouts,0
403.000,mission_duration_s,358.436
403.000,distance_traveled_m,72.69922388072507
403.000,route_deviations,19
403.000,investigation_time_s,0.0
403.000,hazard_avoidances,19
403.000,min_hazard_distance_m,4.462632048090187
403.000,collisions,0
403.000,time_below_clearance_s,0.0
403.000,safety_zone_violations,0
403.000,min_ttc_s,8.929033367911469
403.000,avoid_success,18
403.000,avoid_timeout,0
403.000,q_convergence,3.5656373791620957
403.000,update_residual,0.0019582176749877306
403.000,investigation_deferred,0
403.000,nav_aborted,0
403.000,nav_canceled,0
403.000,nav_rejected,0
403.000,run_seed,6
404.000,anomalies_detected,0
404.000,anomalies_unique,0
404.000,investigation_timeouts,0
404.000,mission_duration_s,359.436
404.000,distance_traveled_m,72.7295868280504
404.000,route_deviations,19
404.000,investigation_time_s,0.0
404.000,hazard_avoidances,19
404.000,min_hazard_distance_m,4.462632048090187
404.000,collisions,0
404.000,time_below_clearance_s,0.0
404.000,safety_zone_violations,0
404.000,min_ttc_s,8.929033367911469
404.000,avoid_success,18
404.000,avoid_timeout,0
404.000,q_convergence,3.527074995712493
404.000,update_residual,0.0028197958274306795
404.000,investigation_deferred,0
404.000,nav_aborted,0
404.000,nav_canceled,0
404.000,nav_rejected,0
404.000,run_seed,6
405.000,anomalies_detected,0
405.000,anomalies_unique,0
405.000,investigation_timeouts,0
405.000,mission_duration_s,360.436
405.000,distance_traveled_m,72.95836842744205
405.000,route_deviations,19
405.000,investigation_time_s,0.0
405.000,hazard_avoidances,19
405.000,min_hazard_distance_m,4.462632048090187
405.000,collisions,0
405.000,time_below_clearance_s,0.0
405.000,safety_zone_violations,0
405.000,min_ttc_s,8.929033367911469
405.000,avoid_success,18
405.000,avoid_timeout,0
405.000,q_convergence,3.435257346947163
405.000,update_residual,0.0034778930917571016
405.000,investigation_deferred,0
405.000,nav_aborted,0
405.000,nav_canceled,0
405.000,nav_rejected,0
405.000,run_seed,6
406.000,anomalies_detected,0
406.000,anomalies_unique,0
406.000,investigation_timeouts,0
406.000,mission_duration_s,361.436
406.000,distance_traveled_m,73.22044806967932
406.000,route_deviations,19
406.000,investigation_time_s,0.0
406.000,hazard_avoidances,19
406.000,min_hazard_distance_m,4.462632048090187
406.000,collisions,0
406.000,time_below_clearance_s,0.0
406.000,safety_zone_violations,0
406.000,min_ttc_s,8.929033367911469
406.000,avoid_success,18
406.000,avoid_timeout,0
406.000,q_convergence,3.2397648282991054
406.000,update_residual,0.016344709235435354
406.000,investigation_deferred,0
406.000,nav_aborted,0
406.000,nav_canceled,0
406.000,nav_rejected,0
406.000,run_seed,6
407.000,anomalies_detected,0
407.000,anomalies_unique,0
407.000,investigation_timeouts,0
407.000,mission_duration_s,362.436
407.000,distance_traveled_m,73.48252795568958
407.000,route_deviations,19
407.000,investigation_time_s,0.0
407.000,hazard_avoidances,19
407.000,min_hazard_distance_m,4.462632048090187
407.000,collisions,0
407.000,time_below_clearance_s,0.0
407.000,safety_zone_violations,0
407.000,min_ttc_s,8.929033367911469
407.000,avoid_success,18
407.000,avoid_timeout,0
407.000,q_convergence,3.0293534495491543
407.000,update_residual,0.013894679592400047
407.000,investigation_deferred,0
407.000,nav_aborted,0
407.000,nav_canceled,0
407.000,nav_rejected,0
407.000,run_seed,6
408.000,anomalies_detected,0
408.000,anomalies_unique,0
408.000,investigation_timeouts,0
408.000,mission_duration_s,363.436
408.000,distance_traveled_m,73.74460789361962
408.000,route_deviations,19
408.000,investigation_time_s,0.0
408.000,hazard_avoidances,19
408.000,min_hazard_distance_m,4.462632048090187
408.000,collisions,0
408.000,time_below_clearance_s,0.0
408.000,safety_zone_violations,0
408.000,min_ttc_s,8.929033367911469
408.000,avoid_success,18
408.000,avoid_timeout,0
408.000,q_convergence,2.073002861237109
408.000,update_residual,0.04163461029742369
408.000,investigation_deferred,0
408.000,nav_aborted,0
408.000,nav_canceled,0
408.000,nav_rejected,0
408.000,run_seed,6
409.000,anomalies_detected,0
409.000,anomalies_unique,0
409.000,investigation_timeouts,0
409.000,mission_duration_s,364.436
409.000,distance_traveled_m,74.00243553348619
409.000,route_deviations,19
409.000,investigation_time_s,0.0
409.000,hazard_avoidances,19
409.000,min_hazard_distance_m,4.462632048090187
409.000,collisions,0
409.000,time_below_clearance_s,0.0
409.000,safety_zone_violations,0
409.000,min_ttc_s,8.929033367911469
409.000,avoid_success,18
409.000,avoid_timeout,0
409.000,q_convergence,2.189638381078496
409.000,update_residual,0.010131957383432274
409.000,investigation_deferred,0
409.000,nav_aborted,0
409.000,nav_canceled,0
409.000,nav_rejected,0
409.000,run_seed,6
410.000,anomalies_detected,0
410.000,anomalies_unique,0
410.000,investigation_timeouts,0
410.000,mission_duration_s,365.436
410.000,distance_traveled_m,74.06698315834464
410.000,route_deviations,19
410.000,investigation_time_s,0.0
410.000,hazard_avoidances,19
410.000,min_hazard_distance_m,4.462632048090187
410.000,collisions,0
410.000,time_below_clearance_s,0.0
410.000,safety_zone_violations,0
410.000,min_ttc_s,8.929033367911469
410.000,avoid_success,19
410.000,avoid_timeout,0
410.000,q_convergence,1.9982763295541894
410.000,update_residual,0.009689769350209392
410.000,investigation_deferred,0
410.000,nav_aborted,0
410.000,nav_canceled,0
410.000,nav_rejected,0
410.000,run_seed,6
411.000,anomalies_detected,0
411.000,anomalies_unique,0
411.000,investigation_timeouts,0
411.000,mission_duration_s,366.436
411.000,distance_traveled_m,74.16272674935585
411.000,route_deviations,19
411.000,investigation_time_s,0.0
411.000,hazard_avoidances,19
411.000,min_hazard_distance_m,4.462632048090187
411.000,collisions,0
411.000,time_below_clearance_s,0.0
411.000,safety_zone_violations,0
411.000,min_ttc_s,8.929033367911469
411.000,avoid_success,19
411.000,avoid_timeout,0
411.000,q_convergence,1.8700834939883544
411.000,update_residual,0.00950125078308068
411.000,investigation_deferred,0
411.000,nav_aborted,0
411.000,nav_canceled,0
411.000,nav_rejected,0
411.000,run_seed,6
412.000,anomalies_detected,0
412.000,anomalies_unique,0
412.000,investigation_timeouts,0
412.000,mission_duration_s,367.436
412.000,distance_traveled_m,74.38217556804854
412.000,route_deviations,19
412.000,investigation_time_s,0.0
412.000,hazard_avoidances,19
412.000,min_hazard_distance_m,4.462632048090187
412.000,collisions,0
412.000,time_below_clearance_s,0.0
412.000,safety_zone_violations,0
412.000,min_ttc_s,8.929033367911469
412.000,avoid_success,19
412.000,avoid_timeout,0
412.000,q_convergence,1.604287277861436
412.000,update_residual,0.009547693962752119
412.000,investigation_deferred,0
412.000,nav_aborted,0
412.000,nav_canceled,0
412.000,nav_rejected,0
412.000,run_seed,6
413.000,anomalies_detected,0
413.000,anomalies_unique,0
413.000,investigation_timeouts,0
413.000,mission_duration_s,368.436
413.000,distance_traveled_m,74.48465349015507
413.000,route_deviations,19
413.000,investigation_time_s,0.0
413.000,hazard_avoidances,19
413.000,min_hazard_distance_m,4.462632048090187
413.000,collisions,0
413.000,time_below_clearance_s,0.0
413.000,safety_zone_violations,0
413.000,min_ttc_s,8.929033367911469
413.000,avoid_success,19
413.000,avoid_timeout,0
413.000,q_convergence,1.513807101270191
413.000,update_residual,0.0004996763036276027
413.000,investigation_deferred,0
413.000,nav_aborted,0
413.000,nav_canceled,0
413.000,nav_rejected,0
413.000,run_seed,6
414.000,anomalies_detected,0
414.000,anomalies_unique,0
414.000,investigation_timeouts,0
414.000,mission_duration_s,369.436
414.000,distance_traveled_m,74.63214104309556
414.000,route_deviations,19
414.000,investigation_time_s,0.0
414.000,hazard_avoidances,19
414.000,min_hazard_distance_m,4.462632048090187
414.000,collisions,0
414.000,time_below_clearance_s,0.0
414.000,safety_zone_violations,0
414.000,min_ttc_s,8.929033367911469
414.000,avoid_success,19
414.000,avoid_timeout,0
414.000,q_convergence,1.5572777758414031
414.000,update_residual,0.027478898834257557
414.000,investigation_deferred,0
414.000,nav_aborted,0
414.000,nav_canceled,0
414.000,nav_rejected,0
414.000,run_seed,6
415.000,anomalies_detected,0
415.000,anomalies_unique,0
415.000,investigation_timeouts,0
415.000,mission_duration_s,370.436
415.000,distance_traveled_m,74.89421960268126
415.000,route_deviations,19
415.000,investigation_time_s,0.0
415.000,hazard_avoidances,19
415.000,min_hazard_distance_m,4.462632048090187
415.000,collisions,0
415.000,time_below_clearance_s,0.0
415.000,safety_zone_violations,0
415.000,min_ttc_s,8.929033367911469
415.000,avoid_success,19
415.000,avoid_timeout,0
415.000,q_convergence,1.0683866153984471
415.000,update_residual,0.003912617984884283
415.000,investigation_deferred,0
415.000,nav_aborted,0
415.000,nav_canceled,0
415.000,nav_rejected,0
415.000,run_seed,6
416.000,anomalies_detected,0
416.000,anomalies_unique,0
416.000,investigation_timeouts,0
416.000,mission_duration_s,371.436
416.000,distance_traveled_m,75.1562995976178
416.000,route_deviations,19
416.000,investigation_time_s,0.0
416.000,hazard_avoidances,19
416.000,min_hazard_distance_m,4.462632048090187
416.000,collisions,0
416.000,time_below_clearance_s,0.0
416.000,safety_zone_violations,0
416.000,min_ttc_s,8.929033367911469
416.000,avoid_success,19
416.000,avoid_timeout,0
416.000,q_convergence,1.0881948553401868
416.000,update_residual,0.00019206140338166023
416.000,investigation_deferred,0
416.000,nav_aborted,0
416.000,nav_canceled,0
416.000,nav_rejected,0
416.000,run_seed,6
417.000,anomalies_detected,0
417.000,anomalies_unique,0
417.000,investigation_timeouts,0
417.000,mission_duration_s,372.436
417.000,distance_traveled_m,75.4183795915788
417.000,route_deviations,19
417.000,investigation_time_s,0.0
417.000,hazard_avoidances,19
417.000,min_hazard_distance_m,4.462632048090187
417.000,collisions,0
417.000,time_below_clearance_s,0.0
417.000,safety_zone_violations,0
417.000,min_ttc_s,8.929033367911469
417.000,avoid_success,19
417.000,avoid_timeout,0
417.000,q_convergence,1.009703533164693
417.000,update_residual,0.008310538419679015
417.000,investigation_deferred,0
417.000,nav_aborted,0
417.000,nav_canceled,0
417.000,nav_rejected,0
417.000,run_seed,6
418.000,anomalies_detected,0
418.000,anomalies_unique,0
418.000,investigation_timeouts,0
418.000,mission_duration_s,373.436
418.000,distance_traveled_m,75.68045958871889
418.000,route_deviations,19
418.000,investigation_time_s,0.0
418.000,hazard_avoidances,19
418.000,min_hazard_distance_m,4.462632048090187
418.000,collisions,0
418.000,time_below_clearance_s,0.0
418.000,safety_zone_violations,0
418.000,min_ttc_s,8.929033367911469
418.000,avoid_success,19
418.000,avoid_timeout,0
418.000,q_convergence,0.9885716449429334
418.000,update_residual,0.0061973495975030535
418.000,investigation_deferred,0
418.000,nav_aborted,0
418.000,nav_canceled,0
418.000,nav_rejected,0
418.000,run_seed,6
419.000,anomalies_detected,0
419.000,anomalies_unique,0
419.000,investigation_timeouts,0
419.000,mission_duration_s,374.436
419.000,distance_traveled_m,75.92938520207714
419.000,route_deviations,20
419.000,investigation_time_s,0.0
419.000,hazard_avoidances,20
419.000,min_hazard_distance_m,4.462632048090187
419.000,collisions,0
419.000,time_below_clearance_s,0.0
419.000,safety_zone_violations,0
419.000,min_ttc_s,8.929033367911469
419.000,avoid_success,19
419.000,avoid_timeout,0
419.000,q_convergence,2.1503081483889916
419.000,update_residual,0.024380380540757578
419.000,investigation_deferred,0
419.000,nav_aborted,0
419.000,nav_canceled,0
419.000,nav_rejected,0
419.000,run_seed,6
420.000,anomalies_detected,0
420.000,anomalies_unique,0
420.000,investigation_timeouts,0
420.000,mission_duration_s,375.436
420.000,distance_traveled_m,76.01209982533521
420.000,route_deviations,20
420.000,investigation_time_s,0.0
420.000,hazard_avoidances,20
420.000,min_hazard_distance_m,4.462632048090187
420.000,collisions,0
420.000,time_below_clearance_s,0.0
420.000,safety_zone_violations,0
420.000,min_ttc_s,8.929033367911469
420.000,avoid_success,19
420.000,avoid_timeout,0
420.000,q_convergence,3.4637465966479537
420.000,update_residual,0.00517527529743329
420.000,investigation_deferred,0
420.000,nav_aborted,0
420.000,nav_canceled,0
420.000,nav_rejected,0
420.000,run_seed,6
421.000,anomalies_detected,0
421.000,anomalies_unique,0
421.000,investigation_timeouts,0
421.000,mission_duration_s,376.436
421.000,distance_traveled_m,76.24388844958143
421.000,route_deviations,20
421.000,investigation_time_s,0.0
421.000,hazard_avoidances,20
421.000,min_hazard_distance_m,4.462632048090187
421.000,collisions,0
421.000,time_below_clearance_s,0.0
421.000,safety_zone_violations,0
421.000,min_ttc_s,8.929033367911469
421.000,avoid_success,19
421.000,avoid_timeout,0
421.000,q_convergence,3.6091743876179163
421.000,update_residual,0.004236128708590769
421.000,investigation_deferred,0
421.000,nav_aborted,0
421.000,nav_canceled,0
421.000,nav_rejected,0
421.000,run_seed,6
422.000,anomalies_detected,0
422.000,anomalies_unique,0
422.000,investigation_timeouts,0
422.000,mission_duration_s,377.436
422.000,distance_traveled_m,76.35711678698121
422.000,route_deviations,20
422.000,investigation_time_s,0.0
422.000,hazard_avoidances,20
422.000,min_hazard_distance_m,4.462632048090187
422.000,collisions,0
422.000,time_below_clearance_s,0.0
422.000,safety_zone_violations,0
422.000,min_ttc_s,8.929033367911469
422.000,avoid_success,19
422.000,avoid_timeout,0
422.000,q_convergence,3.6572566846045143
422.000,update_residual,0.0003361590750915823
422.000,investigation_deferred,0
422.000,nav_aborted,0
422.000,nav_canceled,0
422.000,nav_rejected,0
422.000,run_seed,6
423.000,anomalies_detected,0
423.000,anomalies_unique,0
423.000,investigation_timeouts,0
423.000,mission_duration_s,378.436
423.000,distance_traveled_m,76.47034841270116
423.000,route_deviations,20
423.000,investigation_time_s,0.0
423.000,hazard_avoidances,20
423.000,min_hazard_distance_m,4.462632048090187
423.000,collisions,0
423.000,time_below_clearance_s,0.0
423.000,safety_zone_violations,0
423.000,min_ttc_s,8.929033367911469
423.000,avoid_success,19
423.000,avoid_timeout,0
423.000,q_convergence,3.556674540732274
423.000,update_residual,0.005291228521918999
423.000,investigation_deferred,0
423.000,nav_aborted,0
423.000,nav_canceled,0
423.000,nav_rejected,0
423.000,run_seed,6
424.000,anomalies_detected,0
424.000,anomalies_unique,0
424.000,investigation_timeouts,0
424.000,mission_duration_s,379.436
424.000,distance_traveled_m,76.73242572788577
424.000,route_deviations,20
424.000,investigation_time_s,0.0
424.000,hazard_avoidances,20
424.000,min_hazard_distance_m,4.462632048090187
424.000,collisions,0
424.000,time_below_clearance_s,0.0
424.000,safety_zone_violations,0
424.000,min_ttc_s,8.929033367911469
424.000,avoid_success,19
424.000,avoid_timeout,0
424.000,q_convergence,3.485509892052829
424.000,update_residual,0.0014160933578695745
424.000,investigation_deferred,0
424.000,nav_aborted,0
424.000,nav_canceled,0
424.000,nav_rejected,0
424.000,run_seed,6
425.000,anomalies_detected,0
425.000,anomalies_unique,0
425.000,investigation_timeouts,0
425.000,mission_duration_s,380.436
425.000,distance_traveled_m,76.994505693224
425.000,route_deviations,20
425.000,investigation_time_s,0.0
425.000,hazard_avoidances,20
425.000,min_hazard_distance_m,4.462632048090187
425.000,collisions,0
425.000,time_below_clearance_s,0.0
425.000,safety_zone_violations,0
425.000,min_ttc_s,8.929033367911469
425.000,avoid_success,19
425.000,avoid_timeout,0
425.000,q_convergence,3.249571696738553
425.000,update_residual,0.018614577178045703
425.000,investigation_deferred,0
425.000,nav_aborted,0
425.000,nav_canceled,0
425.000,nav_rejected,0
425.000,run_seed,6
426.000,anomalies_detected,0
426.000,anomalies_unique,0
426.000,investigation_timeouts,0
426.000,mission_duration_s,381.436
426.000,distance_traveled_m,77.25658550028595
426.000,route_deviations,20
426.000,investigation_time_s,0.0
426.000,hazard_avoidances,20
426.000,min_hazard_distance_m,4.462632048090187
426.000,collisions,0
426.000,time_below_clearance_s,0.0
426.000,safety_zone_violations,0
426.000,min_ttc_s,8.929033367911469
426.000,avoid_success,19
426.000,avoid_timeout,0
426.000,q_convergence,3.043634365796648
426.000,update_residual,0.014550272587399495
426.000,investigation_deferred,0
426.000,nav_aborted,0
426.000,nav_canceled,0
426.000,nav_rejected,0
426.000,run_seed,6
427.000,anomalies_detected,0
427.000,anomalies_unique,0
427.000,investigation_timeouts,0
427.000,mission_duration_s,382.436
427.000,distance_traveled_m,77.51866549206919
427.000,route_deviations,20
427.000,investigation_time_s,0.0
427.000,hazard_avoidances,20
427.000,min_hazard_distance_m,4.462632048090187
427.000,collisions,0
427.000,time_below_clearance_s,0.0
427.000,safety_zone_violations,0
427.000,min_ttc_s,8.929033367911469
427.000,avoid_success,19
427.000,avoid_timeout,0
427.000,q_convergence,2.9057464906411705
427.000,update_residual,0.0007614850718518482
427.000,investigation_deferred,0
427.000,nav_aborted,0
427.000,nav_canceled,0
427.000,nav_rejected,0
427.000,run_seed,6
428.000,anomalies_detected,0
428.000,anomalies_unique,0
428.000,investigation_timeouts,0
428.000,mission_duration_s,383.436
428.000,distance_traveled_m,77.76512613154718
428.000,route_deviations,20
428.000,investigation_time_s,0.0
428.000,hazard_avoidances,20
428.000,min_hazard_distance_m,4.462632048090187
428.000,collisions,0
428.000,time_below_clearance_s,0.0
428.000,safety_zone_violations,0
428.000,min_ttc_s,8.929033367911469
428.000,avoid_success,19
428.000,avoid_timeout,0
428.000,q_convergence,2.0881390678850673
428.000,update_residual,0.04064083424237369
428.000,investigation_deferred,0
428.000,nav_aborted,0
428.000,nav_canceled,0
428.000,nav_rejected,0
428.000,run_seed,6
429.000,anomalies_detected,0
429.000,anomalies_unique,0
429.000,investigation_timeouts,0
429.000,mission_duration_s,384.436
429.000,distance_traveled_m,77.80687406161796
429.000,route_deviations,20
429.000,investigation_time_s,0.0
429.000,hazard_avoidances,20
429.000,min_hazard_distance_m,4.462632048090187
429.000,collisions,0
429.000,time_below_clearance_s,0.0
429.000,safety_zone_violations,0
429.000,min_ttc_s,8.929033367911469
429.000,avoid_success,20
429.000,avoid_timeout,0
429.000,q_convergence,2.1400361179772185
429.000,update_residual,0.032337577595703666
429.000,investigation_deferred,0
429.000,nav_aborted,0
429.000,nav_canceled,0
429.000,nav_rejected,0
429.000,run_seed,6
430.000,anomalies_detected,0
430.000,anomalies_unique,0
430.000,investigation_timeouts,0
430.000,mission_duration_s,385.436
430.000,distance_traveled_m,77.89804139358446
430.000,route_deviations,20
430.000,investigation_time_s,0.0
430.000,hazard_avoidances,20
430.000,min_hazard_distance_m,4.462632048090187
430.000,collisions,0
430.000,time_below_clearance_s,0.0
430.000,safety_zone_violations,0
430.000,min_ttc_s,8.929033367911469
430.000,avoid_success,20
430.000,avoid_timeout,0
430.000,q_convergence,2.179714059155451
430.000,update_residual,0.008581394931133421
430.000,investigation_deferred,0
430.000,nav_aborted,0
430.000,nav_canceled,0
430.000,nav_rejected,0
430.000,run_seed,6
431.000,anomalies_detected,0
431.000,anomalies_unique,0
431.000,investigation_timeouts,0
431.000,mission_duration_s,386.436
431.000,distance_traveled_m,78.11894417158139
431.000,route_deviations,20
431.000,investigation_time_s,0.0
431.000,hazard_avoidances,20
431.000,min_hazard_distance_m,4.462632048090187
431.000,collisions,0
431.000,time_below_clearance_s,0.0
431.000,safety_zone_violations,0
431.000,min_ttc_s,8.929033367911469
431.000,avoid_success,20
431.000,avoid_timeout,0
431.000,q_convergence,2.0983911625693987
431.000,update_residual,0.0004491052725282046
431.000,investigation_deferred,0
431.000,nav_aborted,0
431.000,nav_canceled,0
431.000,nav_rejected,0
431.000,run_seed,6
432.000,anomalies_detected,0
432.000,anomalies_unique,0
432.000,investigation_timeouts,0
432.000,mission_duration_s,387.436
432.000,distance_traveled_m,78.2228525912948
432.000,route_deviations,20
432.000,investigation_time_s,0.0
432.000,hazard_avoidances,20
432.000,min_hazard_distance_m,4.462632048090187
432.000,collisions,0
432.000,time_below_clearance_s,0.0
432.000,safety_zone_violations,0
432.000,min_ttc_s,8.929033367911469
432.000,avoid_success,20
432.000,avoid_timeout,0
432.000,q_convergence,1.9089590854237848
432.000,update_residual,0.01291439920562856
432.000,investigation_deferred,0
432.000,nav_aborted,0
432.000,nav_canceled,0
432.000,nav_rejected,0
432.000,run_seed,6
433.000,anomalies_detected,0
433.000,anomalies_unique,0
433.000,investigation_timeouts,0
433.000,mission_duration_s,388.436
433.000,distance_traveled_m,78.36121883020496
433.000,route_deviations,20
433.000,investigation_time_s,0.0
433.000,hazard_avoidances,20
433.000,min_hazard_distance_m,4.462632048090187
433.000,collisions,0
433.000,time_below_clearance_s,0.0
433.000,safety_zone_violations,0
433.000,min_ttc_s,8.929033367911469
433.000,avoid_success,20
433.000,avoid_timeout,0
433.000,q_convergence,1.9842846750259195
433.000,update_residual,0.020446958165842053
433.000,investigation_deferred,0
433.000,nav_aborted,0
433.000,nav_canceled,0
433.000,nav_rejected,0
433.000,run_seed,6
434.000,anomalies_detected,0
434.000,anomalies_unique,0
434.000,investigation_timeouts,0
434.000,mission_duration_s,389.436
434.000,distance_traveled_m,78.62329731877533
434.000,route_deviations,20
434.000,investigation_time_s,0.0
434.000,hazard_avoidances,20
434.000,min_hazard_distance_m,4.462632048090187
434.000,collisions,0
434.000,time_below_clearance_s,0.0
434.000,safety_zone_violations,0
434.000,min_ttc_s,8.929033367911469
434.000,avoid_success,20
434.000,avoid_timeout,0
434.000,q_convergence,1.6147360923490937
434.000,update_residual,0.010189326298671983
434.000,investigation_deferred,0
434.000,nav_aborted,0
434.000,nav_canceled,0
434.000,nav_rejected,0
434.000,run_seed,6
435.000,anomalies_detected,0
435.000,anomalies_unique,0
435.000,investigation_timeouts,0
435.000,mission_duration_s,390.436
435.000,distance_traveled_m,78.88537731179824
435.000,route_deviations,20
435.000,investigation_time_s,0.0
435.000,hazard_avoidances,20
435.000,min_hazard_distance_m,4.462632048090187
435.000,collisions,0
435.000,time_below_clearance_s,0.0
435.000,safety_zone_violations,0
435.000,min_ttc_s,8.929033367911469
435.000,avoid_success,20
435.000,avoid_timeout,0
435.000,q_convergence,1.3680526375071496
435.000,update_residual,0.008213623254913123
435.000,investigation_deferred,0
435.000,nav_aborted,0
435.000,nav_canceled,0
435.000,nav_rejected,0
435.000,run_seed,6
436.000,anomalies_detected,0
436.000,anomalies_unique,0
436.000,investigation_timeouts,0
436.000,mission_duration_s,391.436
436.000,distance_traveled_m,79.14745730606613
436.000,route_deviations,20
436.000,investigation_time_s,0.0
436.000,hazard_avoidances,20
436.000,min_hazard_distance_m,4.462632048090187
436.000,collisions,0
436.000,time_below_clearance_s,0.0
436.000,safety_zone_violations,0
436.000,min_ttc_s,8.929033367911469
436.000,avoid_success,20
436.000,avoid_timeout,0
436.000,q_convergence,1.290214985247055
436.000,update_residual,0.00042985802890373675
436.000,investigation_deferred,0
436.000,nav_aborted,0
436.000,nav_canceled,0
436.000,nav_rejected,0
436.000,run_seed,6
437.000,anomalies_detected,0
437.000,anomalies_unique,0
437.000,investigation_timeouts,0
437.000,mission_duration_s,392.436
437.000,distance_traveled_m,79.40017730405891
437.000,route_deviations,20
437.000,investigation_time_s,0.0
437.000,hazard_avoidances,20
437.000,min_hazard_distance_m,4.462632048090187
437.000,collisions,0
437.000,time_below_clearance_s,0.0
437.000,safety_zone_violations,0
437.000,min_ttc_s,8.929033367911469
437.000,avoid_success,20
437.000,avoid_timeout,0
437.000,q_convergence,1.011196547217525
437.000,update_residual,0.012353542535841653
437.000,investigation_deferred,0
437.000,nav_aborted,0
437.000,nav_canceled,0
437.000,nav_rejected,0
437.000,run_seed,6
438.000,anomalies_detected,0
438.000,anomalies_unique,0
438.000,investigation_timeouts,0
438.000,mission_duration_s,393.436
438.000,distance_traveled_m,79.59126130170539
438.000,route_deviations,21
438.000,investigation_time_s,0.0
438.000,hazard_avoidances,21
438.000,min_hazard_distance_m,4.462632048090187
438.000,collisions,0
438.000,time_below_clearance_s,0.0
438.000,safety_zone_violations,0
438.000,min_ttc_s,8.929033367911469
438.000,avoid_success,20
438.000,avoid_timeout,0
438.000,q_convergence,2.1341706023986555
438.000,update_residual,0.01568184326688947
438.000,investigation_deferred,0
438.000,nav_aborted,0
438.000,nav_canceled,0
438.000,nav_rejected,0
438.000,run_seed,6
439.000,anomalies_detected,0
439.000,anomalies_unique,0
439.000,investigation_timeouts,0
439.000,mission_duration_s,394.436
439.000,distance_traveled_m,79.70130287319823
439.000,route_deviations,21
439.000,investigation_time_s,0.0
439.000,hazard_avoidances,21
439.000,min_hazard_distance_m,4.462632048090187
439.000,collisions,0
439.000,time_below_clearance_s,0.0
439.000,safety_zone_violations,0
439.000,min_ttc_s,8.929033367911469
439.000,avoid_success,20
439.000,avoid_timeout,0
439.000,q_convergence,3.4620447477746255
439.000,update_residual,0.005054666277943374
439.000,investigation_deferred,0
439.000,nav_aborted,0
439.000,nav_canceled,0
439.000,nav_rejected,0
439.000,run_seed,6
440.000,anomalies_detected,0
440.000,anomalies_unique,0
440.000,investigation_timeouts,0
440.000,mission_duration_s,395.436
440.000,distance_traveled_m,79.95006423037121
440.000,route_deviations,21
440.000,investigation_time_s,0.0
440.000,hazard_avoidances,21
440.000,min_hazard_distance_m,4.462632048090187
440.000,collisions,0
440.000,time_below_clearance_s,0.0
440.000,safety_zone_violations,0
440.000,min_ttc_s,8.929033367911469
440.000,avoid_success,20
440.000,avoid_timeout,0
440.000,q_convergence,3.574677357967036
440.000,update_residual,0.002172751265419544
440.000,investigation_deferred,0
440.000,nav_aborted,0
440.000,nav_canceled,0
440.000,nav_rejected,0
440.000,run_seed,6
441.000,anomalies_detected,0
441.000,anomalies_unique,0
441.000,investigation_timeouts,0
441.000,mission_duration_s,396.436
441.000,distance_traveled_m,80.00070292143332
441.000,route_deviations,21
441.000,investigation_time_s,0.0
441.000,hazard_avoidances,21
441.000,min_hazard_distance_m,4.462632048090187
441.000,collisions,0
441.000,time_below_clearance_s,0.0
441.000,safety_zone_violations,0
441.000,min_ttc_s,8.929033367911469
441.000,avoid_success,20
441.000,avoid_timeout,0
441.000,q_convergence,3.5487630168511886
441.000,update_residual,0.002265499606858284
441.000,investigation_deferred,0
441.000,nav_aborted,0
441.000,nav_canceled,0
441.000,nav_rejected,0
441.000,run_seed,6
442.000,anomalies_detected,0
442.000,anomalies_unique,0
442.000,investigation_timeouts,0
442.000,mission_duration_s,397.436
442.000,distance_traveled_m,80.18208211427397
442.000,route_deviations,21
442.000,investigation_time_s,0.0
442.000,hazard_avoidances,21
442.000,min_hazard_distance_m,4.462632048090187
442.000,collisions,0
442.000,time_below_clearance_s,0.0
442.000,safety_zone_violations,0
442.000,min_ttc_s,8.929033367911469
442.000,avoid_success,20
442.000,avoid_timeout,0
442.000,q_convergence,3.5273300326861716
442.000,update_residual,0.00012220119035660575
442.000,investigation_deferred,0
442.000,nav_aborted,0
442.000,nav_canceled,0
442.000,nav_rejected,0
442.000,run_seed,6
443.000,anomalies_detected,0
443.000,anomalies_unique,0
443.000,investigation_timeouts,0
443.000,mission_duration_s,398.436
443.000,distance_traveled_m,80.44416116238654
443.000,route_deviations,21
443.000,investigation_time_s,0.0
443.000,hazard_avoidances,21
443.000,min_hazard_distance_m,4.462632048090187
443.000,collisions,0
443.000,time_below_clearance_s,0.0
443.000,safety_zone_violations,0
443.000,min_ttc_s,8.929033367911469
443.000,avoid_success,20
443.000,avoid_timeout,0
443.000,q_convergence,3.2987011219119453
443.000,update_residual,0.01675036360688445
443.000,investigation_deferred,0
443.000,nav_aborted,0
443.000,nav_canceled,0
443.000,nav_rejected,0
443.000,run_seed,6
444.000,anomalies_detected,0
444.000,anomalies_unique,0
444.000,investigation_timeouts,0
444.000,mission_duration_s,399.436
444.000,distance_traveled_m,80.7062410194855
444.000,route_deviations,21
444.000,investigation_time_s,0.0
444.000,hazard_avoidances,21
444.000,min_hazard_distance_m,4.462632048090187
444.000,collisions,0
444.000,time_below_clearance_s,0.0
444.000,safety_zone_violations,0
444.000,min_ttc_s,8.929033367911469
444.000,avoid_success,20
444.000,avoid_timeout,0
444.000,q_convergence,3.3336464005939495
444.000,update_residual,0.0063947025285158166
444.000,investigation_deferred,0
444.000,nav_aborted,0
444.000,nav_canceled,0
444.000,nav_rejected,0
444.000,run_seed,6
445.000,anomalies_detected,0
445.000,anomalies_unique,0
445.000,investigation_timeouts,0
445.000,mission_duration_s,400.436
445.000,distance_traveled_m,80.96832090698933
445.000,route_deviations,21
445.000,investigation_time_s,0.0
445.000,hazard_avoidances,21
445.000,min_hazard_distance_m,4.462632048090187
445.000,collisions,0
445.000,time_below_clearance_s,0.0
445.000,safety_zone_violations,0
445.000,min_ttc_s,8.929033367911469
445.000,avoid_success,20
445.000,avoid_timeout,0
445.000,q_convergence,3.057096036965213
445.000,update_residual,0.016914162496797204
445.000,investigation_deferred,0
445.000,nav_aborted,0
445.000,nav_canceled,0
445.000,nav_rejected,0
445.000,run_seed,6
446.000,anomalies_detected,0
446.000,anomalies_unique,0
446.000,investigation_timeouts,0
446.000,mission_duration_s,401.436
446.000,distance_traveled_m,81.22101101075192
446.000,route_deviations,21
446.000,investigation_time_s,0.0
446.000,hazard_avoidances,21
446.000,min_hazard_distance_m,4.462632048090187
446.000,collisions,0
446.000,time_below_clearance_s,0.0
446.000,safety_zone_violations,0
446.000,min_ttc_s,8.929033367911469
446.000,avoid_success,20
446.000,avoid_timeout,0
446.000,q_convergence,2.8968063989045802
446.000,update_residual,0.0008851986907338825
446.000,investigation_deferred,0
446.000,nav_aborted,0
446.000,nav_canceled,0
446.000,nav_rejected,0
446.000,run_seed,6
447.000,anomalies_detected,0
447.000,anomalies_unique,0
447.000,investigation_timeouts,0
447.000,mission_duration_s,402.436
447.000,distance_traveled_m,81.33973913001253
447.000,route_deviations,21
447.000,investigation_time_s,0.0
447.000,hazard_avoidances,21
447.000,min_hazard_distance_m,4.462632048090187
447.000,collisions,0
447.000,time_below_clearance_s,0.0
447.000,safety_zone_violations,0
447.000,min_ttc_s,8.929033367911469
447.000,avoid_success,21
447.000,avoid_timeout,0
447.000,q_convergence,1.9432241671126316
447.000,update_residual,0.054372685665859455
447.000,investigation_deferred,0
447.000,nav_aborted,0
447.000,nav_canceled,0
447.000,nav_rejected,0
447.000,run_seed,6
448.000,anomalies_detected,0
448.000,anomalies_unique,0
448.000,investigation_timeouts,0
448.000,mission_duration_s,403.436
448.000,distance_traveled_m,81.42805355213092
448.000,route_deviations,21
448.000,investigation_time_s,0.0
448.000,hazard_avoidances,21
448.000,min_hazard_distance_m,4.462632048090187
448.000,collisions,0
448.000,time_below_clearance_s,0.0
448.000,safety_zone_violations,0
448.000,min_ttc_s,8.929033367911469
448.000,avoid_success,21
448.000,avoid_timeout,0
448.000,q_convergence,2.3850194655683694
448.000,update_residual,0.006974178462928622
448.000,investigation_deferred,0
448.000,nav_aborted,0
448.000,nav_canceled,0
448.000,nav_rejected,0
448.000,run_seed,6
449.000,anomalies_detected,0
449.000,anomalies_unique,0
449.000,investigation_timeouts,0
449.000,mission_duration_s,404.436
449.000,distance_traveled_m,81.65607801331939
449.000,route_deviations,21
449.000,investigation_time_s,0.0
449.000,hazard_avoidances,21
449.000,min_hazard_distance_m,4.462632048090187
449.000,collisions,0
449.000,time_below_clearance_s,0.0
449.000,safety_zone_violations,0
449.000,min_ttc_s,8.929033367911469
449.000,avoid_success,21
449.000,avoid_timeout,0
449.000,q_convergence,2.2075199232987566
449.000,update_residual,0.01209728606307495
449.000,investigation_deferred,0
449.000,nav_aborted,0
449.000,nav_canceled,0
449.000,nav_rejected,0
449.000,run_seed,6
450.000,anomalies_detected,0
450.000,anomalies_unique,0
450.000,investigation_timeouts,0
450.000,mission_duration_s,405.436
450.000,distance_traveled_m,81.75988389121376
450.000,route_deviations,21
450.000,investigation_time_s,0.0
450.000,hazard_avoidances,21
450.000,min_hazard_distance_m,4.462632048090187
450.000,collisions,0
450.000,time_below_clearance_s,0.0
450.000,safety_zone_violations,0
450.000,min_ttc_s,8.929033367911469
450.000,avoid_success,21
450.000,avoid_timeout,0
450.000,q_convergence,1.900445807670865
450.000,update_residual,0.012688080440305905
450.000,investigation_deferred,0
450.000,nav_aborted,0
450.000,nav_canceled,0
450.000,nav_rejected,0
450.000,run_seed,6
451.000,anomalies_detected,0
451.000,anomalies_unique,0
451.000,investigation_timeouts,0
451.000,mission_duration_s,406.436
451.000,distance_traveled_m,81.8898594735419
451.000,route_deviations,21
451.000,investigation_time_s,0.0
451.000,hazard_avoidances,21
451.000,min_hazard_distance_m,4.462632048090187
451.000,collisions,0
451.000,time_below_clearance_s,0.0
451.000,safety_zone_violations,0
451.000,min_ttc_s,8.929033367911469
451.000,avoid_success,21
451.000,avoid_timeout,0
451.000,q_convergence,1.9081420676269685
451.000,update_residual,0.013457706435916225
451.000,investigation_deferred,0
451.000,nav_aborted,0
451.000,nav_canceled,0
451.000,nav_rejected,0
451.000,run_seed,6
452.000,anomalies_detected,0
452.000,anomalies_unique,0
452.000,investigation_timeouts,0
452.000,mission_duration_s,407.436
452.000,distance_traveled_m,82.15193797492786
452.000,route_deviations,21
452.000,investigation_time_s,0.0
452.000,hazard_avoidances,21
452.000,min_hazard_distance_m,4.462632048090187
452.000,collisions,0
452.000,time_below_clearance_s,0.0
452.000,safety_zone_violations,0
452.000,min_ttc_s,8.929033367911469
452.000,avoid_success,21
452.000,avoid_timeout,0
452.000,q_convergence,1.6051629358260264
452.000,update_residual,0.009763268304839113
452.000,investigation_deferred,0
452.000,nav_aborted,0
452.000,nav_canceled,0
452.000,nav_rejected,0
452.000,run_seed,6
453.000,anomalies_detected,0
453.000,anomalies_unique,0
453.000,investigation_timeouts,0
453.000,mission_duration_s,408.436
453.000,distance_traveled_m,82.41401794206193
453.000,route_deviations,21
453.000,investigation_time_s,0.0
453.000,hazard_avoidances,21
453.000,min_hazard_distance_m,4.462632048090187
453.000,collisions,0
453.000,time_below_clearance_s,0.0
453.000,safety_zone_violations,0
453.000,min_ttc_s,8.929033367911469
453.000,avoid_success,21
453.000,avoid_timeout,0
453.000,q_convergence,1.512639836135584
453.000,update_residual,0.0005109583357948729
453.000,investigation_deferred,0
453.000,nav_aborted,0
453.000,nav_canceled,0
453.000,nav_rejected,0
453.000,run_seed,6
454.000,anomalies_detected,0
454.000,anomalies_unique,0
454.000,investigation_timeouts,0
454.000,mission_duration_s,409.436
454.000,distance_traveled_m,82.67609793808178
454.000,route_deviations,21
454.000,investigation_time_s,0.0
454.000,hazard_avoidances,21
454.000,min_hazard_distance_m,4.462632048090187
454.000,collisions,0
454.000,time_below_clearance_s,0.0
454.000,safety_zone_violations,0
454.000,min_ttc_s,8.929033367911469
454.000,avoid_success,21
454.000,avoid_timeout,0
454.000,q_convergence,1.3582020887230393
454.000,update_residual,0.007680137386204976
454.000,investigation_deferred,0
454.000,nav_aborted,0
454.000,nav_canceled,0
454.000,nav_rejected,0
454.000,run_seed,6
455.000,anomalies_detected,0
455.000,anomalies_unique,0
455.000,investigation_timeouts,0
455.000,mission_duration_s,410.436
455.000,distance_traveled_m,82.92881792988544
455.000,route_deviations,22
455.000,investigation_time_s,0.0
455.000,hazard_avoidances,21
455.000,min_hazard_distance_m,4.462632048090187
455.000,collisions,0
455.000,time_below_clearance_s,0.0
455.000,safety_zone_violations,0
455.000,min_ttc_s,8.929033367911469
455.000,avoid_success,21
455.000,avoid_timeout,0
455.000,q_convergence,1.05212845888163
455.000,update_residual,0.0054949935710377085
455.000,investigation_deferred,0
455.000,nav_aborted,0
455.000,nav_canceled,0
455.000,nav_rejected,0
455.000,run_seed,6
456.000,anomalies_detected,0
456.000,anomalies_unique,0
456.000,investigation_timeouts,0
456.000,mission_duration_s,411.436
456.000,distance_traveled_m,83.19035285514751
456.000,route_deviations,22
456.000,investigation_time_s,0.0
456.000,hazard_avoidances,22
456.000,min_hazard_distance_m,4.462632048090187
456.000,collisions,0
456.000,time_below_clearance_s,0.0
456.000,safety_zone_violations,0
456.000,min_ttc_s,8.929033367911469
456.000,avoid_success,21
456.000,avoid_timeout,0
456.000,q_convergence,2.1813461709288964
456.000,update_residual,0.015066608184554587
456.000,investigation_deferred,0
456.000,nav_aborted,0
456.000,nav_canceled,0
456.000,nav_rejected,0
456.000,run_seed,6
457.000,anomalies_detected,0
457.000,anomalies_unique,0
457.000,investigation_timeouts,0
457.000,mission_duration_s,412.436
457.000,distance_traveled_m,83.27298637202456
457.000,route_deviations,22
457.000,investigation_time_s,0.0
457.000,hazard_avoidances,22
457.000,min_hazard_distance_m,4.462632048090187
457.000,collisions,0
457.000,time_below_clearance_s,0.0
457.000,safety_zone_violations,0
457.000,min_ttc_s,8.929033367911469
457.000,avoid_success,21
457.000,avoid_timeout,0
457.000,q_convergence,3.4610462914593434
457.000,update_residual,0.005076142159734247
457.000,investigation_deferred,0
457.000,nav_aborted,0
457.000,nav_canceled,0
457.000,nav_rejected,0
457.000,run_seed,6
458.000,anomalies_detected,0
458.000,anomalies_unique,0
458.000,investigation_timeouts,0
458.000,mission_duration_s,413.436
458.000,distance_traveled_m,83.48962053384282
458.000,route_deviations,22
458.000,investigation_time_s,0.0
458.000,hazard_avoidances,22
458.000,min_hazard_distance_m,4.462632048090187
458.000,collisions,0
458.000,time_below_clearance_s,0.0
458.000,safety_zone_violations,0
458.000,min_ttc_s,8.929033367911469
458.000,avoid_success,21
458.000,avoid_timeout,0
458.000,q_convergence,3.611977232102137
458.000,update_residual,0.004639723055781433
458.000,investigation_deferred,0
458.000,nav_aborted,0
458.000,nav_canceled,0
458.000,nav_rejected,0
458.000,run_seed,6
459.000,anomalies_detected,0
459.000,anomalies_unique,0
459.000,investigation_timeouts,0
459.000,mission_duration_s,414.436
459.000,distance_traveled_m,83.63952612601774
459.000,route_deviations,22
459.000,investigation_time_s,0.0
459.000,hazard_avoidances,22
459.000,min_hazard_distance_m,4.462632048090187
459.000,collisions,0
459.000,time_below_clearance_s,0.0
459.000,safety_zone_violations,0
459.000,min_ttc_s,8.929033367911469
459.000,avoid_success,21
459.000,avoid_timeout,0
459.000,q_convergence,3.6699536741621763
459.000,update_residual,0.00044479958335858535
459.000,investigation_deferred,0
459.000,nav_aborted,0
459.000,nav_canceled,0
459.000,nav_rejected,0
459.000,run_seed,6
460.000,anomalies_detected,0
460.000,anomalies_unique,0
460.000,investigation_timeouts,0
460.000,mission_duration_s,415.436
460.000,distance_traveled_m,83.72112446874911
460.000,route_deviations,22
460.000,investigation_time_s,0.0
460.000,hazard_avoidances,22
460.000,min_hazard_distance_m,4.462632048090187
460.000,collisions,0
460.000,time_below_clearance_s,0.0
460.000,safety_zone_violations,0
460.000,min_ttc_s,8.929033367911469
460.000,avoid_success,21
460.000,avoid_timeout,0
460.000,q_convergence,3.5798793685400323
460.000,update_residual,0.005026765050635577
460.000,investigation_deferred,0
460.000,nav_aborted,0
460.000,nav_canceled,0
460.000,nav_rejected,0
460.000,run_seed,6
461.000,anomalies_detected,0
461.000,anomalies_unique,0
461.000,investigation_timeouts,0
461.000,mission_duration_s,416.436
461.000,distance_traveled_m,83.98320031775886
461.000,route_deviations,22
461.000,investigation_time_s,0.0
461.000,hazard_avoidances,22
461.000,min_hazard_distance_m,4.462632048090187
461.000,collisions,0
461.000,time_below_clearance_s,0.0
461.000,safety_zone_violations,0
461.000,min_ttc_s,8.929033367911469
461.000,avoid_success,21
461.000,avoid_timeout,0
461.000,q_convergence,3.532447776376757
461.000,update_residual,0.00028360583430808516
461.000,investigation_deferred,0
461.000,nav_aborted,0
461.000,nav_canceled,0
461.000,nav_rejected,0
461.000,run_seed,6
462.000,anomalies_detected,0
462.000,anomalies_unique,0
462.000,investigation_timeouts,0
462.000,mission_duration_s,417.436
462.000,distance_traveled_m,84.24528027811265
462.000,route_deviations,22
462.000,investigation_time_s,0.0
462.000,hazard_avoidances,22
462.000,min_hazard_distance_m,4.462632048090187
462.000,collisions,0
462.000,time_below_clearance_s,0.0
462.000,safety_zone_violations,0
462.000,min_ttc_s,8.929033367911469
462.000,avoid_success,21
462.000,avoid_timeout,0
462.000,q_convergence,3.315154178969858
462.000,update_residual,0.01783698379494216
462.000,investigation_deferred,0
462.000,nav_aborted,0
462.000,nav_canceled,0
462.000,nav_rejected,0
462.000,run_seed,6
463.000,anomalies_detected,0
463.000,anomalies_unique,0
463.000,investigation_timeouts,0
463.000,mission_duration_s,418.436
463.000,distance_traveled_m,84.50736010521297
463.000,route_deviations,22
463.000,investigation_time_s,0.0
463.000,hazard_avoidances,22
463.000,min_hazard_distance_m,4.462632048090187
463.000,collisions,0
463.000,time_below_clearance_s,0.0
463.000,safety_zone_violations,0
463.000,min_ttc_s,8.929033367911469
463.000,avoid_success,21
463.000,avoid_timeout,0
463.000,q_convergence,3.0440083027936025
463.000,update_residual,0.011772848540345918
463.000,investigation_deferred,0
463.000,nav_aborted,0
463.000,nav_canceled,0
463.000,nav_rejected,0
463.000,run_seed,6
464.000,anomalies_detected,0
464.000,anomalies_unique,0
464.000,investigation_timeouts,0
464.000,mission_duration_s,419.436
464.000,distance_traveled_m,84.76008008789158
464.000,route_deviations,22
464.000,investigation_time_s,0.0
464.000,hazard_avoidances,22
464.000,min_hazard_distance_m,4.462632048090187
464.000,collisions,0
464.000,time_below_clearance_s,0.0
464.000,safety_zone_violations,0
464.000,min_ttc_s,8.929033367911469
464.000,avoid_success,21
464.000,avoid_timeout,0
464.000,q_convergence,2.093588193349073
464.000,update_residual,0.0426402959370055
464.000,investigation_deferred,0
464.000,nav_aborted,0
464.000,nav_canceled,0
464.000,nav_rejected,0
464.000,run_seed,6
465.000,anomalies_detected,0
465.000,anomalies_unique,0
465.000,investigation_timeouts,0
465.000,mission_duration_s,420.436
465.000,distance_traveled_m,85.02102785806083
465.000,route_deviations,22
465.000,investigation_time_s,0.0
465.000,hazard_avoidances,22
465.000,min_hazard_distance_m,4.462632048090187
465.000,collisions,0
465.000,time_below_clearance_s,0.0
465.000,safety_zone_violations,0
465.000,min_ttc_s,8.929033367911469
465.000,avoid_success,21
465.000,avoid_timeout,0
465.000,q_convergence,2.4626088366080134
465.000,update_residual,0.002472900817360712
465.000,investigation_deferred,0
465.000,nav_aborted,0
465.000,nav_canceled,0
465.000,nav_rejected,0
465.000,run_seed,6
466.000,anomalies_detected,0
466.000,anomalies_unique,0
466.000,investigation_timeouts,0
466.000,mission_duration_s,421.436
466.000,distance_traveled_m,85.11803106239013
466.000,route_deviations,22
466.000,investigation_time_s,0.0
466.000,hazard_avoidances,22
466.000,min_hazard_distance_m,4.462632048090187
466.000,collisions,0
466.000,time_below_clearance_s,0.0
466.000,safety_zone_violations,0
466.000,min_ttc_s,8.929033367911469
466.000,avoid_success,22
466.000,avoid_timeout,0
466.000,q_convergence,2.1273464103066013
466.000,update_residual,0.019015360275389612
466.000,investigation_deferred,0
466.000,nav_aborted,0
466.000,nav_canceled,0
466.000,nav_rejected,0
466.000,run_seed,6
467.000,anomalies_detected,0
467.000,anomalies_unique,0
467.000,investigation_timeouts,0
467.000,mission_duration_s,422.436
467.000,distance_traveled_m,85.21310275023941
467.000,route_deviations,22
467.000,investigation_time_s,0.0
467.000,hazard_avoidances,22
467.000,min_hazard_distance_m,4.462632048090187
467.000,collisions,0
467.000,time_below_clearance_s,0.0
467.000,safety_zone_violations,0
467.000,min_ttc_s,8.929033367911469
467.000,avoid_success,22
467.000,avoid_timeout,0
467.000,q_convergence,1.8795528986024639
467.000,update_residual,0.008245130574774263
467.000,investigation_deferred,0
467.000,nav_aborted,0
467.000,nav_canceled,0
467.000,nav_rejected,0
467.000,run_seed,6
468.000,anomalies_detected,0
468.000,anomalies_unique,0
468.000,investigation_timeouts,0
468.000,mission_duration_s,423.436
468.000,distance_traveled_m,85.42878312813913
468.000,route_deviations,22
468.000,investigation_time_s,0.0
468.000,hazard_avoidances,22
468.000,min_hazard_distance_m,4.462632048090187
468.000,collisions,0
468.000,time_below_clearance_s,0.0
468.000,safety_zone_violations,0
468.000,min_ttc_s,8.929033367911469
468.000,avoid_success,22
468.000,avoid_timeout,0
468.000,q_convergence,1.8014166624250314
468.000,update_residual,0.0004315069570309695
468.000,investigation_deferred,0
468.000,nav_aborted,0
468.000,nav_canceled,0
468.000,nav_rejected,0
468.000,run_seed,6
469.000,anomalies_detected,0
469.000,anomalies_unique,0
469.000,investigation_timeouts,0
469.000,mission_duration_s,424.436
469.000,distance_traveled_m,85.5467235570964
469.000,route_deviations,22
469.000,investigation_time_s,0.0
469.000,hazard_avoidances,22
469.000,min_hazard_distance_m,4.462632048090187
469.000,collisions,0
469.000,time_below_clearance_s,0.0
469.000,safety_zone_violations,0
469.000,min_ttc_s,8.929033367911469
469.000,avoid_success,22
469.000,avoid_timeout,0
469.000,q_convergence,1.6218024761522396
469.000,update_residual,0.009426612222572617
469.000,investigation_deferred,0
469.000,nav_aborted,0
469.000,nav_canceled,0
469.000,nav_rejected,0
469.000,run_seed,6
470.000,anomalies_detected,0
470.000,anomalies_unique,0
470.000,investigation_timeouts,0
470.000,mission_duration_s,425.436
470.000,distance_traveled_m,85.68721217678996
470.000,route_deviations,22
470.000,investigation_time_s,0.0
470.000,hazard_avoidances,22
470.000,min_hazard_distance_m,4.462632048090187
470.000,collisions,0
470.000,time_below_clearance_s,0.0
470.000,safety_zone_violations,0
470.000,min_ttc_s,8.929033367911469
470.000,avoid_success,22
470.000,avoid_timeout,0
470.000,q_convergence,1.7538426722636713
470.000,update_residual,0.02263063183371587
470.000,investigation_deferred,0
470.000,nav_aborted,0
470.000,nav_canceled,0
470.000,nav_rejected,0
470.000,run_seed,6
471.000,anomalies_detected,0
471.000,anomalies_unique,0
471.000,investigation_timeouts,0
471.000,mission_duration_s,426.436
471.000,distance_traveled_m,85.9492904687127
471.000,route_deviations,22
471.000,investigation_time_s,0.0
471.000,hazard_avoidances,22
471.000,min_hazard_distance_m,4.462632048090187
471.000,collisions,0
471.000,time_below_clearance_s,0.0
471.000,safety_zone_violations,0
471.000,min_ttc_s,8.929033367911469
471.000,avoid_success,22
471.000,avoid_timeout,0
471.000,q_convergence,1.3891635958314077
471.000,update_residual,0.009075769499387135
471.000,investigation_deferred,0
471.000,nav_aborted,0
471.000,nav_canceled,0
471.000,nav_rejected,0
471.000,run_seed,6
472.000,anomalies_detected,0
472.000,anomalies_unique,0
472.000,investigation_timeouts,0
472.000,mission_duration_s,427.436
472.000,distance_traveled_m,86.21137045425185
472.000,route_deviations,22
472.000,investigation_time_s,0.0
472.000,hazard_avoidances,22
472.000,min_hazard_distance_m,4.462632048090187
472.000,collisions,0
472.000,time_below_clearance_s,0.0
472.000,safety_zone_violations,0
472.000,min_ttc_s,8.929033367911469
472.000,avoid_success,22
472.000,avoid_timeout,0
472.000,q_convergence,1.1047667966235102
472.000,update_residual,0.0013792128678202485
472.000,investigation_deferred,0
472.000,nav_aborted,0
472.000,nav_canceled,0
472.000,nav_rejected,0
472.000,run_seed,6
473.000,anomalies_detected,0
473.000,anomalies_unique,0
473.000,investigation_timeouts,0
473.000,mission_duration_s,428.436
473.000,distance_traveled_m,86.46409044600144
473.000,route_deviations,22
473.000,investigation_time_s,0.0
473.000,hazard_avoidances,22
473.000,min_hazard_distance_m,4.462632048090187
473.000,collisions,0
473.000,time_below_clearance_s,0.0
473.000,safety_zone_violations,0
473.000,min_ttc_s,8.929033367911469
473.000,avoid_success,22
473.000,avoid_timeout,0
473.000,q_convergence,1.014358600903606
473.000,update_residual,0.007626033754848638
473.000,investigation_deferred,0
473.000,nav_aborted,0
473.000,nav_canceled,0
473.000,nav_rejected,0
473.000,run_seed,6
474.000,anomalies_detected,0
474.000,anomalies_unique,0
474.000,investigation_timeouts,0
474.000,mission_duration_s,429.436
474.000,distance_traveled_m,86.72617044151866
474.000,route_deviations,22
474.000,investigation_time_s,0.0
474.000,hazard_avoidances,22
474.000,min_hazard_distance_m,4.462632048090187
474.000,collisions,0
474.000,time_below_clearance_s,0.0
474.000,safety_zone_violations,0
474.000,min_ttc_s,8.929033367911469
474.000,avoid_success,22
474.000,avoid_timeout,0
474.000,q_convergence,0.9821597304618593
474.000,update_residual,0.01847762066100075
474.000,investigation_deferred,0
474.000,nav_aborted,0
474.000,nav_canceled,0
474.000,nav_rejected,0
474.000,run_seed,6
475.000,anomalies_detected,0
475.000,anomalies_unique,0
475.000,investigation_timeouts,0
475.000,mission_duration_s,430.436
475.000,distance_traveled_m,86.9076242286091
475.000,route_deviations,23
475.000,investigation_time_s,0.0
475.000,hazard_avoidances,23
475.000,min_hazard_distance_m,4.462632048090187
475.000,collisions,0
475.000,time_below_clearance_s,0.0
475.000,safety_zone_violations,0
475.000,min_ttc_s,8.929033367911469
475.000,avoid_success,22
475.000,avoid_timeout,0
475.000,q_convergence,2.1641488383136553
475.000,update_residual,0.02718139345213022
475.000,investigation_deferred,0
475.000,nav_aborted,0
475.000,nav_canceled,0
475.000,nav_rejected,0
475.000,run_seed,6
476.000,anomalies_detected,0
476.000,anomalies_unique,0
476.000,investigation_timeouts,0
476.000,mission_duration_s,431.436
476.000,distance_traveled_m,87.04739603984963
476.000,route_deviations,23
476.000,investigation_time_s,0.0
476.000,hazard_avoidances,23
476.000,min_hazard_distance_m,4.462632048090187
476.000,collisions,0
476.000,time_below_clearance_s,0.0
476.000,safety_zone_violations,0
476.000,min_ttc_s,8.929033367911469
476.000,avoid_success,22
476.000,avoid_timeout,0
476.000,q_convergence,3.4656250990796336
476.000,update_residual,0.004697106444111264
476.000,investigation_deferred,0
476.000,nav_aborted,0
476.000,nav_canceled,0
476.000,nav_rejected,0
476.000,run_seed,6
477.000,anomalies_detected,0
477.000,anomalies_unique,0
477.000,investigation_timeouts,0
477.000,mission_duration_s,432.436
477.000,distance_traveled_m,87.27927158088382
477.000,route_deviations,23
477.000,investigation_time_s,0.0
477.000,hazard_avoidances,23
477.000,min_hazard_distance_m,4.462632048090187
477.000,collisions,0
477.000,time_below_clearance_s,0.0
477.000,safety_zone_violations,0
477.000,min_ttc_s,8.929033367911469
477.000,avoid_success,22
477.000,avoid_timeout,0
477.000,q_convergence,3.570554418380662
477.000,update_residual,0.0019348024102534614
477.000,investigation_deferred,0
477.000,nav_aborted,0
477.000,nav_canceled,0
477.000,nav_rejected,0
477.000,run_seed,6
478.000,anomalies_detected,0
478.000,anomalies_unique,0
478.000,investigation_timeouts,0
478.000,mission_duration_s,433.436
478.000,distance_traveled_m,87.30927593126934
478.000,route_deviations,23
478.000,investigation_time_s,0.0
478.000,hazard_avoidances,23
478.000,min_hazard_distance_m,4.462632048090187
478.000,collisions,0
478.000,time_below_clearance_s,0.0
478.000,safety_zone_violations,0
478.000,min_ttc_s,8.929033367911469
478.000,avoid_success,22
478.000,avoid_timeout,0
478.000,q_convergence,3.5328027722462783
478.000,update_residual,0.002898588644562342
478.000,investigation_deferred,0
478.000,nav_aborted,0
478.000,nav_canceled,0
478.000,nav_rejected,0
478.000,run_seed,6
479.000,anomalies_detected,0
479.000,anomalies_unique,0
479.000,investigation_timeouts,0
479.000,mission_duration_s,434.436
479.000,distance_traveled_m,87.53976979017885
479.000,route_deviations,23
479.000,investigation_time_s,0.0
479.000,hazard_avoidances,23
479.000,min_hazard_distance_m,4.462632048090187
479.000,collisions,0
479.000,time_below_clearance_s,0.0
479.000,safety_zone_violations,0
479.000,min_ttc_s,8.929033367911469
479.000,avoid_success,22
479.000,avoid_timeout,0
479.000,q_convergence,3.50545224500797
479.000,update_residual,0.00016353592073153504
479.000,investigation_deferred,0
479.000,nav_aborted,0
479.000,nav_canceled,0
479.000,nav_rejected,0
479.000,run_seed,6
480.000,anomalies_detected,0
480.000,anomalies_unique,0
480.000,investigation_timeouts,0
480.000,mission_duration_s,435.436
480.000,distance_traveled_m,87.80184937467914
480.000,route_deviations,23
480.000,investigation_time_s,0.0
480.000,hazard_avoidances,23
480.000,min_hazard_distance_m,4.462632048090187
480.000,collisions,0
480.000,time_below_clearance_s,0.0
480.000,safety_zone_violations,0
480.000,min_ttc_s,8.929033367911469
480.000,avoid_success,22
480.000,avoid_timeout,0
480.000,q_convergence,3.285329096675923
480.000,update_residual,0.01698652699396896
480.000,investigation_deferred,0
480.000,nav_aborted,0
480.000,nav_canceled,0
480.000,nav_rejected,0
480.000,run_seed,6
481.000,anomalies_detected,0
481.000,anomalies_unique,0
481.000,investigation_timeouts,0
481.000,mission_duration_s,436.436
481.000,distance_traveled_m,88.06392925934513
481.000,route_deviations,23
481.000,investigation_time_s,0.0
481.000,hazard_avoidances,23
481.000,min_hazard_distance_m,4.462632048090187
481.000,collisions,0
481.000,time_below_clearance_s,0.0
481.000,safety_zone_violations,0
481.000,min_ttc_s,8.929033367911469
481.000,avoid_success,22
481.000,avoid_timeout,0
481.000,q_convergence,3.3645822084845314
481.000,update_residual,0.003489116663678238
481.000,investigation_deferred,0
481.000,nav_aborted,0
481.000,nav_canceled,0
481.000,nav_rejected,0
481.000,run_seed,6
482.000,anomalies_detected,0
482.000,anomalies_unique,0
482.000,investigation_timeouts,0
482.000,mission_duration_s,437.436
482.000,distance_traveled_m,88.31664915989876
482.000,route_deviations,23
482.000,investigation_time_s,0.0
482.000,hazard_avoidances,23
482.000,min_hazard_distance_m,4.462632048090187
482.000,collisions,0
482.000,time_below_clearance_s,0.0
482.000,safety_zone_violations,0
482.000,min_ttc_s,8.929033367911469
482.000,avoid_success,22
482.000,avoid_timeout,0
482.000,q_convergence,3.060310066156559
482.000,update_residual,0.01707576973034426
482.000,investigation_deferred,0
482.000,nav_aborted,0
482.000,nav_canceled,0
482.000,nav_rejected,0
482.000,run_seed,6
483.000,anomalies_detected,0
483.000,anomalies_unique,0
483.000,investigation_timeouts,0
483.000,mission_duration_s,438.436
483.000,distance_traveled_m,88.57631165371403
483.000,route_deviations,23
483.000,investigation_time_s,0.0
483.000,hazard_avoidances,23
483.000,min_hazard_distance_m,4.462632048090187
483.000,collisions,0
483.000,time_below_clearance_s,0.0
483.000,safety_zone_violations,0
483.000,min_ttc_s,8.929033367911469
483.000,avoid_success,22
483.000,avoid_timeout,0
483.000,q_convergence,2.898763049715681
483.000,update_residual,0.0009210680862565268
483.000,investigation_deferred,0
483.000,nav_aborted,0
483.000,nav_canceled,0
483.000,nav_rejected,0
483.000,run_seed,6
484.000,anomalies_detected,0
484.000,anomalies_unique,0
484.000,investigation_timeouts,0
484.000,mission_duration_s,439.436
484.000,distance_traveled_m,88.64850799161051
484.000,route_deviations,23
484.000,investigation_time_s,0.0
484.000,hazard_avoidances,23
484.000,min_hazard_distance_m,4.462632048090187
484.000,collisions,0
484.000,time_below_clearance_s,0.0
484.000,safety_zone_violations,0
484.000,min_ttc_s,8.929033367911469
484.000,avoid_success,23
484.000,avoid_timeout,0
484.000,q_convergence,1.9286397282904855
484.000,update_residual,0.05585489462927056
484.000,investigation_deferred,0
484.000,nav_aborted,0
484.000,nav_canceled,0
484.000,nav_rejected,0
484.000,run_seed,6
485.000,anomalies_detected,0
485.000,anomalies_unique,0
485.000,investigation_timeouts,0
485.000,mission_duration_s,440.436
485.000,distance_traveled_m,88.74448353464905
485.000,route_deviations,23
485.000,investigation_time_s,0.0
485.000,hazard_avoidances,23
485.000,min_hazard_distance_m,4.462632048090187
485.000,collisions,0
485.000,time_below_clearance_s,0.0
485.000,safety_zone_violations,0
485.000,min_ttc_s,8.929033367911469
485.000,avoid_success,23
485.000,avoid_timeout,0
485.000,q_convergence,2.160778423918818
485.000,update_residual,0.007307683742244158
485.000,investigation_deferred,0
485.000,nav_aborted,0
485.000,nav_canceled,0
485.000,nav_rejected,0
485.000,run_seed,6
486.000,anomalies_detected,0
486.000,anomalies_unique,0
486.000,investigation_timeouts,0
486.000,mission_duration_s,441.436
486.000,distance_traveled_m,88.95649473131868
486.000,route_deviations,23
486.000,investigation_time_s,0.0
486.000,hazard_avoidances,23
486.000,min_hazard_distance_m,4.462632048090187
486.000,collisions,0
486.000,time_below_clearance_s,0.0
486.000,safety_zone_violations,0
486.000,min_ttc_s,8.929033367911469
486.000,avoid_success,23
486.000,avoid_timeout,0
486.000,q_convergence,2.0915260454857925
486.000,update_residual,0.0003824458989416018
486.000,investigation_deferred,0
486.000,nav_aborted,0
486.000,nav_canceled,0
486.000,nav_rejected,0
486.000,run_seed,6
487.000,anomalies_detected,0
487.000,anomalies_unique,0
487.000,investigation_timeouts,0
487.000,mission_duration_s,442.436
487.000,distance_traveled_m,89.06704040816709
487.000,route_deviations,23
487.000,investigation_time_s,0.0
487.000,hazard_avoidances,23
487.000,min_hazard_distance_m,4.462632048090187
487.000,collisions,0
487.000,time_below_clearance_s,0.0
487.000,safety_zone_violations,0
487.000,min_ttc_s,8.929033367911469
487.000,avoid_success,23
487.000,avoid_timeout,0
487.000,q_convergence,1.8839916560954957
487.000,update_residual,0.010944530757357561
487.000,investigation_deferred,0
487.000,nav_aborted,0
487.000,nav_canceled,0
487.000,nav_rejected,0
487.000,run_seed,6
488.000,anomalies_detected,0
488.000,anomalies_unique,0
488.000,investigation_timeouts,0
488.000,mission_duration_s,443.436
488.000,distance_traveled_m,89.21116672873653
488.000,route_deviations,23
488.000,investigation_time_s,0.0
488.000,hazard_avoidances,23
488.000,min_hazard_distance_m,4.462632048090187
488.000,collisions,0
488.000,time_below_clearance_s,0.0
488.000,safety_zone_violations,0
488.000,min_ttc_s,8.929033367911469
488.000,avoid_success,23
488.000,avoid_timeout,0
488.000,q_convergence,1.691703239308003
488.000,update_residual,0.018333884306437096
488.000,investigation_deferred,0
488.000,nav_aborted,0
488.000,nav_canceled,0
488.000,nav_rejected,0
488.000,run_seed,6
489.000,anomalies_detected,0
489.000,anomalies_unique,0
489.000,investigation_timeouts,0
489.000,mission_duration_s,444.436
489.000,distance_traveled_m,89.4732453190345
489.000,route_deviations,23
489.000,investigation_time_s,0.0
489.000,hazard_avoidances,23
489.000,min_hazard_distance_m,4.462632048090187
489.000,collisions,0
489.000,time_below_clearance_s,0.0
489.000,safety_zone_violations,0
489.000,min_ttc_s,8.929033367911469
489.000,avoid_success,23
489.000,avoid_timeout,0
489.000,q_convergence,1.5179593911996037
489.000,update_residual,0.0009594994955971363
489.000,investigation_deferred,0
489.000,nav_aborted,0
489.000,nav_canceled,0
489.000,nav_rejected,0
489.000,run_seed,6
490.000,anomalies_detected,0
490.000,anomalies_unique,0
490.000,investigation_timeouts,0
490.000,mission_duration_s,445.436
490.000,distance_traveled_m,89.73532531249988
490.000,route_deviations,23
490.000,investigation_time_s,0.0
490.000,hazard_avoidances,23
490.000,min_hazard_distance_m,4.462632048090187
490.000,collisions,0
490.000,time_below_clearance_s,0.0
490.000,safety_zone_violations,0
490.000,min_ttc_s,8.929033367911469
490.000,avoid_success,23
490.000,avoid_timeout,0
490.000,q_convergence,1.3591882012358532
490.000,update_residual,0.007707846442876613
490.000,investigation_deferred,0
490.000,nav_aborted,0
490.000,nav_canceled,0
490.000,nav_rejected,0
490.000,run_seed,6
491.000,anomalies_detected,0
491.000,anomalies_unique,0
491.000,investigation_timeouts,0
491.000,mission_duration_s,446.436
491.000,distance_traveled_m,89.98804530612215
491.000,route_deviations,23
491.000,investigation_time_s,0.0
491.000,hazard_avoidances,23
491.000,min_hazard_distance_m,4.462632048090187
491.000,collisions,0
491.000,time_below_clearance_s,0.0
491.000,safety_zone_violations,0
491.000,min_ttc_s,8.929033367911469
491.000,avoid_success,23
491.000,avoid_timeout,0
491.000,q_convergence,1.0082775093061938
491.000,update_residual,0.014197360263150225
491.000,investigation_deferred,0
491.000,nav_aborted,0
491.000,nav_canceled,0
491.000,nav_rejected,0
491.000,run_seed,6
492.000,anomalies_detected,0
492.000,anomalies_unique,0
492.000,investigation_timeouts,0
492.000,mission_duration_s,447.436
492.000,distance_traveled_m,90.25012530417939
492.000,route_deviations,23
492.000,investigation_time_s,0.0
492.000,hazard_avoidances,23
492.000,min_hazard_distance_m,4.462632048090187
492.000,collisions,0
492.000,time_below_clearance_s,0.0
492.000,safety_zone_violations,0
492.000,min_ttc_s,8.929033367911469
492.000,avoid_success,23
492.000,avoid_timeout,0
492.000,q_convergence,0.9885784061626106
492.000,update_residual,0.01012148701234135
492.000,investigation_deferred,0
492.000,nav_aborted,0
492.000,nav_canceled,0
492.000,nav_rejected,0
492.000,run_seed,6
493.000,anomalies_detected,0
493.000,anomalies_unique,0
493.000,investigation_timeouts,0
493.000,mission_duration_s,448.436
493.000,distance_traveled_m,90.44169004413882
493.000,route_deviations,24
493.000,investigation_time_s,0.0
493.000,hazard_avoidances,24
493.000,min_hazard_distance_m,4.462632048090187
493.000,collisions,0
493.000,time_below_clearance_s,0.0
493.000,safety_zone_violations,0
493.000,min_ttc_s,8.929033367911469
493.000,avoid_success,23
493.000,avoid_timeout,0
493.000,q_convergence,2.1761693767538337
493.000,update_residual,0.01842918957982322
493.000,investigation_deferred,0
493.000,nav_aborted,0
493.000,nav_canceled,0
493.000,nav_rejected,0
493.000,run_seed,6
494.000,anomalies_detected,0
494.000,anomalies_unique,0
494.000,investigation_timeouts,0
494.000,mission_duration_s,449.436
494.000,distance_traveled_m,90.55860173771603
494.000,route_deviations,24
494.000,investigation_time_s,0.0
494.000,hazard_avoidances,24
494.000,min_hazard_distance_m,4.462632048090187
494.000,collisions,0
494.000,time_below_clearance_s,0.0
494.000,safety_zone_violations,0
494.000,min_ttc_s,8.929033367911469
494.000,avoid_success,23
494.000,avoid_timeout,0
494.000,q_convergence,3.4649777439179985
494.000,update_residual,0.005004090781146965
494.000,investigation_deferred,0
494.000,nav_aborted,0
494.000,nav_canceled,0
494.000,nav_rejected,0
494.000,run_seed,6
495.000,anomalies_detected,0
495.000,anomalies_unique,0
495.000,investigation_timeouts,0
495.000,mission_duration_s,450.436
495.000,distance_traveled_m,90.79879090773287
495.000,route_deviations,24
495.000,investigation_time_s,0.0
495.000,hazard_avoidances,24
495.000,min_hazard_distance_m,4.462632048090187
495.000,collisions,0
495.000,time_below_clearance_s,0.0
495.000,safety_zone_violations,0
495.000,min_ttc_s,8.929033367911469
495.000,avoid_success,23
495.000,avoid_timeout,0
495.000,q_convergence,3.577335963577712
495.000,update_residual,0.0021807146812886347
495.000,investigation_deferred,0
495.000,nav_aborted,0
495.000,nav_canceled,0
495.000,nav_rejected,0
495.000,run_seed,6
496.000,anomalies_detected,0
496.000,anomalies_unique,0
496.000,investigation_timeouts,0
496.000,mission_duration_s,451.436
496.000,distance_traveled_m,90.84959839178903
496.000,route_deviations,24
496.000,investigation_time_s,0.0
496.000,hazard_avoidances,24
496.000,min_hazard_distance_m,4.462632048090187
496.000,collisions,0
496.000,time_below_clearance_s,0.0
496.000,safety_zone_violations,0
496.000,min_ttc_s,8.929033367911469
496.000,avoid_success,23
496.000,avoid_timeout,0
496.000,q_convergence,3.5496862095122683
496.000,update_residual,0.0024687909828756786
496.000,investigation_deferred,0
496.000,nav_aborted,0
496.000,nav_canceled,0
496.000,nav_rejected,0
496.000,run_seed,6
497.000,anomalies_detected,0
497.000,anomalies_unique,0
497.000,investigation_timeouts,0
497.000,mission_duration_s,452.436
497.000,distance_traveled_m,91.0389249253819
497.000,route_deviations,24
497.000,investigation_time_s,0.0
497.000,hazard_avoidances,24
497.000,min_hazard_distance_m,4.462632048090187
497.000,collisions,0
497.000,time_below_clearance_s,0.0
497.000,safety_zone_violations,0
497.000,min_ttc_s,8.929033367911469
497.000,avoid_success,23
497.000,avoid_timeout,0
497.000,q_convergence,3.5263911706838025
497.000,update_residual,0.00013928710002906425
497.000,investigation_deferred,0
497.000,nav_aborted,0
497.000,nav_canceled,0
497.000,nav_rejected,0
497.000,run_seed,6
498.000,anomalies_detected,0
498.000,anomalies_unique,0
498.000,investigation_timeouts,0
498.000,mission_duration_s,453.436
498.000,distance_traveled_m,91.30100410643126
498.000,route_deviations,24
498.000,investigation_time_s,0.0
498.000,hazard_avoidances,24
498.000,min_hazard_distance_m,4.462632048090187
498.000,collisions,0
498.000,time_below_clearance_s,0.0
498.000,safety_zone_violations,0
498.000,min_ttc_s,8.929033367911469
498.000,avoid_success,23
498.000,avoid_timeout,0
498.000,q_convergence,3.310387499017704
498.000,update_residual,0.016637121220410674
498.000,investigation_deferred,0
498.000,nav_aborted,0
498.000,nav_canceled,0
498.000,nav_rejected,0
498.000,run_seed,6
499.000,anomalies_detected,0
499.000,anomalies_unique,0
499.000,investigation_timeouts,0
499.000,mission_duration_s,454.436
499.000,distance_traveled_m,91.56308394066883
499.000,route_deviations,24
499.000,investigation_time_s,0.0
499.000,hazard_avoidances,24
499.000,min_hazard_distance_m,4.462632048090187
499.000,collisions,0
499.000,time_below_clearance_s,0.0
499.000,safety_zone_violations,0
499.000,min_ttc_s,8.929033367911469
499.000,avoid_success,23
499.000,avoid_timeout,0
499.000,q_convergence,3.3364810778509137
499.000,update_residual,0.006541390170860389
499.000,investigation_deferred,0
499.000,nav_aborted,0
499.000,nav_canceled,0
499.000,nav_rejected,0
499.000,run_seed,6
500.000,anomalies_detected,0
500.000,anomalies_unique,0
500.000,investigation_timeouts,0
500.000,mission_duration_s,455.436
500.000,distance_traveled_m,91.81580383054201
500.000,route_deviations,24
500.000,investigation_time_s,0.0
500.000,hazard_avoidances,24
500.000,min_hazard_distance_m,4.462632048090187
500.000,collisions,0
500.000,time_below_clearance_s,0.0
500.000,safety_zone_violations,0
500.000,min_ttc_s,8.929033367911469
500.000,avoid_success,23
500.000,avoid_timeout,0
500.000,q_convergence,3.0608939692963637
500.000,update_residual,0.01692832366707737
500.000,investigation_deferred,0
500.000,nav_aborted,0
500.000,nav_canceled,0
500.000,nav_rejected,0
500.000,run_seed,6
501.000,anomalies_detected,0
501.000,anomalies_unique,0
501.000,investigation_timeouts,0
501.000,mission_duration_s,456.436
501.000,distance_traveled_m,92.07787611401885
501.000,route_deviations,24
501.000,investigation_time_s,0.0
501.000,hazard_avoidances,24
501.000,min_hazard_distance_m,4.462632048090187
501.000,collisions,0
501.000,time_below_clearance_s,0.0
501.000,safety_zone_violations,0
501.000,min_ttc_s,8.929033367911469
501.000,avoid_success,23
501.000,avoid_timeout,0
501.000,q_convergence,2.04237856260004
501.000,update_residual,0.0449558549174299
501.000,investigation_deferred,0
501.000,nav_aborted,0
501.000,nav_canceled,0
501.000,nav_rejected,0
501.000,run_seed,6
502.000,anomalies_detected,0
502.000,anomalies_unique,0
502.000,investigation_timeouts,0
502.000,mission_duration_s,457.436
502.000,distance_traveled_m,92.19686989524413
502.000,route_deviations,24
502.000,investigation_time_s,0.0
502.000,hazard_avoidances,24
502.000,min_hazard_distance_m,4.462632048090187
502.000,collisions,0
502.000,time_below_clearance_s,0.0
502.000,safety_zone_violations,0
502.000,min_ttc_s,8.929033367911469
502.000,avoid_success,24
502.000,avoid_timeout,0
502.000,q_convergence,2.2708753655156033
502.000,update_residual,0.018699375721614835
502.000,investigation_deferred,0
502.000,nav_aborted,0
502.000,nav_canceled,0
502.000,nav_rejected,0
502.000,run_seed,6
503.000,anomalies_detected,0
503.000,anomalies_unique,0
503.000,investigation_timeouts,0
503.000,mission_duration_s,458.436
503.000,distance_traveled_m,92.29106070191747
503.000,route_deviations,24
503.000,investigation_time_s,0.0
503.000,hazard_avoidances,24
503.000,min_hazard_distance_m,4.462632048090187
503.000,collisions,0
503.000,time_below_clearance_s,0.0
503.000,safety_zone_violations,0
503.000,min_ttc_s,8.929033367911469
503.000,avoid_success,24
503.000,avoid_timeout,0
503.000,q_convergence,2.143331472211332
503.000,update_residual,0.005414271788934359
503.000,investigation_deferred,0
503.000,nav_aborted,0
503.000,nav_canceled,0
503.000,nav_rejected,0
503.000,run_seed,6
504.000,anomalies_detected,0
504.000,anomalies_unique,0
504.000,investigation_timeouts,0
504.000,mission_duration_s,459.436
504.000,distance_traveled_m,92.51266361316297
504.000,route_deviations,24
504.000,investigation_time_s,0.0
504.000,hazard_avoidances,24
504.000,min_hazard_distance_m,4.462632048090187
504.000,collisions,0
504.000,time_below_clearance_s,0.0
504.000,safety_zone_violations,0
504.000,min_ttc_s,8.929033367911469
504.000,avoid_success,24
504.000,avoid_timeout,0
504.000,q_convergence,2.092022300647294
504.000,update_residual,0.0002833546325305414
504.000,investigation_deferred,0
504.000,nav_aborted,0
504.000,nav_canceled,0
504.000,nav_rejected,0
504.000,run_seed,6
505.000,anomalies_detected,0
505.000,anomalies_unique,0
505.000,investigation_timeouts,0
505.000,mission_duration_s,460.436
505.000,distance_traveled_m,92.61346245761683
505.000,route_deviations,24
505.000,investigation_time_s,0.0
505.000,hazard_avoidances,24
505.000,min_hazard_distance_m,4.462632048090187
505.000,collisions,0
505.000,time_below_clearance_s,0.0
505.000,safety_zone_violations,0
505.000,min_ttc_s,8.929033367911469
505.000,avoid_success,24
505.000,avoid_timeout,0
505.000,q_convergence,1.8852801149344498
505.000,update_residual,0.01094696737607591
505.000,investigation_deferred,0
505.000,nav_aborted,0
505.000,nav_canceled,0
505.000,nav_rejected,0
505.000,run_seed,6
506.000,anomalies_detected,0
506.000,anomalies_unique,0
506.000,investigation_timeouts,0
506.000,mission_duration_s,461.436
506.000,distance_traveled_m,92.75806670367437
506.000,route_deviations,24
506.000,investigation_time_s,0.0
506.000,hazard_avoidances,24
506.000,min_hazard_distance_m,4.462632048090187
506.000,collisions,0
506.000,time_below_clearance_s,0.0
506.000,safety_zone_violations,0
506.000,min_ttc_s,8.929033367911469
506.000,avoid_success,24
506.000,avoid_timeout,0
506.000,q_convergence,1.8258837679821032
506.000,update_residual,0.03164448929844658
506.000,investigation_deferred,0
506.000,nav_aborted,0
506.000,nav_canceled,0
506.000,nav_rejected,0
506.000,run_seed,6
507.000,anomalies_detected,0
507.000,anomalies_unique,0
507.000,investigation_timeouts,0
507.000,mission_duration_s,462.436
507.000,distance_traveled_m,93.0201453215086
507.000,route_deviations,24
507.000,investigation_time_s,0.0
507.000,hazard_avoidances,24
507.000,min_hazard_distance_m,4.462632048090187
507.000,collisions,0
507.000,time_below_clearance_s,0.0
507.000,safety_zone_violations,0
507.000,min_ttc_s,8.929033367911469
507.000,avoid_success,24
507.000,avoid_timeout,0
507.000,q_convergence,1.525999943570339
507.000,update_residual,0.001656106857270181
507.000,investigation_deferred,0
507.000,nav_aborted,0
507.000,nav_canceled,0
507.000,nav_rejected,0
507.000,run_seed,6
508.000,anomalies_detected,0
508.000,anomalies_unique,0
508.000,investigation_timeouts,0
508.000,mission_duration_s,463.436
508.000,distance_traveled_m,93.28222531474245
508.000,route_deviations,24
508.000,investigation_time_s,0.0
508.000,hazard_avoidances,24
508.000,min_hazard_distance_m,4.462632048090187
508.000,collisions,0
508.000,time_below_clearance_s,0.0
508.000,safety_zone_violations,0
508.000,min_ttc_s,8.929033367911469
508.000,avoid_success,24
508.000,avoid_timeout,0
508.000,q_convergence,1.360520624892214
508.000,update_residual,0.007749758114422244
508.000,investigation_deferred,0
508.000,nav_aborted,0
508.000,nav_canceled,0
508.000,nav_rejected,0
508.000,run_seed,6
509.000,anomalies_detected,0
509.000,anomalies_unique,0
509.000,investigation_timeouts,0
509.000,mission_duration_s,464.436
509.000,distance_traveled_m,93.53494530894211
509.000,route_deviations,24
509.000,investigation_time_s,0.0
509.000,hazard_avoidances,24
509.000,min_hazard_distance_m,4.462632048090187
509.000,collisions,0
509.000,time_below_clearance_s,0.0
509.000,safety_zone_violations,0
509.000,min_ttc_s,8.929033367911469
509.000,avoid_success,24
509.000,avoid_timeout,0
509.000,q_convergence,1.0313160714857676
509.000,update_residual,0.008275447157420656
509.000,investigation_deferred,0
509.000,nav_aborted,0
509.000,nav_canceled,0
509.000,nav_rejected,0
509.000,run_seed,6
510.000,anomalies_detected,0
510.000,anomalies_unique,0
510.000,investigation_timeouts,0
510.000,mission_duration_s,465.436
510.000,distance_traveled_m,93.79702530672978
510.000,route_deviations,24
510.000,investigation_time_s,0.0
510.000,hazard_avoidances,24
510.000,min_hazard_distance_m,4.462632048090187
510.000,collisions,0
510.000,time_below_clearance_s,0.0
510.000,safety_zone_violations,0
510.000,min_ttc_s,8.929033367911469
510.000,avoid_success,24
510.000,avoid_timeout,0
510.000,q_convergence,1.08258424990112
510.000,update_residual,0.0007985337284672664
510.000,investigation_deferred,0
510.000,nav_aborted,0
510.000,nav_canceled,0
510.000,nav_rejected,0
510.000,run_seed,6
511.000,anomalies_detected,0
511.000,anomalies_unique,0
511.000,investigation_timeouts,0
511.000,mission_duration_s,466.436
511.000,distance_traveled_m,93.99885407188994
511.000,route_deviations,25
511.000,investigation_time_s,0.0
511.000,hazard_avoidances,25
511.000,min_hazard_distance_m,4.462632048090187
511.000,collisions,0
511.000,time_below_clearance_s,0.0
511.000,safety_zone_violations,0
511.000,min_ttc_s,8.929033367911469
511.000,avoid_success,24
511.000,avoid_timeout,0
511.000,q_convergence,2.1956485409802515
511.000,update_residual,0.019846260207976675
511.000,investigation_deferred,0
511.000,nav_aborted,0
511.000,nav_canceled,0
511.000,nav_rejected,0
511.000,run_seed,6
512.000,anomalies_detected,0
512.000,anomalies_unique,0
512.000,investigation_timeouts,0
512.000,mission_duration_s,467.436
512.000,distance_traveled_m,94.1034722756206
512.000,route_deviations,25
512.000,investigation_time_s,0.0
512.000,hazard_avoidances,25
512.000,min_hazard_distance_m,4.462632048090187
512.000,collisions,0
512.000,time_below_clearance_s,0.0
512.000,safety_zone_violations,0
512.000,min_ttc_s,8.929033367911469
512.000,avoid_success,24
512.000,avoid_timeout,0
512.000,q_convergence,3.464219525426006
512.000,update_residual,0.005050217337512482
512.000,investigation_deferred,0
512.000,nav_aborted,0
512.000,nav_canceled,0
512.000,nav_rejected,0
512.000,run_seed,6
513.000,anomalies_detected,0
513.000,anomalies_unique,0
513.000,investigation_timeouts,0
513.000,mission_duration_s,468.436
513.000,distance_traveled_m,94.34127609642317
513.000,route_deviations,25
513.000,investigation_time_s,0.0
513.000,hazard_avoidances,25
513.000,min_hazard_distance_m,4.462632048090187
513.000,collisions,0
513.000,time_below_clearance_s,0.0
513.000,safety_zone_violations,0
513.000,min_ttc_s,8.929033367911469
513.000,avoid_success,24
513.000,avoid_timeout,0
513.000,q_convergence,3.5815393077395505
513.000,update_residual,0.0024145586354185422
513.000,investigation_deferred,0
513.000,nav_aborted,0
513.000,nav_canceled,0
513.000,nav_rejected,0
513.000,run_seed,6
514.000,anomalies_detected,0
514.000,anomalies_unique,0
514.000,investigation_timeouts,0
514.000,mission_duration_s,469.436
514.000,distance_traveled_m,94.40469134298979
514.000,route_deviations,25
514.000,investigation_time_s,0.0
514.000,hazard_avoidances,25
514.000,min_hazard_distance_m,4.462632048090187
514.000,collisions,0
514.000,time_below_clearance_s,0.0
514.000,safety_zone_violations,0
514.000,min_ttc_s,8.929033367911469
514.000,avoid_success,24
514.000,avoid_timeout,0
514.000,q_convergence,3.561229823780935
514.000,update_residual,0.002181469523290596
514.000,investigation_deferred,0
514.000,nav_aborted,0
514.000,nav_canceled,0
514.000,nav_rejected,0
514.000,run_seed,6
515.000,anomalies_detected,0
515.000,anomalies_unique,0
515.000,investigation_timeouts,0
515.000,mission_duration_s,470.436
515.000,distance_traveled_m,94.57970759781426
515.000,route_deviations,25
515.000,investigation_time_s,0.0
515.000,hazard_avoidances,25
515.000,min_hazard_distance_m,4.462632048090187
515.000,collisions,0
515.000,time_below_clearance_s,0.0
515.000,safety_zone_violations,0
515.000,min_ttc_s,8.929033367911469
515.000,avoid_success,24
515.000,avoid_timeout,0
515.000,q_convergence,3.5406458952099635
515.000,update_residual,0.0001230766661935009
515.000,investigation_deferred,0
515.000,nav_aborted,0
515.000,nav_canceled,0
515.000,nav_rejected,0
515.000,run_seed,6
516.000,anomalies_detected,0
516.000,anomalies_unique,0
516.000,investigation_timeouts,0
516.000,mission_duration_s,471.436
516.000,distance_traveled_m,94.84178639682514
516.000,route_deviations,25
516.000,investigation_time_s,0.0
516.000,hazard_avoidances,25
516.000,min_hazard_distance_m,4.462632048090187
516.000,collisions,0
516.000,time_below_clearance_s,0.0
516.000,safety_zone_violations,0
516.000,min_ttc_s,8.929033367911469
516.000,avoid_success,24
516.000,avoid_timeout,0
516.000,q_convergence,3.3500901543456725
516.000,update_residual,0.014172935416020814
516.000,investigation_deferred,0
516.000,nav_aborted,0
516.000,nav_canceled,0
516.000,nav_rejected,0
516.000,run_seed,6
517.000,anomalies_detected,0
517.000,anomalies_unique,0
517.000,investigation_timeouts,0
517.000,mission_duration_s,472.436
517.000,distance_traveled_m,95.10386609973416
517.000,route_deviations,25
517.000,investigation_time_s,0.0
517.000,hazard_avoidances,25
517.000,min_hazard_distance_m,4.462632048090187
517.000,collisions,0
517.000,time_below_clearance_s,0.0
517.000,safety_zone_violations,0
517.000,min_ttc_s,8.929033367911469
517.000,avoid_success,24
517.000,avoid_timeout,0
517.000,q_convergence,3.3214325400559908
517.000,update_residual,0.008684621770879142
517.000,investigation_deferred,0
517.000,nav_aborted,0
517.000,nav_canceled,0
517.000,nav_rejected,0
517.000,run_seed,6
518.000,anomalies_detected,0
518.000,anomalies_unique,0
518.000,investigation_timeouts,0
518.000,mission_duration_s,473.436
518.000,distance_traveled_m,95.3565859865995
518.000,route_deviations,25
518.000,investigation_time_s,0.0
518.000,hazard_avoidances,25
518.000,min_hazard_distance_m,4.462632048090187
518.000,collisions,0
518.000,time_below_clearance_s,0.0
518.000,safety_zone_violations,0
518.000,min_ttc_s,8.929033367911469
518.000,avoid_success,24
518.000,avoid_timeout,0
518.000,q_convergence,3.0655226158368643
518.000,update_residual,0.016848567173679847
518.000,investigation_deferred,0
518.000,nav_aborted,0
518.000,nav_canceled,0
518.000,nav_rejected,0
518.000,run_seed,6
519.000,anomalies_detected,0
519.000,anomalies_unique,0
519.000,investigation_timeouts,0
519.000,mission_duration_s,474.436
519.000,distance_traveled_m,95.6186659490009
519.000,route_deviations,25
519.000,investigation_time_s,0.0
519.000,hazard_avoidances,25
519.000,min_hazard_distance_m,4.462632048090187
519.000,collisions,0
519.000,time_below_clearance_s,0.0
519.000,safety_zone_violations,0
519.000,min_ttc_s,8.929033367911469
519.000,avoid_success,24
519.000,avoid_timeout,0
519.000,q_convergence,2.906125071761596
519.000,update_residual,0.0009088127661529966
519.000,investigation_deferred,0
519.000,nav_aborted,0
519.000,nav_canceled,0
519.000,nav_rejected,0
519.000,run_seed,6
520.000,anomalies_detected,0
520.000,anomalies_unique,0
520.000,investigation_timeouts,0
520.000,mission_duration_s,475.436
520.000,distance_traveled_m,95.76103748182148
520.000,route_deviations,25
520.000,investigation_time_s,0.0
520.000,hazard_avoidances,25
520.000,min_hazard_distance_m,4.462632048090187
520.000,collisions,0
520.000,time_below_clearance_s,0.0
520.000,safety_zone_violations,0
520.000,min_ttc_s,8.929033367911469
520.000,avoid_success,25
520.000,avoid_timeout,0
520.000,q_convergence,1.971301127173304
520.000,update_residual,0.05223281690089403
520.000,investigation_deferred,0
520.000,nav_aborted,0
520.000,nav_canceled,0
520.000,nav_rejected,0
520.000,run_seed,6
521.000,anomalies_detected,0
521.000,anomalies_unique,0
521.000,investigation_timeouts,0
521.000,mission_duration_s,476.436
521.000,distance_traveled_m,95.85023777103325
521.000,route_deviations,25
521.000,investigation_time_s,0.0
521.000,hazard_avoidances,25
521.000,min_hazard_distance_m,4.462632048090187
521.000,collisions,0
521.000,time_below_clearance_s,0.0
521.000,safety_zone_violations,0
521.000,min_ttc_s,8.929033367911469
521.000,avoid_success,25
521.000,avoid_timeout,0
521.000,q_convergence,2.1207397907306453
521.000,update_residual,0.002763059861834816
521.000,investigation_deferred,0
521.000,nav_aborted,0
521.000,nav_canceled,0
521.000,nav_rejected,0
521.000,run_seed,6
522.000,anomalies_detected,0
522.000,anomalies_unique,0
522.000,investigation_timeouts,0
522.000,mission_duration_s,477.436
522.000,distance_traveled_m,96.06336117650575
522.000,route_deviations,25
522.000,investigation_time_s,0.0
522.000,hazard_avoidances,25
522.000,min_hazard_distance_m,4.462632048090187
522.000,collisions,0
522.000,time_below_clearance_s,0.0
522.000,safety_zone_violations,0
522.000,min_ttc_s,8.929033367911469
522.000,avoid_success,25
522.000,avoid_timeout,0
522.000,q_convergence,2.094555232950902
522.000,update_residual,0.00014460408386040926
522.000,investigation_deferred,0
522.000,nav_aborted,0
522.000,nav_canceled,0
522.000,nav_rejected,0
522.000,run_seed,6
523.000,anomalies_detected,0
523.000,anomalies_unique,0
523.000,investigation_timeouts,0
523.000,mission_duration_s,478.436
523.000,distance_traveled_m,96.17594181482856
523.000,route_deviations,25
523.000,investigation_time_s,0.0
523.000,hazard_avoidances,25
523.000,min_hazard_distance_m,4.462632048090187
523.000,collisions,0
523.000,time_below_clearance_s,0.0
523.000,safety_zone_violations,0
523.000,min_ttc_s,8.929033367911469
523.000,avoid_success,25
523.000,avoid_timeout,0
523.000,q_convergence,1.8887427818882185
523.000,update_residual,0.010959996859276544
523.000,investigation_deferred,0
523.000,nav_aborted,0
523.000,nav_canceled,0
523.000,nav_rejected,0
523.000,run_seed,6
524.000,anomalies_detected,0
524.000,anomalies_unique,0
524.000,investigation_timeouts,0
524.000,mission_duration_s,479.436
524.000,distance_traveled_m,96.31870606094117
524.000,route_deviations,25
524.000,investigation_time_s,0.0
524.000,hazard_avoidances,25
524.000,min_hazard_distance_m,4.462632048090187
524.000,collisions,0
524.000,time_below_clearance_s,0.0
524.000,safety_zone_violations,0
524.000,min_ttc_s,8.929033367911469
524.000,avoid_success,25
524.000,avoid_timeout,0
524.000,q_convergence,1.955539039567576
524.000,update_residual,0.017639622627212272
524.000,investigation_deferred,0
524.000,nav_aborted,0
524.000,nav_canceled,0
524.000,nav_rejected,0
524.000,run_seed,6
525.000,anomalies_detected,0
525.000,anomalies_unique,0
525.000,investigation_timeouts,0
525.000,mission_duration_s,480.436
525.000,distance_traveled_m,96.58078462723783
525.000,route_deviations,25
525.000,investigation_time_s,0.0
525.000,hazard_avoidances,25
525.000,min_hazard_distance_m,4.462632048090187
525.000,collisions,0
525.000,time_below_clearance_s,0.0
525.000,safety_zone_violations,0
525.000,min_ttc_s,8.929033367911469
525.000,avoid_success,25
525.000,avoid_timeout,0
525.000,q_convergence,1.6118261779405751
525.000,update_residual,0.009955478663944053
525.000,investigation_deferred,0
525.000,nav_aborted,0
525.000,nav_canceled,0
525.000,nav_rejected,0
525.000,run_seed,6
526.000,anomalies_detected,0
526.000,anomalies_unique,0
526.000,investigation_timeouts,0
526.000,mission_duration_s,481.436
526.000,distance_traveled_m,96.84286462192279
526.000,route_deviations,25
526.000,investigation_time_s,0.0
526.000,hazard_avoidances,25
526.000,min_hazard_distance_m,4.462632048090187
526.000,collisions,0
526.000,time_below_clearance_s,0.0
526.000,safety_zone_violations,0
526.000,min_ttc_s,8.929033367911469
526.000,avoid_success,25
526.000,avoid_timeout,0
526.000,q_convergence,1.5174815674955642
526.000,update_residual,0.000521017619442945
526.000,investigation_deferred,0
526.000,nav_aborted,0
526.000,nav_canceled,0
526.000,nav_rejected,0
526.000,run_seed,6
527.000,anomalies_detected,0
527.000,anomalies_unique,0
527.000,investigation_timeouts,0
527.000,mission_duration_s,482.436
527.000,distance_traveled_m,97.09558461620094
527.000,route_deviations,25
527.000,investigation_time_s,0.0
527.000,hazard_avoidances,25
527.000,min_hazard_distance_m,4.462632048090187
527.000,collisions,0
527.000,time_below_clearance_s,0.0
527.000,safety_zone_violations,0
527.000,min_ttc_s,8.929033367911469
527.000,avoid_success,25
527.000,avoid_timeout,0
527.000,q_convergence,1.36247801805036
527.000,update_residual,0.007704733544439513
527.000,investigation_deferred,0
527.000,nav_aborted,0
527.000,nav_canceled,0
527.000,nav_rejected,0
527.000,run_seed,6
528.000,anomalies_detected,0
528.000,anomalies_unique,0
528.000,investigation_timeouts,0
528.000,mission_duration_s,483.436
528.000,distance_traveled_m,97.35766461428155
528.000,route_deviations,25
528.000,investigation_time_s,0.0
528.000,hazard_avoidances,25
528.000,min_hazard_distance_m,4.462632048090187
528.000,collisions,0
528.000,time_below_clearance_s,0.0
528.000,safety_zone_violations,0
528.000,min_ttc_s,8.929033367911469
528.000,avoid_success,25
528.000,avoid_timeout,0
528.000,q_convergence,1.0671337725301837
528.000,update_residual,0.004087049884784807
528.000,investigation_deferred,0
528.000,nav_aborted,0
528.000,nav_canceled,0
528.000,nav_rejected,0
528.000,run_seed,6
529.000,anomalies_detected,0
529.000,anomalies_unique,0
529.000,investigation_timeouts,0
529.000,mission_duration_s,484.436
529.000,distance_traveled_m,97.55752806995864
529.000,route_deviations,26
529.000,investigation_time_s,0.0
529.000,hazard_avoidances,26
529.000,min_hazard_distance_m,4.462632048090187
529.000,collisions,0
529.000,time_below_clearance_s,0.0
529.000,safety_zone_violations,0
529.000,min_ttc_s,8.929033367911469
529.000,avoid_success,25
529.000,avoid_timeout,0
529.000,q_convergence,2.2208849399030397
529.000,update_residual,0.013812713950448934
529.000,investigation_deferred,0
529.000,nav_aborted,0
529.000,nav_canceled,0
529.000,nav_rejected,0
529.000,run_seed,6
530.000,anomalies_detected,0
530.000,anomalies_unique,0
530.000,investigation_timeouts,0
530.000,mission_duration_s,485.436
530.000,distance_traveled_m,97.65775773819396
530.000,route_deviations,26
530.000,investigation_time_s,0.0
530.000,hazard_avoidances,26
530.000,min_hazard_distance_m,4.462632048090187
530.000,collisions,0
530.000,time_below_clearance_s,0.0
530.000,safety_zone_violations,0
530.000,min_ttc_s,8.929033367911469
530.000,avoid_success,25
530.000,avoid_timeout,0
530.000,q_convergence,3.463306966509926
530.000,update_residual,0.00502073274286396
530.000,investigation_deferred,0
530.000,nav_aborted,0
530.000,nav_canceled,0
530.000,nav_rejected,0
530.000,run_seed,6
531.000,anomalies_detected,0
531.000,anomalies_unique,0
531.000,investigation_timeouts,0
531.000,mission_duration_s,486.436
531.000,distance_traveled_m,97.89602310552904
531.000,route_deviations,26
531.000,investigation_time_s,0.0
531.000,hazard_avoidances,26
531.000,min_hazard_distance_m,4.462632048090187
531.000,collisions,0
531.000,time_below_clearance_s,0.0
531.000,safety_zone_violations,0
531.000,min_ttc_s,8.929033367911469
531.000,avoid_success,25
531.000,avoid_timeout,0
531.000,q_convergence,3.5794813772484946
531.000,update_residual,0.002368706044250054
531.000,investigation_deferred,0
531.000,nav_aborted,0
531.000,nav_canceled,0
531.000,nav_rejected,0
531.000,run_seed,6
532.000,anomalies_detected,0
532.000,anomalies_unique,0
532.000,investigation_timeouts,0
532.000,mission_duration_s,487.436
532.000,distance_traveled_m,97.96107379921774
532.000,route_deviations,26
532.000,investigation_time_s,0.0
532.000,hazard_avoidances,26
532.000,min_hazard_distance_m,4.462632048090187
532.000,collisions,0
532.000,time_below_clearance_s,0.0
532.000,safety_zone_violations,0
532.000,min_ttc_s,8.929033367911469
532.000,avoid_success,25
532.000,avoid_timeout,0
532.000,q_convergence,3.601890756170611
532.000,update_residual,0.000127768152038484
532.000,investigation_deferred,0
532.000,nav_aborted,0
532.000,nav_canceled,0
532.000,nav_rejected,0
532.000,run_seed,6
533.000,anomalies_detected,0
533.000,anomalies_unique,0
533.000,investigation_timeouts,0
533.000,mission_duration_s,488.436
533.000,distance_traveled_m,98.13303489764704
533.000,route_deviations,26
533.000,investigation_time_s,0.0
533.000,hazard_avoidances,26
533.000,min_hazard_distance_m,4.462632048090187
533.000,collisions,0
533.000,time_below_clearance_s,0.0
533.000,safety_zone_violations,0
533.000,min_ttc_s,8.929033367911469
533.000,avoid_success,25
533.000,avoid_timeout,0
533.000,q_convergence,3.470880360605175
533.000,update_residual,0.006213992442291518
533.000,investigation_deferred,0
533.000,nav_aborted,0
533.000,nav_canceled,0
533.000,nav_rejected,0
533.000,run_seed,6
534.000,anomalies_detected,0
534.000,anomalies_unique,0
534.000,investigation_timeouts,0
534.000,mission_duration_s,489.436
534.000,distance_traveled_m,98.39511374049488
534.000,route_deviations,26
534.000,investigation_time_s,0.0
534.000,hazard_avoidances,26
534.000,min_hazard_distance_m,4.462632048090187
534.000,collisions,0
534.000,time_below_clearance_s,0.0
534.000,safety_zone_violations,0
534.000,min_ttc_s,8.929033367911469
534.000,avoid_success,25
534.000,avoid_timeout,0
534.000,q_convergence,3.3183401881936327
534.000,update_residual,0.010792840747816303
534.000,investigation_deferred,0
534.000,nav_aborted,0
534.000,nav_canceled,0
534.000,nav_rejected,0
534.000,run_seed,6
535.000,anomalies_detected,0
535.000,anomalies_unique,0
535.000,investigation_timeouts,0
535.000,mission_duration_s,490.436
535.000,distance_traveled_m,98.65719359945284
535.000,route_deviations,26
535.000,investigation_time_s,0.0
535.000,hazard_avoidances,26
535.000,min_hazard_distance_m,4.462632048090187
535.000,collisions,0
535.000,time_below_clearance_s,0.0
535.000,safety_zone_violations,0
535.000,min_ttc_s,8.929033367911469
535.000,avoid_success,25
535.000,avoid_timeout,0
535.000,q_convergence,2.9903048611034926
535.000,update_residual,0.008198140981067682
535.000,investigation_deferred,0
535.000,nav_aborted,0
535.000,nav_canceled,0
535.000,nav_rejected,0
535.000,run_seed,6
536.000,anomalies_detected,0
536.000,anomalies_unique,0
536.000,investigation_timeouts,0
536.000,mission_duration_s,491.436
536.000,distance_traveled_m,98.90991347000552
536.000,route_deviations,26
536.000,investigation_time_s,0.0
536.000,hazard_avoidances,26
536.000,min_hazard_distance_m,4.462632048090187
536.000,collisions,0
536.000,time_below_clearance_s,0.0
536.000,safety_zone_violations,0
536.000,min_ttc_s,8.929033367911469
536.000,avoid_success,25
536.000,avoid_timeout,0
536.000,q_convergence,2.0859700443177966
536.000,update_residual,0.0418170981504563
536.000,investigation_deferred,0
536.000,nav_aborted,0
536.000,nav_canceled,0
536.000,nav_rejected,0
536.000,run_seed,6
537.000,anomalies_detected,0
537.000,anomalies_unique,0
537.000,investigation_timeouts,0
537.000,mission_duration_s,492.436
537.000,distance_traveled_m,99.17199345389493
537.000,route_deviations,26
537.000,investigation_time_s,0.0
537.000,hazard_avoidances,26
537.000,min_hazard_distance_m,4.462632048090187
537.000,collisions,0
537.000,time_below_clearance_s,0.0
537.000,safety_zone_violations,0
537.000,min_ttc_s,8.929033367911469
537.000,avoid_success,25
537.000,avoid_timeout,0
537.000,q_convergence,2.4478246363730753
537.000,update_residual,0.002425029722581793
537.000,investigation_deferred,0
537.000,nav_aborted,0
537.000,nav_canceled,0
537.000,nav_rejected,0
537.000,run_seed,6
538.000,anomalies_detected,0
538.000,anomalies_unique,0
538.000,investigation_timeouts,0
538.000,mission_duration_s,493.436
538.000,distance_traveled_m,99.3132655011759
538.000,route_deviations,26
538.000,investigation_time_s,0.0
538.000,hazard_avoidances,26
538.000,min_hazard_distance_m,4.462632048090187
538.000,collisions,0
538.000,time_below_clearance_s,0.0
538.000,safety_zone_violations,0
538.000,min_ttc_s,8.929033367911469
538.000,avoid_success,26
538.000,avoid_timeout,0
538.000,q_convergence,2.1480818951311416
538.000,update_residual,0.0179770190154063
538.000,investigation_deferred,0
538.000,nav_aborted,0
538.000,nav_canceled,0
538.000,nav_rejected,0
538.000,run_seed,6
539.000,anomalies_detected,0
539.000,anomalies_unique,0
539.000,investigation_timeouts,0
539.000,mission_duration_s,494.436
539.000,distance_traveled_m,99.40442910832115
539.000,route_deviations,26
539.000,investigation_time_s,0.0
539.000,hazard_avoidances,26
539.000,min_hazard_distance_m,4.462632048090187
539.000,collisions,0
539.000,time_below_clearance_s,0.0
539.000,safety_zone_violations,0
539.000,min_ttc_s,8.929033367911469
539.000,avoid_success,26
539.000,avoid_timeout,0
539.000,q_convergence,1.852908745631252
539.000,update_residual,0.00668346061060518
539.000,investigation_deferred,0
539.000,nav_aborted,0
539.000,nav_canceled,0
539.000,nav_rejected,0
539.000,run_seed,6
540.000,anomalies_detected,0
540.000,anomalies_unique,0
540.000,investigation_timeouts,0
540.000,mission_duration_s,495.436
540.000,distance_traveled_m,99.61679854329132
540.000,route_deviations,26
540.000,investigation_time_s,0.0
540.000,hazard_avoidances,26
540.000,min_hazard_distance_m,4.462632048090187
540.000,collisions,0
540.000,time_below_clearance_s,0.0
540.000,safety_zone_violations,0
540.000,min_ttc_s,8.929033367911469
540.000,avoid_success,26
540.000,avoid_timeout,0
540.000,q_convergence,1.7895719128161918
540.000,update_residual,0.00034977732909918194
540.000,investigation_deferred,0
540.000,nav_aborted,0
540.000,nav_canceled,0
540.000,nav_rejected,0
540.000,run_seed,6
541.000,anomalies_detected,0
541.000,anomalies_unique,0
541.000,investigation_timeouts,0
541.000,mission_duration_s,496.436
541.000,distance_traveled_m,99.73410891039077
541.000,route_deviations,26
541.000,investigation_time_s,0.0
541.000,hazard_avoidances,26
541.000,min_hazard_distance_m,4.462632048090187
541.000,collisions,0
541.000,time_below_clearance_s,0.0
541.000,safety_zone_violations,0
541.000,min_ttc_s,8.929033367911469
541.000,avoid_success,26
541.000,avoid_timeout,0
541.000,q_convergence,1.6118080441531817
541.000,update_residual,0.009364502555676127
541.000,investigation_deferred,0
541.000,nav_aborted,0
541.000,nav_canceled,0
541.000,nav_rejected,0
541.000,run_seed,6
542.000,anomalies_detected,0
542.000,anomalies_unique,0
542.000,investigation_timeouts,0
542.000,mission_duration_s,497.436
542.000,distance_traveled_m,99.87792340234601
542.000,route_deviations,26
542.000,investigation_time_s,0.0
542.000,hazard_avoidances,26
542.000,min_hazard_distance_m,4.462632048090187
542.000,collisions,0
542.000,time_below_clearance_s,0.0
542.000,safety_zone_violations,0
542.000,min_ttc_s,8.929033367911469
542.000,avoid_success,26
542.000,avoid_timeout,0
542.000,q_convergence,1.581632452234185
542.000,update_residual,0.02911938864272282
542.000,investigation_deferred,0
542.000,nav_aborted,0
542.000,nav_canceled,0
542.000,nav_rejected,0
542.000,run_seed,6
543.000,anomalies_detected,0
543.000,anomalies_unique,0
543.000,investigation_timeouts,0
543.000,mission_duration_s,498.436
543.000,distance_traveled_m,100.14000192663214
543.000,route_deviations,26
543.000,investigation_time_s,0.0
543.000,hazard_avoidances,26
543.000,min_hazard_distance_m,4.462632048090187
543.000,collisions,0
543.000,time_below_clearance_s,0.0
543.000,safety_zone_violations,0
543.000,min_ttc_s,8.929033367911469
543.000,avoid_success,26
543.000,avoid_timeout,0
543.000,q_convergence,1.3056781289283297
543.000,update_residual,0.0015239563121372773
543.000,investigation_deferred,0
543.000,nav_aborted,0
543.000,nav_canceled,0
543.000,nav_rejected,0
543.000,run_seed,6
544.000,anomalies_detected,0
544.000,anomalies_unique,0
544.000,investigation_timeouts,0
544.000,mission_duration_s,499.436
544.000,distance_traveled_m,100.4020819204399
544.000,route_deviations,26
544.000,investigation_time_s,0.0
544.000,hazard_avoidances,26
544.000,min_hazard_distance_m,4.462632048090187
544.000,collisions,0
544.000,time_below_clearance_s,0.0
544.000,safety_zone_violations,0
544.000,min_ttc_s,8.929033367911469
544.000,avoid_success,26
544.000,avoid_timeout,0
544.000,q_convergence,1.1015388882186292
544.000,update_residual,0.000932834102388664
544.000,investigation_deferred,0
544.000,nav_aborted,0
544.000,nav_canceled,0
544.000,nav_rejected,0
544.000,run_seed,6
545.000,anomalies_detected,0
545.000,anomalies_unique,0
545.000,investigation_timeouts,0
545.000,mission_duration_s,500.436
545.000,distance_traveled_m,100.6548019138974
545.000,route_deviations,26
545.000,investigation_time_s,0.0
545.000,hazard_avoidances,26
545.000,min_hazard_distance_m,4.462632048090187
545.000,collisions,0
545.000,time_below_clearance_s,0.0
545.000,safety_zone_violations,0
545.000,min_ttc_s,8.929033367911469
545.000,avoid_success,26
545.000,avoid_timeout,0
545.000,q_convergence,1.0967363901950145
545.000,update_residual,1.3639074089869965e-05
545.000,investigation_deferred,0
545.000,nav_aborted,0
545.000,nav_canceled,0
545.000,nav_rejected,0
545.000,run_seed,6
546.000,anomalies_detected,0
546.000,anomalies_unique,0
546.000,investigation_timeouts,0
546.000,mission_duration_s,501.436
546.000,distance_traveled_m,100.91688191192563
546.000,route_deviations,26
546.000,investigation_time_s,0.0
546.000,hazard_avoidances,26
546.000,min_hazard_distance_m,4.462632048090187
546.000,collisions,0
546.000,time_below_clearance_s,0.0
546.000,safety_zone_violations,0
546.000,min_ttc_s,8.929033367911469
546.000,avoid_success,26
546.000,avoid_timeout,0
546.000,q_convergence,1.0127793095695932
546.000,update_residual,0.008043744577406673
546.000,investigation_deferred,0
546.000,nav_aborted,0
546.000,nav_canceled,0
546.000,nav_rejected,0
546.000,run_seed,6
547.000,anomalies_detected,0
547.000,anomalies_unique,0
547.000,investigation_timeouts,0
547.000,mission_duration_s,502.436
547.000,distance_traveled_m,101.10644166187959
547.000,route_deviations,27
547.000,investigation_time_s,0.0
547.000,hazard_avoidances,27
547.000,min_hazard_distance_m,4.462632048090187
547.000,collisions,0
547.000,time_below_clearance_s,0.0
547.000,safety_zone_violations,0
547.000,min_ttc_s,8.929033367911469
547.000,avoid_success,26
547.000,avoid_timeout,0
547.000,q_convergence,2.1918655299907046
547.000,update_residual,0.019522810746668933
547.000,investigation_deferred,0
547.000,nav_aborted,0
547.000,nav_canceled,0
547.000,nav_rejected,0
547.000,run_seed,6
548.000,anomalies_detected,0
548.000,anomalies_unique,0
548.000,investigation_timeouts,0
548.000,mission_duration_s,503.436
548.000,distance_traveled_m,101.22287545624874
548.000,route_deviations,27
548.000,investigation_time_s,0.0
548.000,hazard_avoidances,27
548.000,min_hazard_distance_m,4.462632048090187
548.000,collisions,0
548.000,time_below_clearance_s,0.0
548.000,safety_zone_violations,0
548.000,min_ttc_s,8.929033367911469
548.000,avoid_success,26
548.000,avoid_timeout,0
548.000,q_convergence,3.4651582021626717
548.000,update_residual,0.005040502226539355
548.000,investigation_deferred,0
548.000,nav_aborted,0
548.000,nav_canceled,0
548.000,nav_rejected,0
548.000,run_seed,6
549.000,anomalies_detected,0
549.000,anomalies_unique,0
549.000,investigation_timeouts,0
549.000,mission_duration_s,504.436
549.000,distance_traveled_m,101.4591056333675
549.000,route_deviations,27
549.000,investigation_time_s,0.0
549.000,hazard_avoidances,27
549.000,min_hazard_distance_m,4.462632048090187
549.000,collisions,0
549.000,time_below_clearance_s,0.0
549.000,safety_zone_violations,0
549.000,min_ttc_s,8.929033367911469
549.000,avoid_success,26
549.000,avoid_timeout,0
549.000,q_convergence,3.5769809833973802
549.000,update_residual,0.002137612713234857
549.000,investigation_deferred,0
549.000,nav_aborted,0
549.000,nav_canceled,0
549.000,nav_rejected,0
549.000,run_seed,6
550.000,anomalies_detected,0
550.000,anomalies_unique,0
550.000,investigation_timeouts,0
550.000,mission_duration_s,505.436
550.000,distance_traveled_m,101.508257871792
550.000,route_deviations,27
550.000,investigation_time_s,0.0
550.000,hazard_avoidances,27
550.000,min_hazard_distance_m,4.462632048090187
550.000,collisions,0
550.000,time_below_clearance_s,0.0
550.000,safety_zone_violations,0
550.000,min_ttc_s,8.929033367911469
550.000,avoid_success,26
550.000,avoid_timeout,0
550.000,q_convergence,3.5497442801671286
550.000,update_residual,0.0024271440682322146
550.000,investigation_deferred,0
550.000,nav_aborted,0
550.000,nav_canceled,0
550.000,nav_rejected,0
550.000,run_seed,6
551.000,anomalies_detected,0
551.000,anomalies_unique,0
551.000,investigation_timeouts,0
551.000,mission_duration_s,506.436
551.000,distance_traveled_m,101.7134743742281
551.000,route_deviations,27
551.000,investigation_time_s,0.0
551.000,hazard_avoidances,27
551.000,min_hazard_distance_m,4.462632048090187
551.000,collisions,0
551.000,time_below_clearance_s,0.0
551.000,safety_zone_violations,0
551.000,min_ttc_s,8.929033367911469
551.000,avoid_success,26
551.000,avoid_timeout,0
551.000,q_convergence,3.441162627417263
551.000,update_residual,0.0038837387310321453
551.000,investigation_deferred,0
551.000,nav_aborted,0
551.000,nav_canceled,0
551.000,nav_rejected,0
551.000,run_seed,6
552.000,anomalies_detected,0
552.000,anomalies_unique,0
552.000,investigation_timeouts,0
552.000,mission_duration_s,507.436
552.000,distance_traveled_m,101.97555359377228
552.000,route_deviations,27
552.000,investigation_time_s,0.0
552.000,hazard_avoidances,27
552.000,min_hazard_distance_m,4.462632048090187
552.000,collisions,0
552.000,time_below_clearance_s,0.0
552.000,safety_zone_violations,0
552.000,min_ttc_s,8.929033367911469
552.000,avoid_success,26
552.000,avoid_timeout,0
552.000,q_convergence,3.292488447073196
552.000,update_residual,0.012694033894194877
552.000,investigation_deferred,0
552.000,nav_aborted,0
552.000,nav_canceled,0
552.000,nav_rejected,0
552.000,run_seed,6
553.000,anomalies_detected,0
553.000,anomalies_unique,0
553.000,investigation_timeouts,0
553.000,mission_duration_s,508.436
553.000,distance_traveled_m,102.23763341753968
553.000,route_deviations,27
553.000,investigation_time_s,0.0
553.000,hazard_avoidances,27
553.000,min_hazard_distance_m,4.462632048090187
553.000,collisions,0
553.000,time_below_clearance_s,0.0
553.000,safety_zone_violations,0
553.000,min_ttc_s,8.929033367911469
553.000,avoid_success,26
553.000,avoid_timeout,0
553.000,q_convergence,3.0143664389376488
553.000,update_residual,0.01096187875295974
553.000,investigation_deferred,0
553.000,nav_aborted,0
553.000,nav_canceled,0
553.000,nav_rejected,0
553.000,run_seed,6
554.000,anomalies_detected,0
554.000,anomalies_unique,0
554.000,investigation_timeouts,0
554.000,mission_duration_s,509.436
554.000,distance_traveled_m,102.4903532963632
554.000,route_deviations,27
554.000,investigation_time_s,0.0
554.000,hazard_avoidances,27
554.000,min_hazard_distance_m,4.462632048090187
554.000,collisions,0
554.000,time_below_clearance_s,0.0
554.000,safety_zone_violations,0
554.000,min_ttc_s,8.929033367911469
554.000,avoid_success,26
554.000,avoid_timeout,0
554.000,q_convergence,2.082953692940983
554.000,update_residual,0.041841484538650886
554.000,investigation_deferred,0
554.000,nav_aborted,0
554.000,nav_canceled,0
554.000,nav_rejected,0
554.000,run_seed,6
555.000,anomalies_detected,0
555.000,anomalies_unique,0
555.000,investigation_timeouts,0
555.000,mission_duration_s,510.436
555.000,distance_traveled_m,102.75228665262239
555.000,route_deviations,27
555.000,investigation_time_s,0.0
555.000,hazard_avoidances,27
555.000,min_hazard_distance_m,4.462632048090187
555.000,collisions,0
555.000,time_below_clearance_s,0.0
555.000,safety_zone_violations,0
555.000,min_ttc_s,8.929033367911469
555.000,avoid_success,26
555.000,avoid_timeout,0
555.000,q_convergence,2.4447785494137673
555.000,update_residual,0.002425695428307606
555.000,investigation_deferred,0
555.000,nav_aborted,0
555.000,nav_canceled,0
555.000,nav_rejected,0
555.000,run_seed,6
556.000,anomalies_detected,0
556.000,anomalies_unique,0
556.000,investigation_timeouts,0
556.000,mission_duration_s,511.436
556.000,distance_traveled_m,102.86517137907478
556.000,route_deviations,27
556.000,investigation_time_s,0.0
556.000,hazard_avoidances,27
556.000,min_hazard_distance_m,4.462632048090187
556.000,collisions,0
556.000,time_below_clearance_s,0.0
556.000,safety_zone_violations,0
556.000,min_ttc_s,8.929033367911469
556.000,avoid_success,27
556.000,avoid_timeout,0
556.000,q_convergence,2.060491979506544
556.000,update_residual,0.0251354941800263
556.000,investigation_deferred,0
556.000,nav_aborted,0
556.000,nav_canceled,0
556.000,nav_rejected,0
556.000,run_seed,6
557.000,anomalies_detected,0
557.000,anomalies_unique,0
557.000,investigation_timeouts,0
557.000,mission_duration_s,512.436
557.000,distance_traveled_m,102.95862754921902
557.000,route_deviations,27
557.000,investigation_time_s,0.0
557.000,hazard_avoidances,27
557.000,min_hazard_distance_m,4.462632048090187
557.000,collisions,0
557.000,time_below_clearance_s,0.0
557.000,safety_zone_violations,0
557.000,min_ttc_s,8.929033367911469
557.000,avoid_success,27
557.000,avoid_timeout,0
557.000,q_convergence,2.044681417310329
557.000,update_residual,0.005399876083198773
557.000,investigation_deferred,0
557.000,nav_aborted,0
557.000,nav_canceled,0
557.000,nav_rejected,0
557.000,run_seed,6
558.000,anomalies_detected,0
558.000,anomalies_unique,0
558.000,investigation_timeouts,0
558.000,mission_duration_s,513.436
558.000,distance_traveled_m,103.1716631101314
558.000,route_deviations,27
558.000,investigation_time_s,0.0
558.000,hazard_avoidances,27
558.000,min_hazard_distance_m,4.462632048090187
558.000,collisions,0
558.000,time_below_clearance_s,0.0
558.000,safety_zone_violations,0
558.000,min_ttc_s,8.929033367911469
558.000,avoid_success,27
558.000,avoid_timeout,0
558.000,q_convergence,1.8875974737562093
558.000,update_residual,0.01037193223352399
558.000,investigation_deferred,0
558.000,nav_aborted,0
558.000,nav_canceled,0
558.000,nav_rejected,0
558.000,run_seed,6
559.000,anomalies_detected,0
559.000,anomalies_unique,0
559.000,investigation_timeouts,0
559.000,mission_duration_s,514.436
559.000,distance_traveled_m,103.28725109338063
559.000,route_deviations,27
559.000,investigation_time_s,0.0
559.000,hazard_avoidances,27
559.000,min_hazard_distance_m,4.462632048090187
559.000,collisions,0
559.000,time_below_clearance_s,0.0
559.000,safety_zone_violations,0
559.000,min_ttc_s,8.929033367911469
559.000,avoid_success,27
559.000,avoid_timeout,0
559.000,q_convergence,1.8036077447376395
559.000,update_residual,0.0019729593316670144
559.000,investigation_deferred,0
559.000,nav_aborted,0
559.000,nav_canceled,0
559.000,nav_rejected,0
559.000,run_seed,6
560.000,anomalies_detected,0
560.000,anomalies_unique,0
560.000,investigation_timeouts,0
560.000,mission_duration_s,515.436
560.000,distance_traveled_m,103.43526333773649
560.000,route_deviations,27
560.000,investigation_time_s,0.0
560.000,hazard_avoidances,27
560.000,min_hazard_distance_m,4.462632048090187
560.000,collisions,0
560.000,time_below_clearance_s,0.0
560.000,safety_zone_violations,0
560.000,min_ttc_s,8.929033367911469
560.000,avoid_success,27
560.000,avoid_timeout,0
560.000,q_convergence,1.7234269501478077
560.000,update_residual,0.020713052143998396
560.000,investigation_deferred,0
560.000,nav_aborted,0
560.000,nav_canceled,0
560.000,nav_rejected,0
560.000,run_seed,6
561.000,anomalies_detected,0
561.000,anomalies_unique,0
561.000,investigation_timeouts,0
561.000,mission_duration_s,516.436
561.000,distance_traveled_m,103.69734172656949
561.000,route_deviations,27
561.000,investigation_time_s,0.0
561.000,hazard_avoidances,27
561.000,min_hazard_distance_m,4.462632048090187
561.000,collisions,0
561.000,time_below_clearance_s,0.0
561.000,safety_zone_violations,0
561.000,min_ttc_s,8.929033367911469
561.000,avoid_success,27
561.000,avoid_timeout,0
561.000,q_convergence,1.5271365555201577
561.000,update_residual,0.0010840126812333775
561.000,investigation_deferred,0
561.000,nav_aborted,0
561.000,nav_canceled,0
561.000,nav_rejected,0
561.000,run_seed,6
562.000,anomalies_detected,0
562.000,anomalies_unique,0
562.000,investigation_timeouts,0
562.000,mission_duration_s,517.436
562.000,distance_traveled_m,103.95942172164818
562.000,route_deviations,27
562.000,investigation_time_s,0.0
562.000,hazard_avoidances,27
562.000,min_hazard_distance_m,4.462632048090187
562.000,collisions,0
562.000,time_below_clearance_s,0.0
562.000,safety_zone_violations,0
562.000,min_ttc_s,8.929033367911469
562.000,avoid_success,27
562.000,avoid_timeout,0
562.000,q_convergence,1.3663982841947568
562.000,update_residual,0.007754631979310675
562.000,investigation_deferred,0
562.000,nav_aborted,0
562.000,nav_canceled,0
562.000,nav_rejected,0
562.000,run_seed,6
563.000,anomalies_detected,0
563.000,anomalies_unique,0
563.000,investigation_timeouts,0
563.000,mission_duration_s,518.436
563.000,distance_traveled_m,104.21214171462302
563.000,route_deviations,27
563.000,investigation_time_s,0.0
563.000,hazard_avoidances,27
563.000,min_hazard_distance_m,4.462632048090187
563.000,collisions,0
563.000,time_below_clearance_s,0.0
563.000,safety_zone_violations,0
563.000,min_ttc_s,8.929033367911469
563.000,avoid_success,27
563.000,avoid_timeout,0
563.000,q_convergence,1.2929103326930207
563.000,update_residual,0.00040583682913705136
563.000,investigation_deferred,0
563.000,nav_aborted,0
563.000,nav_canceled,0
563.000,nav_rejected,0
563.000,run_seed,6
564.000,anomalies_detected,0
564.000,anomalies_unique,0
564.000,investigation_timeouts,0
564.000,mission_duration_s,519.436
564.000,distance_traveled_m,104.47422171279933
564.000,route_deviations,27
564.000,investigation_time_s,0.0
564.000,hazard_avoidances,27
564.000,min_hazard_distance_m,4.462632048090187
564.000,collisions,0
564.000,time_below_clearance_s,0.0
564.000,safety_zone_violations,0
564.000,min_ttc_s,8.929033367911469
564.000,avoid_success,27
564.000,avoid_timeout,0
564.000,q_convergence,1.027533421342146
564.000,update_residual,0.009314691489942059
564.000,investigation_deferred,0
564.000,nav_aborted,0
564.000,nav_canceled,0
564.000,nav_rejected,0
564.000,run_seed,6
565.000,anomalies_detected,0
565.000,anomalies_unique,0
565.000,investigation_timeouts,0
565.000,mission_duration_s,520.436
565.000,distance_traveled_m,104.73630171153503
565.000,route_deviations,28
565.000,investigation_time_s,0.0
565.000,hazard_avoidances,28
565.000,min_hazard_distance_m,4.462632048090187
565.000,collisions,0
565.000,time_below_clearance_s,0.0
565.000,safety_zone_violations,0
565.000,min_ttc_s,8.929033367911469
565.000,avoid_success,27
565.000,avoid_timeout,0
565.000,q_convergence,2.230566552431503
565.000,update_residual,0.015252089089536654
565.000,investigation_deferred,0
565.000,nav_aborted,0
565.000,nav_canceled,0
565.000,nav_rejected,0
565.000,run_seed,6
566.000,anomalies_detected,0
566.000,anomalies_unique,0
566.000,investigation_timeouts,0
566.000,mission_duration_s,521.436
566.000,distance_traveled_m,104.93460195204975
566.000,route_deviations,28
566.000,investigation_time_s,0.0
566.000,hazard_avoidances,28
566.000,min_hazard_distance_m,4.3958830947972
566.000,collisions,0
566.000,time_below_clearance_s,0.0
566.000,safety_zone_violations,0
566.000,min_ttc_s,8.757288057942093
566.000,avoid_success,27
566.000,avoid_timeout,0
566.000,q_convergence,3.468476570963369
566.000,update_residual,0.005114795243273038
566.000,investigation_deferred,0
566.000,nav_aborted,0
566.000,nav_canceled,0
566.000,nav_rejected,0
566.000,run_seed,6
567.000,anomalies_detected,0
567.000,anomalies_unique,0
567.000,investigation_timeouts,0
567.000,mission_duration_s,522.436
567.000,distance_traveled_m,105.01782779180147
567.000,route_deviations,28
567.000,investigation_time_s,0.0
567.000,hazard_avoidances,28
567.000,min_hazard_distance_m,4.39583798015492
567.000,collisions,0
567.000,time_below_clearance_s,0.0
567.000,safety_zone_violations,0
567.000,min_ttc_s,8.757288057942093
567.000,avoid_success,27
567.000,avoid_timeout,0
567.000,q_convergence,3.632534982974161
567.000,update_residual,0.006178498831165609
567.000,investigation_deferred,0
567.000,nav_aborted,0
567.000,nav_canceled,0
567.000,nav_rejected,0
567.000,run_seed,6
568.000,anomalies_detected,0
568.000,anomalies_unique,0
568.000,investigation_timeouts,0
568.000,mission_duration_s,523.436
568.000,distance_traveled_m,105.24438253152773
568.000,route_deviations,28
568.000,investigation_time_s,0.0
568.000,hazard_avoidances,28
568.000,min_hazard_distance_m,4.39583798015492
568.000,collisions,0
568.000,time_below_clearance_s,0.0
568.000,safety_zone_violations,0
568.000,min_ttc_s,8.757288057942093
568.000,avoid_success,27
568.000,avoid_timeout,0
568.000,q_convergence,2.8441989049085876
568.000,update_residual,0.09385800061033032
568.000,investigation_deferred,0
568.000,nav_aborted,0
568.000,nav_canceled,0
568.000,nav_rejected,0
568.000,run_seed,6
569.000,anomalies_detected,0
569.000,anomalies_unique,0
569.000,investigation_timeouts,0
569.000,mission_duration_s,524.436
569.000,distance_traveled_m,105.3515150902801
569.000,route_deviations,28
569.000,investigation_time_s,0.0
569.000,hazard_avoidances,28
569.000,min_hazard_distance_m,4.39583798015492
569.000,collisions,0
569.000,time_below_clearance_s,0.0
569.000,safety_zone_violations,0
569.000,min_ttc_s,8.757288057942093
569.000,avoid_success,27
569.000,avoid_timeout,0
569.000,q_convergence,3.720993569891627
569.000,update_residual,0.0007010363060127959
569.000,investigation_deferred,0
569.000,nav_aborted,0
569.000,nav_canceled,0
569.000,nav_rejected,0
569.000,run_seed,6
570.000,anomalies_detected,0
570.000,anomalies_unique,0
570.000,investigation_timeouts,0
570.000,mission_duration_s,525.436
570.000,distance_traveled_m,105.43861924051262
570.000,route_deviations,28
570.000,investigation_time_s,0.0
570.000,hazard_avoidances,28
570.000,min_hazard_distance_m,4.39583798015492
570.000,collisions,0
570.000,time_below_clearance_s,0.0
570.000,safety_zone_violations,0
570.000,min_ttc_s,8.757288057942093
570.000,avoid_success,27
570.000,avoid_timeout,0
570.000,q_convergence,3.646468923321258
570.000,update_residual,0.004142317196107095
570.000,investigation_deferred,0
570.000,nav_aborted,0
570.000,nav_canceled,0
570.000,nav_rejected,0
570.000,run_seed,6
571.000,anomalies_detected,0
571.000,anomalies_unique,0
571.000,investigation_timeouts,0
571.000,mission_duration_s,526.436
571.000,distance_traveled_m,105.70069630254909
571.000,route_deviations,28
571.000,investigation_time_s,0.0
571.000,hazard_avoidances,28
571.000,min_hazard_distance_m,4.39583798015492
571.000,collisions,0
571.000,time_below_clearance_s,0.0
571.000,safety_zone_violations,0
571.000,min_ttc_s,8.757288057942093
571.000,avoid_success,27
571.000,avoid_timeout,0
571.000,q_convergence,3.607213623260018
571.000,update_residual,0.00021678718998309872
571.000,investigation_deferred,0
571.000,nav_aborted,0
571.000,nav_canceled,0
571.000,nav_rejected,0
571.000,run_seed,6
572.000,anomalies_detected,0
572.000,anomalies_unique,0
572.000,investigation_timeouts,0
572.000,mission_duration_s,527.436
572.000,distance_traveled_m,105.9534162851919
572.000,route_deviations,28
572.000,investigation_time_s,0.0
572.000,hazard_avoidances,28
572.000,min_hazard_distance_m,4.39583798015492
572.000,collisions,0
572.000,time_below_clearance_s,0.0
572.000,safety_zone_violations,0
572.000,min_ttc_s,8.757288057942093
572.000,avoid_success,27
572.000,avoid_timeout,0
572.000,q_convergence,3.5520875073031926
572.000,update_residual,0.002726524495766055
572.000,investigation_deferred,0
572.000,nav_aborted,0
572.000,nav_canceled,0
572.000,nav_rejected,0
572.000,run_seed,6
573.000,anomalies_detected,0
573.000,anomalies_unique,0
573.000,investigation_timeouts,0
573.000,mission_duration_s,528.436
573.000,distance_traveled_m,106.21549619378774
573.000,route_deviations,28
573.000,investigation_time_s,0.0
573.000,hazard_avoidances,28
573.000,min_hazard_distance_m,4.39583798015492
573.000,collisions,0
573.000,time_below_clearance_s,0.0
573.000,safety_zone_violations,0
573.000,min_ttc_s,8.757288057942093
573.000,avoid_success,27
573.000,avoid_timeout,0
573.000,q_convergence,3.3003497150826804
573.000,update_residual,0.02247848451034952
573.000,investigation_deferred,0
573.000,nav_aborted,0
573.000,nav_canceled,0
573.000,nav_rejected,0
573.000,run_seed,6
574.000,anomalies_detected,0
574.000,anomalies_unique,0
574.000,investigation_timeouts,0
574.000,mission_duration_s,529.436
574.000,distance_traveled_m,106.47757602063085
574.000,route_deviations,28
574.000,investigation_time_s,0.0
574.000,hazard_avoidances,28
574.000,min_hazard_distance_m,4.39583798015492
574.000,collisions,0
574.000,time_below_clearance_s,0.0
574.000,safety_zone_violations,0
574.000,min_ttc_s,8.757288057942093
574.000,avoid_success,27
574.000,avoid_timeout,0
574.000,q_convergence,3.1608675474205548
574.000,update_residual,0.016476862442685303
574.000,investigation_deferred,0
574.000,nav_aborted,0
574.000,nav_canceled,0
574.000,nav_rejected,0
574.000,run_seed,6
575.000,anomalies_detected,0
575.000,anomalies_unique,0
575.000,investigation_timeouts,0
575.000,mission_duration_s,530.436
575.000,distance_traveled_m,106.73965600638726
575.000,route_deviations,28
575.000,investigation_time_s,0.0
575.000,hazard_avoidances,28
575.000,min_hazard_distance_m,4.39583798015492
575.000,collisions,0
575.000,time_below_clearance_s,0.0
575.000,safety_zone_violations,0
575.000,min_ttc_s,8.757288057942093
575.000,avoid_success,27
575.000,avoid_timeout,0
575.000,q_convergence,3.0047220499527976
575.000,update_residual,0.0008623126959096553
575.000,investigation_deferred,0
575.000,nav_aborted,0
575.000,nav_canceled,0
575.000,nav_rejected,0
575.000,run_seed,6
576.000,anomalies_detected,0
576.000,anomalies_unique,0
576.000,investigation_timeouts,0
576.000,mission_duration_s,531.436
576.000,distance_traveled_m,106.94919143651778
576.000,route_deviations,28
576.000,investigation_time_s,0.0
576.000,hazard_avoidances,28
576.000,min_hazard_distance_m,4.39583798015492
576.000,collisions,0
576.000,time_below_clearance_s,0.0
576.000,safety_zone_violations,0
576.000,min_ttc_s,8.757288057942093
576.000,avoid_success,27
576.000,avoid_timeout,0
576.000,q_convergence,2.6813481378273107
576.000,update_residual,0.01664966745551571
576.000,investigation_deferred,0
576.000,nav_aborted,0
576.000,nav_canceled,0
576.000,nav_rejected,0
576.000,run_seed,6
577.000,anomalies_detected,0
577.000,anomalies_unique,0
577.000,investigation_timeouts,0
577.000,mission_duration_s,532.436
577.000,distance_traveled_m,106.94919143652506
577.000,route_deviations,28
577.000,investigation_time_s,0.0
577.000,hazard_avoidances,28
577.000,min_hazard_distance_m,4.39583798015492
577.000,collisions,0
577.000,time_below_clearance_s,0.0
577.000,safety_zone_violations,0
577.000,min_ttc_s,8.757288057942093
577.000,avoid_success,28
577.000,avoid_timeout,0
577.000,q_convergence,2.4804090511693846
577.000,update_residual,0.006627503337526204
577.000,investigation_deferred,0
577.000,nav_aborted,0
577.000,nav_canceled,0
577.000,nav_rejected,0
577.000,run_seed,6
578.000,anomalies_detected,0
578.000,anomalies_unique,0
578.000,investigation_timeouts,0
578.000,mission_duration_s,533.436
578.000,distance_traveled_m,107.05624403185841
578.000,route_deviations,28
578.000,investigation_time_s,0.0
578.000,hazard_avoidances,28
578.000,min_hazard_distance_m,4.39583798015492
578.000,collisions,0
578.000,time_below_clearance_s,0.0
578.000,safety_zone_violations,0
578.000,min_ttc_s,8.757288057942093
578.000,avoid_success,28
578.000,avoid_timeout,0
578.000,q_convergence,2.0501856655391393
578.000,update_residual,0.014099257174036076
578.000,investigation_deferred,0
578.000,nav_aborted,0
578.000,nav_canceled,0
578.000,nav_rejected,0
578.000,run_seed,6
579.000,anomalies_detected,0
579.000,anomalies_unique,0
579.000,investigation_timeouts,0
579.000,mission_duration_s,534.436
579.000,distance_traveled_m,107.26742112266884
579.000,route_deviations,28
579.000,investigation_time_s,0.0
579.000,hazard_avoidances,28
579.000,min_hazard_distance_m,4.39583798015492
579.000,collisions,0
579.000,time_below_clearance_s,0.0
579.000,safety_zone_violations,0
579.000,min_ttc_s,8.757288057942093
579.000,avoid_success,28
579.000,avoid_timeout,0
579.000,q_convergence,1.9424011717933054
579.000,update_residual,0.010242192070979903
579.000,investigation_deferred,0
579.000,nav_aborted,0
579.000,nav_canceled,0
579.000,nav_rejected,0
579.000,run_seed,6
580.000,anomalies_detected,0
580.000,anomalies_unique,0
580.000,investigation_timeouts,0
580.000,mission_duration_s,535.436
580.000,distance_traveled_m,107.34467740400184
580.000,route_deviations,28
580.000,investigation_time_s,0.0
580.000,hazard_avoidances,28
580.000,min_hazard_distance_m,4.39583798015492
580.000,collisions,0
580.000,time_below_clearance_s,0.0
580.000,safety_zone_violations,0
580.000,min_ttc_s,8.757288057942093
580.000,avoid_success,28
580.000,avoid_timeout,0
580.000,q_convergence,1.747273393384574
580.000,update_residual,0.01029043270203565
580.000,investigation_deferred,0
580.000,nav_aborted,0
580.000,nav_canceled,0
580.000,nav_rejected,0
580.000,run_seed,6
581.000,anomalies_detected,0
581.000,anomalies_unique,0
581.000,investigation_timeouts,0
581.000,mission_duration_s,536.436
581.000,distance_traveled_m,107.48407060641492
581.000,route_deviations,28
581.000,investigation_time_s,0.0
581.000,hazard_avoidances,28
581.000,min_hazard_distance_m,4.39583798015492
581.000,collisions,0
581.000,time_below_clearance_s,0.0
581.000,safety_zone_violations,0
581.000,min_ttc_s,8.757288057942093
581.000,avoid_success,28
581.000,avoid_timeout,0
581.000,q_convergence,1.5522687403952802
581.000,update_residual,0.0011713623025701042
581.000,investigation_deferred,0
581.000,nav_aborted,0
581.000,nav_canceled,0
581.000,nav_rejected,0
581.000,run_seed,6
582.000,anomalies_detected,0
582.000,anomalies_unique,0
582.000,investigation_timeouts,0
582.000,mission_duration_s,537.436
582.000,distance_traveled_m,107.7461496270578
582.000,route_deviations,28
582.000,investigation_time_s,0.0
582.000,hazard_avoidances,28
582.000,min_hazard_distance_m,4.39583798015492
582.000,collisions,0
582.000,time_below_clearance_s,0.0
582.000,safety_zone_violations,0
582.000,min_ttc_s,8.757288057942093
582.000,avoid_success,28
582.000,avoid_timeout,0
582.000,q_convergence,1.4105885753671454
582.000,update_residual,0.00812035664593115
582.000,investigation_deferred,0
582.000,nav_aborted,0
582.000,nav_canceled,0
582.000,nav_rejected,0
582.000,run_seed,6
583.000,anomalies_detected,0
583.000,anomalies_unique,0
583.000,investigation_timeouts,0
583.000,mission_duration_s,538.436
583.000,distance_traveled_m,108.00822961397972
583.000,route_deviations,28
583.000,investigation_time_s,0.0
583.000,hazard_avoidances,28
583.000,min_hazard_distance_m,4.39583798015492
583.000,collisions,0
583.000,time_below_clearance_s,0.0
583.000,safety_zone_violations,0
583.000,min_ttc_s,8.757288057942093
583.000,avoid_success,28
583.000,avoid_timeout,0
583.000,q_convergence,1.3339664454743934
583.000,update_residual,0.0004581436566559262
583.000,investigation_deferred,0
583.000,nav_aborted,0
583.000,nav_canceled,0
583.000,nav_rejected,0
583.000,run_seed,6
584.000,anomalies_detected,0
584.000,anomalies_unique,0
584.000,investigation_timeouts,0
584.000,mission_duration_s,539.436
584.000,distance_traveled_m,108.27030961139539
584.000,route_deviations,28
584.000,investigation_time_s,0.0
584.000,hazard_avoidances,28
584.000,min_hazard_distance_m,4.39583798015492
584.000,collisions,0
584.000,time_below_clearance_s,0.0
584.000,safety_zone_violations,0
584.000,min_ttc_s,8.757288057942093
584.000,avoid_success,28
584.000,avoid_timeout,0
584.000,q_convergence,1.1204981806584973
584.000,update_residual,0.0023773089642007235
584.000,investigation_deferred,0
584.000,nav_aborted,0
584.000,nav_canceled,0
584.000,nav_rejected,0
584.000,run_seed,6
585.000,anomalies_detected,0
585.000,anomalies_unique,0
585.000,investigation_timeouts,0
585.000,mission_duration_s,540.436
585.000,distance_traveled_m,108.52302960884369
585.000,route_deviations,28
585.000,investigation_time_s,0.0
585.000,hazard_avoidances,28
585.000,min_hazard_distance_m,4.39583798015492
585.000,collisions,0
585.000,time_below_clearance_s,0.0
585.000,safety_zone_violations,0
585.000,min_ttc_s,8.757288057942093
585.000,avoid_success,28
585.000,avoid_timeout,0
585.000,q_convergence,1.1290044861739277
585.000,update_residual,9.727713977307137e-05
585.000,investigation_deferred,0
585.000,nav_aborted,0
585.000,nav_canceled,0
585.000,nav_rejected,0
585.000,run_seed,6
586.000,anomalies_detected,0
586.000,anomalies_unique,0
586.000,investigation_timeouts,0
586.000,mission_duration_s,541.436
586.000,distance_traveled_m,108.78510960628995
586.000,route_deviations,29
586.000,investigation_time_s,0.0
586.000,hazard_avoidances,29
586.000,min_hazard_distance_m,4.39583798015492
586.000,collisions,0
586.000,time_below_clearance_s,0.0
586.000,safety_zone_violations,0
586.000,min_ttc_s,8.757288057942093
586.000,avoid_success,28
586.000,avoid_timeout,0
586.000,q_convergence,2.2275114392317032
586.000,update_residual,0.02583309667357787
586.000,investigation_deferred,0
586.000,nav_aborted,0
586.000,nav_canceled,0
586.000,nav_rejected,0
586.000,run_seed,6
587.000,anomalies_detected,0
587.000,anomalies_unique,0
587.000,investigation_timeouts,0
587.000,mission_duration_s,542.436
587.000,distance_traveled_m,108.89636584164266
587.000,route_deviations,29
587.000,investigation_time_s,0.0
587.000,hazard_avoidances,29
587.000,min_hazard_distance_m,4.39583798015492
587.000,collisions,0
587.000,time_below_clearance_s,0.0
587.000,safety_zone_violations,0
587.000,min_ttc_s,8.757288057942093
587.000,avoid_success,28
587.000,avoid_timeout,0
587.000,q_convergence,3.4662589826542436
587.000,update_residual,0.007713761308446914
587.000,investigation_deferred,0
587.000,nav_aborted,0
587.000,nav_canceled,0
587.000,nav_rejected,0
587.000,run_seed,6
588.000,anomalies_detected,0
588.000,anomalies_unique,0
588.000,investigation_timeouts,0
588.000,mission_duration_s,543.436
588.000,distance_traveled_m,109.11428884019591
588.000,route_deviations,29
588.000,investigation_time_s,0.0
588.000,hazard_avoidances,29
588.000,min_hazard_distance_m,4.39583798015492
588.000,collisions,0
588.000,time_below_clearance_s,0.0
588.000,safety_zone_violations,0
588.000,min_ttc_s,8.757288057942093
588.000,avoid_success,28
588.000,avoid_timeout,0
588.000,q_convergence,3.6238713689718907
588.000,update_residual,0.004513349721132447
588.000,investigation_deferred,0
588.000,nav_aborted,0
588.000,nav_canceled,0
588.000,nav_rejected,0
588.000,run_seed,6
589.000,anomalies_detected,0
589.000,anomalies_unique,0
589.000,investigation_timeouts,0
589.000,mission_duration_s,544.436
589.000,distance_traveled_m,109.21487794702543
589.000,route_deviations,29
589.000,investigation_time_s,0.0
589.000,hazard_avoidances,29
589.000,min_hazard_distance_m,4.39583798015492
589.000,collisions,0
589.000,time_below_clearance_s,0.0
589.000,safety_zone_violations,0
589.000,min_ttc_s,8.757288057942093
589.000,avoid_success,28
589.000,avoid_timeout,0
589.000,q_convergence,3.650219418030551
589.000,update_residual,0.0010016826797286046
589.000,investigation_deferred,0
589.000,nav_aborted,0
589.000,nav_canceled,0
589.000,nav_rejected,0
589.000,run_seed,6
590.000,anomalies_detected,0
590.000,anomalies_unique,0
590.000,investigation_timeouts,0
590.000,mission_duration_s,545.436
590.000,distance_traveled_m,109.3248480195445
590.000,route_deviations,29
590.000,investigation_time_s,0.0
590.000,hazard_avoidances,29
590.000,min_hazard_distance_m,4.39583798015492
590.000,collisions,0
590.000,time_below_clearance_s,0.0
590.000,safety_zone_violations,0
590.000,min_ttc_s,8.757288057942093
590.000,avoid_success,28
590.000,avoid_timeout,0
590.000,q_convergence,3.640726819492747
590.000,update_residual,5.242282594805835e-05
590.000,investigation_deferred,0
590.000,nav_aborted,0
590.000,nav_canceled,0
590.000,nav_rejected,0
590.000,run_seed,6
591.000,anomalies_detected,0
591.000,anomalies_unique,0
591.000,investigation_timeouts,0
591.000,mission_duration_s,546.436
591.000,distance_traveled_m,109.5869262743997
591.000,route_deviations,29
591.000,investigation_time_s,0.0
591.000,hazard_avoidances,29
591.000,min_hazard_distance_m,4.39583798015492
591.000,collisions,0
591.000,time_below_clearance_s,0.0
591.000,safety_zone_violations,0
591.000,min_ttc_s,8.757288057942093
591.000,avoid_success,28
591.000,avoid_timeout,0
591.000,q_convergence,3.5378711032916663
591.000,update_residual,0.005486295304903083
591.000,investigation_deferred,0
591.000,nav_aborted,0
591.000,nav_canceled,0
591.000,nav_rejected,0
591.000,run_seed,6
592.000,anomalies_detected,0
592.000,anomalies_unique,0
592.000,investigation_timeouts,0
592.000,mission_duration_s,547.436
592.000,distance_traveled_m,109.84900614935046
592.000,route_deviations,29
592.000,investigation_time_s,0.0
592.000,hazard_avoidances,29
592.000,min_hazard_distance_m,4.39583798015492
592.000,collisions,0
592.000,time_below_clearance_s,0.0
592.000,safety_zone_violations,0
592.000,min_ttc_s,8.757288057942093
592.000,avoid_success,28
592.000,avoid_timeout,0
592.000,q_convergence,3.236729551359809
592.000,update_residual,0.02281099375866902
592.000,investigation_deferred,0
592.000,nav_aborted,0
592.000,nav_canceled,0
592.000,nav_rejected,0
592.000,run_seed,6
593.000,anomalies_detected,0
593.000,anomalies_unique,0
593.000,investigation_timeouts,0
593.000,mission_duration_s,548.436
593.000,distance_traveled_m,110.11108606494119
593.000,route_deviations,29
593.000,investigation_time_s,0.0
593.000,hazard_avoidances,29
593.000,min_hazard_distance_m,4.39583798015492
593.000,collisions,0
593.000,time_below_clearance_s,0.0
593.000,safety_zone_violations,0
593.000,min_ttc_s,8.757288057942093
593.000,avoid_success,28
593.000,avoid_timeout,0
593.000,q_convergence,3.3345250622982037
593.000,update_residual,0.009015901921731245
593.000,investigation_deferred,0
593.000,nav_aborted,0
593.000,nav_canceled,0
593.000,nav_rejected,0
593.000,run_seed,6
594.000,anomalies_detected,0
594.000,anomalies_unique,0
594.000,investigation_timeouts,0
594.000,mission_duration_s,549.436
594.000,distance_traveled_m,110.36380606049275
594.000,route_deviations,29
594.000,investigation_time_s,0.0
594.000,hazard_avoidances,29
594.000,min_hazard_distance_m,4.39583798015492
594.000,collisions,0
594.000,time_below_clearance_s,0.0
594.000,safety_zone_violations,0
594.000,min_ttc_s,8.757288057942093
594.000,avoid_success,28
594.000,avoid_timeout,0
594.000,q_convergence,3.0801266282179895
594.000,update_residual,0.016914515892980247
594.000,investigation_deferred,0
594.000,nav_aborted,0
594.000,nav_canceled,0
594.000,nav_rejected,0
594.000,run_seed,6
595.000,anomalies_detected,0
595.000,anomalies_unique,0
595.000,investigation_timeouts,0
595.000,mission_duration_s,550.436
595.000,distance_traveled_m,110.62588593295024
595.000,route_deviations,29
595.000,investigation_time_s,0.0
595.000,hazard_avoidances,29
595.000,min_hazard_distance_m,4.39583798015492
595.000,collisions,0
595.000,time_below_clearance_s,0.0
595.000,safety_zone_violations,0
595.000,min_ttc_s,8.757288057942093
595.000,avoid_success,28
595.000,avoid_timeout,0
595.000,q_convergence,2.0881309463704536
595.000,update_residual,0.04204849404232759
595.000,investigation_deferred,0
595.000,nav_aborted,0
595.000,nav_canceled,0
595.000,nav_rejected,0
595.000,run_seed,6
596.000,anomalies_detected,0
596.000,anomalies_unique,0
596.000,investigation_timeouts,0
596.000,mission_duration_s,551.436
596.000,distance_traveled_m,110.67563367525992
596.000,route_deviations,29
596.000,investigation_time_s,0.0
596.000,hazard_avoidances,29
596.000,min_hazard_distance_m,4.39583798015492
596.000,collisions,0
596.000,time_below_clearance_s,0.0
596.000,safety_zone_violations,0
596.000,min_ttc_s,8.757288057942093
596.000,avoid_success,29
596.000,avoid_timeout,0
596.000,q_convergence,2.1078024706652077
596.000,update_residual,0.015302892916397014
596.000,investigation_deferred,0
596.000,nav_aborted,0
596.000,nav_canceled,0
596.000,nav_rejected,0
596.000,run_seed,6
597.000,anomalies_detected,0
597.000,anomalies_unique,0
597.000,investigation_timeouts,0
597.000,mission_duration_s,552.436
597.000,distance_traveled_m,110.75159396189179
597.000,route_deviations,29
597.000,investigation_time_s,0.0
597.000,hazard_avoidances,29
597.000,min_hazard_distance_m,4.39583798015492
597.000,collisions,0
597.000,time_below_clearance_s,0.0
597.000,safety_zone_violations,0
597.000,min_ttc_s,8.757288057942093
597.000,avoid_success,29
597.000,avoid_timeout,0
597.000,q_convergence,2.084951562831107
597.000,update_residual,0.0018232548729608636
597.000,investigation_deferred,0
597.000,nav_aborted,0
597.000,nav_canceled,0
597.000,nav_rejected,0
597.000,run_seed,6
598.000,anomalies_detected,0
598.000,anomalies_unique,0
598.000,investigation_timeouts,0
598.000,mission_duration_s,553.436
598.000,distance_traveled_m,110.9571642172556
598.000,route_deviations,29
598.000,investigation_time_s,0.0
598.000,hazard_avoidances,29
598.000,min_hazard_distance_m,4.39583798015492
598.000,collisions,0
598.000,time_below_clearance_s,0.0
598.000,safety_zone_violations,0
598.000,min_ttc_s,8.757288057942093
598.000,avoid_success,29
598.000,avoid_timeout,0
598.000,q_convergence,1.8935262881098007
598.000,update_residual,0.01058197932831936
598.000,investigation_deferred,0
598.000,nav_aborted,0
598.000,nav_canceled,0
598.000,nav_rejected,0
598.000,run_seed,6
599.000,anomalies_detected,0
599.000,anomalies_unique,0
599.000,investigation_timeouts,0
599.000,mission_duration_s,554.436
599.000,distance_traveled_m,111.08011447642129
599.000,route_deviations,29
599.000,investigation_time_s,0.0
599.000,hazard_avoidances,29
599.000,min_hazard_distance_m,4.39583798015492
599.000,collisions,0
599.000,time_below_clearance_s,0.0
599.000,safety_zone_violations,0
599.000,min_ttc_s,8.757288057942093
599.000,avoid_success,29
599.000,avoid_timeout,0
599.000,q_convergence,1.6387860912919179
599.000,update_residual,0.011923557068930113
599.000,investigation_deferred,0
599.000,nav_aborted,0
599.000,nav_canceled,0
599.000,nav_rejected,0
599.000,run_seed,6
600.000,anomalies_detected,0
600.000,anomalies_unique,0
600.000,investigation_timeouts,0
600.000,mission_duration_s,555.436
600.000,distance_traveled_m,111.1770672753867
600.000,route_deviations,29
600.000,investigation_time_s,0.0
600.000,hazard_avoidances,29
600.000,min_hazard_distance_m,4.39583798015492
600.000,collisions,0
600.000,time_below_clearance_s,0.0
600.000,safety_zone_violations,0
600.000,min_ttc_s,8.757288057942093
600.000,avoid_success,29
600.000,avoid_timeout,0
600.000,q_convergence,1.5779757863840533
600.000,update_residual,0.028635784387182926
600.000,investigation_deferred,0
600.000,nav_aborted,0
600.000,nav_canceled,0
600.000,nav_rejected,0
600.000,run_seed,6
601.000,anomalies_detected,0
601.000,anomalies_unique,0
601.000,investigation_timeouts,0
601.000,mission_duration_s,556.436
601.000,distance_traveled_m,111.43914394871526
601.000,route_deviations,29
601.000,investigation_time_s,0.0
601.000,hazard_avoidances,29
601.000,min_hazard_distance_m,4.39583798015492
601.000,collisions,0
601.000,time_below_clearance_s,0.0
601.000,safety_zone_violations,0
601.000,min_ttc_s,8.757288057942093
601.000,avoid_success,29
601.000,avoid_timeout,0
601.000,q_convergence,1.3077740099639268
601.000,update_residual,0.0016156067451702713
601.000,investigation_deferred,0
601.000,nav_aborted,0
601.000,nav_canceled,0
601.000,nav_rejected,0
601.000,run_seed,6
602.000,anomalies_detected,0
602.000,anomalies_unique,0
602.000,investigation_timeouts,0
602.000,mission_duration_s,557.436
602.000,distance_traveled_m,111.70122394712236
602.000,route_deviations,29
602.000,investigation_time_s,0.0
602.000,hazard_avoidances,29
602.000,min_hazard_distance_m,4.39583798015492
602.000,collisions,0
602.000,time_below_clearance_s,0.0
602.000,safety_zone_violations,0
602.000,min_ttc_s,8.757288057942093
602.000,avoid_success,29
602.000,avoid_timeout,0
602.000,q_convergence,1.092304313348764
602.000,update_residual,0.001958814505298812
602.000,investigation_deferred,0
602.000,nav_aborted,0
602.000,nav_canceled,0
602.000,nav_rejected,0
602.000,run_seed,6
603.000,anomalies_detected,0
603.000,anomalies_unique,0
603.000,investigation_timeouts,0
603.000,mission_duration_s,558.436
603.000,distance_traveled_m,111.9539439453205
603.000,route_deviations,29
603.000,investigation_time_s,0.0
603.000,hazard_avoidances,29
603.000,min_hazard_distance_m,4.39583798015492
603.000,collisions,0
603.000,time_below_clearance_s,0.0
603.000,safety_zone_violations,0
603.000,min_ttc_s,8.757288057942093
603.000,avoid_success,29
603.000,avoid_timeout,0
603.000,q_convergence,1.0119714303454022
603.000,update_residual,0.007877746688032034
603.000,investigation_deferred,0
603.000,nav_aborted,0
603.000,nav_canceled,0
603.000,nav_rejected,0
603.000,run_seed,6
604.000,anomalies_detected,0
604.000,anomalies_unique,0
604.000,investigation_timeouts,0
604.000,mission_duration_s,559.436
604.000,distance_traveled_m,112.21602394258952
604.000,route_deviations,29
604.000,investigation_time_s,0.0
604.000,hazard_avoidances,29
604.000,min_hazard_distance_m,4.39583798015492
604.000,collisions,0
604.000,time_below_clearance_s,0.0
604.000,safety_zone_violations,0
604.000,min_ttc_s,8.757288057942093
604.000,avoid_success,29
604.000,avoid_timeout,0
604.000,q_convergence,0.9812482060604006
604.000,update_residual,0.018803333711508094
604.000,investigation_deferred,0
604.000,nav_aborted,0
604.000,nav_canceled,0
604.000,nav_rejected,0
604.000,run_seed,6
605.000,anomalies_detected,0
605.000,anomalies_unique,0
605.000,investigation_timeouts,0
605.000,mission_duration_s,560.436
605.000,distance_traveled_m,112.47810394125287
605.000,route_deviations,29
605.000,investigation_time_s,0.0
605.000,hazard_avoidances,29
605.000,min_hazard_distance_m,4.39583798015492
605.000,collisions,0
605.000,time_below_clearance_s,0.0
605.000,safety_zone_violations,0
605.000,min_ttc_s,8.757288057942093
605.000,avoid_success,29
605.000,avoid_timeout,0
605.000,q_convergence,1.0020015663176403
605.000,update_residual,0.03702265950838576
605.000,investigation_deferred,0
605.000,nav_aborted,0
605.000,nav_canceled,0
605.000,nav_rejected,0
605.000,run_seed,6
606.000,anomalies_detected,0
606.000,anomalies_unique,0
606.000,investigation_timeouts,0
606.000,mission_duration_s,561.436
606.000,distance_traveled_m,112.66891888253359
606.000,route_deviations,30
606.000,investigation_time_s,0.0
606.000,hazard_avoidances,30
606.000,min_hazard_distance_m,4.39583798015492
606.000,collisions,0
606.000,time_below_clearance_s,0.0
606.000,safety_zone_violations,0
606.000,min_ttc_s,8.757288057942093
606.000,avoid_success,29
606.000,avoid_timeout,0
606.000,q_convergence,3.363584053917489
606.000,update_residual,0.012560961684295551
606.000,investigation_deferred,0
606.000,nav_aborted,0
606.000,nav_canceled,0
606.000,nav_rejected,0
606.000,run_seed,6
607.000,anomalies_detected,0
607.000,anomalies_unique,0
607.000,investigation_timeouts,0
607.000,mission_duration_s,562.436
607.000,distance_traveled_m,112.83124824943772
607.000,route_deviations,30
607.000,investigation_time_s,0.0
607.000,hazard_avoidances,30
607.000,min_hazard_distance_m,4.39583798015492
607.000,collisions,0
607.000,time_below_clearance_s,0.0
607.000,safety_zone_violations,0
607.000,min_ttc_s,8.757288057942093
607.000,avoid_success,29
607.000,avoid_timeout,0
607.000,q_convergence,3.6032796502445494
607.000,update_residual,0.006053047381461678
607.000,investigation_deferred,0
607.000,nav_aborted,0
607.000,nav_canceled,0
607.000,nav_rejected,0
607.000,run_seed,6
608.000,anomalies_detected,0
608.000,anomalies_unique,0
608.000,investigation_timeouts,0
608.000,mission_duration_s,563.436
608.000,distance_traveled_m,113.03013473362304
608.000,route_deviations,30
608.000,investigation_time_s,0.0
608.000,hazard_avoidances,30
608.000,min_hazard_distance_m,4.39583798015492
608.000,collisions,0
608.000,time_below_clearance_s,0.0
608.000,safety_zone_violations,0
608.000,min_ttc_s,8.757288057942093
608.000,avoid_success,29
608.000,avoid_timeout,0
608.000,q_convergence,3.7218403059434593
608.000,update_residual,0.002047269412189331
608.000,investigation_deferred,0
608.000,nav_aborted,0
608.000,nav_canceled,0
608.000,nav_rejected,0
608.000,run_seed,6
609.000,anomalies_detected,0
609.000,anomalies_unique,0
609.000,investigation_timeouts,0
609.000,mission_duration_s,564.436
609.000,distance_traveled_m,113.06600673386622
609.000,route_deviations,30
609.000,investigation_time_s,0.0
609.000,hazard_avoidances,30
609.000,min_hazard_distance_m,4.39583798015492
609.000,collisions,0
609.000,time_below_clearance_s,0.0
609.000,safety_zone_violations,0
609.000,min_ttc_s,8.757288057942093
609.000,avoid_success,29
609.000,avoid_timeout,0
609.000,q_convergence,3.672660956848855
609.000,update_residual,0.0035617096896389667
609.000,investigation_deferred,0
609.000,nav_aborted,0
609.000,nav_canceled,0
609.000,nav_rejected,0
609.000,run_seed,6
610.000,anomalies_detected,0
610.000,anomalies_unique,0
610.000,investigation_timeouts,0
610.000,mission_duration_s,565.436
610.000,distance_traveled_m,113.2867214321306
610.000,route_deviations,30
610.000,investigation_time_s,0.0
610.000,hazard_avoidances,30
610.000,min_hazard_distance_m,4.39583798015492
610.000,collisions,0
610.000,time_below_clearance_s,0.0
610.000,safety_zone_violations,0
610.000,min_ttc_s,8.757288057942093
610.000,avoid_success,29
610.000,avoid_timeout,0
610.000,q_convergence,3.6390533464470947
610.000,update_residual,0.0002009486494630492
610.000,investigation_deferred,0
610.000,nav_aborted,0
610.000,nav_canceled,0
610.000,nav_rejected,0
610.000,run_seed,6
611.000,anomalies_detected,0
611.000,anomalies_unique,0
611.000,investigation_timeouts,0
611.000,mission_duration_s,566.436
611.000,distance_traveled_m,113.54880141763559
611.000,route_deviations,30
611.000,investigation_time_s,0.0
611.000,hazard_avoidances,30
611.000,min_hazard_distance_m,4.39583798015492
611.000,collisions,0
611.000,time_below_clearance_s,0.0
611.000,safety_zone_violations,0
611.000,min_ttc_s,8.757288057942093
611.000,avoid_success,29
611.000,avoid_timeout,0
611.000,q_convergence,3.570786035365841
611.000,update_residual,0.003405685790164937
611.000,investigation_deferred,0
611.000,nav_aborted,0
611.000,nav_canceled,0
611.000,nav_rejected,0
611.000,run_seed,6
612.000,anomalies_detected,0
612.000,anomalies_unique,0
612.000,investigation_timeouts,0
612.000,mission_duration_s,567.436
612.000,distance_traveled_m,113.80152141363341
612.000,route_deviations,30
612.000,investigation_time_s,0.0
612.000,hazard_avoidances,30
612.000,min_hazard_distance_m,4.39583798015492
612.000,collisions,0
612.000,time_below_clearance_s,0.0
612.000,safety_zone_violations,0
612.000,min_ttc_s,8.757288057942093
612.000,avoid_success,29
612.000,avoid_timeout,0
612.000,q_convergence,3.360280417389405
612.000,update_residual,0.017934980845260944
612.000,investigation_deferred,0
612.000,nav_aborted,0
612.000,nav_canceled,0
612.000,nav_rejected,0
612.000,run_seed,6
613.000,anomalies_detected,0
613.000,anomalies_unique,0
613.000,investigation_timeouts,0
613.000,mission_duration_s,568.436
613.000,distance_traveled_m,114.06360140956662
613.000,route_deviations,30
613.000,investigation_time_s,0.0
613.000,hazard_avoidances,30
613.000,min_hazard_distance_m,4.39583798015492
613.000,collisions,0
613.000,time_below_clearance_s,0.0
613.000,safety_zone_violations,0
613.000,min_ttc_s,8.757288057942093
613.000,avoid_success,29
613.000,avoid_timeout,0
613.000,q_convergence,3.1397373119526217
613.000,update_residual,0.013351751110805858
613.000,investigation_deferred,0
613.000,nav_aborted,0
613.000,nav_canceled,0
613.000,nav_rejected,0
613.000,run_seed,6
614.000,anomalies_detected,0
614.000,anomalies_unique,0
614.000,investigation_timeouts,0
614.000,mission_duration_s,569.436
614.000,distance_traveled_m,114.32568139632869
614.000,route_deviations,30
614.000,investigation_time_s,0.0
614.000,hazard_avoidances,30
614.000,min_hazard_distance_m,4.39583798015492
614.000,collisions,0
614.000,time_below_clearance_s,0.0
614.000,safety_zone_violations,0
614.000,min_ttc_s,8.757288057942093
614.000,avoid_success,29
614.000,avoid_timeout,0
614.000,q_convergence,2.715438882909328
614.000,update_residual,0.016015205219144967
614.000,investigation_deferred,0
614.000,nav_aborted,0
614.000,nav_canceled,0
614.000,nav_rejected,0
614.000,run_seed,6
615.000,anomalies_detected,0
615.000,anomalies_unique,0
615.000,investigation_timeouts,0
615.000,mission_duration_s,570.436
615.000,distance_traveled_m,114.58439572020717
615.000,route_deviations,30
615.000,investigation_time_s,0.0
615.000,hazard_avoidances,30
615.000,min_hazard_distance_m,4.39583798015492
615.000,collisions,0
615.000,time_below_clearance_s,0.0
615.000,safety_zone_violations,0
615.000,min_ttc_s,8.757288057942093
615.000,avoid_success,29
615.000,avoid_timeout,0
615.000,q_convergence,1.8846700483342869
615.000,update_residual,0.031647070870914985
615.000,investigation_deferred,0
615.000,nav_aborted,0
615.000,nav_canceled,0
615.000,nav_rejected,0
615.000,run_seed,6
616.000,anomalies_detected,0
616.000,anomalies_unique,0
616.000,investigation_timeouts,0
616.000,mission_duration_s,571.436
616.000,distance_traveled_m,114.6349671758158
616.000,route_deviations,30
616.000,investigation_time_s,0.0
616.000,hazard_avoidances,30
616.000,min_hazard_distance_m,4.39583798015492
616.000,collisions,0
616.000,time_below_clearance_s,0.0
616.000,safety_zone_violations,0
616.000,min_ttc_s,8.757288057942093
616.000,avoid_success,30
616.000,avoid_timeout,0
616.000,q_convergence,1.9668346055831383
616.000,update_residual,0.02051592005270581
616.000,investigation_deferred,0
616.000,nav_aborted,0
616.000,nav_canceled,0
616.000,nav_rejected,0
616.000,run_seed,6
617.000,anomalies_detected,0
617.000,anomalies_unique,0
617.000,investigation_timeouts,0
617.000,mission_duration_s,572.436
617.000,distance_traveled_m,114.71196956239334
617.000,route_deviations,30
617.000,investigation_time_s,0.0
617.000,hazard_avoidances,30
617.000,min_hazard_distance_m,4.39583798015492
617.000,collisions,0
617.000,time_below_clearance_s,0.0
617.000,safety_zone_violations,0
617.000,min_ttc_s,8.757288057942093
617.000,avoid_success,30
617.000,avoid_timeout,0
617.000,q_convergence,1.9241585126094456
617.000,update_residual,0.007796377741577856
617.000,investigation_deferred,0
617.000,nav_aborted,0
617.000,nav_canceled,0
617.000,nav_rejected,0
617.000,run_seed,6
618.000,anomalies_detected,0
618.000,anomalies_unique,0
618.000,investigation_timeouts,0
618.000,mission_duration_s,573.436
618.000,distance_traveled_m,114.91771926184165
618.000,route_deviations,30
618.000,investigation_time_s,0.0
618.000,hazard_avoidances,30
618.000,min_hazard_distance_m,4.39583798015492
618.000,collisions,0
618.000,time_below_clearance_s,0.0
618.000,safety_zone_violations,0
618.000,min_ttc_s,8.757288057942093
618.000,avoid_success,30
618.000,avoid_timeout,0
618.000,q_convergence,1.6700730624337456
618.000,update_residual,0.010080753751912879
618.000,investigation_deferred,0
618.000,nav_aborted,0
618.000,nav_canceled,0
618.000,nav_rejected,0
618.000,run_seed,6
619.000,anomalies_detected,0
619.000,anomalies_unique,0
619.000,investigation_timeouts,0
619.000,mission_duration_s,574.436
619.000,distance_traveled_m,115.02067413308582
619.000,route_deviations,30
619.000,investigation_time_s,0.0
619.000,hazard_avoidances,30
619.000,min_hazard_distance_m,4.39583798015492
619.000,collisions,0
619.000,time_below_clearance_s,0.0
619.000,safety_zone_violations,0
619.000,min_ttc_s,8.757288057942093
619.000,avoid_success,30
619.000,avoid_timeout,0
619.000,q_convergence,1.5749530009543091
619.000,update_residual,0.0005687476039692678
619.000,investigation_deferred,0
619.000,nav_aborted,0
619.000,nav_canceled,0
619.000,nav_rejected,0
619.000,run_seed,6
620.000,anomalies_detected,0
620.000,anomalies_unique,0
620.000,investigation_timeouts,0
620.000,mission_duration_s,575.436
620.000,distance_traveled_m,115.14706783720263
620.000,route_deviations,30
620.000,investigation_time_s,0.0
620.000,hazard_avoidances,30
620.000,min_hazard_distance_m,4.39583798015492
620.000,collisions,0
620.000,time_below_clearance_s,0.0
620.000,safety_zone_violations,0
620.000,min_ttc_s,8.757288057942093
620.000,avoid_success,30
620.000,avoid_timeout,0
620.000,q_convergence,1.6323655545437206
620.000,update_residual,0.029848985836629625
620.000,investigation_deferred,0
620.000,nav_aborted,0
620.000,nav_canceled,0
620.000,nav_rejected,0
620.000,run_seed,6
621.000,anomalies_detected,0
621.000,anomalies_unique,0
621.000,investigation_timeouts,0
621.000,mission_duration_s,576.436
621.000,distance_traveled_m,115.39978574087488
621.000,route_deviations,30
621.000,investigation_time_s,0.0
621.000,hazard_avoidances,30
621.000,min_hazard_distance_m,4.39583798015492
621.000,collisions,0
621.000,time_below_clearance_s,0.0
621.000,safety_zone_violations,0
621.000,min_ttc_s,8.757288057942093
621.000,avoid_success,30
621.000,avoid_timeout,0
621.000,q_convergence,1.3560111804339
621.000,update_residual,0.0022135484256475863
621.000,investigation_deferred,0
621.000,nav_aborted,0
621.000,nav_canceled,0
621.000,nav_rejected,0
621.000,run_seed,6
622.000,anomalies_detected,0
622.000,anomalies_unique,0
622.000,investigation_timeouts,0
622.000,mission_duration_s,577.436
622.000,distance_traveled_m,115.66186573835641
622.000,route_deviations,30
622.000,investigation_time_s,0.0
622.000,hazard_avoidances,30
622.000,min_hazard_distance_m,4.39583798015492
622.000,collisions,0
622.000,time_below_clearance_s,0.0
622.000,safety_zone_violations,0
622.000,min_ttc_s,8.757288057942093
622.000,avoid_success,30
622.000,avoid_timeout,0
622.000,q_convergence,1.0115637535025195
622.000,update_residual,0.019787513883119147
622.000,investigation_deferred,0
622.000,nav_aborted,0
622.000,nav_canceled,0
622.000,nav_rejected,0
622.000,run_seed,6
623.000,anomalies_detected,0
623.000,anomalies_unique,0
623.000,investigation_timeouts,0
623.000,mission_duration_s,578.436
623.000,distance_traveled_m,115.92394573615522
623.000,route_deviations,30
623.000,investigation_time_s,0.0
623.000,hazard_avoidances,30
623.000,min_hazard_distance_m,4.39583798015492
623.000,collisions,0
623.000,time_below_clearance_s,0.0
623.000,safety_zone_violations,0
623.000,min_ttc_s,8.757288057942093
623.000,avoid_success,30
623.000,avoid_timeout,0
623.000,q_convergence,0.9776104812066622
623.000,update_residual,0.0013885290718473108
623.000,investigation_deferred,0
623.000,nav_aborted,0
623.000,nav_canceled,0
623.000,nav_rejected,0
623.000,run_seed,6
624.000,anomalies_detected,0
624.000,anomalies_unique,0
624.000,investigation_timeouts,0
624.000,mission_duration_s,579.436
624.000,distance_traveled_m,116.18602573447947
624.000,route_deviations,30
624.000,investigation_time_s,0.0
624.000,hazard_avoidances,30
624.000,min_hazard_distance_m,4.39583798015492
624.000,collisions,0
624.000,time_below_clearance_s,0.0
624.000,safety_zone_violations,0
624.000,min_ttc_s,8.757288057942093
624.000,avoid_success,30
624.000,avoid_timeout,0
624.000,q_convergence,0.9757922439810949
624.000,update_residual,0.0012067053492905845
624.000,investigation_deferred,0
624.000,nav_aborted,0
624.000,nav_canceled,0
624.000,nav_rejected,0
624.000,run_seed,6
625.000,anomalies_detected,0
625.000,anomalies_unique,0
625.000,investigation_timeouts,0
625.000,mission_duration_s,580.436
625.000,distance_traveled_m,116.44810573121981
625.000,route_deviations,30
625.000,investigation_time_s,0.0
625.000,hazard_avoidances,30
625.000,min_hazard_distance_m,4.39583798015492
625.000,collisions,0
625.000,time_below_clearance_s,0.0
625.000,safety_zone_violations,0
625.000,min_ttc_s,8.757288057942093
625.000,avoid_success,30
625.000,avoid_timeout,0
625.000,q_convergence,0.9623415461981589
625.000,update_residual,0.01747543646422819
625.000,investigation_deferred,0
625.000,nav_aborted,0
625.000,nav_canceled,0
625.000,nav_rejected,0
625.000,run_seed,6
626.000,anomalies_detected,0
626.000,anomalies_unique,0
626.000,investigation_timeouts,0
626.000,mission_duration_s,581.436
626.000,distance_traveled_m,116.63281617478535
626.000,route_deviations,31
626.000,investigation_time_s,0.0
626.000,hazard_avoidances,31
626.000,min_hazard_distance_m,4.39583798015492
626.000,collisions,0
626.000,time_below_clearance_s,0.0
626.000,safety_zone_violations,0
626.000,min_ttc_s,8.757288057942093
626.000,avoid_success,30
626.000,avoid_timeout,0
626.000,q_convergence,3.394041452161131
626.000,update_residual,0.014192495610698155
626.000,investigation_deferred,0
626.000,nav_aborted,0
626.000,nav_canceled,0
626.000,nav_rejected,0
626.000,run_seed,6
627.000,anomalies_detected,0
627.000,anomalies_unique,0
627.000,investigation_timeouts,0
627.000,mission_duration_s,582.436
627.000,distance_traveled_m,116.79001537326464
627.000,route_deviations,31
627.000,investigation_time_s,0.0
627.000,hazard_avoidances,31
627.000,min_hazard_distance_m,4.39583798015492
627.000,collisions,0
627.000,time_below_clearance_s,0.0
627.000,safety_zone_violations,0
627.000,min_ttc_s,8.757288057942093
627.000,avoid_success,30
627.000,avoid_timeout,0
627.000,q_convergence,3.595976233211467
627.000,update_residual,0.005771180029352767
627.000,investigation_deferred,0
627.000,nav_aborted,0
627.000,nav_canceled,0
627.000,nav_rejected,0
627.000,run_seed,6
628.000,anomalies_detected,0
628.000,anomalies_unique,0
628.000,investigation_timeouts,0
628.000,mission_duration_s,583.436
628.000,distance_traveled_m,116.99861551106936
628.000,route_deviations,31
628.000,investigation_time_s,0.0
628.000,hazard_avoidances,31
628.000,min_hazard_distance_m,4.39583798015492
628.000,collisions,0
628.000,time_below_clearance_s,0.0
628.000,safety_zone_violations,0
628.000,min_ttc_s,8.757288057942093
628.000,avoid_success,30
628.000,avoid_timeout,0
628.000,q_convergence,3.711860483802874
628.000,update_residual,0.002184373751126918
628.000,investigation_deferred,0
628.000,nav_aborted,0
628.000,nav_canceled,0
628.000,nav_rejected,0
628.000,run_seed,6
629.000,anomalies_detected,0
629.000,anomalies_unique,0
629.000,investigation_timeouts,0
629.000,mission_duration_s,584.436
629.000,distance_traveled_m,117.03124297447759
629.000,route_deviations,31
629.000,investigation_time_s,0.0
629.000,hazard_avoidances,31
629.000,min_hazard_distance_m,4.39583798015492
629.000,collisions,0
629.000,time_below_clearance_s,0.0
629.000,safety_zone_violations,0
629.000,min_ttc_s,8.757288057942093
629.000,avoid_success,30
629.000,avoid_timeout,0
629.000,q_convergence,3.7325610344818436
629.000,update_residual,0.00011431868322993113
629.000,investigation_deferred,0
629.000,nav_aborted,0
629.000,nav_canceled,0
629.000,nav_rejected,0
629.000,run_seed,6
630.000,anomalies_detected,0
630.000,anomalies_unique,0
630.000,investigation_timeouts,0
630.000,mission_duration_s,585.436
630.000,distance_traveled_m,117.24117778582536
630.000,route_deviations,31
630.000,investigation_time_s,0.0
630.000,hazard_avoidances,31
630.000,min_hazard_distance_m,4.39583798015492
630.000,collisions,0
630.000,time_below_clearance_s,0.0
630.000,safety_zone_violations,0
630.000,min_ttc_s,8.757288057942093
630.000,avoid_success,30
630.000,avoid_timeout,0
630.000,q_convergence,3.598857802336557
630.000,update_residual,0.006889777513878683
630.000,investigation_deferred,0
630.000,nav_aborted,0
630.000,nav_canceled,0
630.000,nav_rejected,0
630.000,run_seed,6
631.000,anomalies_detected,0
631.000,anomalies_unique,0
631.000,investigation_timeouts,0
631.000,mission_duration_s,586.436
631.000,distance_traveled_m,117.50325759313924
631.000,route_deviations,31
631.000,investigation_time_s,0.0
631.000,hazard_avoidances,31
631.000,min_hazard_distance_m,4.39583798015492
631.000,collisions,0
631.000,time_below_clearance_s,0.0
631.000,safety_zone_violations,0
631.000,min_ttc_s,8.757288057942093
631.000,avoid_success,30
631.000,avoid_timeout,0
631.000,q_convergence,3.5314088974677027
631.000,update_residual,0.0004931051532396163
631.000,investigation_deferred,0
631.000,nav_aborted,0
631.000,nav_canceled,0
631.000,nav_rejected,0
631.000,run_seed,6
632.000,anomalies_detected,0
632.000,anomalies_unique,0
632.000,investigation_timeouts,0
632.000,mission_duration_s,587.436
632.000,distance_traveled_m,117.76533757575625
632.000,route_deviations,31
632.000,investigation_time_s,0.0
632.000,hazard_avoidances,31
632.000,min_hazard_distance_m,4.39583798015492
632.000,collisions,0
632.000,time_below_clearance_s,0.0
632.000,safety_zone_violations,0
632.000,min_ttc_s,8.757288057942093
632.000,avoid_success,30
632.000,avoid_timeout,0
632.000,q_convergence,3.2637498246716357
632.000,update_residual,0.026319427379968237
632.000,investigation_deferred,0
632.000,nav_aborted,0
632.000,nav_canceled,0
632.000,nav_rejected,0
632.000,run_seed,6
633.000,anomalies_detected,0
633.000,anomalies_unique,0
633.000,investigation_timeouts,0
633.000,mission_duration_s,588.436
633.000,distance_traveled_m,118.02741757063667
633.000,route_deviations,31
633.000,investigation_time_s,0.0
633.000,hazard_avoidances,31
633.000,min_hazard_distance_m,4.39583798015492
633.000,collisions,0
633.000,time_below_clearance_s,0.0
633.000,safety_zone_violations,0
633.000,min_ttc_s,8.757288057942093
633.000,avoid_success,30
633.000,avoid_timeout,0
633.000,q_convergence,3.091606088712009
633.000,update_residual,0.009409991966699793
633.000,investigation_deferred,0
633.000,nav_aborted,0
633.000,nav_canceled,0
633.000,nav_rejected,0
633.000,run_seed,6
634.000,anomalies_detected,0
634.000,anomalies_unique,0
634.000,investigation_timeouts,0
634.000,mission_duration_s,589.436
634.000,distance_traveled_m,118.28949756421595
634.000,route_deviations,31
634.000,investigation_time_s,0.0
634.000,hazard_avoidances,31
634.000,min_hazard_distance_m,4.39583798015492
634.000,collisions,0
634.000,time_below_clearance_s,0.0
634.000,safety_zone_violations,0
634.000,min_ttc_s,8.757288057942093
634.000,avoid_success,30
634.000,avoid_timeout,0
634.000,q_convergence,3.002430866067589
634.000,update_residual,0.0004924697022579179
634.000,investigation_deferred,0
634.000,nav_aborted,0
634.000,nav_canceled,0
634.000,nav_rejected,0
634.000,run_seed,6
635.000,anomalies_detected,0
635.000,anomalies_unique,0
635.000,investigation_timeouts,0
635.000,mission_duration_s,590.436
635.000,distance_traveled_m,118.54080611414837
635.000,route_deviations,31
635.000,investigation_time_s,0.0
635.000,hazard_avoidances,31
635.000,min_hazard_distance_m,4.39583798015492
635.000,collisions,0
635.000,time_below_clearance_s,0.0
635.000,safety_zone_violations,0
635.000,min_ttc_s,8.757288057942093
635.000,avoid_success,30
635.000,avoid_timeout,0
635.000,q_convergence,2.7003147118907136
635.000,update_residual,0.015243446820245466
635.000,investigation_deferred,0
635.000,nav_aborted,0
635.000,nav_canceled,0
635.000,nav_rejected,0
635.000,run_seed,6
636.000,anomalies_detected,0
636.000,anomalies_unique,0
636.000,investigation_timeouts,0
636.000,mission_duration_s,591.436
636.000,distance_traveled_m,118.57468936648478
636.000,route_deviations,31
636.000,investigation_time_s,0.0
636.000,hazard_avoidances,31
636.000,min_hazard_distance_m,4.39583798015492
636.000,collisions,0
636.000,time_below_clearance_s,0.0
636.000,safety_zone_violations,0
636.000,min_ttc_s,8.757288057942093
636.000,avoid_success,31
636.000,avoid_timeout,0
636.000,q_convergence,2.5383399337588965
636.000,update_residual,0.002091234556177735
636.000,investigation_deferred,0
636.000,nav_aborted,0
636.000,nav_canceled,0
636.000,nav_rejected,0
636.000,run_seed,6
637.000,anomalies_detected,0
637.000,anomalies_unique,0
637.000,investigation_timeouts,0
637.000,mission_duration_s,592.436
637.000,distance_traveled_m,118.65574852287348
637.000,route_deviations,31
637.000,investigation_time_s,0.0
637.000,hazard_avoidances,31
637.000,min_hazard_distance_m,4.39583798015492
637.000,collisions,0
637.000,time_below_clearance_s,0.0
637.000,safety_zone_violations,0
637.000,min_ttc_s,8.757288057942093
637.000,avoid_success,31
637.000,avoid_timeout,0
637.000,q_convergence,1.9513929318218683
637.000,update_residual,0.024101624630525943
637.000,investigation_deferred,0
637.000,nav_aborted,0
637.000,nav_canceled,0
637.000,nav_rejected,0
637.000,run_seed,6
638.000,anomalies_detected,0
638.000,anomalies_unique,0
638.000,investigation_timeouts,0
638.000,mission_duration_s,593.436
638.000,distance_traveled_m,118.86023660330567
638.000,route_deviations,31
638.000,investigation_time_s,0.0
638.000,hazard_avoidances,31
638.000,min_hazard_distance_m,4.39583798015492
638.000,collisions,0
638.000,time_below_clearance_s,0.0
638.000,safety_zone_violations,0
638.000,min_ttc_s,8.757288057942093
638.000,avoid_success,31
638.000,avoid_timeout,0
638.000,q_convergence,2.1523780599420013
638.000,update_residual,0.001332014719301913
638.000,investigation_deferred,0
638.000,nav_aborted,0
638.000,nav_canceled,0
638.000,nav_rejected,0
638.000,run_seed,6
639.000,anomalies_detected,0
639.000,anomalies_unique,0
639.000,investigation_timeouts,0
639.000,mission_duration_s,594.436
639.000,distance_traveled_m,118.95053117139962
639.000,route_deviations,31
639.000,investigation_time_s,0.0
639.000,hazard_avoidances,31
639.000,min_hazard_distance_m,4.39583798015492
639.000,collisions,0
639.000,time_below_clearance_s,0.0
639.000,safety_zone_violations,0
639.000,min_ttc_s,8.757288057942093
639.000,avoid_success,31
639.000,avoid_timeout,0
639.000,q_convergence,1.9075801241868668
639.000,update_residual,0.014893405678644823
639.000,investigation_deferred,0
639.000,nav_aborted,0
639.000,nav_canceled,0
639.000,nav_rejected,0
639.000,run_seed,6
640.000,anomalies_detected,0
640.000,anomalies_unique,0
640.000,investigation_timeouts,0
640.000,mission_duration_s,595.436
640.000,distance_traveled_m,119.07858502420947
640.000,route_deviations,31
640.000,investigation_time_s,0.0
640.000,hazard_avoidances,31
640.000,min_hazard_distance_m,4.39583798015492
640.000,collisions,0
640.000,time_below_clearance_s,0.0
640.000,safety_zone_violations,0
640.000,min_ttc_s,8.757288057942093
640.000,avoid_success,31
640.000,avoid_timeout,0
640.000,q_convergence,1.4899053616648208
640.000,update_residual,0.007481159299023086
640.000,investigation_deferred,0
640.000,nav_aborted,0
640.000,nav_canceled,0
640.000,nav_rejected,0
640.000,run_seed,6
641.000,anomalies_detected,0
641.000,anomalies_unique,0
641.000,investigation_timeouts,0
641.000,mission_duration_s,596.436
641.000,distance_traveled_m,119.3406629648864
641.000,route_deviations,31
641.000,investigation_time_s,0.0
641.000,hazard_avoidances,31
641.000,min_hazard_distance_m,4.39583798015492
641.000,collisions,0
641.000,time_below_clearance_s,0.0
641.000,safety_zone_violations,0
641.000,min_ttc_s,8.757288057942093
641.000,avoid_success,31
641.000,avoid_timeout,0
641.000,q_convergence,1.560496147827562
641.000,update_residual,0.0004220806827489896
641.000,investigation_deferred,0
641.000,nav_aborted,0
641.000,nav_canceled,0
641.000,nav_rejected,0
641.000,run_seed,6
642.000,anomalies_detected,0
642.000,anomalies_unique,0
642.000,investigation_timeouts,0
642.000,mission_duration_s,597.436
642.000,distance_traveled_m,119.60274296199454
642.000,route_deviations,31
642.000,investigation_time_s,0.0
642.000,hazard_avoidances,31
642.000,min_hazard_distance_m,4.39583798015492
642.000,collisions,0
642.000,time_below_clearance_s,0.0
642.000,safety_zone_violations,0
642.000,min_ttc_s,8.757288057942093
642.000,avoid_success,31
642.000,avoid_timeout,0
642.000,q_convergence,1.4092257234875347
642.000,update_residual,0.007921631203074047
642.000,investigation_deferred,0
642.000,nav_aborted,0
642.000,nav_canceled,0
642.000,nav_rejected,0
642.000,run_seed,6
643.000,anomalies_detected,0
643.000,anomalies_unique,0
643.000,investigation_timeouts,0
643.000,mission_duration_s,598.436
643.000,distance_traveled_m,119.86482295992249
643.000,route_deviations,31
643.000,investigation_time_s,0.0
643.000,hazard_avoidances,31
643.000,min_hazard_distance_m,4.39583798015492
643.000,collisions,0
643.000,time_below_clearance_s,0.0
643.000,safety_zone_violations,0
643.000,min_ttc_s,8.757288057942093
643.000,avoid_success,31
643.000,avoid_timeout,0
643.000,q_convergence,1.0132000567700417
643.000,update_residual,0.01737823520671642
643.000,investigation_deferred,0
643.000,nav_aborted,0
643.000,nav_canceled,0
643.000,nav_rejected,0
643.000,run_seed,6
644.000,anomalies_detected,0
644.000,anomalies_unique,0
644.000,investigation_timeouts,0
644.000,mission_duration_s,599.436
644.000,distance_traveled_m,120.11754295821991
644.000,route_deviations,31
644.000,investigation_time_s,0.0
644.000,hazard_avoidances,31
644.000,min_hazard_distance_m,4.39583798015492
644.000,collisions,0
644.000,time_below_clearance_s,0.0
644.000,safety_zone_violations,0
644.000,min_ttc_s,8.757288057942093
644.000,avoid_success,31
644.000,avoid_timeout,0
644.000,q_convergence,1.0234952493669711
644.000,update_residual,0.010701275037130404
644.000,investigation_deferred,0
644.000,nav_aborted,0
644.000,nav_canceled,0
644.000,nav_rejected,0
644.000,run_seed,6
645.000,anomalies_detected,0
645.000,anomalies_unique,0
645.000,investigation_timeouts,0
645.000,mission_duration_s,600.436
645.000,distance_traveled_m,120.37962295664383
645.000,route_deviations,31
645.000,investigation_time_s,0.0
645.000,hazard_avoidances,31
645.000,min_hazard_distance_m,4.39583798015492
645.000,collisions,0
645.000,time_below_clearance_s,0.0
645.000,safety_zone_violations,0
645.000,min_ttc_s,8.757288057942093
645.000,avoid_success,31
645.000,avoid_timeout,0
645.000,q_convergence,1.016167428646695
645.000,update_residual,0.005523562886916118
645.000,investigation_deferred,0
645.000,nav_aborted,0
645.000,nav_canceled,0
645.000,nav_rejected,0
645.000,run_seed,6
646.000,anomalies_detected,0
646.000,anomalies_unique,0
646.000,investigation_timeouts,0
646.000,mission_duration_s,601.436
646.000,distance_traveled_m,120.64170295396606
646.000,route_deviations,32
646.000,investigation_time_s,0.0
646.000,hazard_avoidances,32
646.000,min_hazard_distance_m,4.389586169162812
646.000,collisions,0
646.000,time_below_clearance_s,0.0
646.000,safety_zone_violations,0
646.000,min_ttc_s,8.658206647207038
646.000,avoid_success,31
646.000,avoid_timeout,0
646.000,q_convergence,3.3974440680226934
646.000,update_residual,0.01321877455836222
646.000,investigation_deferred,0
646.000,nav_aborted,0
646.000,nav_canceled,0
646.000,nav_rejected,0
646.000,run_seed,6
647.000,anomalies_detected,0
647.000,anomalies_unique,0
647.000,investigation_timeouts,0
647.000,mission_duration_s,602.436
647.000,distance_traveled_m,120.80118156114038
647.000,route_deviations,32
647.000,investigation_time_s,0.0
647.000,hazard_avoidances,32
647.000,min_hazard_distance_m,4.252398359739687
647.000,collisions,0
647.000,time_below_clearance_s,0.0
647.000,safety_zone_violations,0
647.000,min_ttc_s,8.461362346162485
647.000,avoid_success,31
647.000,avoid_timeout,0
647.000,q_convergence,3.5988200526511736
647.000,update_residual,0.005827355214535239
647.000,investigation_deferred,0
647.000,nav_aborted,0
647.000,nav_canceled,0
647.000,nav_rejected,0
647.000,run_seed,6
648.000,anomalies_detected,0
648.000,anomalies_unique,0
648.000,investigation_timeouts,0
648.000,mission_duration_s,603.436
648.000,distance_traveled_m,120.98467357459118
648.000,route_deviations,32
648.000,investigation_time_s,0.0
648.000,hazard_avoidances,32
648.000,min_hazard_distance_m,4.252398359739687
648.000,collisions,0
648.000,time_below_clearance_s,0.0
648.000,safety_zone_violations,0
648.000,min_ttc_s,8.461362346162485
648.000,avoid_success,31
648.000,avoid_timeout,0
648.000,q_convergence,3.7493904967576825
648.000,update_residual,0.0079082165796401
648.000,investigation_deferred,0
648.000,nav_aborted,0
648.000,nav_canceled,0
648.000,nav_rejected,0
648.000,run_seed,6
649.000,anomalies_detected,0
649.000,anomalies_unique,0
649.000,investigation_timeouts,0
649.000,mission_duration_s,604.436
649.000,distance_traveled_m,121.16234673832
649.000,route_deviations,32
649.000,investigation_time_s,0.0
649.000,hazard_avoidances,32
649.000,min_hazard_distance_m,4.252398359739687
649.000,collisions,0
649.000,time_below_clearance_s,0.0
649.000,safety_zone_violations,0
649.000,min_ttc_s,8.461362346162485
649.000,avoid_success,31
649.000,avoid_timeout,0
649.000,q_convergence,3.8601499846156795
649.000,update_residual,0.000976600467738554
649.000,investigation_deferred,0
649.000,nav_aborted,0
649.000,nav_canceled,0
649.000,nav_rejected,0
649.000,run_seed,6
650.000,anomalies_detected,0
650.000,anomalies_unique,0
650.000,investigation_timeouts,0
650.000,mission_duration_s,605.436
650.000,distance_traveled_m,121.21203356051407
650.000,route_deviations,32
650.000,investigation_time_s,0.0
650.000,hazard_avoidances,32
650.000,min_hazard_distance_m,4.252398359739687
650.000,collisions,0
650.000,time_below_clearance_s,0.0
650.000,safety_zone_violations,0
650.000,min_ttc_s,8.461362346162485
650.000,avoid_success,31
650.000,avoid_timeout,0
650.000,q_convergence,3.731990115407655
650.000,update_residual,0.004159118008745785
650.000,investigation_deferred,0
650.000,nav_aborted,0
650.000,nav_canceled,0
650.000,nav_rejected,0
650.000,run_seed,6
651.000,anomalies_detected,0
651.000,anomalies_unique,0
651.000,investigation_timeouts,0
651.000,mission_duration_s,606.436
651.000,distance_traveled_m,121.46124829970745
651.000,route_deviations,32
651.000,investigation_time_s,0.0
651.000,hazard_avoidances,32
651.000,min_hazard_distance_m,4.252398359739687
651.000,collisions,0
651.000,time_below_clearance_s,0.0
651.000,safety_zone_violations,0
651.000,min_ttc_s,8.461362346162485
651.000,avoid_success,31
651.000,avoid_timeout,0
651.000,q_convergence,3.7474105366295563
651.000,update_residual,0.0001223864391596988
651.000,investigation_deferred,0
651.000,nav_aborted,0
651.000,nav_canceled,0
651.000,nav_rejected,0
651.000,run_seed,6
652.000,anomalies_detected,0
652.000,anomalies_unique,0
652.000,investigation_timeouts,0
652.000,mission_duration_s,607.436
652.000,distance_traveled_m,121.72332825085857
652.000,route_deviations,32
652.000,investigation_time_s,0.0
652.000,hazard_avoidances,32
652.000,min_hazard_distance_m,4.252398359739687
652.000,collisions,0
652.000,time_below_clearance_s,0.0
652.000,safety_zone_violations,0
652.000,min_ttc_s,8.461362346162485
652.000,avoid_success,31
652.000,avoid_timeout,0
652.000,q_convergence,3.6867040392184007
652.000,update_residual,0.0031587113898966074
652.000,investigation_deferred,0
652.000,nav_aborted,0
652.000,nav_canceled,0
652.000,nav_rejected,0
652.000,run_seed,6
653.000,anomalies_detected,0
653.000,anomalies_unique,0
653.000,investigation_timeouts,0
653.000,mission_duration_s,608.436
653.000,distance_traveled_m,121.97604823673592
653.000,route_deviations,32
653.000,investigation_time_s,0.0
653.000,hazard_avoidances,32
653.000,min_hazard_distance_m,4.252398359739687
653.000,collisions,0
653.000,time_below_clearance_s,0.0
653.000,safety_zone_violations,0
653.000,min_ttc_s,8.461362346162485
653.000,avoid_success,31
653.000,avoid_timeout,0
653.000,q_convergence,3.6567700294487535
653.000,update_residual,0.00016531041293186516
653.000,investigation_deferred,0
653.000,nav_aborted,0
653.000,nav_canceled,0
653.000,nav_rejected,0
653.000,run_seed,6
654.000,anomalies_detected,0
654.000,anomalies_unique,0
654.000,investigation_timeouts,0
654.000,mission_duration_s,609.436
654.000,distance_traveled_m,122.23812823397458
654.000,route_deviations,32
654.000,investigation_time_s,0.0
654.000,hazard_avoidances,32
654.000,min_hazard_distance_m,4.252398359739687
654.000,collisions,0
654.000,time_below_clearance_s,0.0
654.000,safety_zone_violations,0
654.000,min_ttc_s,8.461362346162485
654.000,avoid_success,31
654.000,avoid_timeout,0
654.000,q_convergence,3.020378109072309
654.000,update_residual,0.0276853101458022
654.000,investigation_deferred,0
654.000,nav_aborted,0
654.000,nav_canceled,0
654.000,nav_rejected,0
654.000,run_seed,6
655.000,anomalies_detected,0
655.000,anomalies_unique,0
655.000,investigation_timeouts,0
655.000,mission_duration_s,610.436
655.000,distance_traveled_m,122.50020820657252
655.000,route_deviations,32
655.000,investigation_time_s,0.0
655.000,hazard_avoidances,32
655.000,min_hazard_distance_m,4.252398359739687
655.000,collisions,0
655.000,time_below_clearance_s,0.0
655.000,safety_zone_violations,0
655.000,min_ttc_s,8.461362346162485
655.000,avoid_success,31
655.000,avoid_timeout,0
655.000,q_convergence,2.77815385027682
655.000,update_residual,0.013733187173352826
655.000,investigation_deferred,0
655.000,nav_aborted,0
655.000,nav_canceled,0
655.000,nav_rejected,0
655.000,run_seed,6
656.000,anomalies_detected,0
656.000,anomalies_unique,0
656.000,investigation_timeouts,0
656.000,mission_duration_s,611.436
656.000,distance_traveled_m,122.76228803834553
656.000,route_deviations,32
656.000,investigation_time_s,0.0
656.000,hazard_avoidances,32
656.000,min_hazard_distance_m,4.252398359739687
656.000,collisions,0
656.000,time_below_clearance_s,0.0
656.000,safety_zone_violations,0
656.000,min_ttc_s,8.461362346162485
656.000,avoid_success,31
656.000,avoid_timeout,0
656.000,q_convergence,2.648009209544388
656.000,update_residual,0.0007187231001096195
656.000,investigation_deferred,0
656.000,nav_aborted,0
656.000,nav_canceled,0
656.000,nav_rejected,0
656.000,run_seed,6
657.000,anomalies_detected,0
657.000,anomalies_unique,0
657.000,investigation_timeouts,0
657.000,mission_duration_s,612.436
657.000,distance_traveled_m,122.93644467317799
657.000,route_deviations,32
657.000,investigation_time_s,0.0
657.000,hazard_avoidances,32
657.000,min_hazard_distance_m,4.252398359739687
657.000,collisions,0
657.000,time_below_clearance_s,0.0
657.000,safety_zone_violations,0
657.000,min_ttc_s,8.461362346162485
657.000,avoid_success,32
657.000,avoid_timeout,0
657.000,q_convergence,1.928732054139628
657.000,update_residual,0.03443405317123333
657.000,investigation_deferred,0
657.000,nav_aborted,0
657.000,nav_canceled,0
657.000,nav_rejected,0
657.000,run_seed,6
658.000,anomalies_detected,0
658.000,anomalies_unique,0
658.000,investigation_timeouts,0
658.000,mission_duration_s,613.436
658.000,distance_traveled_m,123.01429816441596
658.000,route_deviations,32
658.000,investigation_time_s,0.0
658.000,hazard_avoidances,32
658.000,min_hazard_distance_m,4.252398359739687
658.000,collisions,0
658.000,time_below_clearance_s,0.0
658.000,safety_zone_violations,0
658.000,min_ttc_s,8.461362346162485
658.000,avoid_success,32
658.000,avoid_timeout,0
658.000,q_convergence,1.9117564433712757
658.000,update_residual,0.0035592852363975575
658.000,investigation_deferred,0
658.000,nav_aborted,0
658.000,nav_canceled,0
658.000,nav_rejected,0
658.000,run_seed,6
659.000,anomalies_detected,0
659.000,anomalies_unique,0
659.000,investigation_timeouts,0
659.000,mission_duration_s,614.436
659.000,distance_traveled_m,123.23065401574534
659.000,route_deviations,32
659.000,investigation_time_s,0.0
659.000,hazard_avoidances,32
659.000,min_hazard_distance_m,4.252398359739687
659.000,collisions,0
659.000,time_below_clearance_s,0.0
659.000,safety_zone_violations,0
659.000,min_ttc_s,8.461362346162485
659.000,avoid_success,32
659.000,avoid_timeout,0
659.000,q_convergence,1.9068690475039005
659.000,update_residual,0.00011248319936278573
659.000,investigation_deferred,0
659.000,nav_aborted,0
659.000,nav_canceled,0
659.000,nav_rejected,0
659.000,run_seed,6
660.000,anomalies_detected,0
660.000,anomalies_unique,0
660.000,investigation_timeouts,0
660.000,mission_duration_s,615.436
660.000,distance_traveled_m,123.33749168395018
660.000,route_deviations,32
660.000,investigation_time_s,0.0
660.000,hazard_avoidances,32
660.000,min_hazard_distance_m,4.252398359739687
660.000,collisions,0
660.000,time_below_clearance_s,0.0
660.000,safety_zone_violations,0
660.000,min_ttc_s,8.461362346162485
660.000,avoid_success,32
660.000,avoid_timeout,0
660.000,q_convergence,1.8223150910892423
660.000,update_residual,0.020052029351634287
660.000,investigation_deferred,0
660.000,nav_aborted,0
660.000,nav_canceled,0
660.000,nav_rejected,0
660.000,run_seed,6
661.000,anomalies_detected,0
661.000,anomalies_unique,0
661.000,investigation_timeouts,0
661.000,mission_duration_s,616.436
661.000,distance_traveled_m,123.4700441886095
661.000,route_deviations,32
661.000,investigation_time_s,0.0
661.000,hazard_avoidances,32
661.000,min_hazard_distance_m,4.252398359739687
661.000,collisions,0
661.000,time_below_clearance_s,0.0
661.000,safety_zone_violations,0
661.000,min_ttc_s,8.461362346162485
661.000,avoid_success,32
661.000,avoid_timeout,0
661.000,q_convergence,1.5280873408550935
661.000,update_residual,0.014956176291812959
661.000,investigation_deferred,0
661.000,nav_aborted,0
661.000,nav_canceled,0
661.000,nav_rejected,0
661.000,run_seed,6
662.000,anomalies_detected,0
662.000,anomalies_unique,0
662.000,investigation_timeouts,0
662.000,mission_duration_s,617.436
662.000,distance_traveled_m,123.72276225762445
662.000,route_deviations,32
662.000,investigation_time_s,0.0
662.000,hazard_avoidances,32
662.000,min_hazard_distance_m,4.252398359739687
662.000,collisions,0
662.000,time_below_clearance_s,0.0
662.000,safety_zone_violations,0
662.000,min_ttc_s,8.461362346162485
662.000,avoid_success,32
662.000,avoid_timeout,0
662.000,q_convergence,1.1273142249707149
662.000,update_residual,0.00608543412945219
662.000,investigation_deferred,0
662.000,nav_aborted,0
662.000,nav_canceled,0
662.000,nav_rejected,0
662.000,run_seed,6
663.000,anomalies_detected,0
663.000,anomalies_unique,0
663.000,investigation_timeouts,0
663.000,mission_duration_s,618.436
663.000,distance_traveled_m,123.98484224796512
663.000,route_deviations,32
663.000,investigation_time_s,0.0
663.000,hazard_avoidances,32
663.000,min_hazard_distance_m,4.252398359739687
663.000,collisions,0
663.000,time_below_clearance_s,0.0
663.000,safety_zone_violations,0
663.000,min_ttc_s,8.461362346162485
663.000,avoid_success,32
663.000,avoid_timeout,0
663.000,q_convergence,1.0541218160419366
663.000,update_residual,0.005813708598248014
663.000,investigation_deferred,0
663.000,nav_aborted,0
663.000,nav_canceled,0
663.000,nav_rejected,0
663.000,run_seed,6
664.000,anomalies_detected,0
664.000,anomalies_unique,0
664.000,investigation_timeouts,0
664.000,mission_duration_s,619.436
664.000,distance_traveled_m,124.24692224348036
664.000,route_deviations,32
664.000,investigation_time_s,0.0
664.000,hazard_avoidances,32
664.000,min_hazard_distance_m,4.252398359739687
664.000,collisions,0
664.000,time_below_clearance_s,0.0
664.000,safety_zone_violations,0
664.000,min_ttc_s,8.461362346162485
664.000,avoid_success,32
664.000,avoid_timeout,0
664.000,q_convergence,1.0007019685086722
664.000,update_residual,0.0004717238449216012
664.000,investigation_deferred,0
664.000,nav_aborted,0
664.000,nav_canceled,0
664.000,nav_rejected,0
664.000,run_seed,6
