timestamp,metric,value
43.328,anomalies_detected,0
43.328,anomalies_unique,0
43.328,investigation_timeouts,0
43.328,mission_duration_s,0.0
43.328,distance_traveled_m,0.0
43.328,route_deviations,0
43.328,investigation_time_s,0.0
43.328,hazard_avoidances,0
43.328,min_hazard_distance_m,-1.0
43.328,collisions,0
43.328,time_below_clearance_s,0.0
43.328,safety_zone_violations,0
43.328,min_ttc_s,-1.0
43.328,avoid_success,0
43.328,avoid_timeout,0
43.328,q_convergence,0.0
43.328,update_residual,0.0
44.000,anomalies_detected,0
44.000,anomalies_unique,0
44.000,investigation_timeouts,0
44.000,mission_duration_s,0.0
44.000,distance_traveled_m,1.4974837562166027e-19
44.000,route_deviations,0
44.000,investigation_time_s,0.0
44.000,hazard_avoidances,0
44.000,min_hazard_distance_m,-1.0
44.000,collisions,0
44.000,time_below_clearance_s,0.0
44.000,safety_zone_violations,0
44.000,min_ttc_s,-1.0
44.000,avoid_success,0
44.000,avoid_timeout,0
44.000,q_convergence,0.0
44.000,update_residual,0.0
45.000,anomalies_detected,0
45.000,anomalies_unique,0
45.000,investigation_timeouts,0
45.000,mission_duration_s,1.0
45.000,distance_traveled_m,0.06211067219839858
45.000,route_deviations,0
45.000,investigation_time_s,0.0
45.000,hazard_avoidances,0
45.000,min_hazard_distance_m,12.309967464093234
45.000,collisions,0
45.000,time_below_clearance_s,0.0
45.000,safety_zone_violations,0
45.000,min_ttc_s,37.88059490142861
45.000,avoid_success,0
45.000,avoid_timeout,0
45.000,q_convergence,0.9492091751465606
45.000,update_residual,0.09492091751465606
46.000,anomalies_detected,0
46.000,anomalies_unique,0
46.000,investigation_timeouts,0
46.000,mission_duration_s,2.0
46.000,distance_traveled_m,0.3157409368656335
46.000,route_deviations,0
46.000,investigation_time_s,0.0
46.000,hazard_avoidances,0
46.000,min_hazard_distance_m,12.09890727569373
46.000,collisions,0
46.000,time_below_clearance_s,0.0
46.000,safety_zone_violations,0
46.000,min_ttc_s,27.84548937920862
46.000,avoid_success,0
46.000,avoid_timeout,0
46.000,q_convergence,0.8397282613926437
46.000,update_residual,0.08397282613926436
47.000,anomalies_detected,0
47.000,anomalies_unique,0
47.000,investigation_timeouts,0
47.000,mission_duration_s,3.0
47.000,distance_traveled_m,0.5778208875849696
47.000,route_deviations,0
47.000,investigation_time_s,0.0
47.000,hazard_avoidances,0
47.000,min_hazard_distance_m,11.903468225284474
47.000,collisions,0
47.000,time_below_clearance_s,0.0
47.000,safety_zone_violations,0
47.000,min_ttc_s,27.84548937920862
47.000,avoid_success,0
47.000,avoid_timeout,0
47.000,q_convergence,0.7316417650943821
47.000,update_residual,0.0731641765094382
48.000,anomalies_detected,0
48.000,anomalies_unique,0
48.000,investigation_timeouts,0
48.000,mission_duration_s,4.0
48.000,distance_traveled_m,0.8399008645127028
48.000,route_deviations,0
48.000,investigation_time_s,0.0
48.000,hazard_avoidances,0
48.000,min_hazard_distance_m,11.704588850237826
48.000,collisions,0
48.000,time_below_clearance_s,0.0
48.000,safety_zone_violations,0
48.000,min_ttc_s,27.84548937920862
48.000,avoid_success,0
48.000,avoid_timeout,0
48.000,q_convergence,0.9164060540561201
48.000,update_residual,0.09164060540561203
49.000,anomalies_detected,0
49.000,anomalies_unique,0
49.000,investigation_timeouts,0
49.000,mission_duration_s,5.0
49.000,distance_traveled_m,1.1019808560065905
49.000,route_deviations,0
49.000,investigation_time_s,0.0
49.000,hazard_avoidances,0
49.000,min_hazard_distance_m,11.510909121813146
49.000,collisions,0
49.000,time_below_clearance_s,0.0
49.000,safety_zone_violations,0
49.000,min_ttc_s,27.84548937920862
49.000,avoid_success,0
49.000,avoid_timeout,0
49.000,q_convergence,0.9167688644618069
49.000,update_residual,0.09167688644618069
50.000,anomalies_detected,0
50.000,anomalies_unique,0
50.000,investigation_timeouts,0
50.000,mission_duration_s,6.0
50.000,distance_traveled_m,1.3547008513131193
50.000,route_deviations,0
50.000,investigation_time_s,0.0
50.000,hazard_avoidances,0
50.000,min_hazard_distance_m,11.310399441665691
50.000,collisions,0
50.000,time_below_clearance_s,0.0
50.000,safety_zone_violations,0
50.000,min_ttc_s,27.84548937920862
50.000,avoid_success,0
50.000,avoid_timeout,0
50.000,q_convergence,0.7967207278831593
50.000,update_residual,0.07967207278831592
51.000,anomalies_detected,0
51.000,anomalies_unique,0
51.000,investigation_timeouts,0
51.000,mission_duration_s,7.0
51.000,distance_traveled_m,1.6167808470402725
51.000,route_deviations,0
51.000,investigation_time_s,0.0
51.000,hazard_avoidances,0
51.000,min_hazard_distance_m,11.118396449473748
51.000,collisions,0
51.000,time_below_clearance_s,0.0
51.000,safety_zone_violations,0
51.000,min_ttc_s,27.84548937920862
51.000,avoid_success,0
51.000,avoid_timeout,0
51.000,q_convergence,0.9129295050739032
51.000,update_residual,0.09129295050739034
52.000,anomalies_detected,0
52.000,anomalies_unique,0
52.000,investigation_timeouts,0
52.000,mission_duration_s,8.0
52.000,distance_traveled_m,1.8788608436929082
52.000,route_deviations,0
52.000,investigation_time_s,0.0
52.000,hazard_avoidances,0
52.000,min_hazard_distance_m,10.91458964416773
52.000,collisions,0
52.000,time_below_clearance_s,0.0
52.000,safety_zone_violations,0
52.000,min_ttc_s,27.84548937920862
52.000,avoid_success,0
52.000,avoid_timeout,0
52.000,q_convergence,0.9260057720378846
52.000,update_residual,0.09260057720378848
53.000,anomalies_detected,0
53.000,anomalies_unique,0
53.000,investigation_timeouts,0
53.000,mission_duration_s,9.0
53.000,distance_traveled_m,2.1409407223262544
53.000,route_deviations,0
53.000,investigation_time_s,0.0
53.000,hazard_avoidances,0
53.000,min_hazard_distance_m,10.719855561642097
53.000,collisions,0
53.000,time_below_clearance_s,0.0
53.000,safety_zone_violations,0
53.000,min_ttc_s,27.84548937920862
53.000,avoid_success,0
53.000,avoid_timeout,0
53.000,q_convergence,0.9706039437857419
53.000,update_residual,0.09706039437857424
54.000,anomalies_detected,0
54.000,anomalies_unique,0
54.000,investigation_timeouts,0
54.000,mission_duration_s,10.0
54.000,distance_traveled_m,2.3936604993603625
54.000,route_deviations,0
54.000,investigation_time_s,0.0
54.000,hazard_avoidances,0
54.000,min_hazard_distance_m,10.51775243378198
54.000,collisions,0
54.000,time_below_clearance_s,0.0
54.000,safety_zone_violations,0
54.000,min_ttc_s,24.7789310024051
54.000,avoid_success,0
54.000,avoid_timeout,0
54.000,q_convergence,0.8210462685218641
54.000,update_residual,0.08210462685218642
55.000,anomalies_detected,0
55.000,anomalies_unique,0
55.000,investigation_timeouts,0
55.000,mission_duration_s,11.0
55.000,distance_traveled_m,2.6557404518865915
55.000,route_deviations,0
55.000,investigation_time_s,0.0
55.000,hazard_avoidances,0
55.000,min_hazard_distance_m,10.30959235343476
55.000,collisions,0
55.000,time_below_clearance_s,0.0
55.000,safety_zone_violations,0
55.000,min_ttc_s,24.7789310024051
55.000,avoid_success,0
55.000,avoid_timeout,0
55.000,q_convergence,0.7152820946132197
55.000,update_residual,0.07152820946132199
56.000,anomalies_detected,0
56.000,anomalies_unique,0
56.000,investigation_timeouts,0
56.000,mission_duration_s,12.0
56.000,distance_traveled_m,2.917820408945572
56.000,route_deviations,0
56.000,investigation_time_s,0.0
56.000,hazard_avoidances,0
56.000,min_hazard_distance_m,10.113950263233983
56.000,collisions,0
56.000,time_below_clearance_s,0.0
56.000,safety_zone_violations,0
56.000,min_ttc_s,24.7789310024051
56.000,avoid_success,0
56.000,avoid_timeout,0
56.000,q_convergence,0.623213816068675
56.000,update_residual,0.06232138160686751
57.000,anomalies_detected,0
57.000,anomalies_unique,0
57.000,investigation_timeouts,0
57.000,mission_duration_s,13.0
57.000,distance_traveled_m,3.1799002855001515
57.000,route_deviations,0
57.000,investigation_time_s,0.0
57.000,hazard_avoidances,0
57.000,min_hazard_distance_m,9.913592476285183
57.000,collisions,0
57.000,time_below_clearance_s,0.0
57.000,safety_zone_violations,0
57.000,min_ttc_s,24.7789310024051
57.000,avoid_success,0
57.000,avoid_timeout,0
57.000,q_convergence,1.1516315328024835
57.000,update_residual,0.1151631532802484
58.000,anomalies_detected,0
58.000,anomalies_unique,0
58.000,investigation_timeouts,0
58.000,mission_duration_s,14.0
58.000,distance_traveled_m,3.441980246590592
58.000,route_deviations,0
58.000,investigation_time_s,0.0
58.000,hazard_avoidances,0
58.000,min_hazard_distance_m,9.715748350492715
58.000,collisions,0
58.000,time_below_clearance_s,0.0
58.000,safety_zone_violations,0
58.000,min_ttc_s,24.7789310024051
58.000,avoid_success,0
58.000,avoid_timeout,0
58.000,q_convergence,0.8251721291677026
58.000,update_residual,0.08251721291677028
59.000,anomalies_detected,0
59.000,anomalies_unique,0
59.000,investigation_timeouts,0
59.000,mission_duration_s,15.0
59.000,distance_traveled_m,3.6947002171647383
59.000,route_deviations,0
59.000,investigation_time_s,0.0
59.000,hazard_avoidances,0
59.000,min_hazard_distance_m,9.528032758997384
59.000,collisions,0
59.000,time_below_clearance_s,0.0
59.000,safety_zone_violations,0
59.000,min_ttc_s,24.7789310024051
59.000,avoid_success,0
59.000,avoid_timeout,0
59.000,q_convergence,0.717118310693652
59.000,update_residual,0.0717118310693652
60.000,anomalies_detected,0
60.000,anomalies_unique,0
60.000,investigation_timeouts,0
60.000,mission_duration_s,16.0
60.000,distance_traveled_m,3.9567801797813376
60.000,route_deviations,0
60.000,investigation_time_s,0.0
60.000,hazard_avoidances,0
60.000,min_hazard_distance_m,9.33833480380797
60.000,collisions,0
60.000,time_below_clearance_s,0.0
60.000,safety_zone_violations,0
60.000,min_ttc_s,24.631514968288528
60.000,avoid_success,0
60.000,avoid_timeout,0
60.000,q_convergence,0.6247417557623186
60.000,update_residual,0.06247417557623187
61.000,anomalies_detected,0
61.000,anomalies_unique,0
61.000,investigation_timeouts,0
61.000,mission_duration_s,17.0
61.000,distance_traveled_m,4.2188601396426435
61.000,route_deviations,0
61.000,investigation_time_s,0.0
61.000,hazard_avoidances,0
61.000,min_hazard_distance_m,9.152077394511322
61.000,collisions,0
61.000,time_below_clearance_s,0.0
61.000,safety_zone_violations,0
61.000,min_ttc_s,24.501122717654646
61.000,avoid_success,0
61.000,avoid_timeout,0
61.000,q_convergence,1.1407496018681618
61.000,update_residual,0.11407496018681622
62.000,anomalies_detected,0
62.000,anomalies_unique,0
62.000,investigation_timeouts,0
62.000,mission_duration_s,18.0
62.000,distance_traveled_m,4.480939693128917
62.000,route_deviations,0
62.000,investigation_time_s,0.0
62.000,hazard_avoidances,0
62.000,min_hazard_distance_m,8.958598867724396
62.000,collisions,0
62.000,time_below_clearance_s,0.0
62.000,safety_zone_violations,0
62.000,min_ttc_s,24.501122717654646
62.000,avoid_success,0
62.000,avoid_timeout,0
62.000,q_convergence,0.8293187227816107
62.000,update_residual,0.0829318722781611
63.000,anomalies_detected,0
63.000,anomalies_unique,0
63.000,investigation_timeouts,0
63.000,mission_duration_s,19.0
63.000,distance_traveled_m,4.733659670149567
63.000,route_deviations,0
63.000,investigation_time_s,0.0
63.000,hazard_avoidances,0
63.000,min_hazard_distance_m,8.74372105343498
63.000,collisions,0
63.000,time_below_clearance_s,0.0
63.000,safety_zone_violations,0
63.000,min_ttc_s,20.59024101666381
63.000,avoid_success,0
63.000,avoid_timeout,0
63.000,q_convergence,0.7207219202951275
63.000,update_residual,0.07207219202951277
64.000,anomalies_detected,0
64.000,anomalies_unique,0
64.000,investigation_timeouts,0
64.000,mission_duration_s,20.0
64.000,distance_traveled_m,4.995739644347616
64.000,route_deviations,0
64.000,investigation_time_s,0.0
64.000,hazard_avoidances,0
64.000,min_hazard_distance_m,8.530350431353417
64.000,collisions,0
64.000,time_below_clearance_s,0.0
64.000,safety_zone_violations,0
64.000,min_ttc_s,20.145968435051238
64.000,avoid_success,0
64.000,avoid_timeout,0
64.000,q_convergence,0.6278811615701694
64.000,update_residual,0.06278811615701696
65.000,anomalies_detected,0
65.000,anomalies_unique,0
65.000,investigation_timeouts,0
65.000,mission_duration_s,21.0
65.000,distance_traveled_m,5.257819633632345
65.000,route_deviations,0
65.000,investigation_time_s,0.0
65.000,hazard_avoidances,0
65.000,min_hazard_distance_m,8.319578981807945
65.000,collisions,0
65.000,time_below_clearance_s,0.0
65.000,safety_zone_violations,0
65.000,min_ttc_s,20.07463581875029
65.000,avoid_success,0
65.000,avoid_timeout,0
65.000,q_convergence,1.147921491995238
65.000,update_residual,0.11479214919952385
66.000,anomalies_detected,0
66.000,anomalies_unique,0
66.000,investigation_timeouts,0
66.000,mission_duration_s,22.0
66.000,distance_traveled_m,5.5198996052840625
66.000,route_deviations,0
66.000,investigation_time_s,0.0
66.000,hazard_avoidances,0
66.000,min_hazard_distance_m,8.12126865132531
66.000,collisions,0
66.000,time_below_clearance_s,0.0
66.000,safety_zone_violations,0
66.000,min_ttc_s,19.863176490956526
66.000,avoid_success,0
66.000,avoid_timeout,0
66.000,q_convergence,0.8251721291677026
66.000,update_residual,0.08251721291677028
67.000,anomalies_detected,0
67.000,anomalies_unique,0
67.000,investigation_timeouts,0
67.000,mission_duration_s,23.0
67.000,distance_traveled_m,5.781979590751038
67.000,route_deviations,0
67.000,investigation_time_s,0.0
67.000,hazard_avoidances,0
67.000,min_hazard_distance_m,7.911229785397095
67.000,collisions,0
67.000,time_below_clearance_s,0.0
67.000,safety_zone_violations,0
67.000,min_ttc_s,19.79420154004319
67.000,avoid_success,0
67.000,avoid_timeout,0
67.000,q_convergence,1.0338433755440688
67.000,update_residual,0.10338433755440692
68.000,anomalies_detected,0
68.000,anomalies_unique,0
68.000,investigation_timeouts,0
68.000,mission_duration_s,24.0
68.000,distance_traveled_m,6.034699518790741
68.000,route_deviations,0
68.000,investigation_time_s,0.0
68.000,hazard_avoidances,0
68.000,min_hazard_distance_m,7.720872794364374
68.000,collisions,0
68.000,time_below_clearance_s,0.0
68.000,safety_zone_violations,0
68.000,min_ttc_s,19.636826361011792
68.000,avoid_success,0
68.000,avoid_timeout,0
68.000,q_convergence,0.9282760698701198
68.000,update_residual,0.09282760698701199
69.000,anomalies_detected,0
69.000,anomalies_unique,0
69.000,investigation_timeouts,0
69.000,mission_duration_s,25.0
69.000,distance_traveled_m,6.296779490323707
69.000,route_deviations,0
69.000,investigation_time_s,0.0
69.000,hazard_avoidances,0
69.000,min_hazard_distance_m,7.51957450847803
69.000,collisions,0
69.000,time_below_clearance_s,0.0
69.000,safety_zone_violations,0
69.000,min_ttc_s,18.969152516009714
69.000,avoid_success,0
69.000,avoid_timeout,0
69.000,q_convergence,0.9282760698701198
69.000,update_residual,0.09282760698701199
70.000,anomalies_detected,0
70.000,anomalies_unique,0
70.000,investigation_timeouts,0
70.000,mission_duration_s,26.0
70.000,distance_traveled_m,6.558859430704845
70.000,route_deviations,0
70.000,investigation_time_s,0.0
70.000,hazard_avoidances,0
70.000,min_hazard_distance_m,7.330874662565534
70.000,collisions,0
70.000,time_below_clearance_s,0.0
70.000,safety_zone_violations,0
70.000,min_ttc_s,18.969152516009714
70.000,avoid_success,0
70.000,avoid_timeout,0
70.000,q_convergence,0.8087920503333915
70.000,update_residual,0.08087920503333919
71.000,anomalies_detected,0
71.000,anomalies_unique,0
71.000,investigation_timeouts,0
71.000,mission_duration_s,27.0
71.000,distance_traveled_m,6.8209394096114035
71.000,route_deviations,0
71.000,investigation_time_s,0.0
71.000,hazard_avoidances,0
71.000,min_hazard_distance_m,7.1520020506117
71.000,collisions,0
71.000,time_below_clearance_s,0.0
71.000,safety_zone_violations,0
71.000,min_ttc_s,18.969152516009714
71.000,avoid_success,0
71.000,avoid_timeout,0
71.000,q_convergence,0.7028831541154267
71.000,update_residual,0.07028831541154267
72.000,anomalies_detected,0
72.000,anomalies_unique,0
72.000,investigation_timeouts,0
72.000,mission_duration_s,28.0
72.000,distance_traveled_m,7.083019397010989
72.000,route_deviations,0
72.000,investigation_time_s,0.0
72.000,hazard_avoidances,0
72.000,min_hazard_distance_m,6.9665730811390985
72.000,collisions,0
72.000,time_below_clearance_s,0.0
72.000,safety_zone_violations,0
72.000,min_ttc_s,18.969152516009714
72.000,avoid_success,0
72.000,avoid_timeout,0
72.000,q_convergence,0.9363958298710744
72.000,update_residual,0.09363958298710744
73.000,anomalies_detected,0
73.000,anomalies_unique,0
73.000,investigation_timeouts,0
73.000,mission_duration_s,29.0
73.000,distance_traveled_m,7.335739372353657
73.000,route_deviations,0
73.000,investigation_time_s,0.0
73.000,hazard_avoidances,0
73.000,min_hazard_distance_m,6.7970120130824725
73.000,collisions,0
73.000,time_below_clearance_s,0.0
73.000,safety_zone_violations,0
73.000,min_ttc_s,18.969152516009714
73.000,avoid_success,0
73.000,avoid_timeout,0
73.000,q_convergence,0.9098493263253359
73.000,update_residual,0.09098493263253357
74.000,anomalies_detected,0
74.000,anomalies_unique,0
74.000,investigation_timeouts,0
74.000,mission_duration_s,30.0
74.000,distance_traveled_m,7.597819343685466
74.000,route_deviations,0
74.000,investigation_time_s,0.0
74.000,hazard_avoidances,0
74.000,min_hazard_distance_m,6.621022591492291
74.000,collisions,0
74.000,time_below_clearance_s,0.0
74.000,safety_zone_violations,0
74.000,min_ttc_s,18.969152516009714
74.000,avoid_success,0
74.000,avoid_timeout,0
74.000,q_convergence,0.7927371242437437
74.000,update_residual,0.07927371242437434
75.000,anomalies_detected,0
75.000,anomalies_unique,0
75.000,investigation_timeouts,0
75.000,mission_duration_s,31.0
75.000,distance_traveled_m,7.859899328973426
75.000,route_deviations,0
75.000,investigation_time_s,0.0
75.000,hazard_avoidances,0
75.000,min_hazard_distance_m,6.445453591283266
75.000,collisions,0
75.000,time_below_clearance_s,0.0
75.000,safety_zone_violations,0
75.000,min_ttc_s,18.578235102743406
75.000,avoid_success,0
75.000,avoid_timeout,0
75.000,q_convergence,0.6889305725039605
75.000,update_residual,0.06889305725039604
76.000,anomalies_detected,0
76.000,anomalies_unique,0
76.000,investigation_timeouts,0
76.000,mission_duration_s,32.0
76.000,distance_traveled_m,8.121979324448812
76.000,route_deviations,0
76.000,investigation_time_s,0.0
76.000,hazard_avoidances,0
76.000,min_hazard_distance_m,6.272091273404186
76.000,collisions,0
76.000,time_below_clearance_s,0.0
76.000,safety_zone_violations,0
76.000,min_ttc_s,18.45812372793099
76.000,avoid_success,0
76.000,avoid_timeout,0
76.000,q_convergence,0.9813854706100831
76.000,update_residual,0.09813854706100832
77.000,anomalies_detected,0
77.000,anomalies_unique,0
77.000,investigation_timeouts,0
77.000,mission_duration_s,33.0
77.000,distance_traveled_m,8.37469932075739
77.000,route_deviations,0
77.000,investigation_time_s,0.0
77.000,hazard_avoidances,0
77.000,min_hazard_distance_m,6.108993624482904
77.000,collisions,0
77.000,time_below_clearance_s,0.0
77.000,safety_zone_violations,0
77.000,min_ttc_s,18.37543686910346
77.000,avoid_success,0
77.000,avoid_timeout,0
77.000,q_convergence,0.8896073035074978
77.000,update_residual,0.08896073035074974
78.000,anomalies_detected,0
78.000,anomalies_unique,0
78.000,investigation_timeouts,0
78.000,mission_duration_s,34.0
78.000,distance_traveled_m,8.636779319245493
78.000,route_deviations,0
78.000,investigation_time_s,0.0
78.000,hazard_avoidances,0
78.000,min_hazard_distance_m,5.945954421933243
78.000,collisions,0
78.000,time_below_clearance_s,0.0
78.000,safety_zone_violations,0
78.000,min_ttc_s,18.37543686910346
78.000,avoid_success,0
78.000,avoid_timeout,0
78.000,q_convergence,0.7750113481200435
78.000,update_residual,0.07750113481200434
79.000,anomalies_detected,0
79.000,anomalies_unique,0
79.000,investigation_timeouts,0
79.000,mission_duration_s,35.0
79.000,distance_traveled_m,8.89885931748167
79.000,route_deviations,0
79.000,investigation_time_s,0.0
79.000,hazard_avoidances,0
79.000,min_hazard_distance_m,5.7900782009736975
79.000,collisions,0
79.000,time_below_clearance_s,0.0
79.000,safety_zone_violations,0
79.000,min_ttc_s,18.37543686910346
79.000,avoid_success,0
79.000,avoid_timeout,0
79.000,q_convergence,0.6752549566050522
79.000,update_residual,0.06752549566050521
80.000,anomalies_detected,0
80.000,anomalies_unique,0
80.000,investigation_timeouts,0
80.000,mission_duration_s,36.0
80.000,distance_traveled_m,9.160939314554923
80.000,route_deviations,0
80.000,investigation_time_s,0.0
80.000,hazard_avoidances,0
80.000,min_hazard_distance_m,5.641897762939364
80.000,collisions,0
80.000,time_below_clearance_s,0.0
80.000,safety_zone_violations,0
80.000,min_ttc_s,18.37543686910346
80.000,avoid_success,0
80.000,avoid_timeout,0
80.000,q_convergence,1.0254820445137207
80.000,update_residual,0.1025482044513721
81.000,anomalies_detected,0
81.000,anomalies_unique,0
81.000,investigation_timeouts,0
81.000,mission_duration_s,37.0
81.000,distance_traveled_m,9.413659312838245
81.000,route_deviations,0
81.000,investigation_time_s,0.0
81.000,hazard_avoidances,0
81.000,min_hazard_distance_m,5.506824633423863
81.000,collisions,0
81.000,time_below_clearance_s,0.0
81.000,safety_zone_violations,0
81.000,min_ttc_s,18.37543686910346
81.000,avoid_success,0
81.000,avoid_timeout,0
81.000,q_convergence,0.8719481542852267
81.000,update_residual,0.08719481542852268
82.000,anomalies_detected,0
82.000,anomalies_unique,0
82.000,investigation_timeouts,0
82.000,mission_duration_s,38.0
82.000,distance_traveled_m,9.675739311067714
82.000,route_deviations,0
82.000,investigation_time_s,0.0
82.000,hazard_avoidances,0
82.000,min_hazard_distance_m,5.376011136187208
82.000,collisions,0
82.000,time_below_clearance_s,0.0
82.000,safety_zone_violations,0
82.000,min_ttc_s,18.37543686910346
82.000,avoid_success,0
82.000,avoid_timeout,0
82.000,q_convergence,0.7596269858385687
82.000,update_residual,0.07596269858385687
83.000,anomalies_detected,0
83.000,anomalies_unique,0
83.000,investigation_timeouts,0
83.000,mission_duration_s,39.0
83.000,distance_traveled_m,9.937819308008597
83.000,route_deviations,0
83.000,investigation_time_s,0.0
83.000,hazard_avoidances,0
83.000,min_hazard_distance_m,5.2548920661494325
83.000,collisions,0
83.000,time_below_clearance_s,0.0
83.000,safety_zone_violations,0
83.000,min_ttc_s,18.37543686910346
83.000,avoid_success,0
83.000,avoid_timeout,0
83.000,q_convergence,0.661850808510998
83.000,update_residual,0.0661850808510998
84.000,anomalies_detected,0
84.000,anomalies_unique,0
84.000,investigation_timeouts,0
84.000,mission_duration_s,40.0
84.000,distance_traveled_m,10.199899306246426
84.000,route_deviations,0
84.000,investigation_time_s,0.0
84.000,hazard_avoidances,0
84.000,min_hazard_distance_m,5.147715045769986
84.000,collisions,0
84.000,time_below_clearance_s,0.0
84.000,safety_zone_violations,0
84.000,min_ttc_s,18.37543686910346
84.000,avoid_success,0
84.000,avoid_timeout,0
84.000,q_convergence,1.0687032794046447
84.000,update_residual,0.10687032794046446
85.000,anomalies_detected,0
85.000,anomalies_unique,0
85.000,investigation_timeouts,0
85.000,mission_duration_s,41.0
85.000,distance_traveled_m,10.461979304202794
85.000,route_deviations,0
85.000,investigation_time_s,0.0
85.000,hazard_avoidances,0
85.000,min_hazard_distance_m,5.044856351921406
85.000,collisions,0
85.000,time_below_clearance_s,0.0
85.000,safety_zone_violations,0
85.000,min_ttc_s,18.37543686910346
85.000,avoid_success,0
85.000,avoid_timeout,0
85.000,q_convergence,0.8546395479935552
85.000,update_residual,0.08546395479935552
86.000,anomalies_detected,0
86.000,anomalies_unique,0
86.000,investigation_timeouts,0
86.000,mission_duration_s,42.0
86.000,distance_traveled_m,10.71469930184245
86.000,route_deviations,0
86.000,investigation_time_s,0.0
86.000,hazard_avoidances,0
86.000,min_hazard_distance_m,4.960121257256187
86.000,collisions,0
86.000,time_below_clearance_s,0.0
86.000,safety_zone_violations,0
86.000,min_ttc_s,18.37543686910346
86.000,avoid_success,0
86.000,avoid_timeout,0
86.000,q_convergence,0.7427270592952459
86.000,update_residual,0.0742727059295246
87.000,anomalies_detected,0
87.000,anomalies_unique,0
87.000,investigation_timeouts,0
87.000,mission_duration_s,43.0
87.000,distance_traveled_m,10.976779300140828
87.000,route_deviations,0
87.000,investigation_time_s,0.0
87.000,hazard_avoidances,0
87.000,min_hazard_distance_m,4.884208876439848
87.000,collisions,0
87.000,time_below_clearance_s,0.0
87.000,safety_zone_violations,0
87.000,min_ttc_s,18.37543686910346
87.000,avoid_success,0
87.000,avoid_timeout,0
87.000,q_convergence,0.6470516791398992
87.000,update_residual,0.06470516791398993
88.000,anomalies_detected,0
88.000,anomalies_unique,0
88.000,investigation_timeouts,0
88.000,mission_duration_s,44.0
88.000,distance_traveled_m,11.140321519245804
88.000,route_deviations,1
88.000,investigation_time_s,0.0
88.000,hazard_avoidances,1
88.000,min_hazard_distance_m,4.85061950638682
88.000,collisions,0
88.000,time_below_clearance_s,0.0
88.000,safety_zone_violations,0
88.000,min_ttc_s,18.37543686910346
88.000,avoid_success,0
88.000,avoid_timeout,0
88.000,q_convergence,1.254218971259935
88.000,update_residual,0.12910125072140693
89.000,anomalies_detected,0
89.000,anomalies_unique,0
89.000,investigation_timeouts,0
89.000,mission_duration_s,45.0
89.000,distance_traveled_m,11.192614628071686
89.000,route_deviations,1
89.000,investigation_time_s,0.0
89.000,hazard_avoidances,1
89.000,min_hazard_distance_m,4.85061950638682
89.000,collisions,0
89.000,time_below_clearance_s,0.0
89.000,safety_zone_violations,0
89.000,min_ttc_s,18.37543686910346
89.000,avoid_success,0
89.000,avoid_timeout,0
89.000,q_convergence,1.0754916067002969
89.000,update_residual,0.10027417427271244
90.000,anomalies_detected,0
90.000,anomalies_unique,0
90.000,investigation_timeouts,0
90.000,mission_duration_s,46.0
90.000,distance_traveled_m,11.428412767345899
90.000,route_deviations,1
90.000,investigation_time_s,0.0
90.000,hazard_avoidances,1
90.000,min_hazard_distance_m,4.85061950638682
90.000,collisions,0
90.000,time_below_clearance_s,0.0
90.000,safety_zone_violations,0
90.000,min_ttc_s,18.37543686910346
90.000,avoid_success,0
90.000,avoid_timeout,0
90.000,q_convergence,1.1092986174985202
90.000,update_residual,0.09752726763144604
91.000,anomalies_detected,0
91.000,anomalies_unique,0
91.000,investigation_timeouts,0
91.000,mission_duration_s,47.0
91.000,distance_traveled_m,11.690492620475023
91.000,route_deviations,1
91.000,investigation_time_s,0.0
91.000,hazard_avoidances,1
91.000,min_hazard_distance_m,4.85061950638682
91.000,collisions,0
91.000,time_below_clearance_s,0.0
91.000,safety_zone_violations,0
91.000,min_ttc_s,18.37543686910346
91.000,avoid_success,0
91.000,avoid_timeout,0
91.000,q_convergence,1.1419632081472022
91.000,update_residual,0.09334405255627021
92.000,anomalies_detected,0
92.000,anomalies_unique,0
92.000,investigation_timeouts,0
92.000,mission_duration_s,48.0
92.000,distance_traveled_m,11.952572589656826
92.000,route_deviations,1
92.000,investigation_time_s,0.0
92.000,hazard_avoidances,1
92.000,min_hazard_distance_m,4.85061950638682
92.000,collisions,0
92.000,time_below_clearance_s,0.0
92.000,safety_zone_violations,0
92.000,min_ttc_s,18.37543686910346
92.000,avoid_success,0
92.000,avoid_timeout,0
92.000,q_convergence,1.1533676774007853
92.000,update_residual,0.06107254962526336
93.000,anomalies_detected,0
93.000,anomalies_unique,0
93.000,investigation_timeouts,0
93.000,mission_duration_s,49.0
93.000,distance_traveled_m,12.21465256298176
93.000,route_deviations,1
93.000,investigation_time_s,0.0
93.000,hazard_avoidances,1
93.000,min_hazard_distance_m,4.85061950638682
93.000,collisions,0
93.000,time_below_clearance_s,0.0
93.000,safety_zone_violations,0
93.000,min_ttc_s,18.37543686910346
93.000,avoid_success,0
93.000,avoid_timeout,0
93.000,q_convergence,1.127615285113359
93.000,update_residual,0.05468583308995586
94.000,anomalies_detected,0
94.000,anomalies_unique,0
94.000,investigation_timeouts,0
94.000,mission_duration_s,50.0
94.000,distance_traveled_m,12.476732524797727
94.000,route_deviations,1
94.000,investigation_time_s,0.0
94.000,hazard_avoidances,1
94.000,min_hazard_distance_m,4.85061950638682
94.000,collisions,0
94.000,time_below_clearance_s,0.0
94.000,safety_zone_violations,0
94.000,min_ttc_s,18.37543686910346
94.000,avoid_success,0
94.000,avoid_timeout,0
94.000,q_convergence,1.0240028084832606
94.000,update_residual,0.025455637633458233
95.000,anomalies_detected,0
95.000,anomalies_unique,0
95.000,investigation_timeouts,0
95.000,mission_duration_s,51.0
95.000,distance_traveled_m,12.613583810660906
95.000,route_deviations,1
95.000,investigation_time_s,0.0
95.000,hazard_avoidances,1
95.000,min_hazard_distance_m,4.85061950638682
95.000,collisions,0
95.000,time_below_clearance_s,0.0
95.000,safety_zone_violations,0
95.000,min_ttc_s,18.37543686910346
95.000,avoid_success,1
95.000,avoid_timeout,0
95.000,q_convergence,1.026117355250329
95.000,update_residual,0.0248439962714266
96.000,anomalies_detected,0
96.000,anomalies_unique,0
96.000,investigation_timeouts,0
96.000,mission_duration_s,52.0
96.000,distance_traveled_m,12.745249022864156
96.000,route_deviations,1
96.000,investigation_time_s,0.0
96.000,hazard_avoidances,1
96.000,min_hazard_distance_m,4.85061950638682
96.000,collisions,0
96.000,time_below_clearance_s,0.0
96.000,safety_zone_violations,0
96.000,min_ttc_s,16.547165440268845
96.000,avoid_success,1
96.000,avoid_timeout,0
96.000,q_convergence,1.0056882976771784
96.000,update_residual,0.007768542259272749
97.000,anomalies_detected,0
97.000,anomalies_unique,0
97.000,investigation_timeouts,0
97.000,mission_duration_s,53.0
97.000,distance_traveled_m,12.79476236451764
97.000,route_deviations,1
97.000,investigation_time_s,0.0
97.000,hazard_avoidances,1
97.000,min_hazard_distance_m,4.85061950638682
97.000,collisions,0
97.000,time_below_clearance_s,0.0
97.000,safety_zone_violations,0
97.000,min_ttc_s,16.547165440268845
97.000,avoid_success,1
97.000,avoid_timeout,0
97.000,q_convergence,1.008482137168592
97.000,update_residual,0.007489158310131375
98.000,anomalies_detected,0
98.000,anomalies_unique,0
98.000,investigation_timeouts,0
98.000,mission_duration_s,54.0
98.000,distance_traveled_m,13.04545323272209
98.000,route_deviations,1
98.000,investigation_time_s,0.0
98.000,hazard_avoidances,1
98.000,min_hazard_distance_m,4.85061950638682
98.000,collisions,0
98.000,time_below_clearance_s,0.0
98.000,safety_zone_violations,0
98.000,min_ttc_s,16.547165440268845
98.000,avoid_success,1
98.000,avoid_timeout,0
98.000,q_convergence,1.0087102804238357
98.000,update_residual,0.008784261819441572
99.000,anomalies_detected,0
99.000,anomalies_unique,0
99.000,investigation_timeouts,0
99.000,mission_duration_s,55.0
99.000,distance_traveled_m,13.298173187679367
99.000,route_deviations,1
99.000,investigation_time_s,0.0
99.000,hazard_avoidances,1
99.000,min_hazard_distance_m,4.85061950638682
99.000,collisions,0
99.000,time_below_clearance_s,0.0
99.000,safety_zone_violations,0
99.000,min_ttc_s,16.547165440268845
99.000,avoid_success,1
99.000,avoid_timeout,0
99.000,q_convergence,0.9924518149163636
99.000,update_residual,0.02123541267283554
100.000,anomalies_detected,0
100.000,anomalies_unique,0
100.000,investigation_timeouts,0
100.000,mission_duration_s,56.0
100.000,distance_traveled_m,13.560253183357464
100.000,route_deviations,1
100.000,investigation_time_s,0.0
100.000,hazard_avoidances,1
100.000,min_hazard_distance_m,4.85061950638682
100.000,collisions,0
100.000,time_below_clearance_s,0.0
100.000,safety_zone_violations,0
100.000,min_ttc_s,16.547165440268845
100.000,avoid_success,1
100.000,avoid_timeout,0
100.000,q_convergence,0.9711709586464118
100.000,update_residual,0.030584407268565577
101.000,anomalies_detected,0
101.000,anomalies_unique,0
101.000,investigation_timeouts,0
101.000,mission_duration_s,57.0
101.000,distance_traveled_m,13.822333181991617
101.000,route_deviations,1
101.000,investigation_time_s,0.0
101.000,hazard_avoidances,1
101.000,min_hazard_distance_m,4.85061950638682
101.000,collisions,0
101.000,time_below_clearance_s,0.0
101.000,safety_zone_violations,0
101.000,min_ttc_s,16.547165440268845
101.000,avoid_success,1
101.000,avoid_timeout,0
101.000,q_convergence,0.9336555674157576
101.000,update_residual,0.03681277143491151
102.000,anomalies_detected,0
102.000,anomalies_unique,0
102.000,investigation_timeouts,0
102.000,mission_duration_s,58.0
102.000,distance_traveled_m,14.084413181690302
102.000,route_deviations,1
102.000,investigation_time_s,0.0
102.000,hazard_avoidances,1
102.000,min_hazard_distance_m,4.85061950638682
102.000,collisions,0
102.000,time_below_clearance_s,0.0
102.000,safety_zone_violations,0
102.000,min_ttc_s,16.547165440268845
102.000,avoid_success,1
102.000,avoid_timeout,0
102.000,q_convergence,0.8854503459649709
102.000,update_residual,0.03199224928983284
103.000,anomalies_detected,0
103.000,anomalies_unique,0
103.000,investigation_timeouts,0
103.000,mission_duration_s,59.0
103.000,distance_traveled_m,14.346493181603705
103.000,route_deviations,1
103.000,investigation_time_s,0.0
103.000,hazard_avoidances,1
103.000,min_hazard_distance_m,4.85061950638682
103.000,collisions,0
103.000,time_below_clearance_s,0.0
103.000,safety_zone_violations,0
103.000,min_ttc_s,16.547165440268845
103.000,avoid_success,1
103.000,avoid_timeout,0
103.000,q_convergence,0.9953538241717897
103.000,update_residual,0.05489907687156182
104.000,anomalies_detected,0
104.000,anomalies_unique,0
104.000,investigation_timeouts,0
104.000,mission_duration_s,60.0
104.000,distance_traveled_m,14.599213181560982
104.000,route_deviations,1
104.000,investigation_time_s,0.0
104.000,hazard_avoidances,1
104.000,min_hazard_distance_m,4.85061950638682
104.000,collisions,0
104.000,time_below_clearance_s,0.0
104.000,safety_zone_violations,0
104.000,min_ttc_s,16.547165440268845
104.000,avoid_success,1
104.000,avoid_timeout,0
104.000,q_convergence,0.9002746348974914
104.000,update_residual,0.04916807610568422
105.000,anomalies_detected,0
105.000,anomalies_unique,0
105.000,investigation_timeouts,0
105.000,mission_duration_s,61.0
105.000,distance_traveled_m,14.861293181514867
105.000,route_deviations,1
105.000,investigation_time_s,0.0
105.000,hazard_avoidances,1
105.000,min_hazard_distance_m,4.85061950638682
105.000,collisions,0
105.000,time_below_clearance_s,0.0
105.000,safety_zone_violations,0
105.000,min_ttc_s,16.547165440268845
105.000,avoid_success,1
105.000,avoid_timeout,0
105.000,q_convergence,0.8369381196319507
105.000,update_residual,0.04283442457913015
106.000,anomalies_detected,0
106.000,anomalies_unique,0
106.000,investigation_timeouts,0
106.000,mission_duration_s,62.0
106.000,distance_traveled_m,15.123373181462405
106.000,route_deviations,1
106.000,investigation_time_s,0.0
106.000,hazard_avoidances,1
106.000,min_hazard_distance_m,4.85061950638682
106.000,collisions,0
106.000,time_below_clearance_s,0.0
106.000,safety_zone_violations,0
106.000,min_ttc_s,16.547165440268845
106.000,avoid_success,1
106.000,avoid_timeout,0
106.000,q_convergence,0.9161282937181243
106.000,update_residual,0.05936309861510406
107.000,anomalies_detected,0
107.000,anomalies_unique,0
107.000,investigation_timeouts,0
107.000,mission_duration_s,63.0
107.000,distance_traveled_m,15.385453181394283
107.000,route_deviations,1
107.000,investigation_time_s,0.0
107.000,hazard_avoidances,1
107.000,min_hazard_distance_m,4.85061950638682
107.000,collisions,0
107.000,time_below_clearance_s,0.0
107.000,safety_zone_violations,0
107.000,min_ttc_s,16.547165440268845
107.000,avoid_success,1
107.000,avoid_timeout,0
107.000,q_convergence,0.9486823243996328
107.000,update_residual,0.06013775316350807
108.000,anomalies_detected,0
108.000,anomalies_unique,0
108.000,investigation_timeouts,0
108.000,mission_duration_s,64.0
108.000,distance_traveled_m,15.638173181351215
108.000,route_deviations,1
108.000,investigation_time_s,0.0
108.000,hazard_avoidances,1
108.000,min_hazard_distance_m,4.85061950638682
108.000,collisions,0
108.000,time_below_clearance_s,0.0
108.000,safety_zone_violations,0
108.000,min_ttc_s,16.547165440268845
108.000,avoid_success,1
108.000,avoid_timeout,0
108.000,q_convergence,0.8665650072909067
108.000,update_residual,0.05713559334410375
109.000,anomalies_detected,0
109.000,anomalies_unique,0
109.000,investigation_timeouts,0
109.000,mission_duration_s,65.0
109.000,distance_traveled_m,15.900253181307047
109.000,route_deviations,1
109.000,investigation_time_s,0.0
109.000,hazard_avoidances,1
109.000,min_hazard_distance_m,4.85061950638682
109.000,collisions,0
109.000,time_below_clearance_s,0.0
109.000,safety_zone_violations,0
109.000,min_ttc_s,16.547165440268845
109.000,avoid_success,1
109.000,avoid_timeout,0
109.000,q_convergence,0.7902031516750001
109.000,update_residual,0.05392754389026116
110.000,anomalies_detected,0
110.000,anomalies_unique,0
110.000,investigation_timeouts,0
110.000,mission_duration_s,66.0
110.000,distance_traveled_m,16.162333181250712
110.000,route_deviations,1
110.000,investigation_time_s,0.0
110.000,hazard_avoidances,1
110.000,min_hazard_distance_m,4.85061950638682
110.000,collisions,0
110.000,time_below_clearance_s,0.0
110.000,safety_zone_violations,0
110.000,min_ttc_s,16.547165440268845
110.000,avoid_success,1
110.000,avoid_timeout,0
110.000,q_convergence,0.9434699661334873
110.000,update_residual,0.07104656614162698
111.000,anomalies_detected,0
111.000,anomalies_unique,0
111.000,investigation_timeouts,0
111.000,mission_duration_s,67.0
111.000,distance_traveled_m,16.424413181195703
111.000,route_deviations,1
111.000,investigation_time_s,0.0
111.000,hazard_avoidances,1
111.000,min_hazard_distance_m,4.85061950638682
111.000,collisions,0
111.000,time_below_clearance_s,0.0
111.000,safety_zone_violations,0
111.000,min_ttc_s,16.547165440268845
111.000,avoid_success,1
111.000,avoid_timeout,0
111.000,q_convergence,0.9249704813027354
111.000,update_residual,0.0711681925446205
112.000,anomalies_detected,0
112.000,anomalies_unique,0
112.000,investigation_timeouts,0
112.000,mission_duration_s,68.0
112.000,distance_traveled_m,16.686493181146812
112.000,route_deviations,1
112.000,investigation_time_s,0.0
112.000,hazard_avoidances,1
112.000,min_hazard_distance_m,4.85061950638682
112.000,collisions,0
112.000,time_below_clearance_s,0.0
112.000,safety_zone_violations,0
112.000,min_ttc_s,16.547165440268845
112.000,avoid_success,1
112.000,avoid_timeout,0
112.000,q_convergence,0.8317778650409735
112.000,update_residual,0.061848930918444324
113.000,anomalies_detected,0
113.000,anomalies_unique,0
113.000,investigation_timeouts,0
113.000,mission_duration_s,69.0
113.000,distance_traveled_m,16.939213181106474
113.000,route_deviations,1
113.000,investigation_time_s,0.0
113.000,hazard_avoidances,1
113.000,min_hazard_distance_m,4.85061950638682
113.000,collisions,0
113.000,time_below_clearance_s,0.0
113.000,safety_zone_violations,0
113.000,min_ttc_s,16.547165440268845
113.000,avoid_success,1
113.000,avoid_timeout,0
113.000,q_convergence,0.7487197209166772
113.000,update_residual,0.05674244484386267
114.000,anomalies_detected,0
114.000,anomalies_unique,0
114.000,investigation_timeouts,0
114.000,mission_duration_s,70.0
114.000,distance_traveled_m,17.201293181063985
114.000,route_deviations,1
114.000,investigation_time_s,0.0
114.000,hazard_avoidances,1
114.000,min_hazard_distance_m,4.85061950638682
114.000,collisions,0
114.000,time_below_clearance_s,0.0
114.000,safety_zone_violations,0
114.000,min_ttc_s,16.547165440268845
114.000,avoid_success,1
114.000,avoid_timeout,0
114.000,q_convergence,0.9986170365054321
114.000,update_residual,0.08307510434701999
115.000,anomalies_detected,0
115.000,anomalies_unique,0
115.000,investigation_timeouts,0
115.000,mission_duration_s,71.0
115.000,distance_traveled_m,17.463373181020913
115.000,route_deviations,1
115.000,investigation_time_s,0.0
115.000,hazard_avoidances,1
115.000,min_hazard_distance_m,4.85061950638682
115.000,collisions,0
115.000,time_below_clearance_s,0.0
115.000,safety_zone_violations,0
115.000,min_ttc_s,16.547165440268845
115.000,avoid_success,1
115.000,avoid_timeout,0
115.000,q_convergence,0.9005974300607068
115.000,update_residual,0.07464964484543635
116.000,anomalies_detected,0
116.000,anomalies_unique,0
116.000,investigation_timeouts,0
116.000,mission_duration_s,72.0
116.000,distance_traveled_m,17.7254531809672
116.000,route_deviations,1
116.000,investigation_time_s,0.0
116.000,hazard_avoidances,1
116.000,min_hazard_distance_m,4.85061950638682
116.000,collisions,0
116.000,time_below_clearance_s,0.0
116.000,safety_zone_violations,0
116.000,min_ttc_s,16.547165440268845
116.000,avoid_success,1
116.000,avoid_timeout,0
116.000,q_convergence,0.8013512325495029
116.000,update_residual,0.06703653981841115
117.000,anomalies_detected,0
117.000,anomalies_unique,0
117.000,investigation_timeouts,0
117.000,mission_duration_s,73.0
117.000,distance_traveled_m,17.978173180908538
117.000,route_deviations,1
117.000,investigation_time_s,0.0
117.000,hazard_avoidances,1
117.000,min_hazard_distance_m,4.85061950638682
117.000,collisions,0
117.000,time_below_clearance_s,0.0
117.000,safety_zone_violations,0
117.000,min_ttc_s,16.547165440268845
117.000,avoid_success,1
117.000,avoid_timeout,0
117.000,q_convergence,0.7135688917671846
117.000,update_residual,0.058258305740179296
118.000,anomalies_detected,0
118.000,anomalies_unique,0
118.000,investigation_timeouts,0
118.000,mission_duration_s,74.0
118.000,distance_traveled_m,18.240253180861306
118.000,route_deviations,1
118.000,investigation_time_s,0.0
118.000,hazard_avoidances,1
118.000,min_hazard_distance_m,4.85061950638682
118.000,collisions,0
118.000,time_below_clearance_s,0.0
118.000,safety_zone_violations,0
118.000,min_ttc_s,16.547165440268845
118.000,avoid_success,1
118.000,avoid_timeout,0
118.000,q_convergence,1.0437092934096814
118.000,update_residual,0.09406185904369195
119.000,anomalies_detected,0
119.000,anomalies_unique,0
119.000,investigation_timeouts,0
119.000,mission_duration_s,75.0
119.000,distance_traveled_m,18.502333180803458
119.000,route_deviations,1
119.000,investigation_time_s,0.0
119.000,hazard_avoidances,1
119.000,min_hazard_distance_m,4.85061950638682
119.000,collisions,0
119.000,time_below_clearance_s,0.0
119.000,safety_zone_violations,0
119.000,min_ttc_s,16.547165440268845
119.000,avoid_success,1
119.000,avoid_timeout,0
119.000,q_convergence,0.8773959469690403
119.000,update_residual,0.07827586816400452
120.000,anomalies_detected,0
120.000,anomalies_unique,0
120.000,investigation_timeouts,0
120.000,mission_duration_s,76.0
120.000,distance_traveled_m,18.764413180743976
120.000,route_deviations,1
120.000,investigation_time_s,0.0
120.000,hazard_avoidances,1
120.000,min_hazard_distance_m,4.85061950638682
120.000,collisions,0
120.000,time_below_clearance_s,0.0
120.000,safety_zone_violations,0
120.000,min_ttc_s,16.547165440268845
120.000,avoid_success,1
120.000,avoid_timeout,0
120.000,q_convergence,0.7748960423973351
120.000,update_residual,0.06802587770683395
121.000,anomalies_detected,0
121.000,anomalies_unique,0
121.000,investigation_timeouts,0
121.000,mission_duration_s,77.0
121.000,distance_traveled_m,19.02649318068442
121.000,route_deviations,1
121.000,investigation_time_s,0.0
121.000,hazard_avoidances,1
121.000,min_hazard_distance_m,4.85061950638682
121.000,collisions,0
121.000,time_below_clearance_s,0.0
121.000,safety_zone_violations,0
121.000,min_ttc_s,16.547165440268845
121.000,avoid_success,1
121.000,avoid_timeout,0
121.000,q_convergence,0.6849002460632209
121.000,update_residual,0.060445857053357484
122.000,anomalies_detected,0
122.000,anomalies_unique,0
122.000,investigation_timeouts,0
122.000,mission_duration_s,78.0
122.000,distance_traveled_m,19.279213180633324
122.000,route_deviations,1
122.000,investigation_time_s,0.0
122.000,hazard_avoidances,1
122.000,min_hazard_distance_m,4.85061950638682
122.000,collisions,0
122.000,time_below_clearance_s,0.0
122.000,safety_zone_violations,0
122.000,min_ttc_s,16.547165440268845
122.000,avoid_success,1
122.000,avoid_timeout,0
122.000,q_convergence,1.0842989938623806
122.000,update_residual,0.10208075285336246
123.000,anomalies_detected,0
123.000,anomalies_unique,0
123.000,investigation_timeouts,0
123.000,mission_duration_s,79.0
123.000,distance_traveled_m,19.54129318054175
123.000,route_deviations,1
123.000,investigation_time_s,0.0
123.000,hazard_avoidances,1
123.000,min_hazard_distance_m,4.85061950638682
123.000,collisions,0
123.000,time_below_clearance_s,0.0
123.000,safety_zone_violations,0
123.000,min_ttc_s,16.547165440268845
123.000,avoid_success,1
123.000,avoid_timeout,0
123.000,q_convergence,0.8539784256261831
123.000,update_residual,0.0795859315056014
124.000,anomalies_detected,0
124.000,anomalies_unique,0
124.000,investigation_timeouts,0
124.000,mission_duration_s,80.0
124.000,distance_traveled_m,19.80337318032908
124.000,route_deviations,1
124.000,investigation_time_s,0.0
124.000,hazard_avoidances,1
124.000,min_hazard_distance_m,4.85061950638682
124.000,collisions,0
124.000,time_below_clearance_s,0.0
124.000,safety_zone_violations,0
124.000,min_ttc_s,16.547165440268845
124.000,avoid_success,1
124.000,avoid_timeout,0
124.000,q_convergence,0.7509748320314115
124.000,update_residual,0.07015735880467674
125.000,anomalies_detected,0
125.000,anomalies_unique,0
125.000,investigation_timeouts,0
125.000,mission_duration_s,81.0
125.000,distance_traveled_m,20.065453179977652
125.000,route_deviations,1
125.000,investigation_time_s,0.0
125.000,hazard_avoidances,1
125.000,min_hazard_distance_m,4.85061950638682
125.000,collisions,0
125.000,time_below_clearance_s,0.0
125.000,safety_zone_violations,0
125.000,min_ttc_s,16.547165440268845
125.000,avoid_success,1
125.000,avoid_timeout,0
125.000,q_convergence,0.6586266980845626
125.000,update_residual,0.06166356406976152
126.000,anomalies_detected,0
126.000,anomalies_unique,0
126.000,investigation_timeouts,0
126.000,mission_duration_s,82.0
126.000,distance_traveled_m,20.318173179651712
126.000,route_deviations,1
126.000,investigation_time_s,0.0
126.000,hazard_avoidances,1
126.000,min_hazard_distance_m,4.85061950638682
126.000,collisions,0
126.000,time_below_clearance_s,0.0
126.000,safety_zone_violations,0
126.000,min_ttc_s,16.547165440268845
126.000,avoid_success,1
126.000,avoid_timeout,0
126.000,q_convergence,1.1306895870285394
126.000,update_residual,0.10916978908835165
127.000,anomalies_detected,0
127.000,anomalies_unique,0
127.000,investigation_timeouts,0
127.000,mission_duration_s,83.0
127.000,distance_traveled_m,20.580253178569613
127.000,route_deviations,1
127.000,investigation_time_s,0.0
127.000,hazard_avoidances,1
127.000,min_hazard_distance_m,4.85061950638682
127.000,collisions,0
127.000,time_below_clearance_s,0.0
127.000,safety_zone_violations,0
127.000,min_ttc_s,16.547165440268845
127.000,avoid_success,1
127.000,avoid_timeout,0
127.000,q_convergence,0.8340586137392597
127.000,update_residual,0.07983662149603547
128.000,anomalies_detected,0
128.000,anomalies_unique,0
128.000,investigation_timeouts,0
128.000,mission_duration_s,84.0
128.000,distance_traveled_m,20.842333175766182
128.000,route_deviations,1
128.000,investigation_time_s,0.0
128.000,hazard_avoidances,1
128.000,min_hazard_distance_m,4.85061950638682
128.000,collisions,0
128.000,time_below_clearance_s,0.0
128.000,safety_zone_violations,0
128.000,min_ttc_s,16.547165440268845
128.000,avoid_success,1
128.000,avoid_timeout,0
128.000,q_convergence,0.7312960762549814
128.000,update_residual,0.06956036774760764
129.000,anomalies_detected,0
129.000,anomalies_unique,0
129.000,investigation_timeouts,0
129.000,mission_duration_s,85.0
129.000,distance_traveled_m,21.10441317005115
129.000,route_deviations,1
129.000,investigation_time_s,0.0
129.000,hazard_avoidances,1
129.000,min_hazard_distance_m,4.85061950638682
129.000,collisions,0
129.000,time_below_clearance_s,0.0
129.000,safety_zone_violations,0
129.000,min_ttc_s,16.547165440268845
129.000,avoid_success,1
129.000,avoid_timeout,0
129.000,q_convergence,0.880956135253618
129.000,update_residual,0.08527846347888397
130.000,anomalies_detected,0
130.000,anomalies_unique,0
130.000,investigation_timeouts,0
130.000,mission_duration_s,86.0
130.000,distance_traveled_m,21.366493159259537
130.000,route_deviations,1
130.000,investigation_time_s,0.0
130.000,hazard_avoidances,1
130.000,min_hazard_distance_m,4.85061950638682
130.000,collisions,0
130.000,time_below_clearance_s,0.0
130.000,safety_zone_violations,0
130.000,min_ttc_s,16.547165440268845
130.000,avoid_success,1
130.000,avoid_timeout,0
130.000,q_convergence,0.9327627699608753
130.000,update_residual,0.0902424230998806
131.000,anomalies_detected,0
131.000,anomalies_unique,0
131.000,investigation_timeouts,0
131.000,mission_duration_s,87.0
131.000,distance_traveled_m,21.619213145436042
131.000,route_deviations,1
131.000,investigation_time_s,0.0
131.000,hazard_avoidances,1
131.000,min_hazard_distance_m,4.85061950638682
131.000,collisions,0
131.000,time_below_clearance_s,0.0
131.000,safety_zone_violations,0
131.000,min_ttc_s,16.547165440268845
131.000,avoid_success,1
131.000,avoid_timeout,0
131.000,q_convergence,0.8142987473162738
131.000,update_residual,0.0788510989198515
132.000,anomalies_detected,0
132.000,anomalies_unique,0
132.000,investigation_timeouts,0
132.000,mission_duration_s,88.0
132.000,distance_traveled_m,21.881293112376067
132.000,route_deviations,1
132.000,investigation_time_s,0.0
132.000,hazard_avoidances,1
132.000,min_hazard_distance_m,4.85061950638682
132.000,collisions,0
132.000,time_below_clearance_s,0.0
132.000,safety_zone_violations,0
132.000,min_ttc_s,16.547165440268845
132.000,avoid_success,1
132.000,avoid_timeout,0
132.000,q_convergence,0.7127256489565341
132.000,update_residual,0.0686937890838775
133.000,anomalies_detected,0
133.000,anomalies_unique,0
133.000,investigation_timeouts,0
133.000,mission_duration_s,89.0
133.000,distance_traveled_m,22.143373088673506
133.000,route_deviations,1
133.000,investigation_time_s,0.0
133.000,hazard_avoidances,1
133.000,min_hazard_distance_m,4.85061950638682
133.000,collisions,0
133.000,time_below_clearance_s,0.0
133.000,safety_zone_violations,0
133.000,min_ttc_s,16.547165440268845
133.000,avoid_success,1
133.000,avoid_timeout,0
133.000,q_convergence,0.9252755267084688
133.000,update_residual,0.09049216176226661
134.000,anomalies_detected,0
134.000,anomalies_unique,0
134.000,investigation_timeouts,0
134.000,mission_duration_s,90.0
134.000,distance_traveled_m,22.40545276088837
134.000,route_deviations,1
134.000,investigation_time_s,0.0
134.000,hazard_avoidances,1
134.000,min_hazard_distance_m,4.85061950638682
134.000,collisions,0
134.000,time_below_clearance_s,0.0
134.000,safety_zone_violations,0
134.000,min_ttc_s,16.547165440268845
134.000,avoid_success,1
134.000,avoid_timeout,0
134.000,q_convergence,0.9138972767476589
134.000,update_residual,0.08952656215075779
135.000,anomalies_detected,0
135.000,anomalies_unique,0
135.000,investigation_timeouts,0
135.000,mission_duration_s,91.0
135.000,distance_traveled_m,22.658172691215018
135.000,route_deviations,1
135.000,investigation_time_s,0.0
135.000,hazard_avoidances,1
135.000,min_hazard_distance_m,4.85061950638682
135.000,collisions,0
135.000,time_below_clearance_s,0.0
135.000,safety_zone_violations,0
135.000,min_ttc_s,16.547165440268845
135.000,avoid_success,1
135.000,avoid_timeout,0
135.000,q_convergence,0.7966649254199305
135.000,update_residual,0.07780332701798495
136.000,anomalies_detected,0
136.000,anomalies_unique,0
136.000,investigation_timeouts,0
136.000,mission_duration_s,92.0
136.000,distance_traveled_m,22.920252687736376
136.000,route_deviations,1
136.000,investigation_time_s,0.0
136.000,hazard_avoidances,1
136.000,min_hazard_distance_m,4.85061950638682
136.000,collisions,0
136.000,time_below_clearance_s,0.0
136.000,safety_zone_violations,0
136.000,min_ttc_s,16.547165440268845
136.000,avoid_success,1
136.000,avoid_timeout,0
136.000,q_convergence,0.6962672169846094
136.000,update_residual,0.06804303100305403
137.000,anomalies_detected,0
137.000,anomalies_unique,0
137.000,investigation_timeouts,0
137.000,mission_duration_s,93.0
137.000,distance_traveled_m,23.182332668617953
137.000,route_deviations,1
137.000,investigation_time_s,0.0
137.000,hazard_avoidances,1
137.000,min_hazard_distance_m,4.85061950638682
137.000,collisions,0
137.000,time_below_clearance_s,0.0
137.000,safety_zone_violations,0
137.000,min_ttc_s,16.547165440268845
137.000,avoid_success,1
137.000,avoid_timeout,0
137.000,q_convergence,0.9585227330714509
137.000,update_residual,0.09438170337569586
138.000,anomalies_detected,0
138.000,anomalies_unique,0
138.000,investigation_timeouts,0
138.000,mission_duration_s,94.0
138.000,distance_traveled_m,23.44441266658518
138.000,route_deviations,1
138.000,investigation_time_s,0.0
138.000,hazard_avoidances,1
138.000,min_hazard_distance_m,4.85061950638682
138.000,collisions,0
138.000,time_below_clearance_s,0.0
138.000,safety_zone_violations,0
138.000,min_ttc_s,16.547165440268845
138.000,avoid_success,1
138.000,avoid_timeout,0
138.000,q_convergence,0.9000232612710944
138.000,update_residual,0.08865618903601356
139.000,anomalies_detected,0
139.000,anomalies_unique,0
139.000,investigation_timeouts,0
139.000,mission_duration_s,95.0
139.000,distance_traveled_m,23.706492653815303
139.000,route_deviations,1
139.000,investigation_time_s,0.0
139.000,hazard_avoidances,1
139.000,min_hazard_distance_m,4.85061950638682
139.000,collisions,0
139.000,time_below_clearance_s,0.0
139.000,safety_zone_violations,0
139.000,min_ttc_s,16.547165440268845
139.000,avoid_success,1
139.000,avoid_timeout,0
139.000,q_convergence,0.7839306374647029
139.000,update_residual,0.07704692665537445
140.000,anomalies_detected,0
140.000,anomalies_unique,0
140.000,investigation_timeouts,0
140.000,mission_duration_s,96.0
140.000,distance_traveled_m,23.95921263850012
140.000,route_deviations,1
140.000,investigation_time_s,0.0
140.000,hazard_avoidances,1
140.000,min_hazard_distance_m,4.85061950638682
140.000,collisions,0
140.000,time_below_clearance_s,0.0
140.000,safety_zone_violations,0
140.000,min_ttc_s,16.547165440268845
140.000,avoid_success,1
140.000,avoid_timeout,0
140.000,q_convergence,0.6829094245590959
140.000,update_residual,0.06714672592847812
141.000,anomalies_detected,0
141.000,anomalies_unique,0
141.000,investigation_timeouts,0
141.000,mission_duration_s,97.0
141.000,distance_traveled_m,24.2212926275041
141.000,route_deviations,1
141.000,investigation_time_s,0.0
141.000,hazard_avoidances,1
141.000,min_hazard_distance_m,4.85061950638682
141.000,collisions,0
141.000,time_below_clearance_s,0.0
141.000,safety_zone_violations,0
141.000,min_ttc_s,16.547165440268845
141.000,avoid_success,1
141.000,avoid_timeout,0
141.000,q_convergence,0.9554665572137824
141.000,update_residual,0.09448719597375657
142.000,anomalies_detected,0
142.000,anomalies_unique,0
142.000,investigation_timeouts,0
142.000,mission_duration_s,98.0
142.000,distance_traveled_m,24.483372607731486
142.000,route_deviations,1
142.000,investigation_time_s,0.0
142.000,hazard_avoidances,1
142.000,min_hazard_distance_m,4.85061950638682
142.000,collisions,0
142.000,time_below_clearance_s,0.0
142.000,safety_zone_violations,0
142.000,min_ttc_s,16.547165440268845
142.000,avoid_success,1
142.000,avoid_timeout,0
142.000,q_convergence,0.9267414413615118
142.000,update_residual,0.09170156008783444
143.000,anomalies_detected,0
143.000,anomalies_unique,0
143.000,investigation_timeouts,0
143.000,mission_duration_s,99.0
143.000,distance_traveled_m,24.745452605850367
143.000,route_deviations,1
143.000,investigation_time_s,0.0
143.000,hazard_avoidances,1
143.000,min_hazard_distance_m,4.85061950638682
143.000,collisions,0
143.000,time_below_clearance_s,0.0
143.000,safety_zone_violations,0
143.000,min_ttc_s,16.547165440268845
143.000,avoid_success,1
143.000,avoid_timeout,0
143.000,q_convergence,0.8066609953882293
143.000,update_residual,0.07969351549050616
144.000,anomalies_detected,0
144.000,anomalies_unique,0
144.000,investigation_timeouts,0
144.000,mission_duration_s,100.0
144.000,distance_traveled_m,24.997710651341208
144.000,route_deviations,1
144.000,investigation_time_s,0.0
144.000,hazard_avoidances,1
144.000,min_hazard_distance_m,4.85061950638682
144.000,collisions,0
144.000,time_below_clearance_s,0.0
144.000,safety_zone_violations,0
144.000,min_ttc_s,16.547165440268845
144.000,avoid_success,1
144.000,avoid_timeout,0
144.000,q_convergence,0.7022103869759856
144.000,update_residual,0.06939434225652934
145.000,anomalies_detected,0
145.000,anomalies_unique,0
145.000,investigation_timeouts,0
145.000,mission_duration_s,101.0
145.000,distance_traveled_m,25.23354069853043
145.000,route_deviations,1
145.000,investigation_time_s,0.0
145.000,hazard_avoidances,1
145.000,min_hazard_distance_m,4.85061950638682
145.000,collisions,0
145.000,time_below_clearance_s,0.0
145.000,safety_zone_violations,0
145.000,min_ttc_s,16.547165440268845
145.000,avoid_success,1
145.000,avoid_timeout,0
145.000,q_convergence,0.9585291640676886
145.000,update_residual,0.09520227568926065
146.000,anomalies_detected,0
146.000,anomalies_unique,0
146.000,investigation_timeouts,0
146.000,mission_duration_s,102.0
146.000,distance_traveled_m,25.29638467364165
146.000,route_deviations,1
146.000,investigation_time_s,0.0
146.000,hazard_avoidances,1
146.000,min_hazard_distance_m,4.85061950638682
146.000,collisions,0
146.000,time_below_clearance_s,0.0
146.000,safety_zone_violations,0
146.000,min_ttc_s,16.547165440268845
146.000,avoid_success,1
146.000,avoid_timeout,0
146.000,q_convergence,0.9036988230644959
146.000,update_residual,0.08977259412777704
147.000,anomalies_detected,0
147.000,anomalies_unique,0
147.000,investigation_timeouts,0
147.000,mission_duration_s,103.0
147.000,distance_traveled_m,25.33125213944128
147.000,route_deviations,1
147.000,investigation_time_s,0.0
147.000,hazard_avoidances,1
147.000,min_hazard_distance_m,4.85061950638682
147.000,collisions,0
147.000,time_below_clearance_s,0.0
147.000,safety_zone_violations,0
147.000,min_ttc_s,16.547165440268845
147.000,avoid_success,1
147.000,avoid_timeout,0
147.000,q_convergence,0.7860863654412089
147.000,update_residual,0.07810094159224926
148.000,anomalies_detected,0
148.000,anomalies_unique,0
148.000,investigation_timeouts,0
148.000,mission_duration_s,104.0
148.000,distance_traveled_m,25.513227616174174
148.000,route_deviations,1
148.000,investigation_time_s,0.0
148.000,hazard_avoidances,1
148.000,min_hazard_distance_m,4.85061950638682
148.000,collisions,0
148.000,time_below_clearance_s,0.0
148.000,safety_zone_violations,0
148.000,min_ttc_s,16.547165440268845
148.000,avoid_success,1
148.000,avoid_timeout,0
148.000,q_convergence,0.6838155219752127
148.000,update_residual,0.06787385724564962
149.000,anomalies_detected,0
149.000,anomalies_unique,0
149.000,investigation_timeouts,0
149.000,mission_duration_s,105.0
149.000,distance_traveled_m,25.76594757144255
149.000,route_deviations,1
149.000,investigation_time_s,0.0
149.000,hazard_avoidances,1
149.000,min_hazard_distance_m,4.85061950638682
149.000,collisions,0
149.000,time_below_clearance_s,0.0
149.000,safety_zone_violations,0
149.000,min_ttc_s,16.547165440268845
149.000,avoid_success,1
149.000,avoid_timeout,0
149.000,q_convergence,0.5948874945312446
149.000,update_residual,0.05905720874403355
150.000,anomalies_detected,0
150.000,anomalies_unique,0
150.000,investigation_timeouts,0
150.000,mission_duration_s,106.0
150.000,distance_traveled_m,26.028027571247808
150.000,route_deviations,1
150.000,investigation_time_s,0.0
150.000,hazard_avoidances,1
150.000,min_hazard_distance_m,4.85061950638682
150.000,collisions,0
150.000,time_below_clearance_s,0.0
150.000,safety_zone_violations,0
150.000,min_ttc_s,16.547165440268845
150.000,avoid_success,1
150.000,avoid_timeout,0
150.000,q_convergence,0.9432326193756161
150.000,update_residual,0.09398362341651782
151.000,anomalies_detected,0
151.000,anomalies_unique,0
151.000,investigation_timeouts,0
151.000,mission_duration_s,107.0
151.000,distance_traveled_m,26.290107571144596
151.000,route_deviations,1
151.000,investigation_time_s,0.0
151.000,hazard_avoidances,1
151.000,min_hazard_distance_m,4.85061950638682
151.000,collisions,0
151.000,time_below_clearance_s,0.0
151.000,safety_zone_violations,0
151.000,min_ttc_s,16.547165440268845
151.000,avoid_success,1
151.000,avoid_timeout,0
151.000,q_convergence,0.9079629387288038
151.000,update_residual,0.09042948427015315
152.000,anomalies_detected,0
152.000,anomalies_unique,0
152.000,investigation_timeouts,0
152.000,mission_duration_s,108.0
152.000,distance_traveled_m,26.552187571087686
152.000,route_deviations,1
152.000,investigation_time_s,0.0
152.000,hazard_avoidances,1
152.000,min_hazard_distance_m,4.85061950638682
152.000,collisions,0
152.000,time_below_clearance_s,0.0
152.000,safety_zone_violations,0
152.000,min_ttc_s,16.547165440268845
152.000,avoid_success,1
152.000,avoid_timeout,0
152.000,q_convergence,0.7895126587292454
152.000,update_residual,0.07863947771060639
153.000,anomalies_detected,0
153.000,anomalies_unique,0
153.000,investigation_timeouts,0
153.000,mission_duration_s,109.0
153.000,distance_traveled_m,26.80490757104588
153.000,route_deviations,1
153.000,investigation_time_s,0.0
153.000,hazard_avoidances,1
153.000,min_hazard_distance_m,4.85061950638682
153.000,collisions,0
153.000,time_below_clearance_s,0.0
153.000,safety_zone_violations,0
153.000,min_ttc_s,16.547165440268845
153.000,avoid_success,1
153.000,avoid_timeout,0
153.000,q_convergence,0.6865366183483536
153.000,update_residual,0.0683418736725172
154.000,anomalies_detected,0
154.000,anomalies_unique,0
154.000,investigation_timeouts,0
154.000,mission_duration_s,110.0
154.000,distance_traveled_m,27.066987571003143
154.000,route_deviations,1
154.000,investigation_time_s,0.0
154.000,hazard_avoidances,1
154.000,min_hazard_distance_m,4.85061950638682
154.000,collisions,0
154.000,time_below_clearance_s,0.0
154.000,safety_zone_violations,0
154.000,min_ttc_s,16.547165440268845
154.000,avoid_success,1
154.000,avoid_timeout,0
154.000,q_convergence,1.0050026889218777
154.000,update_residual,0.1005002688921878
155.000,anomalies_detected,0
155.000,anomalies_unique,0
155.000,investigation_timeouts,0
155.000,mission_duration_s,111.0
155.000,distance_traveled_m,27.329067570926302
155.000,route_deviations,1
155.000,investigation_time_s,0.0
155.000,hazard_avoidances,1
155.000,min_hazard_distance_m,4.85061950638682
155.000,collisions,0
155.000,time_below_clearance_s,0.0
155.000,safety_zone_violations,0
155.000,min_ttc_s,16.547165440268845
155.000,avoid_success,1
155.000,avoid_timeout,0
155.000,q_convergence,0.8851592669899604
155.000,update_residual,0.08851592669899602
156.000,anomalies_detected,0
156.000,anomalies_unique,0
156.000,investigation_timeouts,0
156.000,mission_duration_s,112.0
156.000,distance_traveled_m,27.591147570856133
156.000,route_deviations,1
156.000,investigation_time_s,0.0
156.000,hazard_avoidances,1
156.000,min_hazard_distance_m,4.85061950638682
156.000,collisions,0
156.000,time_below_clearance_s,0.0
156.000,safety_zone_violations,0
156.000,min_ttc_s,16.547165440268845
156.000,avoid_success,1
156.000,avoid_timeout,0
156.000,q_convergence,0.769250312512271
156.000,update_residual,0.07692503125122711
157.000,anomalies_detected,0
157.000,anomalies_unique,0
157.000,investigation_timeouts,0
157.000,mission_duration_s,113.0
157.000,distance_traveled_m,27.853227570799163
157.000,route_deviations,1
157.000,investigation_time_s,0.0
157.000,hazard_avoidances,1
157.000,min_hazard_distance_m,4.85061950638682
157.000,collisions,0
157.000,time_below_clearance_s,0.0
157.000,safety_zone_violations,0
157.000,min_ttc_s,16.547165440268845
157.000,avoid_success,1
157.000,avoid_timeout,0
157.000,q_convergence,0.6685192884129167
157.000,update_residual,0.06685192884129167
158.000,anomalies_detected,0
158.000,anomalies_unique,0
158.000,investigation_timeouts,0
158.000,mission_duration_s,114.0
158.000,distance_traveled_m,28.105947570757714
158.000,route_deviations,1
158.000,investigation_time_s,0.0
158.000,hazard_avoidances,1
158.000,min_hazard_distance_m,4.85061950638682
158.000,collisions,0
158.000,time_below_clearance_s,0.0
158.000,safety_zone_violations,0
158.000,min_ttc_s,16.547165440268845
158.000,avoid_success,1
158.000,avoid_timeout,0
158.000,q_convergence,1.0472009851757345
158.000,update_residual,0.10472009851757347
159.000,anomalies_detected,0
159.000,anomalies_unique,0
159.000,investigation_timeouts,0
159.000,mission_duration_s,115.0
159.000,distance_traveled_m,28.368027570711234
159.000,route_deviations,1
159.000,investigation_time_s,0.0
159.000,hazard_avoidances,1
159.000,min_hazard_distance_m,4.85061950638682
159.000,collisions,0
159.000,time_below_clearance_s,0.0
159.000,safety_zone_violations,0
159.000,min_ttc_s,16.547165440268845
159.000,avoid_success,1
159.000,avoid_timeout,0
159.000,q_convergence,0.8653669114654845
159.000,update_residual,0.08653669114654848
160.000,anomalies_detected,0
160.000,anomalies_unique,0
160.000,investigation_timeouts,0
160.000,mission_duration_s,116.0
160.000,distance_traveled_m,28.630107570667242
160.000,route_deviations,1
160.000,investigation_time_s,0.0
160.000,hazard_avoidances,1
160.000,min_hazard_distance_m,4.85061950638682
160.000,collisions,0
160.000,time_below_clearance_s,0.0
160.000,safety_zone_violations,0
160.000,min_ttc_s,16.547165440268845
160.000,avoid_success,1
160.000,avoid_timeout,0
160.000,q_convergence,0.7539803096645278
160.000,update_residual,0.07539803096645277
161.000,anomalies_detected,0
161.000,anomalies_unique,0
161.000,investigation_timeouts,0
161.000,mission_duration_s,117.0
161.000,distance_traveled_m,28.892187570618734
161.000,route_deviations,1
161.000,investigation_time_s,0.0
161.000,hazard_avoidances,1
161.000,min_hazard_distance_m,4.85061950638682
161.000,collisions,0
161.000,time_below_clearance_s,0.0
161.000,safety_zone_violations,0
161.000,min_ttc_s,16.547165440268845
161.000,avoid_success,1
161.000,avoid_timeout,0
161.000,q_convergence,0.6552488466961007
161.000,update_residual,0.06552488466961007
162.000,anomalies_detected,0
162.000,anomalies_unique,0
162.000,investigation_timeouts,0
162.000,mission_duration_s,118.0
162.000,distance_traveled_m,29.144907570573466
162.000,route_deviations,1
162.000,investigation_time_s,0.0
162.000,hazard_avoidances,1
162.000,min_hazard_distance_m,4.85061950638682
162.000,collisions,0
162.000,time_below_clearance_s,0.0
162.000,safety_zone_violations,0
162.000,min_ttc_s,16.547165440268845
162.000,avoid_success,1
162.000,avoid_timeout,0
162.000,q_convergence,1.0899910882486215
162.000,update_residual,0.10899910882486216
163.000,anomalies_detected,0
163.000,anomalies_unique,0
163.000,investigation_timeouts,0
163.000,mission_duration_s,119.0
163.000,distance_traveled_m,29.406987570527612
163.000,route_deviations,1
163.000,investigation_time_s,0.0
163.000,hazard_avoidances,1
163.000,min_hazard_distance_m,4.85061950638682
163.000,collisions,0
163.000,time_below_clearance_s,0.0
163.000,safety_zone_violations,0
163.000,min_ttc_s,16.547165440268845
163.000,avoid_success,1
163.000,avoid_timeout,0
163.000,q_convergence,0.8481889461302933
163.000,update_residual,0.0848188946130293
164.000,anomalies_detected,0
164.000,anomalies_unique,0
164.000,investigation_timeouts,0
164.000,mission_duration_s,120.0
164.000,distance_traveled_m,29.669067570482383
164.000,route_deviations,1
164.000,investigation_time_s,0.0
164.000,hazard_avoidances,1
164.000,min_hazard_distance_m,4.85061950638682
164.000,collisions,0
164.000,time_below_clearance_s,0.0
164.000,safety_zone_violations,0
164.000,min_ttc_s,16.547165440268845
164.000,avoid_success,1
164.000,avoid_timeout,0
164.000,q_convergence,0.7390134239987697
164.000,update_residual,0.07390134239987699
165.000,anomalies_detected,0
165.000,anomalies_unique,0
165.000,investigation_timeouts,0
165.000,mission_duration_s,121.0
165.000,distance_traveled_m,29.931147570407685
165.000,route_deviations,1
165.000,investigation_time_s,0.0
165.000,hazard_avoidances,1
165.000,min_hazard_distance_m,4.85061950638682
165.000,collisions,0
165.000,time_below_clearance_s,0.0
165.000,safety_zone_violations,0
165.000,min_ttc_s,16.547165440268845
165.000,avoid_success,1
165.000,avoid_timeout,0
165.000,q_convergence,0.6422418298742903
165.000,update_residual,0.06422418298742903
166.000,anomalies_detected,0
166.000,anomalies_unique,0
166.000,investigation_timeouts,0
166.000,mission_duration_s,122.0
166.000,distance_traveled_m,30.193227570356505
166.000,route_deviations,1
166.000,investigation_time_s,0.0
166.000,hazard_avoidances,1
166.000,min_hazard_distance_m,4.85061950638682
166.000,collisions,0
166.000,time_below_clearance_s,0.0
166.000,safety_zone_violations,0
166.000,min_ttc_s,16.547165440268845
166.000,avoid_success,1
166.000,avoid_timeout,0
166.000,q_convergence,1.1319317864072036
166.000,update_residual,0.11319317864072038
167.000,anomalies_detected,0
167.000,anomalies_unique,0
167.000,investigation_timeouts,0
167.000,mission_duration_s,123.0
167.000,distance_traveled_m,30.44594757030656
167.000,route_deviations,1
167.000,investigation_time_s,0.0
167.000,hazard_avoidances,1
167.000,min_hazard_distance_m,4.85061950638682
167.000,collisions,0
167.000,time_below_clearance_s,0.0
167.000,safety_zone_violations,0
167.000,min_ttc_s,16.547165440268845
167.000,avoid_success,1
167.000,avoid_timeout,0
167.000,q_convergence,0.8293187227816107
167.000,update_residual,0.0829318722781611
168.000,anomalies_detected,0
168.000,anomalies_unique,0
168.000,investigation_timeouts,0
168.000,mission_duration_s,124.0
168.000,distance_traveled_m,30.708027570259222
168.000,route_deviations,1
168.000,investigation_time_s,0.0
168.000,hazard_avoidances,1
168.000,min_hazard_distance_m,4.85061950638682
168.000,collisions,0
168.000,time_below_clearance_s,0.0
168.000,safety_zone_violations,0
168.000,min_ttc_s,16.547165440268845
168.000,avoid_success,1
168.000,avoid_timeout,0
168.000,q_convergence,0.722488921606242
168.000,update_residual,0.07224889216062422
169.000,anomalies_detected,0
169.000,anomalies_unique,0
169.000,investigation_timeouts,0
169.000,mission_duration_s,125.0
169.000,distance_traveled_m,30.97010757021559
169.000,route_deviations,1
169.000,investigation_time_s,0.0
169.000,hazard_avoidances,1
169.000,min_hazard_distance_m,4.85061950638682
169.000,collisions,0
169.000,time_below_clearance_s,0.0
169.000,safety_zone_violations,0
169.000,min_ttc_s,16.547165440268845
169.000,avoid_success,1
169.000,avoid_timeout,0
169.000,q_convergence,0.8671972034896893
169.000,update_residual,0.08671972034896894
170.000,anomalies_detected,0
170.000,anomalies_unique,0
170.000,investigation_timeouts,0
170.000,mission_duration_s,126.0
170.000,distance_traveled_m,31.232187570129962
170.000,route_deviations,1
170.000,investigation_time_s,0.0
170.000,hazard_avoidances,1
170.000,min_hazard_distance_m,4.85061950638682
170.000,collisions,0
170.000,time_below_clearance_s,0.0
170.000,safety_zone_violations,0
170.000,min_ttc_s,16.547165440268845
170.000,avoid_success,1
170.000,avoid_timeout,0
170.000,q_convergence,0.9353357461052848
170.000,update_residual,0.09353357461052848
171.000,anomalies_detected,0
171.000,anomalies_unique,0
171.000,investigation_timeouts,0
171.000,mission_duration_s,127.0
171.000,distance_traveled_m,31.48490757001531
171.000,route_deviations,1
171.000,investigation_time_s,0.0
171.000,hazard_avoidances,1
171.000,min_hazard_distance_m,4.85061950638682
171.000,collisions,0
171.000,time_below_clearance_s,0.0
171.000,safety_zone_violations,0
171.000,min_ttc_s,16.547165440268845
171.000,avoid_success,1
171.000,avoid_timeout,0
171.000,q_convergence,0.8128563319933584
171.000,update_residual,0.08128563319933586
172.000,anomalies_detected,0
172.000,anomalies_unique,0
172.000,investigation_timeouts,0
172.000,mission_duration_s,128.0
172.000,distance_traveled_m,31.74698756994552
172.000,route_deviations,1
172.000,investigation_time_s,0.0
172.000,hazard_avoidances,1
172.000,min_hazard_distance_m,4.85061950638682
172.000,collisions,0
172.000,time_below_clearance_s,0.0
172.000,safety_zone_violations,0
172.000,min_ttc_s,16.547165440268845
172.000,avoid_success,1
172.000,avoid_timeout,0
172.000,q_convergence,0.7081471557194529
172.000,update_residual,0.0708147155719453
173.000,anomalies_detected,0
173.000,anomalies_unique,0
173.000,investigation_timeouts,0
173.000,mission_duration_s,129.0
173.000,distance_traveled_m,32.00906756989973
173.000,route_deviations,1
173.000,investigation_time_s,0.0
173.000,hazard_avoidances,1
173.000,min_hazard_distance_m,4.85061950638682
173.000,collisions,0
173.000,time_below_clearance_s,0.0
173.000,safety_zone_violations,0
173.000,min_ttc_s,16.547165440268845
173.000,avoid_success,1
173.000,avoid_timeout,0
173.000,q_convergence,0.9135604715184327
173.000,update_residual,0.09135604715184328
174.000,anomalies_detected,0
174.000,anomalies_unique,0
174.000,investigation_timeouts,0
174.000,mission_duration_s,130.0
174.000,distance_traveled_m,32.27114756985461
174.000,route_deviations,1
174.000,investigation_time_s,0.0
174.000,hazard_avoidances,1
174.000,min_hazard_distance_m,4.85061950638682
174.000,collisions,0
174.000,time_below_clearance_s,0.0
174.000,safety_zone_violations,0
174.000,min_ttc_s,16.547165440268845
174.000,avoid_success,1
174.000,avoid_timeout,0
174.000,q_convergence,0.9167688644618069
174.000,update_residual,0.09167688644618069
175.000,anomalies_detected,0
175.000,anomalies_unique,0
175.000,investigation_timeouts,0
175.000,mission_duration_s,131.0
175.000,distance_traveled_m,32.533227569781744
175.000,route_deviations,1
175.000,investigation_time_s,0.0
175.000,hazard_avoidances,1
175.000,min_hazard_distance_m,4.85061950638682
175.000,collisions,0
175.000,time_below_clearance_s,0.0
175.000,safety_zone_violations,0
175.000,min_ttc_s,16.547165440268845
175.000,avoid_success,1
175.000,avoid_timeout,0
175.000,q_convergence,0.7967207278831593
175.000,update_residual,0.07967207278831592
176.000,anomalies_detected,0
176.000,anomalies_unique,0
176.000,investigation_timeouts,0
176.000,mission_duration_s,132.0
176.000,distance_traveled_m,32.78594756972834
176.000,route_deviations,1
176.000,investigation_time_s,0.0
176.000,hazard_avoidances,1
176.000,min_hazard_distance_m,4.85061950638682
176.000,collisions,0
176.000,time_below_clearance_s,0.0
176.000,safety_zone_violations,0
176.000,min_ttc_s,16.547165440268845
176.000,avoid_success,1
176.000,avoid_timeout,0
176.000,q_convergence,0.6923925351798598
176.000,update_residual,0.06923925351798597
177.000,anomalies_detected,0
177.000,anomalies_unique,0
177.000,investigation_timeouts,0
177.000,mission_duration_s,133.0
177.000,distance_traveled_m,33.04802756967522
177.000,route_deviations,1
177.000,investigation_time_s,0.0
177.000,hazard_avoidances,1
177.000,min_hazard_distance_m,4.85061950638682
177.000,collisions,0
177.000,time_below_clearance_s,0.0
177.000,safety_zone_violations,0
177.000,min_ttc_s,16.547165440268845
177.000,avoid_success,1
177.000,avoid_timeout,0
177.000,q_convergence,0.9820879649016313
177.000,update_residual,0.09820879649016315
178.000,anomalies_detected,0
178.000,anomalies_unique,0
178.000,investigation_timeouts,0
178.000,mission_duration_s,134.0
178.000,distance_traveled_m,33.310107569630055
178.000,route_deviations,1
178.000,investigation_time_s,0.0
178.000,hazard_avoidances,1
178.000,min_hazard_distance_m,4.85061950638682
178.000,collisions,0
178.000,time_below_clearance_s,0.0
178.000,safety_zone_violations,0
178.000,min_ttc_s,16.547165440268845
178.000,avoid_success,1
178.000,avoid_timeout,0
178.000,q_convergence,0.8940776919673346
178.000,update_residual,0.08940776919673343
179.000,anomalies_detected,0
179.000,anomalies_unique,0
179.000,investigation_timeouts,0
179.000,mission_duration_s,135.0
179.000,distance_traveled_m,33.57218756958603
179.000,route_deviations,1
179.000,investigation_time_s,0.0
179.000,hazard_avoidances,1
179.000,min_hazard_distance_m,4.85061950638682
179.000,collisions,0
179.000,time_below_clearance_s,0.0
179.000,safety_zone_violations,0
179.000,min_ttc_s,16.547165440268845
179.000,avoid_success,1
179.000,avoid_timeout,0
179.000,q_convergence,0.7770008964544038
179.000,update_residual,0.07770008964544037
180.000,anomalies_detected,0
180.000,anomalies_unique,0
180.000,investigation_timeouts,0
180.000,mission_duration_s,136.0
180.000,distance_traveled_m,33.82490756954124
180.000,route_deviations,1
180.000,investigation_time_s,0.0
180.000,hazard_avoidances,1
180.000,min_hazard_distance_m,4.85061950638682
180.000,collisions,0
180.000,time_below_clearance_s,0.0
180.000,safety_zone_violations,0
180.000,min_ttc_s,16.547165440268845
180.000,avoid_success,1
180.000,avoid_timeout,0
180.000,q_convergence,0.6752549566050522
180.000,update_residual,0.06752549566050521
181.000,anomalies_detected,0
181.000,anomalies_unique,0
181.000,investigation_timeouts,0
181.000,mission_duration_s,137.0
181.000,distance_traveled_m,34.086987569494106
181.000,route_deviations,1
181.000,investigation_time_s,0.0
181.000,hazard_avoidances,1
181.000,min_hazard_distance_m,4.85061950638682
181.000,collisions,0
181.000,time_below_clearance_s,0.0
181.000,safety_zone_violations,0
181.000,min_ttc_s,16.547165440268845
181.000,avoid_success,1
181.000,avoid_timeout,0
181.000,q_convergence,1.0287623167964584
181.000,update_residual,0.10287623167964587
182.000,anomalies_detected,0
182.000,anomalies_unique,0
182.000,investigation_timeouts,0
182.000,mission_duration_s,138.0
182.000,distance_traveled_m,34.34906756944872
182.000,route_deviations,1
182.000,investigation_time_s,0.0
182.000,hazard_avoidances,1
182.000,min_hazard_distance_m,4.85061950638682
182.000,collisions,0
182.000,time_below_clearance_s,0.0
182.000,safety_zone_violations,0
182.000,min_ttc_s,16.547165440268845
182.000,avoid_success,1
182.000,avoid_timeout,0
182.000,q_convergence,0.8763298033017355
182.000,update_residual,0.08763298033017355
183.000,anomalies_detected,0
183.000,anomalies_unique,0
183.000,investigation_timeouts,0
183.000,mission_duration_s,139.0
183.000,distance_traveled_m,34.61114756940373
183.000,route_deviations,1
183.000,investigation_time_s,0.0
183.000,hazard_avoidances,1
183.000,min_hazard_distance_m,4.85061950638682
183.000,collisions,0
183.000,time_below_clearance_s,0.0
183.000,safety_zone_violations,0
183.000,min_ttc_s,16.547165440268845
183.000,avoid_success,1
183.000,avoid_timeout,0
183.000,q_convergence,0.7615770406449613
183.000,update_residual,0.07615770406449614
184.000,anomalies_detected,0
184.000,anomalies_unique,0
184.000,investigation_timeouts,0
184.000,mission_duration_s,140.0
184.000,distance_traveled_m,34.87322756935807
184.000,route_deviations,1
184.000,investigation_time_s,0.0
184.000,hazard_avoidances,1
184.000,min_hazard_distance_m,4.85061950638682
184.000,collisions,0
184.000,time_below_clearance_s,0.0
184.000,safety_zone_violations,0
184.000,min_ttc_s,16.547165440268845
184.000,avoid_success,1
184.000,avoid_timeout,0
184.000,q_convergence,0.661850808510998
184.000,update_residual,0.0661850808510998
185.000,anomalies_detected,0
185.000,anomalies_unique,0
185.000,investigation_timeouts,0
185.000,mission_duration_s,141.0
185.000,distance_traveled_m,35.12594756926833
185.000,route_deviations,1
185.000,investigation_time_s,0.0
185.000,hazard_avoidances,1
185.000,min_hazard_distance_m,4.85061950638682
185.000,collisions,0
185.000,time_below_clearance_s,0.0
185.000,safety_zone_violations,0
185.000,min_ttc_s,16.547165440268845
185.000,avoid_success,1
185.000,avoid_timeout,0
185.000,q_convergence,1.0687032794046447
185.000,update_residual,0.10687032794046446
186.000,anomalies_detected,0
186.000,anomalies_unique,0
186.000,investigation_timeouts,0
186.000,mission_duration_s,142.0
186.000,distance_traveled_m,35.388027569212596
186.000,route_deviations,1
186.000,investigation_time_s,0.0
186.000,hazard_avoidances,1
186.000,min_hazard_distance_m,4.85061950638682
186.000,collisions,0
186.000,time_below_clearance_s,0.0
186.000,safety_zone_violations,0
186.000,min_ttc_s,16.547165440268845
186.000,avoid_success,1
186.000,avoid_timeout,0
186.000,q_convergence,0.8567348765236164
186.000,update_residual,0.08567348765236164
187.000,anomalies_detected,0
187.000,anomalies_unique,0
187.000,investigation_timeouts,0
187.000,mission_duration_s,143.0
187.000,distance_traveled_m,35.65010756916594
187.000,route_deviations,1
187.000,investigation_time_s,0.0
187.000,hazard_avoidances,1
187.000,min_hazard_distance_m,4.85061950638682
187.000,collisions,0
187.000,time_below_clearance_s,0.0
187.000,safety_zone_violations,0
187.000,min_ttc_s,16.547165440268845
187.000,avoid_success,1
187.000,avoid_timeout,0
187.000,q_convergence,0.7464593560756241
187.000,update_residual,0.0746459356075624
188.000,anomalies_detected,0
188.000,anomalies_unique,0
188.000,investigation_timeouts,0
188.000,mission_duration_s,144.0
188.000,distance_traveled_m,35.912187569121635
188.000,route_deviations,1
188.000,investigation_time_s,0.0
188.000,hazard_avoidances,1
188.000,min_hazard_distance_m,4.85061950638682
188.000,collisions,0
188.000,time_below_clearance_s,0.0
188.000,safety_zone_violations,0
188.000,min_ttc_s,16.547165440268845
188.000,avoid_success,1
188.000,avoid_timeout,0
188.000,q_convergence,0.6487127394503069
188.000,update_residual,0.06487127394503071
189.000,anomalies_detected,0
189.000,anomalies_unique,0
189.000,investigation_timeouts,0
189.000,mission_duration_s,145.0
189.000,distance_traveled_m,36.16490756908036
189.000,route_deviations,1
189.000,investigation_time_s,0.0
189.000,hazard_avoidances,1
189.000,min_hazard_distance_m,4.85061950638682
189.000,collisions,0
189.000,time_below_clearance_s,0.0
189.000,safety_zone_violations,0
189.000,min_ttc_s,16.547165440268845
189.000,avoid_success,1
189.000,avoid_timeout,0
189.000,q_convergence,1.1110665511993794
189.000,update_residual,0.11110665511993796
190.000,anomalies_detected,0
190.000,anomalies_unique,0
190.000,investigation_timeouts,0
190.000,mission_duration_s,146.0
190.000,distance_traveled_m,36.42698756900338
190.000,route_deviations,1
190.000,investigation_time_s,0.0
190.000,hazard_avoidances,1
190.000,min_hazard_distance_m,4.85061950638682
190.000,collisions,0
190.000,time_below_clearance_s,0.0
190.000,safety_zone_violations,0
190.000,min_ttc_s,16.547165440268845
190.000,avoid_success,1
190.000,avoid_timeout,0
190.000,q_convergence,0.8397282613926437
190.000,update_residual,0.08397282613926436
191.000,anomalies_detected,0
191.000,anomalies_unique,0
191.000,investigation_timeouts,0
191.000,mission_duration_s,147.0
191.000,distance_traveled_m,36.68906756893091
191.000,route_deviations,1
191.000,investigation_time_s,0.0
191.000,hazard_avoidances,1
191.000,min_hazard_distance_m,4.85061950638682
191.000,collisions,0
191.000,time_below_clearance_s,0.0
191.000,safety_zone_violations,0
191.000,min_ttc_s,16.547165440268845
191.000,avoid_success,1
191.000,avoid_timeout,0
191.000,q_convergence,0.7316417650943821
191.000,update_residual,0.0731641765094382
192.000,anomalies_detected,0
192.000,anomalies_unique,0
192.000,investigation_timeouts,0
192.000,mission_duration_s,148.0
192.000,distance_traveled_m,36.95114756888061
192.000,route_deviations,1
192.000,investigation_time_s,0.0
192.000,hazard_avoidances,1
192.000,min_hazard_distance_m,4.85061950638682
192.000,collisions,0
192.000,time_below_clearance_s,0.0
192.000,safety_zone_violations,0
192.000,min_ttc_s,16.547165440268845
192.000,avoid_success,1
192.000,avoid_timeout,0
192.000,q_convergence,0.6358354676212944
192.000,update_residual,0.06358354676212943
193.000,anomalies_detected,0
193.000,anomalies_unique,0
193.000,investigation_timeouts,0
193.000,mission_duration_s,149.0
193.000,distance_traveled_m,37.21322756883538
193.000,route_deviations,1
193.000,investigation_time_s,0.0
193.000,hazard_avoidances,1
193.000,min_hazard_distance_m,4.85061950638682
193.000,collisions,0
193.000,time_below_clearance_s,0.0
193.000,safety_zone_violations,0
193.000,min_ttc_s,16.547165440268845
193.000,avoid_success,1
193.000,avoid_timeout,0
193.000,q_convergence,1.15258889089383
193.000,update_residual,0.11525888908938302
194.000,anomalies_detected,0
194.000,anomalies_unique,0
194.000,investigation_timeouts,0
194.000,mission_duration_s,150.0
194.000,distance_traveled_m,37.465947568790945
194.000,route_deviations,1
194.000,investigation_time_s,0.0
194.000,hazard_avoidances,1
194.000,min_hazard_distance_m,4.85061950638682
194.000,collisions,0
194.000,time_below_clearance_s,0.0
194.000,safety_zone_violations,0
194.000,min_ttc_s,16.547165440268845
194.000,avoid_success,1
194.000,avoid_timeout,0
194.000,q_convergence,0.8210462685218641
194.000,update_residual,0.08210462685218642
195.000,anomalies_detected,0
195.000,anomalies_unique,0
195.000,investigation_timeouts,0
195.000,mission_duration_s,151.0
195.000,distance_traveled_m,37.728027568735
195.000,route_deviations,1
195.000,investigation_time_s,0.0
195.000,hazard_avoidances,1
195.000,min_hazard_distance_m,4.85061950638682
195.000,collisions,0
195.000,time_below_clearance_s,0.0
195.000,safety_zone_violations,0
195.000,min_ttc_s,16.547165440268845
195.000,avoid_success,1
195.000,avoid_timeout,0
195.000,q_convergence,0.7152820946132197
195.000,update_residual,0.07152820946132199
196.000,anomalies_detected,0
196.000,anomalies_unique,0
196.000,investigation_timeouts,0
196.000,mission_duration_s,152.0
196.000,distance_traveled_m,37.99010756866351
196.000,route_deviations,1
196.000,investigation_time_s,0.0
196.000,hazard_avoidances,1
196.000,min_hazard_distance_m,4.85061950638682
196.000,collisions,0
196.000,time_below_clearance_s,0.0
196.000,safety_zone_violations,0
196.000,min_ttc_s,16.547165440268845
196.000,avoid_success,1
196.000,avoid_timeout,0
196.000,q_convergence,0.8904950354409177
196.000,update_residual,0.08904950354409179
197.000,anomalies_detected,0
197.000,anomalies_unique,0
197.000,investigation_timeouts,0
197.000,mission_duration_s,153.0
197.000,distance_traveled_m,38.25218756860688
197.000,route_deviations,1
197.000,investigation_time_s,0.0
197.000,hazard_avoidances,1
197.000,min_hazard_distance_m,4.85061950638682
197.000,collisions,0
197.000,time_below_clearance_s,0.0
197.000,safety_zone_violations,0
197.000,min_ttc_s,16.547165440268845
197.000,avoid_success,1
197.000,avoid_timeout,0
197.000,q_convergence,0.9260057720378846
197.000,update_residual,0.09260057720378848
198.000,anomalies_detected,0
198.000,anomalies_unique,0
198.000,investigation_timeouts,0
198.000,mission_duration_s,154.0
198.000,distance_traveled_m,38.50490756856424
198.000,route_deviations,1
198.000,investigation_time_s,0.0
198.000,hazard_avoidances,1
198.000,min_hazard_distance_m,4.85061950638682
198.000,collisions,0
198.000,time_below_clearance_s,0.0
198.000,safety_zone_violations,0
198.000,min_ttc_s,16.547165440268845
198.000,avoid_success,1
198.000,avoid_timeout,0
198.000,q_convergence,0.8047480900817247
198.000,update_residual,0.08047480900817247
199.000,anomalies_detected,0
199.000,anomalies_unique,0
199.000,investigation_timeouts,0
199.000,mission_duration_s,155.0
199.000,distance_traveled_m,38.76698756852109
199.000,route_deviations,1
199.000,investigation_time_s,0.0
199.000,hazard_avoidances,1
199.000,min_hazard_distance_m,4.85061950638682
199.000,collisions,0
199.000,time_below_clearance_s,0.0
199.000,safety_zone_violations,0
199.000,min_ttc_s,16.547165440268845
199.000,avoid_success,1
199.000,avoid_timeout,0
199.000,q_convergence,0.7010833878411515
199.000,update_residual,0.07010833878411515
200.000,anomalies_detected,0
200.000,anomalies_unique,0
200.000,investigation_timeouts,0
200.000,mission_duration_s,156.0
200.000,distance_traveled_m,39.02906756845184
200.000,route_deviations,1
200.000,investigation_time_s,0.0
200.000,hazard_avoidances,1
200.000,min_hazard_distance_m,4.85061950638682
200.000,collisions,0
200.000,time_below_clearance_s,0.0
200.000,safety_zone_violations,0
200.000,min_ttc_s,16.547165440268845
200.000,avoid_success,1
200.000,avoid_timeout,0
200.000,q_convergence,0.9363958298710744
200.000,update_residual,0.09363958298710744
201.000,anomalies_detected,0
201.000,anomalies_unique,0
201.000,investigation_timeouts,0
201.000,mission_duration_s,157.0
201.000,distance_traveled_m,39.29114756839053
201.000,route_deviations,1
201.000,investigation_time_s,0.0
201.000,hazard_avoidances,1
201.000,min_hazard_distance_m,4.85061950638682
201.000,collisions,0
201.000,time_below_clearance_s,0.0
201.000,safety_zone_violations,0
201.000,min_ttc_s,16.547165440268845
201.000,avoid_success,1
201.000,avoid_timeout,0
201.000,q_convergence,0.9076240950388005
201.000,update_residual,0.09076240950388002
202.000,anomalies_detected,0
202.000,anomalies_unique,0
202.000,investigation_timeouts,0
202.000,mission_duration_s,158.0
202.000,distance_traveled_m,39.55322756833768
202.000,route_deviations,1
202.000,investigation_time_s,0.0
202.000,hazard_avoidances,1
202.000,min_hazard_distance_m,4.85061950638682
202.000,collisions,0
202.000,time_below_clearance_s,0.0
202.000,safety_zone_violations,0
202.000,min_ttc_s,16.547165440268845
202.000,avoid_success,1
202.000,avoid_timeout,0
202.000,q_convergence,0.9582360566884606
202.000,update_residual,0.15105445774999
203.000,anomalies_detected,0
203.000,anomalies_unique,0
203.000,investigation_timeouts,0
203.000,mission_duration_s,159.0
203.000,distance_traveled_m,39.80594756829164
203.000,route_deviations,1
203.000,investigation_time_s,0.0
203.000,hazard_avoidances,1
203.000,min_hazard_distance_m,4.85061950638682
203.000,collisions,0
203.000,time_below_clearance_s,0.0
203.000,safety_zone_violations,0
203.000,min_ttc_s,16.547165440268845
203.000,avoid_success,1
203.000,avoid_timeout,0
203.000,q_convergence,0.7147698640454714
203.000,update_residual,0.20440690026219285
204.000,anomalies_detected,1
204.000,anomalies_unique,0
204.000,investigation_timeouts,0
204.000,mission_duration_s,160.0
204.000,distance_traveled_m,40.0680275680713
204.000,route_deviations,2
204.000,investigation_time_s,0.8000000000000114
204.000,hazard_avoidances,1
204.000,min_hazard_distance_m,4.85061950638682
204.000,collisions,0
204.000,time_below_clearance_s,0.0
204.000,safety_zone_violations,0
204.000,min_ttc_s,16.547165440268845
204.000,avoid_success,1
204.000,avoid_timeout,0
204.000,q_convergence,1.0488547531305175
204.000,update_residual,0.23265481250805828
205.000,anomalies_detected,1
205.000,anomalies_unique,0
205.000,investigation_timeouts,0
205.000,mission_duration_s,161.0
205.000,distance_traveled_m,40.26136802025214
205.000,route_deviations,2
205.000,investigation_time_s,1.8000000000000114
205.000,hazard_avoidances,1
205.000,min_hazard_distance_m,4.85061950638682
205.000,collisions,0
205.000,time_below_clearance_s,0.0
205.000,safety_zone_violations,0
205.000,min_ttc_s,16.547165440268845
205.000,avoid_success,1
205.000,avoid_timeout,0
205.000,q_convergence,0.7234599296719998
205.000,update_residual,0.2142758434065701
206.000,anomalies_detected,1
206.000,anomalies_unique,0
206.000,investigation_timeouts,0
206.000,mission_duration_s,162.0
206.000,distance_traveled_m,40.52344699457149
206.000,route_deviations,2
206.000,investigation_time_s,2.8000000000000114
206.000,hazard_avoidances,1
206.000,min_hazard_distance_m,4.85061950638682
206.000,collisions,0
206.000,time_below_clearance_s,0.0
206.000,safety_zone_violations,0
206.000,min_ttc_s,16.547165440268845
206.000,avoid_success,1
206.000,avoid_timeout,0
206.000,q_convergence,0.4566388132870422
206.000,update_residual,0.16630425420216882
207.000,anomalies_detected,1
207.000,anomalies_unique,0
207.000,investigation_timeouts,0
207.000,mission_duration_s,163.0
207.000,distance_traveled_m,40.776166981609315
207.000,route_deviations,2
207.000,investigation_time_s,3.8000000000000114
207.000,hazard_avoidances,1
207.000,min_hazard_distance_m,4.85061950638682
207.000,collisions,0
207.000,time_below_clearance_s,0.0
207.000,safety_zone_violations,0
207.000,min_ttc_s,16.547165440268845
207.000,avoid_success,1
207.000,avoid_timeout,0
207.000,q_convergence,0.23886837412850598
207.000,update_residual,0.14452721028631518
208.000,anomalies_detected,1
208.000,anomalies_unique,0
208.000,investigation_timeouts,0
208.000,mission_duration_s,164.0
208.000,distance_traveled_m,41.03824697618497
208.000,route_deviations,2
208.000,investigation_time_s,4.800000000000011
208.000,hazard_avoidances,1
208.000,min_hazard_distance_m,4.85061950638682
208.000,collisions,0
208.000,time_below_clearance_s,0.0
208.000,safety_zone_violations,0
208.000,min_ttc_s,16.547165440268845
208.000,avoid_success,1
208.000,avoid_timeout,0
208.000,q_convergence,1.1326118581202043
208.000,update_residual,0.20820962742539534
209.000,anomalies_detected,1
209.000,anomalies_unique,0
209.000,investigation_timeouts,0
209.000,mission_duration_s,165.0
209.000,distance_traveled_m,41.30032697326822
209.000,route_deviations,2
209.000,investigation_time_s,5.800000000000011
209.000,hazard_avoidances,1
209.000,min_hazard_distance_m,4.85061950638682
209.000,collisions,0
209.000,time_below_clearance_s,0.0
209.000,safety_zone_violations,0
209.000,min_ttc_s,16.547165440268845
209.000,avoid_success,1
209.000,avoid_timeout,0
209.000,q_convergence,0.9871648376928139
209.000,update_residual,0.1796532482131397
210.000,anomalies_detected,1
210.000,anomalies_unique,0
210.000,investigation_timeouts,0
210.000,mission_duration_s,166.0
210.000,distance_traveled_m,41.562406971956655
210.000,route_deviations,2
210.000,investigation_time_s,6.800000000000011
210.000,hazard_avoidances,1
210.000,min_hazard_distance_m,4.85061950638682
210.000,collisions,0
210.000,time_below_clearance_s,0.0
210.000,safety_zone_violations,0
210.000,min_ttc_s,16.547165440268845
210.000,avoid_success,1
210.000,avoid_timeout,0
210.000,q_convergence,0.8892282790766239
210.000,update_residual,0.1577190776849419
211.000,anomalies_detected,1
211.000,anomalies_unique,0
211.000,investigation_timeouts,0
211.000,mission_duration_s,167.0
211.000,distance_traveled_m,41.82448147434468
211.000,route_deviations,2
211.000,investigation_time_s,7.800000000000011
211.000,hazard_avoidances,1
211.000,min_hazard_distance_m,4.85061950638682
211.000,collisions,0
211.000,time_below_clearance_s,0.0
211.000,safety_zone_violations,0
211.000,min_ttc_s,16.547165440268845
211.000,avoid_success,1
211.000,avoid_timeout,0
211.000,q_convergence,0.6813158203926394
211.000,update_residual,0.14221985103018042
212.000,anomalies_detected,1
212.000,anomalies_unique,0
212.000,investigation_timeouts,0
212.000,mission_duration_s,168.0
212.000,distance_traveled_m,42.072575778160505
212.000,route_deviations,2
212.000,investigation_time_s,8.800000000000011
212.000,hazard_avoidances,1
212.000,min_hazard_distance_m,4.85061950638682
212.000,collisions,0
212.000,time_below_clearance_s,0.0
212.000,safety_zone_violations,0
212.000,min_ttc_s,16.547165440268845
212.000,avoid_success,1
212.000,avoid_timeout,0
212.000,q_convergence,0.5022694796835973
212.000,update_residual,0.11320197661063872
213.000,anomalies_detected,1
213.000,anomalies_unique,0
213.000,investigation_timeouts,0
213.000,mission_duration_s,169.0
213.000,distance_traveled_m,42.11080782534205
213.000,route_deviations,2
213.000,investigation_time_s,9.800000000000011
213.000,hazard_avoidances,1
213.000,min_hazard_distance_m,4.85061950638682
213.000,collisions,0
213.000,time_below_clearance_s,0.0
213.000,safety_zone_violations,0
213.000,min_ttc_s,16.547165440268845
213.000,avoid_success,1
213.000,avoid_timeout,0
213.000,q_convergence,0.9191303446007205
213.000,update_residual,0.15022324616588595
214.000,anomalies_detected,1
214.000,anomalies_unique,0
214.000,investigation_timeouts,0
214.000,mission_duration_s,170.0
214.000,distance_traveled_m,42.11080782534205
214.000,route_deviations,2
214.000,investigation_time_s,10.800000000000011
214.000,hazard_avoidances,1
214.000,min_hazard_distance_m,4.85061950638682
214.000,collisions,0
214.000,time_below_clearance_s,0.0
214.000,safety_zone_violations,0
214.000,min_ttc_s,16.547165440268845
214.000,avoid_success,1
214.000,avoid_timeout,0
214.000,q_convergence,0.8704623828790622
214.000,update_residual,0.14057501263384337
215.000,anomalies_detected,1
215.000,anomalies_unique,0
215.000,investigation_timeouts,0
215.000,mission_duration_s,171.0
215.000,distance_traveled_m,42.11080782534205
215.000,route_deviations,2
215.000,investigation_time_s,11.800000000000011
215.000,hazard_avoidances,1
215.000,min_hazard_distance_m,4.85061950638682
215.000,collisions,0
215.000,time_below_clearance_s,0.0
215.000,safety_zone_violations,0
215.000,min_ttc_s,16.547165440268845
215.000,avoid_success,1
215.000,avoid_timeout,0
215.000,q_convergence,0.6863836148231723
215.000,update_residual,0.12216713582825436
216.000,anomalies_detected,1
216.000,anomalies_unique,1
216.000,investigation_timeouts,0
216.000,mission_duration_s,172.0
216.000,distance_traveled_m,42.11080782534205
216.000,route_deviations,2
216.000,investigation_time_s,12.0
216.000,hazard_avoidances,1
216.000,min_hazard_distance_m,4.85061950638682
216.000,collisions,0
216.000,time_below_clearance_s,0.0
216.000,safety_zone_violations,0
216.000,min_ttc_s,16.547165440268845
216.000,avoid_success,1
216.000,avoid_timeout,0
216.000,q_convergence,0.5316015074103875
216.000,update_residual,0.0986596089350853
217.000,anomalies_detected,1
217.000,anomalies_unique,1
217.000,investigation_timeouts,0
217.000,mission_duration_s,173.0
217.000,distance_traveled_m,42.25066483448225
217.000,route_deviations,2
217.000,investigation_time_s,12.0
217.000,hazard_avoidances,1
217.000,min_hazard_distance_m,4.85061950638682
217.000,collisions,0
217.000,time_below_clearance_s,0.0
217.000,safety_zone_violations,0
217.000,min_ttc_s,16.547165440268845
217.000,avoid_success,1
217.000,avoid_timeout,0
217.000,q_convergence,0.40876858740614946
217.000,update_residual,0.07955139820555451
218.000,anomalies_detected,1
218.000,anomalies_unique,1
218.000,investigation_timeouts,0
218.000,mission_duration_s,174.0
218.000,distance_traveled_m,42.3417477688578
218.000,route_deviations,2
218.000,investigation_time_s,12.0
218.000,hazard_avoidances,1
218.000,min_hazard_distance_m,4.85061950638682
218.000,collisions,0
218.000,time_below_clearance_s,0.0
218.000,safety_zone_violations,0
218.000,min_ttc_s,16.547165440268845
218.000,avoid_success,1
218.000,avoid_timeout,0
218.000,q_convergence,0.3678705157170131
218.000,update_residual,0.07269912393200235
219.000,anomalies_detected,1
219.000,anomalies_unique,1
219.000,investigation_timeouts,0
219.000,mission_duration_s,175.0
219.000,distance_traveled_m,42.603736748103415
219.000,route_deviations,2
219.000,investigation_time_s,12.0
219.000,hazard_avoidances,1
219.000,min_hazard_distance_m,4.85061950638682
219.000,collisions,0
219.000,time_below_clearance_s,0.0
219.000,safety_zone_violations,0
219.000,min_ttc_s,16.547165440268845
219.000,avoid_success,1
219.000,avoid_timeout,0
219.000,q_convergence,0.2927525887513787
219.000,update_residual,0.062148617420336505
220.000,anomalies_detected,1
220.000,anomalies_unique,1
220.000,investigation_timeouts,0
220.000,mission_duration_s,176.0
220.000,distance_traveled_m,42.86581667339711
220.000,route_deviations,2
220.000,investigation_time_s,12.0
220.000,hazard_avoidances,1
220.000,min_hazard_distance_m,4.85061950638682
220.000,collisions,0
220.000,time_below_clearance_s,0.0
220.000,safety_zone_violations,0
220.000,min_ttc_s,16.547165440268845
220.000,avoid_success,1
220.000,avoid_timeout,0
220.000,q_convergence,0.21137083592941108
220.000,update_residual,0.05401044213813975
221.000,anomalies_detected,1
221.000,anomalies_unique,1
221.000,investigation_timeouts,0
221.000,mission_duration_s,177.0
221.000,distance_traveled_m,43.1185364606797
221.000,route_deviations,2
221.000,investigation_time_s,12.0
221.000,hazard_avoidances,1
221.000,min_hazard_distance_m,4.85061950638682
221.000,collisions,0
221.000,time_below_clearance_s,0.0
221.000,safety_zone_violations,0
221.000,min_ttc_s,16.547165440268845
221.000,avoid_success,1
221.000,avoid_timeout,0
221.000,q_convergence,1.3039030253286767
221.000,update_residual,0.1563367748131852
222.000,anomalies_detected,1
222.000,anomalies_unique,1
222.000,investigation_timeouts,0
222.000,mission_duration_s,178.0
222.000,distance_traveled_m,43.380616374958166
222.000,route_deviations,2
222.000,investigation_time_s,12.0
222.000,hazard_avoidances,1
222.000,min_hazard_distance_m,4.85061950638682
222.000,collisions,0
222.000,time_below_clearance_s,0.0
222.000,safety_zone_violations,0
222.000,min_ttc_s,16.547165440268845
222.000,avoid_success,1
222.000,avoid_timeout,0
222.000,q_convergence,0.8003433983353244
222.000,update_residual,0.10797669459695126
223.000,anomalies_detected,1
223.000,anomalies_unique,1
223.000,investigation_timeouts,0
223.000,mission_duration_s,179.0
223.000,distance_traveled_m,43.6426963645377
223.000,route_deviations,2
223.000,investigation_time_s,12.0
223.000,hazard_avoidances,1
223.000,min_hazard_distance_m,4.85061950638682
223.000,collisions,0
223.000,time_below_clearance_s,0.0
223.000,safety_zone_violations,0
223.000,min_ttc_s,16.547165440268845
223.000,avoid_success,1
223.000,avoid_timeout,0
223.000,q_convergence,0.6640703804484541
223.000,update_residual,0.09015803959375145
224.000,anomalies_detected,1
224.000,anomalies_unique,1
224.000,investigation_timeouts,0
224.000,mission_duration_s,180.0
224.000,distance_traveled_m,43.90477633915262
224.000,route_deviations,2
224.000,investigation_time_s,12.0
224.000,hazard_avoidances,1
224.000,min_hazard_distance_m,4.85061950638682
224.000,collisions,0
224.000,time_below_clearance_s,0.0
224.000,safety_zone_violations,0
224.000,min_ttc_s,16.547165440268845
224.000,avoid_success,1
224.000,avoid_timeout,0
224.000,q_convergence,0.5460111283253183
224.000,update_residual,0.07835211438143785
225.000,anomalies_detected,1
225.000,anomalies_unique,1
225.000,investigation_timeouts,0
225.000,mission_duration_s,181.0
225.000,distance_traveled_m,44.15747391158261
225.000,route_deviations,2
225.000,investigation_time_s,12.0
225.000,hazard_avoidances,1
225.000,min_hazard_distance_m,4.85061950638682
225.000,collisions,0
225.000,time_below_clearance_s,0.0
225.000,safety_zone_violations,0
225.000,min_ttc_s,16.547165440268845
225.000,avoid_success,1
225.000,avoid_timeout,0
225.000,q_convergence,1.0438019739512285
225.000,update_residual,0.12312652361765224
226.000,anomalies_detected,1
226.000,anomalies_unique,1
226.000,investigation_timeouts,0
226.000,mission_duration_s,182.0
226.000,distance_traveled_m,44.39612806425762
226.000,route_deviations,2
226.000,investigation_time_s,12.0
226.000,hazard_avoidances,1
226.000,min_hazard_distance_m,4.85061950638682
226.000,collisions,0
226.000,time_below_clearance_s,0.0
226.000,safety_zone_violations,0
226.000,min_ttc_s,16.547165440268845
226.000,avoid_success,1
226.000,avoid_timeout,0
226.000,q_convergence,0.9498469956399964
226.000,update_residual,0.1136776174497127
227.000,anomalies_detected,1
227.000,anomalies_unique,1
227.000,investigation_timeouts,0
227.000,mission_duration_s,183.0
227.000,distance_traveled_m,44.47079919773148
227.000,route_deviations,2
227.000,investigation_time_s,12.0
227.000,hazard_avoidances,1
227.000,min_hazard_distance_m,4.85061950638682
227.000,collisions,0
227.000,time_below_clearance_s,0.0
227.000,safety_zone_violations,0
227.000,min_ttc_s,16.547165440268845
227.000,avoid_success,1
227.000,avoid_timeout,0
227.000,q_convergence,0.8221159803678513
227.000,update_residual,0.09937169665586974
228.000,anomalies_detected,1
228.000,anomalies_unique,1
228.000,investigation_timeouts,0
228.000,mission_duration_s,184.0
228.000,distance_traveled_m,44.538905954537775
228.000,route_deviations,2
228.000,investigation_time_s,12.0
228.000,hazard_avoidances,1
228.000,min_hazard_distance_m,4.85061950638682
228.000,collisions,0
228.000,time_below_clearance_s,0.0
228.000,safety_zone_violations,0
228.000,min_ttc_s,16.547165440268845
228.000,avoid_success,1
228.000,avoid_timeout,0
228.000,q_convergence,0.6919917203211385
228.000,update_residual,0.08635927065119846
229.000,anomalies_detected,1
229.000,anomalies_unique,1
229.000,investigation_timeouts,0
229.000,mission_duration_s,185.0
229.000,distance_traveled_m,44.54780461753486
229.000,route_deviations,2
229.000,investigation_time_s,12.0
229.000,hazard_avoidances,1
229.000,min_hazard_distance_m,4.85061950638682
229.000,collisions,0
229.000,time_below_clearance_s,0.0
229.000,safety_zone_violations,0
229.000,min_ttc_s,16.547165440268845
229.000,avoid_success,1
229.000,avoid_timeout,0
229.000,q_convergence,0.580571309795377
229.000,update_residual,0.07264321480575961
230.000,anomalies_detected,1
230.000,anomalies_unique,1
230.000,investigation_timeouts,0
230.000,mission_duration_s,186.0
230.000,distance_traveled_m,44.59204189162281
230.000,route_deviations,2
230.000,investigation_time_s,12.0
230.000,hazard_avoidances,1
230.000,min_hazard_distance_m,4.85061950638682
230.000,collisions,0
230.000,time_below_clearance_s,0.0
230.000,safety_zone_violations,0
230.000,min_ttc_s,16.547165440268845
230.000,avoid_success,1
230.000,avoid_timeout,0
230.000,q_convergence,0.48544719606761266
230.000,update_residual,0.06313080343298319
231.000,anomalies_detected,1
231.000,anomalies_unique,1
231.000,investigation_timeouts,0
231.000,mission_duration_s,187.0
231.000,distance_traveled_m,44.80041901853649
231.000,route_deviations,2
231.000,investigation_time_s,12.0
231.000,hazard_avoidances,1
231.000,min_hazard_distance_m,4.85061950638682
231.000,collisions,0
231.000,time_below_clearance_s,0.0
231.000,safety_zone_violations,0
231.000,min_ttc_s,16.547165440268845
231.000,avoid_success,1
231.000,avoid_timeout,0
231.000,q_convergence,0.4054890314667042
231.000,update_residual,0.05294707439895903
232.000,anomalies_detected,1
232.000,anomalies_unique,1
232.000,investigation_timeouts,0
232.000,mission_duration_s,188.0
232.000,distance_traveled_m,45.062498633043724
232.000,route_deviations,2
232.000,investigation_time_s,12.0
232.000,hazard_avoidances,1
232.000,min_hazard_distance_m,4.85061950638682
232.000,collisions,0
232.000,time_below_clearance_s,0.0
232.000,safety_zone_violations,0
232.000,min_ttc_s,16.547165440268845
232.000,avoid_success,1
232.000,avoid_timeout,0
232.000,q_convergence,0.3385402318612388
232.000,update_residual,0.044392468750569215
233.000,anomalies_detected,1
233.000,anomalies_unique,1
233.000,investigation_timeouts,0
233.000,mission_duration_s,189.0
233.000,distance_traveled_m,45.324578616950966
233.000,route_deviations,2
233.000,investigation_time_s,12.0
233.000,hazard_avoidances,1
233.000,min_hazard_distance_m,4.85061950638682
233.000,collisions,0
233.000,time_below_clearance_s,0.0
233.000,safety_zone_violations,0
233.000,min_ttc_s,16.547165440268845
233.000,avoid_success,1
233.000,avoid_timeout,0
233.000,q_convergence,0.2814318149083143
233.000,update_residual,0.03710086022060995
234.000,anomalies_detected,1
234.000,anomalies_unique,1
234.000,investigation_timeouts,0
234.000,mission_duration_s,190.0
234.000,distance_traveled_m,45.57729859226874
234.000,route_deviations,2
234.000,investigation_time_s,12.0
234.000,hazard_avoidances,1
234.000,min_hazard_distance_m,4.85061950638682
234.000,collisions,0
234.000,time_below_clearance_s,0.0
234.000,safety_zone_violations,0
234.000,min_ttc_s,16.547165440268845
234.000,avoid_success,1
234.000,avoid_timeout,0
234.000,q_convergence,0.8525769400430435
234.000,update_residual,0.09357553853909871
235.000,anomalies_detected,1
235.000,anomalies_unique,1
235.000,investigation_timeouts,0
235.000,mission_duration_s,191.0
235.000,distance_traveled_m,45.83937849832906
235.000,route_deviations,2
235.000,investigation_time_s,12.0
235.000,hazard_avoidances,1
235.000,min_hazard_distance_m,4.85061950638682
235.000,collisions,0
235.000,time_below_clearance_s,0.0
235.000,safety_zone_violations,0
235.000,min_ttc_s,16.547165440268845
235.000,avoid_success,1
235.000,avoid_timeout,0
235.000,q_convergence,0.9277718738590982
235.000,update_residual,0.1003912143062216
236.000,anomalies_detected,1
236.000,anomalies_unique,1
236.000,investigation_timeouts,0
236.000,mission_duration_s,192.0
236.000,distance_traveled_m,46.10145811764135
236.000,route_deviations,2
236.000,investigation_time_s,12.0
236.000,hazard_avoidances,1
236.000,min_hazard_distance_m,4.85061950638682
236.000,collisions,0
236.000,time_below_clearance_s,0.0
236.000,safety_zone_violations,0
236.000,min_ttc_s,16.547165440268845
236.000,avoid_success,1
236.000,avoid_timeout,0
236.000,q_convergence,0.7985522785165325
236.000,update_residual,0.087469254771965
237.000,anomalies_detected,1
237.000,anomalies_unique,1
237.000,investigation_timeouts,0
237.000,mission_duration_s,193.0
237.000,distance_traveled_m,46.36353730220818
237.000,route_deviations,2
237.000,investigation_time_s,12.0
237.000,hazard_avoidances,1
237.000,min_hazard_distance_m,4.85061950638682
237.000,collisions,0
237.000,time_below_clearance_s,0.0
237.000,safety_zone_violations,0
237.000,min_ttc_s,16.547165440268845
237.000,avoid_success,1
237.000,avoid_timeout,0
237.000,q_convergence,0.6847524426286637
237.000,update_residual,0.07494716714513136
238.000,anomalies_detected,1
238.000,anomalies_unique,1
238.000,investigation_timeouts,0
238.000,mission_duration_s,194.0
238.000,distance_traveled_m,46.62561650682562
238.000,route_deviations,2
238.000,investigation_time_s,12.0
238.000,hazard_avoidances,1
238.000,min_hazard_distance_m,4.85061950638682
238.000,collisions,0
238.000,time_below_clearance_s,0.0
238.000,safety_zone_violations,0
238.000,min_ttc_s,16.547165440268845
238.000,avoid_success,1
238.000,avoid_timeout,0
238.000,q_convergence,0.5866113723284271
238.000,update_residual,0.0651330601151077
239.000,anomalies_detected,1
239.000,anomalies_unique,1
239.000,investigation_timeouts,0
239.000,mission_duration_s,195.0
239.000,distance_traveled_m,46.87833613621127
239.000,route_deviations,2
239.000,investigation_time_s,12.0
239.000,hazard_avoidances,1
239.000,min_hazard_distance_m,4.85061950638682
239.000,collisions,0
239.000,time_below_clearance_s,0.0
239.000,safety_zone_violations,0
239.000,min_ttc_s,16.547165440268845
239.000,avoid_success,1
239.000,avoid_timeout,0
239.000,q_convergence,0.5019493342946574
239.000,update_residual,0.05569606787939097
240.000,anomalies_detected,1
240.000,anomalies_unique,1
240.000,investigation_timeouts,0
240.000,mission_duration_s,196.0
240.000,distance_traveled_m,47.1404160189789
240.000,route_deviations,2
240.000,investigation_time_s,12.0
240.000,hazard_avoidances,1
240.000,min_hazard_distance_m,4.85061950638682
240.000,collisions,0
240.000,time_below_clearance_s,0.0
240.000,safety_zone_violations,0
240.000,min_ttc_s,16.547165440268845
240.000,avoid_success,1
240.000,avoid_timeout,0
240.000,q_convergence,1.2636490878234032
240.000,update_residual,0.1303481376155269
241.000,anomalies_detected,1
241.000,anomalies_unique,1
241.000,investigation_timeouts,0
241.000,mission_duration_s,197.0
241.000,distance_traveled_m,47.402495965265985
241.000,route_deviations,2
241.000,investigation_time_s,12.0
241.000,hazard_avoidances,1
241.000,min_hazard_distance_m,4.85061950638682
241.000,collisions,0
241.000,time_below_clearance_s,0.0
241.000,safety_zone_violations,0
241.000,min_ttc_s,16.547165440268845
241.000,avoid_success,1
241.000,avoid_timeout,0
241.000,q_convergence,0.8938277395886595
241.000,update_residual,0.09405873824130241
242.000,anomalies_detected,1
242.000,anomalies_unique,1
242.000,investigation_timeouts,0
242.000,mission_duration_s,198.0
242.000,distance_traveled_m,47.66457595439164
242.000,route_deviations,2
242.000,investigation_time_s,12.0
242.000,hazard_avoidances,1
242.000,min_hazard_distance_m,4.85061950638682
242.000,collisions,0
242.000,time_below_clearance_s,0.0
242.000,safety_zone_violations,0
242.000,min_ttc_s,16.547165440268845
242.000,avoid_success,1
242.000,avoid_timeout,0
242.000,q_convergence,0.771114191046092
242.000,update_residual,0.0810859887446802
243.000,anomalies_detected,1
243.000,anomalies_unique,1
243.000,investigation_timeouts,0
243.000,mission_duration_s,199.0
243.000,distance_traveled_m,47.91729595091699
243.000,route_deviations,2
243.000,investigation_time_s,12.0
243.000,hazard_avoidances,1
243.000,min_hazard_distance_m,4.85061950638682
243.000,collisions,0
243.000,time_below_clearance_s,0.0
243.000,safety_zone_violations,0
243.000,min_ttc_s,16.547165440268845
243.000,avoid_success,1
243.000,avoid_timeout,0
243.000,q_convergence,0.6649345177524256
243.000,update_residual,0.07046802141531357
244.000,anomalies_detected,1
244.000,anomalies_unique,1
244.000,investigation_timeouts,0
244.000,mission_duration_s,200.0
244.000,distance_traveled_m,48.17937594757702
244.000,route_deviations,2
244.000,investigation_time_s,12.0
244.000,hazard_avoidances,1
244.000,min_hazard_distance_m,4.85061950638682
244.000,collisions,0
244.000,time_below_clearance_s,0.0
244.000,safety_zone_violations,0
244.000,min_ttc_s,16.547165440268845
244.000,avoid_success,1
244.000,avoid_timeout,0
244.000,q_convergence,1.0093127160048145
244.000,update_residual,0.10405940511350031
245.000,anomalies_detected,1
245.000,anomalies_unique,1
245.000,investigation_timeouts,0
245.000,mission_duration_s,201.0
245.000,distance_traveled_m,48.44145594596464
245.000,route_deviations,2
245.000,investigation_time_s,12.0
245.000,hazard_avoidances,1
245.000,min_hazard_distance_m,4.85061950638682
245.000,collisions,0
245.000,time_below_clearance_s,0.0
245.000,safety_zone_violations,0
245.000,min_ttc_s,16.547165440268845
245.000,avoid_success,1
245.000,avoid_timeout,0
245.000,q_convergence,0.8816071968575238
245.000,update_residual,0.09103234625070365
246.000,anomalies_detected,1
246.000,anomalies_unique,1
246.000,investigation_timeouts,0
246.000,mission_duration_s,202.0
246.000,distance_traveled_m,48.70353594502244
246.000,route_deviations,2
246.000,investigation_time_s,12.0
246.000,hazard_avoidances,1
246.000,min_hazard_distance_m,4.85061950638682
246.000,collisions,0
246.000,time_below_clearance_s,0.0
246.000,safety_zone_violations,0
246.000,min_ttc_s,16.547165440268845
246.000,avoid_success,1
246.000,avoid_timeout,0
246.000,q_convergence,0.7626816037412906
246.000,update_residual,0.07870904295433766
247.000,anomalies_detected,1
247.000,anomalies_unique,1
247.000,investigation_timeouts,0
247.000,mission_duration_s,203.0
247.000,distance_traveled_m,48.965615944085215
247.000,route_deviations,2
247.000,investigation_time_s,12.0
247.000,hazard_avoidances,1
247.000,min_hazard_distance_m,4.85061950638682
247.000,collisions,0
247.000,time_below_clearance_s,0.0
247.000,safety_zone_violations,0
247.000,min_ttc_s,16.547165440268845
247.000,avoid_success,1
247.000,avoid_timeout,0
247.000,q_convergence,0.6596144697575912
247.000,update_residual,0.06840232955596771
248.000,anomalies_detected,1
248.000,anomalies_unique,1
248.000,investigation_timeouts,0
248.000,mission_duration_s,204.0
248.000,distance_traveled_m,49.21833594324759
248.000,route_deviations,2
248.000,investigation_time_s,12.0
248.000,hazard_avoidances,1
248.000,min_hazard_distance_m,4.85061950638682
248.000,collisions,0
248.000,time_below_clearance_s,0.0
248.000,safety_zone_violations,0
248.000,min_ttc_s,16.547165440268845
248.000,avoid_success,1
248.000,avoid_timeout,0
248.000,q_convergence,1.0502897536081097
248.000,update_residual,0.10695552911161853
249.000,anomalies_detected,1
249.000,anomalies_unique,1
249.000,investigation_timeouts,0
249.000,mission_duration_s,205.0
249.000,distance_traveled_m,49.480415942316334
249.000,route_deviations,2
249.000,investigation_time_s,12.0
249.000,hazard_avoidances,1
249.000,min_hazard_distance_m,4.85061950638682
249.000,collisions,0
249.000,time_below_clearance_s,0.0
249.000,safety_zone_violations,0
249.000,min_ttc_s,16.547165440268845
249.000,avoid_success,1
249.000,avoid_timeout,0
249.000,q_convergence,0.8625736112010339
249.000,update_residual,0.08833211131328073
250.000,anomalies_detected,1
250.000,anomalies_unique,1
250.000,investigation_timeouts,0
250.000,mission_duration_s,206.0
250.000,distance_traveled_m,49.7424959414205
250.000,route_deviations,2
250.000,investigation_time_s,12.0
250.000,hazard_avoidances,1
250.000,min_hazard_distance_m,4.85061950638682
250.000,collisions,0
250.000,time_below_clearance_s,0.0
250.000,safety_zone_violations,0
250.000,min_ttc_s,16.547165440268845
250.000,avoid_success,1
250.000,avoid_timeout,0
250.000,q_convergence,0.7490772589239283
250.000,update_residual,0.07667126355659352
251.000,anomalies_detected,1
251.000,anomalies_unique,1
251.000,investigation_timeouts,0
251.000,mission_duration_s,207.0
251.000,distance_traveled_m,50.00457594053575
251.000,route_deviations,2
251.000,investigation_time_s,12.0
251.000,hazard_avoidances,1
251.000,min_hazard_distance_m,4.85061950638682
251.000,collisions,0
251.000,time_below_clearance_s,0.0
251.000,safety_zone_violations,0
251.000,min_ttc_s,16.547165440268845
251.000,avoid_success,1
251.000,avoid_timeout,0
251.000,q_convergence,0.6488495927898763
251.000,update_residual,0.06638396629355826
252.000,anomalies_detected,1
252.000,anomalies_unique,1
252.000,investigation_timeouts,0
252.000,mission_duration_s,208.0
252.000,distance_traveled_m,50.25729593963488
252.000,route_deviations,2
252.000,investigation_time_s,12.0
252.000,hazard_avoidances,1
252.000,min_hazard_distance_m,4.85061950638682
252.000,collisions,0
252.000,time_below_clearance_s,0.0
252.000,safety_zone_violations,0
252.000,min_ttc_s,16.547165440268845
252.000,avoid_success,1
252.000,avoid_timeout,0
252.000,q_convergence,1.0929180676556338
252.000,update_residual,0.11068374185052181
253.000,anomalies_detected,1
253.000,anomalies_unique,1
253.000,investigation_timeouts,0
253.000,mission_duration_s,209.0
253.000,distance_traveled_m,50.51937593875627
253.000,route_deviations,2
253.000,investigation_time_s,12.0
253.000,hazard_avoidances,1
253.000,min_hazard_distance_m,4.85061950638682
253.000,collisions,0
253.000,time_below_clearance_s,0.0
253.000,safety_zone_violations,0
253.000,min_ttc_s,16.547165440268845
253.000,avoid_success,1
253.000,avoid_timeout,0
253.000,q_convergence,0.8460535298172862
253.000,update_residual,0.08587950894411366
254.000,anomalies_detected,1
254.000,anomalies_unique,1
254.000,investigation_timeouts,0
254.000,mission_duration_s,210.0
254.000,distance_traveled_m,50.78145593788137
254.000,route_deviations,2
254.000,investigation_time_s,12.0
254.000,hazard_avoidances,1
254.000,min_hazard_distance_m,4.85061950638682
254.000,collisions,0
254.000,time_below_clearance_s,0.0
254.000,safety_zone_violations,0
254.000,min_ttc_s,16.547165440268845
254.000,avoid_success,1
254.000,avoid_timeout,0
254.000,q_convergence,0.7355128269214462
254.000,update_residual,0.07482543865452963
255.000,anomalies_detected,1
255.000,anomalies_unique,1
255.000,investigation_timeouts,0
255.000,mission_duration_s,211.0
255.000,distance_traveled_m,51.043535937013665
255.000,route_deviations,2
255.000,investigation_time_s,12.0
255.000,hazard_avoidances,1
255.000,min_hazard_distance_m,4.85061950638682
255.000,collisions,0
255.000,time_below_clearance_s,0.0
255.000,safety_zone_violations,0
255.000,min_ttc_s,16.547165440268845
255.000,avoid_success,1
255.000,avoid_timeout,0
255.000,q_convergence,0.6376547449502
255.000,update_residual,0.06484850706304729
256.000,anomalies_detected,1
256.000,anomalies_unique,1
256.000,investigation_timeouts,0
256.000,mission_duration_s,212.0
256.000,distance_traveled_m,51.30561593616002
256.000,route_deviations,2
256.000,investigation_time_s,12.0
256.000,hazard_avoidances,1
256.000,min_hazard_distance_m,4.85061950638682
256.000,collisions,0
256.000,time_below_clearance_s,0.0
256.000,safety_zone_violations,0
256.000,min_ttc_s,16.547165440268845
256.000,avoid_success,1
256.000,avoid_timeout,0
256.000,q_convergence,1.1431763898629401
256.000,update_residual,0.11517246112034411
257.000,anomalies_detected,1
257.000,anomalies_unique,1
257.000,investigation_timeouts,0
257.000,mission_duration_s,213.0
257.000,distance_traveled_m,51.55833593532016
257.000,route_deviations,2
257.000,investigation_time_s,12.0
257.000,hazard_avoidances,1
257.000,min_hazard_distance_m,4.85061950638682
257.000,collisions,0
257.000,time_below_clearance_s,0.0
257.000,safety_zone_violations,0
257.000,min_ttc_s,16.547165440268845
257.000,avoid_success,1
257.000,avoid_timeout,0
257.000,q_convergence,0.8236519955089834
257.000,update_residual,0.08314769058129802
258.000,anomalies_detected,1
258.000,anomalies_unique,1
258.000,investigation_timeouts,0
258.000,mission_duration_s,214.0
258.000,distance_traveled_m,51.82041593441657
258.000,route_deviations,2
258.000,investigation_time_s,12.0
258.000,hazard_avoidances,1
258.000,min_hazard_distance_m,4.85061950638682
258.000,collisions,0
258.000,time_below_clearance_s,0.0
258.000,safety_zone_violations,0
258.000,min_ttc_s,16.547165440268845
258.000,avoid_success,1
258.000,avoid_timeout,0
258.000,q_convergence,0.7165441850980729
258.000,update_residual,0.07243690954020698
259.000,anomalies_detected,1
259.000,anomalies_unique,1
259.000,investigation_timeouts,0
259.000,mission_duration_s,215.0
259.000,distance_traveled_m,52.08249593355654
259.000,route_deviations,2
259.000,investigation_time_s,12.0
259.000,hazard_avoidances,1
259.000,min_hazard_distance_m,4.85061950638682
259.000,collisions,0
259.000,time_below_clearance_s,0.0
259.000,safety_zone_violations,0
259.000,min_ttc_s,16.547165440268845
259.000,avoid_success,1
259.000,avoid_timeout,0
259.000,q_convergence,0.8784191326316177
259.000,update_residual,0.08845952225501298
260.000,anomalies_detected,1
260.000,anomalies_unique,1
260.000,investigation_timeouts,0
260.000,mission_duration_s,216.0
260.000,distance_traveled_m,52.34457593269743
260.000,route_deviations,2
260.000,investigation_time_s,12.0
260.000,hazard_avoidances,1
260.000,min_hazard_distance_m,4.85061950638682
260.000,collisions,0
260.000,time_below_clearance_s,0.0
260.000,safety_zone_violations,0
260.000,min_ttc_s,16.547165440268845
260.000,avoid_success,1
260.000,avoid_timeout,0
260.000,q_convergence,0.9302623827615902
260.000,update_residual,0.0935915880456228
261.000,anomalies_detected,1
261.000,anomalies_unique,1
261.000,investigation_timeouts,0
261.000,mission_duration_s,217.0
261.000,distance_traveled_m,52.597295931862625
261.000,route_deviations,2
261.000,investigation_time_s,12.0
261.000,hazard_avoidances,1
261.000,min_hazard_distance_m,4.85061950638682
261.000,collisions,0
261.000,time_below_clearance_s,0.0
261.000,safety_zone_violations,0
261.000,min_ttc_s,16.547165440268845
261.000,avoid_success,1
261.000,avoid_timeout,0
261.000,q_convergence,0.8077618386757746
261.000,update_residual,0.08125673117162169
262.000,anomalies_detected,1
262.000,anomalies_unique,1
262.000,investigation_timeouts,0
262.000,mission_duration_s,218.0
262.000,distance_traveled_m,52.85937593099049
262.000,route_deviations,2
262.000,investigation_time_s,12.0
262.000,hazard_avoidances,1
262.000,min_hazard_distance_m,4.85061950638682
262.000,collisions,0
262.000,time_below_clearance_s,0.0
262.000,safety_zone_violations,0
262.000,min_ttc_s,16.547165440268845
262.000,avoid_success,1
262.000,avoid_timeout,0
262.000,q_convergence,0.703134851318393
262.000,update_residual,0.07072195034027687
263.000,anomalies_detected,1
263.000,anomalies_unique,1
263.000,investigation_timeouts,0
263.000,mission_duration_s,219.0
263.000,distance_traveled_m,53.12145593008899
263.000,route_deviations,2
263.000,investigation_time_s,12.0
263.000,hazard_avoidances,1
263.000,min_hazard_distance_m,4.85061950638682
263.000,collisions,0
263.000,time_below_clearance_s,0.0
263.000,safety_zone_violations,0
263.000,min_ttc_s,16.547165440268845
263.000,avoid_success,1
263.000,avoid_timeout,0
263.000,q_convergence,0.9249660155229578
263.000,update_residual,0.0928758906744164
264.000,anomalies_detected,1
264.000,anomalies_unique,1
264.000,investigation_timeouts,0
264.000,mission_duration_s,220.0
264.000,distance_traveled_m,53.38353592921942
264.000,route_deviations,2
264.000,investigation_time_s,12.0
264.000,hazard_avoidances,1
264.000,min_hazard_distance_m,4.85061950638682
264.000,collisions,0
264.000,time_below_clearance_s,0.0
264.000,safety_zone_violations,0
264.000,min_ttc_s,16.547165440268845
264.000,avoid_success,1
264.000,avoid_timeout,0
264.000,q_convergence,0.9118659461458893
264.000,update_residual,0.0915337900417609
265.000,anomalies_detected,1
265.000,anomalies_unique,1
265.000,investigation_timeouts,0
265.000,mission_duration_s,221.0
265.000,distance_traveled_m,53.645615928304885
265.000,route_deviations,2
265.000,investigation_time_s,12.0
265.000,hazard_avoidances,1
265.000,min_hazard_distance_m,4.85061950638682
265.000,collisions,0
265.000,time_below_clearance_s,0.0
265.000,safety_zone_violations,0
265.000,min_ttc_s,16.547165440268845
265.000,avoid_success,1
265.000,avoid_timeout,0
265.000,q_convergence,0.7922297013548495
265.000,update_residual,0.07922297013548497
266.000,anomalies_detected,1
266.000,anomalies_unique,1
266.000,investigation_timeouts,0
266.000,mission_duration_s,222.0
266.000,distance_traveled_m,53.89833592740643
266.000,route_deviations,2
266.000,investigation_time_s,12.0
266.000,hazard_avoidances,1
266.000,min_hazard_distance_m,4.85061950638682
266.000,collisions,0
266.000,time_below_clearance_s,0.0
266.000,safety_zone_violations,0
266.000,min_ttc_s,16.547165440268845
266.000,avoid_success,1
266.000,avoid_timeout,0
266.000,q_convergence,0.6884895951223589
266.000,update_residual,0.0688489595122359
267.000,anomalies_detected,1
267.000,anomalies_unique,1
267.000,investigation_timeouts,0
267.000,mission_duration_s,223.0
267.000,distance_traveled_m,54.160415926410955
267.000,route_deviations,2
267.000,investigation_time_s,12.0
267.000,hazard_avoidances,1
267.000,min_hazard_distance_m,4.85061950638682
267.000,collisions,0
267.000,time_below_clearance_s,0.0
267.000,safety_zone_violations,0
267.000,min_ttc_s,16.547165440268845
267.000,avoid_success,1
267.000,avoid_timeout,0
267.000,q_convergence,0.9823605626282412
267.000,update_residual,0.09823605626282415
268.000,anomalies_detected,1
268.000,anomalies_unique,1
268.000,investigation_timeouts,0
268.000,mission_duration_s,224.0
268.000,distance_traveled_m,54.42249592526088
268.000,route_deviations,2
268.000,investigation_time_s,12.0
268.000,hazard_avoidances,1
268.000,min_hazard_distance_m,4.85061950638682
268.000,collisions,0
268.000,time_below_clearance_s,0.0
268.000,safety_zone_violations,0
268.000,min_ttc_s,16.547165440268845
268.000,avoid_success,1
268.000,avoid_timeout,0
268.000,q_convergence,0.8940776919673346
268.000,update_residual,0.08940776919673343
269.000,anomalies_detected,1
269.000,anomalies_unique,1
269.000,investigation_timeouts,0
269.000,mission_duration_s,225.0
269.000,distance_traveled_m,54.6845759241882
269.000,route_deviations,2
269.000,investigation_time_s,12.0
269.000,hazard_avoidances,1
269.000,min_hazard_distance_m,4.85061950638682
269.000,collisions,0
269.000,time_below_clearance_s,0.0
269.000,safety_zone_violations,0
269.000,min_ttc_s,16.547165440268845
269.000,avoid_success,1
269.000,avoid_timeout,0
269.000,q_convergence,0.7770008964544038
269.000,update_residual,0.07770008964544037
270.000,anomalies_detected,1
270.000,anomalies_unique,1
270.000,investigation_timeouts,0
270.000,mission_duration_s,226.0
270.000,distance_traveled_m,54.937295922510394
270.000,route_deviations,2
270.000,investigation_time_s,12.0
270.000,hazard_avoidances,1
270.000,min_hazard_distance_m,4.85061950638682
270.000,collisions,0
270.000,time_below_clearance_s,0.0
270.000,safety_zone_violations,0
270.000,min_ttc_s,16.547165440268845
270.000,avoid_success,1
270.000,avoid_timeout,0
270.000,q_convergence,0.6752549566050522
270.000,update_residual,0.06752549566050521
271.000,anomalies_detected,1
271.000,anomalies_unique,1
271.000,investigation_timeouts,0
271.000,mission_duration_s,227.0
271.000,distance_traveled_m,55.19937592080609
271.000,route_deviations,2
271.000,investigation_time_s,12.0
271.000,hazard_avoidances,1
271.000,min_hazard_distance_m,4.85061950638682
271.000,collisions,0
271.000,time_below_clearance_s,0.0
271.000,safety_zone_violations,0
271.000,min_ttc_s,16.547165440268845
271.000,avoid_success,1
271.000,avoid_timeout,0
271.000,q_convergence,1.1680724250520125
271.000,update_residual,0.23579793411389438
272.000,anomalies_detected,2
272.000,anomalies_unique,1
272.000,investigation_timeouts,0
272.000,mission_duration_s,228.0
272.000,distance_traveled_m,55.38691510358231
272.000,route_deviations,3
272.000,investigation_time_s,12.800000000000011
272.000,hazard_avoidances,1
272.000,min_hazard_distance_m,4.85061950638682
272.000,collisions,0
272.000,time_below_clearance_s,0.0
272.000,safety_zone_violations,0
272.000,min_ttc_s,16.547165440268845
272.000,avoid_success,1
272.000,avoid_timeout,0
272.000,q_convergence,0.7013289721972569
272.000,update_residual,0.21370885613757334
273.000,anomalies_detected,2
273.000,anomalies_unique,1
273.000,investigation_timeouts,0
273.000,mission_duration_s,229.0
273.000,distance_traveled_m,55.59072928170915
273.000,route_deviations,3
273.000,investigation_time_s,13.800000000000011
273.000,hazard_avoidances,1
273.000,min_hazard_distance_m,4.85061950638682
273.000,collisions,0
273.000,time_below_clearance_s,0.0
273.000,safety_zone_violations,0
273.000,min_ttc_s,16.547165440268845
273.000,avoid_success,1
273.000,avoid_timeout,0
273.000,q_convergence,0.41763649489715166
273.000,update_residual,0.1898542023209604
274.000,anomalies_detected,2
274.000,anomalies_unique,1
274.000,investigation_timeouts,0
274.000,mission_duration_s,230.0
274.000,distance_traveled_m,55.852808996099434
274.000,route_deviations,3
274.000,investigation_time_s,14.800000000000011
274.000,hazard_avoidances,1
274.000,min_hazard_distance_m,4.85061950638682
274.000,collisions,0
274.000,time_below_clearance_s,0.0
274.000,safety_zone_violations,0
274.000,min_ttc_s,16.547165440268845
274.000,avoid_success,1
274.000,avoid_timeout,0
274.000,q_convergence,0.183392351787945
274.000,update_residual,0.14421620508535296
275.000,anomalies_detected,2
275.000,anomalies_unique,1
275.000,investigation_timeouts,0
275.000,mission_duration_s,231.0
275.000,distance_traveled_m,56.105528992646846
275.000,route_deviations,3
275.000,investigation_time_s,15.800000000000011
275.000,hazard_avoidances,1
275.000,min_hazard_distance_m,4.85061950638682
275.000,collisions,0
275.000,time_below_clearance_s,0.0
275.000,safety_zone_violations,0
275.000,min_ttc_s,16.547165440268845
275.000,avoid_success,1
275.000,avoid_timeout,0
275.000,q_convergence,0.03799101203600751
275.000,update_residual,0.10767094060084205
276.000,anomalies_detected,2
276.000,anomalies_unique,1
276.000,investigation_timeouts,0
276.000,mission_duration_s,232.0
276.000,distance_traveled_m,56.36760898924942
276.000,route_deviations,3
276.000,investigation_time_s,16.80000000000001
276.000,hazard_avoidances,1
276.000,min_hazard_distance_m,4.85061950638682
276.000,collisions,0
276.000,time_below_clearance_s,0.0
276.000,safety_zone_violations,0
276.000,min_ttc_s,16.547165440268845
276.000,avoid_success,1
276.000,avoid_timeout,0
276.000,q_convergence,1.1787897964363994
276.000,update_residual,0.20215540681471456
277.000,anomalies_detected,2
277.000,anomalies_unique,1
277.000,investigation_timeouts,0
277.000,mission_duration_s,233.0
277.000,distance_traveled_m,56.62968898809355
277.000,route_deviations,3
277.000,investigation_time_s,17.80000000000001
277.000,hazard_avoidances,1
277.000,min_hazard_distance_m,4.85061950638682
277.000,collisions,0
277.000,time_below_clearance_s,0.0
277.000,safety_zone_violations,0
277.000,min_ttc_s,16.547165440268845
277.000,avoid_success,1
277.000,avoid_timeout,0
277.000,q_convergence,0.8004238374306769
277.000,update_residual,0.17098849450055617
278.000,anomalies_detected,2
278.000,anomalies_unique,1
278.000,investigation_timeouts,0
278.000,mission_duration_s,234.0
278.000,distance_traveled_m,56.891768985539066
278.000,route_deviations,3
278.000,investigation_time_s,18.80000000000001
278.000,hazard_avoidances,1
278.000,min_hazard_distance_m,4.85061950638682
278.000,collisions,0
278.000,time_below_clearance_s,0.0
278.000,safety_zone_violations,0
278.000,min_ttc_s,16.547165440268845
278.000,avoid_success,1
278.000,avoid_timeout,0
278.000,q_convergence,1.0101125221019207
278.000,update_residual,0.18546121219928852
279.000,anomalies_detected,2
279.000,anomalies_unique,1
279.000,investigation_timeouts,0
279.000,mission_duration_s,235.0
279.000,distance_traveled_m,57.144488981479796
279.000,route_deviations,3
279.000,investigation_time_s,19.80000000000001
279.000,hazard_avoidances,1
279.000,min_hazard_distance_m,4.85061950638682
279.000,collisions,0
279.000,time_below_clearance_s,0.0
279.000,safety_zone_violations,0
279.000,min_ttc_s,16.547165440268845
279.000,avoid_success,1
279.000,avoid_timeout,0
279.000,q_convergence,0.789537530347076
279.000,update_residual,0.1562579471785728
280.000,anomalies_detected,2
280.000,anomalies_unique,1
280.000,investigation_timeouts,0
280.000,mission_duration_s,236.0
280.000,distance_traveled_m,57.40656897475959
280.000,route_deviations,3
280.000,investigation_time_s,20.80000000000001
280.000,hazard_avoidances,1
280.000,min_hazard_distance_m,4.85061950638682
280.000,collisions,0
280.000,time_below_clearance_s,0.0
280.000,safety_zone_violations,0
280.000,min_ttc_s,16.547165440268845
280.000,avoid_success,1
280.000,avoid_timeout,0
280.000,q_convergence,0.5882517644455384
280.000,update_residual,0.13612937058841904
281.000,anomalies_detected,2
281.000,anomalies_unique,1
281.000,investigation_timeouts,0
281.000,mission_duration_s,237.0
281.000,distance_traveled_m,57.61590848780631
281.000,route_deviations,3
281.000,investigation_time_s,21.80000000000001
281.000,hazard_avoidances,1
281.000,min_hazard_distance_m,4.85061950638682
281.000,collisions,0
281.000,time_below_clearance_s,0.0
281.000,safety_zone_violations,0
281.000,min_ttc_s,16.547165440268845
281.000,avoid_success,1
281.000,avoid_timeout,0
281.000,q_convergence,1.1896010120131688
281.000,update_residual,0.17997519729343905
282.000,anomalies_detected,2
282.000,anomalies_unique,1
282.000,investigation_timeouts,0
282.000,mission_duration_s,238.0
282.000,distance_traveled_m,57.61590848784136
282.000,route_deviations,3
282.000,investigation_time_s,22.80000000000001
282.000,hazard_avoidances,1
282.000,min_hazard_distance_m,4.85061950638682
282.000,collisions,0
282.000,time_below_clearance_s,0.0
282.000,safety_zone_violations,0
282.000,min_ttc_s,16.547165440268845
282.000,avoid_success,1
282.000,avoid_timeout,0
282.000,q_convergence,0.7030291125625519
282.000,update_residual,0.1261551915251978
283.000,anomalies_detected,2
283.000,anomalies_unique,1
283.000,investigation_timeouts,0
283.000,mission_duration_s,239.0
283.000,distance_traveled_m,57.61590848784584
283.000,route_deviations,3
283.000,investigation_time_s,23.80000000000001
283.000,hazard_avoidances,1
283.000,min_hazard_distance_m,4.85061950638682
283.000,collisions,0
283.000,time_below_clearance_s,0.0
283.000,safety_zone_violations,0
283.000,min_ttc_s,16.547165440268845
283.000,avoid_success,1
283.000,avoid_timeout,0
283.000,q_convergence,0.5432501373440299
283.000,update_residual,0.10179945196300422
284.000,anomalies_detected,2
284.000,anomalies_unique,1
284.000,investigation_timeouts,0
284.000,mission_duration_s,240.0
284.000,distance_traveled_m,57.615908487846994
284.000,route_deviations,3
284.000,investigation_time_s,24.600000000000023
284.000,hazard_avoidances,1
284.000,min_hazard_distance_m,4.85061950638682
284.000,collisions,0
284.000,time_below_clearance_s,0.0
284.000,safety_zone_violations,0
284.000,min_ttc_s,16.547165440268845
284.000,avoid_success,1
284.000,avoid_timeout,0
284.000,q_convergence,0.4145516531378187
284.000,update_residual,0.08180843780809288
285.000,anomalies_detected,2
285.000,anomalies_unique,2
285.000,investigation_timeouts,0
285.000,mission_duration_s,241.0
285.000,distance_traveled_m,57.73859907795091
285.000,route_deviations,3
285.000,investigation_time_s,24.600000000000023
285.000,hazard_avoidances,1
285.000,min_hazard_distance_m,4.85061950638682
285.000,collisions,0
285.000,time_below_clearance_s,0.0
285.000,safety_zone_violations,0
285.000,min_ttc_s,16.547165440268845
285.000,avoid_success,1
285.000,avoid_timeout,0
285.000,q_convergence,0.3129443349918671
285.000,update_residual,0.0655947151193511
286.000,anomalies_detected,2
286.000,anomalies_unique,2
286.000,investigation_timeouts,0
286.000,mission_duration_s,242.0
286.000,distance_traveled_m,57.79146095896514
286.000,route_deviations,3
286.000,investigation_time_s,24.600000000000023
286.000,hazard_avoidances,1
286.000,min_hazard_distance_m,4.85061950638682
286.000,collisions,0
286.000,time_below_clearance_s,0.0
286.000,safety_zone_violations,0
286.000,min_ttc_s,16.547165440268845
286.000,avoid_success,1
286.000,avoid_timeout,0
286.000,q_convergence,0.2285134153849096
286.000,update_residual,0.05715162315865532
287.000,anomalies_detected,2
287.000,anomalies_unique,2
287.000,investigation_timeouts,0
287.000,mission_duration_s,243.0
287.000,distance_traveled_m,58.04326403169723
287.000,route_deviations,3
287.000,investigation_time_s,24.600000000000023
287.000,hazard_avoidances,1
287.000,min_hazard_distance_m,4.85061950638682
287.000,collisions,0
287.000,time_below_clearance_s,0.0
287.000,safety_zone_violations,0
287.000,min_ttc_s,16.547165440268845
287.000,avoid_success,1
287.000,avoid_timeout,0
287.000,q_convergence,0.1570020800404089
287.000,update_residual,0.044855447381180594
288.000,anomalies_detected,2
288.000,anomalies_unique,2
288.000,investigation_timeouts,0
288.000,mission_duration_s,244.0
288.000,distance_traveled_m,58.295983961434914
288.000,route_deviations,3
288.000,investigation_time_s,24.600000000000023
288.000,hazard_avoidances,1
288.000,min_hazard_distance_m,4.85061950638682
288.000,collisions,0
288.000,time_below_clearance_s,0.0
288.000,safety_zone_violations,0
288.000,min_ttc_s,16.547165440268845
288.000,avoid_success,1
288.000,avoid_timeout,0
288.000,q_convergence,1.2483565114618815
288.000,update_residual,0.15190837342496075
289.000,anomalies_detected,2
289.000,anomalies_unique,2
289.000,investigation_timeouts,0
289.000,mission_duration_s,245.0
289.000,distance_traveled_m,58.55806392638933
289.000,route_deviations,3
289.000,investigation_time_s,24.600000000000023
289.000,hazard_avoidances,1
289.000,min_hazard_distance_m,4.85061950638682
289.000,collisions,0
289.000,time_below_clearance_s,0.0
289.000,safety_zone_violations,0
289.000,min_ttc_s,16.547165440268845
289.000,avoid_success,1
289.000,avoid_timeout,0
289.000,q_convergence,0.8176932525545513
289.000,update_residual,0.10655127872602387
290.000,anomalies_detected,2
290.000,anomalies_unique,2
290.000,investigation_timeouts,0
290.000,mission_duration_s,246.0
290.000,distance_traveled_m,58.820143922113445
290.000,route_deviations,3
290.000,investigation_time_s,24.600000000000023
290.000,hazard_avoidances,1
290.000,min_hazard_distance_m,4.85061950638682
290.000,collisions,0
290.000,time_below_clearance_s,0.0
290.000,safety_zone_violations,0
290.000,min_ttc_s,16.547165440268845
290.000,avoid_success,1
290.000,avoid_timeout,0
290.000,q_convergence,0.6829484260397278
290.000,update_residual,0.08935950305395621
291.000,anomalies_detected,2
291.000,anomalies_unique,2
291.000,investigation_timeouts,0
291.000,mission_duration_s,247.0
291.000,distance_traveled_m,59.08222391369513
291.000,route_deviations,3
291.000,investigation_time_s,24.600000000000023
291.000,hazard_avoidances,1
291.000,min_hazard_distance_m,4.85061950638682
291.000,collisions,0
291.000,time_below_clearance_s,0.0
291.000,safety_zone_violations,0
291.000,min_ttc_s,16.547165440268845
291.000,avoid_success,1
291.000,avoid_timeout,0
291.000,q_convergence,0.9885003236734375
291.000,update_residual,0.11841007421375696
292.000,anomalies_detected,2
292.000,anomalies_unique,2
292.000,investigation_timeouts,0
292.000,mission_duration_s,248.0
292.000,distance_traveled_m,59.344303907804765
292.000,route_deviations,3
292.000,investigation_time_s,24.600000000000023
292.000,hazard_avoidances,1
292.000,min_hazard_distance_m,4.85061950638682
292.000,collisions,0
292.000,time_below_clearance_s,0.0
292.000,safety_zone_violations,0
292.000,min_ttc_s,16.547165440268845
292.000,avoid_success,1
292.000,avoid_timeout,0
292.000,q_convergence,0.8683966526570867
292.000,update_residual,0.10474462664819462
293.000,anomalies_detected,2
293.000,anomalies_unique,2
293.000,investigation_timeouts,0
293.000,mission_duration_s,249.0
293.000,distance_traveled_m,59.597023901981494
293.000,route_deviations,3
293.000,investigation_time_s,24.600000000000023
293.000,hazard_avoidances,1
293.000,min_hazard_distance_m,4.85061950638682
293.000,collisions,0
293.000,time_below_clearance_s,0.0
293.000,safety_zone_violations,0
293.000,min_ttc_s,16.547165440268845
293.000,avoid_success,1
293.000,avoid_timeout,0
293.000,q_convergence,0.7329734181871926
293.000,update_residual,0.0885165589938323
294.000,anomalies_detected,2
294.000,anomalies_unique,2
294.000,investigation_timeouts,0
294.000,mission_duration_s,250.0
294.000,distance_traveled_m,59.85910389991153
294.000,route_deviations,3
294.000,investigation_time_s,24.600000000000023
294.000,hazard_avoidances,1
294.000,min_hazard_distance_m,4.85061950638682
294.000,collisions,0
294.000,time_below_clearance_s,0.0
294.000,safety_zone_violations,0
294.000,min_ttc_s,16.547165440268845
294.000,avoid_success,1
294.000,avoid_timeout,0
294.000,q_convergence,0.6203734866336833
294.000,update_residual,0.07497368326221442
295.000,anomalies_detected,2
295.000,anomalies_unique,2
295.000,investigation_timeouts,0
295.000,mission_duration_s,251.0
295.000,distance_traveled_m,60.12118382423287
295.000,route_deviations,3
295.000,investigation_time_s,24.600000000000023
295.000,hazard_avoidances,1
295.000,min_hazard_distance_m,4.85061950638682
295.000,collisions,0
295.000,time_below_clearance_s,0.0
295.000,safety_zone_violations,0
295.000,min_ttc_s,16.547165440268845
295.000,avoid_success,1
295.000,avoid_timeout,0
295.000,q_convergence,1.0745861463521074
295.000,update_residual,0.11947092533413928
296.000,anomalies_detected,2
296.000,anomalies_unique,2
296.000,investigation_timeouts,0
296.000,mission_duration_s,252.0
296.000,distance_traveled_m,60.36149237976707
296.000,route_deviations,3
296.000,investigation_time_s,24.600000000000023
296.000,hazard_avoidances,1
296.000,min_hazard_distance_m,4.85061950638682
296.000,collisions,0
296.000,time_below_clearance_s,0.0
296.000,safety_zone_violations,0
296.000,min_ttc_s,16.547165440268845
296.000,avoid_success,1
296.000,avoid_timeout,0
296.000,q_convergence,0.9561282717649794
296.000,update_residual,0.10582329127058719
297.000,anomalies_detected,2
297.000,anomalies_unique,2
297.000,investigation_timeouts,0
297.000,mission_duration_s,253.0
297.000,distance_traveled_m,60.429197784935546
297.000,route_deviations,3
297.000,investigation_time_s,24.600000000000023
297.000,hazard_avoidances,1
297.000,min_hazard_distance_m,4.85061950638682
297.000,collisions,0
297.000,time_below_clearance_s,0.0
297.000,safety_zone_violations,0
297.000,min_ttc_s,16.547165440268845
297.000,avoid_success,1
297.000,avoid_timeout,0
297.000,q_convergence,0.8302600098264046
297.000,update_residual,0.09237250273030675
298.000,anomalies_detected,2
298.000,anomalies_unique,2
298.000,investigation_timeouts,0
298.000,mission_duration_s,254.0
298.000,distance_traveled_m,60.50432218337273
298.000,route_deviations,3
298.000,investigation_time_s,24.600000000000023
298.000,hazard_avoidances,1
298.000,min_hazard_distance_m,4.85061950638682
298.000,collisions,0
298.000,time_below_clearance_s,0.0
298.000,safety_zone_violations,0
298.000,min_ttc_s,16.547165440268845
298.000,avoid_success,1
298.000,avoid_timeout,0
298.000,q_convergence,0.7112691341875282
298.000,update_residual,0.08047341516641911
299.000,anomalies_detected,2
299.000,anomalies_unique,2
299.000,investigation_timeouts,0
299.000,mission_duration_s,255.0
299.000,distance_traveled_m,60.51025470935331
299.000,route_deviations,3
299.000,investigation_time_s,24.600000000000023
299.000,hazard_avoidances,1
299.000,min_hazard_distance_m,4.85061950638682
299.000,collisions,0
299.000,time_below_clearance_s,0.0
299.000,safety_zone_violations,0
299.000,min_ttc_s,16.547165440268845
299.000,avoid_success,1
299.000,avoid_timeout,0
299.000,q_convergence,0.6085935179522165
299.000,update_residual,0.06880387828073799
300.000,anomalies_detected,2
300.000,anomalies_unique,2
300.000,investigation_timeouts,0
300.000,mission_duration_s,256.0
300.000,distance_traveled_m,60.64424136543368
300.000,route_deviations,3
300.000,investigation_time_s,24.600000000000023
300.000,hazard_avoidances,1
300.000,min_hazard_distance_m,4.85061950638682
300.000,collisions,0
300.000,time_below_clearance_s,0.0
300.000,safety_zone_violations,0
300.000,min_ttc_s,16.547165440268845
300.000,avoid_success,1
300.000,avoid_timeout,0
300.000,q_convergence,0.5184969003949045
300.000,update_residual,0.059794216525006806
301.000,anomalies_detected,2
301.000,anomalies_unique,2
301.000,investigation_timeouts,0
301.000,mission_duration_s,257.0
301.000,distance_traveled_m,60.72071672771421
301.000,route_deviations,3
301.000,investigation_time_s,24.600000000000023
301.000,hazard_avoidances,1
301.000,min_hazard_distance_m,4.85061950638682
301.000,collisions,0
301.000,time_below_clearance_s,0.0
301.000,safety_zone_violations,0
301.000,min_ttc_s,16.547165440268845
301.000,avoid_success,1
301.000,avoid_timeout,0
301.000,q_convergence,0.4409687553348257
301.000,update_residual,0.05084972304617148
302.000,anomalies_detected,2
302.000,anomalies_unique,2
302.000,investigation_timeouts,0
302.000,mission_duration_s,258.0
302.000,distance_traveled_m,60.94433949688485
302.000,route_deviations,3
302.000,investigation_time_s,24.600000000000023
302.000,hazard_avoidances,1
302.000,min_hazard_distance_m,4.85061950638682
302.000,collisions,0
302.000,time_below_clearance_s,0.0
302.000,safety_zone_violations,0
302.000,min_ttc_s,16.547165440268845
302.000,avoid_success,1
302.000,avoid_timeout,0
302.000,q_convergence,0.3750375680014418
302.000,update_residual,0.04324367718592973
303.000,anomalies_detected,2
303.000,anomalies_unique,2
303.000,investigation_timeouts,0
303.000,mission_duration_s,259.0
303.000,distance_traveled_m,61.206419167342276
303.000,route_deviations,3
303.000,investigation_time_s,24.600000000000023
303.000,hazard_avoidances,1
303.000,min_hazard_distance_m,4.85061950638682
303.000,collisions,0
303.000,time_below_clearance_s,0.0
303.000,safety_zone_violations,0
303.000,min_ttc_s,16.547165440268845
303.000,avoid_success,1
303.000,avoid_timeout,0
303.000,q_convergence,0.3193326464922568
303.000,update_residual,0.03767318503501124
304.000,anomalies_detected,2
304.000,anomalies_unique,2
304.000,investigation_timeouts,0
304.000,mission_duration_s,260.0
304.000,distance_traveled_m,61.468499082660905
304.000,route_deviations,3
304.000,investigation_time_s,24.600000000000023
304.000,hazard_avoidances,1
304.000,min_hazard_distance_m,4.85061950638682
304.000,collisions,0
304.000,time_below_clearance_s,0.0
304.000,safety_zone_violations,0
304.000,min_ttc_s,16.547165440268845
304.000,avoid_success,1
304.000,avoid_timeout,0
304.000,q_convergence,0.27139796615973727
304.000,update_residual,0.03201872894389145
305.000,anomalies_detected,2
305.000,anomalies_unique,2
305.000,investigation_timeouts,0
305.000,mission_duration_s,261.0
305.000,distance_traveled_m,61.73057907718041
305.000,route_deviations,3
305.000,investigation_time_s,24.600000000000023
305.000,hazard_avoidances,1
305.000,min_hazard_distance_m,4.85061950638682
305.000,collisions,0
305.000,time_below_clearance_s,0.0
305.000,safety_zone_violations,0
305.000,min_ttc_s,16.547165440268845
305.000,avoid_success,1
305.000,avoid_timeout,0
305.000,q_convergence,0.9091326327878975
305.000,update_residual,0.09476413486618196
306.000,anomalies_detected,2
306.000,anomalies_unique,2
306.000,investigation_timeouts,0
306.000,mission_duration_s,262.0
306.000,distance_traveled_m,61.98329900966165
306.000,route_deviations,3
306.000,investigation_time_s,24.600000000000023
306.000,hazard_avoidances,1
306.000,min_hazard_distance_m,4.85061950638682
306.000,collisions,0
306.000,time_below_clearance_s,0.0
306.000,safety_zone_violations,0
306.000,min_ttc_s,16.547165440268845
306.000,avoid_success,1
306.000,avoid_timeout,0
306.000,q_convergence,0.9513169932522667
306.000,update_residual,0.09840494017451006
307.000,anomalies_detected,2
307.000,anomalies_unique,2
307.000,investigation_timeouts,0
307.000,mission_duration_s,263.0
307.000,distance_traveled_m,62.24537900664458
307.000,route_deviations,3
307.000,investigation_time_s,24.600000000000023
307.000,hazard_avoidances,1
307.000,min_hazard_distance_m,4.85061950638682
307.000,collisions,0
307.000,time_below_clearance_s,0.0
307.000,safety_zone_violations,0
307.000,min_ttc_s,16.547165440268845
307.000,avoid_success,1
307.000,avoid_timeout,0
307.000,q_convergence,0.8696474111096207
307.000,update_residual,0.09048976971788265
308.000,anomalies_detected,2
308.000,anomalies_unique,2
308.000,investigation_timeouts,0
308.000,mission_duration_s,264.0
308.000,distance_traveled_m,62.507459002138994
308.000,route_deviations,3
308.000,investigation_time_s,24.600000000000023
308.000,hazard_avoidances,1
308.000,min_hazard_distance_m,4.85061950638682
308.000,collisions,0
308.000,time_below_clearance_s,0.0
308.000,safety_zone_violations,0
308.000,min_ttc_s,16.547165440268845
308.000,avoid_success,1
308.000,avoid_timeout,0
308.000,q_convergence,0.7535144781394657
308.000,update_residual,0.07834772212982907
309.000,anomalies_detected,2
309.000,anomalies_unique,2
309.000,investigation_timeouts,0
309.000,mission_duration_s,265.0
309.000,distance_traveled_m,62.769538964809065
309.000,route_deviations,3
309.000,investigation_time_s,24.600000000000023
309.000,hazard_avoidances,1
309.000,min_hazard_distance_m,4.85061950638682
309.000,collisions,0
309.000,time_below_clearance_s,0.0
309.000,safety_zone_violations,0
309.000,min_ttc_s,16.547165440268845
309.000,avoid_success,1
309.000,avoid_timeout,0
309.000,q_convergence,0.6509204829519313
309.000,update_residual,0.06808832261107564
310.000,anomalies_detected,2
310.000,anomalies_unique,2
310.000,investigation_timeouts,0
310.000,mission_duration_s,266.0
310.000,distance_traveled_m,63.03161885686807
310.000,route_deviations,3
310.000,investigation_time_s,24.600000000000023
310.000,hazard_avoidances,1
310.000,min_hazard_distance_m,4.85061950638682
310.000,collisions,0
310.000,time_below_clearance_s,0.0
310.000,safety_zone_violations,0
310.000,min_ttc_s,16.547165440268845
310.000,avoid_success,1
310.000,avoid_timeout,0
310.000,q_convergence,1.0200894055038985
310.000,update_residual,0.10437385706399707
311.000,anomalies_detected,2
311.000,anomalies_unique,2
311.000,investigation_timeouts,0
311.000,mission_duration_s,267.0
311.000,distance_traveled_m,63.28433884095573
311.000,route_deviations,3
311.000,investigation_time_s,24.600000000000023
311.000,hazard_avoidances,1
311.000,min_hazard_distance_m,4.85061950638682
311.000,collisions,0
311.000,time_below_clearance_s,0.0
311.000,safety_zone_violations,0
311.000,min_ttc_s,16.547165440268845
311.000,avoid_success,1
311.000,avoid_timeout,0
311.000,q_convergence,0.8731801297126743
311.000,update_residual,0.08986484613976753
312.000,anomalies_detected,2
312.000,anomalies_unique,2
312.000,investigation_timeouts,0
312.000,mission_duration_s,268.0
312.000,distance_traveled_m,63.54641877488466
312.000,route_deviations,3
312.000,investigation_time_s,24.600000000000023
312.000,hazard_avoidances,1
312.000,min_hazard_distance_m,4.85061950638682
312.000,collisions,0
312.000,time_below_clearance_s,0.0
312.000,safety_zone_violations,0
312.000,min_ttc_s,16.547165440268845
312.000,avoid_success,1
312.000,avoid_timeout,0
312.000,q_convergence,0.7576577985808917
312.000,update_residual,0.07793058805131427
313.000,anomalies_detected,2
313.000,anomalies_unique,2
313.000,investigation_timeouts,0
313.000,mission_duration_s,269.0
313.000,distance_traveled_m,63.80849876679007
313.000,route_deviations,3
313.000,investigation_time_s,24.600000000000023
313.000,hazard_avoidances,1
313.000,min_hazard_distance_m,4.85061950638682
313.000,collisions,0
313.000,time_below_clearance_s,0.0
313.000,safety_zone_violations,0
313.000,min_ttc_s,16.547165440268845
313.000,avoid_success,1
313.000,avoid_timeout,0
313.000,q_convergence,1.078541951402903
313.000,update_residual,0.10956284732137156
314.000,anomalies_detected,2
314.000,anomalies_unique,2
314.000,investigation_timeouts,0
314.000,mission_duration_s,270.0
314.000,distance_traveled_m,64.07057876206655
314.000,route_deviations,3
314.000,investigation_time_s,24.600000000000023
314.000,hazard_avoidances,1
314.000,min_hazard_distance_m,4.85061950638682
314.000,collisions,0
314.000,time_below_clearance_s,0.0
314.000,safety_zone_violations,0
314.000,min_ttc_s,16.547165440268845
314.000,avoid_success,1
314.000,avoid_timeout,0
314.000,q_convergence,0.813572593067515
314.000,update_residual,0.08319734627099283
315.000,anomalies_detected,2
315.000,anomalies_unique,2
315.000,investigation_timeouts,0
315.000,mission_duration_s,271.0
315.000,distance_traveled_m,64.3232987326258
315.000,route_deviations,3
315.000,investigation_time_s,24.600000000000023
315.000,hazard_avoidances,1
315.000,min_hazard_distance_m,4.85061950638682
315.000,collisions,0
315.000,time_below_clearance_s,0.0
315.000,safety_zone_violations,0
315.000,min_ttc_s,16.547165440268845
315.000,avoid_success,1
315.000,avoid_timeout,0
315.000,q_convergence,1.0115709157216488
315.000,update_residual,0.22085565949971267
316.000,anomalies_detected,3
316.000,anomalies_unique,2
316.000,investigation_timeouts,0
316.000,mission_duration_s,272.0
316.000,distance_traveled_m,64.58537600434853
316.000,route_deviations,4
316.000,investigation_time_s,25.400000000000034
316.000,hazard_avoidances,1
316.000,min_hazard_distance_m,4.85061950638682
316.000,collisions,0
316.000,time_below_clearance_s,0.0
316.000,safety_zone_violations,0
316.000,min_ttc_s,16.547165440268845
316.000,avoid_success,1
316.000,avoid_timeout,0
316.000,q_convergence,0.6516311782300742
316.000,update_residual,0.20471398384914904
317.000,anomalies_detected,3
317.000,anomalies_unique,2
317.000,investigation_timeouts,0
317.000,mission_duration_s,273.0
317.000,distance_traveled_m,64.84745374246592
317.000,route_deviations,4
317.000,investigation_time_s,26.400000000000034
317.000,hazard_avoidances,1
317.000,min_hazard_distance_m,4.85061950638682
317.000,collisions,0
317.000,time_below_clearance_s,0.0
317.000,safety_zone_violations,0
317.000,min_ttc_s,16.547165440268845
317.000,avoid_success,1
317.000,avoid_timeout,0
317.000,q_convergence,0.38488356722733974
317.000,update_residual,0.18240098392050091
318.000,anomalies_detected,3
318.000,anomalies_unique,2
318.000,investigation_timeouts,0
318.000,mission_duration_s,274.0
318.000,distance_traveled_m,65.10953372778576
318.000,route_deviations,4
318.000,investigation_time_s,27.400000000000034
318.000,hazard_avoidances,1
318.000,min_hazard_distance_m,4.85061950638682
318.000,collisions,0
318.000,time_below_clearance_s,0.0
318.000,safety_zone_violations,0
318.000,min_ttc_s,16.547165440268845
318.000,avoid_success,1
318.000,avoid_timeout,0
318.000,q_convergence,0.787251692416537
318.000,update_residual,0.19239382597109728
319.000,anomalies_detected,3
319.000,anomalies_unique,2
319.000,investigation_timeouts,0
319.000,mission_duration_s,275.0
319.000,distance_traveled_m,65.37161371173231
319.000,route_deviations,4
319.000,investigation_time_s,28.400000000000034
319.000,hazard_avoidances,1
319.000,min_hazard_distance_m,4.85061950638682
319.000,collisions,0
319.000,time_below_clearance_s,0.0
319.000,safety_zone_violations,0
319.000,min_ttc_s,16.547165440268845
319.000,avoid_success,1
319.000,avoid_timeout,0
319.000,q_convergence,0.8680522409855731
319.000,update_residual,0.19085576372012483
320.000,anomalies_detected,3
320.000,anomalies_unique,2
320.000,investigation_timeouts,0
320.000,mission_duration_s,276.0
320.000,distance_traveled_m,65.62433369314776
320.000,route_deviations,4
320.000,investigation_time_s,29.400000000000034
320.000,hazard_avoidances,1
320.000,min_hazard_distance_m,4.85061950638682
320.000,collisions,0
320.000,time_below_clearance_s,0.0
320.000,safety_zone_violations,0
320.000,min_ttc_s,16.547165440268845
320.000,avoid_success,1
320.000,avoid_timeout,0
320.000,q_convergence,0.6282248613328104
320.000,update_residual,0.15126544481161347
321.000,anomalies_detected,3
321.000,anomalies_unique,2
321.000,investigation_timeouts,0
321.000,mission_duration_s,277.0
321.000,distance_traveled_m,65.88641367427383
321.000,route_deviations,4
321.000,investigation_time_s,30.400000000000034
321.000,hazard_avoidances,1
321.000,min_hazard_distance_m,4.85061950638682
321.000,collisions,0
321.000,time_below_clearance_s,0.0
321.000,safety_zone_violations,0
321.000,min_ttc_s,16.547165440268845
321.000,avoid_success,1
321.000,avoid_timeout,0
321.000,q_convergence,0.43337025417131547
321.000,update_residual,0.13177998409546396
322.000,anomalies_detected,3
322.000,anomalies_unique,2
322.000,investigation_timeouts,0
322.000,mission_duration_s,278.0
322.000,distance_traveled_m,66.1484936722402
322.000,route_deviations,4
322.000,investigation_time_s,31.400000000000034
322.000,hazard_avoidances,1
322.000,min_hazard_distance_m,4.85061950638682
322.000,collisions,0
322.000,time_below_clearance_s,0.0
322.000,safety_zone_violations,0
322.000,min_ttc_s,16.547165440268845
322.000,avoid_success,1
322.000,avoid_timeout,0
322.000,q_convergence,1.2136081575807418
322.000,update_residual,0.19116757957204375
323.000,anomalies_detected,3
323.000,anomalies_unique,2
323.000,investigation_timeouts,0
323.000,mission_duration_s,279.0
323.000,distance_traveled_m,66.41057366426584
323.000,route_deviations,4
323.000,investigation_time_s,32.400000000000034
323.000,hazard_avoidances,1
323.000,min_hazard_distance_m,4.85061950638682
323.000,collisions,0
323.000,time_below_clearance_s,0.0
323.000,safety_zone_violations,0
323.000,min_ttc_s,16.547165440268845
323.000,avoid_success,1
323.000,avoid_timeout,0
323.000,q_convergence,0.9631909077569611
323.000,update_residual,0.15565484001757018
324.000,anomalies_detected,3
324.000,anomalies_unique,2
324.000,investigation_timeouts,0
324.000,mission_duration_s,280.0
324.000,distance_traveled_m,66.57744338407876
324.000,route_deviations,4
324.000,investigation_time_s,33.400000000000034
324.000,hazard_avoidances,1
324.000,min_hazard_distance_m,4.85061950638682
324.000,collisions,0
324.000,time_below_clearance_s,0.0
324.000,safety_zone_violations,0
324.000,min_ttc_s,16.547165440268845
324.000,avoid_success,1
324.000,avoid_timeout,0
324.000,q_convergence,0.7401465596891114
324.000,update_residual,0.12832968796724206
325.000,anomalies_detected,3
325.000,anomalies_unique,2
325.000,investigation_timeouts,0
325.000,mission_duration_s,281.0
325.000,distance_traveled_m,66.57744338408258
325.000,route_deviations,4
325.000,investigation_time_s,34.400000000000034
325.000,hazard_avoidances,1
325.000,min_hazard_distance_m,4.85061950638682
325.000,collisions,0
325.000,time_below_clearance_s,0.0
325.000,safety_zone_violations,0
325.000,min_ttc_s,16.547165440268845
325.000,avoid_success,1
325.000,avoid_timeout,0
325.000,q_convergence,0.5748369546622908
325.000,update_residual,0.11179872746456
326.000,anomalies_detected,3
326.000,anomalies_unique,2
326.000,investigation_timeouts,0
326.000,mission_duration_s,282.0
326.000,distance_traveled_m,66.57744338408258
326.000,route_deviations,4
326.000,investigation_time_s,35.400000000000034
326.000,hazard_avoidances,1
326.000,min_hazard_distance_m,4.85061950638682
326.000,collisions,0
326.000,time_below_clearance_s,0.0
326.000,safety_zone_violations,0
326.000,min_ttc_s,16.547165440268845
326.000,avoid_success,1
326.000,avoid_timeout,0
326.000,q_convergence,0.43620242167402695
326.000,update_residual,0.08978801936598395
327.000,anomalies_detected,3
327.000,anomalies_unique,2
327.000,investigation_timeouts,0
327.000,mission_duration_s,283.0
327.000,distance_traveled_m,66.57744338408258
327.000,route_deviations,4
327.000,investigation_time_s,36.200000000000045
327.000,hazard_avoidances,1
327.000,min_hazard_distance_m,4.85061950638682
327.000,collisions,0
327.000,time_below_clearance_s,0.0
327.000,safety_zone_violations,0
327.000,min_ttc_s,16.547165440268845
327.000,avoid_success,1
327.000,avoid_timeout,0
327.000,q_convergence,0.3186276999550289
327.000,update_residual,0.07803054719408416
328.000,anomalies_detected,3
328.000,anomalies_unique,3
328.000,investigation_timeouts,0
328.000,mission_duration_s,284.0
328.000,distance_traveled_m,66.66835011179137
328.000,route_deviations,4
328.000,investigation_time_s,36.200000000000045
328.000,hazard_avoidances,1
328.000,min_hazard_distance_m,4.85061950638682
328.000,collisions,0
328.000,time_below_clearance_s,0.0
328.000,safety_zone_violations,0
328.000,min_ttc_s,16.547165440268845
328.000,avoid_success,1
328.000,avoid_timeout,0
328.000,q_convergence,0.2209271431445192
328.000,update_residual,0.06133532493324599
329.000,anomalies_detected,3
329.000,anomalies_unique,3
329.000,investigation_timeouts,0
329.000,mission_duration_s,285.0
329.000,distance_traveled_m,66.91993122601416
329.000,route_deviations,4
329.000,investigation_time_s,36.200000000000045
329.000,hazard_avoidances,1
329.000,min_hazard_distance_m,4.85061950638682
329.000,collisions,0
329.000,time_below_clearance_s,0.0
329.000,safety_zone_violations,0
329.000,min_ttc_s,16.547165440268845
329.000,avoid_success,1
329.000,avoid_timeout,0
329.000,q_convergence,0.1444167636766704
329.000,update_residual,0.04779789539364197
330.000,anomalies_detected,3
330.000,anomalies_unique,3
330.000,investigation_timeouts,0
330.000,mission_duration_s,286.0
330.000,distance_traveled_m,67.18201120187472
330.000,route_deviations,4
330.000,investigation_time_s,36.200000000000045
330.000,hazard_avoidances,1
330.000,min_hazard_distance_m,4.85061950638682
330.000,collisions,0
330.000,time_below_clearance_s,0.0
330.000,safety_zone_violations,0
330.000,min_ttc_s,16.547165440268845
330.000,avoid_success,1
330.000,avoid_timeout,0
330.000,q_convergence,0.08284526503285518
330.000,update_residual,0.04164074552926046
331.000,anomalies_detected,3
331.000,anomalies_unique,3
331.000,investigation_timeouts,0
331.000,mission_duration_s,287.0
331.000,distance_traveled_m,67.44409120048097
331.000,route_deviations,4
331.000,investigation_time_s,36.200000000000045
331.000,hazard_avoidances,1
331.000,min_hazard_distance_m,4.85061950638682
331.000,collisions,0
331.000,time_below_clearance_s,0.0
331.000,safety_zone_violations,0
331.000,min_ttc_s,16.547165440268845
331.000,avoid_success,1
331.000,avoid_timeout,0
331.000,q_convergence,0.03248237897659249
331.000,update_residual,0.03160102406973796
332.000,anomalies_detected,3
332.000,anomalies_unique,3
332.000,investigation_timeouts,0
332.000,mission_duration_s,288.0
332.000,distance_traveled_m,67.70617119926861
332.000,route_deviations,4
332.000,investigation_time_s,36.200000000000045
332.000,hazard_avoidances,1
332.000,min_hazard_distance_m,4.85061950638682
332.000,collisions,0
332.000,time_below_clearance_s,0.0
332.000,safety_zone_violations,0
332.000,min_ttc_s,16.547165440268845
332.000,avoid_success,1
332.000,avoid_timeout,0
332.000,q_convergence,1.3525547686046673
332.000,update_residual,0.15763392594628597
333.000,anomalies_detected,3
333.000,anomalies_unique,3
333.000,investigation_timeouts,0
333.000,mission_duration_s,289.0
333.000,distance_traveled_m,67.95889119689829
333.000,route_deviations,4
333.000,investigation_time_s,36.200000000000045
333.000,hazard_avoidances,1
333.000,min_hazard_distance_m,4.85061950638682
333.000,collisions,0
333.000,time_below_clearance_s,0.0
333.000,safety_zone_violations,0
333.000,min_ttc_s,16.547165440268845
333.000,avoid_success,1
333.000,avoid_timeout,0
333.000,q_convergence,0.9728059574886053
333.000,update_residual,0.11965904483467979
334.000,anomalies_detected,3
334.000,anomalies_unique,3
334.000,investigation_timeouts,0
334.000,mission_duration_s,290.0
334.000,distance_traveled_m,68.2209711949106
334.000,route_deviations,4
334.000,investigation_time_s,36.200000000000045
334.000,hazard_avoidances,1
334.000,min_hazard_distance_m,4.85061950638682
334.000,collisions,0
334.000,time_below_clearance_s,0.0
334.000,safety_zone_violations,0
334.000,min_ttc_s,16.547165440268845
334.000,avoid_success,1
334.000,avoid_timeout,0
334.000,q_convergence,0.8569247890067891
334.000,update_residual,0.10617736691000576
335.000,anomalies_detected,3
335.000,anomalies_unique,3
335.000,investigation_timeouts,0
335.000,mission_duration_s,291.0
335.000,distance_traveled_m,68.48305117773589
335.000,route_deviations,4
335.000,investigation_time_s,36.200000000000045
335.000,hazard_avoidances,1
335.000,min_hazard_distance_m,4.85061950638682
335.000,collisions,0
335.000,time_below_clearance_s,0.0
335.000,safety_zone_violations,0
335.000,min_ttc_s,16.547165440268845
335.000,avoid_success,1
335.000,avoid_timeout,0
335.000,q_convergence,0.7222444471758334
335.000,update_residual,0.08963659952551119
336.000,anomalies_detected,3
336.000,anomalies_unique,3
336.000,investigation_timeouts,0
336.000,mission_duration_s,292.0
336.000,distance_traveled_m,68.7451311509055
336.000,route_deviations,4
336.000,investigation_time_s,36.200000000000045
336.000,hazard_avoidances,1
336.000,min_hazard_distance_m,4.85061950638682
336.000,collisions,0
336.000,time_below_clearance_s,0.0
336.000,safety_zone_violations,0
336.000,min_ttc_s,16.547165440268845
336.000,avoid_success,1
336.000,avoid_timeout,0
336.000,q_convergence,1.037338963407326
336.000,update_residual,0.11747706138556134
337.000,anomalies_detected,3
337.000,anomalies_unique,3
337.000,investigation_timeouts,0
337.000,mission_duration_s,293.0
337.000,distance_traveled_m,69.00721114096132
337.000,route_deviations,4
337.000,investigation_time_s,36.200000000000045
337.000,hazard_avoidances,1
337.000,min_hazard_distance_m,4.85061950638682
337.000,collisions,0
337.000,time_below_clearance_s,0.0
337.000,safety_zone_violations,0
337.000,min_ttc_s,16.547165440268845
337.000,avoid_success,1
337.000,avoid_timeout,0
337.000,q_convergence,0.8444466663761478
337.000,update_residual,0.09702494848634269
338.000,anomalies_detected,3
338.000,anomalies_unique,3
338.000,investigation_timeouts,0
338.000,mission_duration_s,294.0
338.000,distance_traveled_m,69.25993113353613
338.000,route_deviations,4
338.000,investigation_time_s,36.200000000000045
338.000,hazard_avoidances,1
338.000,min_hazard_distance_m,4.85061950638682
338.000,collisions,0
338.000,time_below_clearance_s,0.0
338.000,safety_zone_violations,0
338.000,min_ttc_s,16.547165440268845
338.000,avoid_success,1
338.000,avoid_timeout,0
338.000,q_convergence,0.717395402759528
338.000,update_residual,0.08431982212468066
339.000,anomalies_detected,3
339.000,anomalies_unique,3
339.000,investigation_timeouts,0
339.000,mission_duration_s,295.0
339.000,distance_traveled_m,69.52201111798065
339.000,route_deviations,4
339.000,investigation_time_s,36.200000000000045
339.000,hazard_avoidances,1
339.000,min_hazard_distance_m,4.85061950638682
339.000,collisions,0
339.000,time_below_clearance_s,0.0
339.000,safety_zone_violations,0
339.000,min_ttc_s,16.547165440268845
339.000,avoid_success,1
339.000,avoid_timeout,0
339.000,q_convergence,0.6099546640939664
339.000,update_residual,0.07168870598081532
340.000,anomalies_detected,3
340.000,anomalies_unique,3
340.000,investigation_timeouts,0
340.000,mission_duration_s,296.0
340.000,distance_traveled_m,69.78409110826225
340.000,route_deviations,4
340.000,investigation_time_s,36.200000000000045
340.000,hazard_avoidances,1
340.000,min_hazard_distance_m,4.85061950638682
340.000,collisions,0
340.000,time_below_clearance_s,0.0
340.000,safety_zone_violations,0
340.000,min_ttc_s,16.547165440268845
340.000,avoid_success,1
340.000,avoid_timeout,0
340.000,q_convergence,0.9895590887931405
340.000,update_residual,0.10739593011246953
341.000,anomalies_detected,3
341.000,anomalies_unique,3
341.000,investigation_timeouts,0
341.000,mission_duration_s,297.0
341.000,distance_traveled_m,70.04617109840666
341.000,route_deviations,4
341.000,investigation_time_s,36.200000000000045
341.000,hazard_avoidances,1
341.000,min_hazard_distance_m,4.85061950638682
341.000,collisions,0
341.000,time_below_clearance_s,0.0
341.000,safety_zone_violations,0
341.000,min_ttc_s,16.547165440268845
341.000,avoid_success,1
341.000,avoid_timeout,0
341.000,q_convergence,0.8795734313279989
341.000,update_residual,0.09704659676850577
342.000,anomalies_detected,3
342.000,anomalies_unique,3
342.000,investigation_timeouts,0
342.000,mission_duration_s,298.0
342.000,distance_traveled_m,70.29889108520567
342.000,route_deviations,4
342.000,investigation_time_s,36.200000000000045
342.000,hazard_avoidances,1
342.000,min_hazard_distance_m,4.85061950638682
342.000,collisions,0
342.000,time_below_clearance_s,0.0
342.000,safety_zone_violations,0
342.000,min_ttc_s,16.547165440268845
342.000,avoid_success,1
342.000,avoid_timeout,0
342.000,q_convergence,0.7533754446415893
342.000,update_residual,0.0830634100545089
343.000,anomalies_detected,3
343.000,anomalies_unique,3
343.000,investigation_timeouts,0
343.000,mission_duration_s,299.0
343.000,distance_traveled_m,70.56097107545168
343.000,route_deviations,4
343.000,investigation_time_s,36.200000000000045
343.000,hazard_avoidances,1
343.000,min_hazard_distance_m,4.85061950638682
343.000,collisions,0
343.000,time_below_clearance_s,0.0
343.000,safety_zone_violations,0
343.000,min_ttc_s,16.547165440268845
343.000,avoid_success,1
343.000,avoid_timeout,0
343.000,q_convergence,1.082538636696491
343.000,update_residual,0.1143344060324246
344.000,anomalies_detected,3
344.000,anomalies_unique,3
344.000,investigation_timeouts,0
344.000,mission_duration_s,300.0
344.000,distance_traveled_m,70.82102307134946
344.000,route_deviations,4
344.000,investigation_time_s,36.200000000000045
344.000,hazard_avoidances,1
344.000,min_hazard_distance_m,4.85061950638682
344.000,collisions,0
344.000,time_below_clearance_s,0.0
344.000,safety_zone_violations,0
344.000,min_ttc_s,16.547165440268845
344.000,avoid_success,1
344.000,avoid_timeout,0
344.000,q_convergence,0.9375722855986173
344.000,update_residual,0.09985514390081655
345.000,anomalies_detected,3
345.000,anomalies_unique,3
345.000,investigation_timeouts,0
345.000,mission_duration_s,301.0
345.000,distance_traveled_m,70.96994301282632
345.000,route_deviations,4
345.000,investigation_time_s,36.200000000000045
345.000,hazard_avoidances,1
345.000,min_hazard_distance_m,4.85061950638682
345.000,collisions,0
345.000,time_below_clearance_s,0.0
345.000,safety_zone_violations,0
345.000,min_ttc_s,16.547165440268845
345.000,avoid_success,1
345.000,avoid_timeout,0
345.000,q_convergence,0.9217835554814258
345.000,update_residual,0.09776029343717044
346.000,anomalies_detected,3
346.000,anomalies_unique,3
346.000,investigation_timeouts,0
346.000,mission_duration_s,302.0
346.000,distance_traveled_m,71.01520137832262
346.000,route_deviations,4
346.000,investigation_time_s,36.200000000000045
346.000,hazard_avoidances,1
346.000,min_hazard_distance_m,4.85061950638682
346.000,collisions,0
346.000,time_below_clearance_s,0.0
346.000,safety_zone_violations,0
346.000,min_ttc_s,16.547165440268845
346.000,avoid_success,1
346.000,avoid_timeout,0
346.000,q_convergence,0.7943108074526081
346.000,update_residual,0.08417572795093453
347.000,anomalies_detected,3
347.000,anomalies_unique,3
347.000,investigation_timeouts,0
347.000,mission_duration_s,303.0
347.000,distance_traveled_m,71.07842072195454
347.000,route_deviations,4
347.000,investigation_time_s,36.200000000000045
347.000,hazard_avoidances,1
347.000,min_hazard_distance_m,4.85061950638682
347.000,collisions,0
347.000,time_below_clearance_s,0.0
347.000,safety_zone_violations,0
347.000,min_ttc_s,16.547165440268845
347.000,avoid_success,1
347.000,avoid_timeout,0
347.000,q_convergence,0.6840852132228882
347.000,update_residual,0.0731531685279625
348.000,anomalies_detected,3
348.000,anomalies_unique,3
348.000,investigation_timeouts,0
348.000,mission_duration_s,304.0
348.000,distance_traveled_m,71.17722056471645
348.000,route_deviations,4
348.000,investigation_time_s,36.200000000000045
348.000,hazard_avoidances,1
348.000,min_hazard_distance_m,4.85061950638682
348.000,collisions,0
348.000,time_below_clearance_s,0.0
348.000,safety_zone_violations,0
348.000,min_ttc_s,16.547165440268845
348.000,avoid_success,1
348.000,avoid_timeout,0
348.000,q_convergence,0.5902958733219807
348.000,update_residual,0.06306253745702071
349.000,anomalies_detected,3
349.000,anomalies_unique,3
349.000,investigation_timeouts,0
349.000,mission_duration_s,305.0
349.000,distance_traveled_m,71.3175812213297
349.000,route_deviations,4
349.000,investigation_time_s,36.200000000000045
349.000,hazard_avoidances,1
349.000,min_hazard_distance_m,4.85061950638682
349.000,collisions,0
349.000,time_below_clearance_s,0.0
349.000,safety_zone_violations,0
349.000,min_ttc_s,16.547165440268845
349.000,avoid_success,1
349.000,avoid_timeout,0
349.000,q_convergence,0.5091242725221823
349.000,update_residual,0.05494537737704086
350.000,anomalies_detected,3
350.000,anomalies_unique,3
350.000,investigation_timeouts,0
350.000,mission_duration_s,306.0
350.000,distance_traveled_m,71.57966015595052
350.000,route_deviations,4
350.000,investigation_time_s,36.200000000000045
350.000,hazard_avoidances,1
350.000,min_hazard_distance_m,4.85061950638682
350.000,collisions,0
350.000,time_below_clearance_s,0.0
350.000,safety_zone_violations,0
350.000,min_ttc_s,16.547165440268845
350.000,avoid_success,1
350.000,avoid_timeout,0
350.000,q_convergence,0.4375661283268192
350.000,update_residual,0.047184620438781175
351.000,anomalies_detected,3
351.000,anomalies_unique,3
351.000,investigation_timeouts,0
351.000,mission_duration_s,307.0
351.000,distance_traveled_m,71.83238007529191
351.000,route_deviations,4
351.000,investigation_time_s,36.200000000000045
351.000,hazard_avoidances,1
351.000,min_hazard_distance_m,4.85061950638682
351.000,collisions,0
351.000,time_below_clearance_s,0.0
351.000,safety_zone_violations,0
351.000,min_ttc_s,16.547165440268845
351.000,avoid_success,1
351.000,avoid_timeout,0
351.000,q_convergence,0.376111785630187
351.000,update_residual,0.04052498502820305
352.000,anomalies_detected,3
352.000,anomalies_unique,3
352.000,investigation_timeouts,0
352.000,mission_duration_s,308.0
352.000,distance_traveled_m,72.09446003356652
352.000,route_deviations,4
352.000,investigation_time_s,36.200000000000045
352.000,hazard_avoidances,1
352.000,min_hazard_distance_m,4.85061950638682
352.000,collisions,0
352.000,time_below_clearance_s,0.0
352.000,safety_zone_violations,0
352.000,min_ttc_s,16.547165440268845
352.000,avoid_success,1
352.000,avoid_timeout,0
352.000,q_convergence,0.9135364034669586
352.000,update_residual,0.09405160929594067
353.000,anomalies_detected,3
353.000,anomalies_unique,3
353.000,investigation_timeouts,0
353.000,mission_duration_s,309.0
353.000,distance_traveled_m,72.35654001680503
353.000,route_deviations,4
353.000,investigation_time_s,36.200000000000045
353.000,hazard_avoidances,1
353.000,min_hazard_distance_m,4.85061950638682
353.000,collisions,0
353.000,time_below_clearance_s,0.0
353.000,safety_zone_violations,0
353.000,min_ttc_s,16.547165440268845
353.000,avoid_success,1
353.000,avoid_timeout,0
353.000,q_convergence,0.9099088902605191
353.000,update_residual,0.09346762452145861
354.000,anomalies_detected,3
354.000,anomalies_unique,3
354.000,investigation_timeouts,0
354.000,mission_duration_s,310.0
354.000,distance_traveled_m,72.6186200058882
354.000,route_deviations,4
354.000,investigation_time_s,36.200000000000045
354.000,hazard_avoidances,1
354.000,min_hazard_distance_m,4.85061950638682
354.000,collisions,0
354.000,time_below_clearance_s,0.0
354.000,safety_zone_violations,0
354.000,min_ttc_s,16.547165440268845
354.000,avoid_success,1
354.000,avoid_timeout,0
354.000,q_convergence,0.7875158358146648
354.000,update_residual,0.0812283190768732
355.000,anomalies_detected,3
355.000,anomalies_unique,3
355.000,investigation_timeouts,0
355.000,mission_duration_s,311.0
355.000,distance_traveled_m,72.88069998998641
355.000,route_deviations,4
355.000,investigation_time_s,36.200000000000045
355.000,hazard_avoidances,1
355.000,min_hazard_distance_m,4.85061950638682
355.000,collisions,0
355.000,time_below_clearance_s,0.0
355.000,safety_zone_violations,0
355.000,min_ttc_s,16.547165440268845
355.000,avoid_success,1
355.000,avoid_timeout,0
355.000,q_convergence,0.6813900195939189
355.000,update_residual,0.07024422713048759
356.000,anomalies_detected,3
356.000,anomalies_unique,3
356.000,investigation_timeouts,0
356.000,mission_duration_s,312.0
356.000,distance_traveled_m,73.13341987633542
356.000,route_deviations,4
356.000,investigation_time_s,36.200000000000045
356.000,hazard_avoidances,1
356.000,min_hazard_distance_m,4.85061950638682
356.000,collisions,0
356.000,time_below_clearance_s,0.0
356.000,safety_zone_violations,0
356.000,min_ttc_s,16.547165440268845
356.000,avoid_success,1
356.000,avoid_timeout,0
356.000,q_convergence,0.9824797264251723
356.000,update_residual,0.09990959679541775
357.000,anomalies_detected,3
357.000,anomalies_unique,3
357.000,investigation_timeouts,0
357.000,mission_duration_s,313.0
357.000,distance_traveled_m,73.3954998171369
357.000,route_deviations,4
357.000,investigation_time_s,36.200000000000045
357.000,hazard_avoidances,1
357.000,min_hazard_distance_m,4.85061950638682
357.000,collisions,0
357.000,time_below_clearance_s,0.0
357.000,safety_zone_violations,0
357.000,min_ttc_s,16.547165440268845
357.000,avoid_success,1
357.000,avoid_timeout,0
357.000,q_convergence,0.8898519790117867
357.000,update_residual,0.09077463929661006
358.000,anomalies_detected,3
358.000,anomalies_unique,3
358.000,investigation_timeouts,0
358.000,mission_duration_s,314.0
358.000,distance_traveled_m,73.65757979570046
358.000,route_deviations,4
358.000,investigation_time_s,36.200000000000045
358.000,hazard_avoidances,1
358.000,min_hazard_distance_m,4.85061950638682
358.000,collisions,0
358.000,time_below_clearance_s,0.0
358.000,safety_zone_violations,0
358.000,min_ttc_s,16.547165440268845
358.000,avoid_success,1
358.000,avoid_timeout,0
358.000,q_convergence,0.7731840275232041
358.000,update_residual,0.07883942793843705
359.000,anomalies_detected,3
359.000,anomalies_unique,3
359.000,investigation_timeouts,0
359.000,mission_duration_s,315.0
359.000,distance_traveled_m,73.91965978436602
359.000,route_deviations,4
359.000,investigation_time_s,36.200000000000045
359.000,hazard_avoidances,1
359.000,min_hazard_distance_m,4.85061950638682
359.000,collisions,0
359.000,time_below_clearance_s,0.0
359.000,safety_zone_violations,0
359.000,min_ttc_s,16.547165440268845
359.000,avoid_success,1
359.000,avoid_timeout,0
359.000,q_convergence,0.6700936922467905
359.000,update_residual,0.06830224063287818
360.000,anomalies_detected,3
360.000,anomalies_unique,3
360.000,investigation_timeouts,0
360.000,mission_duration_s,316.0
360.000,distance_traveled_m,74.17237977676515
360.000,route_deviations,4
360.000,investigation_time_s,36.200000000000045
360.000,hazard_avoidances,1
360.000,min_hazard_distance_m,4.85061950638682
360.000,collisions,0
360.000,time_below_clearance_s,0.0
360.000,safety_zone_violations,0
360.000,min_ttc_s,16.547165440268845
360.000,avoid_success,1
360.000,avoid_timeout,0
360.000,q_convergence,1.0269305266782607
360.000,update_residual,0.10389357611829671
361.000,anomalies_detected,3
361.000,anomalies_unique,3
361.000,investigation_timeouts,0
361.000,mission_duration_s,317.0
361.000,distance_traveled_m,74.43445969506709
361.000,route_deviations,4
361.000,investigation_time_s,36.200000000000045
361.000,hazard_avoidances,1
361.000,min_hazard_distance_m,4.85061950638682
361.000,collisions,0
361.000,time_below_clearance_s,0.0
361.000,safety_zone_violations,0
361.000,min_ttc_s,16.547165440268845
361.000,avoid_success,1
361.000,avoid_timeout,0
361.000,q_convergence,0.8725789680262538
361.000,update_residual,0.08835683749959466
362.000,anomalies_detected,3
362.000,anomalies_unique,3
362.000,investigation_timeouts,0
362.000,mission_duration_s,318.0
362.000,distance_traveled_m,74.69653966293498
362.000,route_deviations,4
362.000,investigation_time_s,36.200000000000045
362.000,hazard_avoidances,1
362.000,min_hazard_distance_m,4.85061950638682
362.000,collisions,0
362.000,time_below_clearance_s,0.0
362.000,safety_zone_violations,0
362.000,min_ttc_s,16.547165440268845
362.000,avoid_success,1
362.000,avoid_timeout,0
362.000,q_convergence,0.7589561391918123
362.000,update_residual,0.07682971351160513
363.000,anomalies_detected,3
363.000,anomalies_unique,3
363.000,investigation_timeouts,0
363.000,mission_duration_s,319.0
363.000,distance_traveled_m,74.95861964345627
363.000,route_deviations,4
363.000,investigation_time_s,36.200000000000045
363.000,hazard_avoidances,1
363.000,min_hazard_distance_m,4.85061950638682
363.000,collisions,0
363.000,time_below_clearance_s,0.0
363.000,safety_zone_violations,0
363.000,min_ttc_s,16.547165440268845
363.000,avoid_success,1
363.000,avoid_timeout,0
363.000,q_convergence,0.6583499308172068
363.000,update_residual,0.06676909267414456
364.000,anomalies_detected,3
364.000,anomalies_unique,3
364.000,investigation_timeouts,0
364.000,mission_duration_s,320.0
364.000,distance_traveled_m,75.22069962457215
364.000,route_deviations,4
364.000,investigation_time_s,36.200000000000045
364.000,hazard_avoidances,1
364.000,min_hazard_distance_m,4.85061950638682
364.000,collisions,0
364.000,time_below_clearance_s,0.0
364.000,safety_zone_violations,0
364.000,min_ttc_s,16.547165440268845
364.000,avoid_success,1
364.000,avoid_timeout,0
364.000,q_convergence,1.070131207137795
364.000,update_residual,0.1077503921777998
365.000,anomalies_detected,3
365.000,anomalies_unique,3
365.000,investigation_timeouts,0
365.000,mission_duration_s,321.0
365.000,distance_traveled_m,75.47341952221531
365.000,route_deviations,4
365.000,investigation_time_s,36.200000000000045
365.000,hazard_avoidances,1
365.000,min_hazard_distance_m,4.85061950638682
365.000,collisions,0
365.000,time_below_clearance_s,0.0
365.000,safety_zone_violations,0
365.000,min_ttc_s,16.547165440268845
365.000,avoid_success,1
365.000,avoid_timeout,0
365.000,q_convergence,0.8535624219501177
365.000,update_residual,0.08603112915053801
366.000,anomalies_detected,3
366.000,anomalies_unique,3
366.000,investigation_timeouts,0
366.000,mission_duration_s,322.0
366.000,distance_traveled_m,75.73549946945037
366.000,route_deviations,4
366.000,investigation_time_s,36.200000000000045
366.000,hazard_avoidances,1
366.000,min_hazard_distance_m,4.85061950638682
366.000,collisions,0
366.000,time_below_clearance_s,0.0
366.000,safety_zone_violations,0
366.000,min_ttc_s,16.547165440268845
366.000,avoid_success,1
366.000,avoid_timeout,0
366.000,q_convergence,0.7428034117005133
366.000,update_residual,0.07485399508224864
367.000,anomalies_detected,3
367.000,anomalies_unique,3
367.000,investigation_timeouts,0
367.000,mission_duration_s,323.0
367.000,distance_traveled_m,75.9975794534322
367.000,route_deviations,4
367.000,investigation_time_s,36.200000000000045
367.000,hazard_avoidances,1
367.000,min_hazard_distance_m,4.85061950638682
367.000,collisions,0
367.000,time_below_clearance_s,0.0
367.000,safety_zone_violations,0
367.000,min_ttc_s,16.547165440268845
367.000,avoid_success,1
367.000,avoid_timeout,0
367.000,q_convergence,0.6464543136131207
367.000,update_residual,0.06521908527350936
368.000,anomalies_detected,3
368.000,anomalies_unique,3
368.000,investigation_timeouts,0
368.000,mission_duration_s,324.0
368.000,distance_traveled_m,76.25965936869534
368.000,route_deviations,4
368.000,investigation_time_s,36.200000000000045
368.000,hazard_avoidances,1
368.000,min_hazard_distance_m,4.85061950638682
368.000,collisions,0
368.000,time_below_clearance_s,0.0
368.000,safety_zone_violations,0
368.000,min_ttc_s,16.547165440268845
368.000,avoid_success,1
368.000,avoid_timeout,0
368.000,q_convergence,1.112251581959854
368.000,update_residual,0.11167793503382684
369.000,anomalies_detected,3
369.000,anomalies_unique,3
369.000,investigation_timeouts,0
369.000,mission_duration_s,325.0
369.000,distance_traveled_m,76.51237930657344
369.000,route_deviations,4
369.000,investigation_time_s,36.200000000000045
369.000,hazard_avoidances,1
369.000,min_hazard_distance_m,4.85061950638682
369.000,collisions,0
369.000,time_below_clearance_s,0.0
369.000,safety_zone_violations,0
369.000,min_ttc_s,16.547165440268845
369.000,avoid_success,1
369.000,avoid_timeout,0
369.000,q_convergence,0.8369303137141964
369.000,update_residual,0.08410749632298217
370.000,anomalies_detected,3
370.000,anomalies_unique,3
370.000,investigation_timeouts,0
370.000,mission_duration_s,326.0
370.000,distance_traveled_m,76.77445928330485
370.000,route_deviations,4
370.000,investigation_time_s,36.200000000000045
370.000,hazard_avoidances,1
370.000,min_hazard_distance_m,4.85061950638682
370.000,collisions,0
370.000,time_below_clearance_s,0.0
370.000,safety_zone_violations,0
370.000,min_ttc_s,16.547165440268845
370.000,avoid_success,1
370.000,avoid_timeout,0
370.000,q_convergence,0.7286248926328035
370.000,update_residual,0.07321478447210851
371.000,anomalies_detected,3
371.000,anomalies_unique,3
371.000,investigation_timeouts,0
371.000,mission_duration_s,327.0
371.000,distance_traveled_m,77.03653920931333
371.000,route_deviations,4
371.000,investigation_time_s,36.200000000000045
371.000,hazard_avoidances,1
371.000,min_hazard_distance_m,4.85061950638682
371.000,collisions,0
371.000,time_below_clearance_s,0.0
371.000,safety_zone_violations,0
371.000,min_ttc_s,16.547165440268845
371.000,avoid_success,1
371.000,avoid_timeout,0
371.000,q_convergence,0.6343857215264457
371.000,update_residual,0.06379086736147274
372.000,anomalies_detected,3
372.000,anomalies_unique,3
372.000,investigation_timeouts,0
372.000,mission_duration_s,328.0
372.000,distance_traveled_m,77.29861915748262
372.000,route_deviations,4
372.000,investigation_time_s,36.200000000000045
372.000,hazard_avoidances,1
372.000,min_hazard_distance_m,4.85061950638682
372.000,collisions,0
372.000,time_below_clearance_s,0.0
372.000,safety_zone_violations,0
372.000,min_ttc_s,16.547165440268845
372.000,avoid_success,1
372.000,avoid_timeout,0
372.000,q_convergence,1.1536666392578583
372.000,update_residual,0.11536666392578586
373.000,anomalies_detected,3
373.000,anomalies_unique,3
373.000,investigation_timeouts,0
373.000,mission_duration_s,329.0
373.000,distance_traveled_m,77.56069912076069
373.000,route_deviations,4
373.000,investigation_time_s,36.200000000000045
373.000,hazard_avoidances,1
373.000,min_hazard_distance_m,4.85061950638682
373.000,collisions,0
373.000,time_below_clearance_s,0.0
373.000,safety_zone_violations,0
373.000,min_ttc_s,16.547165440268845
373.000,avoid_success,1
373.000,avoid_timeout,0
373.000,q_convergence,0.8210462685218641
373.000,update_residual,0.08210462685218642
374.000,anomalies_detected,3
374.000,anomalies_unique,3
374.000,investigation_timeouts,0
374.000,mission_duration_s,330.0
374.000,distance_traveled_m,77.81341906491262
374.000,route_deviations,4
374.000,investigation_time_s,36.200000000000045
374.000,hazard_avoidances,1
374.000,min_hazard_distance_m,4.85061950638682
374.000,collisions,0
374.000,time_below_clearance_s,0.0
374.000,safety_zone_violations,0
374.000,min_ttc_s,16.547165440268845
374.000,avoid_success,1
374.000,avoid_timeout,0
374.000,q_convergence,0.7135327191401837
374.000,update_residual,0.07135327191401838
375.000,anomalies_detected,3
375.000,anomalies_unique,3
375.000,investigation_timeouts,0
375.000,mission_duration_s,331.0
375.000,distance_traveled_m,78.07549899663707
375.000,route_deviations,4
375.000,investigation_time_s,36.200000000000045
375.000,hazard_avoidances,1
375.000,min_hazard_distance_m,4.85061950638682
375.000,collisions,0
375.000,time_below_clearance_s,0.0
375.000,safety_zone_violations,0
375.000,min_ttc_s,16.547165440268845
375.000,avoid_success,1
375.000,avoid_timeout,0
375.000,q_convergence,0.898798570776944
375.000,update_residual,0.0898798570776944
376.000,anomalies_detected,3
376.000,anomalies_unique,3
376.000,investigation_timeouts,0
376.000,mission_duration_s,332.0
376.000,distance_traveled_m,78.3375789738126
376.000,route_deviations,4
376.000,investigation_time_s,36.200000000000045
376.000,hazard_avoidances,1
376.000,min_hazard_distance_m,4.85061950638682
376.000,collisions,0
376.000,time_below_clearance_s,0.0
376.000,safety_zone_violations,0
376.000,min_ttc_s,16.547165440268845
376.000,avoid_success,1
376.000,avoid_timeout,0
376.000,q_convergence,0.9260057720378846
376.000,update_residual,0.09260057720378848
377.000,anomalies_detected,3
377.000,anomalies_unique,3
377.000,investigation_timeouts,0
377.000,mission_duration_s,333.0
377.000,distance_traveled_m,78.59965892744918
377.000,route_deviations,4
377.000,investigation_time_s,36.200000000000045
377.000,hazard_avoidances,1
377.000,min_hazard_distance_m,4.85061950638682
377.000,collisions,0
377.000,time_below_clearance_s,0.0
377.000,safety_zone_violations,0
377.000,min_ttc_s,16.547165440268845
377.000,avoid_success,1
377.000,avoid_timeout,0
377.000,q_convergence,0.8047480900817247
377.000,update_residual,0.08047480900817247
378.000,anomalies_detected,3
378.000,anomalies_unique,3
378.000,investigation_timeouts,0
378.000,mission_duration_s,334.0
378.000,distance_traveled_m,78.85237886271317
378.000,route_deviations,4
378.000,investigation_time_s,36.200000000000045
378.000,hazard_avoidances,1
378.000,min_hazard_distance_m,4.85061950638682
378.000,collisions,0
378.000,time_below_clearance_s,0.0
378.000,safety_zone_violations,0
378.000,min_ttc_s,16.547165440268845
378.000,avoid_success,1
378.000,avoid_timeout,0
378.000,q_convergence,0.6993687383448497
378.000,update_residual,0.06993687383448496
379.000,anomalies_detected,3
379.000,anomalies_unique,3
379.000,investigation_timeouts,0
379.000,mission_duration_s,335.0
379.000,distance_traveled_m,79.11445883016947
379.000,route_deviations,4
379.000,investigation_time_s,36.200000000000045
379.000,hazard_avoidances,1
379.000,min_hazard_distance_m,4.85061950638682
379.000,collisions,0
379.000,time_below_clearance_s,0.0
379.000,safety_zone_violations,0
379.000,min_ttc_s,16.547165440268845
379.000,avoid_success,1
379.000,avoid_timeout,0
379.000,q_convergence,0.9468892605350142
379.000,update_residual,0.09468892605350143
380.000,anomalies_detected,3
380.000,anomalies_unique,3
380.000,investigation_timeouts,0
380.000,mission_duration_s,336.0
380.000,distance_traveled_m,79.3765387751944
380.000,route_deviations,4
380.000,investigation_time_s,36.200000000000045
380.000,hazard_avoidances,1
380.000,min_hazard_distance_m,4.85061950638682
380.000,collisions,0
380.000,time_below_clearance_s,0.0
380.000,safety_zone_violations,0
380.000,min_ttc_s,16.547165440268845
380.000,avoid_success,1
380.000,avoid_timeout,0
380.000,q_convergence,0.9076240950388005
380.000,update_residual,0.09076240950388002
381.000,anomalies_detected,3
381.000,anomalies_unique,3
381.000,investigation_timeouts,0
381.000,mission_duration_s,337.0
381.000,distance_traveled_m,79.63861875826161
381.000,route_deviations,4
381.000,investigation_time_s,36.200000000000045
381.000,hazard_avoidances,1
381.000,min_hazard_distance_m,4.85061950638682
381.000,collisions,0
381.000,time_below_clearance_s,0.0
381.000,safety_zone_violations,0
381.000,min_ttc_s,16.547165440268845
381.000,avoid_success,1
381.000,avoid_timeout,0
381.000,q_convergence,0.788773438622525
381.000,update_residual,0.07887734386225247
382.000,anomalies_detected,3
382.000,anomalies_unique,3
382.000,investigation_timeouts,0
382.000,mission_duration_s,338.0
382.000,distance_traveled_m,79.90069872285886
382.000,route_deviations,4
382.000,investigation_time_s,36.200000000000045
382.000,hazard_avoidances,1
382.000,min_hazard_distance_m,4.85061950638682
382.000,collisions,0
382.000,time_below_clearance_s,0.0
382.000,safety_zone_violations,0
382.000,min_ttc_s,16.547165440268845
382.000,avoid_success,1
382.000,avoid_timeout,0
382.000,q_convergence,0.6854859196414406
382.000,update_residual,0.06854859196414406
383.000,anomalies_detected,3
383.000,anomalies_unique,3
383.000,investigation_timeouts,0
383.000,mission_duration_s,339.0
383.000,distance_traveled_m,80.1534187000426
383.000,route_deviations,4
383.000,investigation_time_s,36.200000000000045
383.000,hazard_avoidances,1
383.000,min_hazard_distance_m,4.85061950638682
383.000,collisions,0
383.000,time_below_clearance_s,0.0
383.000,safety_zone_violations,0
383.000,min_ttc_s,16.547165440268845
383.000,avoid_success,1
383.000,avoid_timeout,0
383.000,q_convergence,0.9924926405282298
383.000,update_residual,0.09924926405282299
384.000,anomalies_detected,3
384.000,anomalies_unique,3
384.000,investigation_timeouts,0
384.000,mission_duration_s,340.0
384.000,distance_traveled_m,80.41549865109458
384.000,route_deviations,4
384.000,investigation_time_s,36.200000000000045
384.000,hazard_avoidances,1
384.000,min_hazard_distance_m,4.85061950638682
384.000,collisions,0
384.000,time_below_clearance_s,0.0
384.000,safety_zone_violations,0
384.000,min_ttc_s,16.547165440268845
384.000,avoid_success,1
384.000,avoid_timeout,0
384.000,q_convergence,0.8873294210275617
384.000,update_residual,0.08873294210275616
385.000,anomalies_detected,3
385.000,anomalies_unique,3
385.000,investigation_timeouts,0
385.000,mission_duration_s,341.0
385.000,distance_traveled_m,80.67757861040876
385.000,route_deviations,4
385.000,investigation_time_s,36.200000000000045
385.000,hazard_avoidances,1
385.000,min_hazard_distance_m,4.85061950638682
385.000,collisions,0
385.000,time_below_clearance_s,0.0
385.000,safety_zone_violations,0
385.000,min_ttc_s,16.547165440268845
385.000,avoid_success,1
385.000,avoid_timeout,0
385.000,q_convergence,0.7731158919721317
385.000,update_residual,0.07731158919721318
386.000,anomalies_detected,3
386.000,anomalies_unique,3
386.000,investigation_timeouts,0
386.000,mission_duration_s,342.0
386.000,distance_traveled_m,80.93965857376256
386.000,route_deviations,4
386.000,investigation_time_s,36.200000000000045
386.000,hazard_avoidances,1
386.000,min_hazard_distance_m,4.85061950638682
386.000,collisions,0
386.000,time_below_clearance_s,0.0
386.000,safety_zone_violations,0
386.000,min_ttc_s,16.547165440268845
386.000,avoid_success,1
386.000,avoid_timeout,0
386.000,q_convergence,0.6718786818220268
386.000,update_residual,0.06718786818220268
387.000,anomalies_detected,3
387.000,anomalies_unique,3
387.000,investigation_timeouts,0
387.000,mission_duration_s,343.0
387.000,distance_traveled_m,81.19237855372079
387.000,route_deviations,4
387.000,investigation_time_s,36.200000000000045
387.000,hazard_avoidances,1
387.000,min_hazard_distance_m,4.85061950638682
387.000,collisions,0
387.000,time_below_clearance_s,0.0
387.000,safety_zone_violations,0
387.000,min_ttc_s,16.547165440268845
387.000,avoid_success,1
387.000,avoid_timeout,0
387.000,q_convergence,1.127047987839237
387.000,update_residual,0.11270479878392373
388.000,anomalies_detected,3
388.000,anomalies_unique,3
388.000,investigation_timeouts,0
388.000,mission_duration_s,344.0
388.000,distance_traveled_m,81.45445853369567
388.000,route_deviations,4
388.000,investigation_time_s,36.200000000000045
388.000,hazard_avoidances,1
388.000,min_hazard_distance_m,4.85061950638682
388.000,collisions,0
388.000,time_below_clearance_s,0.0
388.000,safety_zone_violations,0
388.000,min_ttc_s,16.547165440268845
388.000,avoid_success,1
388.000,avoid_timeout,0
388.000,q_convergence,0.8740859185025476
388.000,update_residual,0.08740859185025478
389.000,anomalies_detected,3
389.000,anomalies_unique,3
389.000,investigation_timeouts,0
389.000,mission_duration_s,345.0
389.000,distance_traveled_m,81.71653850870395
389.000,route_deviations,4
389.000,investigation_time_s,36.200000000000045
389.000,hazard_avoidances,1
389.000,min_hazard_distance_m,4.85061950638682
389.000,collisions,0
389.000,time_below_clearance_s,0.0
389.000,safety_zone_violations,0
389.000,min_ttc_s,16.547165440268845
389.000,avoid_success,1
389.000,avoid_timeout,0
389.000,q_convergence,0.7615770406449613
389.000,update_residual,0.07615770406449614
390.000,anomalies_detected,3
390.000,anomalies_unique,3
390.000,investigation_timeouts,0
390.000,mission_duration_s,346.0
390.000,distance_traveled_m,81.97861846548233
390.000,route_deviations,4
390.000,investigation_time_s,36.200000000000045
390.000,hazard_avoidances,1
390.000,min_hazard_distance_m,4.85061950638682
390.000,collisions,0
390.000,time_below_clearance_s,0.0
390.000,safety_zone_violations,0
390.000,min_ttc_s,16.547165440268845
390.000,avoid_success,1
390.000,avoid_timeout,0
390.000,q_convergence,0.661850808510998
390.000,update_residual,0.0661850808510998
391.000,anomalies_detected,3
391.000,anomalies_unique,3
391.000,investigation_timeouts,0
391.000,mission_duration_s,347.0
391.000,distance_traveled_m,82.24069846132387
391.000,route_deviations,4
391.000,investigation_time_s,36.200000000000045
391.000,hazard_avoidances,1
391.000,min_hazard_distance_m,4.85061950638682
391.000,collisions,0
391.000,time_below_clearance_s,0.0
391.000,safety_zone_violations,0
391.000,min_ttc_s,16.547165440268845
391.000,avoid_success,1
391.000,avoid_timeout,0
391.000,q_convergence,1.0687032794046447
391.000,update_residual,0.10687032794046446
392.000,anomalies_detected,3
392.000,anomalies_unique,3
392.000,investigation_timeouts,0
392.000,mission_duration_s,348.0
392.000,distance_traveled_m,82.49341844208094
392.000,route_deviations,4
392.000,investigation_time_s,36.200000000000045
392.000,hazard_avoidances,1
392.000,min_hazard_distance_m,4.85061950638682
392.000,collisions,0
392.000,time_below_clearance_s,0.0
392.000,safety_zone_violations,0
392.000,min_ttc_s,16.547165440268845
392.000,avoid_success,1
392.000,avoid_timeout,0
392.000,q_convergence,0.8546395479935552
392.000,update_residual,0.08546395479935552
393.000,anomalies_detected,3
393.000,anomalies_unique,3
393.000,investigation_timeouts,0
393.000,mission_duration_s,349.0
393.000,distance_traveled_m,82.75549842748319
393.000,route_deviations,4
393.000,investigation_time_s,36.200000000000045
393.000,hazard_avoidances,1
393.000,min_hazard_distance_m,4.85061950638682
393.000,collisions,0
393.000,time_below_clearance_s,0.0
393.000,safety_zone_violations,0
393.000,min_ttc_s,16.547165440268845
393.000,avoid_success,1
393.000,avoid_timeout,0
393.000,q_convergence,0.7445480108309469
393.000,update_residual,0.0744548010830947
394.000,anomalies_detected,3
394.000,anomalies_unique,3
394.000,investigation_timeouts,0
394.000,mission_duration_s,350.0
394.000,distance_traveled_m,83.01757842171548
394.000,route_deviations,4
394.000,investigation_time_s,36.200000000000045
394.000,hazard_avoidances,1
394.000,min_hazard_distance_m,4.85061950638682
394.000,collisions,0
394.000,time_below_clearance_s,0.0
394.000,safety_zone_violations,0
394.000,min_ttc_s,16.547165440268845
394.000,avoid_success,1
394.000,avoid_timeout,0
394.000,q_convergence,0.6487127394503069
394.000,update_residual,0.06487127394503071
395.000,anomalies_detected,3
395.000,anomalies_unique,3
395.000,investigation_timeouts,0
395.000,mission_duration_s,351.0
395.000,distance_traveled_m,83.27965841387163
395.000,route_deviations,4
395.000,investigation_time_s,36.200000000000045
395.000,hazard_avoidances,1
395.000,min_hazard_distance_m,4.85061950638682
395.000,collisions,0
395.000,time_below_clearance_s,0.0
395.000,safety_zone_violations,0
395.000,min_ttc_s,16.547165440268845
395.000,avoid_success,1
395.000,avoid_timeout,0
395.000,q_convergence,1.092683680423775
395.000,update_residual,0.1092683680423775
396.000,anomalies_detected,3
396.000,anomalies_unique,3
396.000,investigation_timeouts,0
396.000,mission_duration_s,352.0
396.000,distance_traveled_m,83.53237840007804
396.000,route_deviations,4
396.000,investigation_time_s,36.200000000000045
396.000,hazard_avoidances,1
396.000,min_hazard_distance_m,4.85061950638682
396.000,collisions,0
396.000,time_below_clearance_s,0.0
396.000,safety_zone_violations,0
396.000,min_ttc_s,16.547165440268845
396.000,avoid_success,1
396.000,avoid_timeout,0
396.000,q_convergence,0.8461145185023194
396.000,update_residual,0.08461145185023193
397.000,anomalies_detected,3
397.000,anomalies_unique,3
397.000,investigation_timeouts,0
397.000,mission_duration_s,353.0
397.000,distance_traveled_m,83.79445839549263
397.000,route_deviations,4
397.000,investigation_time_s,36.200000000000045
397.000,hazard_avoidances,1
397.000,min_hazard_distance_m,4.85061950638682
397.000,collisions,0
397.000,time_below_clearance_s,0.0
397.000,safety_zone_violations,0
397.000,min_ttc_s,16.547165440268845
397.000,avoid_success,1
397.000,avoid_timeout,0
397.000,q_convergence,0.7371211444229082
397.000,update_residual,0.07371211444229084
398.000,anomalies_detected,3
398.000,anomalies_unique,3
398.000,investigation_timeouts,0
398.000,mission_duration_s,354.0
398.000,distance_traveled_m,84.05653838608501
398.000,route_deviations,4
398.000,investigation_time_s,36.200000000000045
398.000,hazard_avoidances,1
398.000,min_hazard_distance_m,4.85061950638682
398.000,collisions,0
398.000,time_below_clearance_s,0.0
398.000,safety_zone_violations,0
398.000,min_ttc_s,16.547165440268845
398.000,avoid_success,1
398.000,avoid_timeout,0
398.000,q_convergence,0.6422418298742903
398.000,update_residual,0.06422418298742903
399.000,anomalies_detected,3
399.000,anomalies_unique,3
399.000,investigation_timeouts,0
399.000,mission_duration_s,355.0
399.000,distance_traveled_m,84.31861834195756
399.000,route_deviations,4
399.000,investigation_time_s,36.200000000000045
399.000,hazard_avoidances,1
399.000,min_hazard_distance_m,4.85061950638682
399.000,collisions,0
399.000,time_below_clearance_s,0.0
399.000,safety_zone_violations,0
399.000,min_ttc_s,16.547165440268845
399.000,avoid_success,1
399.000,avoid_timeout,0
399.000,q_convergence,1.1141918392613768
399.000,update_residual,0.1114191839261377
400.000,anomalies_detected,3
400.000,anomalies_unique,3
400.000,investigation_timeouts,0
400.000,mission_duration_s,356.0
400.000,distance_traveled_m,84.5806983068667
400.000,route_deviations,4
400.000,investigation_time_s,36.200000000000045
400.000,hazard_avoidances,1
400.000,min_hazard_distance_m,4.85061950638682
400.000,collisions,0
400.000,time_below_clearance_s,0.0
400.000,safety_zone_violations,0
400.000,min_ttc_s,16.547165440268845
400.000,avoid_success,1
400.000,avoid_timeout,0
400.000,q_convergence,0.837674526180259
400.000,update_residual,0.08376745261802589
401.000,anomalies_detected,3
401.000,anomalies_unique,3
401.000,investigation_timeouts,0
401.000,mission_duration_s,357.0
401.000,distance_traveled_m,84.83341829553676
401.000,route_deviations,4
401.000,investigation_time_s,36.200000000000045
401.000,hazard_avoidances,1
401.000,min_hazard_distance_m,4.85061950638682
401.000,collisions,0
401.000,time_below_clearance_s,0.0
401.000,safety_zone_violations,0
401.000,min_ttc_s,16.547165440268845
401.000,avoid_success,1
401.000,avoid_timeout,0
401.000,q_convergence,0.7279835562689101
401.000,update_residual,0.072798355626891
402.000,anomalies_detected,3
402.000,anomalies_unique,3
402.000,investigation_timeouts,0
402.000,mission_duration_s,358.0
402.000,distance_traveled_m,85.09549827219463
402.000,route_deviations,4
402.000,investigation_time_s,36.200000000000045
402.000,hazard_avoidances,1
402.000,min_hazard_distance_m,4.85061950638682
402.000,collisions,0
402.000,time_below_clearance_s,0.0
402.000,safety_zone_violations,0
402.000,min_ttc_s,16.547165440268845
402.000,avoid_success,1
402.000,avoid_timeout,0
402.000,q_convergence,0.6342073801875402
402.000,update_residual,0.06342073801875402
403.000,anomalies_detected,3
403.000,anomalies_unique,3
403.000,investigation_timeouts,0
403.000,mission_duration_s,359.0
403.000,distance_traveled_m,85.3575782675792
403.000,route_deviations,4
403.000,investigation_time_s,36.200000000000045
403.000,hazard_avoidances,1
403.000,min_hazard_distance_m,4.85061950638682
403.000,collisions,0
403.000,time_below_clearance_s,0.0
403.000,safety_zone_violations,0
403.000,min_ttc_s,16.547165440268845
403.000,avoid_success,1
403.000,avoid_timeout,0
403.000,q_convergence,0.9256700544438317
403.000,update_residual,0.09256700544438315
404.000,anomalies_detected,3
404.000,anomalies_unique,3
404.000,investigation_timeouts,0
404.000,mission_duration_s,360.0
404.000,distance_traveled_m,85.61965825078065
404.000,route_deviations,4
404.000,investigation_time_s,36.200000000000045
404.000,hazard_avoidances,1
404.000,min_hazard_distance_m,4.85061950638682
404.000,collisions,0
404.000,time_below_clearance_s,0.0
404.000,safety_zone_violations,0
404.000,min_ttc_s,16.547165440268845
404.000,avoid_success,1
404.000,avoid_timeout,0
404.000,q_convergence,0.7249855596114114
404.000,update_residual,0.07249855596114115
405.000,anomalies_detected,3
405.000,anomalies_unique,3
405.000,investigation_timeouts,0
405.000,mission_duration_s,361.0
405.000,distance_traveled_m,85.87237822154601
405.000,route_deviations,4
405.000,investigation_time_s,36.200000000000045
405.000,hazard_avoidances,1
405.000,min_hazard_distance_m,4.85061950638682
405.000,collisions,0
405.000,time_below_clearance_s,0.0
405.000,safety_zone_violations,0
405.000,min_ttc_s,16.547165440268845
405.000,avoid_success,1
405.000,avoid_timeout,0
405.000,q_convergence,1.0237561627932006
405.000,update_residual,0.10237561627932006
406.000,anomalies_detected,3
406.000,anomalies_unique,3
406.000,investigation_timeouts,0
406.000,mission_duration_s,362.0
406.000,distance_traveled_m,86.1344581133978
406.000,route_deviations,4
406.000,investigation_time_s,36.200000000000045
406.000,hazard_avoidances,1
406.000,min_hazard_distance_m,4.85061950638682
406.000,collisions,0
406.000,time_below_clearance_s,0.0
406.000,safety_zone_violations,0
406.000,min_ttc_s,16.547165440268845
406.000,avoid_success,1
406.000,avoid_timeout,0
406.000,q_convergence,0.8697154889100347
406.000,update_residual,0.08697154889100352
407.000,anomalies_detected,3
407.000,anomalies_unique,3
407.000,investigation_timeouts,0
407.000,mission_duration_s,363.0
407.000,distance_traveled_m,86.32481988545379
407.000,route_deviations,4
407.000,investigation_time_s,36.200000000000045
407.000,hazard_avoidances,1
407.000,min_hazard_distance_m,4.85061950638682
407.000,collisions,0
407.000,time_below_clearance_s,0.0
407.000,safety_zone_violations,0
407.000,min_ttc_s,16.547165440268845
407.000,avoid_success,1
407.000,avoid_timeout,0
407.000,q_convergence,0.7685204898710387
407.000,update_residual,0.07685204898710386
407.000,anomalies_detected,3
407.000,anomalies_unique,3
407.000,investigation_timeouts,0
407.000,mission_duration_s,363.0
407.000,distance_traveled_m,86.32481988545379
407.000,route_deviations,4
407.000,investigation_time_s,36.200000000000045
407.000,hazard_avoidances,1
407.000,min_hazard_distance_m,4.85061950638682
407.000,collisions,0
407.000,time_below_clearance_s,0.0
407.000,safety_zone_violations,0
407.000,min_ttc_s,16.547165440268845
407.000,avoid_success,1
407.000,avoid_timeout,0
407.000,q_convergence,0.7685204898710387
407.000,update_residual,0.07685204898710386
408.000,anomalies_detected,3
408.000,anomalies_unique,3
408.000,investigation_timeouts,0
408.000,mission_duration_s,363.0
408.000,distance_traveled_m,86.32481988546387
408.000,route_deviations,4
408.000,investigation_time_s,36.200000000000045
408.000,hazard_avoidances,1
408.000,min_hazard_distance_m,4.85061950638682
408.000,collisions,0
408.000,time_below_clearance_s,0.0
408.000,safety_zone_violations,0
408.000,min_ttc_s,16.547165440268845
408.000,avoid_success,1
408.000,avoid_timeout,0
408.000,q_convergence,0.5471345918866526
408.000,update_residual,0.05471345918866527
409.000,anomalies_detected,3
409.000,anomalies_unique,3
409.000,investigation_timeouts,0
409.000,mission_duration_s,363.0
409.000,distance_traveled_m,86.32481988546463
409.000,route_deviations,4
409.000,investigation_time_s,36.200000000000045
409.000,hazard_avoidances,1
409.000,min_hazard_distance_m,4.85061950638682
409.000,collisions,0
409.000,time_below_clearance_s,0.0
409.000,safety_zone_violations,0
409.000,min_ttc_s,16.547165440268845
409.000,avoid_success,1
409.000,avoid_timeout,0
409.000,q_convergence,0.4754889560455288
409.000,update_residual,0.04754889560455288
410.000,anomalies_detected,3
410.000,anomalies_unique,3
410.000,investigation_timeouts,0
410.000,mission_duration_s,363.0
410.000,distance_traveled_m,86.32481988546463
410.000,route_deviations,4
410.000,investigation_time_s,36.200000000000045
410.000,hazard_avoidances,1
410.000,min_hazard_distance_m,4.85061950638682
410.000,collisions,0
410.000,time_below_clearance_s,0.0
410.000,safety_zone_violations,0
410.000,min_ttc_s,16.547165440268845
410.000,avoid_success,1
410.000,avoid_timeout,0
410.000,q_convergence,0.4132251016000554
410.000,update_residual,0.04132251016000555
411.000,anomalies_detected,3
411.000,anomalies_unique,3
411.000,investigation_timeouts,0
411.000,mission_duration_s,363.0
411.000,distance_traveled_m,86.32481988546463
411.000,route_deviations,4
411.000,investigation_time_s,36.200000000000045
411.000,hazard_avoidances,1
411.000,min_hazard_distance_m,4.85061950638682
411.000,collisions,0
411.000,time_below_clearance_s,0.0
411.000,safety_zone_violations,0
411.000,min_ttc_s,16.547165440268845
411.000,avoid_success,1
411.000,avoid_timeout,0
411.000,q_convergence,0.35999495710682605
411.000,update_residual,0.03599949571068261
412.000,anomalies_detected,3
412.000,anomalies_unique,3
412.000,investigation_timeouts,0
412.000,mission_duration_s,363.0
412.000,distance_traveled_m,86.32481988546463
412.000,route_deviations,4
412.000,investigation_time_s,36.200000000000045
412.000,hazard_avoidances,1
412.000,min_hazard_distance_m,4.85061950638682
412.000,collisions,0
412.000,time_below_clearance_s,0.0
412.000,safety_zone_violations,0
412.000,min_ttc_s,16.547165440268845
412.000,avoid_success,1
412.000,avoid_timeout,0
412.000,q_convergence,0.3136578318870691
412.000,update_residual,0.03136578318870691
413.000,anomalies_detected,3
413.000,anomalies_unique,3
413.000,investigation_timeouts,0
413.000,mission_duration_s,363.0
413.000,distance_traveled_m,86.32481988546463
413.000,route_deviations,4
413.000,investigation_time_s,36.200000000000045
413.000,hazard_avoidances,1
413.000,min_hazard_distance_m,4.85061950638682
413.000,collisions,0
413.000,time_below_clearance_s,0.0
413.000,safety_zone_violations,0
413.000,min_ttc_s,16.547165440268845
413.000,avoid_success,1
413.000,avoid_timeout,0
413.000,q_convergence,0.27258527837768887
413.000,update_residual,0.02725852783776889
414.000,anomalies_detected,3
414.000,anomalies_unique,3
414.000,investigation_timeouts,0
414.000,mission_duration_s,363.0
414.000,distance_traveled_m,86.32481988546463
414.000,route_deviations,4
414.000,investigation_time_s,36.200000000000045
414.000,hazard_avoidances,1
414.000,min_hazard_distance_m,4.85061950638682
414.000,collisions,0
414.000,time_below_clearance_s,0.0
414.000,safety_zone_violations,0
414.000,min_ttc_s,16.547165440268845
414.000,avoid_success,1
414.000,avoid_timeout,0
414.000,q_convergence,0.23689105271566918
414.000,update_residual,0.02368910527156692
