timestamp,metric,value
43.180,anomalies_detected,0
43.180,anomalies_unique,0
43.180,investigation_timeouts,0
43.180,mission_duration_s,0.0
43.180,distance_traveled_m,0.0
43.180,route_deviations,0
43.180,investigation_time_s,0.0
43.180,hazard_avoidances,0
43.180,min_hazard_distance_m,-1.0
43.180,collisions,0
43.180,time_below_clearance_s,0.0
43.180,safety_zone_violations,0
43.180,min_ttc_s,-1.0
43.180,avoid_success,0
43.180,avoid_timeout,0
43.180,q_convergence,0.0
43.180,update_residual,0.0
43.180,investigation_deferred,0
43.180,nav_aborted,0
43.180,nav_canceled,0
43.180,nav_rejected,0
43.180,run_seed,10
44.000,anomalies_detected,0
44.000,anomalies_unique,0
44.000,investigation_timeouts,0
44.000,mission_duration_s,0.0
44.000,distance_traveled_m,1.9920103330881275e-19
44.000,route_deviations,0
44.000,investigation_time_s,0.0
44.000,hazard_avoidances,0
44.000,min_hazard_distance_m,-1.0
44.000,collisions,0
44.000,time_below_clearance_s,0.0
44.000,safety_zone_violations,0
44.000,min_ttc_s,-1.0
44.000,avoid_success,0
44.000,avoid_timeout,0
44.000,q_convergence,0.0
44.000,update_residual,0.0
44.000,investigation_deferred,0
44.000,nav_aborted,0
44.000,nav_canceled,0
44.000,nav_rejected,0
44.000,run_seed,10
45.000,anomalies_detected,0
45.000,anomalies_unique,0
45.000,investigation_timeouts,0
45.000,mission_duration_s,1.0
45.000,distance_traveled_m,0.0885434149957841
45.000,route_deviations,0
45.000,investigation_time_s,0.0
45.000,hazard_avoidances,0
45.000,min_hazard_distance_m,-1.0
45.000,collisions,0
45.000,time_below_clearance_s,0.0
45.000,safety_zone_violations,0
45.000,min_ttc_s,-1.0
45.000,avoid_success,0
45.000,avoid_timeout,0
45.000,q_convergence,0.0
45.000,update_residual,0.0
45.000,investigation_deferred,0
45.000,nav_aborted,0
45.000,nav_canceled,0
45.000,nav_rejected,0
45.000,run_seed,10
46.000,anomalies_detected,0
46.000,anomalies_unique,0
46.000,investigation_timeouts,0
46.000,mission_duration_s,2.0
46.000,distance_traveled_m,0.34791757849897537
46.000,route_deviations,0
46.000,investigation_time_s,0.0
46.000,hazard_avoidances,0
46.000,min_hazard_distance_m,12.071490338899595
46.000,collisions,0
46.000,time_below_clearance_s,0.0
46.000,safety_zone_violations,0
46.000,min_ttc_s,29.078204531273403
46.000,avoid_success,0
46.000,avoid_timeout,0
46.000,q_convergence,0.0
46.000,update_residual,0.0
46.000,investigation_deferred,0
46.000,nav_aborted,0
46.000,nav_canceled,0
46.000,nav_rejected,0
46.000,run_seed,10
47.000,anomalies_detected,0
47.000,anomalies_unique,0
47.000,investigation_timeouts,0
47.000,mission_duration_s,3.0
47.000,distance_traveled_m,0.6099975255425114
47.000,route_deviations,0
47.000,investigation_time_s,0.0
47.000,hazard_avoidances,0
47.000,min_hazard_distance_m,11.867062372326352
47.000,collisions,0
47.000,time_below_clearance_s,0.0
47.000,safety_zone_violations,0
47.000,min_ttc_s,29.078204531273403
47.000,avoid_success,0
47.000,avoid_timeout,0
47.000,q_convergence,0.0
47.000,update_residual,0.0
47.000,investigation_deferred,0
47.000,nav_aborted,0
47.000,nav_canceled,0
47.000,nav_rejected,0
47.000,run_seed,10
48.000,anomalies_detected,0
48.000,anomalies_unique,0
48.000,investigation_timeouts,0
48.000,mission_duration_s,4.0
48.000,distance_traveled_m,0.8720774871896664
48.000,route_deviations,0
48.000,investigation_time_s,0.0
48.000,hazard_avoidances,0
48.000,min_hazard_distance_m,11.672640288417558
48.000,collisions,0
48.000,time_below_clearance_s,0.0
48.000,safety_zone_violations,0
48.000,min_ttc_s,29.078204531273403
48.000,avoid_success,0
48.000,avoid_timeout,0
48.000,q_convergence,0.0
48.000,update_residual,0.0
48.000,investigation_deferred,0
48.000,nav_aborted,0
48.000,nav_canceled,0
48.000,nav_rejected,0
48.000,run_seed,10
49.000,anomalies_detected,0
49.000,anomalies_unique,0
49.000,investigation_timeouts,0
49.000,mission_duration_s,5.0
49.000,distance_traveled_m,1.134157469641944
49.000,route_deviations,0
49.000,investigation_time_s,0.0
49.000,hazard_avoidances,0
49.000,min_hazard_distance_m,11.482663402942114
49.000,collisions,0
49.000,time_below_clearance_s,0.0
49.000,safety_zone_violations,0
49.000,min_ttc_s,29.078204531273403
49.000,avoid_success,0
49.000,avoid_timeout,0
49.000,q_convergence,0.0
49.000,update_residual,0.0
49.000,investigation_deferred,0
49.000,nav_aborted,0
49.000,nav_canceled,0
49.000,nav_rejected,0
49.000,run_seed,10
50.000,anomalies_detected,0
50.000,anomalies_unique,0
50.000,investigation_timeouts,0
50.000,mission_duration_s,6.0
50.000,distance_traveled_m,1.3868774653723883
50.000,route_deviations,0
50.000,investigation_time_s,0.0
50.000,hazard_avoidances,0
50.000,min_hazard_distance_m,11.284842475562773
50.000,collisions,0
50.000,time_below_clearance_s,0.0
50.000,safety_zone_violations,0
50.000,min_ttc_s,28.946740527364177
50.000,avoid_success,0
50.000,avoid_timeout,0
50.000,q_convergence,0.0
50.000,update_residual,0.0
50.000,investigation_deferred,0
50.000,nav_aborted,0
50.000,nav_canceled,0
50.000,nav_rejected,0
50.000,run_seed,10
51.000,anomalies_detected,0
51.000,anomalies_unique,0
51.000,investigation_timeouts,0
51.000,mission_duration_s,7.0
51.000,distance_traveled_m,1.6489574594235892
51.000,route_deviations,0
51.000,investigation_time_s,0.0
51.000,hazard_avoidances,0
51.000,min_hazard_distance_m,11.095852169079507
51.000,collisions,0
51.000,time_below_clearance_s,0.0
51.000,safety_zone_violations,0
51.000,min_ttc_s,28.651820193729083
51.000,avoid_success,0
51.000,avoid_timeout,0
51.000,q_convergence,0.0
51.000,update_residual,0.0
51.000,investigation_deferred,0
51.000,nav_aborted,0
51.000,nav_canceled,0
51.000,nav_rejected,0
51.000,run_seed,10
52.000,anomalies_detected,0
52.000,anomalies_unique,0
52.000,investigation_timeouts,0
52.000,mission_duration_s,8.0
52.000,distance_traveled_m,1.9110374536681116
52.000,route_deviations,0
52.000,investigation_time_s,0.0
52.000,hazard_avoidances,0
52.000,min_hazard_distance_m,10.894032861755512
52.000,collisions,0
52.000,time_below_clearance_s,0.0
52.000,safety_zone_violations,0
52.000,min_ttc_s,28.40263278772795
52.000,avoid_success,0
52.000,avoid_timeout,0
52.000,q_convergence,0.0
52.000,update_residual,0.0
52.000,investigation_deferred,0
52.000,nav_aborted,0
52.000,nav_canceled,0
52.000,nav_rejected,0
52.000,run_seed,10
53.000,anomalies_detected,0
53.000,anomalies_unique,0
53.000,investigation_timeouts,0
53.000,mission_duration_s,9.0
53.000,distance_traveled_m,2.1731174316268667
53.000,route_deviations,0
53.000,investigation_time_s,0.0
53.000,hazard_avoidances,0
53.000,min_hazard_distance_m,10.705382410118537
53.000,collisions,0
53.000,time_below_clearance_s,0.0
53.000,safety_zone_violations,0
53.000,min_ttc_s,28.40263278772795
53.000,avoid_success,0
53.000,avoid_timeout,0
53.000,q_convergence,0.0
53.000,update_residual,0.0
53.000,investigation_deferred,0
53.000,nav_aborted,0
53.000,nav_canceled,0
53.000,nav_rejected,0
53.000,run_seed,10
54.000,anomalies_detected,0
54.000,anomalies_unique,0
54.000,investigation_timeouts,0
54.000,mission_duration_s,10.0
54.000,distance_traveled_m,2.4258370175407853
54.000,route_deviations,0
54.000,investigation_time_s,0.0
54.000,hazard_avoidances,0
54.000,min_hazard_distance_m,10.51232523057376
54.000,collisions,0
54.000,time_below_clearance_s,0.0
54.000,safety_zone_violations,0
54.000,min_ttc_s,25.355378370156977
54.000,avoid_success,0
54.000,avoid_timeout,0
54.000,q_convergence,0.0
54.000,update_residual,0.0
54.000,investigation_deferred,0
54.000,nav_aborted,0
54.000,nav_canceled,0
54.000,nav_rejected,0
54.000,run_seed,10
55.000,anomalies_detected,0
55.000,anomalies_unique,0
55.000,investigation_timeouts,0
55.000,mission_duration_s,11.0
55.000,distance_traveled_m,2.6879169904600233
55.000,route_deviations,0
55.000,investigation_time_s,0.0
55.000,hazard_avoidances,0
55.000,min_hazard_distance_m,10.30576140446062
55.000,collisions,0
55.000,time_below_clearance_s,0.0
55.000,safety_zone_violations,0
55.000,min_ttc_s,25.355378370156977
55.000,avoid_success,0
55.000,avoid_timeout,0
55.000,q_convergence,0.0
55.000,update_residual,0.0
55.000,investigation_deferred,0
55.000,nav_aborted,0
55.000,nav_canceled,0
55.000,nav_rejected,0
55.000,run_seed,10
56.000,anomalies_detected,0
56.000,anomalies_unique,0
56.000,investigation_timeouts,0
56.000,mission_duration_s,12.0
56.000,distance_traveled_m,2.949996984535633
56.000,route_deviations,0
56.000,investigation_time_s,0.0
56.000,hazard_avoidances,0
56.000,min_hazard_distance_m,10.114300599925274
56.000,collisions,0
56.000,time_below_clearance_s,0.0
56.000,safety_zone_violations,0
56.000,min_ttc_s,25.355378370156977
56.000,avoid_success,0
56.000,avoid_timeout,0
56.000,q_convergence,0.0
56.000,update_residual,0.0
56.000,investigation_deferred,0
56.000,nav_aborted,0
56.000,nav_canceled,0
56.000,nav_rejected,0
56.000,run_seed,10
57.000,anomalies_detected,0
57.000,anomalies_unique,0
57.000,investigation_timeouts,0
57.000,mission_duration_s,13.0
57.000,distance_traveled_m,3.21207693051518
57.000,route_deviations,0
57.000,investigation_time_s,0.0
57.000,hazard_avoidances,0
57.000,min_hazard_distance_m,9.909268621472881
57.000,collisions,0
57.000,time_below_clearance_s,0.0
57.000,safety_zone_violations,0
57.000,min_ttc_s,25.355378370156977
57.000,avoid_success,0
57.000,avoid_timeout,0
57.000,q_convergence,0.0
57.000,update_residual,0.0
57.000,investigation_deferred,0
57.000,nav_aborted,0
57.000,nav_canceled,0
57.000,nav_rejected,0
57.000,run_seed,10
58.000,anomalies_detected,0
58.000,anomalies_unique,0
58.000,investigation_timeouts,0
58.000,mission_duration_s,14.0
58.000,distance_traveled_m,3.4741568910278344
58.000,route_deviations,0
58.000,investigation_time_s,0.0
58.000,hazard_avoidances,0
58.000,min_hazard_distance_m,9.713033707811027
58.000,collisions,0
58.000,time_below_clearance_s,0.0
58.000,safety_zone_violations,0
58.000,min_ttc_s,25.354520018847843
58.000,avoid_success,0
58.000,avoid_timeout,0
58.000,q_convergence,0.0
58.000,update_residual,0.0
58.000,investigation_deferred,0
58.000,nav_aborted,0
58.000,nav_canceled,0
58.000,nav_rejected,0
58.000,run_seed,10
59.000,anomalies_detected,0
59.000,anomalies_unique,0
59.000,investigation_timeouts,0
59.000,mission_duration_s,15.0
59.000,distance_traveled_m,3.7268768449465606
59.000,route_deviations,0
59.000,investigation_time_s,0.0
59.000,hazard_avoidances,0
59.000,min_hazard_distance_m,9.528993034854315
59.000,collisions,0
59.000,time_below_clearance_s,0.0
59.000,safety_zone_violations,0
59.000,min_ttc_s,24.917553226865703
59.000,avoid_success,0
59.000,avoid_timeout,0
59.000,q_convergence,0.0
59.000,update_residual,0.0
59.000,investigation_deferred,0
59.000,nav_aborted,0
59.000,nav_canceled,0
59.000,nav_rejected,0
59.000,run_seed,10
60.000,anomalies_detected,0
60.000,anomalies_unique,0
60.000,investigation_timeouts,0
60.000,mission_duration_s,16.0
60.000,distance_traveled_m,3.988956813068578
60.000,route_deviations,0
60.000,investigation_time_s,0.0
60.000,hazard_avoidances,0
60.000,min_hazard_distance_m,9.339133499947707
60.000,collisions,0
60.000,time_below_clearance_s,0.0
60.000,safety_zone_violations,0
60.000,min_ttc_s,24.917553226865703
60.000,avoid_success,0
60.000,avoid_timeout,0
60.000,q_convergence,0.0
60.000,update_residual,0.0
60.000,investigation_deferred,0
60.000,nav_aborted,0
60.000,nav_canceled,0
60.000,nav_rejected,0
60.000,run_seed,10
61.000,anomalies_detected,0
61.000,anomalies_unique,0
61.000,investigation_timeouts,0
61.000,mission_duration_s,17.0
61.000,distance_traveled_m,4.251035896079884
61.000,route_deviations,0
61.000,investigation_time_s,0.0
61.000,hazard_avoidances,0
61.000,min_hazard_distance_m,9.145841156026494
61.000,collisions,0
61.000,time_below_clearance_s,0.0
61.000,safety_zone_violations,0
61.000,min_ttc_s,21.617821849667333
61.000,avoid_success,0
61.000,avoid_timeout,0
61.000,q_convergence,0.0
61.000,update_residual,0.0
61.000,investigation_deferred,0
61.000,nav_aborted,0
61.000,nav_canceled,0
61.000,nav_rejected,0
61.000,run_seed,10
62.000,anomalies_detected,0
62.000,anomalies_unique,0
62.000,investigation_timeouts,0
62.000,mission_duration_s,18.0
62.000,distance_traveled_m,4.513115742737663
62.000,route_deviations,0
62.000,investigation_time_s,0.0
62.000,hazard_avoidances,0
62.000,min_hazard_distance_m,8.931967635573605
62.000,collisions,0
62.000,time_below_clearance_s,0.0
62.000,safety_zone_violations,0
62.000,min_ttc_s,20.24530988931901
62.000,avoid_success,0
62.000,avoid_timeout,0
62.000,q_convergence,0.0
62.000,update_residual,0.0
62.000,investigation_deferred,0
62.000,nav_aborted,0
62.000,nav_canceled,0
62.000,nav_rejected,0
62.000,run_seed,10
63.000,anomalies_detected,0
63.000,anomalies_unique,0
63.000,investigation_timeouts,0
63.000,mission_duration_s,19.0
63.000,distance_traveled_m,4.7658356867440705
63.000,route_deviations,0
63.000,investigation_time_s,0.0
63.000,hazard_avoidances,0
63.000,min_hazard_distance_m,8.713194492243531
63.000,collisions,0
63.000,time_below_clearance_s,0.0
63.000,safety_zone_violations,0
63.000,min_ttc_s,20.080467056198138
63.000,avoid_success,0
63.000,avoid_timeout,0
63.000,q_convergence,0.0
63.000,update_residual,0.0
63.000,investigation_deferred,0
63.000,nav_aborted,0
63.000,nav_canceled,0
63.000,nav_rejected,0
63.000,run_seed,10
64.000,anomalies_detected,0
64.000,anomalies_unique,0
64.000,investigation_timeouts,0
64.000,mission_duration_s,20.0
64.000,distance_traveled_m,5.027915626048247
64.000,route_deviations,0
64.000,investigation_time_s,0.0
64.000,hazard_avoidances,0
64.000,min_hazard_distance_m,8.510967851128946
64.000,collisions,0
64.000,time_below_clearance_s,0.0
64.000,safety_zone_violations,0
64.000,min_ttc_s,20.080467056198138
64.000,avoid_success,0
64.000,avoid_timeout,0
64.000,q_convergence,0.0
64.000,update_residual,0.0
64.000,investigation_deferred,0
64.000,nav_aborted,0
64.000,nav_canceled,0
64.000,nav_rejected,0
64.000,run_seed,10
65.000,anomalies_detected,0
65.000,anomalies_unique,0
65.000,investigation_timeouts,0
65.000,mission_duration_s,21.0
65.000,distance_traveled_m,5.2899956106046035
65.000,route_deviations,0
65.000,investigation_time_s,0.0
65.000,hazard_avoidances,0
65.000,min_hazard_distance_m,8.293042610409575
65.000,collisions,0
65.000,time_below_clearance_s,0.0
65.000,safety_zone_violations,0
65.000,min_ttc_s,20.039051088874906
65.000,avoid_success,0
65.000,avoid_timeout,0
65.000,q_convergence,0.0
65.000,update_residual,0.0
65.000,investigation_deferred,0
65.000,nav_aborted,0
65.000,nav_canceled,0
65.000,nav_rejected,0
65.000,run_seed,10
66.000,anomalies_detected,0
66.000,anomalies_unique,0
66.000,investigation_timeouts,0
66.000,mission_duration_s,22.0
66.000,distance_traveled_m,5.552075570488181
66.000,route_deviations,0
66.000,investigation_time_s,0.0
66.000,hazard_avoidances,0
66.000,min_hazard_distance_m,8.090650322724732
66.000,collisions,0
66.000,time_below_clearance_s,0.0
66.000,safety_zone_violations,0
66.000,min_ttc_s,20.039051088874906
66.000,avoid_success,0
66.000,avoid_timeout,0
66.000,q_convergence,0.0
66.000,update_residual,0.0
66.000,investigation_deferred,0
66.000,nav_aborted,0
66.000,nav_canceled,0
66.000,nav_rejected,0
66.000,run_seed,10
67.000,anomalies_detected,0
67.000,anomalies_unique,0
67.000,investigation_timeouts,0
67.000,mission_duration_s,23.0
67.000,distance_traveled_m,5.81415556761439
67.000,route_deviations,0
67.000,investigation_time_s,0.0
67.000,hazard_avoidances,0
67.000,min_hazard_distance_m,7.888989316569666
67.000,collisions,0
67.000,time_below_clearance_s,0.0
67.000,safety_zone_violations,0
67.000,min_ttc_s,19.871279239158767
67.000,avoid_success,0
67.000,avoid_timeout,0
67.000,q_convergence,0.0
67.000,update_residual,0.0
67.000,investigation_deferred,0
67.000,nav_aborted,0
67.000,nav_canceled,0
67.000,nav_rejected,0
67.000,run_seed,10
68.000,anomalies_detected,0
68.000,anomalies_unique,0
68.000,investigation_timeouts,0
68.000,mission_duration_s,24.0
68.000,distance_traveled_m,6.066875541104379
68.000,route_deviations,0
68.000,investigation_time_s,0.0
68.000,hazard_avoidances,0
68.000,min_hazard_distance_m,7.705578272717331
68.000,collisions,0
68.000,time_below_clearance_s,0.0
68.000,safety_zone_violations,0
68.000,min_ttc_s,19.871279239158767
68.000,avoid_success,0
68.000,avoid_timeout,0
68.000,q_convergence,0.0
68.000,update_residual,0.0
68.000,investigation_deferred,0
68.000,nav_aborted,0
68.000,nav_canceled,0
68.000,nav_rejected,0
68.000,run_seed,10
69.000,anomalies_detected,0
69.000,anomalies_unique,0
69.000,investigation_timeouts,0
69.000,mission_duration_s,25.0
69.000,distance_traveled_m,6.3289555228388705
69.000,route_deviations,0
69.000,investigation_time_s,0.0
69.000,hazard_avoidances,0
69.000,min_hazard_distance_m,7.502228400374233
69.000,collisions,0
69.000,time_below_clearance_s,0.0
69.000,safety_zone_violations,0
69.000,min_ttc_s,19.400608905401054
69.000,avoid_success,0
69.000,avoid_timeout,0
69.000,q_convergence,0.0
69.000,update_residual,0.0
69.000,investigation_deferred,0
69.000,nav_aborted,0
69.000,nav_canceled,0
69.000,nav_rejected,0
69.000,run_seed,10
70.000,anomalies_detected,0
70.000,anomalies_unique,0
70.000,investigation_timeouts,0
70.000,mission_duration_s,26.0
70.000,distance_traveled_m,6.5910354674213165
70.000,route_deviations,0
70.000,investigation_time_s,0.0
70.000,hazard_avoidances,0
70.000,min_hazard_distance_m,7.3160846280919
70.000,collisions,0
70.000,time_below_clearance_s,0.0
70.000,safety_zone_violations,0
70.000,min_ttc_s,19.400608905401054
70.000,avoid_success,0
70.000,avoid_timeout,0
70.000,q_convergence,0.0
70.000,update_residual,0.0
70.000,investigation_deferred,0
70.000,nav_aborted,0
70.000,nav_canceled,0
70.000,nav_rejected,0
70.000,run_seed,10
71.000,anomalies_detected,0
71.000,anomalies_unique,0
71.000,investigation_timeouts,0
71.000,mission_duration_s,27.0
71.000,distance_traveled_m,6.853115447499735
71.000,route_deviations,0
71.000,investigation_time_s,0.0
71.000,hazard_avoidances,0
71.000,min_hazard_distance_m,7.1288552531490215
71.000,collisions,0
71.000,time_below_clearance_s,0.0
71.000,safety_zone_violations,0
71.000,min_ttc_s,19.400608905401054
71.000,avoid_success,0
71.000,avoid_timeout,0
71.000,q_convergence,0.0
71.000,update_residual,0.0
71.000,investigation_deferred,0
71.000,nav_aborted,0
71.000,nav_canceled,0
71.000,nav_rejected,0
71.000,run_seed,10
72.000,anomalies_detected,0
72.000,anomalies_unique,0
72.000,investigation_timeouts,0
72.000,mission_duration_s,28.0
72.000,distance_traveled_m,7.105835410933003
72.000,route_deviations,0
72.000,investigation_time_s,0.0
72.000,hazard_avoidances,0
72.000,min_hazard_distance_m,6.957310172660436
72.000,collisions,0
72.000,time_below_clearance_s,0.0
72.000,safety_zone_violations,0
72.000,min_ttc_s,19.400608905401054
72.000,avoid_success,0
72.000,avoid_timeout,0
72.000,q_convergence,0.0
72.000,update_residual,0.0
72.000,investigation_deferred,0
72.000,nav_aborted,0
72.000,nav_canceled,0
72.000,nav_rejected,0
72.000,run_seed,10
73.000,anomalies_detected,0
73.000,anomalies_unique,0
73.000,investigation_timeouts,0
73.000,mission_duration_s,29.0
73.000,distance_traveled_m,7.367915376784652
73.000,route_deviations,0
73.000,investigation_time_s,0.0
73.000,hazard_avoidances,0
73.000,min_hazard_distance_m,6.787281922603989
73.000,collisions,0
73.000,time_below_clearance_s,0.0
73.000,safety_zone_violations,0
73.000,min_ttc_s,19.381770452111844
73.000,avoid_success,0
73.000,avoid_timeout,0
73.000,q_convergence,0.0
73.000,update_residual,0.0
73.000,investigation_deferred,0
73.000,nav_aborted,0
73.000,nav_canceled,0
73.000,nav_rejected,0
73.000,run_seed,10
74.000,anomalies_detected,0
74.000,anomalies_unique,0
74.000,investigation_timeouts,0
74.000,mission_duration_s,30.0
74.000,distance_traveled_m,7.629995367140995
74.000,route_deviations,0
74.000,investigation_time_s,0.0
74.000,hazard_avoidances,0
74.000,min_hazard_distance_m,6.604847726565627
74.000,collisions,0
74.000,time_below_clearance_s,0.0
74.000,safety_zone_violations,0
74.000,min_ttc_s,19.074898550587537
74.000,avoid_success,0
74.000,avoid_timeout,0
74.000,q_convergence,0.0
74.000,update_residual,0.0
74.000,investigation_deferred,0
74.000,nav_aborted,0
74.000,nav_canceled,0
74.000,nav_rejected,0
74.000,run_seed,10
75.000,anomalies_detected,0
75.000,anomalies_unique,0
75.000,investigation_timeouts,0
75.000,mission_duration_s,31.0
75.000,distance_traveled_m,7.892075354291035
75.000,route_deviations,0
75.000,investigation_time_s,0.0
75.000,hazard_avoidances,0
75.000,min_hazard_distance_m,6.428750048068351
75.000,collisions,0
75.000,time_below_clearance_s,0.0
75.000,safety_zone_violations,0
75.000,min_ttc_s,18.536950912067358
75.000,avoid_success,0
75.000,avoid_timeout,0
75.000,q_convergence,0.0
75.000,update_residual,0.0
75.000,investigation_deferred,0
75.000,nav_aborted,0
75.000,nav_canceled,0
75.000,nav_rejected,0
75.000,run_seed,10
76.000,anomalies_detected,0
76.000,anomalies_unique,0
76.000,investigation_timeouts,0
76.000,mission_duration_s,32.0
76.000,distance_traveled_m,8.154155350388127
76.000,route_deviations,0
76.000,investigation_time_s,0.0
76.000,hazard_avoidances,0
76.000,min_hazard_distance_m,6.254963446239905
76.000,collisions,0
76.000,time_below_clearance_s,0.0
76.000,safety_zone_violations,0
76.000,min_ttc_s,18.413644672319077
76.000,avoid_success,0
76.000,avoid_timeout,0
76.000,q_convergence,0.0
76.000,update_residual,0.0
76.000,investigation_deferred,0
76.000,nav_aborted,0
76.000,nav_canceled,0
76.000,nav_rejected,0
76.000,run_seed,10
77.000,anomalies_detected,0
77.000,anomalies_unique,0
77.000,investigation_timeouts,0
77.000,mission_duration_s,33.0
77.000,distance_traveled_m,8.40687534841959
77.000,route_deviations,0
77.000,investigation_time_s,0.0
77.000,hazard_avoidances,0
77.000,min_hazard_distance_m,6.092336476227461
77.000,collisions,0
77.000,time_below_clearance_s,0.0
77.000,safety_zone_violations,0
77.000,min_ttc_s,18.413644672319077
77.000,avoid_success,0
77.000,avoid_timeout,0
77.000,q_convergence,0.0
77.000,update_residual,0.0
77.000,investigation_deferred,0
77.000,nav_aborted,0
77.000,nav_canceled,0
77.000,nav_rejected,0
77.000,run_seed,10
78.000,anomalies_detected,0
78.000,anomalies_unique,0
78.000,investigation_timeouts,0
78.000,mission_duration_s,34.0
78.000,distance_traveled_m,8.668955346728662
78.000,route_deviations,0
78.000,investigation_time_s,0.0
78.000,hazard_avoidances,0
78.000,min_hazard_distance_m,5.930282743231748
78.000,collisions,0
78.000,time_below_clearance_s,0.0
78.000,safety_zone_violations,0
78.000,min_ttc_s,18.413644672319077
78.000,avoid_success,0
78.000,avoid_timeout,0
78.000,q_convergence,0.0
78.000,update_residual,0.0
78.000,investigation_deferred,0
78.000,nav_aborted,0
78.000,nav_canceled,0
78.000,nav_rejected,0
78.000,run_seed,10
79.000,anomalies_detected,0
79.000,anomalies_unique,0
79.000,investigation_timeouts,0
79.000,mission_duration_s,35.0
79.000,distance_traveled_m,8.931035344020156
79.000,route_deviations,0
79.000,investigation_time_s,0.0
79.000,hazard_avoidances,0
79.000,min_hazard_distance_m,5.7747101813061175
79.000,collisions,0
79.000,time_below_clearance_s,0.0
79.000,safety_zone_violations,0
79.000,min_ttc_s,18.413644672319077
79.000,avoid_success,0
79.000,avoid_timeout,0
79.000,q_convergence,0.0
79.000,update_residual,0.0
79.000,investigation_deferred,0
79.000,nav_aborted,0
79.000,nav_canceled,0
79.000,nav_rejected,0
79.000,run_seed,10
80.000,anomalies_detected,0
80.000,anomalies_unique,0
80.000,investigation_timeouts,0
80.000,mission_duration_s,36.0
80.000,distance_traveled_m,9.193115342441722
80.000,route_deviations,0
80.000,investigation_time_s,0.0
80.000,hazard_avoidances,0
80.000,min_hazard_distance_m,5.627386176163085
80.000,collisions,0
80.000,time_below_clearance_s,0.0
80.000,safety_zone_violations,0
80.000,min_ttc_s,18.413644672319077
80.000,avoid_success,0
80.000,avoid_timeout,0
80.000,q_convergence,0.0
80.000,update_residual,0.0
80.000,investigation_deferred,0
80.000,nav_aborted,0
80.000,nav_canceled,0
80.000,nav_rejected,0
80.000,run_seed,10
81.000,anomalies_detected,0
81.000,anomalies_unique,0
81.000,investigation_timeouts,0
81.000,mission_duration_s,37.0
81.000,distance_traveled_m,9.445835340782487
81.000,route_deviations,0
81.000,investigation_time_s,0.0
81.000,hazard_avoidances,0
81.000,min_hazard_distance_m,5.493510376843886
81.000,collisions,0
81.000,time_below_clearance_s,0.0
81.000,safety_zone_violations,0
81.000,min_ttc_s,18.413644672319077
81.000,avoid_success,0
81.000,avoid_timeout,0
81.000,q_convergence,0.0
81.000,update_residual,0.0
81.000,investigation_deferred,0
81.000,nav_aborted,0
81.000,nav_canceled,0
81.000,nav_rejected,0
81.000,run_seed,10
82.000,anomalies_detected,0
82.000,anomalies_unique,0
82.000,investigation_timeouts,0
82.000,mission_duration_s,38.0
82.000,distance_traveled_m,9.70791533793708
82.000,route_deviations,0
82.000,investigation_time_s,0.0
82.000,hazard_avoidances,0
82.000,min_hazard_distance_m,5.367472285294128
82.000,collisions,0
82.000,time_below_clearance_s,0.0
82.000,safety_zone_violations,0
82.000,min_ttc_s,18.413644672319077
82.000,avoid_success,0
82.000,avoid_timeout,0
82.000,q_convergence,0.0
82.000,update_residual,0.0
82.000,investigation_deferred,0
82.000,nav_aborted,0
82.000,nav_canceled,0
82.000,nav_rejected,0
82.000,run_seed,10
83.000,anomalies_detected,0
83.000,anomalies_unique,0
83.000,investigation_timeouts,0
83.000,mission_duration_s,39.0
83.000,distance_traveled_m,9.9699953359145
83.000,route_deviations,0
83.000,investigation_time_s,0.0
83.000,hazard_avoidances,0
83.000,min_hazard_distance_m,5.2427132480856535
83.000,collisions,0
83.000,time_below_clearance_s,0.0
83.000,safety_zone_violations,0
83.000,min_ttc_s,18.413644672319077
83.000,avoid_success,0
83.000,avoid_timeout,0
83.000,q_convergence,0.0
83.000,update_residual,0.0
83.000,investigation_deferred,0
83.000,nav_aborted,0
83.000,nav_canceled,0
83.000,nav_rejected,0
83.000,run_seed,10
84.000,anomalies_detected,0
84.000,anomalies_unique,0
84.000,investigation_timeouts,0
84.000,mission_duration_s,40.0
84.000,distance_traveled_m,10.232075334137296
84.000,route_deviations,0
84.000,investigation_time_s,0.0
84.000,hazard_avoidances,0
84.000,min_hazard_distance_m,5.1333961774139105
84.000,collisions,0
84.000,time_below_clearance_s,0.0
84.000,safety_zone_violations,0
84.000,min_ttc_s,18.413644672319077
84.000,avoid_success,0
84.000,avoid_timeout,0
84.000,q_convergence,0.0
84.000,update_residual,0.0
84.000,investigation_deferred,0
84.000,nav_aborted,0
84.000,nav_canceled,0
84.000,nav_rejected,0
84.000,run_seed,10
85.000,anomalies_detected,0
85.000,anomalies_unique,0
85.000,investigation_timeouts,0
85.000,mission_duration_s,41.0
85.000,distance_traveled_m,10.494155331367546
85.000,route_deviations,0
85.000,investigation_time_s,0.0
85.000,hazard_avoidances,0
85.000,min_hazard_distance_m,5.035101520436798
85.000,collisions,0
85.000,time_below_clearance_s,0.0
85.000,safety_zone_violations,0
85.000,min_ttc_s,18.413644672319077
85.000,avoid_success,0
85.000,avoid_timeout,0
85.000,q_convergence,0.0
85.000,update_residual,0.0
85.000,investigation_deferred,0
85.000,nav_aborted,0
85.000,nav_canceled,0
85.000,nav_rejected,0
85.000,run_seed,10
86.000,anomalies_detected,0
86.000,anomalies_unique,0
86.000,investigation_timeouts,0
86.000,mission_duration_s,42.0
86.000,distance_traveled_m,10.746875329736541
86.000,route_deviations,0
86.000,investigation_time_s,0.0
86.000,hazard_avoidances,0
86.000,min_hazard_distance_m,4.951425673290784
86.000,collisions,0
86.000,time_below_clearance_s,0.0
86.000,safety_zone_violations,0
86.000,min_ttc_s,18.413644672319077
86.000,avoid_success,0
86.000,avoid_timeout,0
86.000,q_convergence,0.0
86.000,update_residual,0.0
86.000,investigation_deferred,0
86.000,nav_aborted,0
86.000,nav_canceled,0
86.000,nav_rejected,0
86.000,run_seed,10
87.000,anomalies_detected,0
87.000,anomalies_unique,0
87.000,investigation_timeouts,0
87.000,mission_duration_s,43.0
87.000,distance_traveled_m,11.008955327817146
87.000,route_deviations,0
87.000,investigation_time_s,0.0
87.000,hazard_avoidances,0
87.000,min_hazard_distance_m,4.877596378653857
87.000,collisions,0
87.000,time_below_clearance_s,0.0
87.000,safety_zone_violations,0
87.000,min_ttc_s,18.413644672319077
87.000,avoid_success,0
87.000,avoid_timeout,0
87.000,q_convergence,0.0
87.000,update_residual,0.0
87.000,investigation_deferred,0
87.000,nav_aborted,0
87.000,nav_canceled,0
87.000,nav_rejected,0
87.000,run_seed,10
88.000,anomalies_detected,0
88.000,anomalies_unique,0
88.000,investigation_timeouts,0
88.000,mission_duration_s,44.0
88.000,distance_traveled_m,11.271035324940202
88.000,route_deviations,0
88.000,investigation_time_s,0.0
88.000,hazard_avoidances,0
88.000,min_hazard_distance_m,4.816556082722751
88.000,collisions,0
88.000,time_below_clearance_s,0.0
88.000,safety_zone_violations,0
88.000,min_ttc_s,18.413644672319077
88.000,avoid_success,0
88.000,avoid_timeout,0
88.000,q_convergence,0.0
88.000,update_residual,0.0
88.000,investigation_deferred,0
88.000,nav_aborted,0
88.000,nav_canceled,0
88.000,nav_rejected,0
88.000,run_seed,10
89.000,anomalies_detected,0
89.000,anomalies_unique,0
89.000,investigation_timeouts,0
89.000,mission_duration_s,45.0
89.000,distance_traveled_m,11.533115323170636
89.000,route_deviations,0
89.000,investigation_time_s,0.0
89.000,hazard_avoidances,0
89.000,min_hazard_distance_m,4.76874213263917
89.000,collisions,0
89.000,time_below_clearance_s,0.0
89.000,safety_zone_violations,0
89.000,min_ttc_s,18.413644672319077
89.000,avoid_success,0
89.000,avoid_timeout,0
89.000,q_convergence,0.0
89.000,update_residual,0.0
89.000,investigation_deferred,0
89.000,nav_aborted,0
89.000,nav_canceled,0
89.000,nav_rejected,0
89.000,run_seed,10
90.000,anomalies_detected,0
90.000,anomalies_unique,0
90.000,investigation_timeouts,0
90.000,mission_duration_s,46.0
90.000,distance_traveled_m,11.785835321622752
90.000,route_deviations,0
90.000,investigation_time_s,0.0
90.000,hazard_avoidances,0
90.000,min_hazard_distance_m,4.736331916051157
90.000,collisions,0
90.000,time_below_clearance_s,0.0
90.000,safety_zone_violations,0
90.000,min_ttc_s,18.413644672319077
90.000,avoid_success,0
90.000,avoid_timeout,0
90.000,q_convergence,0.0
90.000,update_residual,0.0
90.000,investigation_deferred,0
90.000,nav_aborted,0
90.000,nav_canceled,0
90.000,nav_rejected,0
90.000,run_seed,10
91.000,anomalies_detected,0
91.000,anomalies_unique,0
91.000,investigation_timeouts,0
91.000,mission_duration_s,47.0
91.000,distance_traveled_m,12.047915318401621
91.000,route_deviations,0
91.000,investigation_time_s,0.0
91.000,hazard_avoidances,0
91.000,min_hazard_distance_m,4.716882631203175
91.000,collisions,0
91.000,time_below_clearance_s,0.0
91.000,safety_zone_violations,0
91.000,min_ttc_s,18.413644672319077
91.000,avoid_success,0
91.000,avoid_timeout,0
91.000,q_convergence,0.0
91.000,update_residual,0.0
91.000,investigation_deferred,0
91.000,nav_aborted,0
91.000,nav_canceled,0
91.000,nav_rejected,0
91.000,run_seed,10
92.000,anomalies_detected,0
92.000,anomalies_unique,0
92.000,investigation_timeouts,0
92.000,mission_duration_s,48.0
92.000,distance_traveled_m,12.309995317169337
92.000,route_deviations,0
92.000,investigation_time_s,0.0
92.000,hazard_avoidances,0
92.000,min_hazard_distance_m,4.711435012227831
92.000,collisions,0
92.000,time_below_clearance_s,0.0
92.000,safety_zone_violations,0
92.000,min_ttc_s,18.413644672319077
92.000,avoid_success,0
92.000,avoid_timeout,0
92.000,q_convergence,0.0
92.000,update_residual,0.0
92.000,investigation_deferred,0
92.000,nav_aborted,0
92.000,nav_canceled,0
92.000,nav_rejected,0
92.000,run_seed,10
93.000,anomalies_detected,0
93.000,anomalies_unique,0
93.000,investigation_timeouts,0
93.000,mission_duration_s,49.0
93.000,distance_traveled_m,12.572075315394272
93.000,route_deviations,0
93.000,investigation_time_s,0.0
93.000,hazard_avoidances,0
93.000,min_hazard_distance_m,4.711435012227831
93.000,collisions,0
93.000,time_below_clearance_s,0.0
93.000,safety_zone_violations,0
93.000,min_ttc_s,18.413644672319077
93.000,avoid_success,0
93.000,avoid_timeout,0
93.000,q_convergence,0.0
93.000,update_residual,0.0
93.000,investigation_deferred,0
93.000,nav_aborted,0
93.000,nav_canceled,0
93.000,nav_rejected,0
93.000,run_seed,10
94.000,anomalies_detected,0
94.000,anomalies_unique,0
94.000,investigation_timeouts,0
94.000,mission_duration_s,50.0
94.000,distance_traveled_m,12.834155312255287
94.000,route_deviations,0
94.000,investigation_time_s,0.0
94.000,hazard_avoidances,0
94.000,min_hazard_distance_m,4.711435012227831
94.000,collisions,0
94.000,time_below_clearance_s,0.0
94.000,safety_zone_violations,0
94.000,min_ttc_s,18.413644672319077
94.000,avoid_success,0
94.000,avoid_timeout,0
94.000,q_convergence,0.0
94.000,update_residual,0.0
94.000,investigation_deferred,0
94.000,nav_aborted,0
94.000,nav_canceled,0
94.000,nav_rejected,0
94.000,run_seed,10
95.000,anomalies_detected,0
95.000,anomalies_unique,0
95.000,investigation_timeouts,0
95.000,mission_duration_s,51.0
95.000,distance_traveled_m,13.08687531080828
95.000,route_deviations,0
95.000,investigation_time_s,0.0
95.000,hazard_avoidances,0
95.000,min_hazard_distance_m,4.711435012227831
95.000,collisions,0
95.000,time_below_clearance_s,0.0
95.000,safety_zone_violations,0
95.000,min_ttc_s,18.413644672319077
95.000,avoid_success,0
95.000,avoid_timeout,0
95.000,q_convergence,0.0
95.000,update_residual,0.0
95.000,investigation_deferred,0
95.000,nav_aborted,0
95.000,nav_canceled,0
95.000,nav_rejected,0
95.000,run_seed,10
96.000,anomalies_detected,0
96.000,anomalies_unique,0
96.000,investigation_timeouts,0
96.000,mission_duration_s,52.0
96.000,distance_traveled_m,13.348955307371805
96.000,route_deviations,0
96.000,investigation_time_s,0.0
96.000,hazard_avoidances,0
96.000,min_hazard_distance_m,4.711435012227831
96.000,collisions,0
96.000,time_below_clearance_s,0.0
96.000,safety_zone_violations,0
96.000,min_ttc_s,18.413644672319077
96.000,avoid_success,0
96.000,avoid_timeout,0
96.000,q_convergence,0.0
96.000,update_residual,0.0
96.000,investigation_deferred,0
96.000,nav_aborted,0
96.000,nav_canceled,0
96.000,nav_rejected,0
96.000,run_seed,10
97.000,anomalies_detected,0
97.000,anomalies_unique,0
97.000,investigation_timeouts,0
97.000,mission_duration_s,53.0
97.000,distance_traveled_m,13.61103530598774
97.000,route_deviations,0
97.000,investigation_time_s,0.0
97.000,hazard_avoidances,0
97.000,min_hazard_distance_m,4.711435012227831
97.000,collisions,0
97.000,time_below_clearance_s,0.0
97.000,safety_zone_violations,0
97.000,min_ttc_s,18.413644672319077
97.000,avoid_success,0
97.000,avoid_timeout,0
97.000,q_convergence,0.0
97.000,update_residual,0.0
97.000,investigation_deferred,0
97.000,nav_aborted,0
97.000,nav_canceled,0
97.000,nav_rejected,0
97.000,run_seed,10
98.000,anomalies_detected,0
98.000,anomalies_unique,0
98.000,investigation_timeouts,0
98.000,mission_duration_s,54.0
98.000,distance_traveled_m,13.873115303921075
98.000,route_deviations,0
98.000,investigation_time_s,0.0
98.000,hazard_avoidances,0
98.000,min_hazard_distance_m,4.711435012227831
98.000,collisions,0
98.000,time_below_clearance_s,0.0
98.000,safety_zone_violations,0
98.000,min_ttc_s,18.413644672319077
98.000,avoid_success,0
98.000,avoid_timeout,0
98.000,q_convergence,0.0
98.000,update_residual,0.0
98.000,investigation_deferred,0
98.000,nav_aborted,0
98.000,nav_canceled,0
98.000,nav_rejected,0
98.000,run_seed,10
99.000,anomalies_detected,0
99.000,anomalies_unique,0
99.000,investigation_timeouts,0
99.000,mission_duration_s,55.0
99.000,distance_traveled_m,14.12583530169778
99.000,route_deviations,0
99.000,investigation_time_s,0.0
99.000,hazard_avoidances,0
99.000,min_hazard_distance_m,4.711435012227831
99.000,collisions,0
99.000,time_below_clearance_s,0.0
99.000,safety_zone_violations,0
99.000,min_ttc_s,18.413644672319077
99.000,avoid_success,0
99.000,avoid_timeout,0
99.000,q_convergence,0.0
99.000,update_residual,0.0
99.000,investigation_deferred,0
99.000,nav_aborted,0
99.000,nav_canceled,0
99.000,nav_rejected,0
99.000,run_seed,10
100.000,anomalies_detected,0
100.000,anomalies_unique,0
100.000,investigation_timeouts,0
100.000,mission_duration_s,56.0
100.000,distance_traveled_m,14.3879153001321
100.000,route_deviations,0
100.000,investigation_time_s,0.0
100.000,hazard_avoidances,0
100.000,min_hazard_distance_m,4.711435012227831
100.000,collisions,0
100.000,time_below_clearance_s,0.0
100.000,safety_zone_violations,0
100.000,min_ttc_s,18.413644672319077
100.000,avoid_success,0
100.000,avoid_timeout,0
100.000,q_convergence,0.0
100.000,update_residual,0.0
100.000,investigation_deferred,0
100.000,nav_aborted,0
100.000,nav_canceled,0
100.000,nav_rejected,0
100.000,run_seed,10
101.000,anomalies_detected,0
101.000,anomalies_unique,0
101.000,investigation_timeouts,0
101.000,mission_duration_s,57.0
101.000,distance_traveled_m,14.649995298668001
101.000,route_deviations,0
101.000,investigation_time_s,0.0
101.000,hazard_avoidances,0
101.000,min_hazard_distance_m,4.711435012227831
101.000,collisions,0
101.000,time_below_clearance_s,0.0
101.000,safety_zone_violations,0
101.000,min_ttc_s,18.413644672319077
101.000,avoid_success,0
101.000,avoid_timeout,0
101.000,q_convergence,0.0
101.000,update_residual,0.0
101.000,investigation_deferred,0
101.000,nav_aborted,0
101.000,nav_canceled,0
101.000,nav_rejected,0
101.000,run_seed,10
102.000,anomalies_detected,0
102.000,anomalies_unique,0
102.000,investigation_timeouts,0
102.000,mission_duration_s,58.0
102.000,distance_traveled_m,14.912075296104742
102.000,route_deviations,0
102.000,investigation_time_s,0.0
102.000,hazard_avoidances,0
102.000,min_hazard_distance_m,4.711435012227831
102.000,collisions,0
102.000,time_below_clearance_s,0.0
102.000,safety_zone_violations,0
102.000,min_ttc_s,18.413644672319077
102.000,avoid_success,0
102.000,avoid_timeout,0
102.000,q_convergence,0.0
102.000,update_residual,0.0
102.000,investigation_deferred,0
102.000,nav_aborted,0
102.000,nav_canceled,0
102.000,nav_rejected,0
102.000,run_seed,10
103.000,anomalies_detected,0
103.000,anomalies_unique,0
103.000,investigation_timeouts,0
103.000,mission_duration_s,59.0
103.000,distance_traveled_m,15.174155293946287
103.000,route_deviations,0
103.000,investigation_time_s,0.0
103.000,hazard_avoidances,0
103.000,min_hazard_distance_m,4.711435012227831
103.000,collisions,0
103.000,time_below_clearance_s,0.0
103.000,safety_zone_violations,0
103.000,min_ttc_s,18.413644672319077
103.000,avoid_success,0
103.000,avoid_timeout,0
103.000,q_convergence,0.0
103.000,update_residual,0.0
103.000,investigation_deferred,0
103.000,nav_aborted,0
103.000,nav_canceled,0
103.000,nav_rejected,0
103.000,run_seed,10
104.000,anomalies_detected,0
104.000,anomalies_unique,0
104.000,investigation_timeouts,0
104.000,mission_duration_s,60.0
104.000,distance_traveled_m,15.426875292200235
104.000,route_deviations,0
104.000,investigation_time_s,0.0
104.000,hazard_avoidances,0
104.000,min_hazard_distance_m,4.711435012227831
104.000,collisions,0
104.000,time_below_clearance_s,0.0
104.000,safety_zone_violations,0
104.000,min_ttc_s,18.413644672319077
104.000,avoid_success,0
104.000,avoid_timeout,0
104.000,q_convergence,0.0
104.000,update_residual,0.0
104.000,investigation_deferred,0
104.000,nav_aborted,0
104.000,nav_canceled,0
104.000,nav_rejected,0
104.000,run_seed,10
105.000,anomalies_detected,0
105.000,anomalies_unique,0
105.000,investigation_timeouts,0
105.000,mission_duration_s,61.0
105.000,distance_traveled_m,15.688955290253219
105.000,route_deviations,0
105.000,investigation_time_s,0.0
105.000,hazard_avoidances,0
105.000,min_hazard_distance_m,4.711435012227831
105.000,collisions,0
105.000,time_below_clearance_s,0.0
105.000,safety_zone_violations,0
105.000,min_ttc_s,18.413644672319077
105.000,avoid_success,0
105.000,avoid_timeout,0
105.000,q_convergence,0.0
105.000,update_residual,0.0
105.000,investigation_deferred,0
105.000,nav_aborted,0
105.000,nav_canceled,0
105.000,nav_rejected,0
105.000,run_seed,10
106.000,anomalies_detected,0
106.000,anomalies_unique,0
106.000,investigation_timeouts,0
106.000,mission_duration_s,62.0
106.000,distance_traveled_m,15.951035287929193
106.000,route_deviations,0
106.000,investigation_time_s,0.0
106.000,hazard_avoidances,0
106.000,min_hazard_distance_m,4.711435012227831
106.000,collisions,0
106.000,time_below_clearance_s,0.0
106.000,safety_zone_violations,0
106.000,min_ttc_s,18.413644672319077
106.000,avoid_success,0
106.000,avoid_timeout,0
106.000,q_convergence,0.0
106.000,update_residual,0.0
106.000,investigation_deferred,0
106.000,nav_aborted,0
106.000,nav_canceled,0
106.000,nav_rejected,0
106.000,run_seed,10
107.000,anomalies_detected,0
107.000,anomalies_unique,0
107.000,investigation_timeouts,0
107.000,mission_duration_s,63.0
107.000,distance_traveled_m,16.21311528613776
107.000,route_deviations,0
107.000,investigation_time_s,0.0
107.000,hazard_avoidances,0
107.000,min_hazard_distance_m,4.711435012227831
107.000,collisions,0
107.000,time_below_clearance_s,0.0
107.000,safety_zone_violations,0
107.000,min_ttc_s,18.413644672319077
107.000,avoid_success,0
107.000,avoid_timeout,0
107.000,q_convergence,0.0
107.000,update_residual,0.0
107.000,investigation_deferred,0
107.000,nav_aborted,0
107.000,nav_canceled,0
107.000,nav_rejected,0
107.000,run_seed,10
108.000,anomalies_detected,0
108.000,anomalies_unique,0
108.000,investigation_timeouts,0
108.000,mission_duration_s,64.0
108.000,distance_traveled_m,16.465835284460905
108.000,route_deviations,0
108.000,investigation_time_s,0.0
108.000,hazard_avoidances,0
108.000,min_hazard_distance_m,4.711435012227831
108.000,collisions,0
108.000,time_below_clearance_s,0.0
108.000,safety_zone_violations,0
108.000,min_ttc_s,18.413644672319077
108.000,avoid_success,0
108.000,avoid_timeout,0
108.000,q_convergence,0.0
108.000,update_residual,0.0
108.000,investigation_deferred,0
108.000,nav_aborted,0
108.000,nav_canceled,0
108.000,nav_rejected,0
108.000,run_seed,10
109.000,anomalies_detected,0
109.000,anomalies_unique,0
109.000,investigation_timeouts,0
109.000,mission_duration_s,65.0
109.000,distance_traveled_m,16.727915281706352
109.000,route_deviations,0
109.000,investigation_time_s,0.0
109.000,hazard_avoidances,0
109.000,min_hazard_distance_m,4.711435012227831
109.000,collisions,0
109.000,time_below_clearance_s,0.0
109.000,safety_zone_violations,0
109.000,min_ttc_s,18.413644672319077
109.000,avoid_success,0
109.000,avoid_timeout,0
109.000,q_convergence,0.0
109.000,update_residual,0.0
109.000,investigation_deferred,0
109.000,nav_aborted,0
109.000,nav_canceled,0
109.000,nav_rejected,0
109.000,run_seed,10
110.000,anomalies_detected,0
110.000,anomalies_unique,0
110.000,investigation_timeouts,0
110.000,mission_duration_s,66.0
110.000,distance_traveled_m,16.989995279734007
110.000,route_deviations,0
110.000,investigation_time_s,0.0
110.000,hazard_avoidances,0
110.000,min_hazard_distance_m,4.711435012227831
110.000,collisions,0
110.000,time_below_clearance_s,0.0
110.000,safety_zone_violations,0
110.000,min_ttc_s,18.413644672319077
110.000,avoid_success,0
110.000,avoid_timeout,0
110.000,q_convergence,0.0
110.000,update_residual,0.0
110.000,investigation_deferred,0
110.000,nav_aborted,0
110.000,nav_canceled,0
110.000,nav_rejected,0
110.000,run_seed,10
111.000,anomalies_detected,0
111.000,anomalies_unique,0
111.000,investigation_timeouts,0
111.000,mission_duration_s,67.0
111.000,distance_traveled_m,17.252075278082884
111.000,route_deviations,0
111.000,investigation_time_s,0.0
111.000,hazard_avoidances,0
111.000,min_hazard_distance_m,4.711435012227831
111.000,collisions,0
111.000,time_below_clearance_s,0.0
111.000,safety_zone_violations,0
111.000,min_ttc_s,18.413644672319077
111.000,avoid_success,0
111.000,avoid_timeout,0
111.000,q_convergence,0.0
111.000,update_residual,0.0
111.000,investigation_deferred,0
111.000,nav_aborted,0
111.000,nav_canceled,0
111.000,nav_rejected,0
111.000,run_seed,10
112.000,anomalies_detected,0
112.000,anomalies_unique,0
112.000,investigation_timeouts,0
112.000,mission_duration_s,68.0
112.000,distance_traveled_m,17.514155275267488
112.000,route_deviations,0
112.000,investigation_time_s,0.0
112.000,hazard_avoidances,0
112.000,min_hazard_distance_m,4.711435012227831
112.000,collisions,0
112.000,time_below_clearance_s,0.0
112.000,safety_zone_violations,0
112.000,min_ttc_s,18.413644672319077
112.000,avoid_success,0
112.000,avoid_timeout,0
112.000,q_convergence,0.0
112.000,update_residual,0.0
112.000,investigation_deferred,0
112.000,nav_aborted,0
112.000,nav_canceled,0
112.000,nav_rejected,0
112.000,run_seed,10
113.000,anomalies_detected,0
113.000,anomalies_unique,0
113.000,investigation_timeouts,0
113.000,mission_duration_s,69.0
113.000,distance_traveled_m,17.766875273497856
113.000,route_deviations,0
113.000,investigation_time_s,0.0
113.000,hazard_avoidances,0
113.000,min_hazard_distance_m,4.711435012227831
113.000,collisions,0
113.000,time_below_clearance_s,0.0
113.000,safety_zone_violations,0
113.000,min_ttc_s,18.413644672319077
113.000,avoid_success,0
113.000,avoid_timeout,0
113.000,q_convergence,0.0
113.000,update_residual,0.0
113.000,investigation_deferred,0
113.000,nav_aborted,0
113.000,nav_canceled,0
113.000,nav_rejected,0
113.000,run_seed,10
114.000,anomalies_detected,0
114.000,anomalies_unique,0
114.000,investigation_timeouts,0
114.000,mission_duration_s,70.0
114.000,distance_traveled_m,18.02895527075924
114.000,route_deviations,0
114.000,investigation_time_s,0.0
114.000,hazard_avoidances,0
114.000,min_hazard_distance_m,4.711435012227831
114.000,collisions,0
114.000,time_below_clearance_s,0.0
114.000,safety_zone_violations,0
114.000,min_ttc_s,18.413644672319077
114.000,avoid_success,0
114.000,avoid_timeout,0
114.000,q_convergence,0.0
114.000,update_residual,0.0
114.000,investigation_deferred,0
114.000,nav_aborted,0
114.000,nav_canceled,0
114.000,nav_rejected,0
114.000,run_seed,10
115.000,anomalies_detected,0
115.000,anomalies_unique,0
115.000,investigation_timeouts,0
115.000,mission_duration_s,71.0
115.000,distance_traveled_m,18.2910352678195
115.000,route_deviations,0
115.000,investigation_time_s,0.0
115.000,hazard_avoidances,0
115.000,min_hazard_distance_m,4.711435012227831
115.000,collisions,0
115.000,time_below_clearance_s,0.0
115.000,safety_zone_violations,0
115.000,min_ttc_s,18.413644672319077
115.000,avoid_success,0
115.000,avoid_timeout,0
115.000,q_convergence,0.0
115.000,update_residual,0.0
115.000,investigation_deferred,0
115.000,nav_aborted,0
115.000,nav_canceled,0
115.000,nav_rejected,0
115.000,run_seed,10
116.000,anomalies_detected,0
116.000,anomalies_unique,0
116.000,investigation_timeouts,0
116.000,mission_duration_s,72.0
116.000,distance_traveled_m,18.553115264544704
116.000,route_deviations,0
116.000,investigation_time_s,0.0
116.000,hazard_avoidances,0
116.000,min_hazard_distance_m,4.711435012227831
116.000,collisions,0
116.000,time_below_clearance_s,0.0
116.000,safety_zone_violations,0
116.000,min_ttc_s,18.413644672319077
116.000,avoid_success,0
116.000,avoid_timeout,0
116.000,q_convergence,0.0
116.000,update_residual,0.0
116.000,investigation_deferred,0
116.000,nav_aborted,0
116.000,nav_canceled,0
116.000,nav_rejected,0
116.000,run_seed,10
117.000,anomalies_detected,0
117.000,anomalies_unique,0
117.000,investigation_timeouts,0
117.000,mission_duration_s,73.0
117.000,distance_traveled_m,18.80583526305603
117.000,route_deviations,0
117.000,investigation_time_s,0.0
117.000,hazard_avoidances,0
117.000,min_hazard_distance_m,4.711435012227831
117.000,collisions,0
117.000,time_below_clearance_s,0.0
117.000,safety_zone_violations,0
117.000,min_ttc_s,18.413644672319077
117.000,avoid_success,0
117.000,avoid_timeout,0
117.000,q_convergence,0.0
117.000,update_residual,0.0
117.000,investigation_deferred,0
117.000,nav_aborted,0
117.000,nav_canceled,0
117.000,nav_rejected,0
117.000,run_seed,10
118.000,anomalies_detected,0
118.000,anomalies_unique,0
118.000,investigation_timeouts,0
118.000,mission_duration_s,74.0
118.000,distance_traveled_m,19.067915260594702
118.000,route_deviations,0
118.000,investigation_time_s,0.0
118.000,hazard_avoidances,0
118.000,min_hazard_distance_m,4.711435012227831
118.000,collisions,0
118.000,time_below_clearance_s,0.0
118.000,safety_zone_violations,0
118.000,min_ttc_s,18.413644672319077
118.000,avoid_success,0
118.000,avoid_timeout,0
118.000,q_convergence,0.0
118.000,update_residual,0.0
118.000,investigation_deferred,0
118.000,nav_aborted,0
118.000,nav_canceled,0
118.000,nav_rejected,0
118.000,run_seed,10
119.000,anomalies_detected,0
119.000,anomalies_unique,0
119.000,investigation_timeouts,0
119.000,mission_duration_s,75.0
119.000,distance_traveled_m,19.32999525901823
119.000,route_deviations,0
119.000,investigation_time_s,0.0
119.000,hazard_avoidances,0
119.000,min_hazard_distance_m,4.711435012227831
119.000,collisions,0
119.000,time_below_clearance_s,0.0
119.000,safety_zone_violations,0
119.000,min_ttc_s,18.413644672319077
119.000,avoid_success,0
119.000,avoid_timeout,0
119.000,q_convergence,0.0
119.000,update_residual,0.0
119.000,investigation_deferred,0
119.000,nav_aborted,0
119.000,nav_canceled,0
119.000,nav_rejected,0
119.000,run_seed,10
120.000,anomalies_detected,0
120.000,anomalies_unique,0
120.000,investigation_timeouts,0
120.000,mission_duration_s,76.0
120.000,distance_traveled_m,19.59207525736331
120.000,route_deviations,0
120.000,investigation_time_s,0.0
120.000,hazard_avoidances,0
120.000,min_hazard_distance_m,4.711435012227831
120.000,collisions,0
120.000,time_below_clearance_s,0.0
120.000,safety_zone_violations,0
120.000,min_ttc_s,18.413644672319077
120.000,avoid_success,0
120.000,avoid_timeout,0
120.000,q_convergence,0.0
120.000,update_residual,0.0
120.000,investigation_deferred,0
120.000,nav_aborted,0
120.000,nav_canceled,0
120.000,nav_rejected,0
120.000,run_seed,10
121.000,anomalies_detected,0
121.000,anomalies_unique,0
121.000,investigation_timeouts,0
121.000,mission_duration_s,77.0
121.000,distance_traveled_m,19.854155254463535
121.000,route_deviations,0
121.000,investigation_time_s,0.0
121.000,hazard_avoidances,0
121.000,min_hazard_distance_m,4.711435012227831
121.000,collisions,0
121.000,time_below_clearance_s,0.0
121.000,safety_zone_violations,0
121.000,min_ttc_s,18.413644672319077
121.000,avoid_success,0
121.000,avoid_timeout,0
121.000,q_convergence,0.0
121.000,update_residual,0.0
121.000,investigation_deferred,0
121.000,nav_aborted,0
121.000,nav_canceled,0
121.000,nav_rejected,0
121.000,run_seed,10
122.000,anomalies_detected,0
122.000,anomalies_unique,0
122.000,investigation_timeouts,0
122.000,mission_duration_s,78.0
122.000,distance_traveled_m,20.106875252806933
122.000,route_deviations,0
122.000,investigation_time_s,0.0
122.000,hazard_avoidances,0
122.000,min_hazard_distance_m,4.711435012227831
122.000,collisions,0
122.000,time_below_clearance_s,0.0
122.000,safety_zone_violations,0
122.000,min_ttc_s,18.413644672319077
122.000,avoid_success,0
122.000,avoid_timeout,0
122.000,q_convergence,0.0
122.000,update_residual,0.0
122.000,investigation_deferred,0
122.000,nav_aborted,0
122.000,nav_canceled,0
122.000,nav_rejected,0
122.000,run_seed,10
123.000,anomalies_detected,0
123.000,anomalies_unique,0
123.000,investigation_timeouts,0
123.000,mission_duration_s,79.0
123.000,distance_traveled_m,20.368955250968384
123.000,route_deviations,0
123.000,investigation_time_s,0.0
123.000,hazard_avoidances,0
123.000,min_hazard_distance_m,4.711435012227831
123.000,collisions,0
123.000,time_below_clearance_s,0.0
123.000,safety_zone_violations,0
123.000,min_ttc_s,18.413644672319077
123.000,avoid_success,0
123.000,avoid_timeout,0
123.000,q_convergence,0.0
123.000,update_residual,0.0
123.000,investigation_deferred,0
123.000,nav_aborted,0
123.000,nav_canceled,0
123.000,nav_rejected,0
123.000,run_seed,10
124.000,anomalies_detected,0
124.000,anomalies_unique,0
124.000,investigation_timeouts,0
124.000,mission_duration_s,80.0
124.000,distance_traveled_m,20.63103524850452
124.000,route_deviations,0
124.000,investigation_time_s,0.0
124.000,hazard_avoidances,0
124.000,min_hazard_distance_m,4.711435012227831
124.000,collisions,0
124.000,time_below_clearance_s,0.0
124.000,safety_zone_violations,0
124.000,min_ttc_s,18.413644672319077
124.000,avoid_success,0
124.000,avoid_timeout,0
124.000,q_convergence,0.0
124.000,update_residual,0.0
124.000,investigation_deferred,0
124.000,nav_aborted,0
124.000,nav_canceled,0
124.000,nav_rejected,0
124.000,run_seed,10
125.000,anomalies_detected,0
125.000,anomalies_unique,0
125.000,investigation_timeouts,0
125.000,mission_duration_s,81.0
125.000,distance_traveled_m,20.893115246851167
125.000,route_deviations,0
125.000,investigation_time_s,0.0
125.000,hazard_avoidances,0
125.000,min_hazard_distance_m,4.711435012227831
125.000,collisions,0
125.000,time_below_clearance_s,0.0
125.000,safety_zone_violations,0
125.000,min_ttc_s,18.413644672319077
125.000,avoid_success,0
125.000,avoid_timeout,0
125.000,q_convergence,0.0
125.000,update_residual,0.0
125.000,investigation_deferred,0
125.000,nav_aborted,0
125.000,nav_canceled,0
125.000,nav_rejected,0
125.000,run_seed,10
126.000,anomalies_detected,0
126.000,anomalies_unique,0
126.000,investigation_timeouts,0
126.000,mission_duration_s,82.0
126.000,distance_traveled_m,21.145835244958008
126.000,route_deviations,0
126.000,investigation_time_s,0.0
126.000,hazard_avoidances,0
126.000,min_hazard_distance_m,4.711435012227831
126.000,collisions,0
126.000,time_below_clearance_s,0.0
126.000,safety_zone_violations,0
126.000,min_ttc_s,18.413644672319077
126.000,avoid_success,0
126.000,avoid_timeout,0
126.000,q_convergence,0.0
126.000,update_residual,0.0
126.000,investigation_deferred,0
126.000,nav_aborted,0
126.000,nav_canceled,0
126.000,nav_rejected,0
126.000,run_seed,10
127.000,anomalies_detected,0
127.000,anomalies_unique,0
127.000,investigation_timeouts,0
127.000,mission_duration_s,83.0
127.000,distance_traveled_m,21.40791524355654
127.000,route_deviations,0
127.000,investigation_time_s,0.0
127.000,hazard_avoidances,0
127.000,min_hazard_distance_m,4.711435012227831
127.000,collisions,0
127.000,time_below_clearance_s,0.0
127.000,safety_zone_violations,0
127.000,min_ttc_s,18.413644672319077
127.000,avoid_success,0
127.000,avoid_timeout,0
127.000,q_convergence,0.0
127.000,update_residual,0.0
127.000,investigation_deferred,0
127.000,nav_aborted,0
127.000,nav_canceled,0
127.000,nav_rejected,0
127.000,run_seed,10
128.000,anomalies_detected,0
128.000,anomalies_unique,0
128.000,investigation_timeouts,0
128.000,mission_duration_s,84.0
128.000,distance_traveled_m,21.669995236247235
128.000,route_deviations,0
128.000,investigation_time_s,0.0
128.000,hazard_avoidances,0
128.000,min_hazard_distance_m,4.711435012227831
128.000,collisions,0
128.000,time_below_clearance_s,0.0
128.000,safety_zone_violations,0
128.000,min_ttc_s,18.413644672319077
128.000,avoid_success,0
128.000,avoid_timeout,0
128.000,q_convergence,0.0
128.000,update_residual,0.0
128.000,investigation_deferred,0
128.000,nav_aborted,0
128.000,nav_canceled,0
128.000,nav_rejected,0
128.000,run_seed,10
129.000,anomalies_detected,0
129.000,anomalies_unique,0
129.000,investigation_timeouts,0
129.000,mission_duration_s,85.0
129.000,distance_traveled_m,21.932075196798678
129.000,route_deviations,0
129.000,investigation_time_s,0.0
129.000,hazard_avoidances,0
129.000,min_hazard_distance_m,4.711435012227831
129.000,collisions,0
129.000,time_below_clearance_s,0.0
129.000,safety_zone_violations,0
129.000,min_ttc_s,18.413644672319077
129.000,avoid_success,0
129.000,avoid_timeout,0
129.000,q_convergence,0.0
129.000,update_residual,0.0
129.000,investigation_deferred,0
129.000,nav_aborted,0
129.000,nav_canceled,0
129.000,nav_rejected,0
129.000,run_seed,10
130.000,anomalies_detected,0
130.000,anomalies_unique,0
130.000,investigation_timeouts,0
130.000,mission_duration_s,86.0
130.000,distance_traveled_m,22.194155192227246
130.000,route_deviations,0
130.000,investigation_time_s,0.0
130.000,hazard_avoidances,0
130.000,min_hazard_distance_m,4.711435012227831
130.000,collisions,0
130.000,time_below_clearance_s,0.0
130.000,safety_zone_violations,0
130.000,min_ttc_s,18.413644672319077
130.000,avoid_success,0
130.000,avoid_timeout,0
130.000,q_convergence,0.0
130.000,update_residual,0.0
130.000,investigation_deferred,0
130.000,nav_aborted,0
130.000,nav_canceled,0
130.000,nav_rejected,0
130.000,run_seed,10
131.000,anomalies_detected,0
131.000,anomalies_unique,0
131.000,investigation_timeouts,0
131.000,mission_duration_s,87.0
131.000,distance_traveled_m,22.446875122185656
131.000,route_deviations,0
131.000,investigation_time_s,0.0
131.000,hazard_avoidances,0
131.000,min_hazard_distance_m,4.711435012227831
131.000,collisions,0
131.000,time_below_clearance_s,0.0
131.000,safety_zone_violations,0
131.000,min_ttc_s,18.413644672319077
131.000,avoid_success,0
131.000,avoid_timeout,0
131.000,q_convergence,0.0
131.000,update_residual,0.0
131.000,investigation_deferred,0
131.000,nav_aborted,0
131.000,nav_canceled,0
131.000,nav_rejected,0
131.000,run_seed,10
132.000,anomalies_detected,0
132.000,anomalies_unique,0
132.000,investigation_timeouts,0
132.000,mission_duration_s,88.0
132.000,distance_traveled_m,22.708954842137096
132.000,route_deviations,0
132.000,investigation_time_s,0.0
132.000,hazard_avoidances,0
132.000,min_hazard_distance_m,4.711435012227831
132.000,collisions,0
132.000,time_below_clearance_s,0.0
132.000,safety_zone_violations,0
132.000,min_ttc_s,18.413644672319077
132.000,avoid_success,0
132.000,avoid_timeout,0
132.000,q_convergence,0.0
132.000,update_residual,0.0
132.000,investigation_deferred,0
132.000,nav_aborted,0
132.000,nav_canceled,0
132.000,nav_rejected,0
132.000,run_seed,10
133.000,anomalies_detected,0
133.000,anomalies_unique,0
133.000,investigation_timeouts,0
133.000,mission_duration_s,89.0
133.000,distance_traveled_m,22.97058017351153
133.000,route_deviations,0
133.000,investigation_time_s,0.0
133.000,hazard_avoidances,0
133.000,min_hazard_distance_m,4.711435012227831
133.000,collisions,0
133.000,time_below_clearance_s,0.0
133.000,safety_zone_violations,0
133.000,min_ttc_s,18.413644672319077
133.000,avoid_success,0
133.000,avoid_timeout,0
133.000,q_convergence,0.0
133.000,update_residual,0.0
133.000,investigation_deferred,0
133.000,nav_aborted,0
133.000,nav_canceled,0
133.000,nav_rejected,0
133.000,run_seed,10
134.000,anomalies_detected,0
134.000,anomalies_unique,0
134.000,investigation_timeouts,0
134.000,mission_duration_s,90.0
134.000,distance_traveled_m,23.16636273250941
134.000,route_deviations,0
134.000,investigation_time_s,0.0
134.000,hazard_avoidances,0
134.000,min_hazard_distance_m,4.711435012227831
134.000,collisions,0
134.000,time_below_clearance_s,0.0
134.000,safety_zone_violations,0
134.000,min_ttc_s,18.413644672319077
134.000,avoid_success,0
134.000,avoid_timeout,0
134.000,q_convergence,0.0
134.000,update_residual,0.0
134.000,investigation_deferred,0
134.000,nav_aborted,0
134.000,nav_canceled,0
134.000,nav_rejected,0
134.000,run_seed,10
135.000,anomalies_detected,0
135.000,anomalies_unique,0
135.000,investigation_timeouts,0
135.000,mission_duration_s,91.0
135.000,distance_traveled_m,23.193598728076527
135.000,route_deviations,0
135.000,investigation_time_s,0.0
135.000,hazard_avoidances,0
135.000,min_hazard_distance_m,4.711435012227831
135.000,collisions,0
135.000,time_below_clearance_s,0.0
135.000,safety_zone_violations,0
135.000,min_ttc_s,18.413644672319077
135.000,avoid_success,0
135.000,avoid_timeout,0
135.000,q_convergence,0.0
135.000,update_residual,0.0
135.000,investigation_deferred,0
135.000,nav_aborted,0
135.000,nav_canceled,0
135.000,nav_rejected,0
135.000,run_seed,10
136.000,anomalies_detected,0
136.000,anomalies_unique,0
136.000,investigation_timeouts,0
136.000,mission_duration_s,92.0
136.000,distance_traveled_m,23.387499972788248
136.000,route_deviations,0
136.000,investigation_time_s,0.0
136.000,hazard_avoidances,0
136.000,min_hazard_distance_m,4.711435012227831
136.000,collisions,0
136.000,time_below_clearance_s,0.0
136.000,safety_zone_violations,0
136.000,min_ttc_s,18.413644672319077
136.000,avoid_success,0
136.000,avoid_timeout,0
136.000,q_convergence,0.0
136.000,update_residual,0.0
136.000,investigation_deferred,0
136.000,nav_aborted,0
136.000,nav_canceled,0
136.000,nav_rejected,0
136.000,run_seed,10
137.000,anomalies_detected,0
137.000,anomalies_unique,0
137.000,investigation_timeouts,0
137.000,mission_duration_s,93.0
137.000,distance_traveled_m,23.649579921002573
137.000,route_deviations,0
137.000,investigation_time_s,0.0
137.000,hazard_avoidances,0
137.000,min_hazard_distance_m,4.711435012227831
137.000,collisions,0
137.000,time_below_clearance_s,0.0
137.000,safety_zone_violations,0
137.000,min_ttc_s,18.413644672319077
137.000,avoid_success,0
137.000,avoid_timeout,0
137.000,q_convergence,0.0
137.000,update_residual,0.0
137.000,investigation_deferred,0
137.000,nav_aborted,0
137.000,nav_canceled,0
137.000,nav_rejected,0
137.000,run_seed,10
138.000,anomalies_detected,0
138.000,anomalies_unique,0
138.000,investigation_timeouts,0
138.000,mission_duration_s,94.0
138.000,distance_traveled_m,23.91165991978596
138.000,route_deviations,0
138.000,investigation_time_s,0.0
138.000,hazard_avoidances,0
138.000,min_hazard_distance_m,4.711435012227831
138.000,collisions,0
138.000,time_below_clearance_s,0.0
138.000,safety_zone_violations,0
138.000,min_ttc_s,18.413644672319077
138.000,avoid_success,0
138.000,avoid_timeout,0
138.000,q_convergence,0.0
138.000,update_residual,0.0
138.000,investigation_deferred,0
138.000,nav_aborted,0
138.000,nav_canceled,0
138.000,nav_rejected,0
138.000,run_seed,10
139.000,anomalies_detected,0
139.000,anomalies_unique,0
139.000,investigation_timeouts,0
139.000,mission_duration_s,95.0
139.000,distance_traveled_m,24.173739919593434
139.000,route_deviations,0
139.000,investigation_time_s,0.0
139.000,hazard_avoidances,0
139.000,min_hazard_distance_m,4.711435012227831
139.000,collisions,0
139.000,time_below_clearance_s,0.0
139.000,safety_zone_violations,0
139.000,min_ttc_s,18.413644672319077
139.000,avoid_success,0
139.000,avoid_timeout,0
139.000,q_convergence,0.0
139.000,update_residual,0.0
139.000,investigation_deferred,0
139.000,nav_aborted,0
139.000,nav_canceled,0
139.000,nav_rejected,0
139.000,run_seed,10
140.000,anomalies_detected,0
140.000,anomalies_unique,0
140.000,investigation_timeouts,0
140.000,mission_duration_s,96.0
140.000,distance_traveled_m,24.42645991952615
140.000,route_deviations,0
140.000,investigation_time_s,0.0
140.000,hazard_avoidances,0
140.000,min_hazard_distance_m,4.711435012227831
140.000,collisions,0
140.000,time_below_clearance_s,0.0
140.000,safety_zone_violations,0
140.000,min_ttc_s,18.413644672319077
140.000,avoid_success,0
140.000,avoid_timeout,0
140.000,q_convergence,0.0
140.000,update_residual,0.0
140.000,investigation_deferred,0
140.000,nav_aborted,0
140.000,nav_canceled,0
140.000,nav_rejected,0
140.000,run_seed,10
141.000,anomalies_detected,0
141.000,anomalies_unique,0
141.000,investigation_timeouts,0
141.000,mission_duration_s,97.0
141.000,distance_traveled_m,24.68853991947642
141.000,route_deviations,0
141.000,investigation_time_s,0.0
141.000,hazard_avoidances,0
141.000,min_hazard_distance_m,4.711435012227831
141.000,collisions,0
141.000,time_below_clearance_s,0.0
141.000,safety_zone_violations,0
141.000,min_ttc_s,18.413644672319077
141.000,avoid_success,0
141.000,avoid_timeout,0
141.000,q_convergence,0.0
141.000,update_residual,0.0
141.000,investigation_deferred,0
141.000,nav_aborted,0
141.000,nav_canceled,0
141.000,nav_rejected,0
141.000,run_seed,10
142.000,anomalies_detected,0
142.000,anomalies_unique,0
142.000,investigation_timeouts,0
142.000,mission_duration_s,98.0
142.000,distance_traveled_m,24.95061991938917
142.000,route_deviations,0
142.000,investigation_time_s,0.0
142.000,hazard_avoidances,0
142.000,min_hazard_distance_m,4.711435012227831
142.000,collisions,0
142.000,time_below_clearance_s,0.0
142.000,safety_zone_violations,0
142.000,min_ttc_s,18.413644672319077
142.000,avoid_success,0
142.000,avoid_timeout,0
142.000,q_convergence,0.0
142.000,update_residual,0.0
142.000,investigation_deferred,0
142.000,nav_aborted,0
142.000,nav_canceled,0
142.000,nav_rejected,0
142.000,run_seed,10
143.000,anomalies_detected,0
143.000,anomalies_unique,0
143.000,investigation_timeouts,0
143.000,mission_duration_s,99.0
143.000,distance_traveled_m,25.212699919327118
143.000,route_deviations,0
143.000,investigation_time_s,0.0
143.000,hazard_avoidances,0
143.000,min_hazard_distance_m,4.711435012227831
143.000,collisions,0
143.000,time_below_clearance_s,0.0
143.000,safety_zone_violations,0
143.000,min_ttc_s,18.413644672319077
143.000,avoid_success,0
143.000,avoid_timeout,0
143.000,q_convergence,0.0
143.000,update_residual,0.0
143.000,investigation_deferred,0
143.000,nav_aborted,0
143.000,nav_canceled,0
143.000,nav_rejected,0
143.000,run_seed,10
144.000,anomalies_detected,0
144.000,anomalies_unique,0
144.000,investigation_timeouts,0
144.000,mission_duration_s,100.0
144.000,distance_traveled_m,25.46541991927241
144.000,route_deviations,0
144.000,investigation_time_s,0.0
144.000,hazard_avoidances,0
144.000,min_hazard_distance_m,4.711435012227831
144.000,collisions,0
144.000,time_below_clearance_s,0.0
144.000,safety_zone_violations,0
144.000,min_ttc_s,18.413644672319077
144.000,avoid_success,0
144.000,avoid_timeout,0
144.000,q_convergence,0.0
144.000,update_residual,0.0
144.000,investigation_deferred,0
144.000,nav_aborted,0
144.000,nav_canceled,0
144.000,nav_rejected,0
144.000,run_seed,10
145.000,anomalies_detected,0
145.000,anomalies_unique,0
145.000,investigation_timeouts,0
145.000,mission_duration_s,101.0
145.000,distance_traveled_m,25.727499919227117
145.000,route_deviations,0
145.000,investigation_time_s,0.0
145.000,hazard_avoidances,0
145.000,min_hazard_distance_m,4.711435012227831
145.000,collisions,0
145.000,time_below_clearance_s,0.0
145.000,safety_zone_violations,0
145.000,min_ttc_s,18.413644672319077
145.000,avoid_success,0
145.000,avoid_timeout,0
145.000,q_convergence,0.0
145.000,update_residual,0.0
145.000,investigation_deferred,0
145.000,nav_aborted,0
145.000,nav_canceled,0
145.000,nav_rejected,0
145.000,run_seed,10
146.000,anomalies_detected,0
146.000,anomalies_unique,0
146.000,investigation_timeouts,0
146.000,mission_duration_s,102.0
146.000,distance_traveled_m,25.98957991918323
146.000,route_deviations,0
146.000,investigation_time_s,0.0
146.000,hazard_avoidances,0
146.000,min_hazard_distance_m,4.711435012227831
146.000,collisions,0
146.000,time_below_clearance_s,0.0
146.000,safety_zone_violations,0
146.000,min_ttc_s,18.413644672319077
146.000,avoid_success,0
146.000,avoid_timeout,0
146.000,q_convergence,0.0
146.000,update_residual,0.0
146.000,investigation_deferred,0
146.000,nav_aborted,0
146.000,nav_canceled,0
146.000,nav_rejected,0
146.000,run_seed,10
147.000,anomalies_detected,0
147.000,anomalies_unique,0
147.000,investigation_timeouts,0
147.000,mission_duration_s,103.0
147.000,distance_traveled_m,26.251659919101243
147.000,route_deviations,0
147.000,investigation_time_s,0.0
147.000,hazard_avoidances,0
147.000,min_hazard_distance_m,4.711435012227831
147.000,collisions,0
147.000,time_below_clearance_s,0.0
147.000,safety_zone_violations,0
147.000,min_ttc_s,18.413644672319077
147.000,avoid_success,0
147.000,avoid_timeout,0
147.000,q_convergence,0.0
147.000,update_residual,0.0
147.000,investigation_deferred,0
147.000,nav_aborted,0
147.000,nav_canceled,0
147.000,nav_rejected,0
147.000,run_seed,10
148.000,anomalies_detected,0
148.000,anomalies_unique,0
148.000,investigation_timeouts,0
148.000,mission_duration_s,104.0
148.000,distance_traveled_m,26.513739919029216
148.000,route_deviations,0
148.000,investigation_time_s,0.0
148.000,hazard_avoidances,0
148.000,min_hazard_distance_m,4.711435012227831
148.000,collisions,0
148.000,time_below_clearance_s,0.0
148.000,safety_zone_violations,0
148.000,min_ttc_s,18.413644672319077
148.000,avoid_success,0
148.000,avoid_timeout,0
148.000,q_convergence,0.0
148.000,update_residual,0.0
148.000,investigation_deferred,0
148.000,nav_aborted,0
148.000,nav_canceled,0
148.000,nav_rejected,0
148.000,run_seed,10
149.000,anomalies_detected,0
149.000,anomalies_unique,0
149.000,investigation_timeouts,0
149.000,mission_duration_s,105.0
149.000,distance_traveled_m,26.766459918967467
149.000,route_deviations,0
149.000,investigation_time_s,0.0
149.000,hazard_avoidances,0
149.000,min_hazard_distance_m,4.711435012227831
149.000,collisions,0
149.000,time_below_clearance_s,0.0
149.000,safety_zone_violations,0
149.000,min_ttc_s,18.413644672319077
149.000,avoid_success,0
149.000,avoid_timeout,0
149.000,q_convergence,0.0
149.000,update_residual,0.0
149.000,investigation_deferred,0
149.000,nav_aborted,0
149.000,nav_canceled,0
149.000,nav_rejected,0
149.000,run_seed,10
150.000,anomalies_detected,0
150.000,anomalies_unique,0
150.000,investigation_timeouts,0
150.000,mission_duration_s,106.0
150.000,distance_traveled_m,27.0285399189217
150.000,route_deviations,0
150.000,investigation_time_s,0.0
150.000,hazard_avoidances,0
150.000,min_hazard_distance_m,4.711435012227831
150.000,collisions,0
150.000,time_below_clearance_s,0.0
150.000,safety_zone_violations,0
150.000,min_ttc_s,18.413644672319077
150.000,avoid_success,0
150.000,avoid_timeout,0
150.000,q_convergence,0.0
150.000,update_residual,0.0
150.000,investigation_deferred,0
150.000,nav_aborted,0
150.000,nav_canceled,0
150.000,nav_rejected,0
150.000,run_seed,10
151.000,anomalies_detected,0
151.000,anomalies_unique,0
151.000,investigation_timeouts,0
151.000,mission_duration_s,107.0
151.000,distance_traveled_m,27.29061991887059
151.000,route_deviations,0
151.000,investigation_time_s,0.0
151.000,hazard_avoidances,0
151.000,min_hazard_distance_m,4.711435012227831
151.000,collisions,0
151.000,time_below_clearance_s,0.0
151.000,safety_zone_violations,0
151.000,min_ttc_s,18.413644672319077
151.000,avoid_success,0
151.000,avoid_timeout,0
151.000,q_convergence,0.0
151.000,update_residual,0.0
151.000,investigation_deferred,0
151.000,nav_aborted,0
151.000,nav_canceled,0
151.000,nav_rejected,0
151.000,run_seed,10
152.000,anomalies_detected,0
152.000,anomalies_unique,0
152.000,investigation_timeouts,0
152.000,mission_duration_s,108.0
152.000,distance_traveled_m,27.552699918786743
152.000,route_deviations,0
152.000,investigation_time_s,0.0
152.000,hazard_avoidances,0
152.000,min_hazard_distance_m,4.711435012227831
152.000,collisions,0
152.000,time_below_clearance_s,0.0
152.000,safety_zone_violations,0
152.000,min_ttc_s,18.413644672319077
152.000,avoid_success,0
152.000,avoid_timeout,0
152.000,q_convergence,0.0
152.000,update_residual,0.0
152.000,investigation_deferred,0
152.000,nav_aborted,0
152.000,nav_canceled,0
152.000,nav_rejected,0
152.000,run_seed,10
153.000,anomalies_detected,0
153.000,anomalies_unique,0
153.000,investigation_timeouts,0
153.000,mission_duration_s,109.0
153.000,distance_traveled_m,27.805419918719068
153.000,route_deviations,0
153.000,investigation_time_s,0.0
153.000,hazard_avoidances,0
153.000,min_hazard_distance_m,4.711435012227831
153.000,collisions,0
153.000,time_below_clearance_s,0.0
153.000,safety_zone_violations,0
153.000,min_ttc_s,18.413644672319077
153.000,avoid_success,0
153.000,avoid_timeout,0
153.000,q_convergence,0.0
153.000,update_residual,0.0
153.000,investigation_deferred,0
153.000,nav_aborted,0
153.000,nav_canceled,0
153.000,nav_rejected,0
153.000,run_seed,10
154.000,anomalies_detected,0
154.000,anomalies_unique,0
154.000,investigation_timeouts,0
154.000,mission_duration_s,110.0
154.000,distance_traveled_m,28.067499918667412
154.000,route_deviations,0
154.000,investigation_time_s,0.0
154.000,hazard_avoidances,0
154.000,min_hazard_distance_m,4.711435012227831
154.000,collisions,0
154.000,time_below_clearance_s,0.0
154.000,safety_zone_violations,0
154.000,min_ttc_s,18.413644672319077
154.000,avoid_success,0
154.000,avoid_timeout,0
154.000,q_convergence,0.0
154.000,update_residual,0.0
154.000,investigation_deferred,0
154.000,nav_aborted,0
154.000,nav_canceled,0
154.000,nav_rejected,0
154.000,run_seed,10
155.000,anomalies_detected,0
155.000,anomalies_unique,0
155.000,investigation_timeouts,0
155.000,mission_duration_s,111.0
155.000,distance_traveled_m,28.329579918623665
155.000,route_deviations,0
155.000,investigation_time_s,0.0
155.000,hazard_avoidances,0
155.000,min_hazard_distance_m,4.711435012227831
155.000,collisions,0
155.000,time_below_clearance_s,0.0
155.000,safety_zone_violations,0
155.000,min_ttc_s,18.413644672319077
155.000,avoid_success,0
155.000,avoid_timeout,0
155.000,q_convergence,0.0
155.000,update_residual,0.0
155.000,investigation_deferred,0
155.000,nav_aborted,0
155.000,nav_canceled,0
155.000,nav_rejected,0
155.000,run_seed,10
156.000,anomalies_detected,0
156.000,anomalies_unique,0
156.000,investigation_timeouts,0
156.000,mission_duration_s,112.0
156.000,distance_traveled_m,28.59165991857981
156.000,route_deviations,0
156.000,investigation_time_s,0.0
156.000,hazard_avoidances,0
156.000,min_hazard_distance_m,4.711435012227831
156.000,collisions,0
156.000,time_below_clearance_s,0.0
156.000,safety_zone_violations,0
156.000,min_ttc_s,18.413644672319077
156.000,avoid_success,0
156.000,avoid_timeout,0
156.000,q_convergence,0.0
156.000,update_residual,0.0
156.000,investigation_deferred,0
156.000,nav_aborted,0
156.000,nav_canceled,0
156.000,nav_rejected,0
156.000,run_seed,10
157.000,anomalies_detected,0
157.000,anomalies_unique,0
157.000,investigation_timeouts,0
157.000,mission_duration_s,113.0
157.000,distance_traveled_m,28.8537399185098
157.000,route_deviations,0
157.000,investigation_time_s,0.0
157.000,hazard_avoidances,0
157.000,min_hazard_distance_m,4.711435012227831
157.000,collisions,0
157.000,time_below_clearance_s,0.0
157.000,safety_zone_violations,0
157.000,min_ttc_s,18.413644672319077
157.000,avoid_success,0
157.000,avoid_timeout,0
157.000,q_convergence,0.0
157.000,update_residual,0.0
157.000,investigation_deferred,0
157.000,nav_aborted,0
157.000,nav_canceled,0
157.000,nav_rejected,0
157.000,run_seed,10
158.000,anomalies_detected,0
158.000,anomalies_unique,0
158.000,investigation_timeouts,0
158.000,mission_duration_s,114.0
158.000,distance_traveled_m,29.10645991844475
158.000,route_deviations,0
158.000,investigation_time_s,0.0
158.000,hazard_avoidances,0
158.000,min_hazard_distance_m,4.711435012227831
158.000,collisions,0
158.000,time_below_clearance_s,0.0
158.000,safety_zone_violations,0
158.000,min_ttc_s,18.413644672319077
158.000,avoid_success,0
158.000,avoid_timeout,0
158.000,q_convergence,0.0
158.000,update_residual,0.0
158.000,investigation_deferred,0
158.000,nav_aborted,0
158.000,nav_canceled,0
158.000,nav_rejected,0
158.000,run_seed,10
159.000,anomalies_detected,0
159.000,anomalies_unique,0
159.000,investigation_timeouts,0
159.000,mission_duration_s,115.0
159.000,distance_traveled_m,29.36853991838545
159.000,route_deviations,0
159.000,investigation_time_s,0.0
159.000,hazard_avoidances,0
159.000,min_hazard_distance_m,4.711435012227831
159.000,collisions,0
159.000,time_below_clearance_s,0.0
159.000,safety_zone_violations,0
159.000,min_ttc_s,18.413644672319077
159.000,avoid_success,0
159.000,avoid_timeout,0
159.000,q_convergence,0.0
159.000,update_residual,0.0
159.000,investigation_deferred,0
159.000,nav_aborted,0
159.000,nav_canceled,0
159.000,nav_rejected,0
159.000,run_seed,10
160.000,anomalies_detected,0
160.000,anomalies_unique,0
160.000,investigation_timeouts,0
160.000,mission_duration_s,116.0
160.000,distance_traveled_m,29.630619918343776
160.000,route_deviations,0
160.000,investigation_time_s,0.0
160.000,hazard_avoidances,0
160.000,min_hazard_distance_m,4.711435012227831
160.000,collisions,0
160.000,time_below_clearance_s,0.0
160.000,safety_zone_violations,0
160.000,min_ttc_s,18.413644672319077
160.000,avoid_success,0
160.000,avoid_timeout,0
160.000,q_convergence,0.0
160.000,update_residual,0.0
160.000,investigation_deferred,0
160.000,nav_aborted,0
160.000,nav_canceled,0
160.000,nav_rejected,0
160.000,run_seed,10
161.000,anomalies_detected,0
161.000,anomalies_unique,0
161.000,investigation_timeouts,0
161.000,mission_duration_s,117.0
161.000,distance_traveled_m,29.892699918297108
161.000,route_deviations,0
161.000,investigation_time_s,0.0
161.000,hazard_avoidances,0
161.000,min_hazard_distance_m,4.711435012227831
161.000,collisions,0
161.000,time_below_clearance_s,0.0
161.000,safety_zone_violations,0
161.000,min_ttc_s,18.413644672319077
161.000,avoid_success,0
161.000,avoid_timeout,0
161.000,q_convergence,0.0
161.000,update_residual,0.0
161.000,investigation_deferred,0
161.000,nav_aborted,0
161.000,nav_canceled,0
161.000,nav_rejected,0
161.000,run_seed,10
162.000,anomalies_detected,0
162.000,anomalies_unique,0
162.000,investigation_timeouts,0
162.000,mission_duration_s,118.0
162.000,distance_traveled_m,30.145419918215637
162.000,route_deviations,0
162.000,investigation_time_s,0.0
162.000,hazard_avoidances,0
162.000,min_hazard_distance_m,4.711435012227831
162.000,collisions,0
162.000,time_below_clearance_s,0.0
162.000,safety_zone_violations,0
162.000,min_ttc_s,18.413644672319077
162.000,avoid_success,0
162.000,avoid_timeout,0
162.000,q_convergence,0.0
162.000,update_residual,0.0
162.000,investigation_deferred,0
162.000,nav_aborted,0
162.000,nav_canceled,0
162.000,nav_rejected,0
162.000,run_seed,10
163.000,anomalies_detected,0
163.000,anomalies_unique,0
163.000,investigation_timeouts,0
163.000,mission_duration_s,119.0
163.000,distance_traveled_m,30.407499918152165
163.000,route_deviations,0
163.000,investigation_time_s,0.0
163.000,hazard_avoidances,0
163.000,min_hazard_distance_m,4.711435012227831
163.000,collisions,0
163.000,time_below_clearance_s,0.0
163.000,safety_zone_violations,0
163.000,min_ttc_s,18.413644672319077
163.000,avoid_success,0
163.000,avoid_timeout,0
163.000,q_convergence,0.0
163.000,update_residual,0.0
163.000,investigation_deferred,0
163.000,nav_aborted,0
163.000,nav_canceled,0
163.000,nav_rejected,0
163.000,run_seed,10
164.000,anomalies_detected,0
164.000,anomalies_unique,0
164.000,investigation_timeouts,0
164.000,mission_duration_s,120.0
164.000,distance_traveled_m,30.669579918091667
164.000,route_deviations,0
164.000,investigation_time_s,0.0
164.000,hazard_avoidances,0
164.000,min_hazard_distance_m,4.711435012227831
164.000,collisions,0
164.000,time_below_clearance_s,0.0
164.000,safety_zone_violations,0
164.000,min_ttc_s,18.413644672319077
164.000,avoid_success,0
164.000,avoid_timeout,0
164.000,q_convergence,0.0
164.000,update_residual,0.0
164.000,investigation_deferred,0
164.000,nav_aborted,0
164.000,nav_canceled,0
164.000,nav_rejected,0
164.000,run_seed,10
165.000,anomalies_detected,0
165.000,anomalies_unique,0
165.000,investigation_timeouts,0
165.000,mission_duration_s,121.0
165.000,distance_traveled_m,30.931659918046993
165.000,route_deviations,0
165.000,investigation_time_s,0.0
165.000,hazard_avoidances,0
165.000,min_hazard_distance_m,4.711435012227831
165.000,collisions,0
165.000,time_below_clearance_s,0.0
165.000,safety_zone_violations,0
165.000,min_ttc_s,18.413644672319077
165.000,avoid_success,0
165.000,avoid_timeout,0
165.000,q_convergence,0.0
165.000,update_residual,0.0
165.000,investigation_deferred,0
165.000,nav_aborted,0
165.000,nav_canceled,0
165.000,nav_rejected,0
165.000,run_seed,10
166.000,anomalies_detected,0
166.000,anomalies_unique,0
166.000,investigation_timeouts,0
166.000,mission_duration_s,122.0
166.000,distance_traveled_m,31.1937399180001
166.000,route_deviations,0
166.000,investigation_time_s,0.0
166.000,hazard_avoidances,0
166.000,min_hazard_distance_m,4.711435012227831
166.000,collisions,0
166.000,time_below_clearance_s,0.0
166.000,safety_zone_violations,0
166.000,min_ttc_s,18.413644672319077
166.000,avoid_success,0
166.000,avoid_timeout,0
166.000,q_convergence,0.0
166.000,update_residual,0.0
166.000,investigation_deferred,0
166.000,nav_aborted,0
166.000,nav_canceled,0
166.000,nav_rejected,0
166.000,run_seed,10
167.000,anomalies_detected,0
167.000,anomalies_unique,0
167.000,investigation_timeouts,0
167.000,mission_duration_s,123.0
167.000,distance_traveled_m,31.446459917924688
167.000,route_deviations,0
167.000,investigation_time_s,0.0
167.000,hazard_avoidances,0
167.000,min_hazard_distance_m,4.711435012227831
167.000,collisions,0
167.000,time_below_clearance_s,0.0
167.000,safety_zone_violations,0
167.000,min_ttc_s,18.413644672319077
167.000,avoid_success,0
167.000,avoid_timeout,0
167.000,q_convergence,0.0
167.000,update_residual,0.0
167.000,investigation_deferred,0
167.000,nav_aborted,0
167.000,nav_canceled,0
167.000,nav_rejected,0
167.000,run_seed,10
168.000,anomalies_detected,0
168.000,anomalies_unique,0
168.000,investigation_timeouts,0
168.000,mission_duration_s,124.0
168.000,distance_traveled_m,31.70853991786169
168.000,route_deviations,0
168.000,investigation_time_s,0.0
168.000,hazard_avoidances,0
168.000,min_hazard_distance_m,4.711435012227831
168.000,collisions,0
168.000,time_below_clearance_s,0.0
168.000,safety_zone_violations,0
168.000,min_ttc_s,18.413644672319077
168.000,avoid_success,0
168.000,avoid_timeout,0
168.000,q_convergence,0.0
168.000,update_residual,0.0
168.000,investigation_deferred,0
168.000,nav_aborted,0
168.000,nav_canceled,0
168.000,nav_rejected,0
168.000,run_seed,10
169.000,anomalies_detected,0
169.000,anomalies_unique,0
169.000,investigation_timeouts,0
169.000,mission_duration_s,125.0
169.000,distance_traveled_m,31.97061991780825
169.000,route_deviations,0
169.000,investigation_time_s,0.0
169.000,hazard_avoidances,0
169.000,min_hazard_distance_m,4.711435012227831
169.000,collisions,0
169.000,time_below_clearance_s,0.0
169.000,safety_zone_violations,0
169.000,min_ttc_s,18.413644672319077
169.000,avoid_success,0
169.000,avoid_timeout,0
169.000,q_convergence,0.0
169.000,update_residual,0.0
169.000,investigation_deferred,0
169.000,nav_aborted,0
169.000,nav_canceled,0
169.000,nav_rejected,0
169.000,run_seed,10
170.000,anomalies_detected,0
170.000,anomalies_unique,0
170.000,investigation_timeouts,0
170.000,mission_duration_s,126.0
170.000,distance_traveled_m,32.232699917765295
170.000,route_deviations,0
170.000,investigation_time_s,0.0
170.000,hazard_avoidances,0
170.000,min_hazard_distance_m,4.711435012227831
170.000,collisions,0
170.000,time_below_clearance_s,0.0
170.000,safety_zone_violations,0
170.000,min_ttc_s,18.413644672319077
170.000,avoid_success,0
170.000,avoid_timeout,0
170.000,q_convergence,0.0
170.000,update_residual,0.0
170.000,investigation_deferred,0
170.000,nav_aborted,0
170.000,nav_canceled,0
170.000,nav_rejected,0
170.000,run_seed,10
171.000,anomalies_detected,0
171.000,anomalies_unique,0
171.000,investigation_timeouts,0
171.000,mission_duration_s,127.0
171.000,distance_traveled_m,32.48541991772053
171.000,route_deviations,0
171.000,investigation_time_s,0.0
171.000,hazard_avoidances,0
171.000,min_hazard_distance_m,4.711435012227831
171.000,collisions,0
171.000,time_below_clearance_s,0.0
171.000,safety_zone_violations,0
171.000,min_ttc_s,18.413644672319077
171.000,avoid_success,0
171.000,avoid_timeout,0
171.000,q_convergence,0.0
171.000,update_residual,0.0
171.000,investigation_deferred,0
171.000,nav_aborted,0
171.000,nav_canceled,0
171.000,nav_rejected,0
171.000,run_seed,10
172.000,anomalies_detected,0
172.000,anomalies_unique,0
172.000,investigation_timeouts,0
172.000,mission_duration_s,128.0
172.000,distance_traveled_m,32.74749991764421
172.000,route_deviations,0
172.000,investigation_time_s,0.0
172.000,hazard_avoidances,0
172.000,min_hazard_distance_m,4.711435012227831
172.000,collisions,0
172.000,time_below_clearance_s,0.0
172.000,safety_zone_violations,0
172.000,min_ttc_s,18.413644672319077
172.000,avoid_success,0
172.000,avoid_timeout,0
172.000,q_convergence,0.0
172.000,update_residual,0.0
172.000,investigation_deferred,0
172.000,nav_aborted,0
172.000,nav_canceled,0
172.000,nav_rejected,0
172.000,run_seed,10
173.000,anomalies_detected,0
173.000,anomalies_unique,0
173.000,investigation_timeouts,0
173.000,mission_duration_s,129.0
173.000,distance_traveled_m,33.009579917566704
173.000,route_deviations,0
173.000,investigation_time_s,0.0
173.000,hazard_avoidances,0
173.000,min_hazard_distance_m,4.711435012227831
173.000,collisions,0
173.000,time_below_clearance_s,0.0
173.000,safety_zone_violations,0
173.000,min_ttc_s,18.413644672319077
173.000,avoid_success,0
173.000,avoid_timeout,0
173.000,q_convergence,0.0
173.000,update_residual,0.0
173.000,investigation_deferred,0
173.000,nav_aborted,0
173.000,nav_canceled,0
173.000,nav_rejected,0
173.000,run_seed,10
174.000,anomalies_detected,0
174.000,anomalies_unique,0
174.000,investigation_timeouts,0
174.000,mission_duration_s,130.0
174.000,distance_traveled_m,33.27165991750445
174.000,route_deviations,0
174.000,investigation_time_s,0.0
174.000,hazard_avoidances,0
174.000,min_hazard_distance_m,4.711435012227831
174.000,collisions,0
174.000,time_below_clearance_s,0.0
174.000,safety_zone_violations,0
174.000,min_ttc_s,18.413644672319077
174.000,avoid_success,0
174.000,avoid_timeout,0
174.000,q_convergence,0.0
174.000,update_residual,0.0
174.000,investigation_deferred,0
174.000,nav_aborted,0
174.000,nav_canceled,0
174.000,nav_rejected,0
174.000,run_seed,10
175.000,anomalies_detected,0
175.000,anomalies_unique,0
175.000,investigation_timeouts,0
175.000,mission_duration_s,131.0
175.000,distance_traveled_m,33.53373991745828
175.000,route_deviations,0
175.000,investigation_time_s,0.0
175.000,hazard_avoidances,0
175.000,min_hazard_distance_m,4.711435012227831
175.000,collisions,0
175.000,time_below_clearance_s,0.0
175.000,safety_zone_violations,0
175.000,min_ttc_s,18.413644672319077
175.000,avoid_success,0
175.000,avoid_timeout,0
175.000,q_convergence,0.0
175.000,update_residual,0.0
175.000,investigation_deferred,0
175.000,nav_aborted,0
175.000,nav_canceled,0
175.000,nav_rejected,0
175.000,run_seed,10
176.000,anomalies_detected,0
176.000,anomalies_unique,0
176.000,investigation_timeouts,0
176.000,mission_duration_s,132.0
176.000,distance_traveled_m,33.78645991741556
176.000,route_deviations,0
176.000,investigation_time_s,0.0
176.000,hazard_avoidances,0
176.000,min_hazard_distance_m,4.711435012227831
176.000,collisions,0
176.000,time_below_clearance_s,0.0
176.000,safety_zone_violations,0
176.000,min_ttc_s,18.413644672319077
176.000,avoid_success,0
176.000,avoid_timeout,0
176.000,q_convergence,0.0
176.000,update_residual,0.0
176.000,investigation_deferred,0
176.000,nav_aborted,0
176.000,nav_canceled,0
176.000,nav_rejected,0
176.000,run_seed,10
177.000,anomalies_detected,0
177.000,anomalies_unique,0
177.000,investigation_timeouts,0
177.000,mission_duration_s,133.0
177.000,distance_traveled_m,34.04853991734584
177.000,route_deviations,0
177.000,investigation_time_s,0.0
177.000,hazard_avoidances,0
177.000,min_hazard_distance_m,4.711435012227831
177.000,collisions,0
177.000,time_below_clearance_s,0.0
177.000,safety_zone_violations,0
177.000,min_ttc_s,18.413644672319077
177.000,avoid_success,0
177.000,avoid_timeout,0
177.000,q_convergence,0.0
177.000,update_residual,0.0
177.000,investigation_deferred,0
177.000,nav_aborted,0
177.000,nav_canceled,0
177.000,nav_rejected,0
177.000,run_seed,10
178.000,anomalies_detected,0
178.000,anomalies_unique,0
178.000,investigation_timeouts,0
178.000,mission_duration_s,134.0
178.000,distance_traveled_m,34.3106199172864
178.000,route_deviations,0
178.000,investigation_time_s,0.0
178.000,hazard_avoidances,0
178.000,min_hazard_distance_m,4.711435012227831
178.000,collisions,0
178.000,time_below_clearance_s,0.0
178.000,safety_zone_violations,0
178.000,min_ttc_s,18.413644672319077
178.000,avoid_success,0
178.000,avoid_timeout,0
178.000,q_convergence,0.0
178.000,update_residual,0.0
178.000,investigation_deferred,0
178.000,nav_aborted,0
178.000,nav_canceled,0
178.000,nav_rejected,0
178.000,run_seed,10
179.000,anomalies_detected,0
179.000,anomalies_unique,0
179.000,investigation_timeouts,0
179.000,mission_duration_s,135.0
179.000,distance_traveled_m,34.57269991723587
179.000,route_deviations,0
179.000,investigation_time_s,0.0
179.000,hazard_avoidances,0
179.000,min_hazard_distance_m,4.711435012227831
179.000,collisions,0
179.000,time_below_clearance_s,0.0
179.000,safety_zone_violations,0
179.000,min_ttc_s,18.413644672319077
179.000,avoid_success,0
179.000,avoid_timeout,0
179.000,q_convergence,0.0
179.000,update_residual,0.0
179.000,investigation_deferred,0
179.000,nav_aborted,0
179.000,nav_canceled,0
179.000,nav_rejected,0
179.000,run_seed,10
180.000,anomalies_detected,0
180.000,anomalies_unique,0
180.000,investigation_timeouts,0
180.000,mission_duration_s,136.0
180.000,distance_traveled_m,34.825419917190914
180.000,route_deviations,0
180.000,investigation_time_s,0.0
180.000,hazard_avoidances,0
180.000,min_hazard_distance_m,4.711435012227831
180.000,collisions,0
180.000,time_below_clearance_s,0.0
180.000,safety_zone_violations,0
180.000,min_ttc_s,18.413644672319077
180.000,avoid_success,0
180.000,avoid_timeout,0
180.000,q_convergence,0.0
180.000,update_residual,0.0
180.000,investigation_deferred,0
180.000,nav_aborted,0
180.000,nav_canceled,0
180.000,nav_rejected,0
180.000,run_seed,10
181.000,anomalies_detected,0
181.000,anomalies_unique,0
181.000,investigation_timeouts,0
181.000,mission_duration_s,137.0
181.000,distance_traveled_m,35.08749991714537
181.000,route_deviations,0
181.000,investigation_time_s,0.0
181.000,hazard_avoidances,0
181.000,min_hazard_distance_m,4.711435012227831
181.000,collisions,0
181.000,time_below_clearance_s,0.0
181.000,safety_zone_violations,0
181.000,min_ttc_s,18.413644672319077
181.000,avoid_success,0
181.000,avoid_timeout,0
181.000,q_convergence,0.0
181.000,update_residual,0.0
181.000,investigation_deferred,0
181.000,nav_aborted,0
181.000,nav_canceled,0
181.000,nav_rejected,0
181.000,run_seed,10
182.000,anomalies_detected,0
182.000,anomalies_unique,0
182.000,investigation_timeouts,0
182.000,mission_duration_s,138.0
182.000,distance_traveled_m,35.349579917067416
182.000,route_deviations,0
182.000,investigation_time_s,0.0
182.000,hazard_avoidances,0
182.000,min_hazard_distance_m,4.711435012227831
182.000,collisions,0
182.000,time_below_clearance_s,0.0
182.000,safety_zone_violations,0
182.000,min_ttc_s,18.413644672319077
182.000,avoid_success,0
182.000,avoid_timeout,0
182.000,q_convergence,0.0
182.000,update_residual,0.0
182.000,investigation_deferred,0
182.000,nav_aborted,0
182.000,nav_canceled,0
182.000,nav_rejected,0
182.000,run_seed,10
183.000,anomalies_detected,0
183.000,anomalies_unique,0
183.000,investigation_timeouts,0
183.000,mission_duration_s,139.0
183.000,distance_traveled_m,35.611659917005994
183.000,route_deviations,0
183.000,investigation_time_s,0.0
183.000,hazard_avoidances,0
183.000,min_hazard_distance_m,4.711435012227831
183.000,collisions,0
183.000,time_below_clearance_s,0.0
183.000,safety_zone_violations,0
183.000,min_ttc_s,18.413644672319077
183.000,avoid_success,0
183.000,avoid_timeout,0
183.000,q_convergence,0.0
183.000,update_residual,0.0
183.000,investigation_deferred,0
183.000,nav_aborted,0
183.000,nav_canceled,0
183.000,nav_rejected,0
183.000,run_seed,10
184.000,anomalies_detected,0
184.000,anomalies_unique,0
184.000,investigation_timeouts,0
184.000,mission_duration_s,140.0
184.000,distance_traveled_m,35.873739916947635
184.000,route_deviations,0
184.000,investigation_time_s,0.0
184.000,hazard_avoidances,0
184.000,min_hazard_distance_m,4.711435012227831
184.000,collisions,0
184.000,time_below_clearance_s,0.0
184.000,safety_zone_violations,0
184.000,min_ttc_s,18.413644672319077
184.000,avoid_success,0
184.000,avoid_timeout,0
184.000,q_convergence,0.0
184.000,update_residual,0.0
184.000,investigation_deferred,0
184.000,nav_aborted,0
184.000,nav_canceled,0
184.000,nav_rejected,0
184.000,run_seed,10
185.000,anomalies_detected,0
185.000,anomalies_unique,0
185.000,investigation_timeouts,0
185.000,mission_duration_s,141.0
185.000,distance_traveled_m,36.126459916903116
185.000,route_deviations,0
185.000,investigation_time_s,0.0
185.000,hazard_avoidances,0
185.000,min_hazard_distance_m,4.711435012227831
185.000,collisions,0
185.000,time_below_clearance_s,0.0
185.000,safety_zone_violations,0
185.000,min_ttc_s,18.413644672319077
185.000,avoid_success,0
185.000,avoid_timeout,0
185.000,q_convergence,0.0
185.000,update_residual,0.0
185.000,investigation_deferred,0
185.000,nav_aborted,0
185.000,nav_canceled,0
185.000,nav_rejected,0
185.000,run_seed,10
186.000,anomalies_detected,0
186.000,anomalies_unique,0
186.000,investigation_timeouts,0
186.000,mission_duration_s,142.0
186.000,distance_traveled_m,36.38853991685673
186.000,route_deviations,0
186.000,investigation_time_s,0.0
186.000,hazard_avoidances,0
186.000,min_hazard_distance_m,4.711435012227831
186.000,collisions,0
186.000,time_below_clearance_s,0.0
186.000,safety_zone_violations,0
186.000,min_ttc_s,18.413644672319077
186.000,avoid_success,0
186.000,avoid_timeout,0
186.000,q_convergence,0.0
186.000,update_residual,0.0
186.000,investigation_deferred,0
186.000,nav_aborted,0
186.000,nav_canceled,0
186.000,nav_rejected,0
186.000,run_seed,10
187.000,anomalies_detected,0
187.000,anomalies_unique,0
187.000,investigation_timeouts,0
187.000,mission_duration_s,143.0
187.000,distance_traveled_m,36.6506199167703
187.000,route_deviations,0
187.000,investigation_time_s,0.0
187.000,hazard_avoidances,0
187.000,min_hazard_distance_m,4.711435012227831
187.000,collisions,0
187.000,time_below_clearance_s,0.0
187.000,safety_zone_violations,0
187.000,min_ttc_s,18.413644672319077
187.000,avoid_success,0
187.000,avoid_timeout,0
187.000,q_convergence,0.0
187.000,update_residual,0.0
187.000,investigation_deferred,0
187.000,nav_aborted,0
187.000,nav_canceled,0
187.000,nav_rejected,0
187.000,run_seed,10
188.000,anomalies_detected,0
188.000,anomalies_unique,0
188.000,investigation_timeouts,0
188.000,mission_duration_s,144.0
188.000,distance_traveled_m,36.91269991670057
188.000,route_deviations,0
188.000,investigation_time_s,0.0
188.000,hazard_avoidances,0
188.000,min_hazard_distance_m,4.711435012227831
188.000,collisions,0
188.000,time_below_clearance_s,0.0
188.000,safety_zone_violations,0
188.000,min_ttc_s,18.413644672319077
188.000,avoid_success,0
188.000,avoid_timeout,0
188.000,q_convergence,0.0
188.000,update_residual,0.0
188.000,investigation_deferred,0
188.000,nav_aborted,0
188.000,nav_canceled,0
188.000,nav_rejected,0
188.000,run_seed,10
189.000,anomalies_detected,0
189.000,anomalies_unique,0
189.000,investigation_timeouts,0
189.000,mission_duration_s,145.0
189.000,distance_traveled_m,37.16541991664875
189.000,route_deviations,0
189.000,investigation_time_s,0.0
189.000,hazard_avoidances,0
189.000,min_hazard_distance_m,4.711435012227831
189.000,collisions,0
189.000,time_below_clearance_s,0.0
189.000,safety_zone_violations,0
189.000,min_ttc_s,18.413644672319077
189.000,avoid_success,0
189.000,avoid_timeout,0
189.000,q_convergence,0.0
189.000,update_residual,0.0
189.000,investigation_deferred,0
189.000,nav_aborted,0
189.000,nav_canceled,0
189.000,nav_rejected,0
189.000,run_seed,10
190.000,anomalies_detected,0
190.000,anomalies_unique,0
190.000,investigation_timeouts,0
190.000,mission_duration_s,146.0
190.000,distance_traveled_m,37.42749991660654
190.000,route_deviations,0
190.000,investigation_time_s,0.0
190.000,hazard_avoidances,0
190.000,min_hazard_distance_m,4.711435012227831
190.000,collisions,0
190.000,time_below_clearance_s,0.0
190.000,safety_zone_violations,0
190.000,min_ttc_s,18.413644672319077
190.000,avoid_success,0
190.000,avoid_timeout,0
190.000,q_convergence,0.0
190.000,update_residual,0.0
190.000,investigation_deferred,0
190.000,nav_aborted,0
190.000,nav_canceled,0
190.000,nav_rejected,0
190.000,run_seed,10
191.000,anomalies_detected,0
191.000,anomalies_unique,0
191.000,investigation_timeouts,0
191.000,mission_duration_s,147.0
191.000,distance_traveled_m,37.68957991656321
191.000,route_deviations,0
191.000,investigation_time_s,0.0
191.000,hazard_avoidances,0
191.000,min_hazard_distance_m,4.711435012227831
191.000,collisions,0
191.000,time_below_clearance_s,0.0
191.000,safety_zone_violations,0
191.000,min_ttc_s,18.413644672319077
191.000,avoid_success,0
191.000,avoid_timeout,0
191.000,q_convergence,0.0
191.000,update_residual,0.0
191.000,investigation_deferred,0
191.000,nav_aborted,0
191.000,nav_canceled,0
191.000,nav_rejected,0
191.000,run_seed,10
192.000,anomalies_detected,0
192.000,anomalies_unique,0
192.000,investigation_timeouts,0
192.000,mission_duration_s,148.0
192.000,distance_traveled_m,37.95165991648761
192.000,route_deviations,0
192.000,investigation_time_s,0.0
192.000,hazard_avoidances,0
192.000,min_hazard_distance_m,4.711435012227831
192.000,collisions,0
192.000,time_below_clearance_s,0.0
192.000,safety_zone_violations,0
192.000,min_ttc_s,18.413644672319077
192.000,avoid_success,0
192.000,avoid_timeout,0
192.000,q_convergence,0.0
192.000,update_residual,0.0
192.000,investigation_deferred,0
192.000,nav_aborted,0
192.000,nav_canceled,0
192.000,nav_rejected,0
192.000,run_seed,10
193.000,anomalies_detected,0
193.000,anomalies_unique,0
193.000,investigation_timeouts,0
193.000,mission_duration_s,149.0
193.000,distance_traveled_m,38.213739916403625
193.000,route_deviations,0
193.000,investigation_time_s,0.0
193.000,hazard_avoidances,0
193.000,min_hazard_distance_m,4.711435012227831
193.000,collisions,0
193.000,time_below_clearance_s,0.0
193.000,safety_zone_violations,0
193.000,min_ttc_s,18.413644672319077
193.000,avoid_success,0
193.000,avoid_timeout,0
193.000,q_convergence,0.0
193.000,update_residual,0.0
193.000,investigation_deferred,0
193.000,nav_aborted,0
193.000,nav_canceled,0
193.000,nav_rejected,0
193.000,run_seed,10
194.000,anomalies_detected,0
194.000,anomalies_unique,0
194.000,investigation_timeouts,0
194.000,mission_duration_s,150.0
194.000,distance_traveled_m,38.46645991635385
194.000,route_deviations,0
194.000,investigation_time_s,0.0
194.000,hazard_avoidances,0
194.000,min_hazard_distance_m,4.711435012227831
194.000,collisions,0
194.000,time_below_clearance_s,0.0
194.000,safety_zone_violations,0
194.000,min_ttc_s,18.413644672319077
194.000,avoid_success,0
194.000,avoid_timeout,0
194.000,q_convergence,0.0
194.000,update_residual,0.0
194.000,investigation_deferred,0
194.000,nav_aborted,0
194.000,nav_canceled,0
194.000,nav_rejected,0
194.000,run_seed,10
195.000,anomalies_detected,0
195.000,anomalies_unique,0
195.000,investigation_timeouts,0
195.000,mission_duration_s,151.0
195.000,distance_traveled_m,38.72853991629905
195.000,route_deviations,0
195.000,investigation_time_s,0.0
195.000,hazard_avoidances,0
195.000,min_hazard_distance_m,4.711435012227831
195.000,collisions,0
195.000,time_below_clearance_s,0.0
195.000,safety_zone_violations,0
195.000,min_ttc_s,18.413644672319077
195.000,avoid_success,0
195.000,avoid_timeout,0
195.000,q_convergence,0.0
195.000,update_residual,0.0
195.000,investigation_deferred,0
195.000,nav_aborted,0
195.000,nav_canceled,0
195.000,nav_rejected,0
195.000,run_seed,10
196.000,anomalies_detected,0
196.000,anomalies_unique,0
196.000,investigation_timeouts,0
196.000,mission_duration_s,152.0
196.000,distance_traveled_m,38.990619916229036
196.000,route_deviations,0
196.000,investigation_time_s,0.0
196.000,hazard_avoidances,0
196.000,min_hazard_distance_m,4.711435012227831
196.000,collisions,0
196.000,time_below_clearance_s,0.0
196.000,safety_zone_violations,0
196.000,min_ttc_s,18.413644672319077
196.000,avoid_success,0
196.000,avoid_timeout,0
196.000,q_convergence,0.0
196.000,update_residual,0.0
196.000,investigation_deferred,0
196.000,nav_aborted,0
196.000,nav_canceled,0
196.000,nav_rejected,0
196.000,run_seed,10
197.000,anomalies_detected,0
197.000,anomalies_unique,0
197.000,investigation_timeouts,0
197.000,mission_duration_s,153.0
197.000,distance_traveled_m,39.25269991597766
197.000,route_deviations,0
197.000,investigation_time_s,0.0
197.000,hazard_avoidances,0
197.000,min_hazard_distance_m,4.711435012227831
197.000,collisions,0
197.000,time_below_clearance_s,0.0
197.000,safety_zone_violations,0
197.000,min_ttc_s,18.413644672319077
197.000,avoid_success,0
197.000,avoid_timeout,0
197.000,q_convergence,0.0
197.000,update_residual,0.0
197.000,investigation_deferred,0
197.000,nav_aborted,0
197.000,nav_canceled,0
197.000,nav_rejected,0
197.000,run_seed,10
198.000,anomalies_detected,0
198.000,anomalies_unique,0
198.000,investigation_timeouts,0
198.000,mission_duration_s,154.0
198.000,distance_traveled_m,39.50541991559702
198.000,route_deviations,0
198.000,investigation_time_s,0.0
198.000,hazard_avoidances,0
198.000,min_hazard_distance_m,4.711435012227831
198.000,collisions,0
198.000,time_below_clearance_s,0.0
198.000,safety_zone_violations,0
198.000,min_ttc_s,18.413644672319077
198.000,avoid_success,0
198.000,avoid_timeout,0
198.000,q_convergence,0.0
198.000,update_residual,0.0
198.000,investigation_deferred,0
198.000,nav_aborted,0
198.000,nav_canceled,0
198.000,nav_rejected,0
198.000,run_seed,10
199.000,anomalies_detected,0
199.000,anomalies_unique,0
199.000,investigation_timeouts,0
199.000,mission_duration_s,155.0
199.000,distance_traveled_m,39.76749991464608
199.000,route_deviations,0
199.000,investigation_time_s,0.0
199.000,hazard_avoidances,0
199.000,min_hazard_distance_m,4.711435012227831
199.000,collisions,0
199.000,time_below_clearance_s,0.0
199.000,safety_zone_violations,0
199.000,min_ttc_s,18.413644672319077
199.000,avoid_success,0
199.000,avoid_timeout,0
199.000,q_convergence,0.0
199.000,update_residual,0.0
199.000,investigation_deferred,0
199.000,nav_aborted,0
199.000,nav_canceled,0
199.000,nav_rejected,0
199.000,run_seed,10
200.000,anomalies_detected,0
200.000,anomalies_unique,0
200.000,investigation_timeouts,0
200.000,mission_duration_s,156.0
200.000,distance_traveled_m,40.029579912464534
200.000,route_deviations,0
200.000,investigation_time_s,0.0
200.000,hazard_avoidances,0
200.000,min_hazard_distance_m,4.711435012227831
200.000,collisions,0
200.000,time_below_clearance_s,0.0
200.000,safety_zone_violations,0
200.000,min_ttc_s,18.413644672319077
200.000,avoid_success,0
200.000,avoid_timeout,0
200.000,q_convergence,0.0
200.000,update_residual,0.0
200.000,investigation_deferred,0
200.000,nav_aborted,0
200.000,nav_canceled,0
200.000,nav_rejected,0
200.000,run_seed,10
201.000,anomalies_detected,0
201.000,anomalies_unique,0
201.000,investigation_timeouts,0
201.000,mission_duration_s,157.0
201.000,distance_traveled_m,40.29165990802802
201.000,route_deviations,0
201.000,investigation_time_s,0.0
201.000,hazard_avoidances,0
201.000,min_hazard_distance_m,4.711435012227831
201.000,collisions,0
201.000,time_below_clearance_s,0.0
201.000,safety_zone_violations,0
201.000,min_ttc_s,18.413644672319077
201.000,avoid_success,0
201.000,avoid_timeout,0
201.000,q_convergence,0.0
201.000,update_residual,0.0
201.000,investigation_deferred,0
201.000,nav_aborted,0
201.000,nav_canceled,0
201.000,nav_rejected,0
201.000,run_seed,10
202.000,anomalies_detected,0
202.000,anomalies_unique,0
202.000,investigation_timeouts,0
202.000,mission_duration_s,158.0
202.000,distance_traveled_m,40.55373988666023
202.000,route_deviations,0
202.000,investigation_time_s,0.0
202.000,hazard_avoidances,0
202.000,min_hazard_distance_m,4.711435012227831
202.000,collisions,0
202.000,time_below_clearance_s,0.0
202.000,safety_zone_violations,0
202.000,min_ttc_s,18.413644672319077
202.000,avoid_success,0
202.000,avoid_timeout,0
202.000,q_convergence,0.0
202.000,update_residual,0.0
202.000,investigation_deferred,0
202.000,nav_aborted,0
202.000,nav_canceled,0
202.000,nav_rejected,0
202.000,run_seed,10
203.000,anomalies_detected,0
203.000,anomalies_unique,0
203.000,investigation_timeouts,0
203.000,mission_duration_s,159.0
203.000,distance_traveled_m,40.80645955067477
203.000,route_deviations,0
203.000,investigation_time_s,0.0
203.000,hazard_avoidances,0
203.000,min_hazard_distance_m,4.711435012227831
203.000,collisions,0
203.000,time_below_clearance_s,0.0
203.000,safety_zone_violations,0
203.000,min_ttc_s,18.413644672319077
203.000,avoid_success,0
203.000,avoid_timeout,0
203.000,q_convergence,0.0
203.000,update_residual,0.0
203.000,investigation_deferred,0
203.000,nav_aborted,0
203.000,nav_canceled,0
203.000,nav_rejected,0
203.000,run_seed,10
204.000,anomalies_detected,0
204.000,anomalies_unique,0
204.000,investigation_timeouts,0
204.000,mission_duration_s,160.0
204.000,distance_traveled_m,40.98760949003528
204.000,route_deviations,0
204.000,investigation_time_s,0.0
204.000,hazard_avoidances,0
204.000,min_hazard_distance_m,4.711435012227831
204.000,collisions,0
204.000,time_below_clearance_s,0.0
204.000,safety_zone_violations,0
204.000,min_ttc_s,18.413644672319077
204.000,avoid_success,0
204.000,avoid_timeout,0
204.000,q_convergence,0.0
204.000,update_residual,0.0
204.000,investigation_deferred,0
204.000,nav_aborted,0
204.000,nav_canceled,0
204.000,nav_rejected,0
204.000,run_seed,10
205.000,anomalies_detected,0
205.000,anomalies_unique,0
205.000,investigation_timeouts,0
205.000,mission_duration_s,161.0
205.000,distance_traveled_m,41.0256762958759
205.000,route_deviations,0
205.000,investigation_time_s,0.0
205.000,hazard_avoidances,0
205.000,min_hazard_distance_m,4.711435012227831
205.000,collisions,0
205.000,time_below_clearance_s,0.0
205.000,safety_zone_violations,0
205.000,min_ttc_s,18.413644672319077
205.000,avoid_success,0
205.000,avoid_timeout,0
205.000,q_convergence,0.0
205.000,update_residual,0.0
205.000,investigation_deferred,0
205.000,nav_aborted,0
205.000,nav_canceled,0
205.000,nav_rejected,0
205.000,run_seed,10
206.000,anomalies_detected,0
206.000,anomalies_unique,0
206.000,investigation_timeouts,0
206.000,mission_duration_s,162.0
206.000,distance_traveled_m,41.06774107940515
206.000,route_deviations,0
206.000,investigation_time_s,0.0
206.000,hazard_avoidances,0
206.000,min_hazard_distance_m,4.711435012227831
206.000,collisions,0
206.000,time_below_clearance_s,0.0
206.000,safety_zone_violations,0
206.000,min_ttc_s,18.413644672319077
206.000,avoid_success,0
206.000,avoid_timeout,0
206.000,q_convergence,0.0
206.000,update_residual,0.0
206.000,investigation_deferred,0
206.000,nav_aborted,0
206.000,nav_canceled,0
206.000,nav_rejected,0
206.000,run_seed,10
207.000,anomalies_detected,0
207.000,anomalies_unique,0
207.000,investigation_timeouts,0
207.000,mission_duration_s,163.0
207.000,distance_traveled_m,41.20915868121003
207.000,route_deviations,0
207.000,investigation_time_s,0.0
207.000,hazard_avoidances,0
207.000,min_hazard_distance_m,4.711435012227831
207.000,collisions,0
207.000,time_below_clearance_s,0.0
207.000,safety_zone_violations,0
207.000,min_ttc_s,18.413644672319077
207.000,avoid_success,0
207.000,avoid_timeout,0
207.000,q_convergence,0.0
207.000,update_residual,0.0
207.000,investigation_deferred,0
207.000,nav_aborted,0
207.000,nav_canceled,0
207.000,nav_rejected,0
207.000,run_seed,10
208.000,anomalies_detected,0
208.000,anomalies_unique,0
208.000,investigation_timeouts,0
208.000,mission_duration_s,164.0
208.000,distance_traveled_m,41.47123769821896
208.000,route_deviations,0
208.000,investigation_time_s,0.0
208.000,hazard_avoidances,0
208.000,min_hazard_distance_m,4.711435012227831
208.000,collisions,0
208.000,time_below_clearance_s,0.0
208.000,safety_zone_violations,0
208.000,min_ttc_s,18.413644672319077
208.000,avoid_success,0
208.000,avoid_timeout,0
208.000,q_convergence,0.0
208.000,update_residual,0.0
208.000,investigation_deferred,0
208.000,nav_aborted,0
208.000,nav_canceled,0
208.000,nav_rejected,0
208.000,run_seed,10
209.000,anomalies_detected,0
209.000,anomalies_unique,0
209.000,investigation_timeouts,0
209.000,mission_duration_s,165.0
209.000,distance_traveled_m,41.73331766259646
209.000,route_deviations,0
209.000,investigation_time_s,0.0
209.000,hazard_avoidances,0
209.000,min_hazard_distance_m,4.711435012227831
209.000,collisions,0
209.000,time_below_clearance_s,0.0
209.000,safety_zone_violations,0
209.000,min_ttc_s,18.413644672319077
209.000,avoid_success,0
209.000,avoid_timeout,0
209.000,q_convergence,0.0
209.000,update_residual,0.0
209.000,investigation_deferred,0
209.000,nav_aborted,0
209.000,nav_canceled,0
209.000,nav_rejected,0
209.000,run_seed,10
210.000,anomalies_detected,0
210.000,anomalies_unique,0
210.000,investigation_timeouts,0
210.000,mission_duration_s,166.0
210.000,distance_traveled_m,41.99539764623707
210.000,route_deviations,0
210.000,investigation_time_s,0.0
210.000,hazard_avoidances,0
210.000,min_hazard_distance_m,4.711435012227831
210.000,collisions,0
210.000,time_below_clearance_s,0.0
210.000,safety_zone_violations,0
210.000,min_ttc_s,18.413644672319077
210.000,avoid_success,0
210.000,avoid_timeout,0
210.000,q_convergence,0.0
210.000,update_residual,0.0
210.000,investigation_deferred,0
210.000,nav_aborted,0
210.000,nav_canceled,0
210.000,nav_rejected,0
210.000,run_seed,10
211.000,anomalies_detected,0
211.000,anomalies_unique,0
211.000,investigation_timeouts,0
211.000,mission_duration_s,167.0
211.000,distance_traveled_m,42.257477603889775
211.000,route_deviations,0
211.000,investigation_time_s,0.0
211.000,hazard_avoidances,0
211.000,min_hazard_distance_m,4.711435012227831
211.000,collisions,0
211.000,time_below_clearance_s,0.0
211.000,safety_zone_violations,0
211.000,min_ttc_s,18.413644672319077
211.000,avoid_success,0
211.000,avoid_timeout,0
211.000,q_convergence,0.0
211.000,update_residual,0.0
211.000,investigation_deferred,0
211.000,nav_aborted,0
211.000,nav_canceled,0
211.000,nav_rejected,0
211.000,run_seed,10
212.000,anomalies_detected,0
212.000,anomalies_unique,0
212.000,investigation_timeouts,0
212.000,mission_duration_s,168.0
212.000,distance_traveled_m,42.51019744105377
212.000,route_deviations,0
212.000,investigation_time_s,0.0
212.000,hazard_avoidances,0
212.000,min_hazard_distance_m,4.711435012227831
212.000,collisions,0
212.000,time_below_clearance_s,0.0
212.000,safety_zone_violations,0
212.000,min_ttc_s,18.413644672319077
212.000,avoid_success,0
212.000,avoid_timeout,0
212.000,q_convergence,0.0
212.000,update_residual,0.0
212.000,investigation_deferred,0
212.000,nav_aborted,0
212.000,nav_canceled,0
212.000,nav_rejected,0
212.000,run_seed,10
213.000,anomalies_detected,0
213.000,anomalies_unique,0
213.000,investigation_timeouts,0
213.000,mission_duration_s,169.0
213.000,distance_traveled_m,42.772276835001676
213.000,route_deviations,0
213.000,investigation_time_s,0.0
213.000,hazard_avoidances,0
213.000,min_hazard_distance_m,4.711435012227831
213.000,collisions,0
213.000,time_below_clearance_s,0.0
213.000,safety_zone_violations,0
213.000,min_ttc_s,18.413644672319077
213.000,avoid_success,0
213.000,avoid_timeout,0
213.000,q_convergence,0.0
213.000,update_residual,0.0
213.000,investigation_deferred,0
213.000,nav_aborted,0
213.000,nav_canceled,0
213.000,nav_rejected,0
213.000,run_seed,10
214.000,anomalies_detected,0
214.000,anomalies_unique,0
214.000,investigation_timeouts,0
214.000,mission_duration_s,170.0
214.000,distance_traveled_m,43.03435596845291
214.000,route_deviations,0
214.000,investigation_time_s,0.0
214.000,hazard_avoidances,0
214.000,min_hazard_distance_m,4.711435012227831
214.000,collisions,0
214.000,time_below_clearance_s,0.0
214.000,safety_zone_violations,0
214.000,min_ttc_s,18.413644672319077
214.000,avoid_success,0
214.000,avoid_timeout,0
214.000,q_convergence,0.0
214.000,update_residual,0.0
214.000,investigation_deferred,0
214.000,nav_aborted,0
214.000,nav_canceled,0
214.000,nav_rejected,0
214.000,run_seed,10
215.000,anomalies_detected,0
215.000,anomalies_unique,0
215.000,investigation_timeouts,0
215.000,mission_duration_s,171.0
215.000,distance_traveled_m,43.2964352715467
215.000,route_deviations,0
215.000,investigation_time_s,0.0
215.000,hazard_avoidances,0
215.000,min_hazard_distance_m,4.711435012227831
215.000,collisions,0
215.000,time_below_clearance_s,0.0
215.000,safety_zone_violations,0
215.000,min_ttc_s,18.413644672319077
215.000,avoid_success,0
215.000,avoid_timeout,0
215.000,q_convergence,0.0
215.000,update_residual,0.0
215.000,investigation_deferred,0
215.000,nav_aborted,0
215.000,nav_canceled,0
215.000,nav_rejected,0
215.000,run_seed,10
216.000,anomalies_detected,0
216.000,anomalies_unique,0
216.000,investigation_timeouts,0
216.000,mission_duration_s,172.0
216.000,distance_traveled_m,43.549154957047705
216.000,route_deviations,0
216.000,investigation_time_s,0.0
216.000,hazard_avoidances,0
216.000,min_hazard_distance_m,4.711435012227831
216.000,collisions,0
216.000,time_below_clearance_s,0.0
216.000,safety_zone_violations,0
216.000,min_ttc_s,18.413644672319077
216.000,avoid_success,0
216.000,avoid_timeout,0
216.000,q_convergence,0.0
216.000,update_residual,0.0
216.000,investigation_deferred,0
216.000,nav_aborted,0
216.000,nav_canceled,0
216.000,nav_rejected,0
216.000,run_seed,10
217.000,anomalies_detected,0
217.000,anomalies_unique,0
217.000,investigation_timeouts,0
217.000,mission_duration_s,173.0
217.000,distance_traveled_m,43.81123488970993
217.000,route_deviations,0
217.000,investigation_time_s,0.0
217.000,hazard_avoidances,0
217.000,min_hazard_distance_m,4.711435012227831
217.000,collisions,0
217.000,time_below_clearance_s,0.0
217.000,safety_zone_violations,0
217.000,min_ttc_s,18.413644672319077
217.000,avoid_success,0
217.000,avoid_timeout,0
217.000,q_convergence,0.0
217.000,update_residual,0.0
217.000,investigation_deferred,0
217.000,nav_aborted,0
217.000,nav_canceled,0
217.000,nav_rejected,0
217.000,run_seed,10
218.000,anomalies_detected,0
218.000,anomalies_unique,0
218.000,investigation_timeouts,0
218.000,mission_duration_s,174.0
218.000,distance_traveled_m,44.073314861015795
218.000,route_deviations,0
218.000,investigation_time_s,0.0
218.000,hazard_avoidances,0
218.000,min_hazard_distance_m,4.711435012227831
218.000,collisions,0
218.000,time_below_clearance_s,0.0
218.000,safety_zone_violations,0
218.000,min_ttc_s,18.413644672319077
218.000,avoid_success,0
218.000,avoid_timeout,0
218.000,q_convergence,0.0
218.000,update_residual,0.0
218.000,investigation_deferred,0
218.000,nav_aborted,0
218.000,nav_canceled,0
218.000,nav_rejected,0
218.000,run_seed,10
219.000,anomalies_detected,0
219.000,anomalies_unique,0
219.000,investigation_timeouts,0
219.000,mission_duration_s,175.0
219.000,distance_traveled_m,44.335394857040086
219.000,route_deviations,0
219.000,investigation_time_s,0.0
219.000,hazard_avoidances,0
219.000,min_hazard_distance_m,4.711435012227831
219.000,collisions,0
219.000,time_below_clearance_s,0.0
219.000,safety_zone_violations,0
219.000,min_ttc_s,18.413644672319077
219.000,avoid_success,0
219.000,avoid_timeout,0
219.000,q_convergence,0.0
219.000,update_residual,0.0
219.000,investigation_deferred,0
219.000,nav_aborted,0
219.000,nav_canceled,0
219.000,nav_rejected,0
219.000,run_seed,10
220.000,anomalies_detected,0
220.000,anomalies_unique,0
220.000,investigation_timeouts,0
220.000,mission_duration_s,176.0
220.000,distance_traveled_m,44.59747485280144
220.000,route_deviations,0
220.000,investigation_time_s,0.0
220.000,hazard_avoidances,0
220.000,min_hazard_distance_m,4.711435012227831
220.000,collisions,0
220.000,time_below_clearance_s,0.0
220.000,safety_zone_violations,0
220.000,min_ttc_s,18.413644672319077
220.000,avoid_success,0
220.000,avoid_timeout,0
220.000,q_convergence,0.0
220.000,update_residual,0.0
220.000,investigation_deferred,0
220.000,nav_aborted,0
220.000,nav_canceled,0
220.000,nav_rejected,0
220.000,run_seed,10
221.000,anomalies_detected,0
221.000,anomalies_unique,0
221.000,investigation_timeouts,0
221.000,mission_duration_s,177.0
221.000,distance_traveled_m,44.85019485062912
221.000,route_deviations,0
221.000,investigation_time_s,0.0
221.000,hazard_avoidances,0
221.000,min_hazard_distance_m,4.711435012227831
221.000,collisions,0
221.000,time_below_clearance_s,0.0
221.000,safety_zone_violations,0
221.000,min_ttc_s,18.413644672319077
221.000,avoid_success,0
221.000,avoid_timeout,0
221.000,q_convergence,0.0
221.000,update_residual,0.0
221.000,investigation_deferred,0
221.000,nav_aborted,0
221.000,nav_canceled,0
221.000,nav_rejected,0
221.000,run_seed,10
222.000,anomalies_detected,0
222.000,anomalies_unique,0
222.000,investigation_timeouts,0
222.000,mission_duration_s,178.0
222.000,distance_traveled_m,45.11227484952952
222.000,route_deviations,0
222.000,investigation_time_s,0.0
222.000,hazard_avoidances,0
222.000,min_hazard_distance_m,4.711435012227831
222.000,collisions,0
222.000,time_below_clearance_s,0.0
222.000,safety_zone_violations,0
222.000,min_ttc_s,18.413644672319077
222.000,avoid_success,0
222.000,avoid_timeout,0
222.000,q_convergence,0.0
222.000,update_residual,0.0
222.000,investigation_deferred,0
222.000,nav_aborted,0
222.000,nav_canceled,0
222.000,nav_rejected,0
222.000,run_seed,10
223.000,anomalies_detected,0
223.000,anomalies_unique,0
223.000,investigation_timeouts,0
223.000,mission_duration_s,179.0
223.000,distance_traveled_m,45.374354848560934
223.000,route_deviations,0
223.000,investigation_time_s,0.0
223.000,hazard_avoidances,0
223.000,min_hazard_distance_m,4.711435012227831
223.000,collisions,0
223.000,time_below_clearance_s,0.0
223.000,safety_zone_violations,0
223.000,min_ttc_s,18.413644672319077
223.000,avoid_success,0
223.000,avoid_timeout,0
223.000,q_convergence,0.0
223.000,update_residual,0.0
223.000,investigation_deferred,0
223.000,nav_aborted,0
223.000,nav_canceled,0
223.000,nav_rejected,0
223.000,run_seed,10
224.000,anomalies_detected,0
224.000,anomalies_unique,0
224.000,investigation_timeouts,0
224.000,mission_duration_s,180.0
224.000,distance_traveled_m,45.63643484748101
224.000,route_deviations,0
224.000,investigation_time_s,0.0
224.000,hazard_avoidances,0
224.000,min_hazard_distance_m,4.711435012227831
224.000,collisions,0
224.000,time_below_clearance_s,0.0
224.000,safety_zone_violations,0
224.000,min_ttc_s,18.413644672319077
224.000,avoid_success,0
224.000,avoid_timeout,0
224.000,q_convergence,0.0
224.000,update_residual,0.0
224.000,investigation_deferred,0
224.000,nav_aborted,0
224.000,nav_canceled,0
224.000,nav_rejected,0
224.000,run_seed,10
225.000,anomalies_detected,0
225.000,anomalies_unique,0
225.000,investigation_timeouts,0
225.000,mission_duration_s,181.0
225.000,distance_traveled_m,45.88915484661922
225.000,route_deviations,0
225.000,investigation_time_s,0.0
225.000,hazard_avoidances,0
225.000,min_hazard_distance_m,4.711435012227831
225.000,collisions,0
225.000,time_below_clearance_s,0.0
225.000,safety_zone_violations,0
225.000,min_ttc_s,18.413644672319077
225.000,avoid_success,0
225.000,avoid_timeout,0
225.000,q_convergence,0.0
225.000,update_residual,0.0
225.000,investigation_deferred,0
225.000,nav_aborted,0
225.000,nav_canceled,0
225.000,nav_rejected,0
225.000,run_seed,10
226.000,anomalies_detected,0
226.000,anomalies_unique,0
226.000,investigation_timeouts,0
226.000,mission_duration_s,182.0
226.000,distance_traveled_m,46.15123484568167
226.000,route_deviations,0
226.000,investigation_time_s,0.0
226.000,hazard_avoidances,0
226.000,min_hazard_distance_m,4.711435012227831
226.000,collisions,0
226.000,time_below_clearance_s,0.0
226.000,safety_zone_violations,0
226.000,min_ttc_s,18.413644672319077
226.000,avoid_success,0
226.000,avoid_timeout,0
226.000,q_convergence,0.0
226.000,update_residual,0.0
226.000,investigation_deferred,0
226.000,nav_aborted,0
226.000,nav_canceled,0
226.000,nav_rejected,0
226.000,run_seed,10
227.000,anomalies_detected,0
227.000,anomalies_unique,0
227.000,investigation_timeouts,0
227.000,mission_duration_s,183.0
227.000,distance_traveled_m,46.413314844787806
227.000,route_deviations,0
227.000,investigation_time_s,0.0
227.000,hazard_avoidances,0
227.000,min_hazard_distance_m,4.711435012227831
227.000,collisions,0
227.000,time_below_clearance_s,0.0
227.000,safety_zone_violations,0
227.000,min_ttc_s,18.413644672319077
227.000,avoid_success,0
227.000,avoid_timeout,0
227.000,q_convergence,0.0
227.000,update_residual,0.0
227.000,investigation_deferred,0
227.000,nav_aborted,0
227.000,nav_canceled,0
227.000,nav_rejected,0
227.000,run_seed,10
228.000,anomalies_detected,0
228.000,anomalies_unique,0
228.000,investigation_timeouts,0
228.000,mission_duration_s,184.0
228.000,distance_traveled_m,46.67539484390593
228.000,route_deviations,0
228.000,investigation_time_s,0.0
228.000,hazard_avoidances,0
228.000,min_hazard_distance_m,4.711435012227831
228.000,collisions,0
228.000,time_below_clearance_s,0.0
228.000,safety_zone_violations,0
228.000,min_ttc_s,18.413644672319077
228.000,avoid_success,0
228.000,avoid_timeout,0
228.000,q_convergence,0.0
228.000,update_residual,0.0
228.000,investigation_deferred,0
228.000,nav_aborted,0
228.000,nav_canceled,0
228.000,nav_rejected,0
228.000,run_seed,10
229.000,anomalies_detected,0
229.000,anomalies_unique,0
229.000,investigation_timeouts,0
229.000,mission_duration_s,185.0
229.000,distance_traveled_m,46.93747484296909
229.000,route_deviations,0
229.000,investigation_time_s,0.0
229.000,hazard_avoidances,0
229.000,min_hazard_distance_m,4.711435012227831
229.000,collisions,0
229.000,time_below_clearance_s,0.0
229.000,safety_zone_violations,0
229.000,min_ttc_s,18.413644672319077
229.000,avoid_success,0
229.000,avoid_timeout,0
229.000,q_convergence,0.0
229.000,update_residual,0.0
229.000,investigation_deferred,0
229.000,nav_aborted,0
229.000,nav_canceled,0
229.000,nav_rejected,0
229.000,run_seed,10
230.000,anomalies_detected,0
230.000,anomalies_unique,0
230.000,investigation_timeouts,0
230.000,mission_duration_s,186.0
230.000,distance_traveled_m,47.19019484209277
230.000,route_deviations,0
230.000,investigation_time_s,0.0
230.000,hazard_avoidances,0
230.000,min_hazard_distance_m,4.711435012227831
230.000,collisions,0
230.000,time_below_clearance_s,0.0
230.000,safety_zone_violations,0
230.000,min_ttc_s,18.413644672319077
230.000,avoid_success,0
230.000,avoid_timeout,0
230.000,q_convergence,0.0
230.000,update_residual,0.0
230.000,investigation_deferred,0
230.000,nav_aborted,0
230.000,nav_canceled,0
230.000,nav_rejected,0
230.000,run_seed,10
231.000,anomalies_detected,0
231.000,anomalies_unique,0
231.000,investigation_timeouts,0
231.000,mission_duration_s,187.0
231.000,distance_traveled_m,47.4522748412271
231.000,route_deviations,0
231.000,investigation_time_s,0.0
231.000,hazard_avoidances,0
231.000,min_hazard_distance_m,4.711435012227831
231.000,collisions,0
231.000,time_below_clearance_s,0.0
231.000,safety_zone_violations,0
231.000,min_ttc_s,18.413644672319077
231.000,avoid_success,0
231.000,avoid_timeout,0
231.000,q_convergence,0.0
231.000,update_residual,0.0
231.000,investigation_deferred,0
231.000,nav_aborted,0
231.000,nav_canceled,0
231.000,nav_rejected,0
231.000,run_seed,10
232.000,anomalies_detected,0
232.000,anomalies_unique,0
232.000,investigation_timeouts,0
232.000,mission_duration_s,188.0
232.000,distance_traveled_m,47.71435484037041
232.000,route_deviations,0
232.000,investigation_time_s,0.0
232.000,hazard_avoidances,0
232.000,min_hazard_distance_m,4.711435012227831
232.000,collisions,0
232.000,time_below_clearance_s,0.0
232.000,safety_zone_violations,0
232.000,min_ttc_s,18.413644672319077
232.000,avoid_success,0
232.000,avoid_timeout,0
232.000,q_convergence,0.0
232.000,update_residual,0.0
232.000,investigation_deferred,0
232.000,nav_aborted,0
232.000,nav_canceled,0
232.000,nav_rejected,0
232.000,run_seed,10
233.000,anomalies_detected,0
233.000,anomalies_unique,0
233.000,investigation_timeouts,0
233.000,mission_duration_s,189.0
233.000,distance_traveled_m,47.976434839494715
233.000,route_deviations,0
233.000,investigation_time_s,0.0
233.000,hazard_avoidances,0
233.000,min_hazard_distance_m,4.711435012227831
233.000,collisions,0
233.000,time_below_clearance_s,0.0
233.000,safety_zone_violations,0
233.000,min_ttc_s,18.413644672319077
233.000,avoid_success,0
233.000,avoid_timeout,0
233.000,q_convergence,0.0
233.000,update_residual,0.0
233.000,investigation_deferred,0
233.000,nav_aborted,0
233.000,nav_canceled,0
233.000,nav_rejected,0
233.000,run_seed,10
234.000,anomalies_detected,0
234.000,anomalies_unique,0
234.000,investigation_timeouts,0
234.000,mission_duration_s,190.0
234.000,distance_traveled_m,48.22915483861661
234.000,route_deviations,0
234.000,investigation_time_s,0.0
234.000,hazard_avoidances,0
234.000,min_hazard_distance_m,4.711435012227831
234.000,collisions,0
234.000,time_below_clearance_s,0.0
234.000,safety_zone_violations,0
234.000,min_ttc_s,18.413644672319077
234.000,avoid_success,0
234.000,avoid_timeout,0
234.000,q_convergence,0.0
234.000,update_residual,0.0
234.000,investigation_deferred,0
234.000,nav_aborted,0
234.000,nav_canceled,0
234.000,nav_rejected,0
234.000,run_seed,10
235.000,anomalies_detected,0
235.000,anomalies_unique,0
235.000,investigation_timeouts,0
235.000,mission_duration_s,191.0
235.000,distance_traveled_m,48.49123483774167
235.000,route_deviations,0
235.000,investigation_time_s,0.0
235.000,hazard_avoidances,0
235.000,min_hazard_distance_m,4.711435012227831
235.000,collisions,0
235.000,time_below_clearance_s,0.0
235.000,safety_zone_violations,0
235.000,min_ttc_s,18.413644672319077
235.000,avoid_success,0
235.000,avoid_timeout,0
235.000,q_convergence,0.0
235.000,update_residual,0.0
235.000,investigation_deferred,0
235.000,nav_aborted,0
235.000,nav_canceled,0
235.000,nav_rejected,0
235.000,run_seed,10
236.000,anomalies_detected,0
236.000,anomalies_unique,0
236.000,investigation_timeouts,0
236.000,mission_duration_s,192.0
236.000,distance_traveled_m,48.753314836873855
236.000,route_deviations,0
236.000,investigation_time_s,0.0
236.000,hazard_avoidances,0
236.000,min_hazard_distance_m,4.711435012227831
236.000,collisions,0
236.000,time_below_clearance_s,0.0
236.000,safety_zone_violations,0
236.000,min_ttc_s,18.413644672319077
236.000,avoid_success,0
236.000,avoid_timeout,0
236.000,q_convergence,0.0
236.000,update_residual,0.0
236.000,investigation_deferred,0
236.000,nav_aborted,0
236.000,nav_canceled,0
236.000,nav_rejected,0
236.000,run_seed,10
237.000,anomalies_detected,0
237.000,anomalies_unique,0
237.000,investigation_timeouts,0
237.000,mission_duration_s,193.0
237.000,distance_traveled_m,49.01539483601846
237.000,route_deviations,0
237.000,investigation_time_s,0.0
237.000,hazard_avoidances,0
237.000,min_hazard_distance_m,4.711435012227831
237.000,collisions,0
237.000,time_below_clearance_s,0.0
237.000,safety_zone_violations,0
237.000,min_ttc_s,18.413644672319077
237.000,avoid_success,0
237.000,avoid_timeout,0
237.000,q_convergence,0.0
237.000,update_residual,0.0
237.000,investigation_deferred,0
237.000,nav_aborted,0
237.000,nav_canceled,0
237.000,nav_rejected,0
237.000,run_seed,10
238.000,anomalies_detected,0
238.000,anomalies_unique,0
238.000,investigation_timeouts,0
238.000,mission_duration_s,194.0
238.000,distance_traveled_m,49.277474835157236
238.000,route_deviations,0
238.000,investigation_time_s,0.0
238.000,hazard_avoidances,0
238.000,min_hazard_distance_m,4.711435012227831
238.000,collisions,0
238.000,time_below_clearance_s,0.0
238.000,safety_zone_violations,0
238.000,min_ttc_s,18.413644672319077
238.000,avoid_success,0
238.000,avoid_timeout,0
238.000,q_convergence,0.0
238.000,update_residual,0.0
238.000,investigation_deferred,0
238.000,nav_aborted,0
238.000,nav_canceled,0
238.000,nav_rejected,0
238.000,run_seed,10
239.000,anomalies_detected,0
239.000,anomalies_unique,0
239.000,investigation_timeouts,0
239.000,mission_duration_s,195.0
239.000,distance_traveled_m,49.530194834263504
239.000,route_deviations,0
239.000,investigation_time_s,0.0
239.000,hazard_avoidances,0
239.000,min_hazard_distance_m,4.711435012227831
239.000,collisions,0
239.000,time_below_clearance_s,0.0
239.000,safety_zone_violations,0
239.000,min_ttc_s,18.413644672319077
239.000,avoid_success,0
239.000,avoid_timeout,0
239.000,q_convergence,0.0
239.000,update_residual,0.0
239.000,investigation_deferred,0
239.000,nav_aborted,0
239.000,nav_canceled,0
239.000,nav_rejected,0
239.000,run_seed,10
240.000,anomalies_detected,0
240.000,anomalies_unique,0
240.000,investigation_timeouts,0
240.000,mission_duration_s,196.0
240.000,distance_traveled_m,49.79227483340615
240.000,route_deviations,0
240.000,investigation_time_s,0.0
240.000,hazard_avoidances,0
240.000,min_hazard_distance_m,4.711435012227831
240.000,collisions,0
240.000,time_below_clearance_s,0.0
240.000,safety_zone_violations,0
240.000,min_ttc_s,18.413644672319077
240.000,avoid_success,0
240.000,avoid_timeout,0
240.000,q_convergence,0.0
240.000,update_residual,0.0
240.000,investigation_deferred,0
240.000,nav_aborted,0
240.000,nav_canceled,0
240.000,nav_rejected,0
240.000,run_seed,10
241.000,anomalies_detected,0
241.000,anomalies_unique,0
241.000,investigation_timeouts,0
241.000,mission_duration_s,197.0
241.000,distance_traveled_m,50.05435483254093
241.000,route_deviations,0
241.000,investigation_time_s,0.0
241.000,hazard_avoidances,0
241.000,min_hazard_distance_m,4.711435012227831
241.000,collisions,0
241.000,time_below_clearance_s,0.0
241.000,safety_zone_violations,0
241.000,min_ttc_s,18.413644672319077
241.000,avoid_success,0
241.000,avoid_timeout,0
241.000,q_convergence,0.0
241.000,update_residual,0.0
241.000,investigation_deferred,0
241.000,nav_aborted,0
241.000,nav_canceled,0
241.000,nav_rejected,0
241.000,run_seed,10
242.000,anomalies_detected,0
242.000,anomalies_unique,0
242.000,investigation_timeouts,0
242.000,mission_duration_s,198.0
242.000,distance_traveled_m,50.316434831611694
242.000,route_deviations,0
242.000,investigation_time_s,0.0
242.000,hazard_avoidances,0
242.000,min_hazard_distance_m,4.711435012227831
242.000,collisions,0
242.000,time_below_clearance_s,0.0
242.000,safety_zone_violations,0
242.000,min_ttc_s,18.413644672319077
242.000,avoid_success,0
242.000,avoid_timeout,0
242.000,q_convergence,0.0
242.000,update_residual,0.0
242.000,investigation_deferred,0
242.000,nav_aborted,0
242.000,nav_canceled,0
242.000,nav_rejected,0
242.000,run_seed,10
243.000,anomalies_detected,0
243.000,anomalies_unique,0
243.000,investigation_timeouts,0
243.000,mission_duration_s,199.0
243.000,distance_traveled_m,50.56915483078086
243.000,route_deviations,0
243.000,investigation_time_s,0.0
243.000,hazard_avoidances,0
243.000,min_hazard_distance_m,4.711435012227831
243.000,collisions,0
243.000,time_below_clearance_s,0.0
243.000,safety_zone_violations,0
243.000,min_ttc_s,18.413644672319077
243.000,avoid_success,0
243.000,avoid_timeout,0
243.000,q_convergence,0.0
243.000,update_residual,0.0
243.000,investigation_deferred,0
243.000,nav_aborted,0
243.000,nav_canceled,0
243.000,nav_rejected,0
243.000,run_seed,10
244.000,anomalies_detected,0
244.000,anomalies_unique,0
244.000,investigation_timeouts,0
244.000,mission_duration_s,200.0
244.000,distance_traveled_m,50.83123482969704
244.000,route_deviations,0
244.000,investigation_time_s,0.0
244.000,hazard_avoidances,0
244.000,min_hazard_distance_m,4.711435012227831
244.000,collisions,0
244.000,time_below_clearance_s,0.0
244.000,safety_zone_violations,0
244.000,min_ttc_s,18.413644672319077
244.000,avoid_success,0
244.000,avoid_timeout,0
244.000,q_convergence,0.0
244.000,update_residual,0.0
244.000,investigation_deferred,0
244.000,nav_aborted,0
244.000,nav_canceled,0
244.000,nav_rejected,0
244.000,run_seed,10
245.000,anomalies_detected,0
245.000,anomalies_unique,0
245.000,investigation_timeouts,0
245.000,mission_duration_s,201.0
245.000,distance_traveled_m,51.09331482850276
245.000,route_deviations,0
245.000,investigation_time_s,0.0
245.000,hazard_avoidances,0
245.000,min_hazard_distance_m,4.711435012227831
245.000,collisions,0
245.000,time_below_clearance_s,0.0
245.000,safety_zone_violations,0
245.000,min_ttc_s,18.413644672319077
245.000,avoid_success,0
245.000,avoid_timeout,0
245.000,q_convergence,0.0
245.000,update_residual,0.0
245.000,investigation_deferred,0
245.000,nav_aborted,0
245.000,nav_canceled,0
245.000,nav_rejected,0
245.000,run_seed,10
246.000,anomalies_detected,0
246.000,anomalies_unique,0
246.000,investigation_timeouts,0
246.000,mission_duration_s,202.0
246.000,distance_traveled_m,51.35539482745127
246.000,route_deviations,0
246.000,investigation_time_s,0.0
246.000,hazard_avoidances,0
246.000,min_hazard_distance_m,4.711435012227831
246.000,collisions,0
246.000,time_below_clearance_s,0.0
246.000,safety_zone_violations,0
246.000,min_ttc_s,18.413644672319077
246.000,avoid_success,0
246.000,avoid_timeout,0
246.000,q_convergence,0.0
246.000,update_residual,0.0
246.000,investigation_deferred,0
246.000,nav_aborted,0
246.000,nav_canceled,0
246.000,nav_rejected,0
246.000,run_seed,10
247.000,anomalies_detected,0
247.000,anomalies_unique,0
247.000,investigation_timeouts,0
247.000,mission_duration_s,203.0
247.000,distance_traveled_m,51.61747482587425
247.000,route_deviations,0
247.000,investigation_time_s,0.0
247.000,hazard_avoidances,0
247.000,min_hazard_distance_m,4.711435012227831
247.000,collisions,0
247.000,time_below_clearance_s,0.0
247.000,safety_zone_violations,0
247.000,min_ttc_s,18.413644672319077
247.000,avoid_success,0
247.000,avoid_timeout,0
247.000,q_convergence,0.0
247.000,update_residual,0.0
247.000,investigation_deferred,0
247.000,nav_aborted,0
247.000,nav_canceled,0
247.000,nav_rejected,0
247.000,run_seed,10
248.000,anomalies_detected,0
248.000,anomalies_unique,0
248.000,investigation_timeouts,0
248.000,mission_duration_s,204.0
248.000,distance_traveled_m,51.87019482277458
248.000,route_deviations,0
248.000,investigation_time_s,0.0
248.000,hazard_avoidances,0
248.000,min_hazard_distance_m,4.711435012227831
248.000,collisions,0
248.000,time_below_clearance_s,0.0
248.000,safety_zone_violations,0
248.000,min_ttc_s,18.413644672319077
248.000,avoid_success,0
248.000,avoid_timeout,0
248.000,q_convergence,0.0
248.000,update_residual,0.0
248.000,investigation_deferred,0
248.000,nav_aborted,0
248.000,nav_canceled,0
248.000,nav_rejected,0
248.000,run_seed,10
249.000,anomalies_detected,0
249.000,anomalies_unique,0
249.000,investigation_timeouts,0
249.000,mission_duration_s,205.0
249.000,distance_traveled_m,52.13227481732915
249.000,route_deviations,0
249.000,investigation_time_s,0.0
249.000,hazard_avoidances,0
249.000,min_hazard_distance_m,4.711435012227831
249.000,collisions,0
249.000,time_below_clearance_s,0.0
249.000,safety_zone_violations,0
249.000,min_ttc_s,18.413644672319077
249.000,avoid_success,0
249.000,avoid_timeout,0
249.000,q_convergence,0.0
249.000,update_residual,0.0
249.000,investigation_deferred,0
249.000,nav_aborted,0
249.000,nav_canceled,0
249.000,nav_rejected,0
249.000,run_seed,10
250.000,anomalies_detected,0
250.000,anomalies_unique,0
250.000,investigation_timeouts,0
250.000,mission_duration_s,206.0
250.000,distance_traveled_m,52.394354803014956
250.000,route_deviations,0
250.000,investigation_time_s,0.0
250.000,hazard_avoidances,0
250.000,min_hazard_distance_m,4.711435012227831
250.000,collisions,0
250.000,time_below_clearance_s,0.0
250.000,safety_zone_violations,0
250.000,min_ttc_s,18.413644672319077
250.000,avoid_success,0
250.000,avoid_timeout,0
250.000,q_convergence,0.0
250.000,update_residual,0.0
250.000,investigation_deferred,0
250.000,nav_aborted,0
250.000,nav_canceled,0
250.000,nav_rejected,0
250.000,run_seed,10
251.000,anomalies_detected,0
251.000,anomalies_unique,0
251.000,investigation_timeouts,0
251.000,mission_duration_s,207.0
251.000,distance_traveled_m,52.65643476444526
251.000,route_deviations,0
251.000,investigation_time_s,0.0
251.000,hazard_avoidances,0
251.000,min_hazard_distance_m,4.711435012227831
251.000,collisions,0
251.000,time_below_clearance_s,0.0
251.000,safety_zone_violations,0
251.000,min_ttc_s,18.413644672319077
251.000,avoid_success,0
251.000,avoid_timeout,0
251.000,q_convergence,0.0
251.000,update_residual,0.0
251.000,investigation_deferred,0
251.000,nav_aborted,0
251.000,nav_canceled,0
251.000,nav_rejected,0
251.000,run_seed,10
252.000,anomalies_detected,0
252.000,anomalies_unique,0
252.000,investigation_timeouts,0
252.000,mission_duration_s,208.0
252.000,distance_traveled_m,52.90915474402999
252.000,route_deviations,0
252.000,investigation_time_s,0.0
252.000,hazard_avoidances,0
252.000,min_hazard_distance_m,4.711435012227831
252.000,collisions,0
252.000,time_below_clearance_s,0.0
252.000,safety_zone_violations,0
252.000,min_ttc_s,18.413644672319077
252.000,avoid_success,0
252.000,avoid_timeout,0
252.000,q_convergence,0.0
252.000,update_residual,0.0
252.000,investigation_deferred,0
252.000,nav_aborted,0
252.000,nav_canceled,0
252.000,nav_rejected,0
252.000,run_seed,10
253.000,anomalies_detected,0
253.000,anomalies_unique,0
253.000,investigation_timeouts,0
253.000,mission_duration_s,209.0
253.000,distance_traveled_m,53.171234710882665
253.000,route_deviations,0
253.000,investigation_time_s,0.0
253.000,hazard_avoidances,0
253.000,min_hazard_distance_m,4.711435012227831
253.000,collisions,0
253.000,time_below_clearance_s,0.0
253.000,safety_zone_violations,0
253.000,min_ttc_s,18.413644672319077
253.000,avoid_success,0
253.000,avoid_timeout,0
253.000,q_convergence,0.0
253.000,update_residual,0.0
253.000,investigation_deferred,0
253.000,nav_aborted,0
253.000,nav_canceled,0
253.000,nav_rejected,0
253.000,run_seed,10
254.000,anomalies_detected,0
254.000,anomalies_unique,0
254.000,investigation_timeouts,0
254.000,mission_duration_s,210.0
254.000,distance_traveled_m,53.43331462981265
254.000,route_deviations,0
254.000,investigation_time_s,0.0
254.000,hazard_avoidances,0
254.000,min_hazard_distance_m,4.711435012227831
254.000,collisions,0
254.000,time_below_clearance_s,0.0
254.000,safety_zone_violations,0
254.000,min_ttc_s,18.413644672319077
254.000,avoid_success,0
254.000,avoid_timeout,0
254.000,q_convergence,0.0
254.000,update_residual,0.0
254.000,investigation_deferred,0
254.000,nav_aborted,0
254.000,nav_canceled,0
254.000,nav_rejected,0
254.000,run_seed,10
255.000,anomalies_detected,0
255.000,anomalies_unique,0
255.000,investigation_timeouts,0
255.000,mission_duration_s,211.0
255.000,distance_traveled_m,53.69539454314473
255.000,route_deviations,0
255.000,investigation_time_s,0.0
255.000,hazard_avoidances,0
255.000,min_hazard_distance_m,4.711435012227831
255.000,collisions,0
255.000,time_below_clearance_s,0.0
255.000,safety_zone_violations,0
255.000,min_ttc_s,18.413644672319077
255.000,avoid_success,0
255.000,avoid_timeout,0
255.000,q_convergence,0.0
255.000,update_residual,0.0
255.000,investigation_deferred,0
255.000,nav_aborted,0
255.000,nav_canceled,0
255.000,nav_rejected,0
255.000,run_seed,10
256.000,anomalies_detected,0
256.000,anomalies_unique,0
256.000,investigation_timeouts,0
256.000,mission_duration_s,212.0
256.000,distance_traveled_m,53.95747451629204
256.000,route_deviations,0
256.000,investigation_time_s,0.0
256.000,hazard_avoidances,0
256.000,min_hazard_distance_m,4.711435012227831
256.000,collisions,0
256.000,time_below_clearance_s,0.0
256.000,safety_zone_violations,0
256.000,min_ttc_s,18.413644672319077
256.000,avoid_success,0
256.000,avoid_timeout,0
256.000,q_convergence,0.0
256.000,update_residual,0.0
256.000,investigation_deferred,0
256.000,nav_aborted,0
256.000,nav_canceled,0
256.000,nav_rejected,0
256.000,run_seed,10
257.000,anomalies_detected,0
257.000,anomalies_unique,0
257.000,investigation_timeouts,0
257.000,mission_duration_s,213.0
257.000,distance_traveled_m,54.21019450933958
257.000,route_deviations,0
257.000,investigation_time_s,0.0
257.000,hazard_avoidances,0
257.000,min_hazard_distance_m,4.711435012227831
257.000,collisions,0
257.000,time_below_clearance_s,0.0
257.000,safety_zone_violations,0
257.000,min_ttc_s,18.413644672319077
257.000,avoid_success,0
257.000,avoid_timeout,0
257.000,q_convergence,0.0
257.000,update_residual,0.0
257.000,investigation_deferred,0
257.000,nav_aborted,0
257.000,nav_canceled,0
257.000,nav_rejected,0
257.000,run_seed,10
258.000,anomalies_detected,0
258.000,anomalies_unique,0
258.000,investigation_timeouts,0
258.000,mission_duration_s,214.0
258.000,distance_traveled_m,54.47227449455884
258.000,route_deviations,0
258.000,investigation_time_s,0.0
258.000,hazard_avoidances,0
258.000,min_hazard_distance_m,4.711435012227831
258.000,collisions,0
258.000,time_below_clearance_s,0.0
258.000,safety_zone_violations,0
258.000,min_ttc_s,18.413644672319077
258.000,avoid_success,0
258.000,avoid_timeout,0
258.000,q_convergence,0.0
258.000,update_residual,0.0
258.000,investigation_deferred,0
258.000,nav_aborted,0
258.000,nav_canceled,0
258.000,nav_rejected,0
258.000,run_seed,10
259.000,anomalies_detected,0
259.000,anomalies_unique,0
259.000,investigation_timeouts,0
259.000,mission_duration_s,215.0
259.000,distance_traveled_m,54.71525271593086
259.000,route_deviations,0
259.000,investigation_time_s,0.0
259.000,hazard_avoidances,0
259.000,min_hazard_distance_m,4.711435012227831
259.000,collisions,0
259.000,time_below_clearance_s,0.0
259.000,safety_zone_violations,0
259.000,min_ttc_s,18.413644672319077
259.000,avoid_success,0
259.000,avoid_timeout,0
259.000,q_convergence,0.0
259.000,update_residual,0.0
259.000,investigation_deferred,0
259.000,nav_aborted,0
259.000,nav_canceled,0
259.000,nav_rejected,0
259.000,run_seed,10
260.000,anomalies_detected,0
260.000,anomalies_unique,0
260.000,investigation_timeouts,0
260.000,mission_duration_s,216.0
260.000,distance_traveled_m,54.81686064331216
260.000,route_deviations,0
260.000,investigation_time_s,0.0
260.000,hazard_avoidances,0
260.000,min_hazard_distance_m,4.711435012227831
260.000,collisions,0
260.000,time_below_clearance_s,0.0
260.000,safety_zone_violations,0
260.000,min_ttc_s,18.413644672319077
260.000,avoid_success,0
260.000,avoid_timeout,0
260.000,q_convergence,0.0
260.000,update_residual,0.0
260.000,investigation_deferred,0
260.000,nav_aborted,0
260.000,nav_canceled,0
260.000,nav_rejected,0
260.000,run_seed,10
261.000,anomalies_detected,0
261.000,anomalies_unique,0
261.000,investigation_timeouts,0
261.000,mission_duration_s,217.0
261.000,distance_traveled_m,54.86824308483165
261.000,route_deviations,0
261.000,investigation_time_s,0.0
261.000,hazard_avoidances,0
261.000,min_hazard_distance_m,4.711435012227831
261.000,collisions,0
261.000,time_below_clearance_s,0.0
261.000,safety_zone_violations,0
261.000,min_ttc_s,18.413644672319077
261.000,avoid_success,0
261.000,avoid_timeout,0
261.000,q_convergence,0.0
261.000,update_residual,0.0
261.000,investigation_deferred,0
261.000,nav_aborted,0
261.000,nav_canceled,0
261.000,nav_rejected,0
261.000,run_seed,10
262.000,anomalies_detected,0
262.000,anomalies_unique,0
262.000,investigation_timeouts,0
262.000,mission_duration_s,218.0
262.000,distance_traveled_m,55.01942191011052
262.000,route_deviations,0
262.000,investigation_time_s,0.0
262.000,hazard_avoidances,0
262.000,min_hazard_distance_m,4.711435012227831
262.000,collisions,0
262.000,time_below_clearance_s,0.0
262.000,safety_zone_violations,0
262.000,min_ttc_s,18.413644672319077
262.000,avoid_success,0
262.000,avoid_timeout,0
262.000,q_convergence,0.0
262.000,update_residual,0.0
262.000,investigation_deferred,0
262.000,nav_aborted,0
262.000,nav_canceled,0
262.000,nav_rejected,0
262.000,run_seed,10
263.000,anomalies_detected,0
263.000,anomalies_unique,0
263.000,investigation_timeouts,0
263.000,mission_duration_s,219.0
263.000,distance_traveled_m,55.07467713629659
263.000,route_deviations,0
263.000,investigation_time_s,0.0
263.000,hazard_avoidances,0
263.000,min_hazard_distance_m,4.711435012227831
263.000,collisions,0
263.000,time_below_clearance_s,0.0
263.000,safety_zone_violations,0
263.000,min_ttc_s,18.413644672319077
263.000,avoid_success,0
263.000,avoid_timeout,0
263.000,q_convergence,0.0
263.000,update_residual,0.0
263.000,investigation_deferred,0
263.000,nav_aborted,0
263.000,nav_canceled,0
263.000,nav_rejected,0
263.000,run_seed,10
264.000,anomalies_detected,0
264.000,anomalies_unique,0
264.000,investigation_timeouts,0
264.000,mission_duration_s,220.0
264.000,distance_traveled_m,55.279333093559536
264.000,route_deviations,0
264.000,investigation_time_s,0.0
264.000,hazard_avoidances,0
264.000,min_hazard_distance_m,4.711435012227831
264.000,collisions,0
264.000,time_below_clearance_s,0.0
264.000,safety_zone_violations,0
264.000,min_ttc_s,18.413644672319077
264.000,avoid_success,0
264.000,avoid_timeout,0
264.000,q_convergence,0.0
264.000,update_residual,0.0
264.000,investigation_deferred,0
264.000,nav_aborted,0
264.000,nav_canceled,0
264.000,nav_rejected,0
264.000,run_seed,10
265.000,anomalies_detected,0
265.000,anomalies_unique,0
265.000,investigation_timeouts,0
265.000,mission_duration_s,221.0
265.000,distance_traveled_m,55.54141283596033
265.000,route_deviations,0
265.000,investigation_time_s,0.0
265.000,hazard_avoidances,0
265.000,min_hazard_distance_m,4.711435012227831
265.000,collisions,0
265.000,time_below_clearance_s,0.0
265.000,safety_zone_violations,0
265.000,min_ttc_s,18.413644672319077
265.000,avoid_success,0
265.000,avoid_timeout,0
265.000,q_convergence,0.0
265.000,update_residual,0.0
265.000,investigation_deferred,0
265.000,nav_aborted,0
265.000,nav_canceled,0
265.000,nav_rejected,0
265.000,run_seed,10
266.000,anomalies_detected,0
266.000,anomalies_unique,0
266.000,investigation_timeouts,0
266.000,mission_duration_s,222.0
266.000,distance_traveled_m,55.79413282965005
266.000,route_deviations,0
266.000,investigation_time_s,0.0
266.000,hazard_avoidances,0
266.000,min_hazard_distance_m,4.711435012227831
266.000,collisions,0
266.000,time_below_clearance_s,0.0
266.000,safety_zone_violations,0
266.000,min_ttc_s,18.413644672319077
266.000,avoid_success,0
266.000,avoid_timeout,0
266.000,q_convergence,0.0
266.000,update_residual,0.0
266.000,investigation_deferred,0
266.000,nav_aborted,0
266.000,nav_canceled,0
266.000,nav_rejected,0
266.000,run_seed,10
267.000,anomalies_detected,0
267.000,anomalies_unique,0
267.000,investigation_timeouts,0
267.000,mission_duration_s,223.0
267.000,distance_traveled_m,56.056212780677015
267.000,route_deviations,0
267.000,investigation_time_s,0.0
267.000,hazard_avoidances,0
267.000,min_hazard_distance_m,4.711435012227831
267.000,collisions,0
267.000,time_below_clearance_s,0.0
267.000,safety_zone_violations,0
267.000,min_ttc_s,18.413644672319077
267.000,avoid_success,0
267.000,avoid_timeout,0
267.000,q_convergence,0.0
267.000,update_residual,0.0
267.000,investigation_deferred,0
267.000,nav_aborted,0
267.000,nav_canceled,0
267.000,nav_rejected,0
267.000,run_seed,10
268.000,anomalies_detected,0
268.000,anomalies_unique,0
268.000,investigation_timeouts,0
268.000,mission_duration_s,224.0
268.000,distance_traveled_m,56.318292776276074
268.000,route_deviations,0
268.000,investigation_time_s,0.0
268.000,hazard_avoidances,0
268.000,min_hazard_distance_m,4.711435012227831
268.000,collisions,0
268.000,time_below_clearance_s,0.0
268.000,safety_zone_violations,0
268.000,min_ttc_s,18.413644672319077
268.000,avoid_success,0
268.000,avoid_timeout,0
268.000,q_convergence,0.0
268.000,update_residual,0.0
268.000,investigation_deferred,0
268.000,nav_aborted,0
268.000,nav_canceled,0
268.000,nav_rejected,0
268.000,run_seed,10
269.000,anomalies_detected,0
269.000,anomalies_unique,0
269.000,investigation_timeouts,0
269.000,mission_duration_s,225.0
269.000,distance_traveled_m,56.58037275048339
269.000,route_deviations,0
269.000,investigation_time_s,0.0
269.000,hazard_avoidances,0
269.000,min_hazard_distance_m,4.711435012227831
269.000,collisions,0
269.000,time_below_clearance_s,0.0
269.000,safety_zone_violations,0
269.000,min_ttc_s,18.413644672319077
269.000,avoid_success,0
269.000,avoid_timeout,0
269.000,q_convergence,0.0
269.000,update_residual,0.0
269.000,investigation_deferred,0
269.000,nav_aborted,0
269.000,nav_canceled,0
269.000,nav_rejected,0
269.000,run_seed,10
270.000,anomalies_detected,0
270.000,anomalies_unique,0
270.000,investigation_timeouts,0
270.000,mission_duration_s,226.0
270.000,distance_traveled_m,56.83309274463781
270.000,route_deviations,0
270.000,investigation_time_s,0.0
270.000,hazard_avoidances,0
270.000,min_hazard_distance_m,4.711435012227831
270.000,collisions,0
270.000,time_below_clearance_s,0.0
270.000,safety_zone_violations,0
270.000,min_ttc_s,18.413644672319077
270.000,avoid_success,0
270.000,avoid_timeout,0
270.000,q_convergence,0.0
270.000,update_residual,0.0
270.000,investigation_deferred,0
270.000,nav_aborted,0
270.000,nav_canceled,0
270.000,nav_rejected,0
270.000,run_seed,10
271.000,anomalies_detected,0
271.000,anomalies_unique,0
271.000,investigation_timeouts,0
271.000,mission_duration_s,227.0
271.000,distance_traveled_m,57.095172736028545
271.000,route_deviations,0
271.000,investigation_time_s,0.0
271.000,hazard_avoidances,0
271.000,min_hazard_distance_m,4.711435012227831
271.000,collisions,0
271.000,time_below_clearance_s,0.0
271.000,safety_zone_violations,0
271.000,min_ttc_s,18.413644672319077
271.000,avoid_success,0
271.000,avoid_timeout,0
271.000,q_convergence,0.0
271.000,update_residual,0.0
271.000,investigation_deferred,0
271.000,nav_aborted,0
271.000,nav_canceled,0
271.000,nav_rejected,0
271.000,run_seed,10
272.000,anomalies_detected,0
272.000,anomalies_unique,0
272.000,investigation_timeouts,0
272.000,mission_duration_s,228.0
272.000,distance_traveled_m,57.35725270138675
272.000,route_deviations,0
272.000,investigation_time_s,0.0
272.000,hazard_avoidances,0
272.000,min_hazard_distance_m,4.711435012227831
272.000,collisions,0
272.000,time_below_clearance_s,0.0
272.000,safety_zone_violations,0
272.000,min_ttc_s,18.413644672319077
272.000,avoid_success,0
272.000,avoid_timeout,0
272.000,q_convergence,0.0
272.000,update_residual,0.0
272.000,investigation_deferred,0
272.000,nav_aborted,0
272.000,nav_canceled,0
272.000,nav_rejected,0
272.000,run_seed,10
273.000,anomalies_detected,0
273.000,anomalies_unique,0
273.000,investigation_timeouts,0
273.000,mission_duration_s,229.0
273.000,distance_traveled_m,57.619332696978994
273.000,route_deviations,0
273.000,investigation_time_s,0.0
273.000,hazard_avoidances,0
273.000,min_hazard_distance_m,4.711435012227831
273.000,collisions,0
273.000,time_below_clearance_s,0.0
273.000,safety_zone_violations,0
273.000,min_ttc_s,18.413644672319077
273.000,avoid_success,0
273.000,avoid_timeout,0
273.000,q_convergence,0.0
273.000,update_residual,0.0
273.000,investigation_deferred,0
273.000,nav_aborted,0
273.000,nav_canceled,0
273.000,nav_rejected,0
273.000,run_seed,10
274.000,anomalies_detected,0
274.000,anomalies_unique,0
274.000,investigation_timeouts,0
274.000,mission_duration_s,230.0
274.000,distance_traveled_m,57.88141267972388
274.000,route_deviations,0
274.000,investigation_time_s,0.0
274.000,hazard_avoidances,0
274.000,min_hazard_distance_m,4.711435012227831
274.000,collisions,0
274.000,time_below_clearance_s,0.0
274.000,safety_zone_violations,0
274.000,min_ttc_s,18.413644672319077
274.000,avoid_success,0
274.000,avoid_timeout,0
274.000,q_convergence,0.0
274.000,update_residual,0.0
274.000,investigation_deferred,0
274.000,nav_aborted,0
274.000,nav_canceled,0
274.000,nav_rejected,0
274.000,run_seed,10
275.000,anomalies_detected,0
275.000,anomalies_unique,0
275.000,investigation_timeouts,0
275.000,mission_duration_s,231.0
275.000,distance_traveled_m,58.13413265386917
275.000,route_deviations,0
275.000,investigation_time_s,0.0
275.000,hazard_avoidances,0
275.000,min_hazard_distance_m,4.711435012227831
275.000,collisions,0
275.000,time_below_clearance_s,0.0
275.000,safety_zone_violations,0
275.000,min_ttc_s,18.413644672319077
275.000,avoid_success,0
275.000,avoid_timeout,0
275.000,q_convergence,0.0
275.000,update_residual,0.0
275.000,investigation_deferred,0
275.000,nav_aborted,0
275.000,nav_canceled,0
275.000,nav_rejected,0
275.000,run_seed,10
276.000,anomalies_detected,0
276.000,anomalies_unique,0
276.000,investigation_timeouts,0
276.000,mission_duration_s,232.0
276.000,distance_traveled_m,58.396212632085
276.000,route_deviations,0
276.000,investigation_time_s,0.0
276.000,hazard_avoidances,0
276.000,min_hazard_distance_m,4.711435012227831
276.000,collisions,0
276.000,time_below_clearance_s,0.0
276.000,safety_zone_violations,0
276.000,min_ttc_s,18.413644672319077
276.000,avoid_success,0
276.000,avoid_timeout,0
276.000,q_convergence,0.0
276.000,update_residual,0.0
276.000,investigation_deferred,0
276.000,nav_aborted,0
276.000,nav_canceled,0
276.000,nav_rejected,0
276.000,run_seed,10
277.000,anomalies_detected,0
277.000,anomalies_unique,0
277.000,investigation_timeouts,0
277.000,mission_duration_s,233.0
277.000,distance_traveled_m,58.658292624751596
277.000,route_deviations,0
277.000,investigation_time_s,0.0
277.000,hazard_avoidances,0
277.000,min_hazard_distance_m,4.711435012227831
277.000,collisions,0
277.000,time_below_clearance_s,0.0
277.000,safety_zone_violations,0
277.000,min_ttc_s,18.413644672319077
277.000,avoid_success,0
277.000,avoid_timeout,0
277.000,q_convergence,0.0
277.000,update_residual,0.0
277.000,investigation_deferred,0
277.000,nav_aborted,0
277.000,nav_canceled,0
277.000,nav_rejected,0
277.000,run_seed,10
278.000,anomalies_detected,0
278.000,anomalies_unique,0
278.000,investigation_timeouts,0
278.000,mission_duration_s,234.0
278.000,distance_traveled_m,58.920372619016085
278.000,route_deviations,0
278.000,investigation_time_s,0.0
278.000,hazard_avoidances,0
278.000,min_hazard_distance_m,4.711435012227831
278.000,collisions,0
278.000,time_below_clearance_s,0.0
278.000,safety_zone_violations,0
278.000,min_ttc_s,18.413644672319077
278.000,avoid_success,0
278.000,avoid_timeout,0
278.000,q_convergence,0.0
278.000,update_residual,0.0
278.000,investigation_deferred,0
278.000,nav_aborted,0
278.000,nav_canceled,0
278.000,nav_rejected,0
278.000,run_seed,10
279.000,anomalies_detected,0
279.000,anomalies_unique,0
279.000,investigation_timeouts,0
279.000,mission_duration_s,235.0
279.000,distance_traveled_m,59.17309261535288
279.000,route_deviations,0
279.000,investigation_time_s,0.0
279.000,hazard_avoidances,0
279.000,min_hazard_distance_m,4.711435012227831
279.000,collisions,0
279.000,time_below_clearance_s,0.0
279.000,safety_zone_violations,0
279.000,min_ttc_s,18.413644672319077
279.000,avoid_success,0
279.000,avoid_timeout,0
279.000,q_convergence,0.0
279.000,update_residual,0.0
279.000,investigation_deferred,0
279.000,nav_aborted,0
279.000,nav_canceled,0
279.000,nav_rejected,0
279.000,run_seed,10
280.000,anomalies_detected,0
280.000,anomalies_unique,0
280.000,investigation_timeouts,0
280.000,mission_duration_s,236.0
280.000,distance_traveled_m,59.435172614372846
280.000,route_deviations,0
280.000,investigation_time_s,0.0
280.000,hazard_avoidances,0
280.000,min_hazard_distance_m,4.711435012227831
280.000,collisions,0
280.000,time_below_clearance_s,0.0
280.000,safety_zone_violations,0
280.000,min_ttc_s,18.413644672319077
280.000,avoid_success,0
280.000,avoid_timeout,0
280.000,q_convergence,0.0
280.000,update_residual,0.0
280.000,investigation_deferred,0
280.000,nav_aborted,0
280.000,nav_canceled,0
280.000,nav_rejected,0
280.000,run_seed,10
281.000,anomalies_detected,0
281.000,anomalies_unique,0
281.000,investigation_timeouts,0
281.000,mission_duration_s,237.0
281.000,distance_traveled_m,59.69725260554889
281.000,route_deviations,0
281.000,investigation_time_s,0.0
281.000,hazard_avoidances,0
281.000,min_hazard_distance_m,4.711435012227831
281.000,collisions,0
281.000,time_below_clearance_s,0.0
281.000,safety_zone_violations,0
281.000,min_ttc_s,18.413644672319077
281.000,avoid_success,0
281.000,avoid_timeout,0
281.000,q_convergence,0.0
281.000,update_residual,0.0
281.000,investigation_deferred,0
281.000,nav_aborted,0
281.000,nav_canceled,0
281.000,nav_rejected,0
281.000,run_seed,10
282.000,anomalies_detected,0
282.000,anomalies_unique,0
282.000,investigation_timeouts,0
282.000,mission_duration_s,238.0
282.000,distance_traveled_m,59.95933256650888
282.000,route_deviations,0
282.000,investigation_time_s,0.0
282.000,hazard_avoidances,0
282.000,min_hazard_distance_m,4.711435012227831
282.000,collisions,0
282.000,time_below_clearance_s,0.0
282.000,safety_zone_violations,0
282.000,min_ttc_s,18.413644672319077
282.000,avoid_success,0
282.000,avoid_timeout,0
282.000,q_convergence,0.0
282.000,update_residual,0.0
282.000,investigation_deferred,0
282.000,nav_aborted,0
282.000,nav_canceled,0
282.000,nav_rejected,0
282.000,run_seed,10
283.000,anomalies_detected,0
283.000,anomalies_unique,0
283.000,investigation_timeouts,0
283.000,mission_duration_s,239.0
283.000,distance_traveled_m,60.2214125601022
283.000,route_deviations,0
283.000,investigation_time_s,0.0
283.000,hazard_avoidances,0
283.000,min_hazard_distance_m,4.711435012227831
283.000,collisions,0
283.000,time_below_clearance_s,0.0
283.000,safety_zone_violations,0
283.000,min_ttc_s,18.413644672319077
283.000,avoid_success,0
283.000,avoid_timeout,0
283.000,q_convergence,0.0
283.000,update_residual,0.0
283.000,investigation_deferred,0
283.000,nav_aborted,0
283.000,nav_canceled,0
283.000,nav_rejected,0
283.000,run_seed,10
284.000,anomalies_detected,0
284.000,anomalies_unique,0
284.000,investigation_timeouts,0
284.000,mission_duration_s,240.0
284.000,distance_traveled_m,60.47413255593288
284.000,route_deviations,0
284.000,investigation_time_s,0.0
284.000,hazard_avoidances,0
284.000,min_hazard_distance_m,4.711435012227831
284.000,collisions,0
284.000,time_below_clearance_s,0.0
284.000,safety_zone_violations,0
284.000,min_ttc_s,18.413644672319077
284.000,avoid_success,0
284.000,avoid_timeout,0
284.000,q_convergence,0.0
284.000,update_residual,0.0
284.000,investigation_deferred,0
284.000,nav_aborted,0
284.000,nav_canceled,0
284.000,nav_rejected,0
284.000,run_seed,10
285.000,anomalies_detected,0
285.000,anomalies_unique,0
285.000,investigation_timeouts,0
285.000,mission_duration_s,241.0
285.000,distance_traveled_m,60.736212524331464
285.000,route_deviations,0
285.000,investigation_time_s,0.0
285.000,hazard_avoidances,0
285.000,min_hazard_distance_m,4.711435012227831
285.000,collisions,0
285.000,time_below_clearance_s,0.0
285.000,safety_zone_violations,0
285.000,min_ttc_s,18.413644672319077
285.000,avoid_success,0
285.000,avoid_timeout,0
285.000,q_convergence,0.0
285.000,update_residual,0.0
285.000,investigation_deferred,0
285.000,nav_aborted,0
285.000,nav_canceled,0
285.000,nav_rejected,0
285.000,run_seed,10
286.000,anomalies_detected,0
286.000,anomalies_unique,0
286.000,investigation_timeouts,0
286.000,mission_duration_s,242.0
286.000,distance_traveled_m,60.99829242061206
286.000,route_deviations,0
286.000,investigation_time_s,0.0
286.000,hazard_avoidances,0
286.000,min_hazard_distance_m,4.711435012227831
286.000,collisions,0
286.000,time_below_clearance_s,0.0
286.000,safety_zone_violations,0
286.000,min_ttc_s,18.413644672319077
286.000,avoid_success,0
286.000,avoid_timeout,0
286.000,q_convergence,0.0
286.000,update_residual,0.0
286.000,investigation_deferred,0
286.000,nav_aborted,0
286.000,nav_canceled,0
286.000,nav_rejected,0
286.000,run_seed,10
287.000,anomalies_detected,0
287.000,anomalies_unique,0
287.000,investigation_timeouts,0
287.000,mission_duration_s,243.0
287.000,distance_traveled_m,61.260372366044464
287.000,route_deviations,0
287.000,investigation_time_s,0.0
287.000,hazard_avoidances,0
287.000,min_hazard_distance_m,4.711435012227831
287.000,collisions,0
287.000,time_below_clearance_s,0.0
287.000,safety_zone_violations,0
287.000,min_ttc_s,18.413644672319077
287.000,avoid_success,0
287.000,avoid_timeout,0
287.000,q_convergence,0.0
287.000,update_residual,0.0
287.000,investigation_deferred,0
287.000,nav_aborted,0
287.000,nav_canceled,0
287.000,nav_rejected,0
287.000,run_seed,10
288.000,anomalies_detected,0
288.000,anomalies_unique,0
288.000,investigation_timeouts,0
288.000,mission_duration_s,244.0
288.000,distance_traveled_m,61.51309236402011
288.000,route_deviations,0
288.000,investigation_time_s,0.0
288.000,hazard_avoidances,0
288.000,min_hazard_distance_m,4.711435012227831
288.000,collisions,0
288.000,time_below_clearance_s,0.0
288.000,safety_zone_violations,0
288.000,min_ttc_s,18.413644672319077
288.000,avoid_success,0
288.000,avoid_timeout,0
288.000,q_convergence,0.0
288.000,update_residual,0.0
288.000,investigation_deferred,0
288.000,nav_aborted,0
288.000,nav_canceled,0
288.000,nav_rejected,0
288.000,run_seed,10
289.000,anomalies_detected,0
289.000,anomalies_unique,0
289.000,investigation_timeouts,0
289.000,mission_duration_s,245.0
289.000,distance_traveled_m,61.77517236224419
289.000,route_deviations,0
289.000,investigation_time_s,0.0
289.000,hazard_avoidances,0
289.000,min_hazard_distance_m,4.711435012227831
289.000,collisions,0
289.000,time_below_clearance_s,0.0
289.000,safety_zone_violations,0
289.000,min_ttc_s,18.413644672319077
289.000,avoid_success,0
289.000,avoid_timeout,0
289.000,q_convergence,0.0
289.000,update_residual,0.0
289.000,investigation_deferred,0
289.000,nav_aborted,0
289.000,nav_canceled,0
289.000,nav_rejected,0
289.000,run_seed,10
290.000,anomalies_detected,0
290.000,anomalies_unique,0
290.000,investigation_timeouts,0
290.000,mission_duration_s,246.0
290.000,distance_traveled_m,62.037252361391985
290.000,route_deviations,0
290.000,investigation_time_s,0.0
290.000,hazard_avoidances,0
290.000,min_hazard_distance_m,4.711435012227831
290.000,collisions,0
290.000,time_below_clearance_s,0.0
290.000,safety_zone_violations,0
290.000,min_ttc_s,18.413644672319077
290.000,avoid_success,0
290.000,avoid_timeout,0
290.000,q_convergence,0.0
290.000,update_residual,0.0
290.000,investigation_deferred,0
290.000,nav_aborted,0
290.000,nav_canceled,0
290.000,nav_rejected,0
290.000,run_seed,10
291.000,anomalies_detected,0
291.000,anomalies_unique,0
291.000,investigation_timeouts,0
291.000,mission_duration_s,247.0
291.000,distance_traveled_m,62.299332330306875
291.000,route_deviations,0
291.000,investigation_time_s,0.0
291.000,hazard_avoidances,0
291.000,min_hazard_distance_m,4.711435012227831
291.000,collisions,0
291.000,time_below_clearance_s,0.0
291.000,safety_zone_violations,0
291.000,min_ttc_s,18.413644672319077
291.000,avoid_success,0
291.000,avoid_timeout,0
291.000,q_convergence,0.0
291.000,update_residual,0.0
291.000,investigation_deferred,0
291.000,nav_aborted,0
291.000,nav_canceled,0
291.000,nav_rejected,0
291.000,run_seed,10
292.000,anomalies_detected,0
292.000,anomalies_unique,0
292.000,investigation_timeouts,0
292.000,mission_duration_s,248.0
292.000,distance_traveled_m,62.56141232532768
292.000,route_deviations,0
292.000,investigation_time_s,0.0
292.000,hazard_avoidances,0
292.000,min_hazard_distance_m,4.711435012227831
292.000,collisions,0
292.000,time_below_clearance_s,0.0
292.000,safety_zone_violations,0
292.000,min_ttc_s,18.413644672319077
292.000,avoid_success,0
292.000,avoid_timeout,0
292.000,q_convergence,0.0
292.000,update_residual,0.0
292.000,investigation_deferred,0
292.000,nav_aborted,0
292.000,nav_canceled,0
292.000,nav_rejected,0
292.000,run_seed,10
293.000,anomalies_detected,0
293.000,anomalies_unique,0
293.000,investigation_timeouts,0
293.000,mission_duration_s,249.0
293.000,distance_traveled_m,62.81413225242091
293.000,route_deviations,0
293.000,investigation_time_s,0.0
293.000,hazard_avoidances,0
293.000,min_hazard_distance_m,4.711435012227831
293.000,collisions,0
293.000,time_below_clearance_s,0.0
293.000,safety_zone_violations,0
293.000,min_ttc_s,18.413644672319077
293.000,avoid_success,0
293.000,avoid_timeout,0
293.000,q_convergence,0.0
293.000,update_residual,0.0
293.000,investigation_deferred,0
293.000,nav_aborted,0
293.000,nav_canceled,0
293.000,nav_rejected,0
293.000,run_seed,10
294.000,anomalies_detected,0
294.000,anomalies_unique,0
294.000,investigation_timeouts,0
294.000,mission_duration_s,250.0
294.000,distance_traveled_m,63.07621219677775
294.000,route_deviations,0
294.000,investigation_time_s,0.0
294.000,hazard_avoidances,0
294.000,min_hazard_distance_m,4.711435012227831
294.000,collisions,0
294.000,time_below_clearance_s,0.0
294.000,safety_zone_violations,0
294.000,min_ttc_s,18.413644672319077
294.000,avoid_success,0
294.000,avoid_timeout,0
294.000,q_convergence,0.0
294.000,update_residual,0.0
294.000,investigation_deferred,0
294.000,nav_aborted,0
294.000,nav_canceled,0
294.000,nav_rejected,0
294.000,run_seed,10
295.000,anomalies_detected,0
295.000,anomalies_unique,0
295.000,investigation_timeouts,0
295.000,mission_duration_s,251.0
295.000,distance_traveled_m,63.33829219518445
295.000,route_deviations,0
295.000,investigation_time_s,0.0
295.000,hazard_avoidances,0
295.000,min_hazard_distance_m,4.711435012227831
295.000,collisions,0
295.000,time_below_clearance_s,0.0
295.000,safety_zone_violations,0
295.000,min_ttc_s,18.413644672319077
295.000,avoid_success,0
295.000,avoid_timeout,0
295.000,q_convergence,0.0
295.000,update_residual,0.0
295.000,investigation_deferred,0
295.000,nav_aborted,0
295.000,nav_canceled,0
295.000,nav_rejected,0
295.000,run_seed,10
296.000,anomalies_detected,0
296.000,anomalies_unique,0
296.000,investigation_timeouts,0
296.000,mission_duration_s,252.0
296.000,distance_traveled_m,63.600372193189756
296.000,route_deviations,0
296.000,investigation_time_s,0.0
296.000,hazard_avoidances,0
296.000,min_hazard_distance_m,4.711435012227831
296.000,collisions,0
296.000,time_below_clearance_s,0.0
296.000,safety_zone_violations,0
296.000,min_ttc_s,18.413644672319077
296.000,avoid_success,0
296.000,avoid_timeout,0
296.000,q_convergence,0.0
296.000,update_residual,0.0
296.000,investigation_deferred,0
296.000,nav_aborted,0
296.000,nav_canceled,0
296.000,nav_rejected,0
296.000,run_seed,10
297.000,anomalies_detected,0
297.000,anomalies_unique,0
297.000,investigation_timeouts,0
297.000,mission_duration_s,253.0
297.000,distance_traveled_m,63.853092191723505
297.000,route_deviations,0
297.000,investigation_time_s,0.0
297.000,hazard_avoidances,0
297.000,min_hazard_distance_m,4.711435012227831
297.000,collisions,0
297.000,time_below_clearance_s,0.0
297.000,safety_zone_violations,0
297.000,min_ttc_s,18.413644672319077
297.000,avoid_success,0
297.000,avoid_timeout,0
297.000,q_convergence,0.0
297.000,update_residual,0.0
297.000,investigation_deferred,0
297.000,nav_aborted,0
297.000,nav_canceled,0
297.000,nav_rejected,0
297.000,run_seed,10
298.000,anomalies_detected,0
298.000,anomalies_unique,0
298.000,investigation_timeouts,0
298.000,mission_duration_s,254.0
298.000,distance_traveled_m,64.11517219076416
298.000,route_deviations,0
298.000,investigation_time_s,0.0
298.000,hazard_avoidances,0
298.000,min_hazard_distance_m,4.711435012227831
298.000,collisions,0
298.000,time_below_clearance_s,0.0
298.000,safety_zone_violations,0
298.000,min_ttc_s,18.413644672319077
298.000,avoid_success,0
298.000,avoid_timeout,0
298.000,q_convergence,0.0
298.000,update_residual,0.0
298.000,investigation_deferred,0
298.000,nav_aborted,0
298.000,nav_canceled,0
298.000,nav_rejected,0
298.000,run_seed,10
299.000,anomalies_detected,0
299.000,anomalies_unique,0
299.000,investigation_timeouts,0
299.000,mission_duration_s,255.0
299.000,distance_traveled_m,64.37725218952158
299.000,route_deviations,0
299.000,investigation_time_s,0.0
299.000,hazard_avoidances,0
299.000,min_hazard_distance_m,4.711435012227831
299.000,collisions,0
299.000,time_below_clearance_s,0.0
299.000,safety_zone_violations,0
299.000,min_ttc_s,18.413644672319077
299.000,avoid_success,0
299.000,avoid_timeout,0
299.000,q_convergence,0.0
299.000,update_residual,0.0
299.000,investigation_deferred,0
299.000,nav_aborted,0
299.000,nav_canceled,0
299.000,nav_rejected,0
299.000,run_seed,10
300.000,anomalies_detected,0
300.000,anomalies_unique,0
300.000,investigation_timeouts,0
300.000,mission_duration_s,256.0
300.000,distance_traveled_m,64.6393321868341
300.000,route_deviations,0
300.000,investigation_time_s,0.0
300.000,hazard_avoidances,0
300.000,min_hazard_distance_m,4.711435012227831
300.000,collisions,0
300.000,time_below_clearance_s,0.0
300.000,safety_zone_violations,0
300.000,min_ttc_s,18.413644672319077
300.000,avoid_success,0
300.000,avoid_timeout,0
300.000,q_convergence,0.0
300.000,update_residual,0.0
300.000,investigation_deferred,0
300.000,nav_aborted,0
300.000,nav_canceled,0
300.000,nav_rejected,0
300.000,run_seed,10
301.000,anomalies_detected,0
301.000,anomalies_unique,0
301.000,investigation_timeouts,0
301.000,mission_duration_s,257.0
301.000,distance_traveled_m,64.90101275821603
301.000,route_deviations,0
301.000,investigation_time_s,0.0
301.000,hazard_avoidances,0
301.000,min_hazard_distance_m,4.711435012227831
301.000,collisions,0
301.000,time_below_clearance_s,0.0
301.000,safety_zone_violations,0
301.000,min_ttc_s,18.413644672319077
301.000,avoid_success,0
301.000,avoid_timeout,0
301.000,q_convergence,0.0
301.000,update_residual,0.0
301.000,investigation_deferred,0
301.000,nav_aborted,0
301.000,nav_canceled,0
301.000,nav_rejected,0
301.000,run_seed,10
302.000,anomalies_detected,0
302.000,anomalies_unique,0
302.000,investigation_timeouts,0
302.000,mission_duration_s,258.0
302.000,distance_traveled_m,65.0559680226616
302.000,route_deviations,0
302.000,investigation_time_s,0.0
302.000,hazard_avoidances,0
302.000,min_hazard_distance_m,4.711435012227831
302.000,collisions,0
302.000,time_below_clearance_s,0.0
302.000,safety_zone_violations,0
302.000,min_ttc_s,18.413644672319077
302.000,avoid_success,0
302.000,avoid_timeout,0
302.000,q_convergence,0.0
302.000,update_residual,0.0
302.000,investigation_deferred,0
302.000,nav_aborted,0
302.000,nav_canceled,0
302.000,nav_rejected,0
302.000,run_seed,10
303.000,anomalies_detected,0
303.000,anomalies_unique,0
303.000,investigation_timeouts,0
303.000,mission_duration_s,259.0
303.000,distance_traveled_m,65.10635128242701
303.000,route_deviations,0
303.000,investigation_time_s,0.0
303.000,hazard_avoidances,0
303.000,min_hazard_distance_m,4.711435012227831
303.000,collisions,0
303.000,time_below_clearance_s,0.0
303.000,safety_zone_violations,0
303.000,min_ttc_s,18.413644672319077
303.000,avoid_success,0
303.000,avoid_timeout,0
303.000,q_convergence,0.0
303.000,update_residual,0.0
303.000,investigation_deferred,0
303.000,nav_aborted,0
303.000,nav_canceled,0
303.000,nav_rejected,0
303.000,run_seed,10
304.000,anomalies_detected,0
304.000,anomalies_unique,0
304.000,investigation_timeouts,0
304.000,mission_duration_s,260.0
304.000,distance_traveled_m,65.15249785968005
304.000,route_deviations,0
304.000,investigation_time_s,0.0
304.000,hazard_avoidances,0
304.000,min_hazard_distance_m,4.711435012227831
304.000,collisions,0
304.000,time_below_clearance_s,0.0
304.000,safety_zone_violations,0
304.000,min_ttc_s,18.413644672319077
304.000,avoid_success,0
304.000,avoid_timeout,0
304.000,q_convergence,0.0
304.000,update_residual,0.0
304.000,investigation_deferred,0
304.000,nav_aborted,0
304.000,nav_canceled,0
304.000,nav_rejected,0
304.000,run_seed,10
305.000,anomalies_detected,0
305.000,anomalies_unique,0
305.000,investigation_timeouts,0
305.000,mission_duration_s,261.0
305.000,distance_traveled_m,65.26479974344959
305.000,route_deviations,0
305.000,investigation_time_s,0.0
305.000,hazard_avoidances,0
305.000,min_hazard_distance_m,4.711435012227831
305.000,collisions,0
305.000,time_below_clearance_s,0.0
305.000,safety_zone_violations,0
305.000,min_ttc_s,18.413644672319077
305.000,avoid_success,0
305.000,avoid_timeout,0
305.000,q_convergence,0.0
305.000,update_residual,0.0
305.000,investigation_deferred,0
305.000,nav_aborted,0
305.000,nav_canceled,0
305.000,nav_rejected,0
305.000,run_seed,10
306.000,anomalies_detected,0
306.000,anomalies_unique,0
306.000,investigation_timeouts,0
306.000,mission_duration_s,262.0
306.000,distance_traveled_m,65.391948059755
306.000,route_deviations,0
306.000,investigation_time_s,0.0
306.000,hazard_avoidances,0
306.000,min_hazard_distance_m,4.711435012227831
306.000,collisions,0
306.000,time_below_clearance_s,0.0
306.000,safety_zone_violations,0
306.000,min_ttc_s,18.413644672319077
306.000,avoid_success,0
306.000,avoid_timeout,0
306.000,q_convergence,0.0
306.000,update_residual,0.0
306.000,investigation_deferred,0
306.000,nav_aborted,0
306.000,nav_canceled,0
306.000,nav_rejected,0
306.000,run_seed,10
307.000,anomalies_detected,0
307.000,anomalies_unique,0
307.000,investigation_timeouts,0
307.000,mission_duration_s,263.0
307.000,distance_traveled_m,65.65402622966526
307.000,route_deviations,0
307.000,investigation_time_s,0.0
307.000,hazard_avoidances,0
307.000,min_hazard_distance_m,4.711435012227831
307.000,collisions,0
307.000,time_below_clearance_s,0.0
307.000,safety_zone_violations,0
307.000,min_ttc_s,18.413644672319077
307.000,avoid_success,0
307.000,avoid_timeout,0
307.000,q_convergence,0.0
307.000,update_residual,0.0
307.000,investigation_deferred,0
307.000,nav_aborted,0
307.000,nav_canceled,0
307.000,nav_rejected,0
307.000,run_seed,10
308.000,anomalies_detected,0
308.000,anomalies_unique,0
308.000,investigation_timeouts,0
308.000,mission_duration_s,264.0
308.000,distance_traveled_m,65.91610620694452
308.000,route_deviations,0
308.000,investigation_time_s,0.0
308.000,hazard_avoidances,0
308.000,min_hazard_distance_m,4.711435012227831
308.000,collisions,0
308.000,time_below_clearance_s,0.0
308.000,safety_zone_violations,0
308.000,min_ttc_s,18.413644672319077
308.000,avoid_success,0
308.000,avoid_timeout,0
308.000,q_convergence,0.0
308.000,update_residual,0.0
308.000,investigation_deferred,0
308.000,nav_aborted,0
308.000,nav_canceled,0
308.000,nav_rejected,0
308.000,run_seed,10
309.000,anomalies_detected,0
309.000,anomalies_unique,0
309.000,investigation_timeouts,0
309.000,mission_duration_s,265.0
309.000,distance_traveled_m,66.17818618844314
309.000,route_deviations,0
309.000,investigation_time_s,0.0
309.000,hazard_avoidances,0
309.000,min_hazard_distance_m,4.711435012227831
309.000,collisions,0
309.000,time_below_clearance_s,0.0
309.000,safety_zone_violations,0
309.000,min_ttc_s,18.413644672319077
309.000,avoid_success,0
309.000,avoid_timeout,0
309.000,q_convergence,0.0
309.000,update_residual,0.0
309.000,investigation_deferred,0
309.000,nav_aborted,0
309.000,nav_canceled,0
309.000,nav_rejected,0
309.000,run_seed,10
310.000,anomalies_detected,0
310.000,anomalies_unique,0
310.000,investigation_timeouts,0
310.000,mission_duration_s,266.0
310.000,distance_traveled_m,66.44026617046671
310.000,route_deviations,0
310.000,investigation_time_s,0.0
310.000,hazard_avoidances,0
310.000,min_hazard_distance_m,4.711435012227831
310.000,collisions,0
310.000,time_below_clearance_s,0.0
310.000,safety_zone_violations,0
310.000,min_ttc_s,18.413644672319077
310.000,avoid_success,0
310.000,avoid_timeout,0
310.000,q_convergence,0.0
310.000,update_residual,0.0
310.000,investigation_deferred,0
310.000,nav_aborted,0
310.000,nav_canceled,0
310.000,nav_rejected,0
310.000,run_seed,10
311.000,anomalies_detected,0
311.000,anomalies_unique,0
311.000,investigation_timeouts,0
311.000,mission_duration_s,267.0
311.000,distance_traveled_m,66.6929860629307
311.000,route_deviations,0
311.000,investigation_time_s,0.0
311.000,hazard_avoidances,0
311.000,min_hazard_distance_m,4.711435012227831
311.000,collisions,0
311.000,time_below_clearance_s,0.0
311.000,safety_zone_violations,0
311.000,min_ttc_s,18.413644672319077
311.000,avoid_success,0
311.000,avoid_timeout,0
311.000,q_convergence,0.0
311.000,update_residual,0.0
311.000,investigation_deferred,0
311.000,nav_aborted,0
311.000,nav_canceled,0
311.000,nav_rejected,0
311.000,run_seed,10
312.000,anomalies_detected,0
312.000,anomalies_unique,0
312.000,investigation_timeouts,0
312.000,mission_duration_s,268.0
312.000,distance_traveled_m,66.9550660379582
312.000,route_deviations,0
312.000,investigation_time_s,0.0
312.000,hazard_avoidances,0
312.000,min_hazard_distance_m,4.711435012227831
312.000,collisions,0
312.000,time_below_clearance_s,0.0
312.000,safety_zone_violations,0
312.000,min_ttc_s,18.413644672319077
312.000,avoid_success,0
312.000,avoid_timeout,0
312.000,q_convergence,0.0
312.000,update_residual,0.0
312.000,investigation_deferred,0
312.000,nav_aborted,0
312.000,nav_canceled,0
312.000,nav_rejected,0
312.000,run_seed,10
313.000,anomalies_detected,0
313.000,anomalies_unique,0
313.000,investigation_timeouts,0
313.000,mission_duration_s,269.0
313.000,distance_traveled_m,67.2171460111544
313.000,route_deviations,0
313.000,investigation_time_s,0.0
313.000,hazard_avoidances,0
313.000,min_hazard_distance_m,4.711435012227831
313.000,collisions,0
313.000,time_below_clearance_s,0.0
313.000,safety_zone_violations,0
313.000,min_ttc_s,18.413644672319077
313.000,avoid_success,0
313.000,avoid_timeout,0
313.000,q_convergence,0.0
313.000,update_residual,0.0
313.000,investigation_deferred,0
313.000,nav_aborted,0
313.000,nav_canceled,0
313.000,nav_rejected,0
313.000,run_seed,10
314.000,anomalies_detected,0
314.000,anomalies_unique,0
314.000,investigation_timeouts,0
314.000,mission_duration_s,270.0
314.000,distance_traveled_m,67.47922600258599
314.000,route_deviations,0
314.000,investigation_time_s,0.0
314.000,hazard_avoidances,0
314.000,min_hazard_distance_m,4.711435012227831
314.000,collisions,0
314.000,time_below_clearance_s,0.0
314.000,safety_zone_violations,0
314.000,min_ttc_s,18.413644672319077
314.000,avoid_success,0
314.000,avoid_timeout,0
314.000,q_convergence,0.0
314.000,update_residual,0.0
314.000,investigation_deferred,0
314.000,nav_aborted,0
314.000,nav_canceled,0
314.000,nav_rejected,0
314.000,run_seed,10
315.000,anomalies_detected,0
315.000,anomalies_unique,0
315.000,investigation_timeouts,0
315.000,mission_duration_s,271.0
315.000,distance_traveled_m,67.73194590098832
315.000,route_deviations,0
315.000,investigation_time_s,0.0
315.000,hazard_avoidances,0
315.000,min_hazard_distance_m,4.711435012227831
315.000,collisions,0
315.000,time_below_clearance_s,0.0
315.000,safety_zone_violations,0
315.000,min_ttc_s,18.413644672319077
315.000,avoid_success,0
315.000,avoid_timeout,0
315.000,q_convergence,0.0
315.000,update_residual,0.0
315.000,investigation_deferred,0
315.000,nav_aborted,0
315.000,nav_canceled,0
315.000,nav_rejected,0
315.000,run_seed,10
316.000,anomalies_detected,0
316.000,anomalies_unique,0
316.000,investigation_timeouts,0
316.000,mission_duration_s,272.0
316.000,distance_traveled_m,67.99402585859103
316.000,route_deviations,0
316.000,investigation_time_s,0.0
316.000,hazard_avoidances,0
316.000,min_hazard_distance_m,4.711435012227831
316.000,collisions,0
316.000,time_below_clearance_s,0.0
316.000,safety_zone_violations,0
316.000,min_ttc_s,18.413644672319077
316.000,avoid_success,0
316.000,avoid_timeout,0
316.000,q_convergence,0.0
316.000,update_residual,0.0
316.000,investigation_deferred,0
316.000,nav_aborted,0
316.000,nav_canceled,0
316.000,nav_rejected,0
316.000,run_seed,10
317.000,anomalies_detected,0
317.000,anomalies_unique,0
317.000,investigation_timeouts,0
317.000,mission_duration_s,273.0
317.000,distance_traveled_m,68.2561058423789
317.000,route_deviations,0
317.000,investigation_time_s,0.0
317.000,hazard_avoidances,0
317.000,min_hazard_distance_m,4.711435012227831
317.000,collisions,0
317.000,time_below_clearance_s,0.0
317.000,safety_zone_violations,0
317.000,min_ttc_s,18.413644672319077
317.000,avoid_success,0
317.000,avoid_timeout,0
317.000,q_convergence,0.0
317.000,update_residual,0.0
317.000,investigation_deferred,0
317.000,nav_aborted,0
317.000,nav_canceled,0
317.000,nav_rejected,0
317.000,run_seed,10
318.000,anomalies_detected,0
318.000,anomalies_unique,0
318.000,investigation_timeouts,0
318.000,mission_duration_s,274.0
318.000,distance_traveled_m,68.51818575255135
318.000,route_deviations,0
318.000,investigation_time_s,0.0
318.000,hazard_avoidances,0
318.000,min_hazard_distance_m,4.711435012227831
318.000,collisions,0
318.000,time_below_clearance_s,0.0
318.000,safety_zone_violations,0
318.000,min_ttc_s,18.413644672319077
318.000,avoid_success,0
318.000,avoid_timeout,0
318.000,q_convergence,0.0
318.000,update_residual,0.0
318.000,investigation_deferred,0
318.000,nav_aborted,0
318.000,nav_canceled,0
318.000,nav_rejected,0
318.000,run_seed,10
319.000,anomalies_detected,0
319.000,anomalies_unique,0
319.000,investigation_timeouts,0
319.000,mission_duration_s,275.0
319.000,distance_traveled_m,68.78026570553135
319.000,route_deviations,0
319.000,investigation_time_s,0.0
319.000,hazard_avoidances,0
319.000,min_hazard_distance_m,4.711435012227831
319.000,collisions,0
319.000,time_below_clearance_s,0.0
319.000,safety_zone_violations,0
319.000,min_ttc_s,18.413644672319077
319.000,avoid_success,0
319.000,avoid_timeout,0
319.000,q_convergence,0.0
319.000,update_residual,0.0
319.000,investigation_deferred,0
319.000,nav_aborted,0
319.000,nav_canceled,0
319.000,nav_rejected,0
319.000,run_seed,10
320.000,anomalies_detected,0
320.000,anomalies_unique,0
320.000,investigation_timeouts,0
320.000,mission_duration_s,276.0
320.000,distance_traveled_m,69.03298568625144
320.000,route_deviations,0
320.000,investigation_time_s,0.0
320.000,hazard_avoidances,0
320.000,min_hazard_distance_m,4.711435012227831
320.000,collisions,0
320.000,time_below_clearance_s,0.0
320.000,safety_zone_violations,0
320.000,min_ttc_s,18.413644672319077
320.000,avoid_success,0
320.000,avoid_timeout,0
320.000,q_convergence,0.0
320.000,update_residual,0.0
320.000,investigation_deferred,0
320.000,nav_aborted,0
320.000,nav_canceled,0
320.000,nav_rejected,0
320.000,run_seed,10
321.000,anomalies_detected,0
321.000,anomalies_unique,0
321.000,investigation_timeouts,0
321.000,mission_duration_s,277.0
321.000,distance_traveled_m,69.29506562671656
321.000,route_deviations,0
321.000,investigation_time_s,0.0
321.000,hazard_avoidances,0
321.000,min_hazard_distance_m,4.711435012227831
321.000,collisions,0
321.000,time_below_clearance_s,0.0
321.000,safety_zone_violations,0
321.000,min_ttc_s,18.413644672319077
321.000,avoid_success,0
321.000,avoid_timeout,0
321.000,q_convergence,0.0
321.000,update_residual,0.0
321.000,investigation_deferred,0
321.000,nav_aborted,0
321.000,nav_canceled,0
321.000,nav_rejected,0
321.000,run_seed,10
322.000,anomalies_detected,0
322.000,anomalies_unique,0
322.000,investigation_timeouts,0
322.000,mission_duration_s,278.0
322.000,distance_traveled_m,69.55714559726052
322.000,route_deviations,0
322.000,investigation_time_s,0.0
322.000,hazard_avoidances,0
322.000,min_hazard_distance_m,4.711435012227831
322.000,collisions,0
322.000,time_below_clearance_s,0.0
322.000,safety_zone_violations,0
322.000,min_ttc_s,18.413644672319077
322.000,avoid_success,0
322.000,avoid_timeout,0
322.000,q_convergence,0.0
322.000,update_residual,0.0
322.000,investigation_deferred,0
322.000,nav_aborted,0
322.000,nav_canceled,0
322.000,nav_rejected,0
322.000,run_seed,10
323.000,anomalies_detected,0
323.000,anomalies_unique,0
323.000,investigation_timeouts,0
323.000,mission_duration_s,279.0
323.000,distance_traveled_m,69.81922558247213
323.000,route_deviations,0
323.000,investigation_time_s,0.0
323.000,hazard_avoidances,0
323.000,min_hazard_distance_m,4.711435012227831
323.000,collisions,0
323.000,time_below_clearance_s,0.0
323.000,safety_zone_violations,0
323.000,min_ttc_s,18.413644672319077
323.000,avoid_success,0
323.000,avoid_timeout,0
323.000,q_convergence,0.0
323.000,update_residual,0.0
323.000,investigation_deferred,0
323.000,nav_aborted,0
323.000,nav_canceled,0
323.000,nav_rejected,0
323.000,run_seed,10
324.000,anomalies_detected,0
324.000,anomalies_unique,0
324.000,investigation_timeouts,0
324.000,mission_duration_s,280.0
324.000,distance_traveled_m,70.0719455156566
324.000,route_deviations,0
324.000,investigation_time_s,0.0
324.000,hazard_avoidances,0
324.000,min_hazard_distance_m,4.711435012227831
324.000,collisions,0
324.000,time_below_clearance_s,0.0
324.000,safety_zone_violations,0
324.000,min_ttc_s,18.413644672319077
324.000,avoid_success,0
324.000,avoid_timeout,0
324.000,q_convergence,0.0
324.000,update_residual,0.0
324.000,investigation_deferred,0
324.000,nav_aborted,0
324.000,nav_canceled,0
324.000,nav_rejected,0
324.000,run_seed,10
325.000,anomalies_detected,0
325.000,anomalies_unique,0
325.000,investigation_timeouts,0
325.000,mission_duration_s,281.0
325.000,distance_traveled_m,70.33402546596422
325.000,route_deviations,0
325.000,investigation_time_s,0.0
325.000,hazard_avoidances,0
325.000,min_hazard_distance_m,4.711435012227831
325.000,collisions,0
325.000,time_below_clearance_s,0.0
325.000,safety_zone_violations,0
325.000,min_ttc_s,18.413644672319077
325.000,avoid_success,0
325.000,avoid_timeout,0
325.000,q_convergence,0.0
325.000,update_residual,0.0
325.000,investigation_deferred,0
325.000,nav_aborted,0
325.000,nav_canceled,0
325.000,nav_rejected,0
325.000,run_seed,10
326.000,anomalies_detected,0
326.000,anomalies_unique,0
326.000,investigation_timeouts,0
326.000,mission_duration_s,282.0
326.000,distance_traveled_m,70.59610544307795
326.000,route_deviations,0
326.000,investigation_time_s,0.0
326.000,hazard_avoidances,0
326.000,min_hazard_distance_m,4.711435012227831
326.000,collisions,0
326.000,time_below_clearance_s,0.0
326.000,safety_zone_violations,0
326.000,min_ttc_s,18.413644672319077
326.000,avoid_success,0
326.000,avoid_timeout,0
326.000,q_convergence,0.0
326.000,update_residual,0.0
326.000,investigation_deferred,0
326.000,nav_aborted,0
326.000,nav_canceled,0
326.000,nav_rejected,0
326.000,run_seed,10
327.000,anomalies_detected,0
327.000,anomalies_unique,0
327.000,investigation_timeouts,0
327.000,mission_duration_s,283.0
327.000,distance_traveled_m,70.85818537612246
327.000,route_deviations,0
327.000,investigation_time_s,0.0
327.000,hazard_avoidances,0
327.000,min_hazard_distance_m,4.711435012227831
327.000,collisions,0
327.000,time_below_clearance_s,0.0
327.000,safety_zone_violations,0
327.000,min_ttc_s,18.413644672319077
327.000,avoid_success,0
327.000,avoid_timeout,0
327.000,q_convergence,0.0
327.000,update_residual,0.0
327.000,investigation_deferred,0
327.000,nav_aborted,0
327.000,nav_canceled,0
327.000,nav_rejected,0
327.000,run_seed,10
328.000,anomalies_detected,0
328.000,anomalies_unique,0
328.000,investigation_timeouts,0
328.000,mission_duration_s,284.0
328.000,distance_traveled_m,71.12026532370676
328.000,route_deviations,0
328.000,investigation_time_s,0.0
328.000,hazard_avoidances,0
328.000,min_hazard_distance_m,4.711435012227831
328.000,collisions,0
328.000,time_below_clearance_s,0.0
328.000,safety_zone_violations,0
328.000,min_ttc_s,18.413644672319077
328.000,avoid_success,0
328.000,avoid_timeout,0
328.000,q_convergence,0.0
328.000,update_residual,0.0
328.000,investigation_deferred,0
328.000,nav_aborted,0
328.000,nav_canceled,0
328.000,nav_rejected,0
328.000,run_seed,10
329.000,anomalies_detected,0
329.000,anomalies_unique,0
329.000,investigation_timeouts,0
329.000,mission_duration_s,285.0
329.000,distance_traveled_m,71.37298530402265
329.000,route_deviations,0
329.000,investigation_time_s,0.0
329.000,hazard_avoidances,0
329.000,min_hazard_distance_m,4.711435012227831
329.000,collisions,0
329.000,time_below_clearance_s,0.0
329.000,safety_zone_violations,0
329.000,min_ttc_s,18.413644672319077
329.000,avoid_success,0
329.000,avoid_timeout,0
329.000,q_convergence,0.0
329.000,update_residual,0.0
329.000,investigation_deferred,0
329.000,nav_aborted,0
329.000,nav_canceled,0
329.000,nav_rejected,0
329.000,run_seed,10
330.000,anomalies_detected,0
330.000,anomalies_unique,0
330.000,investigation_timeouts,0
330.000,mission_duration_s,286.0
330.000,distance_traveled_m,71.63506525217817
330.000,route_deviations,0
330.000,investigation_time_s,0.0
330.000,hazard_avoidances,0
330.000,min_hazard_distance_m,4.711435012227831
330.000,collisions,0
330.000,time_below_clearance_s,0.0
330.000,safety_zone_violations,0
330.000,min_ttc_s,18.413644672319077
330.000,avoid_success,0
330.000,avoid_timeout,0
330.000,q_convergence,0.0
330.000,update_residual,0.0
330.000,investigation_deferred,0
330.000,nav_aborted,0
330.000,nav_canceled,0
330.000,nav_rejected,0
330.000,run_seed,10
331.000,anomalies_detected,0
331.000,anomalies_unique,0
331.000,investigation_timeouts,0
331.000,mission_duration_s,287.0
331.000,distance_traveled_m,71.89714520102343
331.000,route_deviations,0
331.000,investigation_time_s,0.0
331.000,hazard_avoidances,0
331.000,min_hazard_distance_m,4.711435012227831
331.000,collisions,0
331.000,time_below_clearance_s,0.0
331.000,safety_zone_violations,0
331.000,min_ttc_s,18.413644672319077
331.000,avoid_success,0
331.000,avoid_timeout,0
331.000,q_convergence,0.0
331.000,update_residual,0.0
331.000,investigation_deferred,0
331.000,nav_aborted,0
331.000,nav_canceled,0
331.000,nav_rejected,0
331.000,run_seed,10
332.000,anomalies_detected,0
332.000,anomalies_unique,0
332.000,investigation_timeouts,0
332.000,mission_duration_s,288.0
332.000,distance_traveled_m,72.1592251604699
332.000,route_deviations,0
332.000,investigation_time_s,0.0
332.000,hazard_avoidances,0
332.000,min_hazard_distance_m,4.711435012227831
332.000,collisions,0
332.000,time_below_clearance_s,0.0
332.000,safety_zone_violations,0
332.000,min_ttc_s,18.413644672319077
332.000,avoid_success,0
332.000,avoid_timeout,0
332.000,q_convergence,0.0
332.000,update_residual,0.0
332.000,investigation_deferred,0
332.000,nav_aborted,0
332.000,nav_canceled,0
332.000,nav_rejected,0
332.000,run_seed,10
333.000,anomalies_detected,0
333.000,anomalies_unique,0
333.000,investigation_timeouts,0
333.000,mission_duration_s,289.0
333.000,distance_traveled_m,72.4119451198319
333.000,route_deviations,0
333.000,investigation_time_s,0.0
333.000,hazard_avoidances,0
333.000,min_hazard_distance_m,4.711435012227831
333.000,collisions,0
333.000,time_below_clearance_s,0.0
333.000,safety_zone_violations,0
333.000,min_ttc_s,18.413644672319077
333.000,avoid_success,0
333.000,avoid_timeout,0
333.000,q_convergence,0.0
333.000,update_residual,0.0
333.000,investigation_deferred,0
333.000,nav_aborted,0
333.000,nav_canceled,0
333.000,nav_rejected,0
333.000,run_seed,10
334.000,anomalies_detected,0
334.000,anomalies_unique,0
334.000,investigation_timeouts,0
334.000,mission_duration_s,290.0
334.000,distance_traveled_m,72.67402510072768
334.000,route_deviations,0
334.000,investigation_time_s,0.0
334.000,hazard_avoidances,0
334.000,min_hazard_distance_m,4.711435012227831
334.000,collisions,0
334.000,time_below_clearance_s,0.0
334.000,safety_zone_violations,0
334.000,min_ttc_s,18.413644672319077
334.000,avoid_success,0
334.000,avoid_timeout,0
334.000,q_convergence,0.0
334.000,update_residual,0.0
334.000,investigation_deferred,0
334.000,nav_aborted,0
334.000,nav_canceled,0
334.000,nav_rejected,0
334.000,run_seed,10
335.000,anomalies_detected,0
335.000,anomalies_unique,0
335.000,investigation_timeouts,0
335.000,mission_duration_s,291.0
335.000,distance_traveled_m,72.93610507033374
335.000,route_deviations,0
335.000,investigation_time_s,0.0
335.000,hazard_avoidances,0
335.000,min_hazard_distance_m,4.711435012227831
335.000,collisions,0
335.000,time_below_clearance_s,0.0
335.000,safety_zone_violations,0
335.000,min_ttc_s,18.413644672319077
335.000,avoid_success,0
335.000,avoid_timeout,0
335.000,q_convergence,0.0
335.000,update_residual,0.0
335.000,investigation_deferred,0
335.000,nav_aborted,0
335.000,nav_canceled,0
335.000,nav_rejected,0
335.000,run_seed,10
336.000,anomalies_detected,0
336.000,anomalies_unique,0
336.000,investigation_timeouts,0
336.000,mission_duration_s,292.0
336.000,distance_traveled_m,73.19818504334522
336.000,route_deviations,0
336.000,investigation_time_s,0.0
336.000,hazard_avoidances,0
336.000,min_hazard_distance_m,4.711435012227831
336.000,collisions,0
336.000,time_below_clearance_s,0.0
336.000,safety_zone_violations,0
336.000,min_ttc_s,18.413644672319077
336.000,avoid_success,0
336.000,avoid_timeout,0
336.000,q_convergence,0.0
336.000,update_residual,0.0
336.000,investigation_deferred,0
336.000,nav_aborted,0
336.000,nav_canceled,0
336.000,nav_rejected,0
336.000,run_seed,10
337.000,anomalies_detected,0
337.000,anomalies_unique,0
337.000,investigation_timeouts,0
337.000,mission_duration_s,293.0
337.000,distance_traveled_m,73.46026499606734
337.000,route_deviations,0
337.000,investigation_time_s,0.0
337.000,hazard_avoidances,0
337.000,min_hazard_distance_m,4.711435012227831
337.000,collisions,0
337.000,time_below_clearance_s,0.0
337.000,safety_zone_violations,0
337.000,min_ttc_s,18.413644672319077
337.000,avoid_success,0
337.000,avoid_timeout,0
337.000,q_convergence,0.0
337.000,update_residual,0.0
337.000,investigation_deferred,0
337.000,nav_aborted,0
337.000,nav_canceled,0
337.000,nav_rejected,0
337.000,run_seed,10
338.000,anomalies_detected,0
338.000,anomalies_unique,0
338.000,investigation_timeouts,0
338.000,mission_duration_s,294.0
338.000,distance_traveled_m,73.7129849630928
338.000,route_deviations,0
338.000,investigation_time_s,0.0
338.000,hazard_avoidances,0
338.000,min_hazard_distance_m,4.711435012227831
338.000,collisions,0
338.000,time_below_clearance_s,0.0
338.000,safety_zone_violations,0
338.000,min_ttc_s,18.413644672319077
338.000,avoid_success,0
338.000,avoid_timeout,0
338.000,q_convergence,0.0
338.000,update_residual,0.0
338.000,investigation_deferred,0
338.000,nav_aborted,0
338.000,nav_canceled,0
338.000,nav_rejected,0
338.000,run_seed,10
339.000,anomalies_detected,0
339.000,anomalies_unique,0
339.000,investigation_timeouts,0
339.000,mission_duration_s,295.0
339.000,distance_traveled_m,73.97506492975869
339.000,route_deviations,0
339.000,investigation_time_s,0.0
339.000,hazard_avoidances,0
339.000,min_hazard_distance_m,4.711435012227831
339.000,collisions,0
339.000,time_below_clearance_s,0.0
339.000,safety_zone_violations,0
339.000,min_ttc_s,18.413644672319077
339.000,avoid_success,0
339.000,avoid_timeout,0
339.000,q_convergence,0.0
339.000,update_residual,0.0
339.000,investigation_deferred,0
339.000,nav_aborted,0
339.000,nav_canceled,0
339.000,nav_rejected,0
339.000,run_seed,10
340.000,anomalies_detected,0
340.000,anomalies_unique,0
340.000,investigation_timeouts,0
340.000,mission_duration_s,296.0
340.000,distance_traveled_m,74.23714489170389
340.000,route_deviations,0
340.000,investigation_time_s,0.0
340.000,hazard_avoidances,0
340.000,min_hazard_distance_m,4.711435012227831
340.000,collisions,0
340.000,time_below_clearance_s,0.0
340.000,safety_zone_violations,0
340.000,min_ttc_s,18.413644672319077
340.000,avoid_success,0
340.000,avoid_timeout,0
340.000,q_convergence,0.0
340.000,update_residual,0.0
340.000,investigation_deferred,0
340.000,nav_aborted,0
340.000,nav_canceled,0
340.000,nav_rejected,0
340.000,run_seed,10
341.000,anomalies_detected,0
341.000,anomalies_unique,0
341.000,investigation_timeouts,0
341.000,mission_duration_s,297.0
341.000,distance_traveled_m,74.49922485371339
341.000,route_deviations,0
341.000,investigation_time_s,0.0
341.000,hazard_avoidances,0
341.000,min_hazard_distance_m,4.711435012227831
341.000,collisions,0
341.000,time_below_clearance_s,0.0
341.000,safety_zone_violations,0
341.000,min_ttc_s,18.413644672319077
341.000,avoid_success,0
341.000,avoid_timeout,0
341.000,q_convergence,0.0
341.000,update_residual,0.0
341.000,investigation_deferred,0
341.000,nav_aborted,0
341.000,nav_canceled,0
341.000,nav_rejected,0
341.000,run_seed,10
342.000,anomalies_detected,0
342.000,anomalies_unique,0
342.000,investigation_timeouts,0
342.000,mission_duration_s,298.0
342.000,distance_traveled_m,74.75194480650184
342.000,route_deviations,0
342.000,investigation_time_s,0.0
342.000,hazard_avoidances,0
342.000,min_hazard_distance_m,4.711435012227831
342.000,collisions,0
342.000,time_below_clearance_s,0.0
342.000,safety_zone_violations,0
342.000,min_ttc_s,18.413644672319077
342.000,avoid_success,0
342.000,avoid_timeout,0
342.000,q_convergence,0.0
342.000,update_residual,0.0
342.000,investigation_deferred,0
342.000,nav_aborted,0
342.000,nav_canceled,0
342.000,nav_rejected,0
342.000,run_seed,10
343.000,anomalies_detected,0
343.000,anomalies_unique,0
343.000,investigation_timeouts,0
343.000,mission_duration_s,299.0
343.000,distance_traveled_m,75.01402478804269
343.000,route_deviations,0
343.000,investigation_time_s,0.0
343.000,hazard_avoidances,0
343.000,min_hazard_distance_m,4.711435012227831
343.000,collisions,0
343.000,time_below_clearance_s,0.0
343.000,safety_zone_violations,0
343.000,min_ttc_s,18.413644672319077
343.000,avoid_success,0
343.000,avoid_timeout,0
343.000,q_convergence,0.0
343.000,update_residual,0.0
343.000,investigation_deferred,0
343.000,nav_aborted,0
343.000,nav_canceled,0
343.000,nav_rejected,0
343.000,run_seed,10
344.000,anomalies_detected,0
344.000,anomalies_unique,0
344.000,investigation_timeouts,0
344.000,mission_duration_s,300.0
344.000,distance_traveled_m,75.27610476055912
344.000,route_deviations,0
344.000,investigation_time_s,0.0
344.000,hazard_avoidances,0
344.000,min_hazard_distance_m,4.711435012227831
344.000,collisions,0
344.000,time_below_clearance_s,0.0
344.000,safety_zone_violations,0
344.000,min_ttc_s,18.413644672319077
344.000,avoid_success,0
344.000,avoid_timeout,0
344.000,q_convergence,0.0
344.000,update_residual,0.0
344.000,investigation_deferred,0
344.000,nav_aborted,0
344.000,nav_canceled,0
344.000,nav_rejected,0
344.000,run_seed,10
345.000,anomalies_detected,0
345.000,anomalies_unique,0
345.000,investigation_timeouts,0
345.000,mission_duration_s,301.0
345.000,distance_traveled_m,75.53818475460201
345.000,route_deviations,0
345.000,investigation_time_s,0.0
345.000,hazard_avoidances,0
345.000,min_hazard_distance_m,4.711435012227831
345.000,collisions,0
345.000,time_below_clearance_s,0.0
345.000,safety_zone_violations,0
345.000,min_ttc_s,18.413644672319077
345.000,avoid_success,0
345.000,avoid_timeout,0
345.000,q_convergence,0.0
345.000,update_residual,0.0
345.000,investigation_deferred,0
345.000,nav_aborted,0
345.000,nav_canceled,0
345.000,nav_rejected,0
345.000,run_seed,10
346.000,anomalies_detected,0
346.000,anomalies_unique,0
346.000,investigation_timeouts,0
346.000,mission_duration_s,302.0
346.000,distance_traveled_m,75.80026472820148
346.000,route_deviations,0
346.000,investigation_time_s,0.0
346.000,hazard_avoidances,0
346.000,min_hazard_distance_m,4.711435012227831
346.000,collisions,0
346.000,time_below_clearance_s,0.0
346.000,safety_zone_violations,0
346.000,min_ttc_s,18.413644672319077
346.000,avoid_success,0
346.000,avoid_timeout,0
346.000,q_convergence,0.0
346.000,update_residual,0.0
346.000,investigation_deferred,0
346.000,nav_aborted,0
346.000,nav_canceled,0
346.000,nav_rejected,0
346.000,run_seed,10
347.000,anomalies_detected,0
347.000,anomalies_unique,0
347.000,investigation_timeouts,0
347.000,mission_duration_s,303.0
347.000,distance_traveled_m,76.05298468726372
347.000,route_deviations,0
347.000,investigation_time_s,0.0
347.000,hazard_avoidances,0
347.000,min_hazard_distance_m,4.711435012227831
347.000,collisions,0
347.000,time_below_clearance_s,0.0
347.000,safety_zone_violations,0
347.000,min_ttc_s,18.413644672319077
347.000,avoid_success,0
347.000,avoid_timeout,0
347.000,q_convergence,0.0
347.000,update_residual,0.0
347.000,investigation_deferred,0
347.000,nav_aborted,0
347.000,nav_canceled,0
347.000,nav_rejected,0
347.000,run_seed,10
348.000,anomalies_detected,0
348.000,anomalies_unique,0
348.000,investigation_timeouts,0
348.000,mission_duration_s,304.0
348.000,distance_traveled_m,76.31506467946822
348.000,route_deviations,0
348.000,investigation_time_s,0.0
348.000,hazard_avoidances,0
348.000,min_hazard_distance_m,4.711435012227831
348.000,collisions,0
348.000,time_below_clearance_s,0.0
348.000,safety_zone_violations,0
348.000,min_ttc_s,18.413644672319077
348.000,avoid_success,0
348.000,avoid_timeout,0
348.000,q_convergence,0.0
348.000,update_residual,0.0
348.000,investigation_deferred,0
348.000,nav_aborted,0
348.000,nav_canceled,0
348.000,nav_rejected,0
348.000,run_seed,10
349.000,anomalies_detected,0
349.000,anomalies_unique,0
349.000,investigation_timeouts,0
349.000,mission_duration_s,305.0
349.000,distance_traveled_m,76.57714466601642
349.000,route_deviations,0
349.000,investigation_time_s,0.0
349.000,hazard_avoidances,0
349.000,min_hazard_distance_m,4.711435012227831
349.000,collisions,0
349.000,time_below_clearance_s,0.0
349.000,safety_zone_violations,0
349.000,min_ttc_s,18.413644672319077
349.000,avoid_success,0
349.000,avoid_timeout,0
349.000,q_convergence,0.0
349.000,update_residual,0.0
349.000,investigation_deferred,0
349.000,nav_aborted,0
349.000,nav_canceled,0
349.000,nav_rejected,0
349.000,run_seed,10
350.000,anomalies_detected,0
350.000,anomalies_unique,0
350.000,investigation_timeouts,0
350.000,mission_duration_s,306.0
350.000,distance_traveled_m,76.83922465893868
350.000,route_deviations,0
350.000,investigation_time_s,0.0
350.000,hazard_avoidances,0
350.000,min_hazard_distance_m,4.711435012227831
350.000,collisions,0
350.000,time_below_clearance_s,0.0
350.000,safety_zone_violations,0
350.000,min_ttc_s,18.413644672319077
350.000,avoid_success,0
350.000,avoid_timeout,0
350.000,q_convergence,0.0
350.000,update_residual,0.0
350.000,investigation_deferred,0
350.000,nav_aborted,0
350.000,nav_canceled,0
350.000,nav_rejected,0
350.000,run_seed,10
351.000,anomalies_detected,0
351.000,anomalies_unique,0
351.000,investigation_timeouts,0
351.000,mission_duration_s,307.0
351.000,distance_traveled_m,77.0919446515147
351.000,route_deviations,0
351.000,investigation_time_s,0.0
351.000,hazard_avoidances,0
351.000,min_hazard_distance_m,4.711435012227831
351.000,collisions,0
351.000,time_below_clearance_s,0.0
351.000,safety_zone_violations,0
351.000,min_ttc_s,18.413644672319077
351.000,avoid_success,0
351.000,avoid_timeout,0
351.000,q_convergence,0.0
351.000,update_residual,0.0
351.000,investigation_deferred,0
351.000,nav_aborted,0
351.000,nav_canceled,0
351.000,nav_rejected,0
351.000,run_seed,10
352.000,anomalies_detected,0
352.000,anomalies_unique,0
352.000,investigation_timeouts,0
352.000,mission_duration_s,308.0
352.000,distance_traveled_m,77.35402464281383
352.000,route_deviations,0
352.000,investigation_time_s,0.0
352.000,hazard_avoidances,0
352.000,min_hazard_distance_m,4.711435012227831
352.000,collisions,0
352.000,time_below_clearance_s,0.0
352.000,safety_zone_violations,0
352.000,min_ttc_s,18.413644672319077
352.000,avoid_success,0
352.000,avoid_timeout,0
352.000,q_convergence,0.0
352.000,update_residual,0.0
352.000,investigation_deferred,0
352.000,nav_aborted,0
352.000,nav_canceled,0
352.000,nav_rejected,0
352.000,run_seed,10
353.000,anomalies_detected,0
353.000,anomalies_unique,0
353.000,investigation_timeouts,0
353.000,mission_duration_s,309.0
353.000,distance_traveled_m,77.616104639015
353.000,route_deviations,0
353.000,investigation_time_s,0.0
353.000,hazard_avoidances,0
353.000,min_hazard_distance_m,4.711435012227831
353.000,collisions,0
353.000,time_below_clearance_s,0.0
353.000,safety_zone_violations,0
353.000,min_ttc_s,18.413644672319077
353.000,avoid_success,0
353.000,avoid_timeout,0
353.000,q_convergence,0.0
353.000,update_residual,0.0
353.000,investigation_deferred,0
353.000,nav_aborted,0
353.000,nav_canceled,0
353.000,nav_rejected,0
353.000,run_seed,10
354.000,anomalies_detected,0
354.000,anomalies_unique,0
354.000,investigation_timeouts,0
354.000,mission_duration_s,310.0
354.000,distance_traveled_m,77.878184631935
354.000,route_deviations,0
354.000,investigation_time_s,0.0
354.000,hazard_avoidances,0
354.000,min_hazard_distance_m,4.711435012227831
354.000,collisions,0
354.000,time_below_clearance_s,0.0
354.000,safety_zone_violations,0
354.000,min_ttc_s,18.413644672319077
354.000,avoid_success,0
354.000,avoid_timeout,0
354.000,q_convergence,0.0
354.000,update_residual,0.0
354.000,investigation_deferred,0
354.000,nav_aborted,0
354.000,nav_canceled,0
354.000,nav_rejected,0
354.000,run_seed,10
355.000,anomalies_detected,0
355.000,anomalies_unique,0
355.000,investigation_timeouts,0
355.000,mission_duration_s,311.0
355.000,distance_traveled_m,78.14026462583313
355.000,route_deviations,0
355.000,investigation_time_s,0.0
355.000,hazard_avoidances,0
355.000,min_hazard_distance_m,4.711435012227831
355.000,collisions,0
355.000,time_below_clearance_s,0.0
355.000,safety_zone_violations,0
355.000,min_ttc_s,18.413644672319077
355.000,avoid_success,0
355.000,avoid_timeout,0
355.000,q_convergence,0.0
355.000,update_residual,0.0
355.000,investigation_deferred,0
355.000,nav_aborted,0
355.000,nav_canceled,0
355.000,nav_rejected,0
355.000,run_seed,10
356.000,anomalies_detected,0
356.000,anomalies_unique,0
356.000,investigation_timeouts,0
356.000,mission_duration_s,312.0
356.000,distance_traveled_m,78.39298461645852
356.000,route_deviations,0
356.000,investigation_time_s,0.0
356.000,hazard_avoidances,0
356.000,min_hazard_distance_m,4.711435012227831
356.000,collisions,0
356.000,time_below_clearance_s,0.0
356.000,safety_zone_violations,0
356.000,min_ttc_s,18.413644672319077
356.000,avoid_success,0
356.000,avoid_timeout,0
356.000,q_convergence,0.0
356.000,update_residual,0.0
356.000,investigation_deferred,0
356.000,nav_aborted,0
356.000,nav_canceled,0
356.000,nav_rejected,0
356.000,run_seed,10
357.000,anomalies_detected,0
357.000,anomalies_unique,0
357.000,investigation_timeouts,0
357.000,mission_duration_s,313.0
357.000,distance_traveled_m,78.65506458996998
357.000,route_deviations,0
357.000,investigation_time_s,0.0
357.000,hazard_avoidances,0
357.000,min_hazard_distance_m,4.711435012227831
357.000,collisions,0
357.000,time_below_clearance_s,0.0
357.000,safety_zone_violations,0
357.000,min_ttc_s,18.413644672319077
357.000,avoid_success,0
357.000,avoid_timeout,0
357.000,q_convergence,0.0
357.000,update_residual,0.0
357.000,investigation_deferred,0
357.000,nav_aborted,0
357.000,nav_canceled,0
357.000,nav_rejected,0
357.000,run_seed,10
358.000,anomalies_detected,0
358.000,anomalies_unique,0
358.000,investigation_timeouts,0
358.000,mission_duration_s,314.0
358.000,distance_traveled_m,78.91714455696768
358.000,route_deviations,0
358.000,investigation_time_s,0.0
358.000,hazard_avoidances,0
358.000,min_hazard_distance_m,4.711435012227831
358.000,collisions,0
358.000,time_below_clearance_s,0.0
358.000,safety_zone_violations,0
358.000,min_ttc_s,18.413644672319077
358.000,avoid_success,0
358.000,avoid_timeout,0
358.000,q_convergence,0.0
358.000,update_residual,0.0
358.000,investigation_deferred,0
358.000,nav_aborted,0
358.000,nav_canceled,0
358.000,nav_rejected,0
358.000,run_seed,10
359.000,anomalies_detected,0
359.000,anomalies_unique,0
359.000,investigation_timeouts,0
359.000,mission_duration_s,315.0
359.000,distance_traveled_m,79.1792245449376
359.000,route_deviations,0
359.000,investigation_time_s,0.0
359.000,hazard_avoidances,0
359.000,min_hazard_distance_m,4.711435012227831
359.000,collisions,0
359.000,time_below_clearance_s,0.0
359.000,safety_zone_violations,0
359.000,min_ttc_s,18.413644672319077
359.000,avoid_success,0
359.000,avoid_timeout,0
359.000,q_convergence,0.0
359.000,update_residual,0.0
359.000,investigation_deferred,0
359.000,nav_aborted,0
359.000,nav_canceled,0
359.000,nav_rejected,0
359.000,run_seed,10
360.000,anomalies_detected,0
360.000,anomalies_unique,0
360.000,investigation_timeouts,0
360.000,mission_duration_s,316.0
360.000,distance_traveled_m,79.43194452436772
360.000,route_deviations,0
360.000,investigation_time_s,0.0
360.000,hazard_avoidances,0
360.000,min_hazard_distance_m,4.711435012227831
360.000,collisions,0
360.000,time_below_clearance_s,0.0
360.000,safety_zone_violations,0
360.000,min_ttc_s,18.413644672319077
360.000,avoid_success,0
360.000,avoid_timeout,0
360.000,q_convergence,0.0
360.000,update_residual,0.0
360.000,investigation_deferred,0
360.000,nav_aborted,0
360.000,nav_canceled,0
360.000,nav_rejected,0
360.000,run_seed,10
361.000,anomalies_detected,0
361.000,anomalies_unique,0
361.000,investigation_timeouts,0
361.000,mission_duration_s,317.0
361.000,distance_traveled_m,79.69402451611403
361.000,route_deviations,0
361.000,investigation_time_s,0.0
361.000,hazard_avoidances,0
361.000,min_hazard_distance_m,4.711435012227831
361.000,collisions,0
361.000,time_below_clearance_s,0.0
361.000,safety_zone_violations,0
361.000,min_ttc_s,18.413644672319077
361.000,avoid_success,0
361.000,avoid_timeout,0
361.000,q_convergence,0.0
361.000,update_residual,0.0
361.000,investigation_deferred,0
361.000,nav_aborted,0
361.000,nav_canceled,0
361.000,nav_rejected,0
361.000,run_seed,10
362.000,anomalies_detected,0
362.000,anomalies_unique,0
362.000,investigation_timeouts,0
362.000,mission_duration_s,318.0
362.000,distance_traveled_m,79.95610448593361
362.000,route_deviations,0
362.000,investigation_time_s,0.0
362.000,hazard_avoidances,0
362.000,min_hazard_distance_m,4.711435012227831
362.000,collisions,0
362.000,time_below_clearance_s,0.0
362.000,safety_zone_violations,0
362.000,min_ttc_s,18.413644672319077
362.000,avoid_success,0
362.000,avoid_timeout,0
362.000,q_convergence,0.0
362.000,update_residual,0.0
362.000,investigation_deferred,0
362.000,nav_aborted,0
362.000,nav_canceled,0
362.000,nav_rejected,0
362.000,run_seed,10
363.000,anomalies_detected,0
363.000,anomalies_unique,0
363.000,investigation_timeouts,0
363.000,mission_duration_s,319.0
363.000,distance_traveled_m,80.2181843575616
363.000,route_deviations,0
363.000,investigation_time_s,0.0
363.000,hazard_avoidances,0
363.000,min_hazard_distance_m,4.711435012227831
363.000,collisions,0
363.000,time_below_clearance_s,0.0
363.000,safety_zone_violations,0
363.000,min_ttc_s,18.413644672319077
363.000,avoid_success,0
363.000,avoid_timeout,0
363.000,q_convergence,0.0
363.000,update_residual,0.0
363.000,investigation_deferred,0
363.000,nav_aborted,0
363.000,nav_canceled,0
363.000,nav_rejected,0
363.000,run_seed,10
364.000,anomalies_detected,0
364.000,anomalies_unique,0
364.000,investigation_timeouts,0
364.000,mission_duration_s,320.0
364.000,distance_traveled_m,80.39968023226709
364.000,route_deviations,0
364.000,investigation_time_s,0.0
364.000,hazard_avoidances,0
364.000,min_hazard_distance_m,4.711435012227831
364.000,collisions,0
364.000,time_below_clearance_s,0.0
364.000,safety_zone_violations,0
364.000,min_ttc_s,18.413644672319077
364.000,avoid_success,0
364.000,avoid_timeout,0
364.000,q_convergence,0.0
364.000,update_residual,0.0
364.000,investigation_deferred,0
364.000,nav_aborted,0
364.000,nav_canceled,0
364.000,nav_rejected,0
364.000,run_seed,10
364.000,anomalies_detected,0
364.000,anomalies_unique,0
364.000,investigation_timeouts,0
364.000,mission_duration_s,320.0
364.000,distance_traveled_m,80.39968023226709
364.000,route_deviations,0
364.000,investigation_time_s,0.0
364.000,hazard_avoidances,0
364.000,min_hazard_distance_m,4.711435012227831
364.000,collisions,0
364.000,time_below_clearance_s,0.0
364.000,safety_zone_violations,0
364.000,min_ttc_s,18.413644672319077
364.000,avoid_success,0
364.000,avoid_timeout,0
364.000,q_convergence,0.0
364.000,update_residual,0.0
364.000,investigation_deferred,0
364.000,nav_aborted,0
364.000,nav_canceled,0
364.000,nav_rejected,0
364.000,run_seed,10
365.000,anomalies_detected,0
365.000,anomalies_unique,0
365.000,investigation_timeouts,0
365.000,mission_duration_s,320.0
365.000,distance_traveled_m,80.39968023229899
365.000,route_deviations,0
365.000,investigation_time_s,0.0
365.000,hazard_avoidances,0
365.000,min_hazard_distance_m,4.711435012227831
365.000,collisions,0
365.000,time_below_clearance_s,0.0
365.000,safety_zone_violations,0
365.000,min_ttc_s,18.413644672319077
365.000,avoid_success,0
365.000,avoid_timeout,0
365.000,q_convergence,0.0
365.000,update_residual,0.0
365.000,investigation_deferred,0
365.000,nav_aborted,0
365.000,nav_canceled,0
365.000,nav_rejected,0
365.000,run_seed,10
366.000,anomalies_detected,0
366.000,anomalies_unique,0
366.000,investigation_timeouts,0
366.000,mission_duration_s,320.0
366.000,distance_traveled_m,80.3996802323037
366.000,route_deviations,0
366.000,investigation_time_s,0.0
366.000,hazard_avoidances,0
366.000,min_hazard_distance_m,4.711435012227831
366.000,collisions,0
366.000,time_below_clearance_s,0.0
366.000,safety_zone_violations,0
366.000,min_ttc_s,18.413644672319077
366.000,avoid_success,0
366.000,avoid_timeout,0
366.000,q_convergence,0.0
366.000,update_residual,0.0
366.000,investigation_deferred,0
366.000,nav_aborted,0
366.000,nav_canceled,0
366.000,nav_rejected,0
366.000,run_seed,10
367.000,anomalies_detected,0
367.000,anomalies_unique,0
367.000,investigation_timeouts,0
367.000,mission_duration_s,320.0
367.000,distance_traveled_m,80.39968023230489
367.000,route_deviations,0
367.000,investigation_time_s,0.0
367.000,hazard_avoidances,0
367.000,min_hazard_distance_m,4.711435012227831
367.000,collisions,0
367.000,time_below_clearance_s,0.0
367.000,safety_zone_violations,0
367.000,min_ttc_s,18.413644672319077
367.000,avoid_success,0
367.000,avoid_timeout,0
367.000,q_convergence,0.0
367.000,update_residual,0.0
367.000,investigation_deferred,0
367.000,nav_aborted,0
367.000,nav_canceled,0
367.000,nav_rejected,0
367.000,run_seed,10
368.000,anomalies_detected,0
368.000,anomalies_unique,0
368.000,investigation_timeouts,0
368.000,mission_duration_s,320.0
368.000,distance_traveled_m,80.39968023230489
368.000,route_deviations,0
368.000,investigation_time_s,0.0
368.000,hazard_avoidances,0
368.000,min_hazard_distance_m,4.711435012227831
368.000,collisions,0
368.000,time_below_clearance_s,0.0
368.000,safety_zone_violations,0
368.000,min_ttc_s,18.413644672319077
368.000,avoid_success,0
368.000,avoid_timeout,0
368.000,q_convergence,0.0
368.000,update_residual,0.0
368.000,investigation_deferred,0
368.000,nav_aborted,0
368.000,nav_canceled,0
368.000,nav_rejected,0
368.000,run_seed,10
369.000,anomalies_detected,0
369.000,anomalies_unique,0
369.000,investigation_timeouts,0
369.000,mission_duration_s,320.0
369.000,distance_traveled_m,80.39968023230489
369.000,route_deviations,0
369.000,investigation_time_s,0.0
369.000,hazard_avoidances,0
369.000,min_hazard_distance_m,4.711435012227831
369.000,collisions,0
369.000,time_below_clearance_s,0.0
369.000,safety_zone_violations,0
369.000,min_ttc_s,18.413644672319077
369.000,avoid_success,0
369.000,avoid_timeout,0
369.000,q_convergence,0.0
369.000,update_residual,0.0
369.000,investigation_deferred,0
369.000,nav_aborted,0
369.000,nav_canceled,0
369.000,nav_rejected,0
369.000,run_seed,10
