timestamp,metric,value
43.276,anomalies_detected,0
43.276,anomalies_unique,0
43.276,investigation_timeouts,0
43.276,mission_duration_s,0.0
43.276,distance_traveled_m,0.0
43.276,route_deviations,0
43.276,investigation_time_s,0.0
43.276,hazard_avoidances,0
43.276,min_hazard_distance_m,-1.0
43.276,collisions,0
43.276,time_below_clearance_s,0.0
43.276,safety_zone_violations,0
43.276,min_ttc_s,-1.0
43.276,avoid_success,0
43.276,avoid_timeout,0
43.276,q_convergence,0.0
43.276,update_residual,0.0
43.276,investigation_deferred,0
43.276,nav_aborted,0
43.276,nav_canceled,0
43.276,nav_rejected,0
43.276,run_seed,5
44.000,anomalies_detected,0
44.000,anomalies_unique,0
44.000,investigation_timeouts,0
44.000,mission_duration_s,0.0
44.000,distance_traveled_m,1.7007321220625328e-19
44.000,route_deviations,0
44.000,investigation_time_s,0.0
44.000,hazard_avoidances,0
44.000,min_hazard_distance_m,-1.0
44.000,collisions,0
44.000,time_below_clearance_s,0.0
44.000,safety_zone_violations,0
44.000,min_ttc_s,-1.0
44.000,avoid_success,0
44.000,avoid_timeout,0
44.000,q_convergence,0.0
44.000,update_residual,0.0
44.000,investigation_deferred,0
44.000,nav_aborted,0
44.000,nav_canceled,0
44.000,nav_rejected,0
44.000,run_seed,5
45.000,anomalies_detected,0
45.000,anomalies_unique,0
45.000,investigation_timeouts,0
45.000,mission_duration_s,0.6760000000000019
45.000,distance_traveled_m,0.06818196394408399
45.000,route_deviations,0
45.000,investigation_time_s,0.0
45.000,hazard_avoidances,0
45.000,min_hazard_distance_m,-1.0
45.000,collisions,0
45.000,time_below_clearance_s,0.0
45.000,safety_zone_violations,0
45.000,min_ttc_s,-1.0
45.000,avoid_success,0
45.000,avoid_timeout,0
45.000,q_convergence,0.9492091751465606
45.000,update_residual,0.09492091751465606
45.000,investigation_deferred,0
45.000,nav_aborted,0
45.000,nav_canceled,0
45.000,nav_rejected,0
45.000,run_seed,5
46.000,anomalies_detected,0
46.000,anomalies_unique,0
46.000,investigation_timeouts,0
46.000,mission_duration_s,1.676000000000002
46.000,distance_traveled_m,0.32411613065182526
46.000,route_deviations,0
46.000,investigation_time_s,0.0
46.000,hazard_avoidances,0
46.000,min_hazard_distance_m,12.092200232869592
46.000,collisions,0
46.000,time_below_clearance_s,0.0
46.000,safety_zone_violations,0
46.000,min_ttc_s,29.615706842470665
46.000,avoid_success,0
46.000,avoid_timeout,0
46.000,q_convergence,0.8397282613926437
46.000,update_residual,0.08397282613926436
46.000,investigation_deferred,0
46.000,nav_aborted,0
46.000,nav_canceled,0
46.000,nav_rejected,0
46.000,run_seed,5
47.000,anomalies_detected,0
47.000,anomalies_unique,0
47.000,investigation_timeouts,0
47.000,mission_duration_s,2.676000000000002
47.000,distance_traveled_m,0.5861960817602042
47.000,route_deviations,0
47.000,investigation_time_s,0.0
47.000,hazard_avoidances,0
47.000,min_hazard_distance_m,11.896851946474412
47.000,collisions,0
47.000,time_below_clearance_s,0.0
47.000,safety_zone_violations,0
47.000,min_ttc_s,29.615706842470665
47.000,avoid_success,0
47.000,avoid_timeout,0
47.000,q_convergence,0.7316417650943821
47.000,update_residual,0.0731641765094382
47.000,investigation_deferred,0
47.000,nav_aborted,0
47.000,nav_canceled,0
47.000,nav_rejected,0
47.000,run_seed,5
48.000,anomalies_detected,0
48.000,anomalies_unique,0
48.000,investigation_timeouts,0
48.000,mission_duration_s,3.676000000000002
48.000,distance_traveled_m,0.8482760598164142
48.000,route_deviations,0
48.000,investigation_time_s,0.0
48.000,hazard_avoidances,0
48.000,min_hazard_distance_m,11.697964062749268
48.000,collisions,0
48.000,time_below_clearance_s,0.0
48.000,safety_zone_violations,0
48.000,min_ttc_s,29.615706842470665
48.000,avoid_success,0
48.000,avoid_timeout,0
48.000,q_convergence,0.9274936805091737
48.000,update_residual,0.09274936805091738
48.000,investigation_deferred,0
48.000,nav_aborted,0
48.000,nav_canceled,0
48.000,nav_rejected,0
48.000,run_seed,5
49.000,anomalies_detected,0
49.000,anomalies_unique,0
49.000,investigation_timeouts,0
49.000,mission_duration_s,4.676000000000002
49.000,distance_traveled_m,1.1103560514334936
49.000,route_deviations,0
49.000,investigation_time_s,0.0
49.000,hazard_avoidances,0
49.000,min_hazard_distance_m,11.497192966011331
49.000,collisions,0
49.000,time_below_clearance_s,0.0
49.000,safety_zone_violations,0
49.000,min_ttc_s,28.827397446099454
49.000,avoid_success,0
49.000,avoid_timeout,0
49.000,q_convergence,0.912185020139498
49.000,update_residual,0.09121850201394976
49.000,investigation_deferred,0
49.000,nav_aborted,0
49.000,nav_canceled,0
49.000,nav_rejected,0
49.000,run_seed,5
50.000,anomalies_detected,0
50.000,anomalies_unique,0
50.000,investigation_timeouts,0
50.000,mission_duration_s,5.676000000000002
50.000,distance_traveled_m,1.3630760466724294
50.000,route_deviations,0
50.000,investigation_time_s,0.0
50.000,hazard_avoidances,0
50.000,min_hazard_distance_m,11.304039738516646
50.000,collisions,0
50.000,time_below_clearance_s,0.0
50.000,safety_zone_violations,0
50.000,min_ttc_s,28.659103129810596
50.000,avoid_success,0
50.000,avoid_timeout,0
50.000,q_convergence,0.7927371242437437
50.000,update_residual,0.07927371242437434
50.000,investigation_deferred,0
50.000,nav_aborted,0
50.000,nav_canceled,0
50.000,nav_rejected,0
50.000,run_seed,5
51.000,anomalies_detected,0
51.000,anomalies_unique,0
51.000,investigation_timeouts,0
51.000,mission_duration_s,6.676000000000002
51.000,distance_traveled_m,1.6251560422252758
51.000,route_deviations,0
51.000,investigation_time_s,0.0
51.000,hazard_avoidances,0
51.000,min_hazard_distance_m,11.105136437542098
51.000,collisions,0
51.000,time_below_clearance_s,0.0
51.000,safety_zone_violations,0
51.000,min_ttc_s,28.275609614620336
51.000,avoid_success,0
51.000,avoid_timeout,0
51.000,q_convergence,0.9221800251592105
51.000,update_residual,0.09221800251592105
51.000,investigation_deferred,0
51.000,nav_aborted,0
51.000,nav_canceled,0
51.000,nav_rejected,0
51.000,run_seed,5
52.000,anomalies_detected,0
52.000,anomalies_unique,0
52.000,investigation_timeouts,0
52.000,mission_duration_s,7.676000000000002
52.000,distance_traveled_m,1.887236038992852
52.000,route_deviations,0
52.000,investigation_time_s,0.0
52.000,hazard_avoidances,0
52.000,min_hazard_distance_m,10.908452617627077
52.000,collisions,0
52.000,time_below_clearance_s,0.0
52.000,safety_zone_violations,0
52.000,min_ttc_s,28.21458877747907
52.000,avoid_success,0
52.000,avoid_timeout,0
52.000,q_convergence,0.9213757431776953
52.000,update_residual,0.09213757431776955
52.000,investigation_deferred,0
52.000,nav_aborted,0
52.000,nav_canceled,0
52.000,nav_rejected,0
52.000,run_seed,5
53.000,anomalies_detected,0
53.000,anomalies_unique,0
53.000,investigation_timeouts,0
53.000,mission_duration_s,8.676000000000002
53.000,distance_traveled_m,2.1493159043980508
53.000,route_deviations,0
53.000,investigation_time_s,0.0
53.000,hazard_avoidances,0
53.000,min_hazard_distance_m,10.71385579768126
53.000,collisions,0
53.000,time_below_clearance_s,0.0
53.000,safety_zone_violations,0
53.000,min_ttc_s,28.21458877747907
53.000,avoid_success,0
53.000,avoid_timeout,0
53.000,q_convergence,0.9712262634221478
53.000,update_residual,0.09712262634221482
53.000,investigation_deferred,0
53.000,nav_aborted,0
53.000,nav_canceled,0
53.000,nav_rejected,0
53.000,run_seed,5
54.000,anomalies_detected,0
54.000,anomalies_unique,0
54.000,investigation_timeouts,0
54.000,mission_duration_s,9.676000000000002
54.000,distance_traveled_m,2.402035670090548
54.000,route_deviations,0
54.000,investigation_time_s,0.0
54.000,hazard_avoidances,0
54.000,min_hazard_distance_m,10.511307757345108
54.000,collisions,0
54.000,time_below_clearance_s,0.0
54.000,safety_zone_violations,0
54.000,min_ttc_s,28.21458877747907
54.000,avoid_success,0
54.000,avoid_timeout,0
54.000,q_convergence,0.8169410371792546
54.000,update_residual,0.08169410371792549
54.000,investigation_deferred,0
54.000,nav_aborted,0
54.000,nav_canceled,0
54.000,nav_rejected,0
54.000,run_seed,5
55.000,anomalies_detected,0
55.000,anomalies_unique,0
55.000,investigation_timeouts,0
55.000,mission_duration_s,10.676000000000002
55.000,distance_traveled_m,2.6641156153534977
55.000,route_deviations,0
55.000,investigation_time_s,0.0
55.000,hazard_avoidances,0
55.000,min_hazard_distance_m,10.303329432704631
55.000,collisions,0
55.000,time_below_clearance_s,0.0
55.000,safety_zone_violations,0
55.000,min_ttc_s,24.923010664624044
55.000,avoid_success,0
55.000,avoid_timeout,0
55.000,q_convergence,0.7117056841401536
55.000,update_residual,0.07117056841401538
55.000,investigation_deferred,0
55.000,nav_aborted,0
55.000,nav_canceled,0
55.000,nav_rejected,0
55.000,run_seed,5
56.000,anomalies_detected,0
56.000,anomalies_unique,0
56.000,investigation_timeouts,0
56.000,mission_duration_s,11.676000000000002
56.000,distance_traveled_m,2.9261955652277765
56.000,route_deviations,0
56.000,investigation_time_s,0.0
56.000,hazard_avoidances,0
56.000,min_hazard_distance_m,10.107847527382683
56.000,collisions,0
56.000,time_below_clearance_s,0.0
56.000,safety_zone_violations,0
56.000,min_ttc_s,24.923010664624044
56.000,avoid_success,0
56.000,avoid_timeout,0
56.000,q_convergence,0.6200977469883318
56.000,update_residual,0.06200977469883317
56.000,investigation_deferred,0
56.000,nav_aborted,0
56.000,nav_canceled,0
56.000,nav_rejected,0
56.000,run_seed,5
57.000,anomalies_detected,0
57.000,anomalies_unique,0
57.000,investigation_timeouts,0
57.000,mission_duration_s,12.676000000000002
57.000,distance_traveled_m,3.188275485332934
57.000,route_deviations,0
57.000,investigation_time_s,0.0
57.000,hazard_avoidances,0
57.000,min_hazard_distance_m,9.908274627887439
57.000,collisions,0
57.000,time_below_clearance_s,0.0
57.000,safety_zone_violations,0
57.000,min_ttc_s,24.923010664624044
57.000,avoid_success,0
57.000,avoid_timeout,0
57.000,q_convergence,1.153472652176014
57.000,update_residual,0.11534726521760143
57.000,investigation_deferred,0
57.000,nav_aborted,0
57.000,nav_canceled,0
57.000,nav_rejected,0
57.000,run_seed,5
58.000,anomalies_detected,0
58.000,anomalies_unique,0
58.000,investigation_timeouts,0
58.000,mission_duration_s,13.676000000000002
58.000,distance_traveled_m,3.4503554607966933
58.000,route_deviations,0
58.000,investigation_time_s,0.0
58.000,hazard_avoidances,0
58.000,min_hazard_distance_m,9.709244276776896
58.000,collisions,0
58.000,time_below_clearance_s,0.0
58.000,safety_zone_violations,0
58.000,min_ttc_s,24.836582049253877
58.000,avoid_success,0
58.000,avoid_timeout,0
58.000,q_convergence,0.8251721291677026
58.000,update_residual,0.08251721291677028
58.000,investigation_deferred,0
58.000,nav_aborted,0
58.000,nav_canceled,0
58.000,nav_rejected,0
58.000,run_seed,5
59.000,anomalies_detected,0
59.000,anomalies_unique,0
59.000,investigation_timeouts,0
59.000,mission_duration_s,14.676000000000002
59.000,distance_traveled_m,3.7030754190347626
59.000,route_deviations,0
59.000,investigation_time_s,0.0
59.000,hazard_avoidances,0
59.000,min_hazard_distance_m,9.518642994186893
59.000,collisions,0
59.000,time_below_clearance_s,0.0
59.000,safety_zone_violations,0
59.000,min_ttc_s,24.24767076013783
59.000,avoid_success,0
59.000,avoid_timeout,0
59.000,q_convergence,0.717118310693652
59.000,update_residual,0.0717118310693652
59.000,investigation_deferred,0
59.000,nav_aborted,0
59.000,nav_canceled,0
59.000,nav_rejected,0
59.000,run_seed,5
60.000,anomalies_detected,0
60.000,anomalies_unique,0
60.000,investigation_timeouts,0
60.000,mission_duration_s,15.676000000000002
60.000,distance_traveled_m,3.965155364626182
60.000,route_deviations,0
60.000,investigation_time_s,0.0
60.000,hazard_avoidances,0
60.000,min_hazard_distance_m,9.337794984562999
60.000,collisions,0
60.000,time_below_clearance_s,0.0
60.000,safety_zone_violations,0
60.000,min_ttc_s,24.24767076013783
60.000,avoid_success,0
60.000,avoid_timeout,0
60.000,q_convergence,0.6247417557623186
60.000,update_residual,0.06247417557623187
60.000,investigation_deferred,0
60.000,nav_aborted,0
60.000,nav_canceled,0
60.000,nav_rejected,0
60.000,run_seed,5
61.000,anomalies_detected,0
61.000,anomalies_unique,0
61.000,investigation_timeouts,0
61.000,mission_duration_s,16.676000000000002
61.000,distance_traveled_m,4.2272349548848265
61.000,route_deviations,0
61.000,investigation_time_s,0.0
61.000,hazard_avoidances,0
61.000,min_hazard_distance_m,9.135436188923043
61.000,collisions,0
61.000,time_below_clearance_s,0.0
61.000,safety_zone_violations,0
61.000,min_ttc_s,22.908949574627737
61.000,avoid_success,0
61.000,avoid_timeout,0
61.000,q_convergence,1.149781161572805
61.000,update_residual,0.11497811615728051
61.000,investigation_deferred,0
61.000,nav_aborted,0
61.000,nav_canceled,0
61.000,nav_rejected,0
61.000,run_seed,5
62.000,anomalies_detected,0
62.000,anomalies_unique,0
62.000,investigation_timeouts,0
62.000,mission_duration_s,17.676000000000002
62.000,distance_traveled_m,4.48931479773782
62.000,route_deviations,0
62.000,investigation_time_s,0.0
62.000,hazard_avoidances,0
62.000,min_hazard_distance_m,8.918171483397805
62.000,collisions,0
62.000,time_below_clearance_s,0.0
62.000,safety_zone_violations,0
62.000,min_ttc_s,20.525629618712188
62.000,avoid_success,0
62.000,avoid_timeout,0
62.000,q_convergence,0.8251721291677026
62.000,update_residual,0.08251721291677028
62.000,investigation_deferred,0
62.000,nav_aborted,0
62.000,nav_canceled,0
62.000,nav_rejected,0
62.000,run_seed,5
63.000,anomalies_detected,0
63.000,anomalies_unique,0
63.000,investigation_timeouts,0
63.000,mission_duration_s,18.676000000000002
63.000,distance_traveled_m,4.742034768404238
63.000,route_deviations,0
63.000,investigation_time_s,0.0
63.000,hazard_avoidances,0
63.000,min_hazard_distance_m,8.710184111306555
63.000,collisions,0
63.000,time_below_clearance_s,0.0
63.000,safety_zone_violations,0
63.000,min_ttc_s,20.469789684621585
63.000,avoid_success,0
63.000,avoid_timeout,0
63.000,q_convergence,0.717118310693652
63.000,update_residual,0.0717118310693652
63.000,investigation_deferred,0
63.000,nav_aborted,0
63.000,nav_canceled,0
63.000,nav_rejected,0
63.000,run_seed,5
64.000,anomalies_detected,0
64.000,anomalies_unique,0
64.000,investigation_timeouts,0
64.000,mission_duration_s,19.676000000000002
64.000,distance_traveled_m,5.004114761921018
64.000,route_deviations,0
64.000,investigation_time_s,0.0
64.000,hazard_avoidances,0
64.000,min_hazard_distance_m,8.49609322189994
64.000,collisions,0
64.000,time_below_clearance_s,0.0
64.000,safety_zone_violations,0
64.000,min_ttc_s,20.469789684621585
64.000,avoid_success,0
64.000,avoid_timeout,0
64.000,q_convergence,0.6247417557623186
64.000,update_residual,0.06247417557623187
64.000,investigation_deferred,0
64.000,nav_aborted,0
64.000,nav_canceled,0
64.000,nav_rejected,0
64.000,run_seed,5
65.000,anomalies_detected,0
65.000,anomalies_unique,0
65.000,investigation_timeouts,0
65.000,mission_duration_s,20.676000000000002
65.000,distance_traveled_m,5.266194733047361
65.000,route_deviations,0
65.000,investigation_time_s,0.0
65.000,hazard_avoidances,0
65.000,min_hazard_distance_m,8.287661808199438
65.000,collisions,0
65.000,time_below_clearance_s,0.0
65.000,safety_zone_violations,0
65.000,min_ttc_s,20.043145856480656
65.000,avoid_success,0
65.000,avoid_timeout,0
65.000,q_convergence,1.1670282824327363
65.000,update_residual,0.11670282824327363
65.000,investigation_deferred,0
65.000,nav_aborted,0
65.000,nav_canceled,0
65.000,nav_rejected,0
65.000,run_seed,5
66.000,anomalies_detected,0
66.000,anomalies_unique,0
66.000,investigation_timeouts,0
66.000,mission_duration_s,21.676000000000002
66.000,distance_traveled_m,5.528274710137379
66.000,route_deviations,0
66.000,investigation_time_s,0.0
66.000,hazard_avoidances,0
66.000,min_hazard_distance_m,8.078916166574341
66.000,collisions,0
66.000,time_below_clearance_s,0.0
66.000,safety_zone_violations,0
66.000,min_ttc_s,19.75656875662595
66.000,avoid_success,0
66.000,avoid_timeout,0
66.000,q_convergence,0.8169410371792546
66.000,update_residual,0.08169410371792549
66.000,investigation_deferred,0
66.000,nav_aborted,0
66.000,nav_canceled,0
66.000,nav_rejected,0
66.000,run_seed,5
67.000,anomalies_detected,0
67.000,anomalies_unique,0
67.000,investigation_timeouts,0
67.000,mission_duration_s,22.676000000000002
67.000,distance_traveled_m,5.790354698397275
67.000,route_deviations,0
67.000,investigation_time_s,0.0
67.000,hazard_avoidances,0
67.000,min_hazard_distance_m,7.870372002170961
67.000,collisions,0
67.000,time_below_clearance_s,0.0
67.000,safety_zone_violations,0
67.000,min_ttc_s,19.1823676977624
67.000,avoid_success,0
67.000,avoid_timeout,0
67.000,q_convergence,0.7099650555444826
67.000,update_residual,0.0709965055544483
67.000,investigation_deferred,0
67.000,nav_aborted,0
67.000,nav_canceled,0
67.000,nav_rejected,0
67.000,run_seed,5
68.000,anomalies_detected,0
68.000,anomalies_unique,0
68.000,investigation_timeouts,0
68.000,mission_duration_s,23.676000000000002
68.000,distance_traveled_m,6.043074670062761
68.000,route_deviations,0
68.000,investigation_time_s,0.0
68.000,hazard_avoidances,0
68.000,min_hazard_distance_m,7.683891877856245
68.000,collisions,0
68.000,time_below_clearance_s,0.0
68.000,safety_zone_violations,0
68.000,min_ttc_s,19.1823676977624
68.000,avoid_success,0
68.000,avoid_timeout,0
68.000,q_convergence,0.9135604715184327
68.000,update_residual,0.09135604715184328
68.000,investigation_deferred,0
68.000,nav_aborted,0
68.000,nav_canceled,0
68.000,nav_rejected,0
68.000,run_seed,5
69.000,anomalies_detected,0
69.000,anomalies_unique,0
69.000,investigation_timeouts,0
69.000,mission_duration_s,24.676000000000002
69.000,distance_traveled_m,6.305154658008995
69.000,route_deviations,0
69.000,investigation_time_s,0.0
69.000,hazard_avoidances,0
69.000,min_hazard_distance_m,7.4784201037375535
69.000,collisions,0
69.000,time_below_clearance_s,0.0
69.000,safety_zone_violations,0
69.000,min_ttc_s,19.1823676977624
69.000,avoid_success,0
69.000,avoid_timeout,0
69.000,q_convergence,0.9241589054070497
69.000,update_residual,0.092415890540705
69.000,investigation_deferred,0
69.000,nav_aborted,0
69.000,nav_canceled,0
69.000,nav_rejected,0
69.000,run_seed,5
70.000,anomalies_detected,0
70.000,anomalies_unique,0
70.000,investigation_timeouts,0
70.000,mission_duration_s,25.676000000000002
70.000,distance_traveled_m,6.567234622175968
70.000,route_deviations,0
70.000,investigation_time_s,0.0
70.000,hazard_avoidances,0
70.000,min_hazard_distance_m,7.289137443523412
70.000,collisions,0
70.000,time_below_clearance_s,0.0
70.000,safety_zone_violations,0
70.000,min_ttc_s,19.1823676977624
70.000,avoid_success,0
70.000,avoid_timeout,0
70.000,q_convergence,0.8418839459098078
70.000,update_residual,0.08418839459098079
70.000,investigation_deferred,0
70.000,nav_aborted,0
70.000,nav_canceled,0
70.000,nav_rejected,0
70.000,run_seed,5
71.000,anomalies_detected,0
71.000,anomalies_unique,0
71.000,investigation_timeouts,0
71.000,mission_duration_s,26.676000000000002
71.000,distance_traveled_m,6.829314591862449
71.000,route_deviations,0
71.000,investigation_time_s,0.0
71.000,hazard_avoidances,0
71.000,min_hazard_distance_m,7.100731852953356
71.000,collisions,0
71.000,time_below_clearance_s,0.0
71.000,safety_zone_violations,0
71.000,min_ttc_s,19.058538978429016
71.000,avoid_success,0
71.000,avoid_timeout,0
71.000,q_convergence,0.7316417650943821
71.000,update_residual,0.0731641765094382
71.000,investigation_deferred,0
71.000,nav_aborted,0
71.000,nav_canceled,0
71.000,nav_rejected,0
71.000,run_seed,5
72.000,anomalies_detected,0
72.000,anomalies_unique,0
72.000,investigation_timeouts,0
72.000,mission_duration_s,27.676000000000002
72.000,distance_traveled_m,7.082034561058755
72.000,route_deviations,0
72.000,investigation_time_s,0.0
72.000,hazard_avoidances,0
72.000,min_hazard_distance_m,6.926637111849651
72.000,collisions,0
72.000,time_below_clearance_s,0.0
72.000,safety_zone_violations,0
72.000,min_ttc_s,19.058538978429016
72.000,avoid_success,0
72.000,avoid_timeout,0
72.000,q_convergence,0.9589863398717559
72.000,update_residual,0.0958986339871756
72.000,investigation_deferred,0
72.000,nav_aborted,0
72.000,nav_canceled,0
72.000,nav_rejected,0
72.000,run_seed,5
73.000,anomalies_detected,0
73.000,anomalies_unique,0
73.000,investigation_timeouts,0
73.000,mission_duration_s,28.676000000000002
73.000,distance_traveled_m,7.344114541042188
73.000,route_deviations,0
73.000,investigation_time_s,0.0
73.000,hazard_avoidances,0
73.000,min_hazard_distance_m,6.75045294960251
73.000,collisions,0
73.000,time_below_clearance_s,0.0
73.000,safety_zone_violations,0
73.000,min_ttc_s,19.058538978429016
73.000,avoid_success,0
73.000,avoid_timeout,0
73.000,q_convergence,0.9007735792952407
73.000,update_residual,0.09007735792952404
73.000,investigation_deferred,0
73.000,nav_aborted,0
73.000,nav_canceled,0
73.000,nav_rejected,0
73.000,run_seed,5
74.000,anomalies_detected,0
74.000,anomalies_unique,0
74.000,investigation_timeouts,0
74.000,mission_duration_s,29.676000000000002
74.000,distance_traveled_m,7.606194530408777
74.000,route_deviations,0
74.000,investigation_time_s,0.0
74.000,hazard_avoidances,0
74.000,min_hazard_distance_m,6.580978336072882
74.000,collisions,0
74.000,time_below_clearance_s,0.0
74.000,safety_zone_violations,0
74.000,min_ttc_s,19.058538978429016
74.000,avoid_success,0
74.000,avoid_timeout,0
74.000,q_convergence,0.7848295714294122
74.000,update_residual,0.07848295714294122
74.000,investigation_deferred,0
74.000,nav_aborted,0
74.000,nav_canceled,0
74.000,nav_rejected,0
74.000,run_seed,5
75.000,anomalies_detected,0
75.000,anomalies_unique,0
75.000,investigation_timeouts,0
75.000,mission_duration_s,30.676000000000002
75.000,distance_traveled_m,7.868274501540063
75.000,route_deviations,0
75.000,investigation_time_s,0.0
75.000,hazard_avoidances,0
75.000,min_hazard_distance_m,6.415680655214717
75.000,collisions,0
75.000,time_below_clearance_s,0.0
75.000,safety_zone_violations,0
75.000,min_ttc_s,19.058538978429016
75.000,avoid_success,0
75.000,avoid_timeout,0
75.000,q_convergence,0.6820584900432335
75.000,update_residual,0.06820584900432335
75.000,investigation_deferred,0
75.000,nav_aborted,0
75.000,nav_canceled,0
75.000,nav_rejected,0
75.000,run_seed,5
76.000,anomalies_detected,0
76.000,anomalies_unique,0
76.000,investigation_timeouts,0
76.000,mission_duration_s,31.676000000000002
76.000,distance_traveled_m,8.130354482082602
76.000,route_deviations,0
76.000,investigation_time_s,0.0
76.000,hazard_avoidances,0
76.000,min_hazard_distance_m,6.251980292736592
76.000,collisions,0
76.000,time_below_clearance_s,0.0
76.000,safety_zone_violations,0
76.000,min_ttc_s,19.058538978429016
76.000,avoid_success,0
76.000,avoid_timeout,0
76.000,q_convergence,0.9928389423322513
76.000,update_residual,0.09928389423322516
76.000,investigation_deferred,0
76.000,nav_aborted,0
76.000,nav_canceled,0
76.000,nav_rejected,0
76.000,run_seed,5
77.000,anomalies_detected,0
77.000,anomalies_unique,0
77.000,investigation_timeouts,0
77.000,mission_duration_s,32.676
77.000,distance_traveled_m,8.383074460471638
77.000,route_deviations,0
77.000,investigation_time_s,0.0
77.000,hazard_avoidances,0
77.000,min_hazard_distance_m,6.095443900546183
77.000,collisions,0
77.000,time_below_clearance_s,0.0
77.000,safety_zone_violations,0
77.000,min_ttc_s,18.961520967202098
77.000,avoid_success,0
77.000,avoid_timeout,0
77.000,q_convergence,0.8851592669899604
77.000,update_residual,0.08851592669899602
77.000,investigation_deferred,0
77.000,nav_aborted,0
77.000,nav_canceled,0
77.000,nav_rejected,0
77.000,run_seed,5
78.000,anomalies_detected,0
78.000,anomalies_unique,0
78.000,investigation_timeouts,0
78.000,mission_duration_s,33.676
78.000,distance_traveled_m,8.645154456132419
78.000,route_deviations,0
78.000,investigation_time_s,0.0
78.000,hazard_avoidances,0
78.000,min_hazard_distance_m,5.9354094628514265
78.000,collisions,0
78.000,time_below_clearance_s,0.0
78.000,safety_zone_violations,0
78.000,min_ttc_s,18.88355486602541
78.000,avoid_success,0
78.000,avoid_timeout,0
78.000,q_convergence,0.7711362913794432
78.000,update_residual,0.07711362913794434
78.000,investigation_deferred,0
78.000,nav_aborted,0
78.000,nav_canceled,0
78.000,nav_rejected,0
78.000,run_seed,5
79.000,anomalies_detected,0
79.000,anomalies_unique,0
79.000,investigation_timeouts,0
79.000,mission_duration_s,34.676
79.000,distance_traveled_m,8.907234452709371
79.000,route_deviations,0
79.000,investigation_time_s,0.0
79.000,hazard_avoidances,0
79.000,min_hazard_distance_m,5.781021651257461
79.000,collisions,0
79.000,time_below_clearance_s,0.0
79.000,safety_zone_violations,0
79.000,min_ttc_s,18.88355486602541
79.000,avoid_success,0
79.000,avoid_timeout,0
79.000,q_convergence,0.6718786818220268
79.000,update_residual,0.06718786818220268
79.000,investigation_deferred,0
79.000,nav_aborted,0
79.000,nav_canceled,0
79.000,nav_rejected,0
79.000,run_seed,5
80.000,anomalies_detected,0
80.000,anomalies_unique,0
80.000,investigation_timeouts,0
80.000,mission_duration_s,35.676
80.000,distance_traveled_m,9.169314451037426
80.000,route_deviations,0
80.000,investigation_time_s,0.0
80.000,hazard_avoidances,0
80.000,min_hazard_distance_m,5.633258474549081
80.000,collisions,0
80.000,time_below_clearance_s,0.0
80.000,safety_zone_violations,0
80.000,min_ttc_s,18.88355486602541
80.000,avoid_success,0
80.000,avoid_timeout,0
80.000,q_convergence,1.036368731562349
80.000,update_residual,0.10363687315623493
80.000,investigation_deferred,0
80.000,nav_aborted,0
80.000,nav_canceled,0
80.000,nav_rejected,0
80.000,run_seed,5
81.000,anomalies_detected,0
81.000,anomalies_unique,0
81.000,investigation_timeouts,0
81.000,mission_duration_s,36.676
81.000,distance_traveled_m,9.422034449332124
81.000,route_deviations,0
81.000,investigation_time_s,0.0
81.000,hazard_avoidances,0
81.000,min_hazard_distance_m,5.499169452365446
81.000,collisions,0
81.000,time_below_clearance_s,0.0
81.000,safety_zone_violations,0
81.000,min_ttc_s,18.88355486602541
81.000,avoid_success,0
81.000,avoid_timeout,0
81.000,q_convergence,0.8675884135138003
81.000,update_residual,0.08675884135138008
81.000,investigation_deferred,0
81.000,nav_aborted,0
81.000,nav_canceled,0
81.000,nav_rejected,0
81.000,run_seed,5
82.000,anomalies_detected,0
82.000,anomalies_unique,0
82.000,investigation_timeouts,0
82.000,mission_duration_s,37.676
82.000,distance_traveled_m,9.684114446918041
82.000,route_deviations,0
82.000,investigation_time_s,0.0
82.000,hazard_avoidances,0
82.000,min_hazard_distance_m,5.368708095796854
82.000,collisions,0
82.000,time_below_clearance_s,0.0
82.000,safety_zone_violations,0
82.000,min_ttc_s,18.88355486602541
82.000,avoid_success,0
82.000,avoid_timeout,0
82.000,q_convergence,0.7558288509093758
82.000,update_residual,0.07558288509093758
82.000,investigation_deferred,0
82.000,nav_aborted,0
82.000,nav_canceled,0
82.000,nav_rejected,0
82.000,run_seed,5
83.000,anomalies_detected,0
83.000,anomalies_unique,0
83.000,investigation_timeouts,0
83.000,mission_duration_s,38.676
83.000,distance_traveled_m,9.946194445307237
83.000,route_deviations,0
83.000,investigation_time_s,0.0
83.000,hazard_avoidances,0
83.000,min_hazard_distance_m,5.247927222606486
83.000,collisions,0
83.000,time_below_clearance_s,0.0
83.000,safety_zone_violations,0
83.000,min_ttc_s,18.88355486602541
83.000,avoid_success,0
83.000,avoid_timeout,0
83.000,q_convergence,0.658541554468443
83.000,update_residual,0.06585415544684428
83.000,investigation_deferred,0
83.000,nav_aborted,0
83.000,nav_canceled,0
83.000,nav_rejected,0
83.000,run_seed,5
84.000,anomalies_detected,0
84.000,anomalies_unique,0
84.000,investigation_timeouts,0
84.000,mission_duration_s,39.676
84.000,distance_traveled_m,10.208274443027603
84.000,route_deviations,0
84.000,investigation_time_s,0.0
84.000,hazard_avoidances,0
84.000,min_hazard_distance_m,5.138169024243815
84.000,collisions,0
84.000,time_below_clearance_s,0.0
84.000,safety_zone_violations,0
84.000,min_ttc_s,18.88355486602541
84.000,avoid_success,0
84.000,avoid_timeout,0
84.000,q_convergence,1.0886346357227572
84.000,update_residual,0.10886346357227572
84.000,investigation_deferred,0
84.000,nav_aborted,0
84.000,nav_canceled,0
84.000,nav_rejected,0
84.000,run_seed,5
85.000,anomalies_detected,0
85.000,anomalies_unique,0
85.000,investigation_timeouts,0
85.000,mission_duration_s,40.676
85.000,distance_traveled_m,10.470354440417134
85.000,route_deviations,0
85.000,investigation_time_s,0.0
85.000,hazard_avoidances,0
85.000,min_hazard_distance_m,5.039368286500624
85.000,collisions,0
85.000,time_below_clearance_s,0.0
85.000,safety_zone_violations,0
85.000,min_ttc_s,18.88355486602541
85.000,avoid_success,0
85.000,avoid_timeout,0
85.000,q_convergence,0.8461145185023194
85.000,update_residual,0.08461145185023193
85.000,investigation_deferred,0
85.000,nav_aborted,0
85.000,nav_canceled,0
85.000,nav_rejected,0
85.000,run_seed,5
86.000,anomalies_detected,0
86.000,anomalies_unique,0
86.000,investigation_timeouts,0
86.000,mission_duration_s,41.676
86.000,distance_traveled_m,10.723074438998152
86.000,route_deviations,0
86.000,investigation_time_s,0.0
86.000,hazard_avoidances,0
86.000,min_hazard_distance_m,4.955111757220035
86.000,collisions,0
86.000,time_below_clearance_s,0.0
86.000,safety_zone_violations,0
86.000,min_ttc_s,18.88355486602541
86.000,avoid_success,0
86.000,avoid_timeout,0
86.000,q_convergence,0.7353183568787758
86.000,update_residual,0.07353183568787759
86.000,investigation_deferred,0
86.000,nav_aborted,0
86.000,nav_canceled,0
86.000,nav_rejected,0
86.000,run_seed,5
87.000,anomalies_detected,0
87.000,anomalies_unique,0
87.000,investigation_timeouts,0
87.000,mission_duration_s,42.676
87.000,distance_traveled_m,10.985154437334995
87.000,route_deviations,1
87.000,investigation_time_s,0.0
87.000,hazard_avoidances,1
87.000,min_hazard_distance_m,4.880466064814447
87.000,collisions,0
87.000,time_below_clearance_s,0.0
87.000,safety_zone_violations,0
87.000,min_ttc_s,18.88355486602541
87.000,avoid_success,0
87.000,avoid_timeout,0
87.000,q_convergence,1.4439999547798703
87.000,update_residual,0.13316050503261803
87.000,investigation_deferred,0
87.000,nav_aborted,0
87.000,nav_canceled,0
87.000,nav_rejected,0
87.000,run_seed,5
88.000,anomalies_detected,0
88.000,anomalies_unique,0
88.000,investigation_timeouts,0
88.000,mission_duration_s,43.676
88.000,distance_traveled_m,11.165334653740603
88.000,route_deviations,1
88.000,investigation_time_s,0.0
88.000,hazard_avoidances,1
88.000,min_hazard_distance_m,4.8504082880455766
88.000,collisions,0
88.000,time_below_clearance_s,0.0
88.000,safety_zone_violations,0
88.000,min_ttc_s,18.88355486602541
88.000,avoid_success,0
88.000,avoid_timeout,0
88.000,q_convergence,2.5347165038687445
88.000,update_residual,0.08836880444332677
88.000,investigation_deferred,0
88.000,nav_aborted,0
88.000,nav_canceled,0
88.000,nav_rejected,0
88.000,run_seed,5
89.000,anomalies_detected,0
89.000,anomalies_unique,0
89.000,investigation_timeouts,0
89.000,mission_duration_s,44.676
89.000,distance_traveled_m,11.227055782820036
89.000,route_deviations,1
89.000,investigation_time_s,0.0
89.000,hazard_avoidances,1
89.000,min_hazard_distance_m,4.8504082880455766
89.000,collisions,0
89.000,time_below_clearance_s,0.0
89.000,safety_zone_violations,0
89.000,min_ttc_s,18.88355486602541
89.000,avoid_success,0
89.000,avoid_timeout,0
89.000,q_convergence,3.385000092798514
89.000,update_residual,0.008062148074296565
89.000,investigation_deferred,0
89.000,nav_aborted,0
89.000,nav_canceled,0
89.000,nav_rejected,0
89.000,run_seed,5
90.000,anomalies_detected,0
90.000,anomalies_unique,0
90.000,investigation_timeouts,0
90.000,mission_duration_s,45.676
90.000,distance_traveled_m,11.415680888791158
90.000,route_deviations,1
90.000,investigation_time_s,0.0
90.000,hazard_avoidances,1
90.000,min_hazard_distance_m,4.8504082880455766
90.000,collisions,0
90.000,time_below_clearance_s,0.0
90.000,safety_zone_violations,0
90.000,min_ttc_s,18.88355486602541
90.000,avoid_success,0
90.000,avoid_timeout,0
90.000,q_convergence,3.4655238684859273
90.000,update_residual,0.00031373615759981114
90.000,investigation_deferred,0
90.000,nav_aborted,0
90.000,nav_canceled,0
90.000,nav_rejected,0
90.000,run_seed,5
91.000,anomalies_detected,0
91.000,anomalies_unique,0
91.000,investigation_timeouts,0
91.000,mission_duration_s,46.676
91.000,distance_traveled_m,11.677760477663728
91.000,route_deviations,1
91.000,investigation_time_s,0.0
91.000,hazard_avoidances,1
91.000,min_hazard_distance_m,4.8504082880455766
91.000,collisions,0
91.000,time_below_clearance_s,0.0
91.000,safety_zone_violations,0
91.000,min_ttc_s,18.88355486602541
91.000,avoid_success,0
91.000,avoid_timeout,0
91.000,q_convergence,3.468492000582474
91.000,update_residual,1.6922947945116925e-05
91.000,investigation_deferred,0
91.000,nav_aborted,0
91.000,nav_canceled,0
91.000,nav_rejected,0
91.000,run_seed,5
92.000,anomalies_detected,0
92.000,anomalies_unique,0
92.000,investigation_timeouts,0
92.000,mission_duration_s,47.676
92.000,distance_traveled_m,11.939840471119302
92.000,route_deviations,1
92.000,investigation_time_s,0.0
92.000,hazard_avoidances,1
92.000,min_hazard_distance_m,4.8504082880455766
92.000,collisions,0
92.000,time_below_clearance_s,0.0
92.000,safety_zone_violations,0
92.000,min_ttc_s,18.88355486602541
92.000,avoid_success,0
92.000,avoid_timeout,0
92.000,q_convergence,3.1244487298546906
92.000,update_residual,0.017608668430205383
92.000,investigation_deferred,0
92.000,nav_aborted,0
92.000,nav_canceled,0
92.000,nav_rejected,0
92.000,run_seed,5
93.000,anomalies_detected,0
93.000,anomalies_unique,0
93.000,investigation_timeouts,0
93.000,mission_duration_s,48.676
93.000,distance_traveled_m,12.201920460286956
93.000,route_deviations,1
93.000,investigation_time_s,0.0
93.000,hazard_avoidances,1
93.000,min_hazard_distance_m,4.8504082880455766
93.000,collisions,0
93.000,time_below_clearance_s,0.0
93.000,safety_zone_violations,0
93.000,min_ttc_s,18.88355486602541
93.000,avoid_success,0
93.000,avoid_timeout,0
93.000,q_convergence,2.9575775004963476
93.000,update_residual,0.000921545494371155
93.000,investigation_deferred,0
93.000,nav_aborted,0
93.000,nav_canceled,0
93.000,nav_rejected,0
93.000,run_seed,5
94.000,anomalies_detected,0
94.000,anomalies_unique,0
94.000,investigation_timeouts,0
94.000,mission_duration_s,49.676
94.000,distance_traveled_m,12.463849025677627
94.000,route_deviations,1
94.000,investigation_time_s,0.0
94.000,hazard_avoidances,1
94.000,min_hazard_distance_m,4.8504082880455766
94.000,collisions,0
94.000,time_below_clearance_s,0.0
94.000,safety_zone_violations,0
94.000,min_ttc_s,18.88355486602541
94.000,avoid_success,0
94.000,avoid_timeout,0
94.000,q_convergence,2.301152165718331
94.000,update_residual,0.05332409780388311
94.000,investigation_deferred,0
94.000,nav_aborted,0
94.000,nav_canceled,0
94.000,nav_rejected,0
94.000,run_seed,5
95.000,anomalies_detected,0
95.000,anomalies_unique,0
95.000,investigation_timeouts,0
95.000,mission_duration_s,50.676
95.000,distance_traveled_m,12.685749727411487
95.000,route_deviations,1
95.000,investigation_time_s,0.0
95.000,hazard_avoidances,1
95.000,min_hazard_distance_m,4.8504082880455766
95.000,collisions,0
95.000,time_below_clearance_s,0.0
95.000,safety_zone_violations,0
95.000,min_ttc_s,18.88355486602541
95.000,avoid_success,0
95.000,avoid_timeout,0
95.000,q_convergence,2.346144362388845
95.000,update_residual,0.015996337633089615
95.000,investigation_deferred,0
95.000,nav_aborted,0
95.000,nav_canceled,0
95.000,nav_rejected,0
95.000,run_seed,5
96.000,anomalies_detected,0
96.000,anomalies_unique,0
96.000,investigation_timeouts,0
96.000,mission_duration_s,51.676
96.000,distance_traveled_m,12.685749727435663
96.000,route_deviations,1
96.000,investigation_time_s,0.0
96.000,hazard_avoidances,1
96.000,min_hazard_distance_m,4.8504082880455766
96.000,collisions,0
96.000,time_below_clearance_s,0.0
96.000,safety_zone_violations,0
96.000,min_ttc_s,18.88355486602541
96.000,avoid_success,1
96.000,avoid_timeout,0
96.000,q_convergence,1.7516542187152429
96.000,update_residual,0.04045507701055048
96.000,investigation_deferred,0
96.000,nav_aborted,0
96.000,nav_canceled,0
96.000,nav_rejected,0
96.000,run_seed,5
97.000,anomalies_detected,0
97.000,anomalies_unique,0
97.000,investigation_timeouts,0
97.000,mission_duration_s,52.676
97.000,distance_traveled_m,12.831565231293306
97.000,route_deviations,1
97.000,investigation_time_s,0.0
97.000,hazard_avoidances,1
97.000,min_hazard_distance_m,4.8504082880455766
97.000,collisions,0
97.000,time_below_clearance_s,0.0
97.000,safety_zone_violations,0
97.000,min_ttc_s,18.88355486602541
97.000,avoid_success,1
97.000,avoid_timeout,0
97.000,q_convergence,2.105476941236159
97.000,update_residual,0.0024714636675621524
97.000,investigation_deferred,0
97.000,nav_aborted,0
97.000,nav_canceled,0
97.000,nav_rejected,0
97.000,run_seed,5
98.000,anomalies_detected,0
98.000,anomalies_unique,0
98.000,investigation_timeouts,0
98.000,mission_duration_s,53.676
98.000,distance_traveled_m,12.8854347044132
98.000,route_deviations,1
98.000,investigation_time_s,0.0
98.000,hazard_avoidances,1
98.000,min_hazard_distance_m,4.8504082880455766
98.000,collisions,0
98.000,time_below_clearance_s,0.0
98.000,safety_zone_violations,0
98.000,min_ttc_s,18.88355486602541
98.000,avoid_success,1
98.000,avoid_timeout,0
98.000,q_convergence,1.9175145050944244
98.000,update_residual,0.010685166386941216
98.000,investigation_deferred,0
98.000,nav_aborted,0
98.000,nav_canceled,0
98.000,nav_rejected,0
98.000,run_seed,5
99.000,anomalies_detected,0
99.000,anomalies_unique,0
99.000,investigation_timeouts,0
99.000,mission_duration_s,54.676
99.000,distance_traveled_m,13.095050948469444
99.000,route_deviations,1
99.000,investigation_time_s,0.0
99.000,hazard_avoidances,1
99.000,min_hazard_distance_m,4.8504082880455766
99.000,collisions,0
99.000,time_below_clearance_s,0.0
99.000,safety_zone_violations,0
99.000,min_ttc_s,18.88355486602541
99.000,avoid_success,1
99.000,avoid_timeout,0
99.000,q_convergence,1.8162548977621218
99.000,update_residual,0.0005592056537109188
99.000,investigation_deferred,0
99.000,nav_aborted,0
99.000,nav_canceled,0
99.000,nav_rejected,0
99.000,run_seed,5
100.000,anomalies_detected,0
100.000,anomalies_unique,0
100.000,investigation_timeouts,0
100.000,mission_duration_s,55.676
100.000,distance_traveled_m,13.357130656711025
100.000,route_deviations,1
100.000,investigation_time_s,0.0
100.000,hazard_avoidances,1
100.000,min_hazard_distance_m,4.8504082880455766
100.000,collisions,0
100.000,time_below_clearance_s,0.0
100.000,safety_zone_violations,0
100.000,min_ttc_s,18.88355486602541
100.000,avoid_success,1
100.000,avoid_timeout,0
100.000,q_convergence,1.6341080105428885
100.000,update_residual,0.009504459550162762
100.000,investigation_deferred,0
100.000,nav_aborted,0
100.000,nav_canceled,0
100.000,nav_rejected,0
100.000,run_seed,5
101.000,anomalies_detected,0
101.000,anomalies_unique,0
101.000,investigation_timeouts,0
101.000,mission_duration_s,56.676
101.000,distance_traveled_m,13.619210645413647
101.000,route_deviations,1
101.000,investigation_time_s,0.0
101.000,hazard_avoidances,1
101.000,min_hazard_distance_m,4.8504082880455766
101.000,collisions,0
101.000,time_below_clearance_s,0.0
101.000,safety_zone_violations,0
101.000,min_ttc_s,18.88355486602541
101.000,avoid_success,1
101.000,avoid_timeout,0
101.000,q_convergence,1.2720392534466745
101.000,update_residual,0.015093831523262732
101.000,investigation_deferred,0
101.000,nav_aborted,0
101.000,nav_canceled,0
101.000,nav_rejected,0
101.000,run_seed,5
102.000,anomalies_detected,0
102.000,anomalies_unique,0
102.000,investigation_timeouts,0
102.000,mission_duration_s,57.676
102.000,distance_traveled_m,13.881290645320314
102.000,route_deviations,1
102.000,investigation_time_s,0.0
102.000,hazard_avoidances,1
102.000,min_hazard_distance_m,4.8504082880455766
102.000,collisions,0
102.000,time_below_clearance_s,0.0
102.000,safety_zone_violations,0
102.000,min_ttc_s,18.88355486602541
102.000,avoid_success,1
102.000,avoid_timeout,0
102.000,q_convergence,1.292547203072896
102.000,update_residual,0.0015656699712175623
102.000,investigation_deferred,0
102.000,nav_aborted,0
102.000,nav_canceled,0
102.000,nav_rejected,0
102.000,run_seed,5
103.000,anomalies_detected,0
103.000,anomalies_unique,0
103.000,investigation_timeouts,0
103.000,mission_duration_s,58.676
103.000,distance_traveled_m,14.143370645235173
103.000,route_deviations,1
103.000,investigation_time_s,0.0
103.000,hazard_avoidances,1
103.000,min_hazard_distance_m,4.8504082880455766
103.000,collisions,0
103.000,time_below_clearance_s,0.0
103.000,safety_zone_violations,0
103.000,min_ttc_s,18.88355486602541
103.000,avoid_success,1
103.000,avoid_timeout,0
103.000,q_convergence,1.0812300533714454
103.000,update_residual,0.004458680629773762
103.000,investigation_deferred,0
103.000,nav_aborted,0
103.000,nav_canceled,0
103.000,nav_rejected,0
103.000,run_seed,5
104.000,anomalies_detected,0
104.000,anomalies_unique,0
104.000,investigation_timeouts,0
104.000,mission_duration_s,59.676
104.000,distance_traveled_m,14.396090645182255
104.000,route_deviations,1
104.000,investigation_time_s,0.0
104.000,hazard_avoidances,1
104.000,min_hazard_distance_m,4.8504082880455766
104.000,collisions,0
104.000,time_below_clearance_s,0.0
104.000,safety_zone_violations,0
104.000,min_ttc_s,18.88355486602541
104.000,avoid_success,1
104.000,avoid_timeout,0
104.000,q_convergence,1.0163124677336008
104.000,update_residual,0.0071135147971386715
104.000,investigation_deferred,0
104.000,nav_aborted,0
104.000,nav_canceled,0
104.000,nav_rejected,0
104.000,run_seed,5
105.000,anomalies_detected,0
105.000,anomalies_unique,0
105.000,investigation_timeouts,0
105.000,mission_duration_s,60.676
105.000,distance_traveled_m,14.65817064504087
105.000,route_deviations,1
105.000,investigation_time_s,0.0
105.000,hazard_avoidances,1
105.000,min_hazard_distance_m,4.8504082880455766
105.000,collisions,0
105.000,time_below_clearance_s,0.0
105.000,safety_zone_violations,0
105.000,min_ttc_s,18.88355486602541
105.000,avoid_success,1
105.000,avoid_timeout,0
105.000,q_convergence,0.9846641094060226
105.000,update_residual,0.01812633876081408
105.000,investigation_deferred,0
105.000,nav_aborted,0
105.000,nav_canceled,0
105.000,nav_rejected,0
105.000,run_seed,5
106.000,anomalies_detected,0
106.000,anomalies_unique,0
106.000,investigation_timeouts,0
106.000,mission_duration_s,61.676
106.000,distance_traveled_m,14.920250644917715
106.000,route_deviations,1
106.000,investigation_time_s,0.0
106.000,hazard_avoidances,1
106.000,min_hazard_distance_m,4.8504082880455766
106.000,collisions,0
106.000,time_below_clearance_s,0.0
106.000,safety_zone_violations,0
106.000,min_ttc_s,18.88355486602541
106.000,avoid_success,1
106.000,avoid_timeout,0
106.000,q_convergence,0.968086929013222
106.000,update_residual,0.01646862072153402
106.000,investigation_deferred,0
106.000,nav_aborted,0
106.000,nav_canceled,0
106.000,nav_rejected,0
106.000,run_seed,5
107.000,anomalies_detected,0
107.000,anomalies_unique,0
107.000,investigation_timeouts,0
107.000,mission_duration_s,62.676
107.000,distance_traveled_m,15.182330644851726
107.000,route_deviations,1
107.000,investigation_time_s,0.0
107.000,hazard_avoidances,1
107.000,min_hazard_distance_m,4.8504082880455766
107.000,collisions,0
107.000,time_below_clearance_s,0.0
107.000,safety_zone_violations,0
107.000,min_ttc_s,18.88355486602541
107.000,avoid_success,1
107.000,avoid_timeout,0
107.000,q_convergence,0.9387290672653305
107.000,update_residual,0.025583845373713072
107.000,investigation_deferred,0
107.000,nav_aborted,0
107.000,nav_canceled,0
107.000,nav_rejected,0
107.000,run_seed,5
108.000,anomalies_detected,0
108.000,anomalies_unique,0
108.000,investigation_timeouts,0
108.000,mission_duration_s,63.676
108.000,distance_traveled_m,15.435050644805884
108.000,route_deviations,1
108.000,investigation_time_s,0.0
108.000,hazard_avoidances,1
108.000,min_hazard_distance_m,4.8504082880455766
108.000,collisions,0
108.000,time_below_clearance_s,0.0
108.000,safety_zone_violations,0
108.000,min_ttc_s,18.88355486602541
108.000,avoid_success,1
108.000,avoid_timeout,0
108.000,q_convergence,0.9052277881241206
108.000,update_residual,0.022233717459592083
108.000,investigation_deferred,0
108.000,nav_aborted,0
108.000,nav_canceled,0
108.000,nav_rejected,0
108.000,run_seed,5
109.000,anomalies_detected,0
109.000,anomalies_unique,0
109.000,investigation_timeouts,0
109.000,mission_duration_s,64.676
109.000,distance_traveled_m,15.697130644756726
109.000,route_deviations,1
109.000,investigation_time_s,0.0
109.000,hazard_avoidances,1
109.000,min_hazard_distance_m,4.8504082880455766
109.000,collisions,0
109.000,time_below_clearance_s,0.0
109.000,safety_zone_violations,0
109.000,min_ttc_s,18.88355486602541
109.000,avoid_success,1
109.000,avoid_timeout,0
109.000,q_convergence,0.9835299803014623
109.000,update_residual,0.04460697752098239
109.000,investigation_deferred,0
109.000,nav_aborted,0
109.000,nav_canceled,0
109.000,nav_rejected,0
109.000,run_seed,5
110.000,anomalies_detected,0
110.000,anomalies_unique,0
110.000,investigation_timeouts,0
110.000,mission_duration_s,65.676
110.000,distance_traveled_m,15.959210644695466
110.000,route_deviations,1
110.000,investigation_time_s,0.0
110.000,hazard_avoidances,1
110.000,min_hazard_distance_m,4.8504082880455766
110.000,collisions,0
110.000,time_below_clearance_s,0.0
110.000,safety_zone_violations,0
110.000,min_ttc_s,18.88355486602541
110.000,avoid_success,1
110.000,avoid_timeout,0
110.000,q_convergence,0.9249212184817893
110.000,update_residual,0.03444641969828195
110.000,investigation_deferred,0
110.000,nav_aborted,0
110.000,nav_canceled,0
110.000,nav_rejected,0
110.000,run_seed,5
111.000,anomalies_detected,0
111.000,anomalies_unique,0
111.000,investigation_timeouts,0
111.000,mission_duration_s,66.676
111.000,distance_traveled_m,16.221290644556284
111.000,route_deviations,1
111.000,investigation_time_s,0.0
111.000,hazard_avoidances,1
111.000,min_hazard_distance_m,4.8504082880455766
111.000,collisions,0
111.000,time_below_clearance_s,0.0
111.000,safety_zone_violations,0
111.000,min_ttc_s,18.88355486602541
111.000,avoid_success,1
111.000,avoid_timeout,0
111.000,q_convergence,0.8741844407130047
111.000,update_residual,0.03807959724388804
111.000,investigation_deferred,0
111.000,nav_aborted,0
111.000,nav_canceled,0
111.000,nav_rejected,0
111.000,run_seed,5
112.000,anomalies_detected,0
112.000,anomalies_unique,0
112.000,investigation_timeouts,0
112.000,mission_duration_s,67.676
112.000,distance_traveled_m,16.48337064449969
112.000,route_deviations,1
112.000,investigation_time_s,0.0
112.000,hazard_avoidances,1
112.000,min_hazard_distance_m,4.8504082880455766
112.000,collisions,0
112.000,time_below_clearance_s,0.0
112.000,safety_zone_violations,0
112.000,min_ttc_s,18.88355486602541
112.000,avoid_success,1
112.000,avoid_timeout,0
112.000,q_convergence,0.920737082456425
112.000,update_residual,0.05313126128543486
112.000,investigation_deferred,0
112.000,nav_aborted,0
112.000,nav_canceled,0
112.000,nav_rejected,0
112.000,run_seed,5
113.000,anomalies_detected,0
113.000,anomalies_unique,0
113.000,investigation_timeouts,0
113.000,mission_duration_s,68.676
113.000,distance_traveled_m,16.73609064441887
113.000,route_deviations,1
113.000,investigation_time_s,0.0
113.000,hazard_avoidances,1
113.000,min_hazard_distance_m,4.8504082880455766
113.000,collisions,0
113.000,time_below_clearance_s,0.0
113.000,safety_zone_violations,0
113.000,min_ttc_s,18.88355486602541
113.000,avoid_success,1
113.000,avoid_timeout,0
113.000,q_convergence,0.9543491995740315
113.000,update_residual,0.05349690015410258
113.000,investigation_deferred,0
113.000,nav_aborted,0
113.000,nav_canceled,0
113.000,nav_rejected,0
113.000,run_seed,5
114.000,anomalies_detected,0
114.000,anomalies_unique,0
114.000,investigation_timeouts,0
114.000,mission_duration_s,69.676
114.000,distance_traveled_m,16.998170644372426
114.000,route_deviations,1
114.000,investigation_time_s,0.0
114.000,hazard_avoidances,1
114.000,min_hazard_distance_m,4.8504082880455766
114.000,collisions,0
114.000,time_below_clearance_s,0.0
114.000,safety_zone_violations,0
114.000,min_ttc_s,18.88355486602541
114.000,avoid_success,1
114.000,avoid_timeout,0
114.000,q_convergence,0.8815128721893518
114.000,update_residual,0.05250397038612972
114.000,investigation_deferred,0
114.000,nav_aborted,0
114.000,nav_canceled,0
114.000,nav_rejected,0
114.000,run_seed,5
115.000,anomalies_detected,0
115.000,anomalies_unique,0
115.000,investigation_timeouts,0
115.000,mission_duration_s,70.676
115.000,distance_traveled_m,17.260250644314837
115.000,route_deviations,1
115.000,investigation_time_s,0.0
115.000,hazard_avoidances,1
115.000,min_hazard_distance_m,4.8504082880455766
115.000,collisions,0
115.000,time_below_clearance_s,0.0
115.000,safety_zone_violations,0
115.000,min_ttc_s,18.88355486602541
115.000,avoid_success,1
115.000,avoid_timeout,0
115.000,q_convergence,0.8104741800612639
115.000,update_residual,0.05074719869824175
115.000,investigation_deferred,0
115.000,nav_aborted,0
115.000,nav_canceled,0
115.000,nav_rejected,0
115.000,run_seed,5
116.000,anomalies_detected,0
116.000,anomalies_unique,0
116.000,investigation_timeouts,0
116.000,mission_duration_s,71.676
116.000,distance_traveled_m,17.52233064414807
116.000,route_deviations,1
116.000,investigation_time_s,0.0
116.000,hazard_avoidances,1
116.000,min_hazard_distance_m,4.8504082880455766
116.000,collisions,0
116.000,time_below_clearance_s,0.0
116.000,safety_zone_violations,0
116.000,min_ttc_s,18.88355486602541
116.000,avoid_success,1
116.000,avoid_timeout,0
116.000,q_convergence,0.9511466333347275
116.000,update_residual,0.07119913309403524
116.000,investigation_deferred,0
116.000,nav_aborted,0
116.000,nav_canceled,0
116.000,nav_rejected,0
116.000,run_seed,5
117.000,anomalies_detected,0
117.000,anomalies_unique,0
117.000,investigation_timeouts,0
117.000,mission_duration_s,72.676
117.000,distance_traveled_m,17.775050644062848
117.000,route_deviations,1
117.000,investigation_time_s,0.0
117.000,hazard_avoidances,1
117.000,min_hazard_distance_m,4.8504082880455766
117.000,collisions,0
117.000,time_below_clearance_s,0.0
117.000,safety_zone_violations,0
117.000,min_ttc_s,18.88355486602541
117.000,avoid_success,1
117.000,avoid_timeout,0
117.000,q_convergence,0.9221957301122018
117.000,update_residual,0.0703276645612735
117.000,investigation_deferred,0
117.000,nav_aborted,0
117.000,nav_canceled,0
117.000,nav_rejected,0
117.000,run_seed,5
118.000,anomalies_detected,0
118.000,anomalies_unique,0
118.000,investigation_timeouts,0
118.000,mission_duration_s,73.676
118.000,distance_traveled_m,18.037130644015274
118.000,route_deviations,1
118.000,investigation_time_s,0.0
118.000,hazard_avoidances,1
118.000,min_hazard_distance_m,4.8504082880455766
118.000,collisions,0
118.000,time_below_clearance_s,0.0
118.000,safety_zone_violations,0
118.000,min_ttc_s,18.88355486602541
118.000,avoid_success,1
118.000,avoid_timeout,0
118.000,q_convergence,0.8295540747782001
118.000,update_residual,0.06434728529536536
118.000,investigation_deferred,0
118.000,nav_aborted,0
118.000,nav_canceled,0
118.000,nav_rejected,0
118.000,run_seed,5
119.000,anomalies_detected,0
119.000,anomalies_unique,0
119.000,investigation_timeouts,0
119.000,mission_duration_s,74.676
119.000,distance_traveled_m,18.299210643963175
119.000,route_deviations,1
119.000,investigation_time_s,0.0
119.000,hazard_avoidances,1
119.000,min_hazard_distance_m,4.8504082880455766
119.000,collisions,0
119.000,time_below_clearance_s,0.0
119.000,safety_zone_violations,0
119.000,min_ttc_s,18.88355486602541
119.000,avoid_success,1
119.000,avoid_timeout,0
119.000,q_convergence,0.7467287974397185
119.000,update_residual,0.0560647575615172
119.000,investigation_deferred,0
119.000,nav_aborted,0
119.000,nav_canceled,0
119.000,nav_rejected,0
119.000,run_seed,5
120.000,anomalies_detected,0
120.000,anomalies_unique,0
120.000,investigation_timeouts,0
120.000,mission_duration_s,75.676
120.000,distance_traveled_m,18.561290643816555
120.000,route_deviations,1
120.000,investigation_time_s,0.0
120.000,hazard_avoidances,1
120.000,min_hazard_distance_m,4.8504082880455766
120.000,collisions,0
120.000,time_below_clearance_s,0.0
120.000,safety_zone_violations,0
120.000,min_ttc_s,18.88355486602541
120.000,avoid_success,1
120.000,avoid_timeout,0
120.000,q_convergence,0.9894586649421502
120.000,update_residual,0.08425874148592043
120.000,investigation_deferred,0
120.000,nav_aborted,0
120.000,nav_canceled,0
120.000,nav_rejected,0
120.000,run_seed,5
121.000,anomalies_detected,0
121.000,anomalies_unique,0
121.000,investigation_timeouts,0
121.000,mission_duration_s,76.676
121.000,distance_traveled_m,18.823370643682573
121.000,route_deviations,1
121.000,investigation_time_s,0.0
121.000,hazard_avoidances,1
121.000,min_hazard_distance_m,4.8504082880455766
121.000,collisions,0
121.000,time_below_clearance_s,0.0
121.000,safety_zone_violations,0
121.000,min_ttc_s,18.88355486602541
121.000,avoid_success,1
121.000,avoid_timeout,0
121.000,q_convergence,0.899597742932806
121.000,update_residual,0.07414287043819412
121.000,investigation_deferred,0
121.000,nav_aborted,0
121.000,nav_canceled,0
121.000,nav_rejected,0
121.000,run_seed,5
122.000,anomalies_detected,0
122.000,anomalies_unique,0
122.000,investigation_timeouts,0
122.000,mission_duration_s,77.676
122.000,distance_traveled_m,19.07609064358887
122.000,route_deviations,1
122.000,investigation_time_s,0.0
122.000,hazard_avoidances,1
122.000,min_hazard_distance_m,4.8504082880455766
122.000,collisions,0
122.000,time_below_clearance_s,0.0
122.000,safety_zone_violations,0
122.000,min_ttc_s,18.88355486602541
122.000,avoid_success,1
122.000,avoid_timeout,0
122.000,q_convergence,0.8009756926471612
122.000,update_residual,0.06665320098789261
122.000,investigation_deferred,0
122.000,nav_aborted,0
122.000,nav_canceled,0
122.000,nav_rejected,0
122.000,run_seed,5
123.000,anomalies_detected,0
123.000,anomalies_unique,0
123.000,investigation_timeouts,0
123.000,mission_duration_s,78.676
123.000,distance_traveled_m,19.33817064352172
123.000,route_deviations,1
123.000,investigation_time_s,0.0
123.000,hazard_avoidances,1
123.000,min_hazard_distance_m,4.8504082880455766
123.000,collisions,0
123.000,time_below_clearance_s,0.0
123.000,safety_zone_violations,0
123.000,min_ttc_s,18.88355486602541
123.000,avoid_success,1
123.000,avoid_timeout,0
123.000,q_convergence,0.7151154797563265
123.000,update_residual,0.05806717969880913
123.000,investigation_deferred,0
123.000,nav_aborted,0
123.000,nav_canceled,0
123.000,nav_rejected,0
123.000,run_seed,5
124.000,anomalies_detected,0
124.000,anomalies_unique,0
124.000,investigation_timeouts,0
124.000,mission_duration_s,79.676
124.000,distance_traveled_m,19.60025064344303
124.000,route_deviations,1
124.000,investigation_time_s,0.0
124.000,hazard_avoidances,1
124.000,min_hazard_distance_m,4.8504082880455766
124.000,collisions,0
124.000,time_below_clearance_s,0.0
124.000,safety_zone_violations,0
124.000,min_ttc_s,18.88355486602541
124.000,avoid_success,1
124.000,avoid_timeout,0
124.000,q_convergence,1.030449451733556
124.000,update_residual,0.0924334973548628
124.000,investigation_deferred,0
124.000,nav_aborted,0
124.000,nav_canceled,0
124.000,nav_rejected,0
124.000,run_seed,5
125.000,anomalies_detected,0
125.000,anomalies_unique,0
125.000,investigation_timeouts,0
125.000,mission_duration_s,80.676
125.000,distance_traveled_m,19.862330643217675
125.000,route_deviations,1
125.000,investigation_time_s,0.0
125.000,hazard_avoidances,1
125.000,min_hazard_distance_m,4.8504082880455766
125.000,collisions,0
125.000,time_below_clearance_s,0.0
125.000,safety_zone_violations,0
125.000,min_ttc_s,18.88355486602541
125.000,avoid_success,1
125.000,avoid_timeout,0
125.000,q_convergence,0.8777693683407557
125.000,update_residual,0.0780633807540706
125.000,investigation_deferred,0
125.000,nav_aborted,0
125.000,nav_canceled,0
125.000,nav_rejected,0
125.000,run_seed,5
126.000,anomalies_detected,0
126.000,anomalies_unique,0
126.000,investigation_timeouts,0
126.000,mission_duration_s,81.676
126.000,distance_traveled_m,20.11505064300859
126.000,route_deviations,1
126.000,investigation_time_s,0.0
126.000,hazard_avoidances,1
126.000,min_hazard_distance_m,4.8504082880455766
126.000,collisions,0
126.000,time_below_clearance_s,0.0
126.000,safety_zone_violations,0
126.000,min_ttc_s,18.88355486602541
126.000,avoid_success,1
126.000,avoid_timeout,0
126.000,q_convergence,0.7755477096672022
126.000,update_residual,0.06784121488671527
126.000,investigation_deferred,0
126.000,nav_aborted,0
126.000,nav_canceled,0
126.000,nav_rejected,0
126.000,run_seed,5
127.000,anomalies_detected,0
127.000,anomalies_unique,0
127.000,investigation_timeouts,0
127.000,mission_duration_s,82.676
127.000,distance_traveled_m,20.377130642824216
127.000,route_deviations,1
127.000,investigation_time_s,0.0
127.000,hazard_avoidances,1
127.000,min_hazard_distance_m,4.8504082880455766
127.000,collisions,0
127.000,time_below_clearance_s,0.0
127.000,safety_zone_violations,0
127.000,min_ttc_s,18.88355486602541
127.000,avoid_success,1
127.000,avoid_timeout,0
127.000,q_convergence,0.687248373273728
127.000,update_residual,0.06046831465936859
127.000,investigation_deferred,0
127.000,nav_aborted,0
127.000,nav_canceled,0
127.000,nav_rejected,0
127.000,run_seed,5
128.000,anomalies_detected,0
128.000,anomalies_unique,0
128.000,investigation_timeouts,0
128.000,mission_duration_s,83.676
128.000,distance_traveled_m,20.63921064247479
128.000,route_deviations,1
128.000,investigation_time_s,0.0
128.000,hazard_avoidances,1
128.000,min_hazard_distance_m,4.8504082880455766
128.000,collisions,0
128.000,time_below_clearance_s,0.0
128.000,safety_zone_violations,0
128.000,min_ttc_s,18.88355486602541
128.000,avoid_success,1
128.000,avoid_timeout,0
128.000,q_convergence,1.0744187645422387
128.000,update_residual,0.10092512106269194
128.000,investigation_deferred,0
128.000,nav_aborted,0
128.000,nav_canceled,0
128.000,nav_rejected,0
128.000,run_seed,5
129.000,anomalies_detected,0
129.000,anomalies_unique,0
129.000,investigation_timeouts,0
129.000,mission_duration_s,84.676
129.000,distance_traveled_m,20.901290641961324
129.000,route_deviations,1
129.000,investigation_time_s,0.0
129.000,hazard_avoidances,1
129.000,min_hazard_distance_m,4.8504082880455766
129.000,collisions,0
129.000,time_below_clearance_s,0.0
129.000,safety_zone_violations,0
129.000,min_ttc_s,18.88355486602541
129.000,avoid_success,1
129.000,avoid_timeout,0
129.000,q_convergence,0.8562335448209827
129.000,update_residual,0.07965801685446525
129.000,investigation_deferred,0
129.000,nav_aborted,0
129.000,nav_canceled,0
129.000,nav_rejected,0
129.000,run_seed,5
130.000,anomalies_detected,0
130.000,anomalies_unique,0
130.000,investigation_timeouts,0
130.000,mission_duration_s,85.676
130.000,distance_traveled_m,21.16337064100635
130.000,route_deviations,1
130.000,investigation_time_s,0.0
130.000,hazard_avoidances,1
130.000,min_hazard_distance_m,4.8504082880455766
130.000,collisions,0
130.000,time_below_clearance_s,0.0
130.000,safety_zone_violations,0
130.000,min_ttc_s,18.88355486602541
130.000,avoid_success,1
130.000,avoid_timeout,0
130.000,q_convergence,0.7519237579420086
130.000,update_residual,0.06922703816656782
130.000,investigation_deferred,0
130.000,nav_aborted,0
130.000,nav_canceled,0
130.000,nav_rejected,0
130.000,run_seed,5
131.000,anomalies_detected,0
131.000,anomalies_unique,0
131.000,investigation_timeouts,0
131.000,mission_duration_s,86.676
131.000,distance_traveled_m,21.416090639105537
131.000,route_deviations,1
131.000,investigation_time_s,0.0
131.000,hazard_avoidances,1
131.000,min_hazard_distance_m,4.8504082880455766
131.000,collisions,0
131.000,time_below_clearance_s,0.0
131.000,safety_zone_violations,0
131.000,min_ttc_s,18.88355486602541
131.000,avoid_success,1
131.000,avoid_timeout,0
131.000,q_convergence,0.660694409029767
131.000,update_residual,0.0609989039194886
131.000,investigation_deferred,0
131.000,nav_aborted,0
131.000,nav_canceled,0
131.000,nav_rejected,0
131.000,run_seed,5
132.000,anomalies_detected,0
132.000,anomalies_unique,0
132.000,investigation_timeouts,0
132.000,mission_duration_s,87.676
132.000,distance_traveled_m,21.678170634021342
132.000,route_deviations,1
132.000,investigation_time_s,0.0
132.000,hazard_avoidances,1
132.000,min_hazard_distance_m,4.8504082880455766
132.000,collisions,0
132.000,time_below_clearance_s,0.0
132.000,safety_zone_violations,0
132.000,min_ttc_s,18.88355486602541
132.000,avoid_success,1
132.000,avoid_timeout,0
132.000,q_convergence,1.1382441986415355
132.000,update_residual,0.10912947821277566
132.000,investigation_deferred,0
132.000,nav_aborted,0
132.000,nav_canceled,0
132.000,nav_rejected,0
132.000,run_seed,5
133.000,anomalies_detected,0
133.000,anomalies_unique,0
133.000,investigation_timeouts,0
133.000,mission_duration_s,88.676
133.000,distance_traveled_m,21.940250626222767
133.000,route_deviations,1
133.000,investigation_time_s,0.0
133.000,hazard_avoidances,1
133.000,min_hazard_distance_m,4.8504082880455766
133.000,collisions,0
133.000,time_below_clearance_s,0.0
133.000,safety_zone_violations,0
133.000,min_ttc_s,18.88355486602541
133.000,avoid_success,1
133.000,avoid_timeout,0
133.000,q_convergence,0.8374813563305347
133.000,update_residual,0.07943817919708861
133.000,investigation_deferred,0
133.000,nav_aborted,0
133.000,nav_canceled,0
133.000,nav_rejected,0
133.000,run_seed,5
134.000,anomalies_detected,0
134.000,anomalies_unique,0
134.000,investigation_timeouts,0
134.000,mission_duration_s,89.676
134.000,distance_traveled_m,22.202330615449323
134.000,route_deviations,1
134.000,investigation_time_s,0.0
134.000,hazard_avoidances,1
134.000,min_hazard_distance_m,4.8504082880455766
134.000,collisions,0
134.000,time_below_clearance_s,0.0
134.000,safety_zone_violations,0
134.000,min_ttc_s,18.88355486602541
134.000,avoid_success,1
134.000,avoid_timeout,0
134.000,q_convergence,0.7334594402785592
134.000,update_residual,0.06903598759189102
134.000,investigation_deferred,0
134.000,nav_aborted,0
134.000,nav_canceled,0
134.000,nav_rejected,0
134.000,run_seed,5
135.000,anomalies_detected,0
135.000,anomalies_unique,0
135.000,investigation_timeouts,0
135.000,mission_duration_s,90.676
135.000,distance_traveled_m,22.455050550366238
135.000,route_deviations,1
135.000,investigation_time_s,0.0
135.000,hazard_avoidances,1
135.000,min_hazard_distance_m,4.8504082880455766
135.000,collisions,0
135.000,time_below_clearance_s,0.0
135.000,safety_zone_violations,0
135.000,min_ttc_s,18.88355486602541
135.000,avoid_success,1
135.000,avoid_timeout,0
135.000,q_convergence,0.8813808685833455
135.000,update_residual,0.08473629981423371
135.000,investigation_deferred,0
135.000,nav_aborted,0
135.000,nav_canceled,0
135.000,nav_rejected,0
135.000,run_seed,5
136.000,anomalies_detected,0
136.000,anomalies_unique,0
136.000,investigation_timeouts,0
136.000,mission_duration_s,91.676
136.000,distance_traveled_m,22.71713051871627
136.000,route_deviations,1
136.000,investigation_time_s,0.0
136.000,hazard_avoidances,1
136.000,min_hazard_distance_m,4.8504082880455766
136.000,collisions,0
136.000,time_below_clearance_s,0.0
136.000,safety_zone_violations,0
136.000,min_ttc_s,18.88355486602541
136.000,avoid_success,1
136.000,avoid_timeout,0
136.000,q_convergence,0.9350547224390472
136.000,update_residual,0.09039152871892009
136.000,investigation_deferred,0
136.000,nav_aborted,0
136.000,nav_canceled,0
136.000,nav_rejected,0
136.000,run_seed,5
137.000,anomalies_detected,0
137.000,anomalies_unique,0
137.000,investigation_timeouts,0
137.000,mission_duration_s,92.676
137.000,distance_traveled_m,22.97921048972903
137.000,route_deviations,1
137.000,investigation_time_s,0.0
137.000,hazard_avoidances,1
137.000,min_hazard_distance_m,4.8504082880455766
137.000,collisions,0
137.000,time_below_clearance_s,0.0
137.000,safety_zone_violations,0
137.000,min_ttc_s,18.88355486602541
137.000,avoid_success,1
137.000,avoid_timeout,0
137.000,q_convergence,0.8184042851228911
137.000,update_residual,0.0791935765160522
137.000,investigation_deferred,0
137.000,nav_aborted,0
137.000,nav_canceled,0
137.000,nav_rejected,0
137.000,run_seed,5
138.000,anomalies_detected,0
138.000,anomalies_unique,0
138.000,investigation_timeouts,0
138.000,mission_duration_s,93.676
138.000,distance_traveled_m,23.24129037451021
138.000,route_deviations,1
138.000,investigation_time_s,0.0
138.000,hazard_avoidances,1
138.000,min_hazard_distance_m,4.8504082880455766
138.000,collisions,0
138.000,time_below_clearance_s,0.0
138.000,safety_zone_violations,0
138.000,min_ttc_s,18.88355486602541
138.000,avoid_success,1
138.000,avoid_timeout,0
138.000,q_convergence,0.7147026689545485
138.000,update_residual,0.06882341489921791
138.000,investigation_deferred,0
138.000,nav_aborted,0
138.000,nav_canceled,0
138.000,nav_rejected,0
138.000,run_seed,5
139.000,anomalies_detected,0
139.000,anomalies_unique,0
139.000,investigation_timeouts,0
139.000,mission_duration_s,94.676
139.000,distance_traveled_m,23.503370348488044
139.000,route_deviations,1
139.000,investigation_time_s,0.0
139.000,hazard_avoidances,1
139.000,min_hazard_distance_m,4.8504082880455766
139.000,collisions,0
139.000,time_below_clearance_s,0.0
139.000,safety_zone_violations,0
139.000,min_ttc_s,18.88355486602541
139.000,avoid_success,1
139.000,avoid_timeout,0
139.000,q_convergence,0.9252826637762468
139.000,update_residual,0.09043914390916626
139.000,investigation_deferred,0
139.000,nav_aborted,0
139.000,nav_canceled,0
139.000,nav_rejected,0
139.000,run_seed,5
140.000,anomalies_detected,0
140.000,anomalies_unique,0
140.000,investigation_timeouts,0
140.000,mission_duration_s,95.676
140.000,distance_traveled_m,23.7560903366268
140.000,route_deviations,1
140.000,investigation_time_s,0.0
140.000,hazard_avoidances,1
140.000,min_hazard_distance_m,4.8504082880455766
140.000,collisions,0
140.000,time_below_clearance_s,0.0
140.000,safety_zone_violations,0
140.000,min_ttc_s,18.88355486602541
140.000,avoid_success,1
140.000,avoid_timeout,0
140.000,q_convergence,0.9139424780001948
140.000,update_residual,0.08948189723273829
140.000,investigation_deferred,0
140.000,nav_aborted,0
140.000,nav_canceled,0
140.000,nav_rejected,0
140.000,run_seed,5
141.000,anomalies_detected,0
141.000,anomalies_unique,0
141.000,investigation_timeouts,0
141.000,mission_duration_s,96.676
141.000,distance_traveled_m,24.018170327526928
141.000,route_deviations,1
141.000,investigation_time_s,0.0
141.000,hazard_avoidances,1
141.000,min_hazard_distance_m,4.8504082880455766
141.000,collisions,0
141.000,time_below_clearance_s,0.0
141.000,safety_zone_violations,0
141.000,min_ttc_s,18.88355486602541
141.000,avoid_success,1
141.000,avoid_timeout,0
141.000,q_convergence,0.7984962614586674
141.000,update_residual,0.07822412816367778
141.000,investigation_deferred,0
141.000,nav_aborted,0
141.000,nav_canceled,0
141.000,nav_rejected,0
141.000,run_seed,5
142.000,anomalies_detected,0
142.000,anomalies_unique,0
142.000,investigation_timeouts,0
142.000,mission_duration_s,97.676
142.000,distance_traveled_m,24.28025032229591
142.000,route_deviations,1
142.000,investigation_time_s,0.0
142.000,hazard_avoidances,1
142.000,min_hazard_distance_m,4.8504082880455766
142.000,collisions,0
142.000,time_below_clearance_s,0.0
142.000,safety_zone_violations,0
142.000,min_ttc_s,18.88355486602541
142.000,avoid_success,1
142.000,avoid_timeout,0
142.000,q_convergence,0.6978092615335255
142.000,update_residual,0.06815542817116355
142.000,investigation_deferred,0
142.000,nav_aborted,0
142.000,nav_canceled,0
142.000,nav_rejected,0
142.000,run_seed,5
143.000,anomalies_detected,0
143.000,anomalies_unique,0
143.000,investigation_timeouts,0
143.000,mission_duration_s,98.676
143.000,distance_traveled_m,24.54233030529743
143.000,route_deviations,1
143.000,investigation_time_s,0.0
143.000,hazard_avoidances,1
143.000,min_hazard_distance_m,4.8504082880455766
143.000,collisions,0
143.000,time_below_clearance_s,0.0
143.000,safety_zone_violations,0
143.000,min_ttc_s,18.88355486602541
143.000,avoid_success,1
143.000,avoid_timeout,0
143.000,q_convergence,0.9356966183263663
143.000,update_residual,0.09228667949669458
143.000,investigation_deferred,0
143.000,nav_aborted,0
143.000,nav_canceled,0
143.000,nav_rejected,0
143.000,run_seed,5
144.000,anomalies_detected,0
144.000,anomalies_unique,0
144.000,investigation_timeouts,0
144.000,mission_duration_s,99.676
144.000,distance_traveled_m,24.79505025209336
144.000,route_deviations,1
144.000,investigation_time_s,0.0
144.000,hazard_avoidances,1
144.000,min_hazard_distance_m,4.8504082880455766
144.000,collisions,0
144.000,time_below_clearance_s,0.0
144.000,safety_zone_violations,0
144.000,min_ttc_s,18.88355486602541
144.000,avoid_success,1
144.000,avoid_timeout,0
144.000,q_convergence,0.9196597735399097
144.000,update_residual,0.09058430406913034
144.000,investigation_deferred,0
144.000,nav_aborted,0
144.000,nav_canceled,0
144.000,nav_rejected,0
144.000,run_seed,5
145.000,anomalies_detected,0
145.000,anomalies_unique,0
145.000,investigation_timeouts,0
145.000,mission_duration_s,100.676
145.000,distance_traveled_m,25.057130233830925
145.000,route_deviations,1
145.000,investigation_time_s,0.0
145.000,hazard_avoidances,1
145.000,min_hazard_distance_m,4.8504082880455766
145.000,collisions,0
145.000,time_below_clearance_s,0.0
145.000,safety_zone_violations,0
145.000,min_ttc_s,18.88355486602541
145.000,avoid_success,1
145.000,avoid_timeout,0
145.000,q_convergence,0.8253747146440854
145.000,update_residual,0.081363049172277
145.000,investigation_deferred,0
145.000,nav_aborted,0
145.000,nav_canceled,0
145.000,nav_rejected,0
145.000,run_seed,5
146.000,anomalies_detected,0
146.000,anomalies_unique,0
146.000,investigation_timeouts,0
146.000,mission_duration_s,101.676
146.000,distance_traveled_m,25.319210230493447
146.000,route_deviations,1
146.000,investigation_time_s,0.0
146.000,hazard_avoidances,1
146.000,min_hazard_distance_m,4.8504082880455766
146.000,collisions,0
146.000,time_below_clearance_s,0.0
146.000,safety_zone_violations,0
146.000,min_ttc_s,18.88355486602541
146.000,avoid_success,1
146.000,avoid_timeout,0
146.000,q_convergence,0.720533505192918
146.000,update_residual,0.07105509157097997
146.000,investigation_deferred,0
146.000,nav_aborted,0
146.000,nav_canceled,0
146.000,nav_rejected,0
146.000,run_seed,5
147.000,anomalies_detected,0
147.000,anomalies_unique,0
147.000,investigation_timeouts,0
147.000,mission_duration_s,102.676
147.000,distance_traveled_m,25.566954549897588
147.000,route_deviations,1
147.000,investigation_time_s,0.0
147.000,hazard_avoidances,1
147.000,min_hazard_distance_m,4.8504082880455766
147.000,collisions,0
147.000,time_below_clearance_s,0.0
147.000,safety_zone_violations,0
147.000,min_ttc_s,18.88355486602541
147.000,avoid_success,1
147.000,avoid_timeout,0
147.000,q_convergence,0.9261945143837554
147.000,update_residual,0.09183153991131514
147.000,investigation_deferred,0
147.000,nav_aborted,0
147.000,nav_canceled,0
147.000,nav_rejected,0
147.000,run_seed,5
148.000,anomalies_detected,0
148.000,anomalies_unique,0
148.000,investigation_timeouts,0
148.000,mission_duration_s,103.676
148.000,distance_traveled_m,25.668624624586528
148.000,route_deviations,1
148.000,investigation_time_s,0.0
148.000,hazard_avoidances,1
148.000,min_hazard_distance_m,4.8504082880455766
148.000,collisions,0
148.000,time_below_clearance_s,0.0
148.000,safety_zone_violations,0
148.000,min_ttc_s,18.88355486602541
148.000,avoid_success,1
148.000,avoid_timeout,0
148.000,q_convergence,0.912930147899751
148.000,update_residual,0.09044449468391004
148.000,investigation_deferred,0
148.000,nav_aborted,0
148.000,nav_canceled,0
148.000,nav_rejected,0
148.000,run_seed,5
149.000,anomalies_detected,0
149.000,anomalies_unique,0
149.000,investigation_timeouts,0
149.000,mission_duration_s,104.676
149.000,distance_traveled_m,25.715995686803065
149.000,route_deviations,1
149.000,investigation_time_s,0.0
149.000,hazard_avoidances,1
149.000,min_hazard_distance_m,4.8504082880455766
149.000,collisions,0
149.000,time_below_clearance_s,0.0
149.000,safety_zone_violations,0
149.000,min_ttc_s,18.88355486602541
149.000,avoid_success,1
149.000,avoid_timeout,0
149.000,q_convergence,0.794413488037584
149.000,update_residual,0.07872010671360315
149.000,investigation_deferred,0
149.000,nav_aborted,0
149.000,nav_canceled,0
149.000,nav_rejected,0
149.000,run_seed,5
150.000,anomalies_detected,0
150.000,anomalies_unique,0
150.000,investigation_timeouts,0
150.000,mission_duration_s,105.676
150.000,distance_traveled_m,25.721758664269288
150.000,route_deviations,1
150.000,investigation_time_s,0.0
150.000,hazard_avoidances,1
150.000,min_hazard_distance_m,4.8504082880455766
150.000,collisions,0
150.000,time_below_clearance_s,0.0
150.000,safety_zone_violations,0
150.000,min_ttc_s,18.88355486602541
150.000,avoid_success,1
150.000,avoid_timeout,0
150.000,q_convergence,0.692941652067465
150.000,update_residual,0.06868110943011452
150.000,investigation_deferred,0
150.000,nav_aborted,0
150.000,nav_canceled,0
150.000,nav_rejected,0
150.000,run_seed,5
151.000,anomalies_detected,0
151.000,anomalies_unique,0
151.000,investigation_timeouts,0
151.000,mission_duration_s,106.676
151.000,distance_traveled_m,25.917775817558628
151.000,route_deviations,1
151.000,investigation_time_s,0.0
151.000,hazard_avoidances,1
151.000,min_hazard_distance_m,4.8504082880455766
151.000,collisions,0
151.000,time_below_clearance_s,0.0
151.000,safety_zone_violations,0
151.000,min_ttc_s,18.88355486602541
151.000,avoid_success,1
151.000,avoid_timeout,0
151.000,q_convergence,0.604538047931681
151.000,update_residual,0.05984074901653611
151.000,investigation_deferred,0
151.000,nav_aborted,0
151.000,nav_canceled,0
151.000,nav_rejected,0
151.000,run_seed,5
152.000,anomalies_detected,0
152.000,anomalies_unique,0
152.000,investigation_timeouts,0
152.000,mission_duration_s,107.676
152.000,distance_traveled_m,26.17985566233211
152.000,route_deviations,1
152.000,investigation_time_s,0.0
152.000,hazard_avoidances,1
152.000,min_hazard_distance_m,4.8504082880455766
152.000,collisions,0
152.000,time_below_clearance_s,0.0
152.000,safety_zone_violations,0
152.000,min_ttc_s,18.88355486602541
152.000,avoid_success,1
152.000,avoid_timeout,0
152.000,q_convergence,0.5261189154596605
152.000,update_residual,0.05209079413582886
152.000,investigation_deferred,0
152.000,nav_aborted,0
152.000,nav_canceled,0
152.000,nav_rejected,0
152.000,run_seed,5
153.000,anomalies_detected,0
153.000,anomalies_unique,0
153.000,investigation_timeouts,0
153.000,mission_duration_s,108.676
153.000,distance_traveled_m,26.432575653284392
153.000,route_deviations,1
153.000,investigation_time_s,0.0
153.000,hazard_avoidances,1
153.000,min_hazard_distance_m,4.8504082880455766
153.000,collisions,0
153.000,time_below_clearance_s,0.0
153.000,safety_zone_violations,0
153.000,min_ttc_s,18.88355486602541
153.000,avoid_success,1
153.000,avoid_timeout,0
153.000,q_convergence,0.941910110794543
153.000,update_residual,0.09370713491289831
153.000,investigation_deferred,0
153.000,nav_aborted,0
153.000,nav_canceled,0
153.000,nav_rejected,0
153.000,run_seed,5
154.000,anomalies_detected,0
154.000,anomalies_unique,0
154.000,investigation_timeouts,0
154.000,mission_duration_s,109.676
154.000,distance_traveled_m,26.69465564844672
154.000,route_deviations,1
154.000,investigation_time_s,0.0
154.000,hazard_avoidances,1
154.000,min_hazard_distance_m,4.8504082880455766
154.000,collisions,0
154.000,time_below_clearance_s,0.0
154.000,safety_zone_violations,0
154.000,min_ttc_s,18.88355486602541
154.000,avoid_success,1
154.000,avoid_timeout,0
154.000,q_convergence,0.9054685444345724
154.000,update_residual,0.09054685444345724
154.000,investigation_deferred,0
154.000,nav_aborted,0
154.000,nav_canceled,0
154.000,nav_rejected,0
154.000,run_seed,5
155.000,anomalies_detected,0
155.000,anomalies_unique,0
155.000,investigation_timeouts,0
155.000,mission_duration_s,110.676
155.000,distance_traveled_m,26.95673564758898
155.000,route_deviations,1
155.000,investigation_time_s,0.0
155.000,hazard_avoidances,1
155.000,min_hazard_distance_m,4.8504082880455766
155.000,collisions,0
155.000,time_below_clearance_s,0.0
155.000,safety_zone_violations,0
155.000,min_ttc_s,18.88355486602541
155.000,avoid_success,1
155.000,avoid_timeout,0
155.000,q_convergence,0.7889202192491018
155.000,update_residual,0.07889202192491021
155.000,investigation_deferred,0
155.000,nav_aborted,0
155.000,nav_canceled,0
155.000,nav_rejected,0
155.000,run_seed,5
156.000,anomalies_detected,0
156.000,anomalies_unique,0
156.000,investigation_timeouts,0
156.000,mission_duration_s,111.676
156.000,distance_traveled_m,27.218815647315807
156.000,route_deviations,1
156.000,investigation_time_s,0.0
156.000,hazard_avoidances,1
156.000,min_hazard_distance_m,4.8504082880455766
156.000,collisions,0
156.000,time_below_clearance_s,0.0
156.000,safety_zone_violations,0
156.000,min_ttc_s,18.88355486602541
156.000,avoid_success,1
156.000,avoid_timeout,0
156.000,q_convergence,0.6856134797846555
156.000,update_residual,0.06856134797846555
156.000,investigation_deferred,0
156.000,nav_aborted,0
156.000,nav_canceled,0
156.000,nav_rejected,0
156.000,run_seed,5
157.000,anomalies_detected,0
157.000,anomalies_unique,0
157.000,investigation_timeouts,0
157.000,mission_duration_s,112.676
157.000,distance_traveled_m,27.48089564722009
157.000,route_deviations,1
157.000,investigation_time_s,0.0
157.000,hazard_avoidances,1
157.000,min_hazard_distance_m,4.8504082880455766
157.000,collisions,0
157.000,time_below_clearance_s,0.0
157.000,safety_zone_violations,0
157.000,min_ttc_s,18.88355486602541
157.000,avoid_success,1
157.000,avoid_timeout,0
157.000,q_convergence,0.9924797520628502
157.000,update_residual,0.09924797520628503
157.000,investigation_deferred,0
157.000,nav_aborted,0
157.000,nav_canceled,0
157.000,nav_rejected,0
157.000,run_seed,5
158.000,anomalies_detected,0
158.000,anomalies_unique,0
158.000,investigation_timeouts,0
158.000,mission_duration_s,113.676
158.000,distance_traveled_m,27.733615647176748
158.000,route_deviations,1
158.000,investigation_time_s,0.0
158.000,hazard_avoidances,1
158.000,min_hazard_distance_m,4.8504082880455766
158.000,collisions,0
158.000,time_below_clearance_s,0.0
158.000,safety_zone_violations,0
158.000,min_ttc_s,18.88355486602541
158.000,avoid_success,1
158.000,avoid_timeout,0
158.000,q_convergence,0.8851592669899604
158.000,update_residual,0.08851592669899602
158.000,investigation_deferred,0
158.000,nav_aborted,0
158.000,nav_canceled,0
158.000,nav_rejected,0
158.000,run_seed,5
159.000,anomalies_detected,0
159.000,anomalies_unique,0
159.000,investigation_timeouts,0
159.000,mission_duration_s,114.676
159.000,distance_traveled_m,27.995695647122506
159.000,route_deviations,1
159.000,investigation_time_s,0.0
159.000,hazard_avoidances,1
159.000,min_hazard_distance_m,4.8504082880455766
159.000,collisions,0
159.000,time_below_clearance_s,0.0
159.000,safety_zone_violations,0
159.000,min_ttc_s,18.88355486602541
159.000,avoid_success,1
159.000,avoid_timeout,0
159.000,q_convergence,0.7711362913794432
159.000,update_residual,0.07711362913794434
159.000,investigation_deferred,0
159.000,nav_aborted,0
159.000,nav_canceled,0
159.000,nav_rejected,0
159.000,run_seed,5
160.000,anomalies_detected,0
160.000,anomalies_unique,0
160.000,investigation_timeouts,0
160.000,mission_duration_s,115.676
160.000,distance_traveled_m,28.25777564705009
160.000,route_deviations,1
160.000,investigation_time_s,0.0
160.000,hazard_avoidances,1
160.000,min_hazard_distance_m,4.8504082880455766
160.000,collisions,0
160.000,time_below_clearance_s,0.0
160.000,safety_zone_violations,0
160.000,min_ttc_s,18.88355486602541
160.000,avoid_success,1
160.000,avoid_timeout,0
160.000,q_convergence,0.6718786818220268
160.000,update_residual,0.06718786818220268
160.000,investigation_deferred,0
160.000,nav_aborted,0
160.000,nav_canceled,0
160.000,nav_rejected,0
160.000,run_seed,5
161.000,anomalies_detected,0
161.000,anomalies_unique,0
161.000,investigation_timeouts,0
161.000,mission_duration_s,116.676
161.000,distance_traveled_m,28.519855646989612
161.000,route_deviations,1
161.000,investigation_time_s,0.0
161.000,hazard_avoidances,1
161.000,min_hazard_distance_m,4.8504082880455766
161.000,collisions,0
161.000,time_below_clearance_s,0.0
161.000,safety_zone_violations,0
161.000,min_ttc_s,18.88355486602541
161.000,avoid_success,1
161.000,avoid_timeout,0
161.000,q_convergence,1.036368731562349
161.000,update_residual,0.10363687315623493
161.000,investigation_deferred,0
161.000,nav_aborted,0
161.000,nav_canceled,0
161.000,nav_rejected,0
161.000,run_seed,5
162.000,anomalies_detected,0
162.000,anomalies_unique,0
162.000,investigation_timeouts,0
162.000,mission_duration_s,117.676
162.000,distance_traveled_m,28.772575646946326
162.000,route_deviations,1
162.000,investigation_time_s,0.0
162.000,hazard_avoidances,1
162.000,min_hazard_distance_m,4.8504082880455766
162.000,collisions,0
162.000,time_below_clearance_s,0.0
162.000,safety_zone_violations,0
162.000,min_ttc_s,18.88355486602541
162.000,avoid_success,1
162.000,avoid_timeout,0
162.000,q_convergence,0.8675884135138003
162.000,update_residual,0.08675884135138008
162.000,investigation_deferred,0
162.000,nav_aborted,0
162.000,nav_canceled,0
162.000,nav_rejected,0
162.000,run_seed,5
163.000,anomalies_detected,0
163.000,anomalies_unique,0
163.000,investigation_timeouts,0
163.000,mission_duration_s,118.676
163.000,distance_traveled_m,29.034655646895448
163.000,route_deviations,1
163.000,investigation_time_s,0.0
163.000,hazard_avoidances,1
163.000,min_hazard_distance_m,4.8504082880455766
163.000,collisions,0
163.000,time_below_clearance_s,0.0
163.000,safety_zone_violations,0
163.000,min_ttc_s,18.88355486602541
163.000,avoid_success,1
163.000,avoid_timeout,0
163.000,q_convergence,0.7558288509093758
163.000,update_residual,0.07558288509093758
163.000,investigation_deferred,0
163.000,nav_aborted,0
163.000,nav_canceled,0
163.000,nav_rejected,0
163.000,run_seed,5
164.000,anomalies_detected,0
164.000,anomalies_unique,0
164.000,investigation_timeouts,0
164.000,mission_duration_s,119.676
164.000,distance_traveled_m,29.29673564683067
164.000,route_deviations,1
164.000,investigation_time_s,0.0
164.000,hazard_avoidances,1
164.000,min_hazard_distance_m,4.8504082880455766
164.000,collisions,0
164.000,time_below_clearance_s,0.0
164.000,safety_zone_violations,0
164.000,min_ttc_s,18.88355486602541
164.000,avoid_success,1
164.000,avoid_timeout,0
164.000,q_convergence,0.658541554468443
164.000,update_residual,0.06585415544684428
164.000,investigation_deferred,0
164.000,nav_aborted,0
164.000,nav_canceled,0
164.000,nav_rejected,0
164.000,run_seed,5
165.000,anomalies_detected,0
165.000,anomalies_unique,0
165.000,investigation_timeouts,0
165.000,mission_duration_s,120.676
165.000,distance_traveled_m,29.55881564674132
165.000,route_deviations,1
165.000,investigation_time_s,0.0
165.000,hazard_avoidances,1
165.000,min_hazard_distance_m,4.8504082880455766
165.000,collisions,0
165.000,time_below_clearance_s,0.0
165.000,safety_zone_violations,0
165.000,min_ttc_s,18.88355486602541
165.000,avoid_success,1
165.000,avoid_timeout,0
165.000,q_convergence,1.0793738602788183
165.000,update_residual,0.10793738602788185
165.000,investigation_deferred,0
165.000,nav_aborted,0
165.000,nav_canceled,0
165.000,nav_rejected,0
165.000,run_seed,5
166.000,anomalies_detected,0
166.000,anomalies_unique,0
166.000,investigation_timeouts,0
166.000,mission_duration_s,121.676
166.000,distance_traveled_m,29.82089564668277
166.000,route_deviations,1
166.000,investigation_time_s,0.0
166.000,hazard_avoidances,1
166.000,min_hazard_distance_m,4.8504082880455766
166.000,collisions,0
166.000,time_below_clearance_s,0.0
166.000,safety_zone_violations,0
166.000,min_ttc_s,18.88355486602541
166.000,avoid_success,1
166.000,avoid_timeout,0
166.000,q_convergence,0.8503663502535874
166.000,update_residual,0.08503663502535876
166.000,investigation_deferred,0
166.000,nav_aborted,0
166.000,nav_canceled,0
166.000,nav_rejected,0
166.000,run_seed,5
167.000,anomalies_detected,0
167.000,anomalies_unique,0
167.000,investigation_timeouts,0
167.000,mission_duration_s,122.676
167.000,distance_traveled_m,30.073615646638885
167.000,route_deviations,1
167.000,investigation_time_s,0.0
167.000,hazard_avoidances,1
167.000,min_hazard_distance_m,4.8504082880455766
167.000,collisions,0
167.000,time_below_clearance_s,0.0
167.000,safety_zone_violations,0
167.000,min_ttc_s,18.88355486602541
167.000,avoid_success,1
167.000,avoid_timeout,0
167.000,q_convergence,0.7390134239987697
167.000,update_residual,0.07390134239987699
167.000,investigation_deferred,0
167.000,nav_aborted,0
167.000,nav_canceled,0
167.000,nav_rejected,0
167.000,run_seed,5
168.000,anomalies_detected,0
168.000,anomalies_unique,0
168.000,investigation_timeouts,0
168.000,mission_duration_s,123.676
168.000,distance_traveled_m,30.335695646590498
168.000,route_deviations,1
168.000,investigation_time_s,0.0
168.000,hazard_avoidances,1
168.000,min_hazard_distance_m,4.8504082880455766
168.000,collisions,0
168.000,time_below_clearance_s,0.0
168.000,safety_zone_violations,0
168.000,min_ttc_s,18.88355486602541
168.000,avoid_success,1
168.000,avoid_timeout,0
168.000,q_convergence,0.6438164207441999
168.000,update_residual,0.06438164207441999
168.000,investigation_deferred,0
168.000,nav_aborted,0
168.000,nav_canceled,0
168.000,nav_rejected,0
168.000,run_seed,5
169.000,anomalies_detected,0
169.000,anomalies_unique,0
169.000,investigation_timeouts,0
169.000,mission_duration_s,124.676
169.000,distance_traveled_m,30.597775646523292
169.000,route_deviations,1
169.000,investigation_time_s,0.0
169.000,hazard_avoidances,1
169.000,min_hazard_distance_m,4.8504082880455766
169.000,collisions,0
169.000,time_below_clearance_s,0.0
169.000,safety_zone_violations,0
169.000,min_ttc_s,18.88355486602541
169.000,avoid_success,1
169.000,avoid_timeout,0
169.000,q_convergence,1.1215253157145795
169.000,update_residual,0.11215253157145798
169.000,investigation_deferred,0
169.000,nav_aborted,0
169.000,nav_canceled,0
169.000,nav_rejected,0
169.000,run_seed,5
170.000,anomalies_detected,0
170.000,anomalies_unique,0
170.000,investigation_timeouts,0
170.000,mission_duration_s,125.676
170.000,distance_traveled_m,30.85985564644438
170.000,route_deviations,1
170.000,investigation_time_s,0.0
170.000,hazard_avoidances,1
170.000,min_hazard_distance_m,4.8504082880455766
170.000,collisions,0
170.000,time_below_clearance_s,0.0
170.000,safety_zone_violations,0
170.000,min_ttc_s,18.88355486602541
170.000,avoid_success,1
170.000,avoid_timeout,0
170.000,q_convergence,0.8334861535493575
170.000,update_residual,0.08334861535493576
170.000,investigation_deferred,0
170.000,nav_aborted,0
170.000,nav_canceled,0
170.000,nav_rejected,0
170.000,run_seed,5
171.000,anomalies_detected,0
171.000,anomalies_unique,0
171.000,investigation_timeouts,0
171.000,mission_duration_s,126.676
171.000,distance_traveled_m,31.112575646387036
171.000,route_deviations,1
171.000,investigation_time_s,0.0
171.000,hazard_avoidances,1
171.000,min_hazard_distance_m,4.8504082880455766
171.000,collisions,0
171.000,time_below_clearance_s,0.0
171.000,safety_zone_violations,0
171.000,min_ttc_s,18.88355486602541
171.000,avoid_success,1
171.000,avoid_timeout,0
171.000,q_convergence,0.7243436384875656
171.000,update_residual,0.07243436384875657
171.000,investigation_deferred,0
171.000,nav_aborted,0
171.000,nav_canceled,0
171.000,nav_rejected,0
171.000,run_seed,5
172.000,anomalies_detected,0
172.000,anomalies_unique,0
172.000,investigation_timeouts,0
172.000,mission_duration_s,127.676
172.000,distance_traveled_m,31.374655646343143
172.000,route_deviations,1
172.000,investigation_time_s,0.0
172.000,hazard_avoidances,1
172.000,min_hazard_distance_m,4.8504082880455766
172.000,collisions,0
172.000,time_below_clearance_s,0.0
172.000,safety_zone_violations,0
172.000,min_ttc_s,18.88355486602541
172.000,avoid_success,1
172.000,avoid_timeout,0
172.000,q_convergence,0.6310363432866025
172.000,update_residual,0.06310363432866026
172.000,investigation_deferred,0
172.000,nav_aborted,0
172.000,nav_canceled,0
172.000,nav_rejected,0
172.000,run_seed,5
173.000,anomalies_detected,0
173.000,anomalies_unique,0
173.000,investigation_timeouts,0
173.000,mission_duration_s,128.676
173.000,distance_traveled_m,31.636735646291548
173.000,route_deviations,1
173.000,investigation_time_s,0.0
173.000,hazard_avoidances,1
173.000,min_hazard_distance_m,4.8504082880455766
173.000,collisions,0
173.000,time_below_clearance_s,0.0
173.000,safety_zone_violations,0
173.000,min_ttc_s,18.88355486602541
173.000,avoid_success,1
173.000,avoid_timeout,0
173.000,q_convergence,1.1628400437105577
173.000,update_residual,0.1162840043710558
173.000,investigation_deferred,0
173.000,nav_aborted,0
173.000,nav_canceled,0
173.000,nav_rejected,0
173.000,run_seed,5
174.000,anomalies_detected,0
174.000,anomalies_unique,0
174.000,investigation_timeouts,0
174.000,mission_duration_s,129.676
174.000,distance_traveled_m,31.898815646233572
174.000,route_deviations,1
174.000,investigation_time_s,0.0
174.000,hazard_avoidances,1
174.000,min_hazard_distance_m,4.8504082880455766
174.000,collisions,0
174.000,time_below_clearance_s,0.0
174.000,safety_zone_violations,0
174.000,min_ttc_s,18.88355486602541
174.000,avoid_success,1
174.000,avoid_timeout,0
174.000,q_convergence,0.8169410371792546
174.000,update_residual,0.08169410371792549
174.000,investigation_deferred,0
174.000,nav_aborted,0
174.000,nav_canceled,0
174.000,nav_rejected,0
174.000,run_seed,5
175.000,anomalies_detected,0
175.000,anomalies_unique,0
175.000,investigation_timeouts,0
175.000,mission_duration_s,130.676
175.000,distance_traveled_m,32.16089564613877
175.000,route_deviations,1
175.000,investigation_time_s,0.0
175.000,hazard_avoidances,1
175.000,min_hazard_distance_m,4.8504082880455766
175.000,collisions,0
175.000,time_below_clearance_s,0.0
175.000,safety_zone_violations,0
175.000,min_ttc_s,18.88355486602541
175.000,avoid_success,1
175.000,avoid_timeout,0
175.000,q_convergence,0.7099650555444826
175.000,update_residual,0.0709965055544483
175.000,investigation_deferred,0
175.000,nav_aborted,0
175.000,nav_canceled,0
175.000,nav_rejected,0
175.000,run_seed,5
176.000,anomalies_detected,0
176.000,anomalies_unique,0
176.000,investigation_timeouts,0
176.000,mission_duration_s,131.676
176.000,distance_traveled_m,32.413615646077574
176.000,route_deviations,1
176.000,investigation_time_s,0.0
176.000,hazard_avoidances,1
176.000,min_hazard_distance_m,4.8504082880455766
176.000,collisions,0
176.000,time_below_clearance_s,0.0
176.000,safety_zone_violations,0
176.000,min_ttc_s,18.88355486602541
176.000,avoid_success,1
176.000,avoid_timeout,0
176.000,q_convergence,0.9135604715184327
176.000,update_residual,0.09135604715184328
176.000,investigation_deferred,0
176.000,nav_aborted,0
176.000,nav_canceled,0
176.000,nav_rejected,0
176.000,run_seed,5
177.000,anomalies_detected,0
177.000,anomalies_unique,0
177.000,investigation_timeouts,0
177.000,mission_duration_s,132.676
177.000,distance_traveled_m,32.67569564603284
177.000,route_deviations,1
177.000,investigation_time_s,0.0
177.000,hazard_avoidances,1
177.000,min_hazard_distance_m,4.8504082880455766
177.000,collisions,0
177.000,time_below_clearance_s,0.0
177.000,safety_zone_violations,0
177.000,min_ttc_s,18.88355486602541
177.000,avoid_success,1
177.000,avoid_timeout,0
177.000,q_convergence,0.9190165160731655
177.000,update_residual,0.09190165160731656
177.000,investigation_deferred,0
177.000,nav_aborted,0
177.000,nav_canceled,0
177.000,nav_rejected,0
177.000,run_seed,5
178.000,anomalies_detected,0
178.000,anomalies_unique,0
178.000,investigation_timeouts,0
178.000,mission_duration_s,133.676
178.000,distance_traveled_m,32.937775645987706
178.000,route_deviations,1
178.000,investigation_time_s,0.0
178.000,hazard_avoidances,1
178.000,min_hazard_distance_m,4.8504082880455766
178.000,collisions,0
178.000,time_below_clearance_s,0.0
178.000,safety_zone_violations,0
178.000,min_ttc_s,18.88355486602541
178.000,avoid_success,1
178.000,avoid_timeout,0
178.000,q_convergence,0.800724349631316
178.000,update_residual,0.08007243496313159
178.000,investigation_deferred,0
178.000,nav_aborted,0
178.000,nav_canceled,0
178.000,nav_rejected,0
178.000,run_seed,5
179.000,anomalies_detected,0
179.000,anomalies_unique,0
179.000,investigation_timeouts,0
179.000,mission_duration_s,134.676
179.000,distance_traveled_m,33.199855645930185
179.000,route_deviations,1
179.000,investigation_time_s,0.0
179.000,hazard_avoidances,1
179.000,min_hazard_distance_m,4.8504082880455766
179.000,collisions,0
179.000,time_below_clearance_s,0.0
179.000,safety_zone_violations,0
179.000,min_ttc_s,18.88355486602541
179.000,avoid_success,1
179.000,avoid_timeout,0
179.000,q_convergence,0.6958718946531254
179.000,update_residual,0.06958718946531253
179.000,investigation_deferred,0
179.000,nav_aborted,0
179.000,nav_canceled,0
179.000,nav_rejected,0
179.000,run_seed,5
180.000,anomalies_detected,0
180.000,anomalies_unique,0
180.000,investigation_timeouts,0
180.000,mission_duration_s,135.676
180.000,distance_traveled_m,33.452575645851546
180.000,route_deviations,1
180.000,investigation_time_s,0.0
180.000,hazard_avoidances,1
180.000,min_hazard_distance_m,4.8504082880455766
180.000,collisions,0
180.000,time_below_clearance_s,0.0
180.000,safety_zone_violations,0
180.000,min_ttc_s,18.88355486602541
180.000,avoid_success,1
180.000,avoid_timeout,0
180.000,q_convergence,0.9701047803249766
180.000,update_residual,0.0970104780324977
180.000,investigation_deferred,0
180.000,nav_aborted,0
180.000,nav_canceled,0
180.000,nav_rejected,0
180.000,run_seed,5
181.000,anomalies_detected,0
181.000,anomalies_unique,0
181.000,investigation_timeouts,0
181.000,mission_duration_s,136.676
181.000,distance_traveled_m,33.71465564578926
181.000,route_deviations,1
181.000,investigation_time_s,0.0
181.000,hazard_avoidances,1
181.000,min_hazard_distance_m,4.8504082880455766
181.000,collisions,0
181.000,time_below_clearance_s,0.0
181.000,safety_zone_violations,0
181.000,min_ttc_s,18.88355486602541
181.000,avoid_success,1
181.000,avoid_timeout,0
181.000,q_convergence,0.8962697113987645
181.000,update_residual,0.08962697113987642
181.000,investigation_deferred,0
181.000,nav_aborted,0
181.000,nav_canceled,0
181.000,nav_rejected,0
181.000,run_seed,5
182.000,anomalies_detected,0
182.000,anomalies_unique,0
182.000,investigation_timeouts,0
182.000,mission_duration_s,137.676
182.000,distance_traveled_m,33.97673564574194
182.000,route_deviations,1
182.000,investigation_time_s,0.0
182.000,hazard_avoidances,1
182.000,min_hazard_distance_m,4.8504082880455766
182.000,collisions,0
182.000,time_below_clearance_s,0.0
182.000,safety_zone_violations,0
182.000,min_ttc_s,18.88355486602541
182.000,avoid_success,1
182.000,avoid_timeout,0
182.000,q_convergence,0.7809054235722653
182.000,update_residual,0.0780905423572265
182.000,investigation_deferred,0
182.000,nav_aborted,0
182.000,nav_canceled,0
182.000,nav_rejected,0
182.000,run_seed,5
183.000,anomalies_detected,0
183.000,anomalies_unique,0
183.000,investigation_timeouts,0
183.000,mission_duration_s,138.676
183.000,distance_traveled_m,34.23881564569116
183.000,route_deviations,1
183.000,investigation_time_s,0.0
183.000,hazard_avoidances,1
183.000,min_hazard_distance_m,4.8504082880455766
183.000,collisions,0
183.000,time_below_clearance_s,0.0
183.000,safety_zone_violations,0
183.000,min_ttc_s,18.88355486602541
183.000,avoid_success,1
183.000,avoid_timeout,0
183.000,q_convergence,0.6786481975930173
183.000,update_residual,0.06786481975930173
183.000,investigation_deferred,0
183.000,nav_aborted,0
183.000,nav_canceled,0
183.000,nav_rejected,0
183.000,run_seed,5
184.000,anomalies_detected,0
184.000,anomalies_unique,0
184.000,investigation_timeouts,0
184.000,mission_duration_s,139.676
184.000,distance_traveled_m,34.500895645620055
184.000,route_deviations,1
184.000,investigation_time_s,0.0
184.000,hazard_avoidances,1
184.000,min_hazard_distance_m,4.8504082880455766
184.000,collisions,0
184.000,time_below_clearance_s,0.0
184.000,safety_zone_violations,0
184.000,min_ttc_s,18.88355486602541
184.000,avoid_success,1
184.000,avoid_timeout,0
184.000,q_convergence,1.0145406504949988
184.000,update_residual,0.10145406504949987
184.000,investigation_deferred,0
184.000,nav_aborted,0
184.000,nav_canceled,0
184.000,nav_rejected,0
184.000,run_seed,5
185.000,anomalies_detected,0
185.000,anomalies_unique,0
185.000,investigation_timeouts,0
185.000,mission_duration_s,140.676
185.000,distance_traveled_m,34.7536156455342
185.000,route_deviations,1
185.000,investigation_time_s,0.0
185.000,hazard_avoidances,1
185.000,min_hazard_distance_m,4.8504082880455766
185.000,collisions,0
185.000,time_below_clearance_s,0.0
185.000,safety_zone_violations,0
185.000,min_ttc_s,18.88355486602541
185.000,avoid_success,1
185.000,avoid_timeout,0
185.000,q_convergence,0.8763298033017355
185.000,update_residual,0.08763298033017355
185.000,investigation_deferred,0
185.000,nav_aborted,0
185.000,nav_canceled,0
185.000,nav_rejected,0
185.000,run_seed,5
186.000,anomalies_detected,0
186.000,anomalies_unique,0
186.000,investigation_timeouts,0
186.000,mission_duration_s,141.676
186.000,distance_traveled_m,35.01569564548142
186.000,route_deviations,1
186.000,investigation_time_s,0.0
186.000,hazard_avoidances,1
186.000,min_hazard_distance_m,4.8504082880455766
186.000,collisions,0
186.000,time_below_clearance_s,0.0
186.000,safety_zone_violations,0
186.000,min_ttc_s,18.88355486602541
186.000,avoid_success,1
186.000,avoid_timeout,0
186.000,q_convergence,0.7634442068729335
186.000,update_residual,0.07634442068729334
186.000,investigation_deferred,0
186.000,nav_aborted,0
186.000,nav_canceled,0
186.000,nav_rejected,0
186.000,run_seed,5
187.000,anomalies_detected,0
187.000,anomalies_unique,0
187.000,investigation_timeouts,0
187.000,mission_duration_s,142.676
187.000,distance_traveled_m,35.27777564543453
187.000,route_deviations,1
187.000,investigation_time_s,0.0
187.000,hazard_avoidances,1
187.000,min_hazard_distance_m,4.8504082880455766
187.000,collisions,0
187.000,time_below_clearance_s,0.0
187.000,safety_zone_violations,0
187.000,min_ttc_s,18.88355486602541
187.000,avoid_success,1
187.000,avoid_timeout,0
187.000,q_convergence,0.6651766919708523
187.000,update_residual,0.06651766919708521
187.000,investigation_deferred,0
187.000,nav_aborted,0
187.000,nav_canceled,0
187.000,nav_rejected,0
187.000,run_seed,5
188.000,anomalies_detected,0
188.000,anomalies_unique,0
188.000,investigation_timeouts,0
188.000,mission_duration_s,143.676
188.000,distance_traveled_m,35.53985564537632
188.000,route_deviations,1
188.000,investigation_time_s,0.0
188.000,hazard_avoidances,1
188.000,min_hazard_distance_m,4.8504082880455766
188.000,collisions,0
188.000,time_below_clearance_s,0.0
188.000,safety_zone_violations,0
188.000,min_ttc_s,18.88355486602541
188.000,avoid_success,1
188.000,avoid_timeout,0
188.000,q_convergence,1.0579790775210527
188.000,update_residual,0.10579790775210529
188.000,investigation_deferred,0
188.000,nav_aborted,0
188.000,nav_canceled,0
188.000,nav_rejected,0
188.000,run_seed,5
189.000,anomalies_detected,0
189.000,anomalies_unique,0
189.000,investigation_timeouts,0
189.000,mission_duration_s,144.676
189.000,distance_traveled_m,35.79257564531684
189.000,route_deviations,1
189.000,investigation_time_s,0.0
189.000,hazard_avoidances,1
189.000,min_hazard_distance_m,4.8504082880455766
189.000,collisions,0
189.000,time_below_clearance_s,0.0
189.000,safety_zone_violations,0
189.000,min_ttc_s,18.88355486602541
189.000,avoid_success,1
189.000,avoid_timeout,0
189.000,q_convergence,0.8589342190890005
189.000,update_residual,0.08589342190890004
189.000,investigation_deferred,0
189.000,nav_aborted,0
189.000,nav_canceled,0
189.000,nav_rejected,0
189.000,run_seed,5
190.000,anomalies_detected,0
190.000,anomalies_unique,0
190.000,investigation_timeouts,0
190.000,mission_duration_s,145.676
190.000,distance_traveled_m,36.05465564523354
190.000,route_deviations,1
190.000,investigation_time_s,0.0
190.000,hazard_avoidances,1
190.000,min_hazard_distance_m,4.8504082880455766
190.000,collisions,0
190.000,time_below_clearance_s,0.0
190.000,safety_zone_violations,0
190.000,min_ttc_s,18.88355486602541
190.000,avoid_success,1
190.000,avoid_timeout,0
190.000,q_convergence,0.7482894581215548
190.000,update_residual,0.07482894581215548
190.000,investigation_deferred,0
190.000,nav_aborted,0
190.000,nav_canceled,0
190.000,nav_rejected,0
190.000,run_seed,5
191.000,anomalies_detected,0
191.000,anomalies_unique,0
191.000,investigation_timeouts,0
191.000,mission_duration_s,146.676
191.000,distance_traveled_m,36.31673564517206
191.000,route_deviations,1
191.000,investigation_time_s,0.0
191.000,hazard_avoidances,1
191.000,min_hazard_distance_m,4.8504082880455766
191.000,collisions,0
191.000,time_below_clearance_s,0.0
191.000,safety_zone_violations,0
191.000,min_ttc_s,18.88355486602541
191.000,avoid_success,1
191.000,avoid_timeout,0
191.000,q_convergence,0.6519726024626202
191.000,update_residual,0.06519726024626202
191.000,investigation_deferred,0
191.000,nav_aborted,0
191.000,nav_canceled,0
191.000,nav_rejected,0
191.000,run_seed,5
192.000,anomalies_detected,0
192.000,anomalies_unique,0
192.000,investigation_timeouts,0
192.000,mission_duration_s,147.676
192.000,distance_traveled_m,36.57881564512603
192.000,route_deviations,1
192.000,investigation_time_s,0.0
192.000,hazard_avoidances,1
192.000,min_hazard_distance_m,4.8504082880455766
192.000,collisions,0
192.000,time_below_clearance_s,0.0
192.000,safety_zone_violations,0
192.000,min_ttc_s,18.88355486602541
192.000,avoid_success,1
192.000,avoid_timeout,0
192.000,q_convergence,1.1005552300785753
192.000,update_residual,0.11005552300785755
192.000,investigation_deferred,0
192.000,nav_aborted,0
192.000,nav_canceled,0
192.000,nav_rejected,0
192.000,run_seed,5
193.000,anomalies_detected,0
193.000,anomalies_unique,0
193.000,investigation_timeouts,0
193.000,mission_duration_s,148.676
193.000,distance_traveled_m,36.84089564507185
193.000,route_deviations,1
193.000,investigation_time_s,0.0
193.000,hazard_avoidances,1
193.000,min_hazard_distance_m,4.8504082880455766
193.000,collisions,0
193.000,time_below_clearance_s,0.0
193.000,safety_zone_violations,0
193.000,min_ttc_s,18.88355486602541
193.000,avoid_success,1
193.000,avoid_timeout,0
193.000,q_convergence,0.8418839459098078
193.000,update_residual,0.08418839459098079
193.000,investigation_deferred,0
193.000,nav_aborted,0
193.000,nav_canceled,0
193.000,nav_rejected,0
193.000,run_seed,5
194.000,anomalies_detected,0
194.000,anomalies_unique,0
194.000,investigation_timeouts,0
194.000,mission_duration_s,149.676
194.000,distance_traveled_m,37.093615645008306
194.000,route_deviations,1
194.000,investigation_time_s,0.0
194.000,hazard_avoidances,1
194.000,min_hazard_distance_m,4.8504082880455766
194.000,collisions,0
194.000,time_below_clearance_s,0.0
194.000,safety_zone_violations,0
194.000,min_ttc_s,18.88355486602541
194.000,avoid_success,1
194.000,avoid_timeout,0
194.000,q_convergence,0.7316417650943821
194.000,update_residual,0.0731641765094382
194.000,investigation_deferred,0
194.000,nav_aborted,0
194.000,nav_canceled,0
194.000,nav_rejected,0
194.000,run_seed,5
195.000,anomalies_detected,0
195.000,anomalies_unique,0
195.000,investigation_timeouts,0
195.000,mission_duration_s,150.676
195.000,distance_traveled_m,37.3556956449186
195.000,route_deviations,1
195.000,investigation_time_s,0.0
195.000,hazard_avoidances,1
195.000,min_hazard_distance_m,4.8504082880455766
195.000,collisions,0
195.000,time_below_clearance_s,0.0
195.000,safety_zone_violations,0
195.000,min_ttc_s,18.88355486602541
195.000,avoid_success,1
195.000,avoid_timeout,0
195.000,q_convergence,0.6373943519472766
195.000,update_residual,0.06373943519472765
195.000,investigation_deferred,0
195.000,nav_aborted,0
195.000,nav_canceled,0
195.000,nav_rejected,0
195.000,run_seed,5
196.000,anomalies_detected,0
196.000,anomalies_unique,0
196.000,investigation_timeouts,0
196.000,mission_duration_s,151.676
196.000,distance_traveled_m,37.617775644858035
196.000,route_deviations,1
196.000,investigation_time_s,0.0
196.000,hazard_avoidances,1
196.000,min_hazard_distance_m,4.8504082880455766
196.000,collisions,0
196.000,time_below_clearance_s,0.0
196.000,safety_zone_violations,0
196.000,min_ttc_s,18.88355486602541
196.000,avoid_success,1
196.000,avoid_timeout,0
196.000,q_convergence,1.1422862247463648
196.000,update_residual,0.1142286224746365
196.000,investigation_deferred,0
196.000,nav_aborted,0
196.000,nav_canceled,0
196.000,nav_rejected,0
196.000,run_seed,5
197.000,anomalies_detected,0
197.000,anomalies_unique,0
197.000,investigation_timeouts,0
197.000,mission_duration_s,152.676
197.000,distance_traveled_m,37.879855644809496
197.000,route_deviations,1
197.000,investigation_time_s,0.0
197.000,hazard_avoidances,1
197.000,min_hazard_distance_m,4.8504082880455766
197.000,collisions,0
197.000,time_below_clearance_s,0.0
197.000,safety_zone_violations,0
197.000,min_ttc_s,18.88355486602541
197.000,avoid_success,1
197.000,avoid_timeout,0
197.000,q_convergence,0.8251721291677026
197.000,update_residual,0.08251721291677028
197.000,investigation_deferred,0
197.000,nav_aborted,0
197.000,nav_canceled,0
197.000,nav_rejected,0
197.000,run_seed,5
198.000,anomalies_detected,0
198.000,anomalies_unique,0
198.000,investigation_timeouts,0
198.000,mission_duration_s,153.676
198.000,distance_traveled_m,38.13257564476439
198.000,route_deviations,1
198.000,investigation_time_s,0.0
198.000,hazard_avoidances,1
198.000,min_hazard_distance_m,4.8504082880455766
198.000,collisions,0
198.000,time_below_clearance_s,0.0
198.000,safety_zone_violations,0
198.000,min_ttc_s,18.88355486602541
198.000,avoid_success,1
198.000,avoid_timeout,0
198.000,q_convergence,0.717118310693652
198.000,update_residual,0.0717118310693652
198.000,investigation_deferred,0
198.000,nav_aborted,0
198.000,nav_canceled,0
198.000,nav_rejected,0
198.000,run_seed,5
199.000,anomalies_detected,0
199.000,anomalies_unique,0
199.000,investigation_timeouts,0
199.000,mission_duration_s,154.676
199.000,distance_traveled_m,38.39465564470503
199.000,route_deviations,1
199.000,investigation_time_s,0.0
199.000,hazard_avoidances,1
199.000,min_hazard_distance_m,4.8504082880455766
199.000,collisions,0
199.000,time_below_clearance_s,0.0
199.000,safety_zone_violations,0
199.000,min_ttc_s,18.88355486602541
199.000,avoid_success,1
199.000,avoid_timeout,0
199.000,q_convergence,0.8866244811979888
199.000,update_residual,0.0886624481197989
199.000,investigation_deferred,0
199.000,nav_aborted,0
199.000,nav_canceled,0
199.000,nav_rejected,0
199.000,run_seed,5
200.000,anomalies_detected,0
200.000,anomalies_unique,0
200.000,investigation_timeouts,0
200.000,mission_duration_s,155.676
200.000,distance_traveled_m,38.65673564463433
200.000,route_deviations,1
200.000,investigation_time_s,0.0
200.000,hazard_avoidances,1
200.000,min_hazard_distance_m,4.8504082880455766
200.000,collisions,0
200.000,time_below_clearance_s,0.0
200.000,safety_zone_violations,0
200.000,min_ttc_s,18.88355486602541
200.000,avoid_success,1
200.000,avoid_timeout,0
200.000,q_convergence,0.9306590673747583
200.000,update_residual,0.09306590673747582
200.000,investigation_deferred,0
200.000,nav_aborted,0
200.000,nav_canceled,0
200.000,nav_rejected,0
200.000,run_seed,5
201.000,anomalies_detected,0
201.000,anomalies_unique,0
201.000,investigation_timeouts,0
201.000,mission_duration_s,156.676
201.000,distance_traveled_m,38.91881564457673
201.000,route_deviations,1
201.000,investigation_time_s,0.0
201.000,hazard_avoidances,1
201.000,min_hazard_distance_m,4.8504082880455766
201.000,collisions,0
201.000,time_below_clearance_s,0.0
201.000,safety_zone_violations,0
201.000,min_ttc_s,18.88355486602541
201.000,avoid_success,1
201.000,avoid_timeout,0
201.000,q_convergence,0.8087920503333915
201.000,update_residual,0.08087920503333919
201.000,investigation_deferred,0
201.000,nav_aborted,0
201.000,nav_canceled,0
201.000,nav_rejected,0
201.000,run_seed,5
202.000,anomalies_detected,0
202.000,anomalies_unique,0
202.000,investigation_timeouts,0
202.000,mission_duration_s,157.676
202.000,distance_traveled_m,39.180895644532484
202.000,route_deviations,1
202.000,investigation_time_s,0.0
202.000,hazard_avoidances,1
202.000,min_hazard_distance_m,4.8504082880455766
202.000,collisions,0
202.000,time_below_clearance_s,0.0
202.000,safety_zone_violations,0
202.000,min_ttc_s,18.88355486602541
202.000,avoid_success,1
202.000,avoid_timeout,0
202.000,q_convergence,0.7028831541154267
202.000,update_residual,0.07028831541154267
202.000,investigation_deferred,0
202.000,nav_aborted,0
202.000,nav_canceled,0
202.000,nav_rejected,0
202.000,run_seed,5
203.000,anomalies_detected,0
203.000,anomalies_unique,0
203.000,investigation_timeouts,0
203.000,mission_duration_s,158.676
203.000,distance_traveled_m,39.43361564448779
203.000,route_deviations,1
203.000,investigation_time_s,0.0
203.000,hazard_avoidances,1
203.000,min_hazard_distance_m,4.8504082880455766
203.000,collisions,0
203.000,time_below_clearance_s,0.0
203.000,safety_zone_violations,0
203.000,min_ttc_s,18.88355486602541
203.000,avoid_success,1
203.000,avoid_timeout,0
203.000,q_convergence,0.9478428998783609
203.000,update_residual,0.09478428998783608
203.000,investigation_deferred,0
203.000,nav_aborted,0
203.000,nav_canceled,0
203.000,nav_rejected,0
203.000,run_seed,5
204.000,anomalies_detected,0
204.000,anomalies_unique,0
204.000,investigation_timeouts,0
204.000,mission_duration_s,159.676
204.000,distance_traveled_m,39.695695644424795
204.000,route_deviations,1
204.000,investigation_time_s,0.0
204.000,hazard_avoidances,1
204.000,min_hazard_distance_m,4.8504082880455766
204.000,collisions,0
204.000,time_below_clearance_s,0.0
204.000,safety_zone_violations,0
204.000,min_ttc_s,18.88355486602541
204.000,avoid_success,1
204.000,avoid_timeout,0
204.000,q_convergence,0.9053000796937092
204.000,update_residual,0.0905300079693709
204.000,investigation_deferred,0
204.000,nav_aborted,0
204.000,nav_canceled,0
204.000,nav_rejected,0
204.000,run_seed,5
205.000,anomalies_detected,0
205.000,anomalies_unique,0
205.000,investigation_timeouts,0
205.000,mission_duration_s,160.676
205.000,distance_traveled_m,39.95777564434365
205.000,route_deviations,1
205.000,investigation_time_s,0.0
205.000,hazard_avoidances,1
205.000,min_hazard_distance_m,4.8504082880455766
205.000,collisions,0
205.000,time_below_clearance_s,0.0
205.000,safety_zone_violations,0
205.000,min_ttc_s,18.88355486602541
205.000,avoid_success,1
205.000,avoid_timeout,0
205.000,q_convergence,0.9466935960509465
205.000,update_residual,0.18607038004878843
205.000,investigation_deferred,0
205.000,nav_aborted,0
205.000,nav_canceled,0
205.000,nav_rejected,0
205.000,run_seed,5
206.000,anomalies_detected,0
206.000,anomalies_unique,0
206.000,investigation_timeouts,0
206.000,mission_duration_s,161.676
206.000,distance_traveled_m,40.21985564428488
206.000,route_deviations,1
206.000,investigation_time_s,0.0
206.000,hazard_avoidances,1
206.000,min_hazard_distance_m,4.8504082880455766
206.000,collisions,0
206.000,time_below_clearance_s,0.0
206.000,safety_zone_violations,0
206.000,min_ttc_s,18.88355486602541
206.000,avoid_success,1
206.000,avoid_timeout,0
206.000,q_convergence,0.6089595344257079
206.000,update_residual,0.2808917248493783
206.000,investigation_deferred,0
206.000,nav_aborted,0
206.000,nav_canceled,0
206.000,nav_rejected,0
206.000,run_seed,5
207.000,anomalies_detected,0
207.000,anomalies_unique,0
207.000,investigation_timeouts,0
207.000,mission_duration_s,162.676
207.000,distance_traveled_m,40.47257564424075
207.000,route_deviations,1
207.000,investigation_time_s,0.0
207.000,hazard_avoidances,1
207.000,min_hazard_distance_m,4.8504082880455766
207.000,collisions,0
207.000,time_below_clearance_s,0.0
207.000,safety_zone_violations,0
207.000,min_ttc_s,18.88355486602541
207.000,avoid_success,1
207.000,avoid_timeout,0
207.000,q_convergence,1.0725216988592927
207.000,update_residual,0.31953259427679503
207.000,investigation_deferred,0
207.000,nav_aborted,0
207.000,nav_canceled,0
207.000,nav_rejected,0
207.000,run_seed,5
208.000,anomalies_detected,0
208.000,anomalies_unique,0
208.000,investigation_timeouts,0
208.000,mission_duration_s,163.676
208.000,distance_traveled_m,40.73465564419088
208.000,route_deviations,1
208.000,investigation_time_s,0.0
208.000,hazard_avoidances,1
208.000,min_hazard_distance_m,4.8504082880455766
208.000,collisions,0
208.000,time_below_clearance_s,0.0
208.000,safety_zone_violations,0
208.000,min_ttc_s,18.88355486602541
208.000,avoid_success,1
208.000,avoid_timeout,0
208.000,q_convergence,0.6238686362155657
208.000,update_residual,0.29961840007904145
208.000,investigation_deferred,0
208.000,nav_aborted,0
208.000,nav_canceled,0
208.000,nav_rejected,0
208.000,run_seed,5
209.000,anomalies_detected,1
209.000,anomalies_unique,0
209.000,investigation_timeouts,0
209.000,mission_duration_s,164.676
209.000,distance_traveled_m,40.99673561148516
209.000,route_deviations,2
209.000,investigation_time_s,0.8000000000000114
209.000,hazard_avoidances,1
209.000,min_hazard_distance_m,4.8504082880455766
209.000,collisions,0
209.000,time_below_clearance_s,0.0
209.000,safety_zone_violations,0
209.000,min_ttc_s,18.88355486602541
209.000,avoid_success,1
209.000,avoid_timeout,0
209.000,q_convergence,0.23481191708399646
209.000,update_residual,0.26733052868637514
209.000,investigation_deferred,0
209.000,nav_aborted,0
209.000,nav_canceled,0
209.000,nav_rejected,0
209.000,run_seed,5
210.000,anomalies_detected,1
210.000,anomalies_unique,0
210.000,investigation_timeouts,0
210.000,mission_duration_s,165.676
210.000,distance_traveled_m,41.175823862806794
210.000,route_deviations,2
210.000,investigation_time_s,1.8000000000000114
210.000,hazard_avoidances,1
210.000,min_hazard_distance_m,4.8504082880455766
210.000,collisions,0
210.000,time_below_clearance_s,0.0
210.000,safety_zone_violations,0
210.000,min_ttc_s,18.88355486602541
210.000,avoid_success,1
210.000,avoid_timeout,0
210.000,q_convergence,1.4003690374745605
210.000,update_residual,0.3733515434025096
210.000,investigation_deferred,0
210.000,nav_aborted,0
210.000,nav_canceled,0
210.000,nav_rejected,0
210.000,run_seed,5
211.000,anomalies_detected,1
211.000,anomalies_unique,0
211.000,investigation_timeouts,0
211.000,mission_duration_s,166.676
211.000,distance_traveled_m,41.437902605348725
211.000,route_deviations,2
211.000,investigation_time_s,2.8000000000000114
211.000,hazard_avoidances,1
211.000,min_hazard_distance_m,4.8504082880455766
211.000,collisions,0
211.000,time_below_clearance_s,0.0
211.000,safety_zone_violations,0
211.000,min_ttc_s,18.88355486602541
211.000,avoid_success,1
211.000,avoid_timeout,0
211.000,q_convergence,1.2824976741320253
211.000,update_residual,0.32322264572777215
211.000,investigation_deferred,0
211.000,nav_aborted,0
211.000,nav_canceled,0
211.000,nav_rejected,0
211.000,run_seed,5
212.000,anomalies_detected,1
212.000,anomalies_unique,0
212.000,investigation_timeouts,0
212.000,mission_duration_s,167.676
212.000,distance_traveled_m,41.69062259637507
212.000,route_deviations,2
212.000,investigation_time_s,3.8000000000000114
212.000,hazard_avoidances,1
212.000,min_hazard_distance_m,4.8504082880455766
212.000,collisions,0
212.000,time_below_clearance_s,0.0
212.000,safety_zone_violations,0
212.000,min_ttc_s,18.88355486602541
212.000,avoid_success,1
212.000,avoid_timeout,0
212.000,q_convergence,0.7246362566384364
212.000,update_residual,0.2860362573480849
212.000,investigation_deferred,0
212.000,nav_aborted,0
212.000,nav_canceled,0
212.000,nav_rejected,0
212.000,run_seed,5
213.000,anomalies_detected,1
213.000,anomalies_unique,0
213.000,investigation_timeouts,0
213.000,mission_duration_s,168.676
213.000,distance_traveled_m,41.95270259459653
213.000,route_deviations,2
213.000,investigation_time_s,4.800000000000011
213.000,hazard_avoidances,1
213.000,min_hazard_distance_m,4.8504082880455766
213.000,collisions,0
213.000,time_below_clearance_s,0.0
213.000,safety_zone_violations,0
213.000,min_ttc_s,18.88355486602541
213.000,avoid_success,1
213.000,avoid_timeout,0
213.000,q_convergence,1.0770409713433897
213.000,update_residual,0.27579366836730673
213.000,investigation_deferred,0
213.000,nav_aborted,0
213.000,nav_canceled,0
213.000,nav_rejected,0
213.000,run_seed,5
214.000,anomalies_detected,1
214.000,anomalies_unique,0
214.000,investigation_timeouts,0
214.000,mission_duration_s,169.676
214.000,distance_traveled_m,42.21478257830659
214.000,route_deviations,2
214.000,investigation_time_s,5.800000000000011
214.000,hazard_avoidances,1
214.000,min_hazard_distance_m,4.8504082880455766
214.000,collisions,0
214.000,time_below_clearance_s,0.0
214.000,safety_zone_violations,0
214.000,min_ttc_s,18.88355486602541
214.000,avoid_success,1
214.000,avoid_timeout,0
214.000,q_convergence,0.6642209050305407
214.000,update_residual,0.24795882743465916
214.000,investigation_deferred,0
214.000,nav_aborted,0
214.000,nav_canceled,0
214.000,nav_rejected,0
214.000,run_seed,5
215.000,anomalies_detected,1
215.000,anomalies_unique,0
215.000,investigation_timeouts,0
215.000,mission_duration_s,170.676
215.000,distance_traveled_m,42.47686256227392
215.000,route_deviations,2
215.000,investigation_time_s,6.800000000000011
215.000,hazard_avoidances,1
215.000,min_hazard_distance_m,4.8504082880455766
215.000,collisions,0
215.000,time_below_clearance_s,0.0
215.000,safety_zone_violations,0
215.000,min_ttc_s,18.88355486602541
215.000,avoid_success,1
215.000,avoid_timeout,0
215.000,q_convergence,0.3571346546960013
215.000,update_residual,0.1900196918614645
215.000,investigation_deferred,0
215.000,nav_aborted,0
215.000,nav_canceled,0
215.000,nav_rejected,0
215.000,run_seed,5
216.000,anomalies_detected,1
216.000,anomalies_unique,0
216.000,investigation_timeouts,0
216.000,mission_duration_s,171.676
216.000,distance_traveled_m,42.701839478837876
216.000,route_deviations,2
216.000,investigation_time_s,7.800000000000011
216.000,hazard_avoidances,1
216.000,min_hazard_distance_m,4.8504082880455766
216.000,collisions,0
216.000,time_below_clearance_s,0.0
216.000,safety_zone_violations,0
216.000,min_ttc_s,18.88355486602541
216.000,avoid_success,1
216.000,avoid_timeout,0
216.000,q_convergence,0.10838134178048607
216.000,update_residual,0.16513718242479294
216.000,investigation_deferred,0
216.000,nav_aborted,0
216.000,nav_canceled,0
216.000,nav_rejected,0
216.000,run_seed,5
217.000,anomalies_detected,1
217.000,anomalies_unique,0
217.000,investigation_timeouts,0
217.000,mission_duration_s,172.676
217.000,distance_traveled_m,42.70183947884619
217.000,route_deviations,2
217.000,investigation_time_s,8.800000000000011
217.000,hazard_avoidances,1
217.000,min_hazard_distance_m,4.8504082880455766
217.000,collisions,0
217.000,time_below_clearance_s,0.0
217.000,safety_zone_violations,0
217.000,min_ttc_s,18.88355486602541
217.000,avoid_success,1
217.000,avoid_timeout,0
217.000,q_convergence,0.0899777419153321
217.000,update_residual,0.12216251824155151
217.000,investigation_deferred,0
217.000,nav_aborted,0
217.000,nav_canceled,0
217.000,nav_rejected,0
217.000,run_seed,5
218.000,anomalies_detected,1
218.000,anomalies_unique,0
218.000,investigation_timeouts,0
218.000,mission_duration_s,173.676
218.000,distance_traveled_m,42.70183947884622
218.000,route_deviations,2
218.000,investigation_time_s,9.800000000000011
218.000,hazard_avoidances,1
218.000,min_hazard_distance_m,4.8504082880455766
218.000,collisions,0
218.000,time_below_clearance_s,0.0
218.000,safety_zone_violations,0
218.000,min_ttc_s,18.88355486602541
218.000,avoid_success,1
218.000,avoid_timeout,0
218.000,q_convergence,1.6396865531869003
218.000,update_residual,0.2674916004176605
218.000,investigation_deferred,0
218.000,nav_aborted,0
218.000,nav_canceled,0
218.000,nav_rejected,0
218.000,run_seed,5
219.000,anomalies_detected,1
219.000,anomalies_unique,0
219.000,investigation_timeouts,0
219.000,mission_duration_s,174.676
219.000,distance_traveled_m,42.70183947884622
219.000,route_deviations,2
219.000,investigation_time_s,10.800000000000011
219.000,hazard_avoidances,1
219.000,min_hazard_distance_m,4.8504082880455766
219.000,collisions,0
219.000,time_below_clearance_s,0.0
219.000,safety_zone_violations,0
219.000,min_ttc_s,18.88355486602541
219.000,avoid_success,1
219.000,avoid_timeout,0
219.000,q_convergence,0.612855466862693
219.000,update_residual,0.1727717952543913
219.000,investigation_deferred,0
219.000,nav_aborted,0
219.000,nav_canceled,0
219.000,nav_rejected,0
219.000,run_seed,5
220.000,anomalies_detected,1
220.000,anomalies_unique,1
220.000,investigation_timeouts,0
220.000,mission_duration_s,175.676
220.000,distance_traveled_m,42.70183947884622
220.000,route_deviations,2
220.000,investigation_time_s,10.800000000000011
220.000,hazard_avoidances,1
220.000,min_hazard_distance_m,4.8504082880455766
220.000,collisions,0
220.000,time_below_clearance_s,0.0
220.000,safety_zone_violations,0
220.000,min_ttc_s,18.88355486602541
220.000,avoid_success,1
220.000,avoid_timeout,0
220.000,q_convergence,0.3974297390591584
220.000,update_residual,0.13450628518881952
220.000,investigation_deferred,0
220.000,nav_aborted,0
220.000,nav_canceled,0
220.000,nav_rejected,0
220.000,run_seed,5
221.000,anomalies_detected,1
221.000,anomalies_unique,1
221.000,investigation_timeouts,0
221.000,mission_duration_s,176.676
221.000,distance_traveled_m,42.84042664028348
221.000,route_deviations,2
221.000,investigation_time_s,10.800000000000011
221.000,hazard_avoidances,1
221.000,min_hazard_distance_m,4.8504082880455766
221.000,collisions,0
221.000,time_below_clearance_s,0.0
221.000,safety_zone_violations,0
221.000,min_ttc_s,18.88355486602541
221.000,avoid_success,1
221.000,avoid_timeout,0
221.000,q_convergence,0.23048948603210176
221.000,update_residual,0.10359776319367832
221.000,investigation_deferred,0
221.000,nav_aborted,0
221.000,nav_canceled,0
221.000,nav_rejected,0
221.000,run_seed,5
222.000,anomalies_detected,1
222.000,anomalies_unique,1
222.000,investigation_timeouts,0
222.000,mission_duration_s,177.676
222.000,distance_traveled_m,42.93118686258237
222.000,route_deviations,2
222.000,investigation_time_s,10.800000000000011
222.000,hazard_avoidances,1
222.000,min_hazard_distance_m,4.8504082880455766
222.000,collisions,0
222.000,time_below_clearance_s,0.0
222.000,safety_zone_violations,0
222.000,min_ttc_s,18.88355486602541
222.000,avoid_success,1
222.000,avoid_timeout,0
222.000,q_convergence,0.09703864089655838
222.000,update_residual,0.09025267868012397
222.000,investigation_deferred,0
222.000,nav_aborted,0
222.000,nav_canceled,0
222.000,nav_rejected,0
222.000,run_seed,5
223.000,anomalies_detected,1
223.000,anomalies_unique,1
223.000,investigation_timeouts,0
223.000,mission_duration_s,178.676
223.000,distance_traveled_m,43.189998845209345
223.000,route_deviations,2
223.000,investigation_time_s,10.800000000000011
223.000,hazard_avoidances,1
223.000,min_hazard_distance_m,4.8504082880455766
223.000,collisions,0
223.000,time_below_clearance_s,0.0
223.000,safety_zone_violations,0
223.000,min_ttc_s,18.88355486602541
223.000,avoid_success,1
223.000,avoid_timeout,0
223.000,q_convergence,0.025070784446436938
223.000,update_residual,0.0673346834619018
223.000,investigation_deferred,0
223.000,nav_aborted,0
223.000,nav_canceled,0
223.000,nav_rejected,0
223.000,run_seed,5
224.000,anomalies_detected,1
224.000,anomalies_unique,1
224.000,investigation_timeouts,0
224.000,mission_duration_s,179.676
224.000,distance_traveled_m,43.44353943048132
224.000,route_deviations,2
224.000,investigation_time_s,10.800000000000011
224.000,hazard_avoidances,1
224.000,min_hazard_distance_m,4.8504082880455766
224.000,collisions,0
224.000,time_below_clearance_s,0.0
224.000,safety_zone_violations,0
224.000,min_ttc_s,18.88355486602541
224.000,avoid_success,1
224.000,avoid_timeout,0
224.000,q_convergence,1.1785695419908666
224.000,update_residual,0.1720664191536909
224.000,investigation_deferred,0
224.000,nav_aborted,0
224.000,nav_canceled,0
224.000,nav_rejected,0
224.000,run_seed,5
225.000,anomalies_detected,1
225.000,anomalies_unique,1
225.000,investigation_timeouts,0
225.000,mission_duration_s,180.676
225.000,distance_traveled_m,43.69625910898006
225.000,route_deviations,2
225.000,investigation_time_s,10.800000000000011
225.000,hazard_avoidances,1
225.000,min_hazard_distance_m,4.8504082880455766
225.000,collisions,0
225.000,time_below_clearance_s,0.0
225.000,safety_zone_violations,0
225.000,min_ttc_s,18.88355486602541
225.000,avoid_success,1
225.000,avoid_timeout,0
225.000,q_convergence,0.8131728472212927
225.000,update_residual,0.1395138032637425
225.000,investigation_deferred,0
225.000,nav_aborted,0
225.000,nav_canceled,0
225.000,nav_rejected,0
225.000,run_seed,5
226.000,anomalies_detected,1
226.000,anomalies_unique,1
226.000,investigation_timeouts,0
226.000,mission_duration_s,181.676
226.000,distance_traveled_m,43.95833908622969
226.000,route_deviations,2
226.000,investigation_time_s,10.800000000000011
226.000,hazard_avoidances,1
226.000,min_hazard_distance_m,4.8504082880455766
226.000,collisions,0
226.000,time_below_clearance_s,0.0
226.000,safety_zone_violations,0
226.000,min_ttc_s,18.88355486602541
226.000,avoid_success,1
226.000,avoid_timeout,0
226.000,q_convergence,0.6389009441114291
226.000,update_residual,0.11335713517151415
226.000,investigation_deferred,0
226.000,nav_aborted,0
226.000,nav_canceled,0
226.000,nav_rejected,0
226.000,run_seed,5
227.000,anomalies_detected,1
227.000,anomalies_unique,1
227.000,investigation_timeouts,0
227.000,mission_duration_s,182.676
227.000,distance_traveled_m,44.22041908317067
227.000,route_deviations,2
227.000,investigation_time_s,10.800000000000011
227.000,hazard_avoidances,1
227.000,min_hazard_distance_m,4.8504082880455766
227.000,collisions,0
227.000,time_below_clearance_s,0.0
227.000,safety_zone_violations,0
227.000,min_ttc_s,18.88355486602541
227.000,avoid_success,1
227.000,avoid_timeout,0
227.000,q_convergence,0.49779025283470274
227.000,update_residual,0.0918260099297858
227.000,investigation_deferred,0
227.000,nav_aborted,0
227.000,nav_canceled,0
227.000,nav_rejected,0
227.000,run_seed,5
228.000,anomalies_detected,1
228.000,anomalies_unique,1
228.000,investigation_timeouts,0
228.000,mission_duration_s,183.676
228.000,distance_traveled_m,44.48249907030707
228.000,route_deviations,2
228.000,investigation_time_s,10.800000000000011
228.000,hazard_avoidances,1
228.000,min_hazard_distance_m,4.8504082880455766
228.000,collisions,0
228.000,time_below_clearance_s,0.0
228.000,safety_zone_violations,0
228.000,min_ttc_s,18.88355486602541
228.000,avoid_success,1
228.000,avoid_timeout,0
228.000,q_convergence,0.8125773796610177
228.000,update_residual,0.12030136656625193
228.000,investigation_deferred,0
228.000,nav_aborted,0
228.000,nav_canceled,0
228.000,nav_rejected,0
228.000,run_seed,5
229.000,anomalies_detected,1
229.000,anomalies_unique,1
229.000,investigation_timeouts,0
229.000,mission_duration_s,184.676
229.000,distance_traveled_m,44.7442409127644
229.000,route_deviations,2
229.000,investigation_time_s,10.800000000000011
229.000,hazard_avoidances,1
229.000,min_hazard_distance_m,4.8504082880455766
229.000,collisions,0
229.000,time_below_clearance_s,0.0
229.000,safety_zone_violations,0
229.000,min_ttc_s,18.88355486602541
229.000,avoid_success,1
229.000,avoid_timeout,0
229.000,q_convergence,0.9696334254366084
229.000,update_residual,0.1301504268537885
229.000,investigation_deferred,0
229.000,nav_aborted,0
229.000,nav_canceled,0
229.000,nav_rejected,0
229.000,run_seed,5
230.000,anomalies_detected,1
230.000,anomalies_unique,1
230.000,investigation_timeouts,0
230.000,mission_duration_s,185.676
230.000,distance_traveled_m,44.900542345504306
230.000,route_deviations,2
230.000,investigation_time_s,10.800000000000011
230.000,hazard_avoidances,1
230.000,min_hazard_distance_m,4.8504082880455766
230.000,collisions,0
230.000,time_below_clearance_s,0.0
230.000,safety_zone_violations,0
230.000,min_ttc_s,18.88355486602541
230.000,avoid_success,1
230.000,avoid_timeout,0
230.000,q_convergence,0.8657863658508008
230.000,update_residual,0.11695758299204308
230.000,investigation_deferred,0
230.000,nav_aborted,0
230.000,nav_canceled,0
230.000,nav_rejected,0
230.000,run_seed,5
231.000,anomalies_detected,1
231.000,anomalies_unique,1
231.000,investigation_timeouts,0
231.000,mission_duration_s,186.676
231.000,distance_traveled_m,44.940835115255325
231.000,route_deviations,2
231.000,investigation_time_s,10.800000000000011
231.000,hazard_avoidances,1
231.000,min_hazard_distance_m,4.8504082880455766
231.000,collisions,0
231.000,time_below_clearance_s,0.0
231.000,safety_zone_violations,0
231.000,min_ttc_s,18.88355486602541
231.000,avoid_success,1
231.000,avoid_timeout,0
231.000,q_convergence,0.7151258900438187
231.000,update_residual,0.10189153541134487
231.000,investigation_deferred,0
231.000,nav_aborted,0
231.000,nav_canceled,0
231.000,nav_rejected,0
231.000,run_seed,5
232.000,anomalies_detected,1
232.000,anomalies_unique,1
232.000,investigation_timeouts,0
232.000,mission_duration_s,187.676
232.000,distance_traveled_m,44.97238258031554
232.000,route_deviations,2
232.000,investigation_time_s,10.800000000000011
232.000,hazard_avoidances,1
232.000,min_hazard_distance_m,4.8504082880455766
232.000,collisions,0
232.000,time_below_clearance_s,0.0
232.000,safety_zone_violations,0
232.000,min_ttc_s,18.88355486602541
232.000,avoid_success,1
232.000,avoid_timeout,0
232.000,q_convergence,0.5869217886460172
232.000,update_residual,0.08451428331052024
232.000,investigation_deferred,0
232.000,nav_aborted,0
232.000,nav_canceled,0
232.000,nav_rejected,0
232.000,run_seed,5
233.000,anomalies_detected,1
233.000,anomalies_unique,1
233.000,investigation_timeouts,0
233.000,mission_duration_s,188.676
233.000,distance_traveled_m,45.00836361437418
233.000,route_deviations,2
233.000,investigation_time_s,10.800000000000011
233.000,hazard_avoidances,1
233.000,min_hazard_distance_m,4.8504082880455766
233.000,collisions,0
233.000,time_below_clearance_s,0.0
233.000,safety_zone_violations,0
233.000,min_ttc_s,18.88355486602541
233.000,avoid_success,1
233.000,avoid_timeout,0
233.000,q_convergence,0.4762528663144985
233.000,update_residual,0.07344739107736839
233.000,investigation_deferred,0
233.000,nav_aborted,0
233.000,nav_canceled,0
233.000,nav_rejected,0
233.000,run_seed,5
234.000,anomalies_detected,1
234.000,anomalies_unique,1
234.000,investigation_timeouts,0
234.000,mission_duration_s,189.676
234.000,distance_traveled_m,45.19814448960607
234.000,route_deviations,2
234.000,investigation_time_s,10.800000000000011
234.000,hazard_avoidances,1
234.000,min_hazard_distance_m,4.8504082880455766
234.000,collisions,0
234.000,time_below_clearance_s,0.0
234.000,safety_zone_violations,0
234.000,min_ttc_s,18.88355486602541
234.000,avoid_success,1
234.000,avoid_timeout,0
234.000,q_convergence,0.3825803585255071
234.000,update_residual,0.06020682463158146
234.000,investigation_deferred,0
234.000,nav_aborted,0
234.000,nav_canceled,0
234.000,nav_rejected,0
234.000,run_seed,5
235.000,anomalies_detected,1
235.000,anomalies_unique,1
235.000,investigation_timeouts,0
235.000,mission_duration_s,190.676
235.000,distance_traveled_m,45.46022396981011
235.000,route_deviations,2
235.000,investigation_time_s,10.800000000000011
235.000,hazard_avoidances,1
235.000,min_hazard_distance_m,4.8504082880455766
235.000,collisions,0
235.000,time_below_clearance_s,0.0
235.000,safety_zone_violations,0
235.000,min_ttc_s,18.88355486602541
235.000,avoid_success,1
235.000,avoid_timeout,0
235.000,q_convergence,0.30502413161169784
235.000,update_residual,0.05245120194020053
235.000,investigation_deferred,0
235.000,nav_aborted,0
235.000,nav_canceled,0
235.000,nav_rejected,0
235.000,run_seed,5
236.000,anomalies_detected,1
236.000,anomalies_unique,1
236.000,investigation_timeouts,0
236.000,mission_duration_s,191.676
236.000,distance_traveled_m,45.722303914416905
236.000,route_deviations,2
236.000,investigation_time_s,10.800000000000011
236.000,hazard_avoidances,1
236.000,min_hazard_distance_m,4.8504082880455766
236.000,collisions,0
236.000,time_below_clearance_s,0.0
236.000,safety_zone_violations,0
236.000,min_ttc_s,18.88355486602541
236.000,avoid_success,1
236.000,avoid_timeout,0
236.000,q_convergence,0.23963997473240978
236.000,update_residual,0.04262046793541712
236.000,investigation_deferred,0
236.000,nav_aborted,0
236.000,nav_canceled,0
236.000,nav_rejected,0
236.000,run_seed,5
237.000,anomalies_detected,1
237.000,anomalies_unique,1
237.000,investigation_timeouts,0
237.000,mission_duration_s,192.676
237.000,distance_traveled_m,45.98438390984431
237.000,route_deviations,2
237.000,investigation_time_s,10.800000000000011
237.000,hazard_avoidances,1
237.000,min_hazard_distance_m,4.8504082880455766
237.000,collisions,0
237.000,time_below_clearance_s,0.0
237.000,safety_zone_violations,0
237.000,min_ttc_s,18.88355486602541
237.000,avoid_success,1
237.000,avoid_timeout,0
237.000,q_convergence,0.7991734327145982
237.000,update_residual,0.09464262888624886
237.000,investigation_deferred,0
237.000,nav_aborted,0
237.000,nav_canceled,0
237.000,nav_rejected,0
237.000,run_seed,5
238.000,anomalies_detected,1
238.000,anomalies_unique,1
238.000,investigation_timeouts,0
238.000,mission_duration_s,193.676
238.000,distance_traveled_m,46.246463862521864
238.000,route_deviations,2
238.000,investigation_time_s,10.800000000000011
238.000,hazard_avoidances,1
238.000,min_hazard_distance_m,4.8504082880455766
238.000,collisions,0
238.000,time_below_clearance_s,0.0
238.000,safety_zone_violations,0
238.000,min_ttc_s,18.88355486602541
238.000,avoid_success,1
238.000,avoid_timeout,0
238.000,q_convergence,0.9220497925948168
238.000,update_residual,0.1080629791523314
238.000,investigation_deferred,0
238.000,nav_aborted,0
238.000,nav_canceled,0
238.000,nav_rejected,0
238.000,run_seed,5
239.000,anomalies_detected,1
239.000,anomalies_unique,1
239.000,investigation_timeouts,0
239.000,mission_duration_s,194.676
239.000,distance_traveled_m,46.49918356986135
239.000,route_deviations,2
239.000,investigation_time_s,10.800000000000011
239.000,hazard_avoidances,1
239.000,min_hazard_distance_m,4.8504082880455766
239.000,collisions,0
239.000,time_below_clearance_s,0.0
239.000,safety_zone_violations,0
239.000,min_ttc_s,18.88355486602541
239.000,avoid_success,1
239.000,avoid_timeout,0
239.000,q_convergence,0.8086185565546352
239.000,update_residual,0.09434115556438578
239.000,investigation_deferred,0
239.000,nav_aborted,0
239.000,nav_canceled,0
239.000,nav_rejected,0
239.000,run_seed,5
240.000,anomalies_detected,1
240.000,anomalies_unique,1
240.000,investigation_timeouts,0
240.000,mission_duration_s,195.676
240.000,distance_traveled_m,46.761262817167875
240.000,route_deviations,2
240.000,investigation_time_s,10.800000000000011
240.000,hazard_avoidances,1
240.000,min_hazard_distance_m,4.8504082880455766
240.000,collisions,0
240.000,time_below_clearance_s,0.0
240.000,safety_zone_violations,0
240.000,min_ttc_s,18.88355486602541
240.000,avoid_success,1
240.000,avoid_timeout,0
240.000,q_convergence,0.6870917344205127
240.000,update_residual,0.08218847335097353
240.000,investigation_deferred,0
240.000,nav_aborted,0
240.000,nav_canceled,0
240.000,nav_rejected,0
240.000,run_seed,5
241.000,anomalies_detected,1
241.000,anomalies_unique,1
241.000,investigation_timeouts,0
241.000,mission_duration_s,196.676
241.000,distance_traveled_m,47.0233419613927
241.000,route_deviations,2
241.000,investigation_time_s,10.800000000000011
241.000,hazard_avoidances,1
241.000,min_hazard_distance_m,4.8504082880455766
241.000,collisions,0
241.000,time_below_clearance_s,0.0
241.000,safety_zone_violations,0
241.000,min_ttc_s,18.88355486602541
241.000,avoid_success,1
241.000,avoid_timeout,0
241.000,q_convergence,0.5826094296745035
241.000,update_residual,0.06971834789003425
241.000,investigation_deferred,0
241.000,nav_aborted,0
241.000,nav_canceled,0
241.000,nav_rejected,0
241.000,run_seed,5
242.000,anomalies_detected,1
242.000,anomalies_unique,1
242.000,investigation_timeouts,0
242.000,mission_duration_s,197.676
242.000,distance_traveled_m,47.28542146753153
242.000,route_deviations,2
242.000,investigation_time_s,10.800000000000011
242.000,hazard_avoidances,1
242.000,min_hazard_distance_m,4.8504082880455766
242.000,collisions,0
242.000,time_below_clearance_s,0.0
242.000,safety_zone_violations,0
242.000,min_ttc_s,18.88355486602541
242.000,avoid_success,1
242.000,avoid_timeout,0
242.000,q_convergence,0.4913153415571692
242.000,update_residual,0.06058893907830082
242.000,investigation_deferred,0
242.000,nav_aborted,0
242.000,nav_canceled,0
242.000,nav_rejected,0
242.000,run_seed,5
243.000,anomalies_detected,1
243.000,anomalies_unique,1
243.000,investigation_timeouts,0
243.000,mission_duration_s,198.676
243.000,distance_traveled_m,47.53814128330902
243.000,route_deviations,2
243.000,investigation_time_s,10.800000000000011
243.000,hazard_avoidances,1
243.000,min_hazard_distance_m,4.8504082880455766
243.000,collisions,0
243.000,time_below_clearance_s,0.0
243.000,safety_zone_violations,0
243.000,min_ttc_s,18.88355486602541
243.000,avoid_success,1
243.000,avoid_timeout,0
243.000,q_convergence,1.2880365296357505
243.000,update_residual,0.13715119083574331
243.000,investigation_deferred,0
243.000,nav_aborted,0
243.000,nav_canceled,0
243.000,nav_rejected,0
243.000,run_seed,5
244.000,anomalies_detected,1
244.000,anomalies_unique,1
244.000,investigation_timeouts,0
244.000,mission_duration_s,199.676
244.000,distance_traveled_m,47.80022122349108
244.000,route_deviations,2
244.000,investigation_time_s,10.800000000000011
244.000,hazard_avoidances,1
244.000,min_hazard_distance_m,4.8504082880455766
244.000,collisions,0
244.000,time_below_clearance_s,0.0
244.000,safety_zone_violations,0
244.000,min_ttc_s,18.88355486602541
244.000,avoid_success,1
244.000,avoid_timeout,0
244.000,q_convergence,0.9111297012503391
244.000,update_residual,0.10085176430923026
244.000,investigation_deferred,0
244.000,nav_aborted,0
244.000,nav_canceled,0
244.000,nav_rejected,0
244.000,run_seed,5
245.000,anomalies_detected,1
245.000,anomalies_unique,1
245.000,investigation_timeouts,0
245.000,mission_duration_s,200.676
245.000,distance_traveled_m,48.062301217419176
245.000,route_deviations,2
245.000,investigation_time_s,10.800000000000011
245.000,hazard_avoidances,1
245.000,min_hazard_distance_m,4.8504082880455766
245.000,collisions,0
245.000,time_below_clearance_s,0.0
245.000,safety_zone_violations,0
245.000,min_ttc_s,18.88355486602541
245.000,avoid_success,1
245.000,avoid_timeout,0
245.000,q_convergence,0.7822619319723242
245.000,update_residual,0.0865041682537993
245.000,investigation_deferred,0
245.000,nav_aborted,0
245.000,nav_canceled,0
245.000,nav_rejected,0
245.000,run_seed,5
246.000,anomalies_detected,1
246.000,anomalies_unique,1
246.000,investigation_timeouts,0
246.000,mission_duration_s,201.676
246.000,distance_traveled_m,48.32438121476625
246.000,route_deviations,2
246.000,investigation_time_s,10.800000000000011
246.000,hazard_avoidances,1
246.000,min_hazard_distance_m,4.8504082880455766
246.000,collisions,0
246.000,time_below_clearance_s,0.0
246.000,safety_zone_violations,0
246.000,min_ttc_s,18.88355486602541
246.000,avoid_success,1
246.000,avoid_timeout,0
246.000,q_convergence,0.6697902485366739
246.000,update_residual,0.07401530365174923
246.000,investigation_deferred,0
246.000,nav_aborted,0
246.000,nav_canceled,0
246.000,nav_rejected,0
246.000,run_seed,5
247.000,anomalies_detected,1
247.000,anomalies_unique,1
247.000,investigation_timeouts,0
247.000,mission_duration_s,202.676
247.000,distance_traveled_m,48.58646121241541
247.000,route_deviations,2
247.000,investigation_time_s,10.800000000000011
247.000,hazard_avoidances,1
247.000,min_hazard_distance_m,4.8504082880455766
247.000,collisions,0
247.000,time_below_clearance_s,0.0
247.000,safety_zone_violations,0
247.000,min_ttc_s,18.88355486602541
247.000,avoid_success,1
247.000,avoid_timeout,0
247.000,q_convergence,0.9611469181929752
247.000,update_residual,0.10264837927465924
247.000,investigation_deferred,0
247.000,nav_aborted,0
247.000,nav_canceled,0
247.000,nav_rejected,0
247.000,run_seed,5
248.000,anomalies_detected,1
248.000,anomalies_unique,1
248.000,investigation_timeouts,0
248.000,mission_duration_s,203.676
248.000,distance_traveled_m,48.83918121195125
248.000,route_deviations,2
248.000,investigation_time_s,10.800000000000011
248.000,hazard_avoidances,1
248.000,min_hazard_distance_m,4.8504082880455766
248.000,collisions,0
248.000,time_below_clearance_s,0.0
248.000,safety_zone_violations,0
248.000,min_ttc_s,18.88355486602541
248.000,avoid_success,1
248.000,avoid_timeout,0
248.000,q_convergence,0.8921161790098661
248.000,update_residual,0.09519245487935615
248.000,investigation_deferred,0
248.000,nav_aborted,0
248.000,nav_canceled,0
248.000,nav_rejected,0
248.000,run_seed,5
249.000,anomalies_detected,1
249.000,anomalies_unique,1
249.000,investigation_timeouts,0
249.000,mission_duration_s,204.676
249.000,distance_traveled_m,49.10126121176786
249.000,route_deviations,2
249.000,investigation_time_s,10.800000000000011
249.000,hazard_avoidances,1
249.000,min_hazard_distance_m,4.8504082880455766
249.000,collisions,0
249.000,time_below_clearance_s,0.0
249.000,safety_zone_violations,0
249.000,min_ttc_s,18.88355486602541
249.000,avoid_success,1
249.000,avoid_timeout,0
249.000,q_convergence,0.7700522911774347
249.000,update_residual,0.0820889405493576
249.000,investigation_deferred,0
249.000,nav_aborted,0
249.000,nav_canceled,0
249.000,nav_rejected,0
249.000,run_seed,5
250.000,anomalies_detected,1
250.000,anomalies_unique,1
250.000,investigation_timeouts,0
250.000,mission_duration_s,205.676
250.000,distance_traveled_m,49.3633412113361
250.000,route_deviations,2
250.000,investigation_time_s,10.800000000000011
250.000,hazard_avoidances,1
250.000,min_hazard_distance_m,4.8504082880455766
250.000,collisions,0
250.000,time_below_clearance_s,0.0
250.000,safety_zone_violations,0
250.000,min_ttc_s,18.88355486602541
250.000,avoid_success,1
250.000,avoid_timeout,0
250.000,q_convergence,0.6643906578044974
250.000,update_residual,0.07152277721206388
250.000,investigation_deferred,0
250.000,nav_aborted,0
250.000,nav_canceled,0
250.000,nav_rejected,0
250.000,run_seed,5
251.000,anomalies_detected,1
251.000,anomalies_unique,1
251.000,investigation_timeouts,0
251.000,mission_duration_s,206.676
251.000,distance_traveled_m,49.62542121038695
251.000,route_deviations,2
251.000,investigation_time_s,10.800000000000011
251.000,hazard_avoidances,1
251.000,min_hazard_distance_m,4.8504082880455766
251.000,collisions,0
251.000,time_below_clearance_s,0.0
251.000,safety_zone_violations,0
251.000,min_ttc_s,18.88355486602541
251.000,avoid_success,1
251.000,avoid_timeout,0
251.000,q_convergence,1.0073924423012113
251.000,update_residual,0.10475174503864515
251.000,investigation_deferred,0
251.000,nav_aborted,0
251.000,nav_canceled,0
251.000,nav_rejected,0
251.000,run_seed,5
252.000,anomalies_detected,1
252.000,anomalies_unique,1
252.000,investigation_timeouts,0
252.000,mission_duration_s,207.676
252.000,distance_traveled_m,49.87814120953321
252.000,route_deviations,2
252.000,investigation_time_s,10.800000000000011
252.000,hazard_avoidances,1
252.000,min_hazard_distance_m,4.8504082880455766
252.000,collisions,0
252.000,time_below_clearance_s,0.0
252.000,safety_zone_violations,0
252.000,min_ttc_s,18.88355486602541
252.000,avoid_success,1
252.000,avoid_timeout,0
252.000,q_convergence,0.8759989157651651
252.000,update_residual,0.0912728730858577
252.000,investigation_deferred,0
252.000,nav_aborted,0
252.000,nav_canceled,0
252.000,nav_rejected,0
252.000,run_seed,5
253.000,anomalies_detected,1
253.000,anomalies_unique,1
253.000,investigation_timeouts,0
253.000,mission_duration_s,208.676
253.000,distance_traveled_m,50.140221208596024
253.000,route_deviations,2
253.000,investigation_time_s,10.800000000000011
253.000,hazard_avoidances,1
253.000,min_hazard_distance_m,4.8504082880455766
253.000,collisions,0
253.000,time_below_clearance_s,0.0
253.000,safety_zone_violations,0
253.000,min_ttc_s,18.88355486602541
253.000,avoid_success,1
253.000,avoid_timeout,0
253.000,q_convergence,0.7584245427694342
253.000,update_residual,0.07951543578628463
253.000,investigation_deferred,0
253.000,nav_aborted,0
253.000,nav_canceled,0
253.000,nav_rejected,0
253.000,run_seed,5
254.000,anomalies_detected,1
254.000,anomalies_unique,1
254.000,investigation_timeouts,0
254.000,mission_duration_s,209.676
254.000,distance_traveled_m,50.40230120762064
254.000,route_deviations,2
254.000,investigation_time_s,10.800000000000011
254.000,hazard_avoidances,1
254.000,min_hazard_distance_m,4.8504082880455766
254.000,collisions,0
254.000,time_below_clearance_s,0.0
254.000,safety_zone_violations,0
254.000,min_ttc_s,18.88355486602541
254.000,avoid_success,1
254.000,avoid_timeout,0
254.000,q_convergence,0.6564316887243941
254.000,update_residual,0.0687652031553794
254.000,investigation_deferred,0
254.000,nav_aborted,0
254.000,nav_canceled,0
254.000,nav_rejected,0
254.000,run_seed,5
255.000,anomalies_detected,1
255.000,anomalies_unique,1
255.000,investigation_timeouts,0
255.000,mission_duration_s,210.676
255.000,distance_traveled_m,50.66438120652592
255.000,route_deviations,2
255.000,investigation_time_s,10.800000000000011
255.000,hazard_avoidances,1
255.000,min_hazard_distance_m,4.8504082880455766
255.000,collisions,0
255.000,time_below_clearance_s,0.0
255.000,safety_zone_violations,0
255.000,min_ttc_s,18.88355486602541
255.000,avoid_success,1
255.000,avoid_timeout,0
255.000,q_convergence,1.051377621098957
255.000,update_residual,0.10803679394405431
255.000,investigation_deferred,0
255.000,nav_aborted,0
255.000,nav_canceled,0
255.000,nav_rejected,0
255.000,run_seed,5
256.000,anomalies_detected,1
256.000,anomalies_unique,1
256.000,investigation_timeouts,0
256.000,mission_duration_s,211.676
256.000,distance_traveled_m,50.926461205650206
256.000,route_deviations,2
256.000,investigation_time_s,10.800000000000011
256.000,hazard_avoidances,1
256.000,min_hazard_distance_m,4.8504082880455766
256.000,collisions,0
256.000,time_below_clearance_s,0.0
256.000,safety_zone_violations,0
256.000,min_ttc_s,18.88355486602541
256.000,avoid_success,1
256.000,avoid_timeout,0
256.000,q_convergence,0.8592839303093339
256.000,update_residual,0.0885821221714324
256.000,investigation_deferred,0
256.000,nav_aborted,0
256.000,nav_canceled,0
256.000,nav_rejected,0
256.000,run_seed,5
257.000,anomalies_detected,1
257.000,anomalies_unique,1
257.000,investigation_timeouts,0
257.000,mission_duration_s,212.676
257.000,distance_traveled_m,51.17918120482144
257.000,route_deviations,2
257.000,investigation_time_s,10.800000000000011
257.000,hazard_avoidances,1
257.000,min_hazard_distance_m,4.8504082880455766
257.000,collisions,0
257.000,time_below_clearance_s,0.0
257.000,safety_zone_violations,0
257.000,min_ttc_s,18.88355486602541
257.000,avoid_success,1
257.000,avoid_timeout,0
257.000,q_convergence,0.7432882948434053
257.000,update_residual,0.07698255862483953
257.000,investigation_deferred,0
257.000,nav_aborted,0
257.000,nav_canceled,0
257.000,nav_rejected,0
257.000,run_seed,5
258.000,anomalies_detected,1
258.000,anomalies_unique,1
258.000,investigation_timeouts,0
258.000,mission_duration_s,213.676
258.000,distance_traveled_m,51.441261203930964
258.000,route_deviations,2
258.000,investigation_time_s,10.800000000000011
258.000,hazard_avoidances,1
258.000,min_hazard_distance_m,4.8504082880455766
258.000,collisions,0
258.000,time_below_clearance_s,0.0
258.000,safety_zone_violations,0
258.000,min_ttc_s,18.88355486602541
258.000,avoid_success,1
258.000,avoid_timeout,0
258.000,q_convergence,0.6443704556073043
258.000,update_residual,0.06669271533015457
258.000,investigation_deferred,0
258.000,nav_aborted,0
258.000,nav_canceled,0
258.000,nav_rejected,0
258.000,run_seed,5
259.000,anomalies_detected,1
259.000,anomalies_unique,1
259.000,investigation_timeouts,0
259.000,mission_duration_s,214.676
259.000,distance_traveled_m,51.70334120296252
259.000,route_deviations,2
259.000,investigation_time_s,10.800000000000011
259.000,hazard_avoidances,1
259.000,min_hazard_distance_m,4.8504082880455766
259.000,collisions,0
259.000,time_below_clearance_s,0.0
259.000,safety_zone_violations,0
259.000,min_ttc_s,18.88355486602541
259.000,avoid_success,1
259.000,avoid_timeout,0
259.000,q_convergence,1.0942454240309594
259.000,update_residual,0.11120491032824861
259.000,investigation_deferred,0
259.000,nav_aborted,0
259.000,nav_canceled,0
259.000,nav_rejected,0
259.000,run_seed,5
260.000,anomalies_detected,1
260.000,anomalies_unique,1
260.000,investigation_timeouts,0
260.000,mission_duration_s,215.676
260.000,distance_traveled_m,51.96542120208067
260.000,route_deviations,2
260.000,investigation_time_s,10.800000000000011
260.000,hazard_avoidances,1
260.000,min_hazard_distance_m,4.8504082880455766
260.000,collisions,0
260.000,time_below_clearance_s,0.0
260.000,safety_zone_violations,0
260.000,min_ttc_s,18.88355486602541
260.000,avoid_success,1
260.000,avoid_timeout,0
260.000,q_convergence,0.8431640424594947
260.000,update_residual,0.08623372354996002
260.000,investigation_deferred,0
260.000,nav_aborted,0
260.000,nav_canceled,0
260.000,nav_rejected,0
260.000,run_seed,5
261.000,anomalies_detected,1
261.000,anomalies_unique,1
261.000,investigation_timeouts,0
261.000,mission_duration_s,216.676
261.000,distance_traveled_m,52.21814120122518
261.000,route_deviations,2
261.000,investigation_time_s,10.800000000000011
261.000,hazard_avoidances,1
261.000,min_hazard_distance_m,4.8504082880455766
261.000,collisions,0
261.000,time_below_clearance_s,0.0
261.000,safety_zone_violations,0
261.000,min_ttc_s,18.88355486602541
261.000,avoid_success,1
261.000,avoid_timeout,0
261.000,q_convergence,0.7304295376744481
261.000,update_residual,0.07467267517585376
261.000,investigation_deferred,0
261.000,nav_aborted,0
261.000,nav_canceled,0
261.000,nav_rejected,0
261.000,run_seed,5
262.000,anomalies_detected,1
262.000,anomalies_unique,1
262.000,investigation_timeouts,0
262.000,mission_duration_s,217.676
262.000,distance_traveled_m,52.48022120034737
262.000,route_deviations,2
262.000,investigation_time_s,10.800000000000011
262.000,hazard_avoidances,1
262.000,min_hazard_distance_m,4.8504082880455766
262.000,collisions,0
262.000,time_below_clearance_s,0.0
262.000,safety_zone_violations,0
262.000,min_ttc_s,18.88355486602541
262.000,avoid_success,1
262.000,avoid_timeout,0
262.000,q_convergence,0.6343914030121368
262.000,update_residual,0.06482440349836131
262.000,investigation_deferred,0
262.000,nav_aborted,0
262.000,nav_canceled,0
262.000,nav_rejected,0
262.000,run_seed,5
263.000,anomalies_detected,1
263.000,anomalies_unique,1
263.000,investigation_timeouts,0
263.000,mission_duration_s,218.676
263.000,distance_traveled_m,52.74230119943334
263.000,route_deviations,2
263.000,investigation_time_s,10.800000000000011
263.000,hazard_avoidances,1
263.000,min_hazard_distance_m,4.8504082880455766
263.000,collisions,0
263.000,time_below_clearance_s,0.0
263.000,safety_zone_violations,0
263.000,min_ttc_s,18.88355486602541
263.000,avoid_success,1
263.000,avoid_timeout,0
263.000,q_convergence,1.1354313841621924
263.000,update_residual,0.11482945424214201
263.000,investigation_deferred,0
263.000,nav_aborted,0
263.000,nav_canceled,0
263.000,nav_rejected,0
263.000,run_seed,5
264.000,anomalies_detected,1
264.000,anomalies_unique,1
264.000,investigation_timeouts,0
264.000,mission_duration_s,219.676
264.000,distance_traveled_m,53.00438119847988
264.000,route_deviations,2
264.000,investigation_time_s,10.800000000000011
264.000,hazard_avoidances,1
264.000,min_hazard_distance_m,4.8504082880455766
264.000,collisions,0
264.000,time_below_clearance_s,0.0
264.000,safety_zone_violations,0
264.000,min_ttc_s,18.88355486602541
264.000,avoid_success,1
264.000,avoid_timeout,0
264.000,q_convergence,0.8270887033805198
264.000,update_residual,0.08388634405562748
264.000,investigation_deferred,0
264.000,nav_aborted,0
264.000,nav_canceled,0
264.000,nav_rejected,0
264.000,run_seed,5
265.000,anomalies_detected,1
265.000,anomalies_unique,1
265.000,investigation_timeouts,0
265.000,mission_duration_s,220.676
265.000,distance_traveled_m,53.26646119759569
265.000,route_deviations,2
265.000,investigation_time_s,10.800000000000011
265.000,hazard_avoidances,1
265.000,min_hazard_distance_m,4.8504082880455766
265.000,collisions,0
265.000,time_below_clearance_s,0.0
265.000,safety_zone_violations,0
265.000,min_ttc_s,18.88355486602541
265.000,avoid_success,1
265.000,avoid_timeout,0
265.000,q_convergence,0.7173562593822203
265.000,update_residual,0.07273647859816122
265.000,investigation_deferred,0
265.000,nav_aborted,0
265.000,nav_canceled,0
265.000,nav_rejected,0
265.000,run_seed,5
266.000,anomalies_detected,1
266.000,anomalies_unique,1
266.000,investigation_timeouts,0
266.000,mission_duration_s,221.676
266.000,distance_traveled_m,53.51918119674088
266.000,route_deviations,2
266.000,investigation_time_s,10.800000000000011
266.000,hazard_avoidances,1
266.000,min_hazard_distance_m,4.8504082880455766
266.000,collisions,0
266.000,time_below_clearance_s,0.0
266.000,safety_zone_violations,0
266.000,min_ttc_s,18.88355486602541
266.000,avoid_success,1
266.000,avoid_timeout,0
266.000,q_convergence,0.8907160124714227
266.000,update_residual,0.0900009644313715
266.000,investigation_deferred,0
266.000,nav_aborted,0
266.000,nav_canceled,0
266.000,nav_rejected,0
266.000,run_seed,5
267.000,anomalies_detected,1
267.000,anomalies_unique,1
267.000,investigation_timeouts,0
267.000,mission_duration_s,222.676
267.000,distance_traveled_m,53.78126119581364
267.000,route_deviations,2
267.000,investigation_time_s,10.800000000000011
267.000,hazard_avoidances,1
267.000,min_hazard_distance_m,4.8504082880455766
267.000,collisions,0
267.000,time_below_clearance_s,0.0
267.000,safety_zone_violations,0
267.000,min_ttc_s,18.88355486602541
267.000,avoid_success,1
267.000,avoid_timeout,0
267.000,q_convergence,0.9276518554020903
267.000,update_residual,0.09361591030115732
267.000,investigation_deferred,0
267.000,nav_aborted,0
267.000,nav_canceled,0
267.000,nav_rejected,0
267.000,run_seed,5
268.000,anomalies_detected,1
268.000,anomalies_unique,1
268.000,investigation_timeouts,0
268.000,mission_duration_s,223.676
268.000,distance_traveled_m,54.04334119494337
268.000,route_deviations,2
268.000,investigation_time_s,10.800000000000011
268.000,hazard_avoidances,1
268.000,min_hazard_distance_m,4.8504082880455766
268.000,collisions,0
268.000,time_below_clearance_s,0.0
268.000,safety_zone_violations,0
268.000,min_ttc_s,18.88355486602541
268.000,avoid_success,1
268.000,avoid_timeout,0
268.000,q_convergence,0.80723568028084
268.000,update_residual,0.08144668407489009
268.000,investigation_deferred,0
268.000,nav_aborted,0
268.000,nav_canceled,0
268.000,nav_rejected,0
268.000,run_seed,5
269.000,anomalies_detected,1
269.000,anomalies_unique,1
269.000,investigation_timeouts,0
269.000,mission_duration_s,224.676
269.000,distance_traveled_m,54.30542119406733
269.000,route_deviations,2
269.000,investigation_time_s,10.800000000000011
269.000,hazard_avoidances,1
269.000,min_hazard_distance_m,4.8504082880455766
269.000,collisions,0
269.000,time_below_clearance_s,0.0
269.000,safety_zone_violations,0
269.000,min_ttc_s,18.88355486602541
269.000,avoid_success,1
269.000,avoid_timeout,0
269.000,q_convergence,0.700583687257056
269.000,update_residual,0.07078148477251164
269.000,investigation_deferred,0
269.000,nav_aborted,0
269.000,nav_canceled,0
269.000,nav_rejected,0
269.000,run_seed,5
270.000,anomalies_detected,1
270.000,anomalies_unique,1
270.000,investigation_timeouts,0
270.000,mission_duration_s,225.676
270.000,distance_traveled_m,54.55814119296328
270.000,route_deviations,2
270.000,investigation_time_s,10.800000000000011
270.000,hazard_avoidances,1
270.000,min_hazard_distance_m,4.8504082880455766
270.000,collisions,0
270.000,time_below_clearance_s,0.0
270.000,safety_zone_violations,0
270.000,min_ttc_s,18.88355486602541
270.000,avoid_success,1
270.000,avoid_timeout,0
270.000,q_convergence,0.9364073793369881
270.000,update_residual,0.09421148309921358
270.000,investigation_deferred,0
270.000,nav_aborted,0
270.000,nav_canceled,0
270.000,nav_rejected,0
270.000,run_seed,5
271.000,anomalies_detected,1
271.000,anomalies_unique,1
271.000,investigation_timeouts,0
271.000,mission_duration_s,226.676
271.000,distance_traveled_m,54.82022119195418
271.000,route_deviations,2
271.000,investigation_time_s,10.800000000000011
271.000,hazard_avoidances,1
271.000,min_hazard_distance_m,4.8504082880455766
271.000,collisions,0
271.000,time_below_clearance_s,0.0
271.000,safety_zone_violations,0
271.000,min_ttc_s,18.88355486602541
271.000,avoid_success,1
271.000,avoid_timeout,0
271.000,q_convergence,0.9093527208866021
271.000,update_residual,0.09145772343247757
271.000,investigation_deferred,0
271.000,nav_aborted,0
271.000,nav_canceled,0
271.000,nav_rejected,0
271.000,run_seed,5
272.000,anomalies_detected,1
272.000,anomalies_unique,1
272.000,investigation_timeouts,0
272.000,mission_duration_s,227.676
272.000,distance_traveled_m,55.082301190913476
272.000,route_deviations,2
272.000,investigation_time_s,10.800000000000011
272.000,hazard_avoidances,1
272.000,min_hazard_distance_m,4.8504082880455766
272.000,collisions,0
272.000,time_below_clearance_s,0.0
272.000,safety_zone_violations,0
272.000,min_ttc_s,18.88355486602541
272.000,avoid_success,1
272.000,avoid_timeout,0
272.000,q_convergence,0.7919698004743181
272.000,update_residual,0.07919698004743182
272.000,investigation_deferred,0
272.000,nav_aborted,0
272.000,nav_canceled,0
272.000,nav_rejected,0
272.000,run_seed,5
273.000,anomalies_detected,1
273.000,anomalies_unique,1
273.000,investigation_timeouts,0
273.000,mission_duration_s,228.676
273.000,distance_traveled_m,55.344381189175074
273.000,route_deviations,2
273.000,investigation_time_s,10.800000000000011
273.000,hazard_avoidances,1
273.000,min_hazard_distance_m,4.8504082880455766
273.000,collisions,0
273.000,time_below_clearance_s,0.0
273.000,safety_zone_violations,0
273.000,min_ttc_s,18.88355486602541
273.000,avoid_success,1
273.000,avoid_timeout,0
273.000,q_convergence,0.6882637274835882
273.000,update_residual,0.06882637274835882
273.000,investigation_deferred,0
273.000,nav_aborted,0
273.000,nav_canceled,0
273.000,nav_rejected,0
273.000,run_seed,5
274.000,anomalies_detected,2
274.000,anomalies_unique,1
274.000,investigation_timeouts,0
274.000,mission_duration_s,229.676
274.000,distance_traveled_m,55.57760206124824
274.000,route_deviations,3
274.000,investigation_time_s,11.600000000000023
274.000,hazard_avoidances,1
274.000,min_hazard_distance_m,4.8504082880455766
274.000,collisions,0
274.000,time_below_clearance_s,0.0
274.000,safety_zone_violations,0
274.000,min_ttc_s,18.88355486602541
274.000,avoid_success,1
274.000,avoid_timeout,0
274.000,q_convergence,1.2009150664851425
274.000,update_residual,0.3183267021837243
274.000,investigation_deferred,0
274.000,nav_aborted,0
274.000,nav_canceled,0
274.000,nav_rejected,0
274.000,run_seed,5
275.000,anomalies_detected,2
275.000,anomalies_unique,1
275.000,investigation_timeouts,0
275.000,mission_duration_s,230.676
275.000,distance_traveled_m,55.783966473174644
275.000,route_deviations,3
275.000,investigation_time_s,12.600000000000023
275.000,hazard_avoidances,1
275.000,min_hazard_distance_m,4.8504082880455766
275.000,collisions,0
275.000,time_below_clearance_s,0.0
275.000,safety_zone_violations,0
275.000,min_ttc_s,18.88355486602541
275.000,avoid_success,1
275.000,avoid_timeout,0
275.000,q_convergence,0.6291502465442169
275.000,update_residual,0.30061405092150656
275.000,investigation_deferred,0
275.000,nav_aborted,0
275.000,nav_canceled,0
275.000,nav_rejected,0
275.000,run_seed,5
276.000,anomalies_detected,2
276.000,anomalies_unique,1
276.000,investigation_timeouts,0
276.000,mission_duration_s,231.676
276.000,distance_traveled_m,56.04604599024428
276.000,route_deviations,3
276.000,investigation_time_s,13.600000000000023
276.000,hazard_avoidances,1
276.000,min_hazard_distance_m,4.8504082880455766
276.000,collisions,0
276.000,time_below_clearance_s,0.0
276.000,safety_zone_violations,0
276.000,min_ttc_s,18.88355486602541
276.000,avoid_success,1
276.000,avoid_timeout,0
276.000,q_convergence,0.26414855171854185
276.000,update_residual,0.22845902749887625
276.000,investigation_deferred,0
276.000,nav_aborted,0
276.000,nav_canceled,0
276.000,nav_rejected,0
276.000,run_seed,5
277.000,anomalies_detected,2
277.000,anomalies_unique,1
277.000,investigation_timeouts,0
277.000,mission_duration_s,232.676
277.000,distance_traveled_m,56.30812594139283
277.000,route_deviations,3
277.000,investigation_time_s,14.600000000000023
277.000,hazard_avoidances,1
277.000,min_hazard_distance_m,4.8504082880455766
277.000,collisions,0
277.000,time_below_clearance_s,0.0
277.000,safety_zone_violations,0
277.000,min_ttc_s,18.88355486602541
277.000,avoid_success,1
277.000,avoid_timeout,0
277.000,q_convergence,0.06040344925927599
277.000,update_residual,0.17070581572664884
277.000,investigation_deferred,0
277.000,nav_aborted,0
277.000,nav_canceled,0
277.000,nav_rejected,0
277.000,run_seed,5
278.000,anomalies_detected,2
278.000,anomalies_unique,1
278.000,investigation_timeouts,0
278.000,mission_duration_s,233.676
278.000,distance_traveled_m,56.570205930381555
278.000,route_deviations,3
278.000,investigation_time_s,15.600000000000023
278.000,hazard_avoidances,1
278.000,min_hazard_distance_m,4.8504082880455766
278.000,collisions,0
278.000,time_below_clearance_s,0.0
278.000,safety_zone_violations,0
278.000,min_ttc_s,18.88355486602541
278.000,avoid_success,1
278.000,avoid_timeout,0
278.000,q_convergence,0.21719353917421472
278.000,update_residual,0.12425756058885198
278.000,investigation_deferred,0
278.000,nav_aborted,0
278.000,nav_canceled,0
278.000,nav_rejected,0
278.000,run_seed,5
279.000,anomalies_detected,2
279.000,anomalies_unique,1
279.000,investigation_timeouts,0
279.000,mission_duration_s,234.676
279.000,distance_traveled_m,56.82292590954645
279.000,route_deviations,3
279.000,investigation_time_s,16.600000000000023
279.000,hazard_avoidances,1
279.000,min_hazard_distance_m,4.8504082880455766
279.000,collisions,0
279.000,time_below_clearance_s,0.0
279.000,safety_zone_violations,0
279.000,min_ttc_s,18.88355486602541
279.000,avoid_success,1
279.000,avoid_timeout,0
279.000,q_convergence,0.37990509257384997
279.000,update_residual,0.10798640524888847
279.000,investigation_deferred,0
279.000,nav_aborted,0
279.000,nav_canceled,0
279.000,nav_rejected,0
279.000,run_seed,5
280.000,anomalies_detected,2
280.000,anomalies_unique,1
280.000,investigation_timeouts,0
280.000,mission_duration_s,235.676
280.000,distance_traveled_m,57.08500589662828
280.000,route_deviations,3
280.000,investigation_time_s,17.600000000000023
280.000,hazard_avoidances,1
280.000,min_hazard_distance_m,4.8504082880455766
280.000,collisions,0
280.000,time_below_clearance_s,0.0
280.000,safety_zone_violations,0
280.000,min_ttc_s,18.88355486602541
280.000,avoid_success,1
280.000,avoid_timeout,0
280.000,q_convergence,1.9997195119582427
280.000,update_residual,0.3056700504031445
280.000,investigation_deferred,0
280.000,nav_aborted,0
280.000,nav_canceled,0
280.000,nav_rejected,0
280.000,run_seed,5
281.000,anomalies_detected,2
281.000,anomalies_unique,1
281.000,investigation_timeouts,0
281.000,mission_duration_s,236.676
281.000,distance_traveled_m,57.34708588638266
281.000,route_deviations,3
281.000,investigation_time_s,18.600000000000023
281.000,hazard_avoidances,1
281.000,min_hazard_distance_m,4.8504082880455766
281.000,collisions,0
281.000,time_below_clearance_s,0.0
281.000,safety_zone_violations,0
281.000,min_ttc_s,18.88355486602541
281.000,avoid_success,1
281.000,avoid_timeout,0
281.000,q_convergence,0.784751841353578
281.000,update_residual,0.18394350486614036
281.000,investigation_deferred,0
281.000,nav_aborted,0
281.000,nav_canceled,0
281.000,nav_rejected,0
281.000,run_seed,5
282.000,anomalies_detected,2
282.000,anomalies_unique,1
282.000,investigation_timeouts,0
282.000,mission_duration_s,237.676
282.000,distance_traveled_m,57.609165878469724
282.000,route_deviations,3
282.000,investigation_time_s,19.600000000000023
282.000,hazard_avoidances,1
282.000,min_hazard_distance_m,4.8504082880455766
282.000,collisions,0
282.000,time_below_clearance_s,0.0
282.000,safety_zone_violations,0
282.000,min_ttc_s,18.88355486602541
282.000,avoid_success,1
282.000,avoid_timeout,0
282.000,q_convergence,0.5438833318423085
282.000,update_residual,0.15985665391501344
282.000,investigation_deferred,0
282.000,nav_aborted,0
282.000,nav_canceled,0
282.000,nav_rejected,0
282.000,run_seed,5
283.000,anomalies_detected,2
283.000,anomalies_unique,1
283.000,investigation_timeouts,0
283.000,mission_duration_s,238.676
283.000,distance_traveled_m,57.87124586190298
283.000,route_deviations,3
283.000,investigation_time_s,20.600000000000023
283.000,hazard_avoidances,1
283.000,min_hazard_distance_m,4.8504082880455766
283.000,collisions,0
283.000,time_below_clearance_s,0.0
283.000,safety_zone_violations,0
283.000,min_ttc_s,18.88355486602541
283.000,avoid_success,1
283.000,avoid_timeout,0
283.000,q_convergence,0.34478587752339435
283.000,update_residual,0.12412666037350462
283.000,investigation_deferred,0
283.000,nav_aborted,0
283.000,nav_canceled,0
283.000,nav_rejected,0
283.000,run_seed,5
284.000,anomalies_detected,2
284.000,anomalies_unique,1
284.000,investigation_timeouts,0
284.000,mission_duration_s,239.676
284.000,distance_traveled_m,57.97410471991869
284.000,route_deviations,3
284.000,investigation_time_s,21.600000000000023
284.000,hazard_avoidances,1
284.000,min_hazard_distance_m,4.8504082880455766
284.000,collisions,0
284.000,time_below_clearance_s,0.0
284.000,safety_zone_violations,0
284.000,min_ttc_s,18.88355486602541
284.000,avoid_success,1
284.000,avoid_timeout,0
284.000,q_convergence,0.18224573403458097
284.000,update_residual,0.10787264602462328
284.000,investigation_deferred,0
284.000,nav_aborted,0
284.000,nav_canceled,0
284.000,nav_rejected,0
284.000,run_seed,5
285.000,anomalies_detected,2
285.000,anomalies_unique,1
285.000,investigation_timeouts,0
285.000,mission_duration_s,240.676
285.000,distance_traveled_m,57.97410471993329
285.000,route_deviations,3
285.000,investigation_time_s,22.600000000000023
285.000,hazard_avoidances,1
285.000,min_hazard_distance_m,4.8504082880455766
285.000,collisions,0
285.000,time_below_clearance_s,0.0
285.000,safety_zone_violations,0
285.000,min_ttc_s,18.88355486602541
285.000,avoid_success,1
285.000,avoid_timeout,0
285.000,q_convergence,0.05169286036223252
285.000,update_residual,0.0813683929536773
285.000,investigation_deferred,0
285.000,nav_aborted,0
285.000,nav_canceled,0
285.000,nav_rejected,0
285.000,run_seed,5
286.000,anomalies_detected,2
286.000,anomalies_unique,1
286.000,investigation_timeouts,0
286.000,mission_duration_s,241.676
286.000,distance_traveled_m,57.97410471993626
286.000,route_deviations,3
286.000,investigation_time_s,23.600000000000023
286.000,hazard_avoidances,1
286.000,min_hazard_distance_m,4.8504082880455766
286.000,collisions,0
286.000,time_below_clearance_s,0.0
286.000,safety_zone_violations,0
286.000,min_ttc_s,18.88355486602541
286.000,avoid_success,1
286.000,avoid_timeout,0
286.000,q_convergence,0.045667652981512444
286.000,update_residual,0.06020396717064057
286.000,investigation_deferred,0
286.000,nav_aborted,0
286.000,nav_canceled,0
286.000,nav_rejected,0
286.000,run_seed,5
287.000,anomalies_detected,2
287.000,anomalies_unique,1
287.000,investigation_timeouts,0
287.000,mission_duration_s,242.676
287.000,distance_traveled_m,57.974104719936314
287.000,route_deviations,3
287.000,investigation_time_s,24.200000000000045
287.000,hazard_avoidances,1
287.000,min_hazard_distance_m,4.8504082880455766
287.000,collisions,0
287.000,time_below_clearance_s,0.0
287.000,safety_zone_violations,0
287.000,min_ttc_s,18.88355486602541
287.000,avoid_success,1
287.000,avoid_timeout,0
287.000,q_convergence,0.11822041792041851
287.000,update_residual,0.04323308080643119
287.000,investigation_deferred,0
287.000,nav_aborted,0
287.000,nav_canceled,0
287.000,nav_rejected,0
287.000,run_seed,5
288.000,anomalies_detected,2
288.000,anomalies_unique,2
288.000,investigation_timeouts,0
288.000,mission_duration_s,243.676
288.000,distance_traveled_m,58.09664836790919
288.000,route_deviations,3
288.000,investigation_time_s,24.200000000000045
288.000,hazard_avoidances,1
288.000,min_hazard_distance_m,4.8504082880455766
288.000,collisions,0
288.000,time_below_clearance_s,0.0
288.000,safety_zone_violations,0
288.000,min_ttc_s,18.88355486602541
288.000,avoid_success,1
288.000,avoid_timeout,0
288.000,q_convergence,0.17483284216993752
288.000,update_residual,0.0375718383814793
288.000,investigation_deferred,0
288.000,nav_aborted,0
288.000,nav_canceled,0
288.000,nav_rejected,0
288.000,run_seed,5
289.000,anomalies_detected,2
289.000,anomalies_unique,2
289.000,investigation_timeouts,0
289.000,mission_duration_s,244.676
289.000,distance_traveled_m,58.16760876703508
289.000,route_deviations,3
289.000,investigation_time_s,24.200000000000045
289.000,hazard_avoidances,1
289.000,min_hazard_distance_m,4.8504082880455766
289.000,collisions,0
289.000,time_below_clearance_s,0.0
289.000,safety_zone_violations,0
289.000,min_ttc_s,18.88355486602541
289.000,avoid_success,1
289.000,avoid_timeout,0
289.000,q_convergence,0.21808073729350405
289.000,update_residual,0.024988780479351696
289.000,investigation_deferred,0
289.000,nav_aborted,0
289.000,nav_canceled,0
289.000,nav_rejected,0
289.000,run_seed,5
290.000,anomalies_detected,2
290.000,anomalies_unique,2
290.000,investigation_timeouts,0
290.000,mission_duration_s,245.676
290.000,distance_traveled_m,58.42211853064411
290.000,route_deviations,3
290.000,investigation_time_s,24.200000000000045
290.000,hazard_avoidances,1
290.000,min_hazard_distance_m,4.8504082880455766
290.000,collisions,0
290.000,time_below_clearance_s,0.0
290.000,safety_zone_violations,0
290.000,min_ttc_s,18.88355486602541
290.000,avoid_success,1
290.000,avoid_timeout,0
290.000,q_convergence,0.24570618042294104
290.000,update_residual,0.015206708035102682
290.000,investigation_deferred,0
290.000,nav_aborted,0
290.000,nav_canceled,0
290.000,nav_rejected,0
290.000,run_seed,5
291.000,anomalies_detected,2
291.000,anomalies_unique,2
291.000,investigation_timeouts,0
291.000,mission_duration_s,246.676
291.000,distance_traveled_m,58.68419846020129
291.000,route_deviations,3
291.000,investigation_time_s,24.200000000000045
291.000,hazard_avoidances,1
291.000,min_hazard_distance_m,4.8504082880455766
291.000,collisions,0
291.000,time_below_clearance_s,0.0
291.000,safety_zone_violations,0
291.000,min_ttc_s,18.88355486602541
291.000,avoid_success,1
291.000,avoid_timeout,0
291.000,q_convergence,1.3279724211489923
291.000,update_residual,0.13408608239183128
291.000,investigation_deferred,0
291.000,nav_aborted,0
291.000,nav_canceled,0
291.000,nav_rejected,0
291.000,run_seed,5
292.000,anomalies_detected,2
292.000,anomalies_unique,2
292.000,investigation_timeouts,0
292.000,mission_duration_s,247.676
292.000,distance_traveled_m,58.9462784259462
292.000,route_deviations,3
292.000,investigation_time_s,24.200000000000045
292.000,hazard_avoidances,1
292.000,min_hazard_distance_m,4.8504082880455766
292.000,collisions,0
292.000,time_below_clearance_s,0.0
292.000,safety_zone_violations,0
292.000,min_ttc_s,18.88355486602541
292.000,avoid_success,1
292.000,avoid_timeout,0
292.000,q_convergence,0.862082876182998
292.000,update_residual,0.12001901478408705
292.000,investigation_deferred,0
292.000,nav_aborted,0
292.000,nav_canceled,0
292.000,nav_rejected,0
292.000,run_seed,5
293.000,anomalies_detected,2
293.000,anomalies_unique,2
293.000,investigation_timeouts,0
293.000,mission_duration_s,248.676
293.000,distance_traveled_m,59.1989984213844
293.000,route_deviations,3
293.000,investigation_time_s,24.200000000000045
293.000,hazard_avoidances,1
293.000,min_hazard_distance_m,4.8504082880455766
293.000,collisions,0
293.000,time_below_clearance_s,0.0
293.000,safety_zone_violations,0
293.000,min_ttc_s,18.88355486602541
293.000,avoid_success,1
293.000,avoid_timeout,0
293.000,q_convergence,0.7049215715471442
293.000,update_residual,0.10430288432050171
293.000,investigation_deferred,0
293.000,nav_aborted,0
293.000,nav_canceled,0
293.000,nav_rejected,0
293.000,run_seed,5
294.000,anomalies_detected,2
294.000,anomalies_unique,2
294.000,investigation_timeouts,0
294.000,mission_duration_s,249.676
294.000,distance_traveled_m,59.461078413298374
294.000,route_deviations,3
294.000,investigation_time_s,24.200000000000045
294.000,hazard_avoidances,1
294.000,min_hazard_distance_m,4.8504082880455766
294.000,collisions,0
294.000,time_below_clearance_s,0.0
294.000,safety_zone_violations,0
294.000,min_ttc_s,18.88355486602541
294.000,avoid_success,1
294.000,avoid_timeout,0
294.000,q_convergence,0.9028674624461998
294.000,update_residual,0.11689704077324883
294.000,investigation_deferred,0
294.000,nav_aborted,0
294.000,nav_canceled,0
294.000,nav_rejected,0
294.000,run_seed,5
295.000,anomalies_detected,2
295.000,anomalies_unique,2
295.000,investigation_timeouts,0
295.000,mission_duration_s,250.676
295.000,distance_traveled_m,59.723158409166665
295.000,route_deviations,3
295.000,investigation_time_s,24.200000000000045
295.000,hazard_avoidances,1
295.000,min_hazard_distance_m,4.8504082880455766
295.000,collisions,0
295.000,time_below_clearance_s,0.0
295.000,safety_zone_violations,0
295.000,min_ttc_s,18.88355486602541
295.000,avoid_success,1
295.000,avoid_timeout,0
295.000,q_convergence,0.9075280739268005
295.000,update_residual,0.11518105776996136
295.000,investigation_deferred,0
295.000,nav_aborted,0
295.000,nav_canceled,0
295.000,nav_rejected,0
295.000,run_seed,5
296.000,anomalies_detected,2
296.000,anomalies_unique,2
296.000,investigation_timeouts,0
296.000,mission_duration_s,251.676
296.000,distance_traveled_m,59.9852384055321
296.000,route_deviations,3
296.000,investigation_time_s,24.200000000000045
296.000,hazard_avoidances,1
296.000,min_hazard_distance_m,4.8504082880455766
296.000,collisions,0
296.000,time_below_clearance_s,0.0
296.000,safety_zone_violations,0
296.000,min_ttc_s,18.88355486602541
296.000,avoid_success,1
296.000,avoid_timeout,0
296.000,q_convergence,0.7590713809546529
296.000,update_residual,0.09667115091615439
296.000,investigation_deferred,0
296.000,nav_aborted,0
296.000,nav_canceled,0
296.000,nav_rejected,0
296.000,run_seed,5
297.000,anomalies_detected,2
297.000,anomalies_unique,2
297.000,investigation_timeouts,0
297.000,mission_duration_s,252.676
297.000,distance_traveled_m,60.23795840018407
297.000,route_deviations,3
297.000,investigation_time_s,24.200000000000045
297.000,hazard_avoidances,1
297.000,min_hazard_distance_m,4.8504082880455766
297.000,collisions,0
297.000,time_below_clearance_s,0.0
297.000,safety_zone_violations,0
297.000,min_ttc_s,18.88355486602541
297.000,avoid_success,1
297.000,avoid_timeout,0
297.000,q_convergence,0.6324834046580275
297.000,update_residual,0.08401235328649186
297.000,investigation_deferred,0
297.000,nav_aborted,0
297.000,nav_canceled,0
297.000,nav_rejected,0
297.000,run_seed,5
298.000,anomalies_detected,2
298.000,anomalies_unique,2
298.000,investigation_timeouts,0
298.000,mission_duration_s,253.676
298.000,distance_traveled_m,60.50003839429859
298.000,route_deviations,3
298.000,investigation_time_s,24.200000000000045
298.000,hazard_avoidances,1
298.000,min_hazard_distance_m,4.8504082880455766
298.000,collisions,0
298.000,time_below_clearance_s,0.0
298.000,safety_zone_violations,0
298.000,min_ttc_s,18.88355486602541
298.000,avoid_success,1
298.000,avoid_timeout,0
298.000,q_convergence,0.9645633848057921
298.000,update_residual,0.11279838560797344
298.000,investigation_deferred,0
298.000,nav_aborted,0
298.000,nav_canceled,0
298.000,nav_rejected,0
298.000,run_seed,5
299.000,anomalies_detected,2
299.000,anomalies_unique,2
299.000,investigation_timeouts,0
299.000,mission_duration_s,254.676
299.000,distance_traveled_m,60.75981629148328
299.000,route_deviations,3
299.000,investigation_time_s,24.200000000000045
299.000,hazard_avoidances,1
299.000,min_hazard_distance_m,4.8504082880455766
299.000,collisions,0
299.000,time_below_clearance_s,0.0
299.000,safety_zone_violations,0
299.000,min_ttc_s,18.88355486602541
299.000,avoid_success,1
299.000,avoid_timeout,0
299.000,q_convergence,0.9610856944137405
299.000,update_residual,0.11003899732839706
299.000,investigation_deferred,0
299.000,nav_aborted,0
299.000,nav_canceled,0
299.000,nav_rejected,0
299.000,run_seed,5
300.000,anomalies_detected,2
300.000,anomalies_unique,2
300.000,investigation_timeouts,0
300.000,mission_duration_s,255.676
300.000,distance_traveled_m,60.889534249758746
300.000,route_deviations,3
300.000,investigation_time_s,24.200000000000045
300.000,hazard_avoidances,1
300.000,min_hazard_distance_m,4.8504082880455766
300.000,collisions,0
300.000,time_below_clearance_s,0.0
300.000,safety_zone_violations,0
300.000,min_ttc_s,18.88355486602541
300.000,avoid_success,1
300.000,avoid_timeout,0
300.000,q_convergence,0.8693860007041312
300.000,update_residual,0.09969029944391884
300.000,investigation_deferred,0
300.000,nav_aborted,0
300.000,nav_canceled,0
300.000,nav_rejected,0
300.000,run_seed,5
301.000,anomalies_detected,2
301.000,anomalies_unique,2
301.000,investigation_timeouts,0
301.000,mission_duration_s,256.676
301.000,distance_traveled_m,60.93510121687845
301.000,route_deviations,3
301.000,investigation_time_s,24.200000000000045
301.000,hazard_avoidances,1
301.000,min_hazard_distance_m,4.8504082880455766
301.000,collisions,0
301.000,time_below_clearance_s,0.0
301.000,safety_zone_violations,0
301.000,min_ttc_s,18.88355486602541
301.000,avoid_success,1
301.000,avoid_timeout,0
301.000,q_convergence,0.7400814085391753
301.000,update_residual,0.08484708532139737
301.000,investigation_deferred,0
301.000,nav_aborted,0
301.000,nav_canceled,0
301.000,nav_rejected,0
301.000,run_seed,5
302.000,anomalies_detected,2
302.000,anomalies_unique,2
302.000,investigation_timeouts,0
302.000,mission_duration_s,257.676
302.000,distance_traveled_m,60.9695708617148
302.000,route_deviations,3
302.000,investigation_time_s,24.200000000000045
302.000,hazard_avoidances,1
302.000,min_hazard_distance_m,4.8504082880455766
302.000,collisions,0
302.000,time_below_clearance_s,0.0
302.000,safety_zone_violations,0
302.000,min_ttc_s,18.88355486602541
302.000,avoid_success,1
302.000,avoid_timeout,0
302.000,q_convergence,0.628976691943648
302.000,update_residual,0.07373661366184465
302.000,investigation_deferred,0
302.000,nav_aborted,0
302.000,nav_canceled,0
302.000,nav_rejected,0
302.000,run_seed,5
303.000,anomalies_detected,2
303.000,anomalies_unique,2
303.000,investigation_timeouts,0
303.000,mission_duration_s,258.676
303.000,distance_traveled_m,61.111494122649816
303.000,route_deviations,3
303.000,investigation_time_s,24.200000000000045
303.000,hazard_avoidances,1
303.000,min_hazard_distance_m,4.8504082880455766
303.000,collisions,0
303.000,time_below_clearance_s,0.0
303.000,safety_zone_violations,0
303.000,min_ttc_s,18.88355486602541
303.000,avoid_success,1
303.000,avoid_timeout,0
303.000,q_convergence,0.5350059412534739
303.000,update_residual,0.06271369692270524
303.000,investigation_deferred,0
303.000,nav_aborted,0
303.000,nav_canceled,0
303.000,nav_rejected,0
303.000,run_seed,5
304.000,anomalies_detected,2
304.000,anomalies_unique,2
304.000,investigation_timeouts,0
304.000,mission_duration_s,259.676
304.000,distance_traveled_m,61.19759041444572
304.000,route_deviations,3
304.000,investigation_time_s,24.200000000000045
304.000,hazard_avoidances,1
304.000,min_hazard_distance_m,4.8504082880455766
304.000,collisions,0
304.000,time_below_clearance_s,0.0
304.000,safety_zone_violations,0
304.000,min_ttc_s,18.88355486602541
304.000,avoid_success,1
304.000,avoid_timeout,0
304.000,q_convergence,0.45517699180226534
304.000,update_residual,0.05334883655798072
304.000,investigation_deferred,0
304.000,nav_aborted,0
304.000,nav_canceled,0
304.000,nav_rejected,0
304.000,run_seed,5
305.000,anomalies_detected,2
305.000,anomalies_unique,2
305.000,investigation_timeouts,0
305.000,mission_duration_s,260.676
305.000,distance_traveled_m,61.394111598661816
305.000,route_deviations,3
305.000,investigation_time_s,24.200000000000045
305.000,hazard_avoidances,1
305.000,min_hazard_distance_m,4.8504082880455766
305.000,collisions,0
305.000,time_below_clearance_s,0.0
305.000,safety_zone_violations,0
305.000,min_ttc_s,18.88355486602541
305.000,avoid_success,1
305.000,avoid_timeout,0
305.000,q_convergence,0.38531828841813454
305.000,update_residual,0.04636296621956763
305.000,investigation_deferred,0
305.000,nav_aborted,0
305.000,nav_canceled,0
305.000,nav_rejected,0
305.000,run_seed,5
306.000,anomalies_detected,2
306.000,anomalies_unique,2
306.000,investigation_timeouts,0
306.000,mission_duration_s,261.676
306.000,distance_traveled_m,61.64683113346251
306.000,route_deviations,3
306.000,investigation_time_s,24.200000000000045
306.000,hazard_avoidances,1
306.000,min_hazard_distance_m,4.8504082880455766
306.000,collisions,0
306.000,time_below_clearance_s,0.0
306.000,safety_zone_violations,0
306.000,min_ttc_s,18.88355486602541
306.000,avoid_success,1
306.000,avoid_timeout,0
306.000,q_convergence,0.3253669649607668
306.000,update_residual,0.03919316326716774
306.000,investigation_deferred,0
306.000,nav_aborted,0
306.000,nav_canceled,0
306.000,nav_rejected,0
306.000,run_seed,5
307.000,anomalies_detected,2
307.000,anomalies_unique,2
307.000,investigation_timeouts,0
307.000,mission_duration_s,262.676
307.000,distance_traveled_m,61.90891112599073
307.000,route_deviations,3
307.000,investigation_time_s,24.200000000000045
307.000,hazard_avoidances,1
307.000,min_hazard_distance_m,4.8504082880455766
307.000,collisions,0
307.000,time_below_clearance_s,0.0
307.000,safety_zone_violations,0
307.000,min_ttc_s,18.88355486602541
307.000,avoid_success,1
307.000,avoid_timeout,0
307.000,q_convergence,0.27550252371410217
307.000,update_residual,0.03320824912683761
307.000,investigation_deferred,0
307.000,nav_aborted,0
307.000,nav_canceled,0
307.000,nav_rejected,0
307.000,run_seed,5
308.000,anomalies_detected,2
308.000,anomalies_unique,2
308.000,investigation_timeouts,0
308.000,mission_duration_s,263.676
308.000,distance_traveled_m,62.17099108885275
308.000,route_deviations,3
308.000,investigation_time_s,24.200000000000045
308.000,hazard_avoidances,1
308.000,min_hazard_distance_m,4.8504082880455766
308.000,collisions,0
308.000,time_below_clearance_s,0.0
308.000,safety_zone_violations,0
308.000,min_ttc_s,18.88355486602541
308.000,avoid_success,1
308.000,avoid_timeout,0
308.000,q_convergence,0.23275818055758027
308.000,update_residual,0.028933814811185427
308.000,investigation_deferred,0
308.000,nav_aborted,0
308.000,nav_canceled,0
308.000,nav_rejected,0
308.000,run_seed,5
309.000,anomalies_detected,2
309.000,anomalies_unique,2
309.000,investigation_timeouts,0
309.000,mission_duration_s,264.676
309.000,distance_traveled_m,62.43307108474268
309.000,route_deviations,3
309.000,investigation_time_s,24.200000000000045
309.000,hazard_avoidances,1
309.000,min_hazard_distance_m,4.8504082880455766
309.000,collisions,0
309.000,time_below_clearance_s,0.0
309.000,safety_zone_violations,0
309.000,min_ttc_s,18.88355486602541
309.000,avoid_success,1
309.000,avoid_timeout,0
309.000,q_convergence,1.4261648919919632
309.000,update_residual,0.14690496111238568
309.000,investigation_deferred,0
309.000,nav_aborted,0
309.000,nav_canceled,0
309.000,nav_rejected,0
309.000,run_seed,5
310.000,anomalies_detected,2
310.000,anomalies_unique,2
310.000,investigation_timeouts,0
310.000,mission_duration_s,265.676
310.000,distance_traveled_m,62.69515107841203
310.000,route_deviations,3
310.000,investigation_time_s,24.200000000000045
310.000,hazard_avoidances,1
310.000,min_hazard_distance_m,4.8504082880455766
310.000,collisions,0
310.000,time_below_clearance_s,0.0
310.000,safety_zone_violations,0
310.000,min_ttc_s,18.88355486602541
310.000,avoid_success,1
310.000,avoid_timeout,0
310.000,q_convergence,0.8566737801408918
310.000,update_residual,0.0904766752562025
310.000,investigation_deferred,0
310.000,nav_aborted,0
310.000,nav_canceled,0
310.000,nav_rejected,0
310.000,run_seed,5
311.000,anomalies_detected,2
311.000,anomalies_unique,2
311.000,investigation_timeouts,0
311.000,mission_duration_s,266.676
311.000,distance_traveled_m,62.947871045028
311.000,route_deviations,3
311.000,investigation_time_s,24.200000000000045
311.000,hazard_avoidances,1
311.000,min_hazard_distance_m,4.8504082880455766
311.000,collisions,0
311.000,time_below_clearance_s,0.0
311.000,safety_zone_violations,0
311.000,min_ttc_s,18.88355486602541
311.000,avoid_success,1
311.000,avoid_timeout,0
311.000,q_convergence,0.7386637685895308
311.000,update_residual,0.0779542795147494
311.000,investigation_deferred,0
311.000,nav_aborted,0
311.000,nav_canceled,0
311.000,nav_rejected,0
311.000,run_seed,5
312.000,anomalies_detected,2
312.000,anomalies_unique,2
312.000,investigation_timeouts,0
312.000,mission_duration_s,267.676
312.000,distance_traveled_m,63.20995104118713
312.000,route_deviations,3
312.000,investigation_time_s,24.200000000000045
312.000,hazard_avoidances,1
312.000,min_hazard_distance_m,4.8504082880455766
312.000,collisions,0
312.000,time_below_clearance_s,0.0
312.000,safety_zone_violations,0
312.000,min_ttc_s,18.88355486602541
312.000,avoid_success,1
312.000,avoid_timeout,0
312.000,q_convergence,0.6382459201488563
312.000,update_residual,0.06791249467068192
312.000,investigation_deferred,0
312.000,nav_aborted,0
312.000,nav_canceled,0
312.000,nav_rejected,0
312.000,run_seed,5
313.000,anomalies_detected,2
313.000,anomalies_unique,2
313.000,investigation_timeouts,0
313.000,mission_duration_s,268.676
313.000,distance_traveled_m,63.472031033113
313.000,route_deviations,3
313.000,investigation_time_s,24.200000000000045
313.000,hazard_avoidances,1
313.000,min_hazard_distance_m,4.8504082880455766
313.000,collisions,0
313.000,time_below_clearance_s,0.0
313.000,safety_zone_violations,0
313.000,min_ttc_s,18.88355486602541
313.000,avoid_success,1
313.000,avoid_timeout,0
313.000,q_convergence,0.9600826733922979
313.000,update_residual,0.09923479050684043
313.000,investigation_deferred,0
313.000,nav_aborted,0
313.000,nav_canceled,0
313.000,nav_rejected,0
313.000,run_seed,5
314.000,anomalies_detected,2
314.000,anomalies_unique,2
314.000,investigation_timeouts,0
314.000,mission_duration_s,269.676
314.000,distance_traveled_m,63.734111025454254
314.000,route_deviations,3
314.000,investigation_time_s,24.200000000000045
314.000,hazard_avoidances,1
314.000,min_hazard_distance_m,4.8504082880455766
314.000,collisions,0
314.000,time_below_clearance_s,0.0
314.000,safety_zone_violations,0
314.000,min_ttc_s,18.88355486602541
314.000,avoid_success,1
314.000,avoid_timeout,0
314.000,q_convergence,0.8950461579030449
314.000,update_residual,0.09297933304773133
314.000,investigation_deferred,0
314.000,nav_aborted,0
314.000,nav_canceled,0
314.000,nav_rejected,0
314.000,run_seed,5
315.000,anomalies_detected,2
315.000,anomalies_unique,2
315.000,investigation_timeouts,0
315.000,mission_duration_s,270.676
315.000,distance_traveled_m,63.98683101974485
315.000,route_deviations,3
315.000,investigation_time_s,24.200000000000045
315.000,hazard_avoidances,1
315.000,min_hazard_distance_m,4.8504082880455766
315.000,collisions,0
315.000,time_below_clearance_s,0.0
315.000,safety_zone_violations,0
315.000,min_ttc_s,18.88355486602541
315.000,avoid_success,1
315.000,avoid_timeout,0
315.000,q_convergence,0.7736295415134646
315.000,update_residual,0.08031646382015929
315.000,investigation_deferred,0
315.000,nav_aborted,0
315.000,nav_canceled,0
315.000,nav_rejected,0
315.000,run_seed,5
316.000,anomalies_detected,2
316.000,anomalies_unique,2
316.000,investigation_timeouts,0
316.000,mission_duration_s,271.676
316.000,distance_traveled_m,64.24891101918948
316.000,route_deviations,3
316.000,investigation_time_s,24.200000000000045
316.000,hazard_avoidances,1
316.000,min_hazard_distance_m,4.8504082880455766
316.000,collisions,0
316.000,time_below_clearance_s,0.0
316.000,safety_zone_violations,0
316.000,min_ttc_s,18.88355486602541
316.000,avoid_success,1
316.000,avoid_timeout,0
316.000,q_convergence,1.0696051198690444
316.000,update_residual,0.10928503348550711
316.000,investigation_deferred,0
316.000,nav_aborted,0
316.000,nav_canceled,0
316.000,nav_rejected,0
316.000,run_seed,5
317.000,anomalies_detected,2
317.000,anomalies_unique,2
317.000,investigation_timeouts,0
317.000,mission_duration_s,272.676
317.000,distance_traveled_m,64.5109909798747
317.000,route_deviations,3
317.000,investigation_time_s,24.200000000000045
317.000,hazard_avoidances,1
317.000,min_hazard_distance_m,4.8504082880455766
317.000,collisions,0
317.000,time_below_clearance_s,0.0
317.000,safety_zone_violations,0
317.000,min_ttc_s,18.88355486602541
317.000,avoid_success,1
317.000,avoid_timeout,0
317.000,q_convergence,0.8250337979599373
317.000,update_residual,0.08501386301448463
317.000,investigation_deferred,0
317.000,nav_aborted,0
317.000,nav_canceled,0
317.000,nav_rejected,0
317.000,run_seed,5
318.000,anomalies_detected,2
318.000,anomalies_unique,2
318.000,investigation_timeouts,0
318.000,mission_duration_s,273.676
318.000,distance_traveled_m,64.77307097582326
318.000,route_deviations,3
318.000,investigation_time_s,24.200000000000045
318.000,hazard_avoidances,1
318.000,min_hazard_distance_m,4.8504082880455766
318.000,collisions,0
318.000,time_below_clearance_s,0.0
318.000,safety_zone_violations,0
318.000,min_ttc_s,18.88355486602541
318.000,avoid_success,1
318.000,avoid_timeout,0
318.000,q_convergence,1.0694666131101573
318.000,update_residual,0.2968276035189015
318.000,investigation_deferred,0
318.000,nav_aborted,0
318.000,nav_canceled,0
318.000,nav_rejected,0
318.000,run_seed,5
319.000,anomalies_detected,2
319.000,anomalies_unique,2
319.000,investigation_timeouts,0
319.000,mission_duration_s,274.676
319.000,distance_traveled_m,65.03515096182524
319.000,route_deviations,3
319.000,investigation_time_s,24.200000000000045
319.000,hazard_avoidances,1
319.000,min_hazard_distance_m,4.8504082880455766
319.000,collisions,0
319.000,time_below_clearance_s,0.0
319.000,safety_zone_violations,0
319.000,min_ttc_s,18.88355486602541
319.000,avoid_success,1
319.000,avoid_timeout,0
319.000,q_convergence,0.5813405488379252
319.000,update_residual,0.28954357753147153
319.000,investigation_deferred,0
319.000,nav_aborted,0
319.000,nav_canceled,0
319.000,nav_rejected,0
319.000,run_seed,5
320.000,anomalies_detected,2
320.000,anomalies_unique,2
320.000,investigation_timeouts,0
320.000,mission_duration_s,275.676
320.000,distance_traveled_m,65.28787095997384
320.000,route_deviations,3
320.000,investigation_time_s,24.200000000000045
320.000,hazard_avoidances,1
320.000,min_hazard_distance_m,4.8504082880455766
320.000,collisions,0
320.000,time_below_clearance_s,0.0
320.000,safety_zone_violations,0
320.000,min_ttc_s,18.88355486602541
320.000,avoid_success,1
320.000,avoid_timeout,0
320.000,q_convergence,0.19560893418125547
320.000,update_residual,0.261147682670114
320.000,investigation_deferred,0
320.000,nav_aborted,0
320.000,nav_canceled,0
320.000,nav_rejected,0
320.000,run_seed,5
321.000,anomalies_detected,3
321.000,anomalies_unique,2
321.000,investigation_timeouts,0
321.000,mission_duration_s,276.676
321.000,distance_traveled_m,65.5499471053317
321.000,route_deviations,4
321.000,investigation_time_s,25.000000000000057
321.000,hazard_avoidances,1
321.000,min_hazard_distance_m,4.8504082880455766
321.000,collisions,0
321.000,time_below_clearance_s,0.0
321.000,safety_zone_violations,0
321.000,min_ttc_s,18.88355486602541
321.000,avoid_success,1
321.000,avoid_timeout,0
321.000,q_convergence,1.2610844485322177
321.000,update_residual,0.3514628886202393
321.000,investigation_deferred,0
321.000,nav_aborted,0
321.000,nav_canceled,0
321.000,nav_rejected,0
321.000,run_seed,5
322.000,anomalies_detected,3
322.000,anomalies_unique,2
322.000,investigation_timeouts,0
322.000,mission_duration_s,277.676
322.000,distance_traveled_m,65.81202564203149
322.000,route_deviations,4
322.000,investigation_time_s,26.000000000000057
322.000,hazard_avoidances,1
322.000,min_hazard_distance_m,4.8504082880455766
322.000,collisions,0
322.000,time_below_clearance_s,0.0
322.000,safety_zone_violations,0
322.000,min_ttc_s,18.88355486602541
322.000,avoid_success,1
322.000,avoid_timeout,0
322.000,q_convergence,1.0395018108112881
322.000,update_residual,0.3444618594517667
322.000,investigation_deferred,0
322.000,nav_aborted,0
322.000,nav_canceled,0
322.000,nav_rejected,0
322.000,run_seed,5
323.000,anomalies_detected,3
323.000,anomalies_unique,2
323.000,investigation_timeouts,0
323.000,mission_duration_s,278.676
323.000,distance_traveled_m,66.07410561905623
323.000,route_deviations,4
323.000,investigation_time_s,27.000000000000057
323.000,hazard_avoidances,1
323.000,min_hazard_distance_m,4.8504082880455766
323.000,collisions,0
323.000,time_below_clearance_s,0.0
323.000,safety_zone_violations,0
323.000,min_ttc_s,18.88355486602541
323.000,avoid_success,1
323.000,avoid_timeout,0
323.000,q_convergence,1.0731273265927432
323.000,update_residual,0.29602189568854403
323.000,investigation_deferred,0
323.000,nav_aborted,0
323.000,nav_canceled,0
323.000,nav_rejected,0
323.000,run_seed,5
324.000,anomalies_detected,3
324.000,anomalies_unique,2
324.000,investigation_timeouts,0
324.000,mission_duration_s,279.676
324.000,distance_traveled_m,66.32682559059711
324.000,route_deviations,4
324.000,investigation_time_s,28.000000000000057
324.000,hazard_avoidances,1
324.000,min_hazard_distance_m,4.8504082880455766
324.000,collisions,0
324.000,time_below_clearance_s,0.0
324.000,safety_zone_violations,0
324.000,min_ttc_s,18.88355486602541
324.000,avoid_success,1
324.000,avoid_timeout,0
324.000,q_convergence,0.660878407525984
324.000,update_residual,0.2862485309534132
324.000,investigation_deferred,0
324.000,nav_aborted,0
324.000,nav_canceled,0
324.000,nav_rejected,0
324.000,run_seed,5
325.000,anomalies_detected,3
325.000,anomalies_unique,2
325.000,investigation_timeouts,0
325.000,mission_duration_s,280.676
325.000,distance_traveled_m,66.58890557321499
325.000,route_deviations,4
325.000,investigation_time_s,29.000000000000057
325.000,hazard_avoidances,1
325.000,min_hazard_distance_m,4.8504082880455766
325.000,collisions,0
325.000,time_below_clearance_s,0.0
325.000,safety_zone_violations,0
325.000,min_ttc_s,18.88355486602541
325.000,avoid_success,1
325.000,avoid_timeout,0
325.000,q_convergence,0.3127410220182424
325.000,update_residual,0.21841068887251675
325.000,investigation_deferred,0
325.000,nav_aborted,0
325.000,nav_canceled,0
325.000,nav_rejected,0
325.000,run_seed,5
326.000,anomalies_detected,3
326.000,anomalies_unique,2
326.000,investigation_timeouts,0
326.000,mission_duration_s,281.676
326.000,distance_traveled_m,66.85098556119989
326.000,route_deviations,4
326.000,investigation_time_s,30.000000000000057
326.000,hazard_avoidances,1
326.000,min_hazard_distance_m,4.8504082880455766
326.000,collisions,0
326.000,time_below_clearance_s,0.0
326.000,safety_zone_violations,0
326.000,min_ttc_s,18.88355486602541
326.000,avoid_success,1
326.000,avoid_timeout,0
326.000,q_convergence,0.9671609082684993
326.000,update_residual,0.2700006088092937
326.000,investigation_deferred,0
326.000,nav_aborted,0
326.000,nav_canceled,0
326.000,nav_rejected,0
326.000,run_seed,5
327.000,anomalies_detected,3
327.000,anomalies_unique,2
327.000,investigation_timeouts,0
327.000,mission_duration_s,282.676
327.000,distance_traveled_m,67.10382272254243
327.000,route_deviations,4
327.000,investigation_time_s,31.000000000000057
327.000,hazard_avoidances,1
327.000,min_hazard_distance_m,4.8504082880455766
327.000,collisions,0
327.000,time_below_clearance_s,0.0
327.000,safety_zone_violations,0
327.000,min_ttc_s,18.88355486602541
327.000,avoid_success,1
327.000,avoid_timeout,0
327.000,q_convergence,0.752906551218444
327.000,update_residual,0.23435675379193296
327.000,investigation_deferred,0
327.000,nav_aborted,0
327.000,nav_canceled,0
327.000,nav_rejected,0
327.000,run_seed,5
328.000,anomalies_detected,3
328.000,anomalies_unique,2
328.000,investigation_timeouts,0
328.000,mission_duration_s,283.676
328.000,distance_traveled_m,67.10512402755171
328.000,route_deviations,4
328.000,investigation_time_s,32.00000000000006
328.000,hazard_avoidances,1
328.000,min_hazard_distance_m,4.8504082880455766
328.000,collisions,0
328.000,time_below_clearance_s,0.0
328.000,safety_zone_violations,0
328.000,min_ttc_s,18.88355486602541
328.000,avoid_success,1
328.000,avoid_timeout,0
328.000,q_convergence,0.4460234023905375
328.000,update_residual,0.20366843890914235
328.000,investigation_deferred,0
328.000,nav_aborted,0
328.000,nav_canceled,0
328.000,nav_rejected,0
328.000,run_seed,5
329.000,anomalies_detected,3
329.000,anomalies_unique,2
329.000,investigation_timeouts,0
329.000,mission_duration_s,284.676
329.000,distance_traveled_m,67.10512402755171
329.000,route_deviations,4
329.000,investigation_time_s,33.00000000000006
329.000,hazard_avoidances,1
329.000,min_hazard_distance_m,4.8504082880455766
329.000,collisions,0
329.000,time_below_clearance_s,0.0
329.000,safety_zone_violations,0
329.000,min_ttc_s,18.88355486602541
329.000,avoid_success,1
329.000,avoid_timeout,0
329.000,q_convergence,0.19475451850495012
329.000,update_residual,0.1546816357200703
329.000,investigation_deferred,0
329.000,nav_aborted,0
329.000,nav_canceled,0
329.000,nav_rejected,0
329.000,run_seed,5
330.000,anomalies_detected,3
330.000,anomalies_unique,2
330.000,investigation_timeouts,0
330.000,mission_duration_s,285.676
330.000,distance_traveled_m,67.10512402755171
330.000,route_deviations,4
330.000,investigation_time_s,34.00000000000006
330.000,hazard_avoidances,1
330.000,min_hazard_distance_m,4.8504082880455766
330.000,collisions,0
330.000,time_below_clearance_s,0.0
330.000,safety_zone_violations,0
330.000,min_ttc_s,18.88355486602541
330.000,avoid_success,1
330.000,avoid_timeout,0
330.000,q_convergence,1.47927610835641
330.000,update_residual,0.25433988517743633
330.000,investigation_deferred,0
330.000,nav_aborted,0
330.000,nav_canceled,0
330.000,nav_rejected,0
330.000,run_seed,5
331.000,anomalies_detected,3
331.000,anomalies_unique,3
331.000,investigation_timeouts,0
331.000,mission_duration_s,286.676
331.000,distance_traveled_m,67.10512402755171
331.000,route_deviations,4
331.000,investigation_time_s,34.00000000000006
331.000,hazard_avoidances,1
331.000,min_hazard_distance_m,4.8504082880455766
331.000,collisions,0
331.000,time_below_clearance_s,0.0
331.000,safety_zone_violations,0
331.000,min_ttc_s,18.88355486602541
331.000,avoid_success,1
331.000,avoid_timeout,0
331.000,q_convergence,0.6153832339816389
331.000,update_residual,0.1764635796873029
331.000,investigation_deferred,0
331.000,nav_aborted,0
331.000,nav_canceled,0
331.000,nav_rejected,0
331.000,run_seed,5
332.000,anomalies_detected,3
332.000,anomalies_unique,3
332.000,investigation_timeouts,0
332.000,mission_duration_s,287.676
332.000,distance_traveled_m,67.19087046584056
332.000,route_deviations,4
332.000,investigation_time_s,34.00000000000006
332.000,hazard_avoidances,1
332.000,min_hazard_distance_m,4.8504082880455766
332.000,collisions,0
332.000,time_below_clearance_s,0.0
332.000,safety_zone_violations,0
332.000,min_ttc_s,18.88355486602541
332.000,avoid_success,1
332.000,avoid_timeout,0
332.000,q_convergence,0.39545679635490666
332.000,update_residual,0.13723214748125884
332.000,investigation_deferred,0
332.000,nav_aborted,0
332.000,nav_canceled,0
332.000,nav_rejected,0
332.000,run_seed,5
333.000,anomalies_detected,3
333.000,anomalies_unique,3
333.000,investigation_timeouts,0
333.000,mission_duration_s,288.676
333.000,distance_traveled_m,67.43991760512309
333.000,route_deviations,4
333.000,investigation_time_s,34.00000000000006
333.000,hazard_avoidances,1
333.000,min_hazard_distance_m,4.8504082880455766
333.000,collisions,0
333.000,time_below_clearance_s,0.0
333.000,safety_zone_violations,0
333.000,min_ttc_s,18.88355486602541
333.000,avoid_success,1
333.000,avoid_timeout,0
333.000,q_convergence,0.22523064391757228
333.000,update_residual,0.10555656206066018
333.000,investigation_deferred,0
333.000,nav_aborted,0
333.000,nav_canceled,0
333.000,nav_rejected,0
333.000,run_seed,5
334.000,anomalies_detected,3
334.000,anomalies_unique,3
334.000,investigation_timeouts,0
334.000,mission_duration_s,289.676
334.000,distance_traveled_m,67.70199755018675
334.000,route_deviations,4
334.000,investigation_time_s,34.00000000000006
334.000,hazard_avoidances,1
334.000,min_hazard_distance_m,4.8504082880455766
334.000,collisions,0
334.000,time_below_clearance_s,0.0
334.000,safety_zone_violations,0
334.000,min_ttc_s,18.88355486602541
334.000,avoid_success,1
334.000,avoid_timeout,0
334.000,q_convergence,0.08925654580637775
334.000,update_residual,0.09195915224954074
334.000,investigation_deferred,0
334.000,nav_aborted,0
334.000,nav_canceled,0
334.000,nav_rejected,0
334.000,run_seed,5
335.000,anomalies_detected,3
335.000,anomalies_unique,3
335.000,investigation_timeouts,0
335.000,mission_duration_s,290.676
335.000,distance_traveled_m,67.96407753658714
335.000,route_deviations,4
335.000,investigation_time_s,34.00000000000006
335.000,hazard_avoidances,1
335.000,min_hazard_distance_m,4.8504082880455766
335.000,collisions,0
335.000,time_below_clearance_s,0.0
335.000,safety_zone_violations,0
335.000,min_ttc_s,18.88355486602541
335.000,avoid_success,1
335.000,avoid_timeout,0
335.000,q_convergence,0.028826572785248392
335.000,update_residual,0.06847290457632262
335.000,investigation_deferred,0
335.000,nav_aborted,0
335.000,nav_canceled,0
335.000,nav_rejected,0
335.000,run_seed,5
336.000,anomalies_detected,3
336.000,anomalies_unique,3
336.000,investigation_timeouts,0
336.000,mission_duration_s,291.676
336.000,distance_traveled_m,68.22615752583442
336.000,route_deviations,4
336.000,investigation_time_s,34.00000000000006
336.000,hazard_avoidances,1
336.000,min_hazard_distance_m,4.8504082880455766
336.000,collisions,0
336.000,time_below_clearance_s,0.0
336.000,safety_zone_violations,0
336.000,min_ttc_s,18.88355486602541
336.000,avoid_success,1
336.000,avoid_timeout,0
336.000,q_convergence,1.571978572060278
336.000,update_residual,0.21240744382314977
336.000,investigation_deferred,0
336.000,nav_aborted,0
336.000,nav_canceled,0
336.000,nav_rejected,0
336.000,run_seed,5
337.000,anomalies_detected,3
337.000,anomalies_unique,3
337.000,investigation_timeouts,0
337.000,mission_duration_s,292.676
337.000,distance_traveled_m,68.48823751801592
337.000,route_deviations,4
337.000,investigation_time_s,34.00000000000006
337.000,hazard_avoidances,1
337.000,min_hazard_distance_m,4.8504082880455766
337.000,collisions,0
337.000,time_below_clearance_s,0.0
337.000,safety_zone_violations,0
337.000,min_ttc_s,18.88355486602541
337.000,avoid_success,1
337.000,avoid_timeout,0
337.000,q_convergence,0.9889276847629169
337.000,update_residual,0.15459934896594676
337.000,investigation_deferred,0
337.000,nav_aborted,0
337.000,nav_canceled,0
337.000,nav_rejected,0
337.000,run_seed,5
338.000,anomalies_detected,3
338.000,anomalies_unique,3
338.000,investigation_timeouts,0
338.000,mission_duration_s,293.676
338.000,distance_traveled_m,68.74095751569358
338.000,route_deviations,4
338.000,investigation_time_s,34.00000000000006
338.000,hazard_avoidances,1
338.000,min_hazard_distance_m,4.8504082880455766
338.000,collisions,0
338.000,time_below_clearance_s,0.0
338.000,safety_zone_violations,0
338.000,min_ttc_s,18.88355486602541
338.000,avoid_success,1
338.000,avoid_timeout,0
338.000,q_convergence,0.8220833345733529
338.000,update_residual,0.13320128021325028
338.000,investigation_deferred,0
338.000,nav_aborted,0
338.000,nav_canceled,0
338.000,nav_rejected,0
338.000,run_seed,5
339.000,anomalies_detected,3
339.000,anomalies_unique,3
339.000,investigation_timeouts,0
339.000,mission_duration_s,294.676
339.000,distance_traveled_m,69.00303750662202
339.000,route_deviations,4
339.000,investigation_time_s,34.00000000000006
339.000,hazard_avoidances,1
339.000,min_hazard_distance_m,4.8504082880455766
339.000,collisions,0
339.000,time_below_clearance_s,0.0
339.000,safety_zone_violations,0
339.000,min_ttc_s,18.88355486602541
339.000,avoid_success,1
339.000,avoid_timeout,0
339.000,q_convergence,0.6552690506669911
339.000,update_residual,0.10887090980922684
339.000,investigation_deferred,0
339.000,nav_aborted,0
339.000,nav_canceled,0
339.000,nav_rejected,0
339.000,run_seed,5
340.000,anomalies_detected,3
340.000,anomalies_unique,3
340.000,investigation_timeouts,0
340.000,mission_duration_s,295.676
340.000,distance_traveled_m,69.26511747775643
340.000,route_deviations,4
340.000,investigation_time_s,34.00000000000006
340.000,hazard_avoidances,1
340.000,min_hazard_distance_m,4.8504082880455766
340.000,collisions,0
340.000,time_below_clearance_s,0.0
340.000,safety_zone_violations,0
340.000,min_ttc_s,18.88355486602541
340.000,avoid_success,1
340.000,avoid_timeout,0
340.000,q_convergence,1.1048884414158835
340.000,update_residual,0.15073684854536412
340.000,investigation_deferred,0
340.000,nav_aborted,0
340.000,nav_canceled,0
340.000,nav_rejected,0
340.000,run_seed,5
341.000,anomalies_detected,3
341.000,anomalies_unique,3
341.000,investigation_timeouts,0
341.000,mission_duration_s,296.676
341.000,distance_traveled_m,69.5271974605838
341.000,route_deviations,4
341.000,investigation_time_s,34.00000000000006
341.000,hazard_avoidances,1
341.000,min_hazard_distance_m,4.8504082880455766
341.000,collisions,0
341.000,time_below_clearance_s,0.0
341.000,safety_zone_violations,0
341.000,min_ttc_s,18.88355486602541
341.000,avoid_success,1
341.000,avoid_timeout,0
341.000,q_convergence,0.777554327517484
341.000,update_residual,0.11459783678289699
341.000,investigation_deferred,0
341.000,nav_aborted,0
341.000,nav_canceled,0
341.000,nav_rejected,0
341.000,run_seed,5
342.000,anomalies_detected,3
342.000,anomalies_unique,3
342.000,investigation_timeouts,0
342.000,mission_duration_s,297.676
342.000,distance_traveled_m,69.77991744689747
342.000,route_deviations,4
342.000,investigation_time_s,34.00000000000006
342.000,hazard_avoidances,1
342.000,min_hazard_distance_m,4.8504082880455766
342.000,collisions,0
342.000,time_below_clearance_s,0.0
342.000,safety_zone_violations,0
342.000,min_ttc_s,18.88355486602541
342.000,avoid_success,1
342.000,avoid_timeout,0
342.000,q_convergence,0.6310654729328912
342.000,update_residual,0.09442259071976543
342.000,investigation_deferred,0
342.000,nav_aborted,0
342.000,nav_canceled,0
342.000,nav_rejected,0
342.000,run_seed,5
343.000,anomalies_detected,3
343.000,anomalies_unique,3
343.000,investigation_timeouts,0
343.000,mission_duration_s,298.676
343.000,distance_traveled_m,70.0419974396846
343.000,route_deviations,4
343.000,investigation_time_s,34.00000000000006
343.000,hazard_avoidances,1
343.000,min_hazard_distance_m,4.8504082880455766
343.000,collisions,0
343.000,time_below_clearance_s,0.0
343.000,safety_zone_violations,0
343.000,min_ttc_s,18.88355486602541
343.000,avoid_success,1
343.000,avoid_timeout,0
343.000,q_convergence,0.509433749013497
343.000,update_residual,0.082259418327826
343.000,investigation_deferred,0
343.000,nav_aborted,0
343.000,nav_canceled,0
343.000,nav_rejected,0
343.000,run_seed,5
344.000,anomalies_detected,3
344.000,anomalies_unique,3
344.000,investigation_timeouts,0
344.000,mission_duration_s,299.676
344.000,distance_traveled_m,70.30407742396129
344.000,route_deviations,4
344.000,investigation_time_s,34.00000000000006
344.000,hazard_avoidances,1
344.000,min_hazard_distance_m,4.8504082880455766
344.000,collisions,0
344.000,time_below_clearance_s,0.0
344.000,safety_zone_violations,0
344.000,min_ttc_s,18.88355486602541
344.000,avoid_success,1
344.000,avoid_timeout,0
344.000,q_convergence,1.083248900739011
344.000,update_residual,0.13304219577836987
344.000,investigation_deferred,0
344.000,nav_aborted,0
344.000,nav_canceled,0
344.000,nav_rejected,0
344.000,run_seed,5
345.000,anomalies_detected,3
345.000,anomalies_unique,3
345.000,investigation_timeouts,0
345.000,mission_duration_s,300.676
345.000,distance_traveled_m,70.56615741173694
345.000,route_deviations,4
345.000,investigation_time_s,34.00000000000006
345.000,hazard_avoidances,1
345.000,min_hazard_distance_m,4.8504082880455766
345.000,collisions,0
345.000,time_below_clearance_s,0.0
345.000,safety_zone_violations,0
345.000,min_ttc_s,18.88355486602541
345.000,avoid_success,1
345.000,avoid_timeout,0
345.000,q_convergence,0.8349241655204137
345.000,update_residual,0.10611825792767049
345.000,investigation_deferred,0
345.000,nav_aborted,0
345.000,nav_canceled,0
345.000,nav_rejected,0
345.000,run_seed,5
346.000,anomalies_detected,3
346.000,anomalies_unique,3
346.000,investigation_timeouts,0
346.000,mission_duration_s,301.676
346.000,distance_traveled_m,70.8282374013261
346.000,route_deviations,4
346.000,investigation_time_s,34.00000000000006
346.000,hazard_avoidances,1
346.000,min_hazard_distance_m,4.8504082880455766
346.000,collisions,0
346.000,time_below_clearance_s,0.0
346.000,safety_zone_violations,0
346.000,min_ttc_s,18.88355486602541
346.000,avoid_success,1
346.000,avoid_timeout,0
346.000,q_convergence,0.9070725258971716
346.000,update_residual,0.10856550596119587
346.000,investigation_deferred,0
346.000,nav_aborted,0
346.000,nav_canceled,0
346.000,nav_rejected,0
346.000,run_seed,5
347.000,anomalies_detected,3
347.000,anomalies_unique,3
347.000,investigation_timeouts,0
347.000,mission_duration_s,302.676
347.000,distance_traveled_m,71.08095740059477
347.000,route_deviations,4
347.000,investigation_time_s,34.00000000000006
347.000,hazard_avoidances,1
347.000,min_hazard_distance_m,4.8504082880455766
347.000,collisions,0
347.000,time_below_clearance_s,0.0
347.000,safety_zone_violations,0
347.000,min_ttc_s,18.88355486602541
347.000,avoid_success,1
347.000,avoid_timeout,0
347.000,q_convergence,0.9191888743821162
347.000,update_residual,0.10826605783210363
347.000,investigation_deferred,0
347.000,nav_aborted,0
347.000,nav_canceled,0
347.000,nav_rejected,0
347.000,run_seed,5
348.000,anomalies_detected,3
348.000,anomalies_unique,3
348.000,investigation_timeouts,0
348.000,mission_duration_s,303.676
348.000,distance_traveled_m,71.33584277623775
348.000,route_deviations,4
348.000,investigation_time_s,34.00000000000006
348.000,hazard_avoidances,1
348.000,min_hazard_distance_m,4.8504082880455766
348.000,collisions,0
348.000,time_below_clearance_s,0.0
348.000,safety_zone_violations,0
348.000,min_ttc_s,18.88355486602541
348.000,avoid_success,1
348.000,avoid_timeout,0
348.000,q_convergence,0.9594394890208614
348.000,update_residual,0.11108021778531951
348.000,investigation_deferred,0
348.000,nav_aborted,0
348.000,nav_canceled,0
348.000,nav_rejected,0
348.000,run_seed,5
349.000,anomalies_detected,3
349.000,anomalies_unique,3
349.000,investigation_timeouts,0
349.000,mission_duration_s,304.676
349.000,distance_traveled_m,71.44772606393951
349.000,route_deviations,4
349.000,investigation_time_s,34.00000000000006
349.000,hazard_avoidances,1
349.000,min_hazard_distance_m,4.8504082880455766
349.000,collisions,0
349.000,time_below_clearance_s,0.0
349.000,safety_zone_violations,0
349.000,min_ttc_s,18.88355486602541
349.000,avoid_success,1
349.000,avoid_timeout,0
349.000,q_convergence,0.8941088648171094
349.000,update_residual,0.10330598131651916
349.000,investigation_deferred,0
349.000,nav_aborted,0
349.000,nav_canceled,0
349.000,nav_rejected,0
349.000,run_seed,5
350.000,anomalies_detected,3
350.000,anomalies_unique,3
350.000,investigation_timeouts,0
350.000,mission_duration_s,305.676
350.000,distance_traveled_m,71.50910873799653
350.000,route_deviations,4
350.000,investigation_time_s,34.00000000000006
350.000,hazard_avoidances,1
350.000,min_hazard_distance_m,4.8504082880455766
350.000,collisions,0
350.000,time_below_clearance_s,0.0
350.000,safety_zone_violations,0
350.000,min_ttc_s,18.88355486602541
350.000,avoid_success,1
350.000,avoid_timeout,0
350.000,q_convergence,0.758832776860554
350.000,update_residual,0.08977837252086364
350.000,investigation_deferred,0
350.000,nav_aborted,0
350.000,nav_canceled,0
350.000,nav_rejected,0
350.000,run_seed,5
351.000,anomalies_detected,3
351.000,anomalies_unique,3
351.000,investigation_timeouts,0
351.000,mission_duration_s,306.676
351.000,distance_traveled_m,71.5580934926575
351.000,route_deviations,4
351.000,investigation_time_s,34.00000000000006
351.000,hazard_avoidances,1
351.000,min_hazard_distance_m,4.8504082880455766
351.000,collisions,0
351.000,time_below_clearance_s,0.0
351.000,safety_zone_violations,0
351.000,min_ttc_s,18.88355486602541
351.000,avoid_success,1
351.000,avoid_timeout,0
351.000,q_convergence,0.6426184613066993
351.000,update_residual,0.0760726767402569
351.000,investigation_deferred,0
351.000,nav_aborted,0
351.000,nav_canceled,0
351.000,nav_rejected,0
351.000,run_seed,5
352.000,anomalies_detected,3
352.000,anomalies_unique,3
352.000,investigation_timeouts,0
352.000,mission_duration_s,307.676
352.000,distance_traveled_m,71.6550194301848
352.000,route_deviations,4
352.000,investigation_time_s,34.00000000000006
352.000,hazard_avoidances,1
352.000,min_hazard_distance_m,4.8504082880455766
352.000,collisions,0
352.000,time_below_clearance_s,0.0
352.000,safety_zone_violations,0
352.000,min_ttc_s,18.88355486602541
352.000,avoid_success,1
352.000,avoid_timeout,0
352.000,q_convergence,0.5457294060828025
352.000,update_residual,0.0646121466264292
352.000,investigation_deferred,0
352.000,nav_aborted,0
352.000,nav_canceled,0
352.000,nav_rejected,0
352.000,run_seed,5
353.000,anomalies_detected,3
353.000,anomalies_unique,3
353.000,investigation_timeouts,0
353.000,mission_duration_s,308.676
353.000,distance_traveled_m,71.79422355391932
353.000,route_deviations,4
353.000,investigation_time_s,34.00000000000006
353.000,hazard_avoidances,1
353.000,min_hazard_distance_m,4.8504082880455766
353.000,collisions,0
353.000,time_below_clearance_s,0.0
353.000,safety_zone_violations,0
353.000,min_ttc_s,18.88355486602541
353.000,avoid_success,1
353.000,avoid_timeout,0
353.000,q_convergence,0.46256320972806525
353.000,update_residual,0.056295526990955476
353.000,investigation_deferred,0
353.000,nav_aborted,0
353.000,nav_canceled,0
353.000,nav_rejected,0
353.000,run_seed,5
354.000,anomalies_detected,3
354.000,anomalies_unique,3
354.000,investigation_timeouts,0
354.000,mission_duration_s,309.676
354.000,distance_traveled_m,72.05630216332145
354.000,route_deviations,4
354.000,investigation_time_s,34.00000000000006
354.000,hazard_avoidances,1
354.000,min_hazard_distance_m,4.8504082880455766
354.000,collisions,0
354.000,time_below_clearance_s,0.0
354.000,safety_zone_violations,0
354.000,min_ttc_s,18.88355486602541
354.000,avoid_success,1
354.000,avoid_timeout,0
354.000,q_convergence,0.3898196701416876
354.000,update_residual,0.04751529212959537
354.000,investigation_deferred,0
354.000,nav_aborted,0
354.000,nav_canceled,0
354.000,nav_rejected,0
354.000,run_seed,5
355.000,anomalies_detected,3
355.000,anomalies_unique,3
355.000,investigation_timeouts,0
355.000,mission_duration_s,310.676
355.000,distance_traveled_m,72.31838208227701
355.000,route_deviations,4
355.000,investigation_time_s,34.00000000000006
355.000,hazard_avoidances,1
355.000,min_hazard_distance_m,4.8504082880455766
355.000,collisions,0
355.000,time_below_clearance_s,0.0
355.000,safety_zone_violations,0
355.000,min_ttc_s,18.88355486602541
355.000,avoid_success,1
355.000,avoid_timeout,0
355.000,q_convergence,0.32842752009280884
355.000,update_residual,0.040096078357393504
355.000,investigation_deferred,0
355.000,nav_aborted,0
355.000,nav_canceled,0
355.000,nav_rejected,0
355.000,run_seed,5
356.000,anomalies_detected,3
356.000,anomalies_unique,3
356.000,investigation_timeouts,0
356.000,mission_duration_s,311.676
356.000,distance_traveled_m,72.57110204207507
356.000,route_deviations,4
356.000,investigation_time_s,34.00000000000006
356.000,hazard_avoidances,1
356.000,min_hazard_distance_m,4.8504082880455766
356.000,collisions,0
356.000,time_below_clearance_s,0.0
356.000,safety_zone_violations,0
356.000,min_ttc_s,18.88355486602541
356.000,avoid_success,1
356.000,avoid_timeout,0
356.000,q_convergence,0.913767451035187
356.000,update_residual,0.09811197671248043
356.000,investigation_deferred,0
356.000,nav_aborted,0
356.000,nav_canceled,0
356.000,nav_rejected,0
356.000,run_seed,5
357.000,anomalies_detected,3
357.000,anomalies_unique,3
357.000,investigation_timeouts,0
357.000,mission_duration_s,312.676
357.000,distance_traveled_m,72.83318202671914
357.000,route_deviations,4
357.000,investigation_time_s,34.00000000000006
357.000,hazard_avoidances,1
357.000,min_hazard_distance_m,4.8504082880455766
357.000,collisions,0
357.000,time_below_clearance_s,0.0
357.000,safety_zone_violations,0
357.000,min_ttc_s,18.88355486602541
357.000,avoid_success,1
357.000,avoid_timeout,0
357.000,q_convergence,0.903989000473741
357.000,update_residual,0.09656422744326984
357.000,investigation_deferred,0
357.000,nav_aborted,0
357.000,nav_canceled,0
357.000,nav_rejected,0
357.000,run_seed,5
358.000,anomalies_detected,3
358.000,anomalies_unique,3
358.000,investigation_timeouts,0
358.000,mission_duration_s,313.676
358.000,distance_traveled_m,73.09526201832368
358.000,route_deviations,4
358.000,investigation_time_s,34.00000000000006
358.000,hazard_avoidances,1
358.000,min_hazard_distance_m,4.8504082880455766
358.000,collisions,0
358.000,time_below_clearance_s,0.0
358.000,safety_zone_violations,0
358.000,min_ttc_s,18.88355486602541
358.000,avoid_success,1
358.000,avoid_timeout,0
358.000,q_convergence,0.7802933655081964
358.000,update_residual,0.08326986483733101
358.000,investigation_deferred,0
358.000,nav_aborted,0
358.000,nav_canceled,0
358.000,nav_rejected,0
358.000,run_seed,5
359.000,anomalies_detected,3
359.000,anomalies_unique,3
359.000,investigation_timeouts,0
359.000,mission_duration_s,314.676
359.000,distance_traveled_m,73.3573420027966
359.000,route_deviations,4
359.000,investigation_time_s,34.00000000000006
359.000,hazard_avoidances,1
359.000,min_hazard_distance_m,4.8504082880455766
359.000,collisions,0
359.000,time_below_clearance_s,0.0
359.000,safety_zone_violations,0
359.000,min_ttc_s,18.88355486602541
359.000,avoid_success,1
359.000,avoid_timeout,0
359.000,q_convergence,0.6712539718902006
359.000,update_residual,0.07236592547553142
359.000,investigation_deferred,0
359.000,nav_aborted,0
359.000,nav_canceled,0
359.000,nav_rejected,0
359.000,run_seed,5
360.000,anomalies_detected,3
360.000,anomalies_unique,3
360.000,investigation_timeouts,0
360.000,mission_duration_s,315.676
360.000,distance_traveled_m,73.6100618856752
360.000,route_deviations,4
360.000,investigation_time_s,34.00000000000006
360.000,hazard_avoidances,1
360.000,min_hazard_distance_m,4.8504082880455766
360.000,collisions,0
360.000,time_below_clearance_s,0.0
360.000,safety_zone_violations,0
360.000,min_ttc_s,18.88355486602541
360.000,avoid_success,1
360.000,avoid_timeout,0
360.000,q_convergence,0.9840357119529329
360.000,update_residual,0.10253984530714691
360.000,investigation_deferred,0
360.000,nav_aborted,0
360.000,nav_canceled,0
360.000,nav_rejected,0
360.000,run_seed,5
361.000,anomalies_detected,3
361.000,anomalies_unique,3
361.000,investigation_timeouts,0
361.000,mission_duration_s,316.676
361.000,distance_traveled_m,73.87214183082172
361.000,route_deviations,4
361.000,investigation_time_s,34.00000000000006
361.000,hazard_avoidances,1
361.000,min_hazard_distance_m,4.8504082880455766
361.000,collisions,0
361.000,time_below_clearance_s,0.0
361.000,safety_zone_violations,0
361.000,min_ttc_s,18.88355486602541
361.000,avoid_success,1
361.000,avoid_timeout,0
361.000,q_convergence,0.8869681306053823
361.000,update_residual,0.09315126210407289
361.000,investigation_deferred,0
361.000,nav_aborted,0
361.000,nav_canceled,0
361.000,nav_rejected,0
361.000,run_seed,5
362.000,anomalies_detected,3
362.000,anomalies_unique,3
362.000,investigation_timeouts,0
362.000,mission_duration_s,317.676
362.000,distance_traveled_m,74.1342218084289
362.000,route_deviations,4
362.000,investigation_time_s,34.00000000000006
362.000,hazard_avoidances,1
362.000,min_hazard_distance_m,4.8504082880455766
362.000,collisions,0
362.000,time_below_clearance_s,0.0
362.000,safety_zone_violations,0
362.000,min_ttc_s,18.88355486602541
362.000,avoid_success,1
362.000,avoid_timeout,0
362.000,q_convergence,0.7674995804552945
362.000,update_residual,0.0805362397325339
362.000,investigation_deferred,0
362.000,nav_aborted,0
362.000,nav_canceled,0
362.000,nav_rejected,0
362.000,run_seed,5
363.000,anomalies_detected,3
363.000,anomalies_unique,3
363.000,investigation_timeouts,0
363.000,mission_duration_s,318.676
363.000,distance_traveled_m,74.39630179919878
363.000,route_deviations,4
363.000,investigation_time_s,34.00000000000006
363.000,hazard_avoidances,1
363.000,min_hazard_distance_m,4.8504082880455766
363.000,collisions,0
363.000,time_below_clearance_s,0.0
363.000,safety_zone_violations,0
363.000,min_ttc_s,18.88355486602541
363.000,avoid_success,1
363.000,avoid_timeout,0
363.000,q_convergence,0.6620397870250534
363.000,update_residual,0.06999026038950978
363.000,investigation_deferred,0
363.000,nav_aborted,0
363.000,nav_canceled,0
363.000,nav_rejected,0
363.000,run_seed,5
364.000,anomalies_detected,3
364.000,anomalies_unique,3
364.000,investigation_timeouts,0
364.000,mission_duration_s,319.676
364.000,distance_traveled_m,74.65838179101182
364.000,route_deviations,4
364.000,investigation_time_s,34.00000000000006
364.000,hazard_avoidances,1
364.000,min_hazard_distance_m,4.8504082880455766
364.000,collisions,0
364.000,time_below_clearance_s,0.0
364.000,safety_zone_violations,0
364.000,min_ttc_s,18.88355486602541
364.000,avoid_success,1
364.000,avoid_timeout,0
364.000,q_convergence,1.0292503301999134
364.000,update_residual,0.10591349106580557
364.000,investigation_deferred,0
364.000,nav_aborted,0
364.000,nav_canceled,0
364.000,nav_rejected,0
364.000,run_seed,5
365.000,anomalies_detected,3
365.000,anomalies_unique,3
365.000,investigation_timeouts,0
365.000,mission_duration_s,320.676
365.000,distance_traveled_m,74.91110172124297
365.000,route_deviations,4
365.000,investigation_time_s,34.00000000000006
365.000,hazard_avoidances,1
365.000,min_hazard_distance_m,4.8504082880455766
365.000,collisions,0
365.000,time_below_clearance_s,0.0
365.000,safety_zone_violations,0
365.000,min_ttc_s,18.88355486602541
365.000,avoid_success,1
365.000,avoid_timeout,0
365.000,q_convergence,0.8678270112386822
365.000,update_residual,0.09000104055782202
365.000,investigation_deferred,0
365.000,nav_aborted,0
365.000,nav_canceled,0
365.000,nav_rejected,0
365.000,run_seed,5
366.000,anomalies_detected,3
366.000,anomalies_unique,3
366.000,investigation_timeouts,0
366.000,mission_duration_s,321.676
366.000,distance_traveled_m,75.1731816774438
366.000,route_deviations,4
366.000,investigation_time_s,34.00000000000006
366.000,hazard_avoidances,1
366.000,min_hazard_distance_m,4.8504082880455766
366.000,collisions,0
366.000,time_below_clearance_s,0.0
366.000,safety_zone_violations,0
366.000,min_ttc_s,18.88355486602541
366.000,avoid_success,1
366.000,avoid_timeout,0
366.000,q_convergence,0.7521920633027412
366.000,update_residual,0.07795479484913488
366.000,investigation_deferred,0
366.000,nav_aborted,0
366.000,nav_canceled,0
366.000,nav_rejected,0
366.000,run_seed,5
367.000,anomalies_detected,3
367.000,anomalies_unique,3
367.000,investigation_timeouts,0
367.000,mission_duration_s,322.676
367.000,distance_traveled_m,75.43526165605287
367.000,route_deviations,4
367.000,investigation_time_s,34.00000000000006
367.000,hazard_avoidances,1
367.000,min_hazard_distance_m,4.8504082880455766
367.000,collisions,0
367.000,time_below_clearance_s,0.0
367.000,safety_zone_violations,0
367.000,min_ttc_s,18.88355486602541
367.000,avoid_success,1
367.000,avoid_timeout,0
367.000,q_convergence,0.6518517385538883
367.000,update_residual,0.06792076237424959
367.000,investigation_deferred,0
367.000,nav_aborted,0
367.000,nav_canceled,0
367.000,nav_rejected,0
367.000,run_seed,5
368.000,anomalies_detected,3
368.000,anomalies_unique,3
368.000,investigation_timeouts,0
368.000,mission_duration_s,323.676
368.000,distance_traveled_m,75.6973416363084
368.000,route_deviations,4
368.000,investigation_time_s,34.00000000000006
368.000,hazard_avoidances,1
368.000,min_hazard_distance_m,4.8504082880455766
368.000,collisions,0
368.000,time_below_clearance_s,0.0
368.000,safety_zone_violations,0
368.000,min_ttc_s,18.88355486602541
368.000,avoid_success,1
368.000,avoid_timeout,0
368.000,q_convergence,1.0727984630149179
368.000,update_residual,0.10943900723959257
368.000,investigation_deferred,0
368.000,nav_aborted,0
368.000,nav_canceled,0
368.000,nav_rejected,0
368.000,run_seed,5
369.000,anomalies_detected,3
369.000,anomalies_unique,3
369.000,investigation_timeouts,0
369.000,mission_duration_s,324.676
369.000,distance_traveled_m,75.95006157041139
369.000,route_deviations,4
369.000,investigation_time_s,34.00000000000006
369.000,hazard_avoidances,1
369.000,min_hazard_distance_m,4.8504082880455766
369.000,collisions,0
369.000,time_below_clearance_s,0.0
369.000,safety_zone_violations,0
369.000,min_ttc_s,18.88355486602541
369.000,avoid_success,1
369.000,avoid_timeout,0
369.000,q_convergence,0.8512595537329106
369.000,update_residual,0.08745120561432271
369.000,investigation_deferred,0
369.000,nav_aborted,0
369.000,nav_canceled,0
369.000,nav_rejected,0
369.000,run_seed,5
370.000,anomalies_detected,3
370.000,anomalies_unique,3
370.000,investigation_timeouts,0
370.000,mission_duration_s,325.676
370.000,distance_traveled_m,76.21214149104895
370.000,route_deviations,4
370.000,investigation_time_s,34.00000000000006
370.000,hazard_avoidances,1
370.000,min_hazard_distance_m,4.8504082880455766
370.000,collisions,0
370.000,time_below_clearance_s,0.0
370.000,safety_zone_violations,0
370.000,min_ttc_s,18.88355486602541
370.000,avoid_success,1
370.000,avoid_timeout,0
370.000,q_convergence,0.738825655396102
370.000,update_residual,0.07585902824448708
370.000,investigation_deferred,0
370.000,nav_aborted,0
370.000,nav_canceled,0
370.000,nav_rejected,0
370.000,run_seed,5
371.000,anomalies_detected,3
371.000,anomalies_unique,3
371.000,investigation_timeouts,0
371.000,mission_duration_s,326.676
371.000,distance_traveled_m,76.47422145703919
371.000,route_deviations,4
371.000,investigation_time_s,34.00000000000006
371.000,hazard_avoidances,1
371.000,min_hazard_distance_m,4.8504082880455766
371.000,collisions,0
371.000,time_below_clearance_s,0.0
371.000,safety_zone_violations,0
371.000,min_ttc_s,18.88355486602541
371.000,avoid_success,1
371.000,avoid_timeout,0
371.000,q_convergence,0.6413746281530374
371.000,update_residual,0.06581745611444909
371.000,investigation_deferred,0
371.000,nav_aborted,0
371.000,nav_canceled,0
371.000,nav_rejected,0
371.000,run_seed,5
372.000,anomalies_detected,3
372.000,anomalies_unique,3
372.000,investigation_timeouts,0
372.000,mission_duration_s,327.676
372.000,distance_traveled_m,76.73630140851007
372.000,route_deviations,4
372.000,investigation_time_s,34.00000000000006
372.000,hazard_avoidances,1
372.000,min_hazard_distance_m,4.8504082880455766
372.000,collisions,0
372.000,time_below_clearance_s,0.0
372.000,safety_zone_violations,0
372.000,min_ttc_s,18.88355486602541
372.000,avoid_success,1
372.000,avoid_timeout,0
372.000,q_convergence,1.1148262550102197
372.000,update_residual,0.11304261927879981
372.000,investigation_deferred,0
372.000,nav_aborted,0
372.000,nav_canceled,0
372.000,nav_rejected,0
372.000,run_seed,5
373.000,anomalies_detected,3
373.000,anomalies_unique,3
373.000,investigation_timeouts,0
373.000,mission_duration_s,328.676
373.000,distance_traveled_m,76.99838133615246
373.000,route_deviations,4
373.000,investigation_time_s,34.00000000000006
373.000,hazard_avoidances,1
373.000,min_hazard_distance_m,4.8504082880455766
373.000,collisions,0
373.000,time_below_clearance_s,0.0
373.000,safety_zone_violations,0
373.000,min_ttc_s,18.88355486602541
373.000,avoid_success,1
373.000,avoid_timeout,0
373.000,q_convergence,0.8351104223671373
373.000,update_residual,0.08493903654098726
373.000,investigation_deferred,0
373.000,nav_aborted,0
373.000,nav_canceled,0
373.000,nav_rejected,0
373.000,run_seed,5
374.000,anomalies_detected,3
374.000,anomalies_unique,3
374.000,investigation_timeouts,0
374.000,mission_duration_s,329.676
374.000,distance_traveled_m,77.25110130167744
374.000,route_deviations,4
374.000,investigation_time_s,34.00000000000006
374.000,hazard_avoidances,1
374.000,min_hazard_distance_m,4.8504082880455766
374.000,collisions,0
374.000,time_below_clearance_s,0.0
374.000,safety_zone_violations,0
374.000,min_ttc_s,18.88355486602541
374.000,avoid_success,1
374.000,avoid_timeout,0
374.000,q_convergence,0.7240238086833752
374.000,update_residual,0.07361617602697001
374.000,investigation_deferred,0
374.000,nav_aborted,0
374.000,nav_canceled,0
374.000,nav_rejected,0
374.000,run_seed,5
375.000,anomalies_detected,3
375.000,anomalies_unique,3
375.000,investigation_timeouts,0
375.000,mission_duration_s,330.676
375.000,distance_traveled_m,77.51318126423683
375.000,route_deviations,4
375.000,investigation_time_s,34.00000000000006
375.000,hazard_avoidances,1
375.000,min_hazard_distance_m,4.8504082880455766
375.000,collisions,0
375.000,time_below_clearance_s,0.0
375.000,safety_zone_violations,0
375.000,min_ttc_s,18.88355486602541
375.000,avoid_success,1
375.000,avoid_timeout,0
375.000,q_convergence,0.6291941463085259
375.000,update_residual,0.06413320978948507
375.000,investigation_deferred,0
375.000,nav_aborted,0
375.000,nav_canceled,0
375.000,nav_rejected,0
375.000,run_seed,5
376.000,anomalies_detected,3
376.000,anomalies_unique,3
376.000,investigation_timeouts,0
376.000,mission_duration_s,331.676
376.000,distance_traveled_m,77.77526118918348
376.000,route_deviations,4
376.000,investigation_time_s,34.00000000000006
376.000,hazard_avoidances,1
376.000,min_hazard_distance_m,4.8504082880455766
376.000,collisions,0
376.000,time_below_clearance_s,0.0
376.000,safety_zone_violations,0
376.000,min_ttc_s,18.88355486602541
376.000,avoid_success,1
376.000,avoid_timeout,0
376.000,q_convergence,1.1557635116309382
376.000,update_residual,0.1165343823418716
376.000,investigation_deferred,0
376.000,nav_aborted,0
376.000,nav_canceled,0
376.000,nav_rejected,0
376.000,run_seed,5
377.000,anomalies_detected,3
377.000,anomalies_unique,3
377.000,investigation_timeouts,0
377.000,mission_duration_s,332.676
377.000,distance_traveled_m,78.0373411439286
377.000,route_deviations,4
377.000,investigation_time_s,34.00000000000006
377.000,hazard_avoidances,1
377.000,min_hazard_distance_m,4.8504082880455766
377.000,collisions,0
377.000,time_below_clearance_s,0.0
377.000,safety_zone_violations,0
377.000,min_ttc_s,18.88355486602541
377.000,avoid_success,1
377.000,avoid_timeout,0
377.000,q_convergence,0.8193000302291715
377.000,update_residual,0.08280697002502915
377.000,investigation_deferred,0
377.000,nav_aborted,0
377.000,nav_canceled,0
377.000,nav_rejected,0
377.000,run_seed,5
378.000,anomalies_detected,3
378.000,anomalies_unique,3
378.000,investigation_timeouts,0
378.000,mission_duration_s,333.676
378.000,distance_traveled_m,78.29006112382574
378.000,route_deviations,4
378.000,investigation_time_s,34.00000000000006
378.000,hazard_avoidances,1
378.000,min_hazard_distance_m,4.8504082880455766
378.000,collisions,0
378.000,time_below_clearance_s,0.0
378.000,safety_zone_violations,0
378.000,min_ttc_s,18.88355486602541
378.000,avoid_success,1
378.000,avoid_timeout,0
378.000,q_convergence,0.7108667835016614
378.000,update_residual,0.07196364535227816
378.000,investigation_deferred,0
378.000,nav_aborted,0
378.000,nav_canceled,0
378.000,nav_rejected,0
378.000,run_seed,5
379.000,anomalies_detected,3
379.000,anomalies_unique,3
379.000,investigation_timeouts,0
379.000,mission_duration_s,334.676
379.000,distance_traveled_m,78.55214103864239
379.000,route_deviations,4
379.000,investigation_time_s,34.00000000000006
379.000,hazard_avoidances,1
379.000,min_hazard_distance_m,4.8504082880455766
379.000,collisions,0
379.000,time_below_clearance_s,0.0
379.000,safety_zone_violations,0
379.000,min_ttc_s,18.88355486602541
379.000,avoid_success,1
379.000,avoid_timeout,0
379.000,q_convergence,0.8984891923648286
379.000,update_residual,0.09053912474740435
379.000,investigation_deferred,0
379.000,nav_aborted,0
379.000,nav_canceled,0
379.000,nav_rejected,0
379.000,run_seed,5
380.000,anomalies_detected,3
380.000,anomalies_unique,3
380.000,investigation_timeouts,0
380.000,mission_duration_s,335.676
380.000,distance_traveled_m,78.81422101275811
380.000,route_deviations,4
380.000,investigation_time_s,34.00000000000006
380.000,hazard_avoidances,1
380.000,min_hazard_distance_m,4.8504082880455766
380.000,collisions,0
380.000,time_below_clearance_s,0.0
380.000,safety_zone_violations,0
380.000,min_ttc_s,18.88355486602541
380.000,avoid_success,1
380.000,avoid_timeout,0
380.000,q_convergence,0.9255265060511182
380.000,update_residual,0.09318625926413772
380.000,investigation_deferred,0
380.000,nav_aborted,0
380.000,nav_canceled,0
380.000,nav_rejected,0
380.000,run_seed,5
381.000,anomalies_detected,3
381.000,anomalies_unique,3
381.000,investigation_timeouts,0
381.000,mission_duration_s,336.676
381.000,distance_traveled_m,79.07630098304729
381.000,route_deviations,4
381.000,investigation_time_s,34.00000000000006
381.000,hazard_avoidances,1
381.000,min_hazard_distance_m,4.8504082880455766
381.000,collisions,0
381.000,time_below_clearance_s,0.0
381.000,safety_zone_violations,0
381.000,min_ttc_s,18.88355486602541
381.000,avoid_success,1
381.000,avoid_timeout,0
381.000,q_convergence,0.8035633487280978
381.000,update_residual,0.08089490223298178
381.000,investigation_deferred,0
381.000,nav_aborted,0
381.000,nav_canceled,0
381.000,nav_rejected,0
381.000,run_seed,5
382.000,anomalies_detected,3
382.000,anomalies_unique,3
382.000,investigation_timeouts,0
382.000,mission_duration_s,337.676
382.000,distance_traveled_m,79.33838091347481
382.000,route_deviations,4
382.000,investigation_time_s,34.00000000000006
382.000,hazard_avoidances,1
382.000,min_hazard_distance_m,4.8504082880455766
382.000,collisions,0
382.000,time_below_clearance_s,0.0
382.000,safety_zone_violations,0
382.000,min_ttc_s,18.88355486602541
382.000,avoid_success,1
382.000,avoid_timeout,0
382.000,q_convergence,0.6976338974974174
382.000,update_residual,0.07030195710991378
382.000,investigation_deferred,0
382.000,nav_aborted,0
382.000,nav_canceled,0
382.000,nav_rejected,0
382.000,run_seed,5
383.000,anomalies_detected,3
383.000,anomalies_unique,3
383.000,investigation_timeouts,0
383.000,mission_duration_s,338.676
383.000,distance_traveled_m,79.59110087553606
383.000,route_deviations,4
383.000,investigation_time_s,34.00000000000006
383.000,hazard_avoidances,1
383.000,min_hazard_distance_m,4.8504082880455766
383.000,collisions,0
383.000,time_below_clearance_s,0.0
383.000,safety_zone_violations,0
383.000,min_ttc_s,18.88355486602541
383.000,avoid_success,1
383.000,avoid_timeout,0
383.000,q_convergence,0.9476577680406569
383.000,update_residual,0.0947657768040657
383.000,investigation_deferred,0
383.000,nav_aborted,0
383.000,nav_canceled,0
383.000,nav_rejected,0
383.000,run_seed,5
384.000,anomalies_detected,3
384.000,anomalies_unique,3
384.000,investigation_timeouts,0
384.000,mission_duration_s,339.676
384.000,distance_traveled_m,79.85318082642456
384.000,route_deviations,4
384.000,investigation_time_s,34.00000000000006
384.000,hazard_avoidances,1
384.000,min_hazard_distance_m,4.8504082880455766
384.000,collisions,0
384.000,time_below_clearance_s,0.0
384.000,safety_zone_violations,0
384.000,min_ttc_s,18.88355486602541
384.000,avoid_success,1
384.000,avoid_timeout,0
384.000,q_convergence,0.9053000796937092
384.000,update_residual,0.0905300079693709
384.000,investigation_deferred,0
384.000,nav_aborted,0
384.000,nav_canceled,0
384.000,nav_rejected,0
384.000,run_seed,5
385.000,anomalies_detected,3
385.000,anomalies_unique,3
385.000,investigation_timeouts,0
385.000,mission_duration_s,340.676
385.000,distance_traveled_m,80.11526079406353
385.000,route_deviations,4
385.000,investigation_time_s,34.00000000000006
385.000,hazard_avoidances,1
385.000,min_hazard_distance_m,4.8504082880455766
385.000,collisions,0
385.000,time_below_clearance_s,0.0
385.000,safety_zone_violations,0
385.000,min_ttc_s,18.88355486602541
385.000,avoid_success,1
385.000,avoid_timeout,0
385.000,q_convergence,0.788773438622525
385.000,update_residual,0.07887734386225247
385.000,investigation_deferred,0
385.000,nav_aborted,0
385.000,nav_canceled,0
385.000,nav_rejected,0
385.000,run_seed,5
386.000,anomalies_detected,3
386.000,anomalies_unique,3
386.000,investigation_timeouts,0
386.000,mission_duration_s,341.676
386.000,distance_traveled_m,80.37734077374786
386.000,route_deviations,4
386.000,investigation_time_s,34.00000000000006
386.000,hazard_avoidances,1
386.000,min_hazard_distance_m,4.8504082880455766
386.000,collisions,0
386.000,time_below_clearance_s,0.0
386.000,safety_zone_violations,0
386.000,min_ttc_s,18.88355486602541
386.000,avoid_success,1
386.000,avoid_timeout,0
386.000,q_convergence,0.6854859196414406
386.000,update_residual,0.06854859196414406
386.000,investigation_deferred,0
386.000,nav_aborted,0
386.000,nav_canceled,0
386.000,nav_rejected,0
386.000,run_seed,5
387.000,anomalies_detected,3
387.000,anomalies_unique,3
387.000,investigation_timeouts,0
387.000,mission_duration_s,342.676
387.000,distance_traveled_m,80.63006074048272
387.000,route_deviations,4
387.000,investigation_time_s,34.00000000000006
387.000,hazard_avoidances,1
387.000,min_hazard_distance_m,4.8504082880455766
387.000,collisions,0
387.000,time_below_clearance_s,0.0
387.000,safety_zone_violations,0
387.000,min_ttc_s,18.88355486602541
387.000,avoid_success,1
387.000,avoid_timeout,0
387.000,q_convergence,0.9816174671689695
387.000,update_residual,0.09816174671689694
387.000,investigation_deferred,0
387.000,nav_aborted,0
387.000,nav_canceled,0
387.000,nav_rejected,0
387.000,run_seed,5
388.000,anomalies_detected,3
388.000,anomalies_unique,3
388.000,investigation_timeouts,0
388.000,mission_duration_s,343.676
388.000,distance_traveled_m,80.89214070180847
388.000,route_deviations,4
388.000,investigation_time_s,34.00000000000006
388.000,hazard_avoidances,1
388.000,min_hazard_distance_m,4.8504082880455766
388.000,collisions,0
388.000,time_below_clearance_s,0.0
388.000,safety_zone_violations,0
388.000,min_ttc_s,18.88355486602541
388.000,avoid_success,1
388.000,avoid_timeout,0
388.000,q_convergence,0.8917883628417705
388.000,update_residual,0.08917883628417701
388.000,investigation_deferred,0
388.000,nav_aborted,0
388.000,nav_canceled,0
388.000,nav_rejected,0
388.000,run_seed,5
389.000,anomalies_detected,3
389.000,anomalies_unique,3
389.000,investigation_timeouts,0
389.000,mission_duration_s,344.676
389.000,distance_traveled_m,81.15422064929402
389.000,route_deviations,4
389.000,investigation_time_s,34.00000000000006
389.000,hazard_avoidances,1
389.000,min_hazard_distance_m,4.8504082880455766
389.000,collisions,0
389.000,time_below_clearance_s,0.0
389.000,safety_zone_violations,0
389.000,min_ttc_s,18.88355486602541
389.000,avoid_success,1
389.000,avoid_timeout,0
389.000,q_convergence,0.7770008964544038
389.000,update_residual,0.07770008964544037
389.000,investigation_deferred,0
389.000,nav_aborted,0
389.000,nav_canceled,0
389.000,nav_rejected,0
389.000,run_seed,5
390.000,anomalies_detected,3
390.000,anomalies_unique,3
390.000,investigation_timeouts,0
390.000,mission_duration_s,345.676
390.000,distance_traveled_m,81.4163006122789
390.000,route_deviations,4
390.000,investigation_time_s,34.00000000000006
390.000,hazard_avoidances,1
390.000,min_hazard_distance_m,4.8504082880455766
390.000,collisions,0
390.000,time_below_clearance_s,0.0
390.000,safety_zone_violations,0
390.000,min_ttc_s,18.88355486602541
390.000,avoid_success,1
390.000,avoid_timeout,0
390.000,q_convergence,0.6752549566050522
390.000,update_residual,0.06752549566050521
390.000,investigation_deferred,0
390.000,nav_aborted,0
390.000,nav_canceled,0
390.000,nav_rejected,0
390.000,run_seed,5
391.000,anomalies_detected,3
391.000,anomalies_unique,3
391.000,investigation_timeouts,0
391.000,mission_duration_s,346.676
391.000,distance_traveled_m,81.67838058433065
391.000,route_deviations,4
391.000,investigation_time_s,34.00000000000006
391.000,hazard_avoidances,1
391.000,min_hazard_distance_m,4.8504082880455766
391.000,collisions,0
391.000,time_below_clearance_s,0.0
391.000,safety_zone_violations,0
391.000,min_ttc_s,18.88355486602541
391.000,avoid_success,1
391.000,avoid_timeout,0
391.000,q_convergence,1.0792957477779674
391.000,update_residual,0.10792957477779677
391.000,investigation_deferred,0
391.000,nav_aborted,0
391.000,nav_canceled,0
391.000,nav_rejected,0
391.000,run_seed,5
392.000,anomalies_detected,3
392.000,anomalies_unique,3
392.000,investigation_timeouts,0
392.000,mission_duration_s,347.676
392.000,distance_traveled_m,81.93110057275719
392.000,route_deviations,4
392.000,investigation_time_s,34.00000000000006
392.000,hazard_avoidances,1
392.000,min_hazard_distance_m,4.8504082880455766
392.000,collisions,0
392.000,time_below_clearance_s,0.0
392.000,safety_zone_violations,0
392.000,min_ttc_s,18.88355486602541
392.000,avoid_success,1
392.000,avoid_timeout,0
392.000,q_convergence,0.8719481542852267
392.000,update_residual,0.08719481542852268
392.000,investigation_deferred,0
392.000,nav_aborted,0
392.000,nav_canceled,0
392.000,nav_rejected,0
392.000,run_seed,5
393.000,anomalies_detected,3
393.000,anomalies_unique,3
393.000,investigation_timeouts,0
393.000,mission_duration_s,348.676
393.000,distance_traveled_m,82.19318054666911
393.000,route_deviations,4
393.000,investigation_time_s,34.00000000000006
393.000,hazard_avoidances,1
393.000,min_hazard_distance_m,4.8504082880455766
393.000,collisions,0
393.000,time_below_clearance_s,0.0
393.000,safety_zone_violations,0
393.000,min_ttc_s,18.88355486602541
393.000,avoid_success,1
393.000,avoid_timeout,0
393.000,q_convergence,0.7596269858385687
393.000,update_residual,0.07596269858385687
393.000,investigation_deferred,0
393.000,nav_aborted,0
393.000,nav_canceled,0
393.000,nav_rejected,0
393.000,run_seed,5
394.000,anomalies_detected,3
394.000,anomalies_unique,3
394.000,investigation_timeouts,0
394.000,mission_duration_s,349.676
394.000,distance_traveled_m,82.45526050032733
394.000,route_deviations,4
394.000,investigation_time_s,34.00000000000006
394.000,hazard_avoidances,1
394.000,min_hazard_distance_m,4.8504082880455766
394.000,collisions,0
394.000,time_below_clearance_s,0.0
394.000,safety_zone_violations,0
394.000,min_ttc_s,18.88355486602541
394.000,avoid_success,1
394.000,avoid_timeout,0
394.000,q_convergence,0.661850808510998
394.000,update_residual,0.0661850808510998
394.000,investigation_deferred,0
394.000,nav_aborted,0
394.000,nav_canceled,0
394.000,nav_rejected,0
394.000,run_seed,5
395.000,anomalies_detected,3
395.000,anomalies_unique,3
395.000,investigation_timeouts,0
395.000,mission_duration_s,350.676
395.000,distance_traveled_m,82.71734048383134
395.000,route_deviations,4
395.000,investigation_time_s,34.00000000000006
395.000,hazard_avoidances,1
395.000,min_hazard_distance_m,4.8504082880455766
395.000,collisions,0
395.000,time_below_clearance_s,0.0
395.000,safety_zone_violations,0
395.000,min_ttc_s,18.88355486602541
395.000,avoid_success,1
395.000,avoid_timeout,0
395.000,q_convergence,1.0589993082636489
395.000,update_residual,0.10589993082636488
395.000,investigation_deferred,0
395.000,nav_aborted,0
395.000,nav_canceled,0
395.000,nav_rejected,0
395.000,run_seed,5
396.000,anomalies_detected,3
396.000,anomalies_unique,3
396.000,investigation_timeouts,0
396.000,mission_duration_s,351.676
396.000,distance_traveled_m,82.97006047235125
396.000,route_deviations,4
396.000,investigation_time_s,34.00000000000006
396.000,hazard_avoidances,1
396.000,min_hazard_distance_m,4.8504082880455766
396.000,collisions,0
396.000,time_below_clearance_s,0.0
396.000,safety_zone_violations,0
396.000,min_ttc_s,18.88355486602541
396.000,avoid_success,1
396.000,avoid_timeout,0
396.000,q_convergence,0.8589342190890005
396.000,update_residual,0.08589342190890004
396.000,investigation_deferred,0
396.000,nav_aborted,0
396.000,nav_canceled,0
396.000,nav_rejected,0
396.000,run_seed,5
397.000,anomalies_detected,3
397.000,anomalies_unique,3
397.000,investigation_timeouts,0
397.000,mission_duration_s,352.676
397.000,distance_traveled_m,83.23214046426797
397.000,route_deviations,4
397.000,investigation_time_s,34.00000000000006
397.000,hazard_avoidances,1
397.000,min_hazard_distance_m,4.8504082880455766
397.000,collisions,0
397.000,time_below_clearance_s,0.0
397.000,safety_zone_violations,0
397.000,min_ttc_s,18.88355486602541
397.000,avoid_success,1
397.000,avoid_timeout,0
397.000,q_convergence,0.7482894581215548
397.000,update_residual,0.07482894581215548
397.000,investigation_deferred,0
397.000,nav_aborted,0
397.000,nav_canceled,0
397.000,nav_rejected,0
397.000,run_seed,5
398.000,anomalies_detected,3
398.000,anomalies_unique,3
398.000,investigation_timeouts,0
398.000,mission_duration_s,353.676
398.000,distance_traveled_m,83.4942204554803
398.000,route_deviations,4
398.000,investigation_time_s,34.00000000000006
398.000,hazard_avoidances,1
398.000,min_hazard_distance_m,4.8504082880455766
398.000,collisions,0
398.000,time_below_clearance_s,0.0
398.000,safety_zone_violations,0
398.000,min_ttc_s,18.88355486602541
398.000,avoid_success,1
398.000,avoid_timeout,0
398.000,q_convergence,0.6519726024626202
398.000,update_residual,0.06519726024626202
398.000,investigation_deferred,0
398.000,nav_aborted,0
398.000,nav_canceled,0
398.000,nav_rejected,0
398.000,run_seed,5
399.000,anomalies_detected,3
399.000,anomalies_unique,3
399.000,investigation_timeouts,0
399.000,mission_duration_s,354.676
399.000,distance_traveled_m,83.75630044417795
399.000,route_deviations,4
399.000,investigation_time_s,34.00000000000006
399.000,hazard_avoidances,1
399.000,min_hazard_distance_m,4.8504082880455766
399.000,collisions,0
399.000,time_below_clearance_s,0.0
399.000,safety_zone_violations,0
399.000,min_ttc_s,18.88355486602541
399.000,avoid_success,1
399.000,avoid_timeout,0
399.000,q_convergence,1.0913407585118562
399.000,update_residual,0.10913407585118563
399.000,investigation_deferred,0
399.000,nav_aborted,0
399.000,nav_canceled,0
399.000,nav_rejected,0
399.000,run_seed,5
400.000,anomalies_detected,3
400.000,anomalies_unique,3
400.000,investigation_timeouts,0
400.000,mission_duration_s,355.676
400.000,distance_traveled_m,84.01838043938123
400.000,route_deviations,4
400.000,investigation_time_s,34.00000000000006
400.000,hazard_avoidances,1
400.000,min_hazard_distance_m,4.8504082880455766
400.000,collisions,0
400.000,time_below_clearance_s,0.0
400.000,safety_zone_violations,0
400.000,min_ttc_s,18.88355486602541
400.000,avoid_success,1
400.000,avoid_timeout,0
400.000,q_convergence,0.8461145185023194
400.000,update_residual,0.08461145185023193
400.000,investigation_deferred,0
400.000,nav_aborted,0
400.000,nav_canceled,0
400.000,nav_rejected,0
400.000,run_seed,5
401.000,anomalies_detected,3
401.000,anomalies_unique,3
401.000,investigation_timeouts,0
401.000,mission_duration_s,356.676
401.000,distance_traveled_m,84.2711004314701
401.000,route_deviations,4
401.000,investigation_time_s,34.00000000000006
401.000,hazard_avoidances,1
401.000,min_hazard_distance_m,4.8504082880455766
401.000,collisions,0
401.000,time_below_clearance_s,0.0
401.000,safety_zone_violations,0
401.000,min_ttc_s,18.88355486602541
401.000,avoid_success,1
401.000,avoid_timeout,0
401.000,q_convergence,0.7353183568787758
401.000,update_residual,0.07353183568787759
401.000,investigation_deferred,0
401.000,nav_aborted,0
401.000,nav_canceled,0
401.000,nav_rejected,0
401.000,run_seed,5
402.000,anomalies_detected,3
402.000,anomalies_unique,3
402.000,investigation_timeouts,0
402.000,mission_duration_s,357.676
402.000,distance_traveled_m,84.53318042300926
402.000,route_deviations,4
402.000,investigation_time_s,34.00000000000006
402.000,hazard_avoidances,1
402.000,min_hazard_distance_m,4.8504082880455766
402.000,collisions,0
402.000,time_below_clearance_s,0.0
402.000,safety_zone_violations,0
402.000,min_ttc_s,18.88355486602541
402.000,avoid_success,1
402.000,avoid_timeout,0
402.000,q_convergence,0.6405973386404789
402.000,update_residual,0.0640597338640479
402.000,investigation_deferred,0
402.000,nav_aborted,0
402.000,nav_canceled,0
402.000,nav_rejected,0
402.000,run_seed,5
403.000,anomalies_detected,3
403.000,anomalies_unique,3
403.000,investigation_timeouts,0
403.000,mission_duration_s,358.676
403.000,distance_traveled_m,84.79526041590425
403.000,route_deviations,4
403.000,investigation_time_s,34.00000000000006
403.000,hazard_avoidances,1
403.000,min_hazard_distance_m,4.8504082880455766
403.000,collisions,0
403.000,time_below_clearance_s,0.0
403.000,safety_zone_violations,0
403.000,min_ttc_s,18.88355486602541
403.000,avoid_success,1
403.000,avoid_timeout,0
403.000,q_convergence,1.1141918392613768
403.000,update_residual,0.1114191839261377
403.000,investigation_deferred,0
403.000,nav_aborted,0
403.000,nav_canceled,0
403.000,nav_rejected,0
403.000,run_seed,5
404.000,anomalies_detected,3
404.000,anomalies_unique,3
404.000,investigation_timeouts,0
404.000,mission_duration_s,359.676
404.000,distance_traveled_m,85.05734039513732
404.000,route_deviations,4
404.000,investigation_time_s,34.00000000000006
404.000,hazard_avoidances,1
404.000,min_hazard_distance_m,4.8504082880455766
404.000,collisions,0
404.000,time_below_clearance_s,0.0
404.000,safety_zone_violations,0
404.000,min_ttc_s,18.88355486602541
404.000,avoid_success,1
404.000,avoid_timeout,0
404.000,q_convergence,0.837674526180259
404.000,update_residual,0.08376745261802589
404.000,investigation_deferred,0
404.000,nav_aborted,0
404.000,nav_canceled,0
404.000,nav_rejected,0
404.000,run_seed,5
405.000,anomalies_detected,3
405.000,anomalies_unique,3
405.000,investigation_timeouts,0
405.000,mission_duration_s,360.676
405.000,distance_traveled_m,85.31006038012895
405.000,route_deviations,4
405.000,investigation_time_s,34.00000000000006
405.000,hazard_avoidances,1
405.000,min_hazard_distance_m,4.8504082880455766
405.000,collisions,0
405.000,time_below_clearance_s,0.0
405.000,safety_zone_violations,0
405.000,min_ttc_s,18.88355486602541
405.000,avoid_success,1
405.000,avoid_timeout,0
405.000,q_convergence,0.7279835562689101
405.000,update_residual,0.072798355626891
405.000,investigation_deferred,0
405.000,nav_aborted,0
405.000,nav_canceled,0
405.000,nav_rejected,0
405.000,run_seed,5
406.000,anomalies_detected,3
406.000,anomalies_unique,3
406.000,investigation_timeouts,0
406.000,mission_duration_s,361.676
406.000,distance_traveled_m,85.57214035796234
406.000,route_deviations,4
406.000,investigation_time_s,34.00000000000006
406.000,hazard_avoidances,1
406.000,min_hazard_distance_m,4.8504082880455766
406.000,collisions,0
406.000,time_below_clearance_s,0.0
406.000,safety_zone_violations,0
406.000,min_ttc_s,18.88355486602541
406.000,avoid_success,1
406.000,avoid_timeout,0
406.000,q_convergence,0.6342073801875402
406.000,update_residual,0.06342073801875402
406.000,investigation_deferred,0
406.000,nav_aborted,0
406.000,nav_canceled,0
406.000,nav_rejected,0
406.000,run_seed,5
407.000,anomalies_detected,3
407.000,anomalies_unique,3
407.000,investigation_timeouts,0
407.000,mission_duration_s,362.676
407.000,distance_traveled_m,85.8342203307413
407.000,route_deviations,4
407.000,investigation_time_s,34.00000000000006
407.000,hazard_avoidances,1
407.000,min_hazard_distance_m,4.8504082880455766
407.000,collisions,0
407.000,time_below_clearance_s,0.0
407.000,safety_zone_violations,0
407.000,min_ttc_s,18.88355486602541
407.000,avoid_success,1
407.000,avoid_timeout,0
407.000,q_convergence,0.9256700544438317
407.000,update_residual,0.09256700544438315
407.000,investigation_deferred,0
407.000,nav_aborted,0
407.000,nav_canceled,0
407.000,nav_rejected,0
407.000,run_seed,5
408.000,anomalies_detected,3
408.000,anomalies_unique,3
408.000,investigation_timeouts,0
408.000,mission_duration_s,363.676
408.000,distance_traveled_m,86.09630032079275
408.000,route_deviations,4
408.000,investigation_time_s,34.00000000000006
408.000,hazard_avoidances,1
408.000,min_hazard_distance_m,4.8504082880455766
408.000,collisions,0
408.000,time_below_clearance_s,0.0
408.000,safety_zone_violations,0
408.000,min_ttc_s,18.88355486602541
408.000,avoid_success,1
408.000,avoid_timeout,0
408.000,q_convergence,0.7249855596114114
408.000,update_residual,0.07249855596114115
408.000,investigation_deferred,0
408.000,nav_aborted,0
408.000,nav_canceled,0
408.000,nav_rejected,0
408.000,run_seed,5
409.000,anomalies_detected,3
409.000,anomalies_unique,3
409.000,investigation_timeouts,0
409.000,mission_duration_s,364.676
409.000,distance_traveled_m,86.35838030109612
409.000,route_deviations,4
409.000,investigation_time_s,34.00000000000006
409.000,hazard_avoidances,1
409.000,min_hazard_distance_m,4.8504082880455766
409.000,collisions,0
409.000,time_below_clearance_s,0.0
409.000,safety_zone_violations,0
409.000,min_ttc_s,18.88355486602541
409.000,avoid_success,1
409.000,avoid_timeout,0
409.000,q_convergence,1.0067131479492415
409.000,update_residual,0.10067131479492417
409.000,investigation_deferred,0
409.000,nav_aborted,0
409.000,nav_canceled,0
409.000,nav_rejected,0
409.000,run_seed,5
410.000,anomalies_detected,3
410.000,anomalies_unique,3
410.000,investigation_timeouts,0
410.000,mission_duration_s,365.676
410.000,distance_traveled_m,86.61106535853574
410.000,route_deviations,4
410.000,investigation_time_s,34.00000000000006
410.000,hazard_avoidances,1
410.000,min_hazard_distance_m,4.8504082880455766
410.000,collisions,0
410.000,time_below_clearance_s,0.0
410.000,safety_zone_violations,0
410.000,min_ttc_s,18.88355486602541
410.000,avoid_success,1
410.000,avoid_timeout,0
410.000,q_convergence,0.8763298033017355
410.000,update_residual,0.08763298033017355
410.000,investigation_deferred,0
410.000,nav_aborted,0
410.000,nav_canceled,0
410.000,nav_rejected,0
410.000,run_seed,5
411.000,anomalies_detected,3
411.000,anomalies_unique,3
411.000,investigation_timeouts,0
411.000,mission_duration_s,366.676
411.000,distance_traveled_m,86.80731671412401
411.000,route_deviations,4
411.000,investigation_time_s,34.00000000000006
411.000,hazard_avoidances,1
411.000,min_hazard_distance_m,4.8504082880455766
411.000,collisions,0
411.000,time_below_clearance_s,0.0
411.000,safety_zone_violations,0
411.000,min_ttc_s,18.88355486602541
411.000,avoid_success,1
411.000,avoid_timeout,0
411.000,q_convergence,0.7791527506162145
411.000,update_residual,0.07791527506162144
411.000,investigation_deferred,0
411.000,nav_aborted,0
411.000,nav_canceled,0
411.000,nav_rejected,0
411.000,run_seed,5
411.000,anomalies_detected,3
411.000,anomalies_unique,3
411.000,investigation_timeouts,0
411.000,mission_duration_s,366.676
411.000,distance_traveled_m,86.80731671412401
411.000,route_deviations,4
411.000,investigation_time_s,34.00000000000006
411.000,hazard_avoidances,1
411.000,min_hazard_distance_m,4.8504082880455766
411.000,collisions,0
411.000,time_below_clearance_s,0.0
411.000,safety_zone_violations,0
411.000,min_ttc_s,18.88355486602541
411.000,avoid_success,1
411.000,avoid_timeout,0
411.000,q_convergence,0.7791527506162145
411.000,update_residual,0.055223720421338454
411.000,investigation_deferred,0
411.000,nav_aborted,0
411.000,nav_canceled,0
411.000,nav_rejected,0
411.000,run_seed,5
412.000,anomalies_detected,3
412.000,anomalies_unique,3
412.000,investigation_timeouts,0
412.000,mission_duration_s,366.676
412.000,distance_traveled_m,86.80731671413322
412.000,route_deviations,4
412.000,investigation_time_s,34.00000000000006
412.000,hazard_avoidances,1
412.000,min_hazard_distance_m,4.8504082880455766
412.000,collisions,0
412.000,time_below_clearance_s,0.0
412.000,safety_zone_violations,0
412.000,min_ttc_s,18.88355486602541
412.000,avoid_success,1
412.000,avoid_timeout,0
412.000,q_convergence,0.5522372042133845
412.000,update_residual,0.055223720421338454
412.000,investigation_deferred,0
412.000,nav_aborted,0
412.000,nav_canceled,0
412.000,nav_rejected,0
412.000,run_seed,5
413.000,anomalies_detected,3
413.000,anomalies_unique,3
413.000,investigation_timeouts,0
413.000,mission_duration_s,366.676
413.000,distance_traveled_m,86.80731671413328
413.000,route_deviations,4
413.000,investigation_time_s,34.00000000000006
413.000,hazard_avoidances,1
413.000,min_hazard_distance_m,4.8504082880455766
413.000,collisions,0
413.000,time_below_clearance_s,0.0
413.000,safety_zone_violations,0
413.000,min_ttc_s,18.88355486602541
413.000,avoid_success,1
413.000,avoid_timeout,0
413.000,q_convergence,0.47992339657318117
413.000,update_residual,0.04799233965731812
413.000,investigation_deferred,0
413.000,nav_aborted,0
413.000,nav_canceled,0
413.000,nav_rejected,0
413.000,run_seed,5
414.000,anomalies_detected,3
414.000,anomalies_unique,3
414.000,investigation_timeouts,0
414.000,mission_duration_s,366.676
414.000,distance_traveled_m,86.80731671413328
414.000,route_deviations,4
414.000,investigation_time_s,34.00000000000006
414.000,hazard_avoidances,1
414.000,min_hazard_distance_m,4.8504082880455766
414.000,collisions,0
414.000,time_below_clearance_s,0.0
414.000,safety_zone_violations,0
414.000,min_ttc_s,18.88355486602541
414.000,avoid_success,1
414.000,avoid_timeout,0
414.000,q_convergence,0.41707886542417877
414.000,update_residual,0.04170788654241788
414.000,investigation_deferred,0
414.000,nav_aborted,0
414.000,nav_canceled,0
414.000,nav_rejected,0
414.000,run_seed,5
415.000,anomalies_detected,3
415.000,anomalies_unique,3
415.000,investigation_timeouts,0
415.000,mission_duration_s,366.676
415.000,distance_traveled_m,86.80731671413328
415.000,route_deviations,4
415.000,investigation_time_s,34.00000000000006
415.000,hazard_avoidances,1
415.000,min_hazard_distance_m,4.8504082880455766
415.000,collisions,0
415.000,time_below_clearance_s,0.0
415.000,safety_zone_violations,0
415.000,min_ttc_s,18.88355486602541
415.000,avoid_success,1
415.000,avoid_timeout,0
415.000,q_convergence,0.36335229318634626
415.000,update_residual,0.03633522931863463
415.000,investigation_deferred,0
415.000,nav_aborted,0
415.000,nav_canceled,0
415.000,nav_rejected,0
415.000,run_seed,5
416.000,anomalies_detected,3
416.000,anomalies_unique,3
416.000,investigation_timeouts,0
416.000,mission_duration_s,366.676
416.000,distance_traveled_m,86.80731671413328
416.000,route_deviations,4
416.000,investigation_time_s,34.00000000000006
416.000,hazard_avoidances,1
416.000,min_hazard_distance_m,4.8504082880455766
416.000,collisions,0
416.000,time_below_clearance_s,0.0
416.000,safety_zone_violations,0
416.000,min_ttc_s,18.88355486602541
416.000,avoid_success,1
416.000,avoid_timeout,0
416.000,q_convergence,0.31658302496222085
416.000,update_residual,0.031658302496222084
416.000,investigation_deferred,0
416.000,nav_aborted,0
416.000,nav_canceled,0
416.000,nav_rejected,0
416.000,run_seed,5
417.000,anomalies_detected,3
417.000,anomalies_unique,3
417.000,investigation_timeouts,0
417.000,mission_duration_s,366.676
417.000,distance_traveled_m,86.80731671413328
417.000,route_deviations,4
417.000,investigation_time_s,34.00000000000006
417.000,hazard_avoidances,1
417.000,min_hazard_distance_m,4.8504082880455766
417.000,collisions,0
417.000,time_below_clearance_s,0.0
417.000,safety_zone_violations,0
417.000,min_ttc_s,18.88355486602541
417.000,avoid_success,1
417.000,avoid_timeout,0
417.000,q_convergence,0.2751274261821979
417.000,update_residual,0.027512742618219784
417.000,investigation_deferred,0
417.000,nav_aborted,0
417.000,nav_canceled,0
417.000,nav_rejected,0
417.000,run_seed,5
418.000,anomalies_detected,3
418.000,anomalies_unique,3
418.000,investigation_timeouts,0
418.000,mission_duration_s,366.676
418.000,distance_traveled_m,86.80731671413328
418.000,route_deviations,4
418.000,investigation_time_s,34.00000000000006
418.000,hazard_avoidances,1
418.000,min_hazard_distance_m,4.8504082880455766
418.000,collisions,0
418.000,time_below_clearance_s,0.0
418.000,safety_zone_violations,0
418.000,min_ttc_s,18.88355486602541
418.000,avoid_success,1
418.000,avoid_timeout,0
418.000,q_convergence,0.23910031388029632
418.000,update_residual,0.02391003138802963
418.000,investigation_deferred,0
418.000,nav_aborted,0
418.000,nav_canceled,0
418.000,nav_rejected,0
418.000,run_seed,5
419.000,anomalies_detected,3
419.000,anomalies_unique,3
419.000,investigation_timeouts,0
419.000,mission_duration_s,366.676
419.000,distance_traveled_m,86.80731671413328
419.000,route_deviations,4
419.000,investigation_time_s,34.00000000000006
419.000,hazard_avoidances,1
419.000,min_hazard_distance_m,4.8504082880455766
419.000,collisions,0
419.000,time_below_clearance_s,0.0
419.000,safety_zone_violations,0
419.000,min_ttc_s,18.88355486602541
419.000,avoid_success,1
419.000,avoid_timeout,0
419.000,q_convergence,0.2077908440134837
419.000,update_residual,0.020779084401348367
419.000,investigation_deferred,0
419.000,nav_aborted,0
419.000,nav_canceled,0
419.000,nav_rejected,0
419.000,run_seed,5
420.000,anomalies_detected,3
420.000,anomalies_unique,3
420.000,investigation_timeouts,0
420.000,mission_duration_s,366.676
420.000,distance_traveled_m,86.80731671413328
420.000,route_deviations,4
420.000,investigation_time_s,34.00000000000006
420.000,hazard_avoidances,1
420.000,min_hazard_distance_m,4.8504082880455766
420.000,collisions,0
420.000,time_below_clearance_s,0.0
420.000,safety_zone_violations,0
420.000,min_ttc_s,18.88355486602541
420.000,avoid_success,1
420.000,avoid_timeout,0
420.000,q_convergence,0.18102398834963468
420.000,update_residual,0.01810239883496347
420.000,investigation_deferred,0
420.000,nav_aborted,0
420.000,nav_canceled,0
420.000,nav_rejected,0
420.000,run_seed,5
421.000,anomalies_detected,3
421.000,anomalies_unique,3
421.000,investigation_timeouts,0
421.000,mission_duration_s,366.676
421.000,distance_traveled_m,86.80731671413328
421.000,route_deviations,4
421.000,investigation_time_s,34.00000000000006
421.000,hazard_avoidances,1
421.000,min_hazard_distance_m,4.8504082880455766
421.000,collisions,0
421.000,time_below_clearance_s,0.0
421.000,safety_zone_violations,0
421.000,min_ttc_s,18.88355486602541
421.000,avoid_success,1
421.000,avoid_timeout,0
421.000,q_convergence,0.1577232974639908
421.000,update_residual,0.015772329746399086
421.000,investigation_deferred,0
421.000,nav_aborted,0
421.000,nav_canceled,0
421.000,nav_rejected,0
421.000,run_seed,5
422.000,anomalies_detected,3
422.000,anomalies_unique,3
422.000,investigation_timeouts,0
422.000,mission_duration_s,366.676
422.000,distance_traveled_m,86.80731671413328
422.000,route_deviations,4
422.000,investigation_time_s,34.00000000000006
422.000,hazard_avoidances,1
422.000,min_hazard_distance_m,4.8504082880455766
422.000,collisions,0
422.000,time_below_clearance_s,0.0
422.000,safety_zone_violations,0
422.000,min_ttc_s,18.88355486602541
422.000,avoid_success,1
422.000,avoid_timeout,0
422.000,q_convergence,0.13706990412835715
422.000,update_residual,0.013706990412835714
422.000,investigation_deferred,0
422.000,nav_aborted,0
422.000,nav_canceled,0
422.000,nav_rejected,0
422.000,run_seed,5
