timestamp,metric,value
43.260,anomalies_detected,0
43.260,anomalies_unique,0
43.260,investigation_timeouts,0
43.260,mission_duration_s,0.0
43.260,distance_traveled_m,0.0
43.260,route_deviations,0
43.260,investigation_time_s,0.0
43.260,hazard_avoidances,0
43.260,min_hazard_distance_m,-1.0
43.260,collisions,0
43.260,time_below_clearance_s,0.0
43.260,safety_zone_violations,0
43.260,min_ttc_s,-1.0
43.260,avoid_success,0
43.260,avoid_timeout,0
43.260,q_convergence,0.0
43.260,update_residual,0.0
43.260,investigation_deferred,0
43.260,nav_aborted,0
43.260,nav_canceled,0
43.260,nav_rejected,0
43.260,run_seed,7
44.000,anomalies_detected,0
44.000,anomalies_unique,0
44.000,investigation_timeouts,0
44.000,mission_duration_s,0.0
44.000,distance_traveled_m,1.7941174366426598e-19
44.000,route_deviations,0
44.000,investigation_time_s,0.0
44.000,hazard_avoidances,0
44.000,min_hazard_distance_m,-1.0
44.000,collisions,0
44.000,time_below_clearance_s,0.0
44.000,safety_zone_violations,0
44.000,min_ttc_s,-1.0
44.000,avoid_success,0
44.000,avoid_timeout,0
44.000,q_convergence,0.0
44.000,update_residual,0.0
44.000,investigation_deferred,0
44.000,nav_aborted,0
44.000,nav_canceled,0
44.000,nav_rejected,0
44.000,run_seed,7
45.000,anomalies_detected,0
45.000,anomalies_unique,0
45.000,investigation_timeouts,0
45.000,mission_duration_s,0.9759999999999991
45.000,distance_traveled_m,0.07373792225471112
45.000,route_deviations,0
45.000,investigation_time_s,0.0
45.000,hazard_avoidances,0
45.000,min_hazard_distance_m,-1.0
45.000,collisions,0
45.000,time_below_clearance_s,0.0
45.000,safety_zone_violations,0
45.000,min_ttc_s,-1.0
45.000,avoid_success,0
45.000,avoid_timeout,0
45.000,q_convergence,0.9468777758242701
45.000,update_residual,0.09468777758242701
45.000,investigation_deferred,0
45.000,nav_aborted,0
45.000,nav_canceled,0
45.000,nav_rejected,0
45.000,run_seed,7
46.000,anomalies_detected,0
46.000,anomalies_unique,0
46.000,investigation_timeouts,0
46.000,mission_duration_s,1.975999999999999
46.000,distance_traveled_m,0.33108018751873247
46.000,route_deviations,0
46.000,investigation_time_s,0.0
46.000,hazard_avoidances,0
46.000,min_hazard_distance_m,11.22199184889895
46.000,collisions,0
46.000,time_below_clearance_s,0.0
46.000,safety_zone_violations,0
46.000,min_ttc_s,23.086117809987982
46.000,avoid_success,0
46.000,avoid_timeout,0
46.000,q_convergence,0.8355296200856803
46.000,update_residual,0.08355296200856804
46.000,investigation_deferred,0
46.000,nav_aborted,0
46.000,nav_canceled,0
46.000,nav_rejected,0
46.000,run_seed,7
47.000,anomalies_detected,0
47.000,anomalies_unique,0
47.000,investigation_timeouts,0
47.000,mission_duration_s,2.975999999999999
47.000,distance_traveled_m,0.5931601378574125
47.000,route_deviations,0
47.000,investigation_time_s,0.0
47.000,hazard_avoidances,0
47.000,min_hazard_distance_m,10.97932819141112
47.000,collisions,0
47.000,time_below_clearance_s,0.0
47.000,safety_zone_violations,0
47.000,min_ttc_s,22.71268415630412
47.000,avoid_success,0
47.000,avoid_timeout,0
47.000,q_convergence,0.7279835562689101
47.000,update_residual,0.072798355626891
47.000,investigation_deferred,0
47.000,nav_aborted,0
47.000,nav_canceled,0
47.000,nav_rejected,0
47.000,run_seed,7
48.000,anomalies_detected,0
48.000,anomalies_unique,0
48.000,investigation_timeouts,0
48.000,mission_duration_s,3.975999999999999
48.000,distance_traveled_m,0.8552401178707547
48.000,route_deviations,0
48.000,investigation_time_s,0.0
48.000,hazard_avoidances,0
48.000,min_hazard_distance_m,10.734019433319
48.000,collisions,0
48.000,time_below_clearance_s,0.0
48.000,safety_zone_violations,0
48.000,min_ttc_s,22.71268415630412
48.000,avoid_success,0
48.000,avoid_timeout,0
48.000,q_convergence,0.9271330423522752
48.000,update_residual,0.09271330423522753
48.000,investigation_deferred,0
48.000,nav_aborted,0
48.000,nav_canceled,0
48.000,nav_rejected,0
48.000,run_seed,7
49.000,anomalies_detected,0
49.000,anomalies_unique,0
49.000,investigation_timeouts,0
49.000,mission_duration_s,4.975999999999999
49.000,distance_traveled_m,1.1173201106115216
49.000,route_deviations,0
49.000,investigation_time_s,0.0
49.000,hazard_avoidances,0
49.000,min_hazard_distance_m,10.487304440269618
49.000,collisions,0
49.000,time_below_clearance_s,0.0
49.000,safety_zone_violations,0
49.000,min_ttc_s,21.756378791207016
49.000,avoid_success,0
49.000,avoid_timeout,0
49.000,q_convergence,0.912185020139498
49.000,update_residual,0.09121850201394976
49.000,investigation_deferred,0
49.000,nav_aborted,0
49.000,nav_canceled,0
49.000,nav_rejected,0
49.000,run_seed,7
50.000,anomalies_detected,0
50.000,anomalies_unique,0
50.000,investigation_timeouts,0
50.000,mission_duration_s,5.975999999999999
50.000,distance_traveled_m,1.37004010603731
50.000,route_deviations,0
50.000,investigation_time_s,0.0
50.000,hazard_avoidances,0
50.000,min_hazard_distance_m,10.249106764480812
50.000,collisions,0
50.000,time_below_clearance_s,0.0
50.000,safety_zone_violations,0
50.000,min_ttc_s,21.756378791207016
50.000,avoid_success,0
50.000,avoid_timeout,0
50.000,q_convergence,0.7927371242437437
50.000,update_residual,0.07927371242437434
50.000,investigation_deferred,0
50.000,nav_aborted,0
50.000,nav_canceled,0
50.000,nav_rejected,0
50.000,run_seed,7
51.000,anomalies_detected,0
51.000,anomalies_unique,0
51.000,investigation_timeouts,0
51.000,mission_duration_s,6.975999999999999
51.000,distance_traveled_m,1.6321201012897821
51.000,route_deviations,0
51.000,investigation_time_s,0.0
51.000,hazard_avoidances,0
51.000,min_hazard_distance_m,10.002329069130617
51.000,collisions,0
51.000,time_below_clearance_s,0.0
51.000,safety_zone_violations,0
51.000,min_ttc_s,20.673983021942
51.000,avoid_success,0
51.000,avoid_timeout,0
51.000,q_convergence,0.9317895180351928
51.000,update_residual,0.0931789518035193
51.000,investigation_deferred,0
51.000,nav_aborted,0
51.000,nav_canceled,0
51.000,nav_rejected,0
51.000,run_seed,7
52.000,anomalies_detected,0
52.000,anomalies_unique,0
52.000,investigation_timeouts,0
52.000,mission_duration_s,7.975999999999999
52.000,distance_traveled_m,1.8942000977189024
52.000,route_deviations,0
52.000,investigation_time_s,0.0
52.000,hazard_avoidances,0
52.000,min_hazard_distance_m,9.755947272892463
52.000,collisions,0
52.000,time_below_clearance_s,0.0
52.000,safety_zone_violations,0
52.000,min_ttc_s,20.673983021942
52.000,avoid_success,0
52.000,avoid_timeout,0
52.000,q_convergence,0.9532785898168934
52.000,update_residual,0.09532785898168936
52.000,investigation_deferred,0
52.000,nav_aborted,0
52.000,nav_canceled,0
52.000,nav_rejected,0
52.000,run_seed,7
53.000,anomalies_detected,0
53.000,anomalies_unique,0
53.000,investigation_timeouts,0
53.000,mission_duration_s,8.975999999999999
53.000,distance_traveled_m,2.1562799361171576
53.000,route_deviations,0
53.000,investigation_time_s,0.0
53.000,hazard_avoidances,0
53.000,min_hazard_distance_m,9.509708915517706
53.000,collisions,0
53.000,time_below_clearance_s,0.0
53.000,safety_zone_violations,0
53.000,min_ttc_s,19.733312076125458
53.000,avoid_success,0
53.000,avoid_timeout,0
53.000,q_convergence,0.9353357461052848
53.000,update_residual,0.09353357461052848
53.000,investigation_deferred,0
53.000,nav_aborted,0
53.000,nav_canceled,0
53.000,nav_rejected,0
53.000,run_seed,7
54.000,anomalies_detected,0
54.000,anomalies_unique,0
54.000,investigation_timeouts,0
54.000,mission_duration_s,9.975999999999999
54.000,distance_traveled_m,2.4089997633641946
54.000,route_deviations,0
54.000,investigation_time_s,0.0
54.000,hazard_avoidances,0
54.000,min_hazard_distance_m,9.26483281902633
54.000,collisions,0
54.000,time_below_clearance_s,0.0
54.000,safety_zone_violations,0
54.000,min_ttc_s,18.34444564383055
54.000,avoid_success,0
54.000,avoid_timeout,0
54.000,q_convergence,0.8128563319933584
54.000,update_residual,0.08128563319933586
54.000,investigation_deferred,0
54.000,nav_aborted,0
54.000,nav_canceled,0
54.000,nav_rejected,0
54.000,run_seed,7
55.000,anomalies_detected,0
55.000,anomalies_unique,0
55.000,investigation_timeouts,0
55.000,mission_duration_s,10.975999999999999
55.000,distance_traveled_m,2.6710797227157883
55.000,route_deviations,0
55.000,investigation_time_s,0.0
55.000,hazard_avoidances,0
55.000,min_hazard_distance_m,9.011732092820715
55.000,collisions,0
55.000,time_below_clearance_s,0.0
55.000,safety_zone_violations,0
55.000,min_ttc_s,18.14416273992338
55.000,avoid_success,0
55.000,avoid_timeout,0
55.000,q_convergence,0.7081471557194529
55.000,update_residual,0.0708147155719453
55.000,investigation_deferred,0
55.000,nav_aborted,0
55.000,nav_canceled,0
55.000,nav_rejected,0
55.000,run_seed,7
56.000,anomalies_detected,0
56.000,anomalies_unique,0
56.000,investigation_timeouts,0
56.000,mission_duration_s,11.975999999999999
56.000,distance_traveled_m,2.9331597017277353
56.000,route_deviations,0
56.000,investigation_time_s,0.0
56.000,hazard_avoidances,0
56.000,min_hazard_distance_m,8.758514712261375
56.000,collisions,0
56.000,time_below_clearance_s,0.0
56.000,safety_zone_violations,0
56.000,min_ttc_s,17.89634025413835
56.000,avoid_success,0
56.000,avoid_timeout,0
56.000,q_convergence,0.61699725825339
56.000,update_residual,0.061699725825339
56.000,investigation_deferred,0
56.000,nav_aborted,0
56.000,nav_canceled,0
56.000,nav_rejected,0
56.000,run_seed,7
57.000,anomalies_detected,0
57.000,anomalies_unique,0
57.000,investigation_timeouts,0
57.000,mission_duration_s,12.975999999999999
57.000,distance_traveled_m,3.195239685343446
57.000,route_deviations,0
57.000,investigation_time_s,0.0
57.000,hazard_avoidances,0
57.000,min_hazard_distance_m,8.506588973346819
57.000,collisions,0
57.000,time_below_clearance_s,0.0
57.000,safety_zone_violations,0
57.000,min_ttc_s,17.21206610160548
57.000,avoid_success,0
57.000,avoid_timeout,0
57.000,q_convergence,1.164403575178364
57.000,update_residual,0.11644035751783642
57.000,investigation_deferred,0
57.000,nav_aborted,0
57.000,nav_canceled,0
57.000,nav_rejected,0
57.000,run_seed,7
58.000,anomalies_detected,0
58.000,anomalies_unique,0
58.000,investigation_timeouts,0
58.000,mission_duration_s,13.975999999999999
58.000,distance_traveled_m,3.4573196614001214
58.000,route_deviations,0
58.000,investigation_time_s,0.0
58.000,hazard_avoidances,0
58.000,min_hazard_distance_m,8.263327931267646
58.000,collisions,0
58.000,time_below_clearance_s,0.0
58.000,safety_zone_violations,0
58.000,min_ttc_s,16.66073225289882
58.000,avoid_success,0
58.000,avoid_timeout,0
58.000,q_convergence,0.8210462685218641
58.000,update_residual,0.08210462685218642
58.000,investigation_deferred,0
58.000,nav_aborted,0
58.000,nav_canceled,0
58.000,nav_rejected,0
58.000,run_seed,7
59.000,anomalies_detected,0
59.000,anomalies_unique,0
59.000,investigation_timeouts,0
59.000,mission_duration_s,14.975999999999999
59.000,distance_traveled_m,3.710039607159497
59.000,route_deviations,0
59.000,investigation_time_s,0.0
59.000,hazard_avoidances,0
59.000,min_hazard_distance_m,8.01379349764774
59.000,collisions,0
59.000,time_below_clearance_s,0.0
59.000,safety_zone_violations,0
59.000,min_ttc_s,16.375912192907464
59.000,avoid_success,0
59.000,avoid_timeout,0
59.000,q_convergence,0.7135327191401837
59.000,update_residual,0.07135327191401838
59.000,investigation_deferred,0
59.000,nav_aborted,0
59.000,nav_canceled,0
59.000,nav_rejected,0
59.000,run_seed,7
60.000,anomalies_detected,0
60.000,anomalies_unique,0
60.000,investigation_timeouts,0
60.000,mission_duration_s,15.975999999999999
60.000,distance_traveled_m,3.972119570944307
60.000,route_deviations,0
60.000,investigation_time_s,0.0
60.000,hazard_avoidances,0
60.000,min_hazard_distance_m,7.765020016055546
60.000,collisions,0
60.000,time_below_clearance_s,0.0
60.000,safety_zone_violations,0
60.000,min_ttc_s,15.678251169671736
60.000,avoid_success,0
60.000,avoid_timeout,0
60.000,q_convergence,0.6216180469835071
60.000,update_residual,0.062161804698350705
60.000,investigation_deferred,0
60.000,nav_aborted,0
60.000,nav_canceled,0
60.000,nav_rejected,0
60.000,run_seed,7
61.000,anomalies_detected,0
61.000,anomalies_unique,0
61.000,investigation_timeouts,0
61.000,mission_duration_s,16.976
61.000,distance_traveled_m,4.234199533896874
61.000,route_deviations,0
61.000,investigation_time_s,0.0
61.000,hazard_avoidances,0
61.000,min_hazard_distance_m,7.517695294961818
61.000,collisions,0
61.000,time_below_clearance_s,0.0
61.000,safety_zone_violations,0
61.000,min_ttc_s,15.494988992083936
61.000,avoid_success,0
61.000,avoid_timeout,0
61.000,q_convergence,1.1605047615231086
61.000,update_residual,0.11605047615231087
61.000,investigation_deferred,0
61.000,nav_aborted,0
61.000,nav_canceled,0
61.000,nav_rejected,0
61.000,run_seed,7
62.000,anomalies_detected,0
62.000,anomalies_unique,0
62.000,investigation_timeouts,0
62.000,mission_duration_s,17.976
62.000,distance_traveled_m,4.496278658525291
62.000,route_deviations,0
62.000,investigation_time_s,0.0
62.000,hazard_avoidances,0
62.000,min_hazard_distance_m,7.2640273046778745
62.000,collisions,0
62.000,time_below_clearance_s,0.0
62.000,safety_zone_violations,0
62.000,min_ttc_s,14.133397650343037
62.000,avoid_success,0
62.000,avoid_timeout,0
62.000,q_convergence,0.8210462685218641
62.000,update_residual,0.08210462685218642
62.000,investigation_deferred,0
62.000,nav_aborted,0
62.000,nav_canceled,0
62.000,nav_rejected,0
62.000,run_seed,7
63.000,anomalies_detected,0
63.000,anomalies_unique,0
63.000,investigation_timeouts,0
63.000,mission_duration_s,18.976
63.000,distance_traveled_m,4.748998555825279
63.000,route_deviations,0
63.000,investigation_time_s,0.0
63.000,hazard_avoidances,0
63.000,min_hazard_distance_m,7.013229899970616
63.000,collisions,0
63.000,time_below_clearance_s,0.0
63.000,safety_zone_violations,0
63.000,min_ttc_s,13.696666233672754
63.000,avoid_success,0
63.000,avoid_timeout,0
63.000,q_convergence,0.7135327191401837
63.000,update_residual,0.07135327191401838
63.000,investigation_deferred,0
63.000,nav_aborted,0
63.000,nav_canceled,0
63.000,nav_rejected,0
63.000,run_seed,7
64.000,anomalies_detected,0
64.000,anomalies_unique,0
64.000,investigation_timeouts,0
64.000,mission_duration_s,19.976
64.000,distance_traveled_m,5.011078482308917
64.000,route_deviations,0
64.000,investigation_time_s,0.0
64.000,hazard_avoidances,0
64.000,min_hazard_distance_m,6.755122995848491
64.000,collisions,0
64.000,time_below_clearance_s,0.0
64.000,safety_zone_violations,0
64.000,min_ttc_s,13.317190736240086
64.000,avoid_success,0
64.000,avoid_timeout,0
64.000,q_convergence,0.872686627311423
64.000,update_residual,0.0872686627311423
64.000,investigation_deferred,0
64.000,nav_aborted,0
64.000,nav_canceled,0
64.000,nav_rejected,0
64.000,run_seed,7
65.000,anomalies_detected,0
65.000,anomalies_unique,0
65.000,investigation_timeouts,0
65.000,mission_duration_s,20.976
65.000,distance_traveled_m,5.273158449710217
65.000,route_deviations,0
65.000,investigation_time_s,0.0
65.000,hazard_avoidances,0
65.000,min_hazard_distance_m,6.495821904768102
65.000,collisions,0
65.000,time_below_clearance_s,0.0
65.000,safety_zone_violations,0
65.000,min_ttc_s,13.317190736240086
65.000,avoid_success,0
65.000,avoid_timeout,0
65.000,q_convergence,0.9353357461052848
65.000,update_residual,0.09353357461052848
65.000,investigation_deferred,0
65.000,nav_aborted,0
65.000,nav_canceled,0
65.000,nav_rejected,0
65.000,run_seed,7
66.000,anomalies_detected,0
66.000,anomalies_unique,0
66.000,investigation_timeouts,0
66.000,mission_duration_s,21.976
66.000,distance_traveled_m,5.535238440872271
66.000,route_deviations,0
66.000,investigation_time_s,0.0
66.000,hazard_avoidances,0
66.000,min_hazard_distance_m,6.236029484515357
66.000,collisions,0
66.000,time_below_clearance_s,0.0
66.000,safety_zone_violations,0
66.000,min_ttc_s,13.317190736240086
66.000,avoid_success,0
66.000,avoid_timeout,0
66.000,q_convergence,0.8128563319933584
66.000,update_residual,0.08128563319933586
66.000,investigation_deferred,0
66.000,nav_aborted,0
66.000,nav_canceled,0
66.000,nav_rejected,0
66.000,run_seed,7
67.000,anomalies_detected,0
67.000,anomalies_unique,0
67.000,investigation_timeouts,0
67.000,mission_duration_s,22.976
67.000,distance_traveled_m,5.797318407493741
67.000,route_deviations,0
67.000,investigation_time_s,0.0
67.000,hazard_avoidances,0
67.000,min_hazard_distance_m,5.986719305395834
67.000,collisions,0
67.000,time_below_clearance_s,0.0
67.000,safety_zone_violations,0
67.000,min_ttc_s,11.768230094912154
67.000,avoid_success,0
67.000,avoid_timeout,0
67.000,q_convergence,0.7064152302667603
67.000,update_residual,0.07064152302667605
67.000,investigation_deferred,0
67.000,nav_aborted,0
67.000,nav_canceled,0
67.000,nav_rejected,0
67.000,run_seed,7
68.000,anomalies_detected,0
68.000,anomalies_unique,0
68.000,investigation_timeouts,0
68.000,mission_duration_s,23.976
68.000,distance_traveled_m,6.0500383963737585
68.000,route_deviations,0
68.000,investigation_time_s,0.0
68.000,hazard_avoidances,0
68.000,min_hazard_distance_m,5.728102169485709
68.000,collisions,0
68.000,time_below_clearance_s,0.0
68.000,safety_zone_violations,0
68.000,min_ttc_s,11.406004034022407
68.000,avoid_success,0
68.000,avoid_timeout,0
68.000,q_convergence,1.1362093706060676
68.000,update_residual,0.1136209370606068
68.000,investigation_deferred,0
68.000,nav_aborted,0
68.000,nav_canceled,0
68.000,nav_rejected,0
68.000,run_seed,7
69.000,anomalies_detected,0
69.000,anomalies_unique,0
69.000,investigation_timeouts,0
69.000,mission_duration_s,24.976
69.000,distance_traveled_m,6.312118348352382
69.000,route_deviations,0
69.000,investigation_time_s,0.0
69.000,hazard_avoidances,0
69.000,min_hazard_distance_m,5.471328224325673
69.000,collisions,0
69.000,time_below_clearance_s,0.0
69.000,safety_zone_violations,0
69.000,min_ttc_s,11.038623628875587
69.000,avoid_success,0
69.000,avoid_timeout,0
69.000,q_convergence,0.9190165160731655
69.000,update_residual,0.09190165160731656
69.000,investigation_deferred,0
69.000,nav_aborted,0
69.000,nav_canceled,0
69.000,nav_rejected,0
69.000,run_seed,7
70.000,anomalies_detected,0
70.000,anomalies_unique,0
70.000,investigation_timeouts,0
70.000,mission_duration_s,25.976
70.000,distance_traveled_m,6.574198327381049
70.000,route_deviations,0
70.000,investigation_time_s,0.0
70.000,hazard_avoidances,0
70.000,min_hazard_distance_m,5.213688720024633
70.000,collisions,0
70.000,time_below_clearance_s,0.0
70.000,safety_zone_violations,0
70.000,min_ttc_s,10.304599952772687
70.000,avoid_success,0
70.000,avoid_timeout,0
70.000,q_convergence,0.800724349631316
70.000,update_residual,0.08007243496313159
70.000,investigation_deferred,0
70.000,nav_aborted,0
70.000,nav_canceled,0
70.000,nav_rejected,0
70.000,run_seed,7
71.000,anomalies_detected,0
71.000,anomalies_unique,0
71.000,investigation_timeouts,0
71.000,mission_duration_s,26.976
71.000,distance_traveled_m,6.836278287986012
71.000,route_deviations,0
71.000,investigation_time_s,0.0
71.000,hazard_avoidances,0
71.000,min_hazard_distance_m,4.957930901799506
71.000,collisions,0
71.000,time_below_clearance_s,0.0
71.000,safety_zone_violations,0
71.000,min_ttc_s,9.89419030717447
71.000,avoid_success,0
71.000,avoid_timeout,0
71.000,q_convergence,0.6958718946531254
71.000,update_residual,0.06958718946531253
71.000,investigation_deferred,0
71.000,nav_aborted,0
71.000,nav_canceled,0
71.000,nav_rejected,0
71.000,run_seed,7
72.000,anomalies_detected,0
72.000,anomalies_unique,0
72.000,investigation_timeouts,0
72.000,mission_duration_s,27.976
72.000,distance_traveled_m,7.088998278370756
72.000,route_deviations,0
72.000,investigation_time_s,0.0
72.000,hazard_avoidances,0
72.000,min_hazard_distance_m,4.7111789955619825
72.000,collisions,0
72.000,time_below_clearance_s,0.0
72.000,safety_zone_violations,0
72.000,min_ttc_s,9.65373148814112
72.000,avoid_success,0
72.000,avoid_timeout,0
72.000,q_convergence,0.9590034055241484
72.000,update_residual,0.09590034055241488
72.000,investigation_deferred,0
72.000,nav_aborted,0
72.000,nav_canceled,0
72.000,nav_rejected,0
72.000,run_seed,7
73.000,anomalies_detected,0
73.000,anomalies_unique,0
73.000,investigation_timeouts,0
73.000,mission_duration_s,28.976
73.000,distance_traveled_m,7.334300210352369
73.000,route_deviations,1
73.000,investigation_time_s,0.0
73.000,hazard_avoidances,1
73.000,min_hazard_distance_m,4.473070239749972
73.000,collisions,0
73.000,time_below_clearance_s,0.0
73.000,safety_zone_violations,0
73.000,min_ttc_s,9.020988186220409
73.000,avoid_success,0
73.000,avoid_timeout,0
73.000,q_convergence,2.4703657858142756
73.000,update_residual,0.09746306492317919
73.000,investigation_deferred,0
73.000,nav_aborted,0
73.000,nav_canceled,0
73.000,nav_rejected,0
73.000,run_seed,7
74.000,anomalies_detected,0
74.000,anomalies_unique,0
74.000,investigation_timeouts,0
74.000,mission_duration_s,29.976
74.000,distance_traveled_m,7.450551217926549
74.000,route_deviations,1
74.000,investigation_time_s,0.0
74.000,hazard_avoidances,1
74.000,min_hazard_distance_m,4.464380759817482
74.000,collisions,0
74.000,time_below_clearance_s,0.0
74.000,safety_zone_violations,0
74.000,min_ttc_s,9.020988186220409
74.000,avoid_success,0
74.000,avoid_timeout,0
74.000,q_convergence,3.4994641227067453
74.000,update_residual,0.01106568969513688
74.000,investigation_deferred,0
74.000,nav_aborted,0
74.000,nav_canceled,0
74.000,nav_rejected,0
74.000,run_seed,7
75.000,anomalies_detected,0
75.000,anomalies_unique,0
75.000,investigation_timeouts,0
75.000,mission_duration_s,30.976
75.000,distance_traveled_m,7.615065342384609
75.000,route_deviations,1
75.000,investigation_time_s,0.0
75.000,hazard_avoidances,1
75.000,min_hazard_distance_m,4.464380759817482
75.000,collisions,0
75.000,time_below_clearance_s,0.0
75.000,safety_zone_violations,0
75.000,min_ttc_s,9.020988186220409
75.000,avoid_success,0
75.000,avoid_timeout,0
75.000,q_convergence,3.6940269394900596
75.000,update_residual,0.0036650648678708936
75.000,investigation_deferred,0
75.000,nav_aborted,0
75.000,nav_canceled,0
75.000,nav_rejected,0
75.000,run_seed,7
76.000,anomalies_detected,0
76.000,anomalies_unique,0
76.000,investigation_timeouts,0
76.000,mission_duration_s,31.976
76.000,distance_traveled_m,7.661743692990347
76.000,route_deviations,1
76.000,investigation_time_s,0.0
76.000,hazard_avoidances,1
76.000,min_hazard_distance_m,4.464380759817482
76.000,collisions,0
76.000,time_below_clearance_s,0.0
76.000,safety_zone_violations,0
76.000,min_ttc_s,9.020988186220409
76.000,avoid_success,0
76.000,avoid_timeout,0
76.000,q_convergence,3.2200882528944095
76.000,update_residual,0.05105893352743583
76.000,investigation_deferred,0
76.000,nav_aborted,0
76.000,nav_canceled,0
76.000,nav_rejected,0
76.000,run_seed,7
77.000,anomalies_detected,0
77.000,anomalies_unique,0
77.000,investigation_timeouts,0
77.000,mission_duration_s,32.976
77.000,distance_traveled_m,7.904754086374188
77.000,route_deviations,1
77.000,investigation_time_s,0.0
77.000,hazard_avoidances,1
77.000,min_hazard_distance_m,4.464380759817482
77.000,collisions,0
77.000,time_below_clearance_s,0.0
77.000,safety_zone_violations,0
77.000,min_ttc_s,9.020988186220409
77.000,avoid_success,0
77.000,avoid_timeout,0
77.000,q_convergence,3.2465498427508312
77.000,update_residual,0.040503034289680995
77.000,investigation_deferred,0
77.000,nav_aborted,0
77.000,nav_canceled,0
77.000,nav_rejected,0
77.000,run_seed,7
78.000,anomalies_detected,0
78.000,anomalies_unique,0
78.000,investigation_timeouts,0
78.000,mission_duration_s,33.976
78.000,distance_traveled_m,8.16683400337983
78.000,route_deviations,1
78.000,investigation_time_s,0.0
78.000,hazard_avoidances,1
78.000,min_hazard_distance_m,4.464380759817482
78.000,collisions,0
78.000,time_below_clearance_s,0.0
78.000,safety_zone_violations,0
78.000,min_ttc_s,9.020988186220409
78.000,avoid_success,0
78.000,avoid_timeout,0
78.000,q_convergence,3.6419826218041056
78.000,update_residual,0.002284823233786192
78.000,investigation_deferred,0
78.000,nav_aborted,0
78.000,nav_canceled,0
78.000,nav_rejected,0
78.000,run_seed,7
79.000,anomalies_detected,0
79.000,anomalies_unique,0
79.000,investigation_timeouts,0
79.000,mission_duration_s,34.976
79.000,distance_traveled_m,8.428913987499467
79.000,route_deviations,1
79.000,investigation_time_s,0.0
79.000,hazard_avoidances,1
79.000,min_hazard_distance_m,4.464380759817482
79.000,collisions,0
79.000,time_below_clearance_s,0.0
79.000,safety_zone_violations,0
79.000,min_ttc_s,9.020988186220409
79.000,avoid_success,0
79.000,avoid_timeout,0
79.000,q_convergence,2.8174615781830292
79.000,update_residual,0.07224635285181066
79.000,investigation_deferred,0
79.000,nav_aborted,0
79.000,nav_canceled,0
79.000,nav_rejected,0
79.000,run_seed,7
80.000,anomalies_detected,0
80.000,anomalies_unique,0
80.000,investigation_timeouts,0
80.000,mission_duration_s,35.976
80.000,distance_traveled_m,8.690993827036063
80.000,route_deviations,1
80.000,investigation_time_s,0.0
80.000,hazard_avoidances,1
80.000,min_hazard_distance_m,4.464380759817482
80.000,collisions,0
80.000,time_below_clearance_s,0.0
80.000,safety_zone_violations,0
80.000,min_ttc_s,9.020988186220409
80.000,avoid_success,0
80.000,avoid_timeout,0
80.000,q_convergence,3.2493227454745743
80.000,update_residual,0.018877438015247876
80.000,investigation_deferred,0
80.000,nav_aborted,0
80.000,nav_canceled,0
80.000,nav_rejected,0
80.000,run_seed,7
81.000,anomalies_detected,0
81.000,anomalies_unique,0
81.000,investigation_timeouts,0
81.000,mission_duration_s,36.976
81.000,distance_traveled_m,8.943713798475033
81.000,route_deviations,1
81.000,investigation_time_s,0.0
81.000,hazard_avoidances,1
81.000,min_hazard_distance_m,4.464380759817482
81.000,collisions,0
81.000,time_below_clearance_s,0.0
81.000,safety_zone_violations,0
81.000,min_ttc_s,9.020988186220409
81.000,avoid_success,0
81.000,avoid_timeout,0
81.000,q_convergence,3.087047654620035
81.000,update_residual,0.016466509783703908
81.000,investigation_deferred,0
81.000,nav_aborted,0
81.000,nav_canceled,0
81.000,nav_rejected,0
81.000,run_seed,7
82.000,anomalies_detected,0
82.000,anomalies_unique,0
82.000,investigation_timeouts,0
82.000,mission_duration_s,37.976
82.000,distance_traveled_m,9.203620290539828
82.000,route_deviations,1
82.000,investigation_time_s,0.0
82.000,hazard_avoidances,1
82.000,min_hazard_distance_m,4.464380759817482
82.000,collisions,0
82.000,time_below_clearance_s,0.0
82.000,safety_zone_violations,0
82.000,min_ttc_s,9.020988186220409
82.000,avoid_success,0
82.000,avoid_timeout,0
82.000,q_convergence,1.9870773439293776
82.000,update_residual,0.05313048310816994
82.000,investigation_deferred,0
82.000,nav_aborted,0
82.000,nav_canceled,0
82.000,nav_rejected,0
82.000,run_seed,7
83.000,anomalies_detected,0
83.000,anomalies_unique,0
83.000,investigation_timeouts,0
83.000,mission_duration_s,38.976
83.000,distance_traveled_m,9.283012874980543
83.000,route_deviations,1
83.000,investigation_time_s,0.0
83.000,hazard_avoidances,1
83.000,min_hazard_distance_m,4.464380759817482
83.000,collisions,0
83.000,time_below_clearance_s,0.0
83.000,safety_zone_violations,0
83.000,min_ttc_s,9.020988186220409
83.000,avoid_success,1
83.000,avoid_timeout,0
83.000,q_convergence,1.8589546511210848
83.000,update_residual,0.03942995170798929
83.000,investigation_deferred,0
83.000,nav_aborted,0
83.000,nav_canceled,0
83.000,nav_rejected,0
83.000,run_seed,7
84.000,anomalies_detected,0
84.000,anomalies_unique,0
84.000,investigation_timeouts,0
84.000,mission_duration_s,39.976
84.000,distance_traveled_m,9.377713196234831
84.000,route_deviations,1
84.000,investigation_time_s,0.0
84.000,hazard_avoidances,1
84.000,min_hazard_distance_m,4.464380759817482
84.000,collisions,0
84.000,time_below_clearance_s,0.0
84.000,safety_zone_violations,0
84.000,min_ttc_s,9.020988186220409
84.000,avoid_success,1
84.000,avoid_timeout,0
84.000,q_convergence,1.8321966672283492
84.000,update_residual,0.0037488479543992515
84.000,investigation_deferred,0
84.000,nav_aborted,0
84.000,nav_canceled,0
84.000,nav_rejected,0
84.000,run_seed,7
85.000,anomalies_detected,0
85.000,anomalies_unique,0
85.000,investigation_timeouts,0
85.000,mission_duration_s,40.976
85.000,distance_traveled_m,9.612133243493512
85.000,route_deviations,1
85.000,investigation_time_s,0.0
85.000,hazard_avoidances,1
85.000,min_hazard_distance_m,4.464380759817482
85.000,collisions,0
85.000,time_below_clearance_s,0.0
85.000,safety_zone_violations,0
85.000,min_ttc_s,9.020988186220409
85.000,avoid_success,1
85.000,avoid_timeout,0
85.000,q_convergence,1.7966701383878718
85.000,update_residual,0.0001961950703514332
85.000,investigation_deferred,0
85.000,nav_aborted,0
85.000,nav_canceled,0
85.000,nav_rejected,0
85.000,run_seed,7
86.000,anomalies_detected,0
86.000,anomalies_unique,0
86.000,investigation_timeouts,0
86.000,mission_duration_s,41.976
86.000,distance_traveled_m,9.758089288520358
86.000,route_deviations,1
86.000,investigation_time_s,0.0
86.000,hazard_avoidances,1
86.000,min_hazard_distance_m,4.464380759817482
86.000,collisions,0
86.000,time_below_clearance_s,0.0
86.000,safety_zone_violations,0
86.000,min_ttc_s,9.020988186220409
86.000,avoid_success,1
86.000,avoid_timeout,0
86.000,q_convergence,1.6956400214636773
86.000,update_residual,0.01701380619319738
86.000,investigation_deferred,0
86.000,nav_aborted,0
86.000,nav_canceled,0
86.000,nav_rejected,0
86.000,run_seed,7
87.000,anomalies_detected,0
87.000,anomalies_unique,0
87.000,investigation_timeouts,0
87.000,mission_duration_s,42.976
87.000,distance_traveled_m,9.891045491693966
87.000,route_deviations,1
87.000,investigation_time_s,0.0
87.000,hazard_avoidances,1
87.000,min_hazard_distance_m,4.464380759817482
87.000,collisions,0
87.000,time_below_clearance_s,0.0
87.000,safety_zone_violations,0
87.000,min_ttc_s,9.020988186220409
87.000,avoid_success,1
87.000,avoid_timeout,0
87.000,q_convergence,1.4301833368454733
87.000,update_residual,0.02766414183737409
87.000,investigation_deferred,0
87.000,nav_aborted,0
87.000,nav_canceled,0
87.000,nav_rejected,0
87.000,run_seed,7
88.000,anomalies_detected,0
88.000,anomalies_unique,0
88.000,investigation_timeouts,0
88.000,mission_duration_s,43.976
88.000,distance_traveled_m,10.153123690080822
88.000,route_deviations,1
88.000,investigation_time_s,0.0
88.000,hazard_avoidances,1
88.000,min_hazard_distance_m,4.464380759817482
88.000,collisions,0
88.000,time_below_clearance_s,0.0
88.000,safety_zone_violations,0
88.000,min_ttc_s,9.020988186220409
88.000,avoid_success,1
88.000,avoid_timeout,0
88.000,q_convergence,0.928240893201982
88.000,update_residual,0.06906688303908225
88.000,investigation_deferred,0
88.000,nav_aborted,0
88.000,nav_canceled,0
88.000,nav_rejected,0
88.000,run_seed,7
89.000,anomalies_detected,0
89.000,anomalies_unique,0
89.000,investigation_timeouts,0
89.000,mission_duration_s,44.976
89.000,distance_traveled_m,10.415203658622552
89.000,route_deviations,1
89.000,investigation_time_s,0.0
89.000,hazard_avoidances,1
89.000,min_hazard_distance_m,4.464380759817482
89.000,collisions,0
89.000,time_below_clearance_s,0.0
89.000,safety_zone_violations,0
89.000,min_ttc_s,9.020988186220409
89.000,avoid_success,1
89.000,avoid_timeout,0
89.000,q_convergence,0.711567483621124
89.000,update_residual,0.03906076821405317
89.000,investigation_deferred,0
89.000,nav_aborted,0
89.000,nav_canceled,0
89.000,nav_rejected,0
89.000,run_seed,7
90.000,anomalies_detected,0
90.000,anomalies_unique,0
90.000,investigation_timeouts,0
90.000,mission_duration_s,45.976
90.000,distance_traveled_m,10.667923641025856
90.000,route_deviations,1
90.000,investigation_time_s,0.0
90.000,hazard_avoidances,1
90.000,min_hazard_distance_m,4.464380759817482
90.000,collisions,0
90.000,time_below_clearance_s,0.0
90.000,safety_zone_violations,0
90.000,min_ttc_s,9.020988186220409
90.000,avoid_success,1
90.000,avoid_timeout,0
90.000,q_convergence,0.7520256893011465
90.000,update_residual,0.018482320159626076
90.000,investigation_deferred,0
90.000,nav_aborted,0
90.000,nav_canceled,0
90.000,nav_rejected,0
90.000,run_seed,7
91.000,anomalies_detected,0
91.000,anomalies_unique,0
91.000,investigation_timeouts,0
91.000,mission_duration_s,46.976
91.000,distance_traveled_m,10.93000360605429
91.000,route_deviations,1
91.000,investigation_time_s,0.0
91.000,hazard_avoidances,1
91.000,min_hazard_distance_m,4.464380759817482
91.000,collisions,0
91.000,time_below_clearance_s,0.0
91.000,safety_zone_violations,0
91.000,min_ttc_s,9.020988186220409
91.000,avoid_success,1
91.000,avoid_timeout,0
91.000,q_convergence,0.7758339373687873
91.000,update_residual,0.01610149535286199
91.000,investigation_deferred,0
91.000,nav_aborted,0
91.000,nav_canceled,0
91.000,nav_rejected,0
91.000,run_seed,7
92.000,anomalies_detected,0
92.000,anomalies_unique,0
92.000,investigation_timeouts,0
92.000,mission_duration_s,47.976
92.000,distance_traveled_m,11.093311412931943
92.000,route_deviations,2
92.000,investigation_time_s,0.0
92.000,hazard_avoidances,2
92.000,min_hazard_distance_m,4.464380759817482
92.000,collisions,0
92.000,time_below_clearance_s,0.0
92.000,safety_zone_violations,0
92.000,min_ttc_s,9.020988186220409
92.000,avoid_success,1
92.000,avoid_timeout,0
92.000,q_convergence,2.1324469395144576
92.000,update_residual,0.03109245825722148
92.000,investigation_deferred,0
92.000,nav_aborted,0
92.000,nav_canceled,0
92.000,nav_rejected,0
92.000,run_seed,7
93.000,anomalies_detected,0
93.000,anomalies_unique,0
93.000,investigation_timeouts,0
93.000,mission_duration_s,48.976
93.000,distance_traveled_m,11.291212494362814
93.000,route_deviations,2
93.000,investigation_time_s,0.0
93.000,hazard_avoidances,2
93.000,min_hazard_distance_m,4.464380759817482
93.000,collisions,0
93.000,time_below_clearance_s,0.0
93.000,safety_zone_violations,0
93.000,min_ttc_s,9.020988186220409
93.000,avoid_success,1
93.000,avoid_timeout,0
93.000,q_convergence,3.4797945975315088
93.000,update_residual,0.004530428325450452
93.000,investigation_deferred,0
93.000,nav_aborted,0
93.000,nav_canceled,0
93.000,nav_rejected,0
93.000,run_seed,7
94.000,anomalies_detected,0
94.000,anomalies_unique,0
94.000,investigation_timeouts,0
94.000,mission_duration_s,49.976
94.000,distance_traveled_m,11.382197312048682
94.000,route_deviations,2
94.000,investigation_time_s,0.0
94.000,hazard_avoidances,2
94.000,min_hazard_distance_m,4.464380759817482
94.000,collisions,0
94.000,time_below_clearance_s,0.0
94.000,safety_zone_violations,0
94.000,min_ttc_s,9.020988186220409
94.000,avoid_success,1
94.000,avoid_timeout,0
94.000,q_convergence,3.563271444796056
94.000,update_residual,0.000950423246533809
94.000,investigation_deferred,0
94.000,nav_aborted,0
94.000,nav_canceled,0
94.000,nav_rejected,0
94.000,run_seed,7
95.000,anomalies_detected,0
95.000,anomalies_unique,0
95.000,investigation_timeouts,0
95.000,mission_duration_s,50.976
95.000,distance_traveled_m,11.490965979261109
95.000,route_deviations,2
95.000,investigation_time_s,0.0
95.000,hazard_avoidances,2
95.000,min_hazard_distance_m,4.464380759817482
95.000,collisions,0
95.000,time_below_clearance_s,0.0
95.000,safety_zone_violations,0
95.000,min_ttc_s,9.020988186220409
95.000,avoid_success,1
95.000,avoid_timeout,0
95.000,q_convergence,3.5612198350159447
95.000,update_residual,0.001155584224544977
95.000,investigation_deferred,0
95.000,nav_aborted,0
95.000,nav_canceled,0
95.000,nav_rejected,0
95.000,run_seed,7
96.000,anomalies_detected,0
96.000,anomalies_unique,0
96.000,investigation_timeouts,0
96.000,mission_duration_s,51.976
96.000,distance_traveled_m,11.753044306567702
96.000,route_deviations,2
96.000,investigation_time_s,0.0
96.000,hazard_avoidances,2
96.000,min_hazard_distance_m,4.464380759817482
96.000,collisions,0
96.000,time_below_clearance_s,0.0
96.000,safety_zone_violations,0
96.000,min_ttc_s,9.020988186220409
96.000,avoid_success,1
96.000,avoid_timeout,0
96.000,q_convergence,3.5096460456639713
96.000,update_residual,0.00564657037002642
96.000,investigation_deferred,0
96.000,nav_aborted,0
96.000,nav_canceled,0
96.000,nav_rejected,0
96.000,run_seed,7
97.000,anomalies_detected,0
97.000,anomalies_unique,0
97.000,investigation_timeouts,0
97.000,mission_duration_s,52.976
97.000,distance_traveled_m,12.01512419333514
97.000,route_deviations,2
97.000,investigation_time_s,0.0
97.000,hazard_avoidances,2
97.000,min_hazard_distance_m,4.464380759817482
97.000,collisions,0
97.000,time_below_clearance_s,0.0
97.000,safety_zone_violations,0
97.000,min_ttc_s,9.020988186220409
97.000,avoid_success,1
97.000,avoid_timeout,0
97.000,q_convergence,3.2448463230859335
97.000,update_residual,0.01700375568501734
97.000,investigation_deferred,0
97.000,nav_aborted,0
97.000,nav_canceled,0
97.000,nav_rejected,0
97.000,run_seed,7
98.000,anomalies_detected,0
98.000,anomalies_unique,0
98.000,investigation_timeouts,0
98.000,mission_duration_s,53.976
98.000,distance_traveled_m,12.277203990373932
98.000,route_deviations,2
98.000,investigation_time_s,0.0
98.000,hazard_avoidances,2
98.000,min_hazard_distance_m,4.464380759817482
98.000,collisions,0
98.000,time_below_clearance_s,0.0
98.000,safety_zone_violations,0
98.000,min_ttc_s,9.020988186220409
98.000,avoid_success,1
98.000,avoid_timeout,0
98.000,q_convergence,3.3720878190717563
98.000,update_residual,0.0016226648839288268
98.000,investigation_deferred,0
98.000,nav_aborted,0
98.000,nav_canceled,0
98.000,nav_rejected,0
98.000,run_seed,7
99.000,anomalies_detected,0
99.000,anomalies_unique,0
99.000,investigation_timeouts,0
99.000,mission_duration_s,54.976
99.000,distance_traveled_m,12.529923986659242
99.000,route_deviations,2
99.000,investigation_time_s,0.0
99.000,hazard_avoidances,2
99.000,min_hazard_distance_m,4.464380759817482
99.000,collisions,0
99.000,time_below_clearance_s,0.0
99.000,safety_zone_violations,0
99.000,min_ttc_s,9.020988186220409
99.000,avoid_success,1
99.000,avoid_timeout,0
99.000,q_convergence,3.051235285196635
99.000,update_residual,0.017116798747224694
99.000,investigation_deferred,0
99.000,nav_aborted,0
99.000,nav_canceled,0
99.000,nav_rejected,0
99.000,run_seed,7
100.000,anomalies_detected,0
100.000,anomalies_unique,0
100.000,investigation_timeouts,0
100.000,mission_duration_s,55.976
100.000,distance_traveled_m,12.777429375595554
100.000,route_deviations,2
100.000,investigation_time_s,0.0
100.000,hazard_avoidances,2
100.000,min_hazard_distance_m,4.464380759817482
100.000,collisions,0
100.000,time_below_clearance_s,0.0
100.000,safety_zone_violations,0
100.000,min_ttc_s,9.020988186220409
100.000,avoid_success,1
100.000,avoid_timeout,0
100.000,q_convergence,2.8893001096642945
100.000,update_residual,0.0009232811939908029
100.000,investigation_deferred,0
100.000,nav_aborted,0
100.000,nav_canceled,0
100.000,nav_rejected,0
100.000,run_seed,7
101.000,anomalies_detected,0
101.000,anomalies_unique,0
101.000,investigation_timeouts,0
101.000,mission_duration_s,56.976
101.000,distance_traveled_m,12.798800161200571
101.000,route_deviations,2
101.000,investigation_time_s,0.0
101.000,hazard_avoidances,2
101.000,min_hazard_distance_m,4.464380759817482
101.000,collisions,0
101.000,time_below_clearance_s,0.0
101.000,safety_zone_violations,0
101.000,min_ttc_s,9.020988186220409
101.000,avoid_success,2
101.000,avoid_timeout,0
101.000,q_convergence,2.0666931945561857
101.000,update_residual,0.0412331807319785
101.000,investigation_deferred,0
101.000,nav_aborted,0
101.000,nav_canceled,0
101.000,nav_rejected,0
101.000,run_seed,7
102.000,anomalies_detected,0
102.000,anomalies_unique,0
102.000,investigation_timeouts,0
102.000,mission_duration_s,57.976
102.000,distance_traveled_m,12.89520916870682
102.000,route_deviations,2
102.000,investigation_time_s,0.0
102.000,hazard_avoidances,2
102.000,min_hazard_distance_m,4.464380759817482
102.000,collisions,0
102.000,time_below_clearance_s,0.0
102.000,safety_zone_violations,0
102.000,min_ttc_s,9.020988186220409
102.000,avoid_success,2
102.000,avoid_timeout,0
102.000,q_convergence,2.4237312641044304
102.000,update_residual,0.002432593896129822
102.000,investigation_deferred,0
102.000,nav_aborted,0
102.000,nav_canceled,0
102.000,nav_rejected,0
102.000,run_seed,7
103.000,anomalies_detected,0
103.000,anomalies_unique,0
103.000,investigation_timeouts,0
103.000,mission_duration_s,58.976
103.000,distance_traveled_m,13.130979835597989
103.000,route_deviations,2
103.000,investigation_time_s,0.0
103.000,hazard_avoidances,2
103.000,min_hazard_distance_m,4.464380759817482
103.000,collisions,0
103.000,time_below_clearance_s,0.0
103.000,safety_zone_violations,0
103.000,min_ttc_s,9.020988186220409
103.000,avoid_success,2
103.000,avoid_timeout,0
103.000,q_convergence,2.2038579611763414
103.000,update_residual,0.012300933857047199
103.000,investigation_deferred,0
103.000,nav_aborted,0
103.000,nav_canceled,0
103.000,nav_rejected,0
103.000,run_seed,7
104.000,anomalies_detected,0
104.000,anomalies_unique,0
104.000,investigation_timeouts,0
104.000,mission_duration_s,59.976
104.000,distance_traveled_m,13.275453447394408
104.000,route_deviations,2
104.000,investigation_time_s,0.0
104.000,hazard_avoidances,2
104.000,min_hazard_distance_m,4.464380759817482
104.000,collisions,0
104.000,time_below_clearance_s,0.0
104.000,safety_zone_violations,0
104.000,min_ttc_s,9.020988186220409
104.000,avoid_success,2
104.000,avoid_timeout,0
104.000,q_convergence,2.0390328814647583
104.000,update_residual,0.005431837346399721
104.000,investigation_deferred,0
104.000,nav_aborted,0
104.000,nav_canceled,0
104.000,nav_rejected,0
104.000,run_seed,7
105.000,anomalies_detected,0
105.000,anomalies_unique,0
105.000,investigation_timeouts,0
105.000,mission_duration_s,60.976
105.000,distance_traveled_m,13.406103770614385
105.000,route_deviations,2
105.000,investigation_time_s,0.0
105.000,hazard_avoidances,2
105.000,min_hazard_distance_m,4.464380759817482
105.000,collisions,0
105.000,time_below_clearance_s,0.0
105.000,safety_zone_violations,0
105.000,min_ttc_s,9.020988186220409
105.000,avoid_success,2
105.000,avoid_timeout,0
105.000,q_convergence,1.52602421229904
105.000,update_residual,0.03141744072242823
105.000,investigation_deferred,0
105.000,nav_aborted,0
105.000,nav_canceled,0
105.000,nav_rejected,0
105.000,run_seed,7
106.000,anomalies_detected,0
106.000,anomalies_unique,0
106.000,investigation_timeouts,0
106.000,mission_duration_s,61.976
106.000,distance_traveled_m,13.668182091548667
106.000,route_deviations,2
106.000,investigation_time_s,0.0
106.000,hazard_avoidances,2
106.000,min_hazard_distance_m,4.464380759817482
106.000,collisions,0
106.000,time_below_clearance_s,0.0
106.000,safety_zone_violations,0
106.000,min_ttc_s,9.020988186220409
106.000,avoid_success,2
106.000,avoid_timeout,0
106.000,q_convergence,1.5792844457201805
106.000,update_residual,0.0075871315887439655
106.000,investigation_deferred,0
106.000,nav_aborted,0
106.000,nav_canceled,0
106.000,nav_rejected,0
106.000,run_seed,7
107.000,anomalies_detected,0
107.000,anomalies_unique,0
107.000,investigation_timeouts,0
107.000,mission_duration_s,62.976
107.000,distance_traveled_m,13.93026205872019
107.000,route_deviations,2
107.000,investigation_time_s,0.0
107.000,hazard_avoidances,2
107.000,min_hazard_distance_m,4.464380759817482
107.000,collisions,0
107.000,time_below_clearance_s,0.0
107.000,safety_zone_violations,0
107.000,min_ttc_s,9.020988186220409
107.000,avoid_success,2
107.000,avoid_timeout,0
107.000,q_convergence,1.5073838371911765
107.000,update_residual,0.0003970707358436245
107.000,investigation_deferred,0
107.000,nav_aborted,0
107.000,nav_canceled,0
107.000,nav_rejected,0
107.000,run_seed,7
108.000,anomalies_detected,0
108.000,anomalies_unique,0
108.000,investigation_timeouts,0
108.000,mission_duration_s,63.976
108.000,distance_traveled_m,14.182982041211167
108.000,route_deviations,2
108.000,investigation_time_s,0.0
108.000,hazard_avoidances,2
108.000,min_hazard_distance_m,4.464380759817482
108.000,collisions,0
108.000,time_below_clearance_s,0.0
108.000,safety_zone_violations,0
108.000,min_ttc_s,9.020988186220409
108.000,avoid_success,2
108.000,avoid_timeout,0
108.000,q_convergence,1.354433914219902
108.000,update_residual,0.007653275386207236
108.000,investigation_deferred,0
108.000,nav_aborted,0
108.000,nav_canceled,0
108.000,nav_rejected,0
108.000,run_seed,7
109.000,anomalies_detected,0
109.000,anomalies_unique,0
109.000,investigation_timeouts,0
109.000,mission_duration_s,64.976
109.000,distance_traveled_m,14.445062005695993
109.000,route_deviations,2
109.000,investigation_time_s,0.0
109.000,hazard_avoidances,2
109.000,min_hazard_distance_m,4.464380759817482
109.000,collisions,0
109.000,time_below_clearance_s,0.0
109.000,safety_zone_violations,0
109.000,min_ttc_s,9.020988186220409
109.000,avoid_success,2
109.000,avoid_timeout,0
109.000,q_convergence,0.9764721625583326
109.000,update_residual,0.03990562528639375
109.000,investigation_deferred,0
109.000,nav_aborted,0
109.000,nav_canceled,0
109.000,nav_rejected,0
109.000,run_seed,7
110.000,anomalies_detected,0
110.000,anomalies_unique,0
110.000,investigation_timeouts,0
110.000,mission_duration_s,65.976
110.000,distance_traveled_m,14.599478319399122
110.000,route_deviations,3
110.000,investigation_time_s,0.0
110.000,hazard_avoidances,3
110.000,min_hazard_distance_m,4.464380759817482
110.000,collisions,0
110.000,time_below_clearance_s,0.0
110.000,safety_zone_violations,0
110.000,min_ttc_s,9.020988186220409
110.000,avoid_success,2
110.000,avoid_timeout,0
110.000,q_convergence,2.1071198692563287
110.000,update_residual,0.02392721672760813
110.000,investigation_deferred,0
110.000,nav_aborted,0
110.000,nav_canceled,0
110.000,nav_rejected,0
110.000,run_seed,7
111.000,anomalies_detected,0
111.000,anomalies_unique,0
111.000,investigation_timeouts,0
111.000,mission_duration_s,66.976
111.000,distance_traveled_m,14.808487406509238
111.000,route_deviations,3
111.000,investigation_time_s,0.0
111.000,hazard_avoidances,3
111.000,min_hazard_distance_m,4.464380759817482
111.000,collisions,0
111.000,time_below_clearance_s,0.0
111.000,safety_zone_violations,0
111.000,min_ttc_s,9.020988186220409
111.000,avoid_success,2
111.000,avoid_timeout,0
111.000,q_convergence,3.475062346027451
111.000,update_residual,0.0048640481603460005
111.000,investigation_deferred,0
111.000,nav_aborted,0
111.000,nav_canceled,0
111.000,nav_rejected,0
111.000,run_seed,7
112.000,anomalies_detected,0
112.000,anomalies_unique,0
112.000,investigation_timeouts,0
112.000,mission_duration_s,67.976
112.000,distance_traveled_m,14.878980560597267
112.000,route_deviations,3
112.000,investigation_time_s,0.0
112.000,hazard_avoidances,3
112.000,min_hazard_distance_m,4.464380759817482
112.000,collisions,0
112.000,time_below_clearance_s,0.0
112.000,safety_zone_violations,0
112.000,min_ttc_s,9.020988186220409
112.000,avoid_success,2
112.000,avoid_timeout,0
112.000,q_convergence,3.5550420472403874
112.000,update_residual,0.0006850213305978665
112.000,investigation_deferred,0
112.000,nav_aborted,0
112.000,nav_canceled,0
112.000,nav_rejected,0
112.000,run_seed,7
113.000,anomalies_detected,0
113.000,anomalies_unique,0
113.000,investigation_timeouts,0
113.000,mission_duration_s,68.976
113.000,distance_traveled_m,15.006949193497842
113.000,route_deviations,3
113.000,investigation_time_s,0.0
113.000,hazard_avoidances,3
113.000,min_hazard_distance_m,4.464380759817482
113.000,collisions,0
113.000,time_below_clearance_s,0.0
113.000,safety_zone_violations,0
113.000,min_ttc_s,9.020988186220409
113.000,avoid_success,2
113.000,avoid_timeout,0
113.000,q_convergence,3.5506531576825453
113.000,update_residual,0.0011239102863821124
113.000,investigation_deferred,0
113.000,nav_aborted,0
113.000,nav_canceled,0
113.000,nav_rejected,0
113.000,run_seed,7
114.000,anomalies_detected,0
114.000,anomalies_unique,0
114.000,investigation_timeouts,0
114.000,mission_duration_s,69.976
114.000,distance_traveled_m,15.269028113591778
114.000,route_deviations,3
114.000,investigation_time_s,0.0
114.000,hazard_avoidances,3
114.000,min_hazard_distance_m,4.464380759817482
114.000,collisions,0
114.000,time_below_clearance_s,0.0
114.000,safety_zone_violations,0
114.000,min_ttc_s,9.020988186220409
114.000,avoid_success,2
114.000,avoid_timeout,0
114.000,q_convergence,3.4979637095245857
114.000,update_residual,0.005006985350824576
114.000,investigation_deferred,0
114.000,nav_aborted,0
114.000,nav_canceled,0
114.000,nav_rejected,0
114.000,run_seed,7
115.000,anomalies_detected,0
115.000,anomalies_unique,0
115.000,investigation_timeouts,0
115.000,mission_duration_s,70.976
115.000,distance_traveled_m,15.531108040387522
115.000,route_deviations,3
115.000,investigation_time_s,0.0
115.000,hazard_avoidances,3
115.000,min_hazard_distance_m,4.464380759817482
115.000,collisions,0
115.000,time_below_clearance_s,0.0
115.000,safety_zone_violations,0
115.000,min_ttc_s,9.020988186220409
115.000,avoid_success,2
115.000,avoid_timeout,0
115.000,q_convergence,3.2468807278956313
115.000,update_residual,0.020318421730077616
115.000,investigation_deferred,0
115.000,nav_aborted,0
115.000,nav_canceled,0
115.000,nav_rejected,0
115.000,run_seed,7
116.000,anomalies_detected,0
116.000,anomalies_unique,0
116.000,investigation_timeouts,0
116.000,mission_duration_s,71.976
116.000,distance_traveled_m,15.793187955435172
116.000,route_deviations,3
116.000,investigation_time_s,0.0
116.000,hazard_avoidances,3
116.000,min_hazard_distance_m,4.464380759817482
116.000,collisions,0
116.000,time_below_clearance_s,0.0
116.000,safety_zone_violations,0
116.000,min_ttc_s,9.020988186220409
116.000,avoid_success,2
116.000,avoid_timeout,0
116.000,q_convergence,3.0909389763409396
116.000,update_residual,0.016022919872705075
116.000,investigation_deferred,0
116.000,nav_aborted,0
116.000,nav_canceled,0
116.000,nav_rejected,0
116.000,run_seed,7
117.000,anomalies_detected,0
117.000,anomalies_unique,0
117.000,investigation_timeouts,0
117.000,mission_duration_s,72.976
117.000,distance_traveled_m,16.04536681222648
117.000,route_deviations,3
117.000,investigation_time_s,0.0
117.000,hazard_avoidances,3
117.000,min_hazard_distance_m,4.464380759817482
117.000,collisions,0
117.000,time_below_clearance_s,0.0
117.000,safety_zone_violations,0
117.000,min_ttc_s,9.020988186220409
117.000,avoid_success,2
117.000,avoid_timeout,0
117.000,q_convergence,1.9758418297182554
117.000,update_residual,0.05552741409770432
117.000,investigation_deferred,0
117.000,nav_aborted,0
117.000,nav_canceled,0
117.000,nav_rejected,0
117.000,run_seed,7
118.000,anomalies_detected,0
118.000,anomalies_unique,0
118.000,investigation_timeouts,0
118.000,mission_duration_s,73.976
118.000,distance_traveled_m,16.282966923923016
118.000,route_deviations,3
118.000,investigation_time_s,0.0
118.000,hazard_avoidances,3
118.000,min_hazard_distance_m,4.464380759817482
118.000,collisions,0
118.000,time_below_clearance_s,0.0
118.000,safety_zone_violations,0
118.000,min_ttc_s,9.020988186220409
118.000,avoid_success,2
118.000,avoid_timeout,0
118.000,q_convergence,2.4585955897557614
118.000,update_residual,0.003250772121604319
118.000,investigation_deferred,0
118.000,nav_aborted,0
118.000,nav_canceled,0
118.000,nav_rejected,0
118.000,run_seed,7
119.000,anomalies_detected,0
119.000,anomalies_unique,0
119.000,investigation_timeouts,0
119.000,mission_duration_s,74.976
119.000,distance_traveled_m,16.285263139945034
119.000,route_deviations,3
119.000,investigation_time_s,0.0
119.000,hazard_avoidances,3
119.000,min_hazard_distance_m,4.464380759817482
119.000,collisions,0
119.000,time_below_clearance_s,0.0
119.000,safety_zone_violations,0
119.000,min_ttc_s,9.020988186220409
119.000,avoid_success,3
119.000,avoid_timeout,0
119.000,q_convergence,2.1187921421011646
119.000,update_residual,0.0024948996059793705
119.000,investigation_deferred,0
119.000,nav_aborted,0
119.000,nav_canceled,0
119.000,nav_rejected,0
119.000,run_seed,7
120.000,anomalies_detected,0
120.000,anomalies_unique,0
120.000,investigation_timeouts,0
120.000,mission_duration_s,75.976
120.000,distance_traveled_m,16.397855328187717
120.000,route_deviations,3
120.000,investigation_time_s,0.0
120.000,hazard_avoidances,3
120.000,min_hazard_distance_m,4.464380759817482
120.000,collisions,0
120.000,time_below_clearance_s,0.0
120.000,safety_zone_violations,0
120.000,min_ttc_s,9.020988186220409
120.000,avoid_success,3
120.000,avoid_timeout,0
120.000,q_convergence,1.9066295131284348
120.000,update_residual,0.010680737095130597
120.000,investigation_deferred,0
120.000,nav_aborted,0
120.000,nav_canceled,0
120.000,nav_rejected,0
120.000,run_seed,7
121.000,anomalies_detected,0
121.000,anomalies_unique,0
121.000,investigation_timeouts,0
121.000,mission_duration_s,76.976
121.000,distance_traveled_m,16.62827208341119
121.000,route_deviations,3
121.000,investigation_time_s,0.0
121.000,hazard_avoidances,3
121.000,min_hazard_distance_m,4.464380759817482
121.000,collisions,0
121.000,time_below_clearance_s,0.0
121.000,safety_zone_violations,0
121.000,min_ttc_s,9.020988186220409
121.000,avoid_success,3
121.000,avoid_timeout,0
121.000,q_convergence,1.6268115348486014
121.000,update_residual,0.00969627139980418
121.000,investigation_deferred,0
121.000,nav_aborted,0
121.000,nav_canceled,0
121.000,nav_rejected,0
121.000,run_seed,7
122.000,anomalies_detected,0
122.000,anomalies_unique,0
122.000,investigation_timeouts,0
122.000,mission_duration_s,77.976
122.000,distance_traveled_m,16.725492429695827
122.000,route_deviations,3
122.000,investigation_time_s,0.0
122.000,hazard_avoidances,3
122.000,min_hazard_distance_m,4.464380759817482
122.000,collisions,0
122.000,time_below_clearance_s,0.0
122.000,safety_zone_violations,0
122.000,min_ttc_s,9.020988186220409
122.000,avoid_success,3
122.000,avoid_timeout,0
122.000,q_convergence,1.7214835774101978
122.000,update_residual,0.01916347565596384
122.000,investigation_deferred,0
122.000,nav_aborted,0
122.000,nav_canceled,0
122.000,nav_rejected,0
122.000,run_seed,7
123.000,anomalies_detected,0
123.000,anomalies_unique,0
123.000,investigation_timeouts,0
123.000,mission_duration_s,78.976
123.000,distance_traveled_m,16.875451487792017
123.000,route_deviations,3
123.000,investigation_time_s,0.0
123.000,hazard_avoidances,3
123.000,min_hazard_distance_m,4.464380759817482
123.000,collisions,0
123.000,time_below_clearance_s,0.0
123.000,safety_zone_violations,0
123.000,min_ttc_s,9.020988186220409
123.000,avoid_success,3
123.000,avoid_timeout,0
123.000,q_convergence,1.5184207764870774
123.000,update_residual,0.02180492787641019
123.000,investigation_deferred,0
123.000,nav_aborted,0
123.000,nav_canceled,0
123.000,nav_rejected,0
123.000,run_seed,7
124.000,anomalies_detected,0
124.000,anomalies_unique,0
124.000,investigation_timeouts,0
124.000,mission_duration_s,79.976
124.000,distance_traveled_m,17.13753016286505
124.000,route_deviations,3
124.000,investigation_time_s,0.0
124.000,hazard_avoidances,3
124.000,min_hazard_distance_m,4.464380759817482
124.000,collisions,0
124.000,time_below_clearance_s,0.0
124.000,safety_zone_violations,0
124.000,min_ttc_s,9.020988186220409
124.000,avoid_success,3
124.000,avoid_timeout,0
124.000,q_convergence,0.9857784281638791
124.000,update_residual,0.03320913487937643
124.000,investigation_deferred,0
124.000,nav_aborted,0
124.000,nav_canceled,0
124.000,nav_rejected,0
124.000,run_seed,7
125.000,anomalies_detected,0
125.000,anomalies_unique,0
125.000,investigation_timeouts,0
125.000,mission_duration_s,80.976
125.000,distance_traveled_m,17.399610134942925
125.000,route_deviations,3
125.000,investigation_time_s,0.0
125.000,hazard_avoidances,3
125.000,min_hazard_distance_m,4.464380759817482
125.000,collisions,0
125.000,time_below_clearance_s,0.0
125.000,safety_zone_violations,0
125.000,min_ttc_s,9.020988186220409
125.000,avoid_success,3
125.000,avoid_timeout,0
125.000,q_convergence,0.9012803762100352
125.000,update_residual,0.02040353968544941
125.000,investigation_deferred,0
125.000,nav_aborted,0
125.000,nav_canceled,0
125.000,nav_rejected,0
125.000,run_seed,7
126.000,anomalies_detected,0
126.000,anomalies_unique,0
126.000,investigation_timeouts,0
126.000,mission_duration_s,81.976
126.000,distance_traveled_m,17.652330118766322
126.000,route_deviations,3
126.000,investigation_time_s,0.0
126.000,hazard_avoidances,3
126.000,min_hazard_distance_m,4.464380759817482
126.000,collisions,0
126.000,time_below_clearance_s,0.0
126.000,safety_zone_violations,0
126.000,min_ttc_s,9.020988186220409
126.000,avoid_success,3
126.000,avoid_timeout,0
126.000,q_convergence,0.9172770372633738
126.000,update_residual,0.0022241369841476248
126.000,investigation_deferred,0
126.000,nav_aborted,0
126.000,nav_canceled,0
126.000,nav_rejected,0
126.000,run_seed,7
127.000,anomalies_detected,0
127.000,anomalies_unique,0
127.000,investigation_timeouts,0
127.000,mission_duration_s,82.976
127.000,distance_traveled_m,17.91441009745798
127.000,route_deviations,3
127.000,investigation_time_s,0.0
127.000,hazard_avoidances,3
127.000,min_hazard_distance_m,4.464380759817482
127.000,collisions,0
127.000,time_below_clearance_s,0.0
127.000,safety_zone_violations,0
127.000,min_ttc_s,9.020988186220409
127.000,avoid_success,3
127.000,avoid_timeout,0
127.000,q_convergence,0.9113522721908106
127.000,update_residual,0.011276162615168837
127.000,investigation_deferred,0
127.000,nav_aborted,0
127.000,nav_canceled,0
127.000,nav_rejected,0
127.000,run_seed,7
128.000,anomalies_detected,0
128.000,anomalies_unique,0
128.000,investigation_timeouts,0
128.000,mission_duration_s,83.976
128.000,distance_traveled_m,18.17540247308486
128.000,route_deviations,4
128.000,investigation_time_s,0.0
128.000,hazard_avoidances,4
128.000,min_hazard_distance_m,4.464380759817482
128.000,collisions,0
128.000,time_below_clearance_s,0.0
128.000,safety_zone_violations,0
128.000,min_ttc_s,8.948575237290093
128.000,avoid_success,3
128.000,avoid_timeout,0
128.000,q_convergence,2.1065899183627
128.000,update_residual,0.0250540965063908
128.000,investigation_deferred,0
128.000,nav_aborted,0
128.000,nav_canceled,0
128.000,nav_rejected,0
128.000,run_seed,7
129.000,anomalies_detected,0
129.000,anomalies_unique,0
129.000,investigation_timeouts,0
129.000,mission_duration_s,84.976
129.000,distance_traveled_m,18.267600679445493
129.000,route_deviations,4
129.000,investigation_time_s,0.0
129.000,hazard_avoidances,4
129.000,min_hazard_distance_m,4.464380759817482
129.000,collisions,0
129.000,time_below_clearance_s,0.0
129.000,safety_zone_violations,0
129.000,min_ttc_s,8.948575237290093
129.000,avoid_success,3
129.000,avoid_timeout,0
129.000,q_convergence,3.4950285675819077
129.000,update_residual,0.004984338270510762
129.000,investigation_deferred,0
129.000,nav_aborted,0
129.000,nav_canceled,0
129.000,nav_rejected,0
129.000,run_seed,7
130.000,anomalies_detected,0
130.000,anomalies_unique,0
130.000,investigation_timeouts,0
130.000,mission_duration_s,85.976
130.000,distance_traveled_m,18.494077514551943
130.000,route_deviations,4
130.000,investigation_time_s,0.0
130.000,hazard_avoidances,4
130.000,min_hazard_distance_m,4.464380759817482
130.000,collisions,0
130.000,time_below_clearance_s,0.0
130.000,safety_zone_violations,0
130.000,min_ttc_s,8.948575237290093
130.000,avoid_success,3
130.000,avoid_timeout,0
130.000,q_convergence,3.643049452967644
130.000,update_residual,0.0044130595732062294
130.000,investigation_deferred,0
130.000,nav_aborted,0
130.000,nav_canceled,0
130.000,nav_rejected,0
130.000,run_seed,7
131.000,anomalies_detected,0
131.000,anomalies_unique,0
131.000,investigation_timeouts,0
131.000,mission_duration_s,86.976
131.000,distance_traveled_m,18.588260034888798
131.000,route_deviations,4
131.000,investigation_time_s,0.0
131.000,hazard_avoidances,4
131.000,min_hazard_distance_m,4.464380759817482
131.000,collisions,0
131.000,time_below_clearance_s,0.0
131.000,safety_zone_violations,0
131.000,min_ttc_s,8.948575237290093
131.000,avoid_success,3
131.000,avoid_timeout,0
131.000,q_convergence,3.6732706803384825
131.000,update_residual,0.0007578089102036492
131.000,investigation_deferred,0
131.000,nav_aborted,0
131.000,nav_canceled,0
131.000,nav_rejected,0
131.000,run_seed,7
132.000,anomalies_detected,0
132.000,anomalies_unique,0
132.000,investigation_timeouts,0
132.000,mission_duration_s,87.976
132.000,distance_traveled_m,18.691515210195554
132.000,route_deviations,4
132.000,investigation_time_s,0.0
132.000,hazard_avoidances,4
132.000,min_hazard_distance_m,4.464380759817482
132.000,collisions,0
132.000,time_below_clearance_s,0.0
132.000,safety_zone_violations,0
132.000,min_ttc_s,8.948575237290093
132.000,avoid_success,3
132.000,avoid_timeout,0
132.000,q_convergence,3.590089556141374
132.000,update_residual,0.004112869113758616
132.000,investigation_deferred,0
132.000,nav_aborted,0
132.000,nav_canceled,0
132.000,nav_rejected,0
132.000,run_seed,7
133.000,anomalies_detected,0
133.000,anomalies_unique,0
133.000,investigation_timeouts,0
133.000,mission_duration_s,88.976
133.000,distance_traveled_m,18.953592940583665
133.000,route_deviations,4
133.000,investigation_time_s,0.0
133.000,hazard_avoidances,4
133.000,min_hazard_distance_m,4.464380759817482
133.000,collisions,0
133.000,time_below_clearance_s,0.0
133.000,safety_zone_violations,0
133.000,min_ttc_s,8.948575237290093
133.000,avoid_success,3
133.000,avoid_timeout,0
133.000,q_convergence,3.551281310985762
133.000,update_residual,0.00023204459819738715
133.000,investigation_deferred,0
133.000,nav_aborted,0
133.000,nav_canceled,0
133.000,nav_rejected,0
133.000,run_seed,7
134.000,anomalies_detected,0
134.000,anomalies_unique,0
134.000,investigation_timeouts,0
134.000,mission_duration_s,89.976
134.000,distance_traveled_m,19.21567285816962
134.000,route_deviations,4
134.000,investigation_time_s,0.0
134.000,hazard_avoidances,4
134.000,min_hazard_distance_m,4.464380759817482
134.000,collisions,0
134.000,time_below_clearance_s,0.0
134.000,safety_zone_violations,0
134.000,min_ttc_s,8.948575237290093
134.000,avoid_success,3
134.000,avoid_timeout,0
134.000,q_convergence,3.3676996890072624
134.000,update_residual,0.014969988458017594
134.000,investigation_deferred,0
134.000,nav_aborted,0
134.000,nav_canceled,0
134.000,nav_rejected,0
134.000,run_seed,7
135.000,anomalies_detected,0
135.000,anomalies_unique,0
135.000,investigation_timeouts,0
135.000,mission_duration_s,90.976
135.000,distance_traveled_m,19.46839277941196
135.000,route_deviations,4
135.000,investigation_time_s,0.0
135.000,hazard_avoidances,4
135.000,min_hazard_distance_m,4.464380759817482
135.000,collisions,0
135.000,time_below_clearance_s,0.0
135.000,safety_zone_violations,0
135.000,min_ttc_s,8.948575237290093
135.000,avoid_success,3
135.000,avoid_timeout,0
135.000,q_convergence,3.0476246245641563
135.000,update_residual,0.010169145152024647
135.000,investigation_deferred,0
135.000,nav_aborted,0
135.000,nav_canceled,0
135.000,nav_rejected,0
135.000,run_seed,7
136.000,anomalies_detected,0
136.000,anomalies_unique,0
136.000,investigation_timeouts,0
136.000,mission_duration_s,91.976
136.000,distance_traveled_m,19.73047271909833
136.000,route_deviations,4
136.000,investigation_time_s,0.0
136.000,hazard_avoidances,4
136.000,min_hazard_distance_m,4.464380759817482
136.000,collisions,0
136.000,time_below_clearance_s,0.0
136.000,safety_zone_violations,0
136.000,min_ttc_s,8.948575237290093
136.000,avoid_success,3
136.000,avoid_timeout,0
136.000,q_convergence,2.9514184162932358
136.000,update_residual,0.0005485243249324932
136.000,investigation_deferred,0
136.000,nav_aborted,0
136.000,nav_canceled,0
136.000,nav_rejected,0
136.000,run_seed,7
137.000,anomalies_detected,0
137.000,anomalies_unique,0
137.000,investigation_timeouts,0
137.000,mission_duration_s,92.976
137.000,distance_traveled_m,19.9925277977154
137.000,route_deviations,4
137.000,investigation_time_s,0.0
137.000,hazard_avoidances,4
137.000,min_hazard_distance_m,4.464380759817482
137.000,collisions,0
137.000,time_below_clearance_s,0.0
137.000,safety_zone_violations,0
137.000,min_ttc_s,8.948575237290093
137.000,avoid_success,3
137.000,avoid_timeout,0
137.000,q_convergence,2.653911158680787
137.000,update_residual,0.014986796159346312
137.000,investigation_deferred,0
137.000,nav_aborted,0
137.000,nav_canceled,0
137.000,nav_rejected,0
137.000,run_seed,7
138.000,anomalies_detected,0
138.000,anomalies_unique,0
138.000,investigation_timeouts,0
138.000,mission_duration_s,93.976
138.000,distance_traveled_m,20.117621118863365
138.000,route_deviations,4
138.000,investigation_time_s,0.0
138.000,hazard_avoidances,4
138.000,min_hazard_distance_m,4.464380759817482
138.000,collisions,0
138.000,time_below_clearance_s,0.0
138.000,safety_zone_violations,0
138.000,min_ttc_s,8.948575237290093
138.000,avoid_success,4
138.000,avoid_timeout,0
138.000,q_convergence,1.6794866417101642
138.000,update_residual,0.047743440014209555
138.000,investigation_deferred,0
138.000,nav_aborted,0
138.000,nav_canceled,0
138.000,nav_rejected,0
138.000,run_seed,7
139.000,anomalies_detected,0
139.000,anomalies_unique,0
139.000,investigation_timeouts,0
139.000,mission_duration_s,94.976
139.000,distance_traveled_m,20.21638589764917
139.000,route_deviations,4
139.000,investigation_time_s,0.0
139.000,hazard_avoidances,4
139.000,min_hazard_distance_m,4.464380759817482
139.000,collisions,0
139.000,time_below_clearance_s,0.0
139.000,safety_zone_violations,0
139.000,min_ttc_s,8.948575237290093
139.000,avoid_success,4
139.000,avoid_timeout,0
139.000,q_convergence,2.0650544301505533
139.000,update_residual,0.006338228737367178
139.000,investigation_deferred,0
139.000,nav_aborted,0
139.000,nav_canceled,0
139.000,nav_rejected,0
139.000,run_seed,7
140.000,anomalies_detected,0
140.000,anomalies_unique,0
140.000,investigation_timeouts,0
140.000,mission_duration_s,95.976
140.000,distance_traveled_m,20.43144969814798
140.000,route_deviations,4
140.000,investigation_time_s,0.0
140.000,hazard_avoidances,4
140.000,min_hazard_distance_m,4.464380759817482
140.000,collisions,0
140.000,time_below_clearance_s,0.0
140.000,safety_zone_violations,0
140.000,min_ttc_s,8.948575237290093
140.000,avoid_success,4
140.000,avoid_timeout,0
140.000,q_convergence,1.913910121051219
140.000,update_residual,0.010473891115562765
140.000,investigation_deferred,0
140.000,nav_aborted,0
140.000,nav_canceled,0
140.000,nav_rejected,0
140.000,run_seed,7
141.000,anomalies_detected,0
141.000,anomalies_unique,0
141.000,investigation_timeouts,0
141.000,mission_duration_s,96.976
141.000,distance_traveled_m,20.539163637737662
141.000,route_deviations,4
141.000,investigation_time_s,0.0
141.000,hazard_avoidances,4
141.000,min_hazard_distance_m,4.464380759817482
141.000,collisions,0
141.000,time_below_clearance_s,0.0
141.000,safety_zone_violations,0
141.000,min_ttc_s,8.948575237290093
141.000,avoid_success,4
141.000,avoid_timeout,0
141.000,q_convergence,1.8148208333080729
141.000,update_residual,0.0005649623412482171
141.000,investigation_deferred,0
141.000,nav_aborted,0
141.000,nav_canceled,0
141.000,nav_rejected,0
141.000,run_seed,7
142.000,anomalies_detected,0
142.000,anomalies_unique,0
142.000,investigation_timeouts,0
142.000,mission_duration_s,97.976
142.000,distance_traveled_m,20.68457801549626
142.000,route_deviations,4
142.000,investigation_time_s,0.0
142.000,hazard_avoidances,4
142.000,min_hazard_distance_m,4.464380759817482
142.000,collisions,0
142.000,time_below_clearance_s,0.0
142.000,safety_zone_violations,0
142.000,min_ttc_s,8.948575237290093
142.000,avoid_success,4
142.000,avoid_timeout,0
142.000,q_convergence,1.6693832762615421
142.000,update_residual,0.013158774785028974
142.000,investigation_deferred,0
142.000,nav_aborted,0
142.000,nav_canceled,0
142.000,nav_rejected,0
142.000,run_seed,7
143.000,anomalies_detected,0
143.000,anomalies_unique,0
143.000,investigation_timeouts,0
143.000,mission_duration_s,98.976
143.000,distance_traveled_m,20.94665669684273
143.000,route_deviations,4
143.000,investigation_time_s,0.0
143.000,hazard_avoidances,4
143.000,min_hazard_distance_m,4.464380759817482
143.000,collisions,0
143.000,time_below_clearance_s,0.0
143.000,safety_zone_violations,0
143.000,min_ttc_s,8.948575237290093
143.000,avoid_success,4
143.000,avoid_timeout,0
143.000,q_convergence,1.3920832786845558
143.000,update_residual,0.008495707953499092
143.000,investigation_deferred,0
143.000,nav_aborted,0
143.000,nav_canceled,0
143.000,nav_rejected,0
143.000,run_seed,7
144.000,anomalies_detected,0
144.000,anomalies_unique,0
144.000,investigation_timeouts,0
144.000,mission_duration_s,99.976
144.000,distance_traveled_m,21.199376690450507
144.000,route_deviations,4
144.000,investigation_time_s,0.0
144.000,hazard_avoidances,4
144.000,min_hazard_distance_m,4.464380759817482
144.000,collisions,0
144.000,time_below_clearance_s,0.0
144.000,safety_zone_violations,0
144.000,min_ttc_s,8.948575237290093
144.000,avoid_success,4
144.000,avoid_timeout,0
144.000,q_convergence,1.31157240779792
144.000,update_residual,0.00044462086483555013
144.000,investigation_deferred,0
144.000,nav_aborted,0
144.000,nav_canceled,0
144.000,nav_rejected,0
144.000,run_seed,7
145.000,anomalies_detected,0
145.000,anomalies_unique,0
145.000,investigation_timeouts,0
145.000,mission_duration_s,100.976
145.000,distance_traveled_m,21.46145668325638
145.000,route_deviations,4
145.000,investigation_time_s,0.0
145.000,hazard_avoidances,4
145.000,min_hazard_distance_m,4.464380759817482
145.000,collisions,0
145.000,time_below_clearance_s,0.0
145.000,safety_zone_violations,0
145.000,min_ttc_s,8.948575237290093
145.000,avoid_success,4
145.000,avoid_timeout,0
145.000,q_convergence,0.9998850344565268
145.000,update_residual,0.025110255266483313
145.000,investigation_deferred,0
145.000,nav_aborted,0
145.000,nav_canceled,0
145.000,nav_rejected,0
145.000,run_seed,7
146.000,anomalies_detected,0
146.000,anomalies_unique,0
146.000,investigation_timeouts,0
146.000,mission_duration_s,101.976
146.000,distance_traveled_m,21.723536681354236
146.000,route_deviations,4
146.000,investigation_time_s,0.0
146.000,hazard_avoidances,4
146.000,min_hazard_distance_m,4.464380759817482
146.000,collisions,0
146.000,time_below_clearance_s,0.0
146.000,safety_zone_violations,0
146.000,min_ttc_s,8.948575237290093
146.000,avoid_success,4
146.000,avoid_timeout,0
146.000,q_convergence,0.9467446950802622
146.000,update_residual,0.01643125741968679
146.000,investigation_deferred,0
146.000,nav_aborted,0
146.000,nav_canceled,0
146.000,nav_rejected,0
146.000,run_seed,7
147.000,anomalies_detected,0
147.000,anomalies_unique,0
147.000,investigation_timeouts,0
147.000,mission_duration_s,102.976
147.000,distance_traveled_m,21.910053963576697
147.000,route_deviations,5
147.000,investigation_time_s,0.0
147.000,hazard_avoidances,5
147.000,min_hazard_distance_m,4.464380759817482
147.000,collisions,0
147.000,time_below_clearance_s,0.0
147.000,safety_zone_violations,0
147.000,min_ttc_s,8.948575237290093
147.000,avoid_success,4
147.000,avoid_timeout,0
147.000,q_convergence,2.089619589391631
147.000,update_residual,0.015411139525544137
147.000,investigation_deferred,0
147.000,nav_aborted,0
147.000,nav_canceled,0
147.000,nav_rejected,0
147.000,run_seed,7
148.000,anomalies_detected,0
148.000,anomalies_unique,0
148.000,investigation_timeouts,0
148.000,mission_duration_s,103.976
148.000,distance_traveled_m,22.03577311323899
148.000,route_deviations,5
148.000,investigation_time_s,0.0
148.000,hazard_avoidances,5
148.000,min_hazard_distance_m,4.464380759817482
148.000,collisions,0
148.000,time_below_clearance_s,0.0
148.000,safety_zone_violations,0
148.000,min_ttc_s,8.948575237290093
148.000,avoid_success,4
148.000,avoid_timeout,0
148.000,q_convergence,3.4698069179910904
148.000,update_residual,0.004570072097496382
148.000,investigation_deferred,0
148.000,nav_aborted,0
148.000,nav_canceled,0
148.000,nav_rejected,0
148.000,run_seed,7
149.000,anomalies_detected,0
149.000,anomalies_unique,0
149.000,investigation_timeouts,0
149.000,mission_duration_s,104.976
149.000,distance_traveled_m,22.270254080769686
149.000,route_deviations,5
149.000,investigation_time_s,0.0
149.000,hazard_avoidances,5
149.000,min_hazard_distance_m,4.464380759817482
149.000,collisions,0
149.000,time_below_clearance_s,0.0
149.000,safety_zone_violations,0
149.000,min_ttc_s,8.948575237290093
149.000,avoid_success,4
149.000,avoid_timeout,0
149.000,q_convergence,3.575819192585032
149.000,update_residual,0.0020437695700887943
149.000,investigation_deferred,0
149.000,nav_aborted,0
149.000,nav_canceled,0
149.000,nav_rejected,0
149.000,run_seed,7
150.000,anomalies_detected,0
150.000,anomalies_unique,0
150.000,investigation_timeouts,0
150.000,mission_duration_s,105.976
150.000,distance_traveled_m,22.30519414860438
150.000,route_deviations,5
150.000,investigation_time_s,0.0
150.000,hazard_avoidances,5
150.000,min_hazard_distance_m,4.464380759817482
150.000,collisions,0
150.000,time_below_clearance_s,0.0
150.000,safety_zone_violations,0
150.000,min_ttc_s,8.948575237290093
150.000,avoid_success,4
150.000,avoid_timeout,0
150.000,q_convergence,3.595154477702739
150.000,update_residual,0.00011024105831822948
150.000,investigation_deferred,0
150.000,nav_aborted,0
150.000,nav_canceled,0
150.000,nav_rejected,0
150.000,run_seed,7
151.000,anomalies_detected,0
151.000,anomalies_unique,0
151.000,investigation_timeouts,0
151.000,mission_duration_s,106.976
151.000,distance_traveled_m,22.517479942482613
151.000,route_deviations,5
151.000,investigation_time_s,0.0
151.000,hazard_avoidances,5
151.000,min_hazard_distance_m,4.464380759817482
151.000,collisions,0
151.000,time_below_clearance_s,0.0
151.000,safety_zone_violations,0
151.000,min_ttc_s,8.948575237290093
151.000,avoid_success,4
151.000,avoid_timeout,0
151.000,q_convergence,3.1886559816839233
151.000,update_residual,0.02299720013195288
151.000,investigation_deferred,0
151.000,nav_aborted,0
151.000,nav_canceled,0
151.000,nav_rejected,0
151.000,run_seed,7
152.000,anomalies_detected,0
152.000,anomalies_unique,0
152.000,investigation_timeouts,0
152.000,mission_duration_s,107.976
152.000,distance_traveled_m,22.779559376407025
152.000,route_deviations,5
152.000,investigation_time_s,0.0
152.000,hazard_avoidances,5
152.000,min_hazard_distance_m,4.464380759817482
152.000,collisions,0
152.000,time_below_clearance_s,0.0
152.000,safety_zone_violations,0
152.000,min_ttc_s,8.948575237290093
152.000,avoid_success,4
152.000,avoid_timeout,0
152.000,q_convergence,3.1886559816839233
152.000,update_residual,0.02299720013195288
152.000,investigation_deferred,0
152.000,nav_aborted,0
152.000,nav_canceled,0
152.000,nav_rejected,0
152.000,run_seed,7
153.000,anomalies_detected,0
153.000,anomalies_unique,0
153.000,investigation_timeouts,0
153.000,mission_duration_s,108.976
153.000,distance_traveled_m,23.03227921968933
153.000,route_deviations,5
153.000,investigation_time_s,0.0
153.000,hazard_avoidances,5
153.000,min_hazard_distance_m,4.464380759817482
153.000,collisions,0
153.000,time_below_clearance_s,0.0
153.000,safety_zone_violations,0
153.000,min_ttc_s,8.948575237290093
153.000,avoid_success,4
153.000,avoid_timeout,0
153.000,q_convergence,3.3136041726462904
153.000,update_residual,0.009818570564368157
153.000,investigation_deferred,0
153.000,nav_aborted,0
153.000,nav_canceled,0
153.000,nav_rejected,0
153.000,run_seed,7
154.000,anomalies_detected,0
154.000,anomalies_unique,0
154.000,investigation_timeouts,0
154.000,mission_duration_s,109.976
154.000,distance_traveled_m,23.294359107430815
154.000,route_deviations,5
154.000,investigation_time_s,0.0
154.000,hazard_avoidances,5
154.000,min_hazard_distance_m,4.464380759817482
154.000,collisions,0
154.000,time_below_clearance_s,0.0
154.000,safety_zone_violations,0
154.000,min_ttc_s,8.948575237290093
154.000,avoid_success,4
154.000,avoid_timeout,0
154.000,q_convergence,3.0732472086797826
154.000,update_residual,0.01732258121333054
154.000,investigation_deferred,0
154.000,nav_aborted,0
154.000,nav_canceled,0
154.000,nav_rejected,0
154.000,run_seed,7
155.000,anomalies_detected,0
155.000,anomalies_unique,0
155.000,investigation_timeouts,0
155.000,mission_duration_s,110.976
155.000,distance_traveled_m,23.556132572574892
155.000,route_deviations,5
155.000,investigation_time_s,0.0
155.000,hazard_avoidances,5
155.000,min_hazard_distance_m,4.464380759817482
155.000,collisions,0
155.000,time_below_clearance_s,0.0
155.000,safety_zone_violations,0
155.000,min_ttc_s,8.948575237290093
155.000,avoid_success,4
155.000,avoid_timeout,0
155.000,q_convergence,2.9097946504143004
155.000,update_residual,0.0009773253867822681
155.000,investigation_deferred,0
155.000,nav_aborted,0
155.000,nav_canceled,0
155.000,nav_rejected,0
155.000,run_seed,7
156.000,anomalies_detected,0
156.000,anomalies_unique,0
156.000,investigation_timeouts,0
156.000,mission_duration_s,111.976
156.000,distance_traveled_m,23.66822541605023
156.000,route_deviations,5
156.000,investigation_time_s,0.0
156.000,hazard_avoidances,5
156.000,min_hazard_distance_m,4.464380759817482
156.000,collisions,0
156.000,time_below_clearance_s,0.0
156.000,safety_zone_violations,0
156.000,min_ttc_s,8.948575237290093
156.000,avoid_success,5
156.000,avoid_timeout,0
156.000,q_convergence,1.931001262818915
156.000,update_residual,0.05651965275528208
156.000,investigation_deferred,0
156.000,nav_aborted,0
156.000,nav_canceled,0
156.000,nav_rejected,0
156.000,run_seed,7
157.000,anomalies_detected,0
157.000,anomalies_unique,0
157.000,investigation_timeouts,0
157.000,mission_duration_s,112.976
157.000,distance_traveled_m,23.761687256496533
157.000,route_deviations,5
157.000,investigation_time_s,0.0
157.000,hazard_avoidances,5
157.000,min_hazard_distance_m,4.464380759817482
157.000,collisions,0
157.000,time_below_clearance_s,0.0
157.000,safety_zone_violations,0
157.000,min_ttc_s,8.948575237290093
157.000,avoid_success,5
157.000,avoid_timeout,0
157.000,q_convergence,2.40241658192274
157.000,update_residual,0.006260160514176554
157.000,investigation_deferred,0
157.000,nav_aborted,0
157.000,nav_canceled,0
157.000,nav_rejected,0
157.000,run_seed,7
158.000,anomalies_detected,0
158.000,anomalies_unique,0
158.000,investigation_timeouts,0
158.000,mission_duration_s,113.976
158.000,distance_traveled_m,23.976677531535547
158.000,route_deviations,5
158.000,investigation_time_s,0.0
158.000,hazard_avoidances,5
158.000,min_hazard_distance_m,4.464380759817482
158.000,collisions,0
158.000,time_below_clearance_s,0.0
158.000,safety_zone_violations,0
158.000,min_ttc_s,8.948575237290093
158.000,avoid_success,5
158.000,avoid_timeout,0
158.000,q_convergence,2.217132721158839
158.000,update_residual,0.012186726215400987
158.000,investigation_deferred,0
158.000,nav_aborted,0
158.000,nav_canceled,0
158.000,nav_rejected,0
158.000,run_seed,7
159.000,anomalies_detected,0
159.000,anomalies_unique,0
159.000,investigation_timeouts,0
159.000,mission_duration_s,114.976
159.000,distance_traveled_m,24.09246126622925
159.000,route_deviations,5
159.000,investigation_time_s,0.0
159.000,hazard_avoidances,5
159.000,min_hazard_distance_m,4.464380759817482
159.000,collisions,0
159.000,time_below_clearance_s,0.0
159.000,safety_zone_violations,0
159.000,min_ttc_s,8.948575237290093
159.000,avoid_success,5
159.000,avoid_timeout,0
159.000,q_convergence,2.1018389867404506
159.000,update_residual,0.0006573527735621947
159.000,investigation_deferred,0
159.000,nav_aborted,0
159.000,nav_canceled,0
159.000,nav_rejected,0
159.000,run_seed,7
160.000,anomalies_detected,0
160.000,anomalies_unique,0
160.000,investigation_timeouts,0
160.000,mission_duration_s,115.976
160.000,distance_traveled_m,24.22647778954976
160.000,route_deviations,5
160.000,investigation_time_s,0.0
160.000,hazard_avoidances,5
160.000,min_hazard_distance_m,4.464380759817482
160.000,collisions,0
160.000,time_below_clearance_s,0.0
160.000,safety_zone_violations,0
160.000,min_ttc_s,8.948575237290093
160.000,avoid_success,5
160.000,avoid_timeout,0
160.000,q_convergence,1.9186884409932772
160.000,update_residual,0.013771280083917254
160.000,investigation_deferred,0
160.000,nav_aborted,0
160.000,nav_canceled,0
160.000,nav_rejected,0
160.000,run_seed,7
161.000,anomalies_detected,0
161.000,anomalies_unique,0
161.000,investigation_timeouts,0
161.000,mission_duration_s,116.976
161.000,distance_traveled_m,24.488556496984444
161.000,route_deviations,5
161.000,investigation_time_s,0.0
161.000,hazard_avoidances,5
161.000,min_hazard_distance_m,4.464380759817482
161.000,collisions,0
161.000,time_below_clearance_s,0.0
161.000,safety_zone_violations,0
161.000,min_ttc_s,8.948575237290093
161.000,avoid_success,5
161.000,avoid_timeout,0
161.000,q_convergence,1.6114526414083798
161.000,update_residual,0.009762334727739101
161.000,investigation_deferred,0
161.000,nav_aborted,0
161.000,nav_canceled,0
161.000,nav_rejected,0
161.000,run_seed,7
162.000,anomalies_detected,0
162.000,anomalies_unique,0
162.000,investigation_timeouts,0
162.000,mission_duration_s,117.976
162.000,distance_traveled_m,24.7506364862108
162.000,route_deviations,5
162.000,investigation_time_s,0.0
162.000,hazard_avoidances,5
162.000,min_hazard_distance_m,4.464380759817482
162.000,collisions,0
162.000,time_below_clearance_s,0.0
162.000,safety_zone_violations,0
162.000,min_ttc_s,8.948575237290093
162.000,avoid_success,5
162.000,avoid_timeout,0
162.000,q_convergence,1.5189383889035717
162.000,update_residual,0.0005109094772583052
162.000,investigation_deferred,0
162.000,nav_aborted,0
162.000,nav_canceled,0
162.000,nav_rejected,0
162.000,run_seed,7
163.000,anomalies_detected,0
163.000,anomalies_unique,0
163.000,investigation_timeouts,0
163.000,mission_duration_s,118.976
163.000,distance_traveled_m,25.003356476936872
163.000,route_deviations,5
163.000,investigation_time_s,0.0
163.000,hazard_avoidances,5
163.000,min_hazard_distance_m,4.464380759817482
163.000,collisions,0
163.000,time_below_clearance_s,0.0
163.000,safety_zone_violations,0
163.000,min_ttc_s,8.948575237290093
163.000,avoid_success,5
163.000,avoid_timeout,0
163.000,q_convergence,1.3662416248364981
163.000,update_residual,0.007948672482515802
163.000,investigation_deferred,0
163.000,nav_aborted,0
163.000,nav_canceled,0
163.000,nav_rejected,0
163.000,run_seed,7
164.000,anomalies_detected,0
164.000,anomalies_unique,0
164.000,investigation_timeouts,0
164.000,mission_duration_s,119.976
164.000,distance_traveled_m,25.26543647016971
164.000,route_deviations,5
164.000,investigation_time_s,0.0
164.000,hazard_avoidances,5
164.000,min_hazard_distance_m,4.464380759817482
164.000,collisions,0
164.000,time_below_clearance_s,0.0
164.000,safety_zone_violations,0
164.000,min_ttc_s,8.948575237290093
164.000,avoid_success,5
164.000,avoid_timeout,0
164.000,q_convergence,1.0077203082924897
164.000,update_residual,0.015268946307870271
164.000,investigation_deferred,0
164.000,nav_aborted,0
164.000,nav_canceled,0
164.000,nav_rejected,0
164.000,run_seed,7
165.000,anomalies_detected,0
165.000,anomalies_unique,0
165.000,investigation_timeouts,0
165.000,mission_duration_s,120.976
165.000,distance_traveled_m,25.52751646834686
165.000,route_deviations,6
165.000,investigation_time_s,0.0
165.000,hazard_avoidances,6
165.000,min_hazard_distance_m,4.464380759817482
165.000,collisions,0
165.000,time_below_clearance_s,0.0
165.000,safety_zone_violations,0
165.000,min_ttc_s,8.948575237290093
165.000,avoid_success,5
165.000,avoid_timeout,0
165.000,q_convergence,2.137724106649293
165.000,update_residual,0.014910301979395302
165.000,investigation_deferred,0
165.000,nav_aborted,0
165.000,nav_canceled,0
165.000,nav_rejected,0
165.000,run_seed,7
166.000,anomalies_detected,0
166.000,anomalies_unique,0
166.000,investigation_timeouts,0
166.000,mission_duration_s,121.976
166.000,distance_traveled_m,25.683832419456834
166.000,route_deviations,6
166.000,investigation_time_s,0.0
166.000,hazard_avoidances,6
166.000,min_hazard_distance_m,4.452308160771184
166.000,collisions,0
166.000,time_below_clearance_s,0.0
166.000,safety_zone_violations,0
166.000,min_ttc_s,8.948575237290093
166.000,avoid_success,5
166.000,avoid_timeout,0
166.000,q_convergence,3.460420926425903
166.000,update_residual,0.005076051070119174
166.000,investigation_deferred,0
166.000,nav_aborted,0
166.000,nav_canceled,0
166.000,nav_rejected,0
166.000,run_seed,7
167.000,anomalies_detected,0
167.000,anomalies_unique,0
167.000,investigation_timeouts,0
167.000,mission_duration_s,122.976
167.000,distance_traveled_m,25.824462181323963
167.000,route_deviations,6
167.000,investigation_time_s,0.0
167.000,hazard_avoidances,6
167.000,min_hazard_distance_m,4.452308160771184
167.000,collisions,0
167.000,time_below_clearance_s,0.0
167.000,safety_zone_violations,0
167.000,min_ttc_s,8.948575237290093
167.000,avoid_success,5
167.000,avoid_timeout,0
167.000,q_convergence,3.623416671889126
167.000,update_residual,0.006093299868312892
167.000,investigation_deferred,0
167.000,nav_aborted,0
167.000,nav_canceled,0
167.000,nav_rejected,0
167.000,run_seed,7
168.000,anomalies_detected,0
168.000,anomalies_unique,0
168.000,investigation_timeouts,0
168.000,mission_duration_s,123.976
168.000,distance_traveled_m,26.069434893398927
168.000,route_deviations,6
168.000,investigation_time_s,0.0
168.000,hazard_avoidances,6
168.000,min_hazard_distance_m,4.452308160771184
168.000,collisions,0
168.000,time_below_clearance_s,0.0
168.000,safety_zone_violations,0
168.000,min_ttc_s,8.948575237290093
168.000,avoid_success,5
168.000,avoid_timeout,0
168.000,q_convergence,3.7284607760007527
168.000,update_residual,0.0014516280918322301
168.000,investigation_deferred,0
168.000,nav_aborted,0
168.000,nav_canceled,0
168.000,nav_rejected,0
168.000,run_seed,7
169.000,anomalies_detected,0
169.000,anomalies_unique,0
169.000,investigation_timeouts,0
169.000,mission_duration_s,124.976
169.000,distance_traveled_m,26.09922294895664
169.000,route_deviations,6
169.000,investigation_time_s,0.0
169.000,hazard_avoidances,6
169.000,min_hazard_distance_m,4.452308160771184
169.000,collisions,0
169.000,time_below_clearance_s,0.0
169.000,safety_zone_violations,0
169.000,min_ttc_s,8.948575237290093
169.000,avoid_success,5
169.000,avoid_timeout,0
169.000,q_convergence,3.742158060622367
169.000,update_residual,8.189962967074447e-05
169.000,investigation_deferred,0
169.000,nav_aborted,0
169.000,nav_canceled,0
169.000,nav_rejected,0
169.000,run_seed,7
170.000,anomalies_detected,0
170.000,anomalies_unique,0
170.000,investigation_timeouts,0
170.000,mission_duration_s,125.976
170.000,distance_traveled_m,26.28931074887103
170.000,route_deviations,6
170.000,investigation_time_s,0.0
170.000,hazard_avoidances,6
170.000,min_hazard_distance_m,4.452308160771184
170.000,collisions,0
170.000,time_below_clearance_s,0.0
170.000,safety_zone_violations,0
170.000,min_ttc_s,8.948575237290093
170.000,avoid_success,5
170.000,avoid_timeout,0
170.000,q_convergence,3.6104653060067236
170.000,update_residual,0.006826710918540131
170.000,investigation_deferred,0
170.000,nav_aborted,0
170.000,nav_canceled,0
170.000,nav_rejected,0
170.000,run_seed,7
171.000,anomalies_detected,0
171.000,anomalies_unique,0
171.000,investigation_timeouts,0
171.000,mission_duration_s,126.976
171.000,distance_traveled_m,26.54203032763563
171.000,route_deviations,6
171.000,investigation_time_s,0.0
171.000,hazard_avoidances,6
171.000,min_hazard_distance_m,4.452308160771184
171.000,collisions,0
171.000,time_below_clearance_s,0.0
171.000,safety_zone_violations,0
171.000,min_ttc_s,8.948575237290093
171.000,avoid_success,5
171.000,avoid_timeout,0
171.000,q_convergence,3.553313353544748
171.000,update_residual,0.000450983582321905
171.000,investigation_deferred,0
171.000,nav_aborted,0
171.000,nav_canceled,0
171.000,nav_rejected,0
171.000,run_seed,7
172.000,anomalies_detected,0
172.000,anomalies_unique,0
172.000,investigation_timeouts,0
172.000,mission_duration_s,127.976
172.000,distance_traveled_m,26.80411027484457
172.000,route_deviations,6
172.000,investigation_time_s,0.0
172.000,hazard_avoidances,6
172.000,min_hazard_distance_m,4.452308160771184
172.000,collisions,0
172.000,time_below_clearance_s,0.0
172.000,safety_zone_violations,0
172.000,min_ttc_s,8.948575237290093
172.000,avoid_success,5
172.000,avoid_timeout,0
172.000,q_convergence,3.2991529999584346
172.000,update_residual,0.019642091336241882
172.000,investigation_deferred,0
172.000,nav_aborted,0
172.000,nav_canceled,0
172.000,nav_rejected,0
172.000,run_seed,7
173.000,anomalies_detected,0
173.000,anomalies_unique,0
173.000,investigation_timeouts,0
173.000,mission_duration_s,128.976
173.000,distance_traveled_m,27.06619003472714
173.000,route_deviations,6
173.000,investigation_time_s,0.0
173.000,hazard_avoidances,6
173.000,min_hazard_distance_m,4.452308160771184
173.000,collisions,0
173.000,time_below_clearance_s,0.0
173.000,safety_zone_violations,0
173.000,min_ttc_s,8.948575237290093
173.000,avoid_success,5
173.000,avoid_timeout,0
173.000,q_convergence,3.3847855428789493
173.000,update_residual,0.004422044059847167
173.000,investigation_deferred,0
173.000,nav_aborted,0
173.000,nav_canceled,0
173.000,nav_rejected,0
173.000,run_seed,7
174.000,anomalies_detected,0
174.000,anomalies_unique,0
174.000,investigation_timeouts,0
174.000,mission_duration_s,129.976
174.000,distance_traveled_m,27.328269950904186
174.000,route_deviations,6
174.000,investigation_time_s,0.0
174.000,hazard_avoidances,6
174.000,min_hazard_distance_m,4.452308160771184
174.000,collisions,0
174.000,time_below_clearance_s,0.0
174.000,safety_zone_violations,0
174.000,min_ttc_s,8.948575237290093
174.000,avoid_success,5
174.000,avoid_timeout,0
174.000,q_convergence,3.086423842894398
174.000,update_residual,0.017176875693858926
174.000,investigation_deferred,0
174.000,nav_aborted,0
174.000,nav_canceled,0
174.000,nav_rejected,0
174.000,run_seed,7
175.000,anomalies_detected,0
175.000,anomalies_unique,0
175.000,investigation_timeouts,0
175.000,mission_duration_s,130.976
175.000,distance_traveled_m,27.587952004010052
175.000,route_deviations,6
175.000,investigation_time_s,0.0
175.000,hazard_avoidances,6
175.000,min_hazard_distance_m,4.452308160771184
175.000,collisions,0
175.000,time_below_clearance_s,0.0
175.000,safety_zone_violations,0
175.000,min_ttc_s,8.948575237290093
175.000,avoid_success,5
175.000,avoid_timeout,0
175.000,q_convergence,2.0665585368369097
175.000,update_residual,0.044402391770486674
175.000,investigation_deferred,0
175.000,nav_aborted,0
175.000,nav_canceled,0
175.000,nav_rejected,0
175.000,run_seed,7
176.000,anomalies_detected,0
176.000,anomalies_unique,0
176.000,investigation_timeouts,0
176.000,mission_duration_s,131.976
176.000,distance_traveled_m,27.66202045026985
176.000,route_deviations,6
176.000,investigation_time_s,0.0
176.000,hazard_avoidances,6
176.000,min_hazard_distance_m,4.452308160771184
176.000,collisions,0
176.000,time_below_clearance_s,0.0
176.000,safety_zone_violations,0
176.000,min_ttc_s,8.948575237290093
176.000,avoid_success,6
176.000,avoid_timeout,0
176.000,q_convergence,2.1759802797736056
176.000,update_residual,0.007578236868553101
176.000,investigation_deferred,0
176.000,nav_aborted,0
176.000,nav_canceled,0
176.000,nav_rejected,0
176.000,run_seed,7
177.000,anomalies_detected,0
177.000,anomalies_unique,0
177.000,investigation_timeouts,0
177.000,mission_duration_s,132.976
177.000,distance_traveled_m,27.754735791674015
177.000,route_deviations,6
177.000,investigation_time_s,0.0
177.000,hazard_avoidances,6
177.000,min_hazard_distance_m,4.452308160771184
177.000,collisions,0
177.000,time_below_clearance_s,0.0
177.000,safety_zone_violations,0
177.000,min_ttc_s,8.948575237290093
177.000,avoid_success,6
177.000,avoid_timeout,0
177.000,q_convergence,2.1052869667604783
177.000,update_residual,5.51332842592575e-05
177.000,investigation_deferred,0
177.000,nav_aborted,0
177.000,nav_canceled,0
177.000,nav_rejected,0
177.000,run_seed,7
178.000,anomalies_detected,0
178.000,anomalies_unique,0
178.000,investigation_timeouts,0
178.000,mission_duration_s,133.976
178.000,distance_traveled_m,27.976500589177718
178.000,route_deviations,6
178.000,investigation_time_s,0.0
178.000,hazard_avoidances,6
178.000,min_hazard_distance_m,4.452308160771184
178.000,collisions,0
178.000,time_below_clearance_s,0.0
178.000,safety_zone_violations,0
178.000,min_ttc_s,8.948575237290093
178.000,avoid_success,6
178.000,avoid_timeout,0
178.000,q_convergence,1.7955559701785668
178.000,update_residual,0.0005593415515955955
178.000,investigation_deferred,0
178.000,nav_aborted,0
178.000,nav_canceled,0
178.000,nav_rejected,0
178.000,run_seed,7
179.000,anomalies_detected,0
179.000,anomalies_unique,0
179.000,investigation_timeouts,0
179.000,mission_duration_s,134.976
179.000,distance_traveled_m,28.077651993368807
179.000,route_deviations,6
179.000,investigation_time_s,0.0
179.000,hazard_avoidances,6
179.000,min_hazard_distance_m,4.452308160771184
179.000,collisions,0
179.000,time_below_clearance_s,0.0
179.000,safety_zone_violations,0
179.000,min_ttc_s,8.948575237290093
179.000,avoid_success,6
179.000,avoid_timeout,0
179.000,q_convergence,1.7955559701785668
179.000,update_residual,0.0005593415515955955
179.000,investigation_deferred,0
179.000,nav_aborted,0
179.000,nav_canceled,0
179.000,nav_rejected,0
179.000,run_seed,7
180.000,anomalies_detected,0
180.000,anomalies_unique,0
180.000,investigation_timeouts,0
180.000,mission_duration_s,135.976
180.000,distance_traveled_m,28.216608635175696
180.000,route_deviations,6
180.000,investigation_time_s,0.0
180.000,hazard_avoidances,6
180.000,min_hazard_distance_m,4.452308160771184
180.000,collisions,0
180.000,time_below_clearance_s,0.0
180.000,safety_zone_violations,0
180.000,min_ttc_s,8.948575237290093
180.000,avoid_success,6
180.000,avoid_timeout,0
180.000,q_convergence,1.750870386256911
180.000,update_residual,0.022940221479369218
180.000,investigation_deferred,0
180.000,nav_aborted,0
180.000,nav_canceled,0
180.000,nav_rejected,0
180.000,run_seed,7
181.000,anomalies_detected,0
181.000,anomalies_unique,0
181.000,investigation_timeouts,0
181.000,mission_duration_s,136.976
181.000,distance_traveled_m,28.4786871571415
181.000,route_deviations,6
181.000,investigation_time_s,0.0
181.000,hazard_avoidances,6
181.000,min_hazard_distance_m,4.452308160771184
181.000,collisions,0
181.000,time_below_clearance_s,0.0
181.000,safety_zone_violations,0
181.000,min_ttc_s,8.948575237290093
181.000,avoid_success,6
181.000,avoid_timeout,0
181.000,q_convergence,1.3852327598461012
181.000,update_residual,0.009198481410236497
181.000,investigation_deferred,0
181.000,nav_aborted,0
181.000,nav_canceled,0
181.000,nav_rejected,0
181.000,run_seed,7
182.000,anomalies_detected,0
182.000,anomalies_unique,0
182.000,investigation_timeouts,0
182.000,mission_duration_s,137.976
182.000,distance_traveled_m,28.740767151684135
182.000,route_deviations,6
182.000,investigation_time_s,0.0
182.000,hazard_avoidances,6
182.000,min_hazard_distance_m,4.452308160771184
182.000,collisions,0
182.000,time_below_clearance_s,0.0
182.000,safety_zone_violations,0
182.000,min_ttc_s,8.948575237290093
182.000,avoid_success,6
182.000,avoid_timeout,0
182.000,q_convergence,1.2984376511873743
182.000,update_residual,0.0005189705443638204
182.000,investigation_deferred,0
182.000,nav_aborted,0
182.000,nav_canceled,0
182.000,nav_rejected,0
182.000,run_seed,7
183.000,anomalies_detected,0
183.000,anomalies_unique,0
183.000,investigation_timeouts,0
183.000,mission_duration_s,138.976
183.000,distance_traveled_m,29.00284714436785
183.000,route_deviations,6
183.000,investigation_time_s,0.0
183.000,hazard_avoidances,6
183.000,min_hazard_distance_m,4.452308160771184
183.000,collisions,0
183.000,time_below_clearance_s,0.0
183.000,safety_zone_violations,0
183.000,min_ttc_s,8.948575237290093
183.000,avoid_success,6
183.000,avoid_timeout,0
183.000,q_convergence,1.0130078980654713
183.000,update_residual,0.012100628108685882
183.000,investigation_deferred,0
183.000,nav_aborted,0
183.000,nav_canceled,0
183.000,nav_rejected,0
183.000,run_seed,7
184.000,anomalies_detected,0
184.000,anomalies_unique,0
184.000,investigation_timeouts,0
184.000,mission_duration_s,139.976
184.000,distance_traveled_m,29.264927142866966
184.000,route_deviations,6
184.000,investigation_time_s,0.0
184.000,hazard_avoidances,6
184.000,min_hazard_distance_m,4.452308160771184
184.000,collisions,0
184.000,time_below_clearance_s,0.0
184.000,safety_zone_violations,0
184.000,min_ttc_s,8.948575237290093
184.000,avoid_success,6
184.000,avoid_timeout,0
184.000,q_convergence,1.0599772635225053
184.000,update_residual,0.003928349035967015
184.000,investigation_deferred,0
184.000,nav_aborted,0
184.000,nav_canceled,0
184.000,nav_rejected,0
184.000,run_seed,7
185.000,anomalies_detected,0
185.000,anomalies_unique,0
185.000,investigation_timeouts,0
185.000,mission_duration_s,140.976
185.000,distance_traveled_m,29.455830901239118
185.000,route_deviations,7
185.000,investigation_time_s,0.0
185.000,hazard_avoidances,7
185.000,min_hazard_distance_m,4.452308160771184
185.000,collisions,0
185.000,time_below_clearance_s,0.0
185.000,safety_zone_violations,0
185.000,min_ttc_s,8.948575237290093
185.000,avoid_success,6
185.000,avoid_timeout,0
185.000,q_convergence,2.21004915770108
185.000,update_residual,0.021011830623880807
185.000,investigation_deferred,0
185.000,nav_aborted,0
185.000,nav_canceled,0
185.000,nav_rejected,0
185.000,run_seed,7
186.000,anomalies_detected,0
186.000,anomalies_unique,0
186.000,investigation_timeouts,0
186.000,mission_duration_s,141.976
186.000,distance_traveled_m,29.57763585877202
186.000,route_deviations,7
186.000,investigation_time_s,0.0
186.000,hazard_avoidances,7
186.000,min_hazard_distance_m,4.452308160771184
186.000,collisions,0
186.000,time_below_clearance_s,0.0
186.000,safety_zone_violations,0
186.000,min_ttc_s,8.948575237290093
186.000,avoid_success,6
186.000,avoid_timeout,0
186.000,q_convergence,3.46848691157341
186.000,update_residual,0.004718026750080963
186.000,investigation_deferred,0
186.000,nav_aborted,0
186.000,nav_canceled,0
186.000,nav_rejected,0
186.000,run_seed,7
187.000,anomalies_detected,0
187.000,anomalies_unique,0
187.000,investigation_timeouts,0
187.000,mission_duration_s,142.976
187.000,distance_traveled_m,29.824242229372647
187.000,route_deviations,7
187.000,investigation_time_s,0.0
187.000,hazard_avoidances,7
187.000,min_hazard_distance_m,4.452308160771184
187.000,collisions,0
187.000,time_below_clearance_s,0.0
187.000,safety_zone_violations,0
187.000,min_ttc_s,8.948575237290093
187.000,avoid_success,6
187.000,avoid_timeout,0
187.000,q_convergence,3.5776831667570055
187.000,update_residual,0.0023280437556484446
187.000,investigation_deferred,0
187.000,nav_aborted,0
187.000,nav_canceled,0
187.000,nav_rejected,0
187.000,run_seed,7
188.000,anomalies_detected,0
188.000,anomalies_unique,0
188.000,investigation_timeouts,0
188.000,mission_duration_s,143.976
188.000,distance_traveled_m,29.86011172294626
188.000,route_deviations,7
188.000,investigation_time_s,0.0
188.000,hazard_avoidances,7
188.000,min_hazard_distance_m,4.452308160771184
188.000,collisions,0
188.000,time_below_clearance_s,0.0
188.000,safety_zone_violations,0
188.000,min_ttc_s,8.948575237290093
188.000,avoid_success,6
188.000,avoid_timeout,0
188.000,q_convergence,3.549572278930874
188.000,update_residual,0.0024450396386591793
188.000,investigation_deferred,0
188.000,nav_aborted,0
188.000,nav_canceled,0
188.000,nav_rejected,0
188.000,run_seed,7
189.000,anomalies_detected,0
189.000,anomalies_unique,0
189.000,investigation_timeouts,0
189.000,mission_duration_s,144.976
189.000,distance_traveled_m,30.06772142538904
189.000,route_deviations,7
189.000,investigation_time_s,0.0
189.000,hazard_avoidances,7
189.000,min_hazard_distance_m,4.452308160771184
189.000,collisions,0
189.000,time_below_clearance_s,0.0
189.000,safety_zone_violations,0
189.000,min_ttc_s,8.948575237290093
189.000,avoid_success,6
189.000,avoid_timeout,0
189.000,q_convergence,3.453137853483603
189.000,update_residual,0.003876170730140246
189.000,investigation_deferred,0
189.000,nav_aborted,0
189.000,nav_canceled,0
189.000,nav_rejected,0
189.000,run_seed,7
190.000,anomalies_detected,0
190.000,anomalies_unique,0
190.000,investigation_timeouts,0
190.000,mission_duration_s,145.976
190.000,distance_traveled_m,30.329800628284165
190.000,route_deviations,7
190.000,investigation_time_s,0.0
190.000,hazard_avoidances,7
190.000,min_hazard_distance_m,4.452308160771184
190.000,collisions,0
190.000,time_below_clearance_s,0.0
190.000,safety_zone_violations,0
190.000,min_ttc_s,8.948575237290093
190.000,avoid_success,6
190.000,avoid_timeout,0
190.000,q_convergence,3.289330400953289
190.000,update_residual,0.012741214860528607
190.000,investigation_deferred,0
190.000,nav_aborted,0
190.000,nav_canceled,0
190.000,nav_rejected,0
190.000,run_seed,7
191.000,anomalies_detected,0
191.000,anomalies_unique,0
191.000,investigation_timeouts,0
191.000,mission_duration_s,146.976
191.000,distance_traveled_m,30.591880474760817
191.000,route_deviations,7
191.000,investigation_time_s,0.0
191.000,hazard_avoidances,7
191.000,min_hazard_distance_m,4.452308160771184
191.000,collisions,0
191.000,time_below_clearance_s,0.0
191.000,safety_zone_violations,0
191.000,min_ttc_s,8.948575237290093
191.000,avoid_success,6
191.000,avoid_timeout,0
191.000,q_convergence,3.34999396770104
191.000,update_residual,0.006090000428493108
191.000,investigation_deferred,0
191.000,nav_aborted,0
191.000,nav_canceled,0
191.000,nav_rejected,0
191.000,run_seed,7
192.000,anomalies_detected,0
192.000,anomalies_unique,0
192.000,investigation_timeouts,0
192.000,mission_duration_s,147.976
192.000,distance_traveled_m,30.853960372957516
192.000,route_deviations,7
192.000,investigation_time_s,0.0
192.000,hazard_avoidances,7
192.000,min_hazard_distance_m,4.452308160771184
192.000,collisions,0
192.000,time_below_clearance_s,0.0
192.000,safety_zone_violations,0
192.000,min_ttc_s,8.948575237290093
192.000,avoid_success,6
192.000,avoid_timeout,0
192.000,q_convergence,3.069236205484654
192.000,update_residual,0.016997632929657766
192.000,investigation_deferred,0
192.000,nav_aborted,0
192.000,nav_canceled,0
192.000,nav_rejected,0
192.000,run_seed,7
193.000,anomalies_detected,0
193.000,anomalies_unique,0
193.000,investigation_timeouts,0
193.000,mission_duration_s,148.976
193.000,distance_traveled_m,31.11555513714369
193.000,route_deviations,7
193.000,investigation_time_s,0.0
193.000,hazard_avoidances,7
193.000,min_hazard_distance_m,4.452308160771184
193.000,collisions,0
193.000,time_below_clearance_s,0.0
193.000,safety_zone_violations,0
193.000,min_ttc_s,8.948575237290093
193.000,avoid_success,6
193.000,avoid_timeout,0
193.000,q_convergence,2.9081555471488807
193.000,update_residual,0.0008895670960804292
193.000,investigation_deferred,0
193.000,nav_aborted,0
193.000,nav_canceled,0
193.000,nav_rejected,0
193.000,run_seed,7
194.000,anomalies_detected,0
194.000,anomalies_unique,0
194.000,investigation_timeouts,0
194.000,mission_duration_s,149.976
194.000,distance_traveled_m,31.22724386358417
194.000,route_deviations,7
194.000,investigation_time_s,0.0
194.000,hazard_avoidances,7
194.000,min_hazard_distance_m,4.452308160771184
194.000,collisions,0
194.000,time_below_clearance_s,0.0
194.000,safety_zone_violations,0
194.000,min_ttc_s,8.948575237290093
194.000,avoid_success,7
194.000,avoid_timeout,0
194.000,q_convergence,1.9647908602497333
194.000,update_residual,0.0530741785776606
194.000,investigation_deferred,0
194.000,nav_aborted,0
194.000,nav_canceled,0
194.000,nav_rejected,0
194.000,run_seed,7
195.000,anomalies_detected,0
195.000,anomalies_unique,0
195.000,investigation_timeouts,0
195.000,mission_duration_s,150.976
195.000,distance_traveled_m,31.321353574123567
195.000,route_deviations,7
195.000,investigation_time_s,0.0
195.000,hazard_avoidances,7
195.000,min_hazard_distance_m,4.452308160771184
195.000,collisions,0
195.000,time_below_clearance_s,0.0
195.000,safety_zone_violations,0
195.000,min_ttc_s,8.948575237290093
195.000,avoid_success,7
195.000,avoid_timeout,0
195.000,q_convergence,2.163941230834616
195.000,update_residual,0.006922597028873156
195.000,investigation_deferred,0
195.000,nav_aborted,0
195.000,nav_canceled,0
195.000,nav_rejected,0
195.000,run_seed,7
196.000,anomalies_detected,0
196.000,anomalies_unique,0
196.000,investigation_timeouts,0
196.000,mission_duration_s,151.976
196.000,distance_traveled_m,31.541962545930797
196.000,route_deviations,7
196.000,investigation_time_s,0.0
196.000,hazard_avoidances,7
196.000,min_hazard_distance_m,4.452308160771184
196.000,collisions,0
196.000,time_below_clearance_s,0.0
196.000,safety_zone_violations,0
196.000,min_ttc_s,8.948575237290093
196.000,avoid_success,7
196.000,avoid_timeout,0
196.000,q_convergence,2.098620931262887
196.000,update_residual,0.00039056707170028696
196.000,investigation_deferred,0
196.000,nav_aborted,0
196.000,nav_canceled,0
196.000,nav_rejected,0
196.000,run_seed,7
197.000,anomalies_detected,0
197.000,anomalies_unique,0
197.000,investigation_timeouts,0
197.000,mission_duration_s,152.976
197.000,distance_traveled_m,31.651938914801043
197.000,route_deviations,7
197.000,investigation_time_s,0.0
197.000,hazard_avoidances,7
197.000,min_hazard_distance_m,4.452308160771184
197.000,collisions,0
197.000,time_below_clearance_s,0.0
197.000,safety_zone_violations,0
197.000,min_ttc_s,8.948575237290093
197.000,avoid_success,7
197.000,avoid_timeout,0
197.000,q_convergence,1.887056418452153
197.000,update_residual,0.01065484469881515
197.000,investigation_deferred,0
197.000,nav_aborted,0
197.000,nav_canceled,0
197.000,nav_rejected,0
197.000,run_seed,7
198.000,anomalies_detected,0
198.000,anomalies_unique,0
198.000,investigation_timeouts,0
198.000,mission_duration_s,153.976
198.000,distance_traveled_m,31.789187883676657
198.000,route_deviations,7
198.000,investigation_time_s,0.0
198.000,hazard_avoidances,7
198.000,min_hazard_distance_m,4.452308160771184
198.000,collisions,0
198.000,time_below_clearance_s,0.0
198.000,safety_zone_violations,0
198.000,min_ttc_s,8.948575237290093
198.000,avoid_success,7
198.000,avoid_timeout,0
198.000,q_convergence,1.9175811423058156
198.000,update_residual,0.013707317084181348
198.000,investigation_deferred,0
198.000,nav_aborted,0
198.000,nav_canceled,0
198.000,nav_rejected,0
198.000,run_seed,7
199.000,anomalies_detected,0
199.000,anomalies_unique,0
199.000,investigation_timeouts,0
199.000,mission_duration_s,154.976
199.000,distance_traveled_m,32.05126633961373
199.000,route_deviations,7
199.000,investigation_time_s,0.0
199.000,hazard_avoidances,7
199.000,min_hazard_distance_m,4.452308160771184
199.000,collisions,0
199.000,time_below_clearance_s,0.0
199.000,safety_zone_violations,0
199.000,min_ttc_s,8.948575237290093
199.000,avoid_success,7
199.000,avoid_timeout,0
199.000,q_convergence,1.6139906167665574
199.000,update_residual,0.01005588410221563
199.000,investigation_deferred,0
199.000,nav_aborted,0
199.000,nav_canceled,0
199.000,nav_rejected,0
199.000,run_seed,7
200.000,anomalies_detected,0
200.000,anomalies_unique,0
200.000,investigation_timeouts,0
200.000,mission_duration_s,155.976
200.000,distance_traveled_m,32.31334633338832
200.000,route_deviations,7
200.000,investigation_time_s,0.0
200.000,hazard_avoidances,7
200.000,min_hazard_distance_m,4.452308160771184
200.000,collisions,0
200.000,time_below_clearance_s,0.0
200.000,safety_zone_violations,0
200.000,min_ttc_s,8.948575237290093
200.000,avoid_success,7
200.000,avoid_timeout,0
200.000,q_convergence,1.368924026425583
200.000,update_residual,0.00825070170428414
200.000,investigation_deferred,0
200.000,nav_aborted,0
200.000,nav_canceled,0
200.000,nav_rejected,0
200.000,run_seed,7
201.000,anomalies_detected,0
201.000,anomalies_unique,0
201.000,investigation_timeouts,0
201.000,mission_duration_s,156.976
201.000,distance_traveled_m,32.575426324481775
201.000,route_deviations,7
201.000,investigation_time_s,0.0
201.000,hazard_avoidances,7
201.000,min_hazard_distance_m,4.452308160771184
201.000,collisions,0
201.000,time_below_clearance_s,0.0
201.000,safety_zone_violations,0
201.000,min_ttc_s,8.948575237290093
201.000,avoid_success,7
201.000,avoid_timeout,0
201.000,q_convergence,1.072818243363452
201.000,update_residual,0.003533054314127966
201.000,investigation_deferred,0
201.000,nav_aborted,0
201.000,nav_canceled,0
201.000,nav_rejected,0
201.000,run_seed,7
202.000,anomalies_detected,0
202.000,anomalies_unique,0
202.000,investigation_timeouts,0
202.000,mission_duration_s,157.976
202.000,distance_traveled_m,32.83750632271052
202.000,route_deviations,7
202.000,investigation_time_s,0.0
202.000,hazard_avoidances,7
202.000,min_hazard_distance_m,4.452308160771184
202.000,collisions,0
202.000,time_below_clearance_s,0.0
202.000,safety_zone_violations,0
202.000,min_ttc_s,8.948575237290093
202.000,avoid_success,7
202.000,avoid_timeout,0
202.000,q_convergence,1.0918171853760945
202.000,update_residual,0.00016372725992356573
202.000,investigation_deferred,0
202.000,nav_aborted,0
202.000,nav_canceled,0
202.000,nav_rejected,0
202.000,run_seed,7
203.000,anomalies_detected,0
203.000,anomalies_unique,0
203.000,investigation_timeouts,0
203.000,mission_duration_s,158.976
203.000,distance_traveled_m,33.026364761722895
203.000,route_deviations,8
203.000,investigation_time_s,0.0
203.000,hazard_avoidances,8
203.000,min_hazard_distance_m,4.452308160771184
203.000,collisions,0
203.000,time_below_clearance_s,0.0
203.000,safety_zone_violations,0
203.000,min_ttc_s,8.948575237290093
203.000,avoid_success,7
203.000,avoid_timeout,0
203.000,q_convergence,2.191424954632749
203.000,update_residual,0.01932655482375817
203.000,investigation_deferred,0
203.000,nav_aborted,0
203.000,nav_canceled,0
203.000,nav_rejected,0
203.000,run_seed,7
204.000,anomalies_detected,0
204.000,anomalies_unique,0
204.000,investigation_timeouts,0
204.000,mission_duration_s,159.976
204.000,distance_traveled_m,33.14865521087947
204.000,route_deviations,8
204.000,investigation_time_s,0.0
204.000,hazard_avoidances,8
204.000,min_hazard_distance_m,4.452308160771184
204.000,collisions,0
204.000,time_below_clearance_s,0.0
204.000,safety_zone_violations,0
204.000,min_ttc_s,8.948575237290093
204.000,avoid_success,7
204.000,avoid_timeout,0
204.000,q_convergence,3.4605398835164363
204.000,update_residual,0.005044767125522812
204.000,investigation_deferred,0
204.000,nav_aborted,0
204.000,nav_canceled,0
204.000,nav_rejected,0
204.000,run_seed,7
205.000,anomalies_detected,0
205.000,anomalies_unique,0
205.000,investigation_timeouts,0
205.000,mission_duration_s,160.976
205.000,distance_traveled_m,33.390384576879555
205.000,route_deviations,8
205.000,investigation_time_s,0.0
205.000,hazard_avoidances,8
205.000,min_hazard_distance_m,4.452308160771184
205.000,collisions,0
205.000,time_below_clearance_s,0.0
205.000,safety_zone_violations,0
205.000,min_ttc_s,8.948575237290093
205.000,avoid_success,7
205.000,avoid_timeout,0
205.000,q_convergence,3.574172418992885
205.000,update_residual,0.002374002157101001
205.000,investigation_deferred,0
205.000,nav_aborted,0
205.000,nav_canceled,0
205.000,nav_rejected,0
205.000,run_seed,7
206.000,anomalies_detected,0
206.000,anomalies_unique,0
206.000,investigation_timeouts,0
206.000,mission_duration_s,161.976
206.000,distance_traveled_m,33.426168091321074
206.000,route_deviations,8
206.000,investigation_time_s,0.0
206.000,hazard_avoidances,8
206.000,min_hazard_distance_m,4.452308160771184
206.000,collisions,0
206.000,time_below_clearance_s,0.0
206.000,safety_zone_violations,0
206.000,min_ttc_s,8.948575237290093
206.000,avoid_success,7
206.000,avoid_timeout,0
206.000,q_convergence,3.546406340548128
206.000,update_residual,0.0024472758279799295
206.000,investigation_deferred,0
206.000,nav_aborted,0
206.000,nav_canceled,0
206.000,nav_rejected,0
206.000,run_seed,7
207.000,anomalies_detected,0
207.000,anomalies_unique,0
207.000,investigation_timeouts,0
207.000,mission_duration_s,162.976
207.000,distance_traveled_m,33.63949432635763
207.000,route_deviations,8
207.000,investigation_time_s,0.0
207.000,hazard_avoidances,8
207.000,min_hazard_distance_m,4.452308160771184
207.000,collisions,0
207.000,time_below_clearance_s,0.0
207.000,safety_zone_violations,0
207.000,min_ttc_s,8.948575237290093
207.000,avoid_success,7
207.000,avoid_timeout,0
207.000,q_convergence,3.4529864095451615
207.000,update_residual,0.0037209802977967383
207.000,investigation_deferred,0
207.000,nav_aborted,0
207.000,nav_canceled,0
207.000,nav_rejected,0
207.000,run_seed,7
208.000,anomalies_detected,0
208.000,anomalies_unique,0
208.000,investigation_timeouts,0
208.000,mission_duration_s,163.976
208.000,distance_traveled_m,33.90157364500165
208.000,route_deviations,8
208.000,investigation_time_s,0.0
208.000,hazard_avoidances,8
208.000,min_hazard_distance_m,4.452308160771184
208.000,collisions,0
208.000,time_below_clearance_s,0.0
208.000,safety_zone_violations,0
208.000,min_ttc_s,8.948575237290093
208.000,avoid_success,7
208.000,avoid_timeout,0
208.000,q_convergence,3.2755051724003064
208.000,update_residual,0.014374370496632328
208.000,investigation_deferred,0
208.000,nav_aborted,0
208.000,nav_canceled,0
208.000,nav_rejected,0
208.000,run_seed,7
209.000,anomalies_detected,0
209.000,anomalies_unique,0
209.000,investigation_timeouts,0
209.000,mission_duration_s,164.976
209.000,distance_traveled_m,34.16365348644608
209.000,route_deviations,8
209.000,investigation_time_s,0.0
209.000,hazard_avoidances,8
209.000,min_hazard_distance_m,4.452308160771184
209.000,collisions,0
209.000,time_below_clearance_s,0.0
209.000,safety_zone_violations,0
209.000,min_ttc_s,8.948575237290093
209.000,avoid_success,7
209.000,avoid_timeout,0
209.000,q_convergence,3.017474922211659
209.000,update_residual,0.01140648066295437
209.000,investigation_deferred,0
209.000,nav_aborted,0
209.000,nav_canceled,0
209.000,nav_rejected,0
209.000,run_seed,7
210.000,anomalies_detected,0
210.000,anomalies_unique,0
210.000,investigation_timeouts,0
210.000,mission_duration_s,165.976
210.000,distance_traveled_m,34.42573337033149
210.000,route_deviations,8
210.000,investigation_time_s,0.0
210.000,hazard_avoidances,8
210.000,min_hazard_distance_m,4.452308160771184
210.000,collisions,0
210.000,time_below_clearance_s,0.0
210.000,safety_zone_violations,0
210.000,min_ttc_s,8.948575237290093
210.000,avoid_success,7
210.000,avoid_timeout,0
210.000,q_convergence,2.909379670238245
210.000,update_residual,0.0005969554656129809
210.000,investigation_deferred,0
210.000,nav_aborted,0
210.000,nav_canceled,0
210.000,nav_rejected,0
210.000,run_seed,7
211.000,anomalies_detected,0
211.000,anomalies_unique,0
211.000,investigation_timeouts,0
211.000,mission_duration_s,166.976
211.000,distance_traveled_m,34.6871410520758
211.000,route_deviations,8
211.000,investigation_time_s,0.0
211.000,hazard_avoidances,8
211.000,min_hazard_distance_m,4.452308160771184
211.000,collisions,0
211.000,time_below_clearance_s,0.0
211.000,safety_zone_violations,0
211.000,min_ttc_s,8.948575237290093
211.000,avoid_success,7
211.000,avoid_timeout,0
211.000,q_convergence,2.083436128415007
211.000,update_residual,0.04156363690228332
211.000,investigation_deferred,0
211.000,nav_aborted,0
211.000,nav_canceled,0
211.000,nav_rejected,0
211.000,run_seed,7
212.000,anomalies_detected,0
212.000,anomalies_unique,0
212.000,investigation_timeouts,0
212.000,mission_duration_s,167.976
212.000,distance_traveled_m,34.79230173267191
212.000,route_deviations,8
212.000,investigation_time_s,0.0
212.000,hazard_avoidances,8
212.000,min_hazard_distance_m,4.452308160771184
212.000,collisions,0
212.000,time_below_clearance_s,0.0
212.000,safety_zone_violations,0
212.000,min_ttc_s,8.948575237290093
212.000,avoid_success,8
212.000,avoid_timeout,0
212.000,q_convergence,2.0977956960280304
212.000,update_residual,0.016574819279136063
212.000,investigation_deferred,0
212.000,nav_aborted,0
212.000,nav_canceled,0
212.000,nav_rejected,0
212.000,run_seed,7
213.000,anomalies_detected,0
213.000,anomalies_unique,0
213.000,investigation_timeouts,0
213.000,mission_duration_s,168.976
213.000,distance_traveled_m,34.883657399691266
213.000,route_deviations,8
213.000,investigation_time_s,0.0
213.000,hazard_avoidances,8
213.000,min_hazard_distance_m,4.452308160771184
213.000,collisions,0
213.000,time_below_clearance_s,0.0
213.000,safety_zone_violations,0
213.000,min_ttc_s,8.948575237290093
213.000,avoid_success,8
213.000,avoid_timeout,0
213.000,q_convergence,2.0737149618858157
213.000,update_residual,0.0023998846622262145
213.000,investigation_deferred,0
213.000,nav_aborted,0
213.000,nav_canceled,0
213.000,nav_rejected,0
213.000,run_seed,7
214.000,anomalies_detected,0
214.000,anomalies_unique,0
214.000,investigation_timeouts,0
214.000,mission_duration_s,169.976
214.000,distance_traveled_m,35.10594224767567
214.000,route_deviations,8
214.000,investigation_time_s,0.0
214.000,hazard_avoidances,8
214.000,min_hazard_distance_m,4.452308160771184
214.000,collisions,0
214.000,time_below_clearance_s,0.0
214.000,safety_zone_violations,0
214.000,min_ttc_s,8.948575237290093
214.000,avoid_success,8
214.000,avoid_timeout,0
214.000,q_convergence,1.8881990168556353
214.000,update_residual,0.010514227962376879
214.000,investigation_deferred,0
214.000,nav_aborted,0
214.000,nav_canceled,0
214.000,nav_rejected,0
214.000,run_seed,7
215.000,anomalies_detected,0
215.000,anomalies_unique,0
215.000,investigation_timeouts,0
215.000,mission_duration_s,170.976
215.000,distance_traveled_m,35.21987437934895
215.000,route_deviations,8
215.000,investigation_time_s,0.0
215.000,hazard_avoidances,8
215.000,min_hazard_distance_m,4.452308160771184
215.000,collisions,0
215.000,time_below_clearance_s,0.0
215.000,safety_zone_violations,0
215.000,min_ttc_s,8.948575237290093
215.000,avoid_success,8
215.000,avoid_timeout,0
215.000,q_convergence,1.6116226560857438
215.000,update_residual,0.009602442943865702
215.000,investigation_deferred,0
215.000,nav_aborted,0
215.000,nav_canceled,0
215.000,nav_rejected,0
215.000,run_seed,7
216.000,anomalies_detected,0
216.000,anomalies_unique,0
216.000,investigation_timeouts,0
216.000,mission_duration_s,171.976
216.000,distance_traveled_m,35.36207633082031
216.000,route_deviations,8
216.000,investigation_time_s,0.0
216.000,hazard_avoidances,8
216.000,min_hazard_distance_m,4.452308160771184
216.000,collisions,0
216.000,time_below_clearance_s,0.0
216.000,safety_zone_violations,0
216.000,min_ttc_s,8.948575237290093
216.000,avoid_success,8
216.000,avoid_timeout,0
216.000,q_convergence,1.5855277988363359
216.000,update_residual,0.029726930618631252
216.000,investigation_deferred,0
216.000,nav_aborted,0
216.000,nav_canceled,0
216.000,nav_rejected,0
216.000,run_seed,7
217.000,anomalies_detected,0
217.000,anomalies_unique,0
217.000,investigation_timeouts,0
217.000,mission_duration_s,172.976
217.000,distance_traveled_m,35.62415463833342
217.000,route_deviations,8
217.000,investigation_time_s,0.0
217.000,hazard_avoidances,8
217.000,min_hazard_distance_m,4.452308160771184
217.000,collisions,0
217.000,time_below_clearance_s,0.0
217.000,safety_zone_violations,0
217.000,min_ttc_s,8.948575237290093
217.000,avoid_success,8
217.000,avoid_timeout,0
217.000,q_convergence,1.3042932176009734
217.000,update_residual,0.0016034724950950235
217.000,investigation_deferred,0
217.000,nav_aborted,0
217.000,nav_canceled,0
217.000,nav_rejected,0
217.000,run_seed,7
218.000,anomalies_detected,0
218.000,anomalies_unique,0
218.000,investigation_timeouts,0
218.000,mission_duration_s,173.976
218.000,distance_traveled_m,35.88623463121944
218.000,route_deviations,8
218.000,investigation_time_s,0.0
218.000,hazard_avoidances,8
218.000,min_hazard_distance_m,4.452308160771184
218.000,collisions,0
218.000,time_below_clearance_s,0.0
218.000,safety_zone_violations,0
218.000,min_ttc_s,8.948575237290093
218.000,avoid_success,8
218.000,avoid_timeout,0
218.000,q_convergence,1.0700338071785345
218.000,update_residual,0.0038984237478751674
218.000,investigation_deferred,0
218.000,nav_aborted,0
218.000,nav_canceled,0
218.000,nav_rejected,0
218.000,run_seed,7
219.000,anomalies_detected,0
219.000,anomalies_unique,0
219.000,investigation_timeouts,0
219.000,mission_duration_s,174.976
219.000,distance_traveled_m,36.14831462386644
219.000,route_deviations,8
219.000,investigation_time_s,0.0
219.000,hazard_avoidances,8
219.000,min_hazard_distance_m,4.452308160771184
219.000,collisions,0
219.000,time_below_clearance_s,0.0
219.000,safety_zone_violations,0
219.000,min_ttc_s,8.948575237290093
219.000,avoid_success,8
219.000,avoid_timeout,0
219.000,q_convergence,1.0101931719134503
219.000,update_residual,0.007942641097380831
219.000,investigation_deferred,0
219.000,nav_aborted,0
219.000,nav_canceled,0
219.000,nav_rejected,0
219.000,run_seed,7
220.000,anomalies_detected,0
220.000,anomalies_unique,0
220.000,investigation_timeouts,0
220.000,mission_duration_s,175.976
220.000,distance_traveled_m,36.410394622456316
220.000,route_deviations,8
220.000,investigation_time_s,0.0
220.000,hazard_avoidances,8
220.000,min_hazard_distance_m,4.452308160771184
220.000,collisions,0
220.000,time_below_clearance_s,0.0
220.000,safety_zone_violations,0
220.000,min_ttc_s,8.948575237290093
220.000,avoid_success,8
220.000,avoid_timeout,0
220.000,q_convergence,0.9893075915622356
220.000,update_residual,0.00585408306225936
220.000,investigation_deferred,0
220.000,nav_aborted,0
220.000,nav_canceled,0
220.000,nav_rejected,0
220.000,run_seed,7
221.000,anomalies_detected,0
221.000,anomalies_unique,0
221.000,investigation_timeouts,0
221.000,mission_duration_s,176.976
221.000,distance_traveled_m,36.59481526894772
221.000,route_deviations,9
221.000,investigation_time_s,0.0
221.000,hazard_avoidances,9
221.000,min_hazard_distance_m,4.452308160771184
221.000,collisions,0
221.000,time_below_clearance_s,0.0
221.000,safety_zone_violations,0
221.000,min_ttc_s,8.948575237290093
221.000,avoid_success,8
221.000,avoid_timeout,0
221.000,q_convergence,2.1587366041200666
221.000,update_residual,0.02492140048201391
221.000,investigation_deferred,0
221.000,nav_aborted,0
221.000,nav_canceled,0
221.000,nav_rejected,0
221.000,run_seed,7
222.000,anomalies_detected,0
222.000,anomalies_unique,0
222.000,investigation_timeouts,0
222.000,mission_duration_s,177.976
222.000,distance_traveled_m,36.70065012802851
222.000,route_deviations,9
222.000,investigation_time_s,0.0
222.000,hazard_avoidances,9
222.000,min_hazard_distance_m,4.452308160771184
222.000,collisions,0
222.000,time_below_clearance_s,0.0
222.000,safety_zone_violations,0
222.000,min_ttc_s,8.948575237290093
222.000,avoid_success,8
222.000,avoid_timeout,0
222.000,q_convergence,3.4634915422793178
222.000,update_residual,0.005030447523860849
222.000,investigation_deferred,0
222.000,nav_aborted,0
222.000,nav_canceled,0
222.000,nav_rejected,0
222.000,run_seed,7
223.000,anomalies_detected,0
223.000,anomalies_unique,0
223.000,investigation_timeouts,0
223.000,mission_duration_s,178.976
223.000,distance_traveled_m,36.949010198520625
223.000,route_deviations,9
223.000,investigation_time_s,0.0
223.000,hazard_avoidances,9
223.000,min_hazard_distance_m,4.452308160771184
223.000,collisions,0
223.000,time_below_clearance_s,0.0
223.000,safety_zone_violations,0
223.000,min_ttc_s,8.948575237290093
223.000,avoid_success,8
223.000,avoid_timeout,0
223.000,q_convergence,3.575046318198454
223.000,update_residual,0.002273951542415563
223.000,investigation_deferred,0
223.000,nav_aborted,0
223.000,nav_canceled,0
223.000,nav_rejected,0
223.000,run_seed,7
224.000,anomalies_detected,0
224.000,anomalies_unique,0
224.000,investigation_timeouts,0
224.000,mission_duration_s,179.976
224.000,distance_traveled_m,37.009080776028824
224.000,route_deviations,9
224.000,investigation_time_s,0.0
224.000,hazard_avoidances,9
224.000,min_hazard_distance_m,4.452308160771184
224.000,collisions,0
224.000,time_below_clearance_s,0.0
224.000,safety_zone_violations,0
224.000,min_ttc_s,8.948575237290093
224.000,avoid_success,8
224.000,avoid_timeout,0
224.000,q_convergence,3.552057462536415
224.000,update_residual,0.002159598813407509
224.000,investigation_deferred,0
224.000,nav_aborted,0
224.000,nav_canceled,0
224.000,nav_rejected,0
224.000,run_seed,7
225.000,anomalies_detected,0
225.000,anomalies_unique,0
225.000,investigation_timeouts,0
225.000,mission_duration_s,180.976
225.000,distance_traveled_m,37.18654922043429
225.000,route_deviations,9
225.000,investigation_time_s,0.0
225.000,hazard_avoidances,9
225.000,min_hazard_distance_m,4.452308160771184
225.000,collisions,0
225.000,time_below_clearance_s,0.0
225.000,safety_zone_violations,0
225.000,min_ttc_s,8.948575237290093
225.000,avoid_success,8
225.000,avoid_timeout,0
225.000,q_convergence,3.451684216482463
225.000,update_residual,0.004201135178754032
225.000,investigation_deferred,0
225.000,nav_aborted,0
225.000,nav_canceled,0
225.000,nav_rejected,0
225.000,run_seed,7
226.000,anomalies_detected,0
226.000,anomalies_unique,0
226.000,investigation_timeouts,0
226.000,mission_duration_s,181.976
226.000,distance_traveled_m,37.44862792712007
226.000,route_deviations,9
226.000,investigation_time_s,0.0
226.000,hazard_avoidances,9
226.000,min_hazard_distance_m,4.452308160771184
226.000,collisions,0
226.000,time_below_clearance_s,0.0
226.000,safety_zone_violations,0
226.000,min_ttc_s,8.948575237290093
226.000,avoid_success,8
226.000,avoid_timeout,0
226.000,q_convergence,3.2815513134891243
226.000,update_residual,0.012767521098273813
226.000,investigation_deferred,0
226.000,nav_aborted,0
226.000,nav_canceled,0
226.000,nav_rejected,0
226.000,run_seed,7
227.000,anomalies_detected,0
227.000,anomalies_unique,0
227.000,investigation_timeouts,0
227.000,mission_duration_s,182.976
227.000,distance_traveled_m,37.71070775079815
227.000,route_deviations,9
227.000,investigation_time_s,0.0
227.000,hazard_avoidances,9
227.000,min_hazard_distance_m,4.452308160771184
227.000,collisions,0
227.000,time_below_clearance_s,0.0
227.000,safety_zone_violations,0
227.000,min_ttc_s,8.948575237290093
227.000,avoid_success,8
227.000,avoid_timeout,0
227.000,q_convergence,3.32704893813168
227.000,update_residual,0.007037879951205557
227.000,investigation_deferred,0
227.000,nav_aborted,0
227.000,nav_canceled,0
227.000,nav_rejected,0
227.000,run_seed,7
228.000,anomalies_detected,0
228.000,anomalies_unique,0
228.000,investigation_timeouts,0
228.000,mission_duration_s,183.976
228.000,distance_traveled_m,37.97278767022622
228.000,route_deviations,9
228.000,investigation_time_s,0.0
228.000,hazard_avoidances,9
228.000,min_hazard_distance_m,4.452308160771184
228.000,collisions,0
228.000,time_below_clearance_s,0.0
228.000,safety_zone_violations,0
228.000,min_ttc_s,8.948575237290093
228.000,avoid_success,8
228.000,avoid_timeout,0
228.000,q_convergence,3.0566101849593967
228.000,update_residual,0.016879660796222017
228.000,investigation_deferred,0
228.000,nav_aborted,0
228.000,nav_canceled,0
228.000,nav_rejected,0
228.000,run_seed,7
229.000,anomalies_detected,0
229.000,anomalies_unique,0
229.000,investigation_timeouts,0
229.000,mission_duration_s,184.976
229.000,distance_traveled_m,38.23477830729288
229.000,route_deviations,9
229.000,investigation_time_s,0.0
229.000,hazard_avoidances,9
229.000,min_hazard_distance_m,4.452308160771184
229.000,collisions,0
229.000,time_below_clearance_s,0.0
229.000,safety_zone_violations,0
229.000,min_ttc_s,8.948575237290093
229.000,avoid_success,8
229.000,avoid_timeout,0
229.000,q_convergence,2.073008892487962
229.000,update_residual,0.041443786448853034
229.000,investigation_deferred,0
229.000,nav_aborted,0
229.000,nav_canceled,0
229.000,nav_rejected,0
229.000,run_seed,7
230.000,anomalies_detected,0
230.000,anomalies_unique,0
230.000,investigation_timeouts,0
230.000,mission_duration_s,185.976
230.000,distance_traveled_m,38.35426533107396
230.000,route_deviations,9
230.000,investigation_time_s,0.0
230.000,hazard_avoidances,9
230.000,min_hazard_distance_m,4.452308160771184
230.000,collisions,0
230.000,time_below_clearance_s,0.0
230.000,safety_zone_violations,0
230.000,min_ttc_s,8.948575237290093
230.000,avoid_success,9
230.000,avoid_timeout,0
230.000,q_convergence,2.031067380729915
230.000,update_residual,0.02295994604761498
230.000,investigation_deferred,0
230.000,nav_aborted,0
230.000,nav_canceled,0
230.000,nav_rejected,0
230.000,run_seed,7
231.000,anomalies_detected,0
231.000,anomalies_unique,0
231.000,investigation_timeouts,0
231.000,mission_duration_s,186.976
231.000,distance_traveled_m,38.443729370684125
231.000,route_deviations,9
231.000,investigation_time_s,0.0
231.000,hazard_avoidances,9
231.000,min_hazard_distance_m,4.452308160771184
231.000,collisions,0
231.000,time_below_clearance_s,0.0
231.000,safety_zone_violations,0
231.000,min_ttc_s,8.948575237290093
231.000,avoid_success,9
231.000,avoid_timeout,0
231.000,q_convergence,2.031667823272206
231.000,update_residual,0.005477748610825411
231.000,investigation_deferred,0
231.000,nav_aborted,0
231.000,nav_canceled,0
231.000,nav_rejected,0
231.000,run_seed,7
232.000,anomalies_detected,0
232.000,anomalies_unique,0
232.000,investigation_timeouts,0
232.000,mission_duration_s,187.976
232.000,distance_traveled_m,38.665096351438144
232.000,route_deviations,9
232.000,investigation_time_s,0.0
232.000,hazard_avoidances,9
232.000,min_hazard_distance_m,4.452308160771184
232.000,collisions,0
232.000,time_below_clearance_s,0.0
232.000,safety_zone_violations,0
232.000,min_ttc_s,8.948575237290093
232.000,avoid_success,9
232.000,avoid_timeout,0
232.000,q_convergence,1.876312211088282
232.000,update_residual,0.010283369811489168
232.000,investigation_deferred,0
232.000,nav_aborted,0
232.000,nav_canceled,0
232.000,nav_rejected,0
232.000,run_seed,7
233.000,anomalies_detected,0
233.000,anomalies_unique,0
233.000,investigation_timeouts,0
233.000,mission_duration_s,188.976
233.000,distance_traveled_m,38.77992697434592
233.000,route_deviations,9
233.000,investigation_time_s,0.0
233.000,hazard_avoidances,9
233.000,min_hazard_distance_m,4.452308160771184
233.000,collisions,0
233.000,time_below_clearance_s,0.0
233.000,safety_zone_violations,0
233.000,min_ttc_s,8.948575237290093
233.000,avoid_success,9
233.000,avoid_timeout,0
233.000,q_convergence,1.602874081212115
233.000,update_residual,0.009541734518473292
233.000,investigation_deferred,0
233.000,nav_aborted,0
233.000,nav_canceled,0
233.000,nav_rejected,0
233.000,run_seed,7
234.000,anomalies_detected,0
234.000,anomalies_unique,0
234.000,investigation_timeouts,0
234.000,mission_duration_s,189.976
234.000,distance_traveled_m,38.920582155430544
234.000,route_deviations,9
234.000,investigation_time_s,0.0
234.000,hazard_avoidances,9
234.000,min_hazard_distance_m,4.452308160771184
234.000,collisions,0
234.000,time_below_clearance_s,0.0
234.000,safety_zone_violations,0
234.000,min_ttc_s,8.948575237290093
234.000,avoid_success,9
234.000,avoid_timeout,0
234.000,q_convergence,1.722192813516148
234.000,update_residual,0.02147360774887657
234.000,investigation_deferred,0
234.000,nav_aborted,0
234.000,nav_canceled,0
234.000,nav_rejected,0
234.000,run_seed,7
235.000,anomalies_detected,0
235.000,anomalies_unique,0
235.000,investigation_timeouts,0
235.000,mission_duration_s,190.976
235.000,distance_traveled_m,39.18266055084724
235.000,route_deviations,9
235.000,investigation_time_s,0.0
235.000,hazard_avoidances,9
235.000,min_hazard_distance_m,4.452308160771184
235.000,collisions,0
235.000,time_below_clearance_s,0.0
235.000,safety_zone_violations,0
235.000,min_ttc_s,8.948575237290093
235.000,avoid_success,9
235.000,avoid_timeout,0
235.000,q_convergence,1.3717987987990785
235.000,update_residual,0.009046057317580418
235.000,investigation_deferred,0
235.000,nav_aborted,0
235.000,nav_canceled,0
235.000,nav_rejected,0
235.000,run_seed,7
236.000,anomalies_detected,0
236.000,anomalies_unique,0
236.000,investigation_timeouts,0
236.000,mission_duration_s,191.976
236.000,distance_traveled_m,39.44474054331136
236.000,route_deviations,9
236.000,investigation_time_s,0.0
236.000,hazard_avoidances,9
236.000,min_hazard_distance_m,4.452308160771184
236.000,collisions,0
236.000,time_below_clearance_s,0.0
236.000,safety_zone_violations,0
236.000,min_ttc_s,8.948575237290093
236.000,avoid_success,9
236.000,avoid_timeout,0
236.000,q_convergence,1.286441934682497
236.000,update_residual,0.0005103709059222222
236.000,investigation_deferred,0
236.000,nav_aborted,0
236.000,nav_canceled,0
236.000,nav_rejected,0
236.000,run_seed,7
237.000,anomalies_detected,0
237.000,anomalies_unique,0
237.000,investigation_timeouts,0
237.000,mission_duration_s,192.976
237.000,distance_traveled_m,39.70682053548679
237.000,route_deviations,9
237.000,investigation_time_s,0.0
237.000,hazard_avoidances,9
237.000,min_hazard_distance_m,4.452308160771184
237.000,collisions,0
237.000,time_below_clearance_s,0.0
237.000,safety_zone_violations,0
237.000,min_ttc_s,8.948575237290093
237.000,avoid_success,9
237.000,avoid_timeout,0
237.000,q_convergence,1.0110216519738981
237.000,update_residual,0.011846584833946738
237.000,investigation_deferred,0
237.000,nav_aborted,0
237.000,nav_canceled,0
237.000,nav_rejected,0
237.000,run_seed,7
238.000,anomalies_detected,0
238.000,anomalies_unique,0
238.000,investigation_timeouts,0
238.000,mission_duration_s,193.976
238.000,distance_traveled_m,39.96890053409183
238.000,route_deviations,9
238.000,investigation_time_s,0.0
238.000,hazard_avoidances,9
238.000,min_hazard_distance_m,4.452308160771184
238.000,collisions,0
238.000,time_below_clearance_s,0.0
238.000,safety_zone_violations,0
238.000,min_ttc_s,8.948575237290093
238.000,avoid_success,9
238.000,avoid_timeout,0
238.000,q_convergence,0.9897621928576257
238.000,update_residual,0.0063995324844809565
238.000,investigation_deferred,0
238.000,nav_aborted,0
238.000,nav_canceled,0
238.000,nav_rejected,0
238.000,run_seed,7
239.000,anomalies_detected,0
239.000,anomalies_unique,0
239.000,investigation_timeouts,0
239.000,mission_duration_s,194.976
239.000,distance_traveled_m,40.15246966174735
239.000,route_deviations,10
239.000,investigation_time_s,0.0
239.000,hazard_avoidances,10
239.000,min_hazard_distance_m,4.452308160771184
239.000,collisions,0
239.000,time_below_clearance_s,0.0
239.000,safety_zone_violations,0
239.000,min_ttc_s,8.948575237290093
239.000,avoid_success,9
239.000,avoid_timeout,0
239.000,q_convergence,2.152901192865549
239.000,update_residual,0.017733517063316325
239.000,investigation_deferred,0
239.000,nav_aborted,0
239.000,nav_canceled,0
239.000,nav_rejected,0
239.000,run_seed,7
240.000,anomalies_detected,0
240.000,anomalies_unique,0
240.000,investigation_timeouts,0
240.000,mission_duration_s,195.976
240.000,distance_traveled_m,40.257759488846965
240.000,route_deviations,10
240.000,investigation_time_s,0.0
240.000,hazard_avoidances,10
240.000,min_hazard_distance_m,4.452308160771184
240.000,collisions,0
240.000,time_below_clearance_s,0.0
240.000,safety_zone_violations,0
240.000,min_ttc_s,8.948575237290093
240.000,avoid_success,9
240.000,avoid_timeout,0
240.000,q_convergence,3.4624442925785064
240.000,update_residual,0.00518108142292431
240.000,investigation_deferred,0
240.000,nav_aborted,0
240.000,nav_canceled,0
240.000,nav_rejected,0
240.000,run_seed,7
241.000,anomalies_detected,0
241.000,anomalies_unique,0
241.000,investigation_timeouts,0
241.000,mission_duration_s,196.976
241.000,distance_traveled_m,40.50688649377554
241.000,route_deviations,10
241.000,investigation_time_s,0.0
241.000,hazard_avoidances,10
241.000,min_hazard_distance_m,4.452308160771184
241.000,collisions,0
241.000,time_below_clearance_s,0.0
241.000,safety_zone_violations,0
241.000,min_ttc_s,8.948575237290093
241.000,avoid_success,9
241.000,avoid_timeout,0
241.000,q_convergence,3.5750405398918903
241.000,update_residual,0.002263110152887743
241.000,investigation_deferred,0
241.000,nav_aborted,0
241.000,nav_canceled,0
241.000,nav_rejected,0
241.000,run_seed,7
242.000,anomalies_detected,0
242.000,anomalies_unique,0
242.000,investigation_timeouts,0
242.000,mission_duration_s,197.976
242.000,distance_traveled_m,40.569351908549
242.000,route_deviations,10
242.000,investigation_time_s,0.0
242.000,hazard_avoidances,10
242.000,min_hazard_distance_m,4.452308160771184
242.000,collisions,0
242.000,time_below_clearance_s,0.0
242.000,safety_zone_violations,0
242.000,min_ttc_s,8.948575237290093
242.000,avoid_success,9
242.000,avoid_timeout,0
242.000,q_convergence,3.5964872480789745
242.000,update_residual,0.0001184393341793845
242.000,investigation_deferred,0
242.000,nav_aborted,0
242.000,nav_canceled,0
242.000,nav_rejected,0
242.000,run_seed,7
243.000,anomalies_detected,0
243.000,anomalies_unique,0
243.000,investigation_timeouts,0
243.000,mission_duration_s,198.976
243.000,distance_traveled_m,40.74587641761361
243.000,route_deviations,10
243.000,investigation_time_s,0.0
243.000,hazard_avoidances,10
243.000,min_hazard_distance_m,4.452308160771184
243.000,collisions,0
243.000,time_below_clearance_s,0.0
243.000,safety_zone_violations,0
243.000,min_ttc_s,8.948575237290093
243.000,avoid_success,9
243.000,avoid_timeout,0
243.000,q_convergence,3.4729763699156337
243.000,update_residual,0.006370112923270647
243.000,investigation_deferred,0
243.000,nav_aborted,0
243.000,nav_canceled,0
243.000,nav_rejected,0
243.000,run_seed,7
244.000,anomalies_detected,0
244.000,anomalies_unique,0
244.000,investigation_timeouts,0
244.000,mission_duration_s,199.976
244.000,distance_traveled_m,41.00795524934427
244.000,route_deviations,10
244.000,investigation_time_s,0.0
244.000,hazard_avoidances,10
244.000,min_hazard_distance_m,4.452308160771184
244.000,collisions,0
244.000,time_below_clearance_s,0.0
244.000,safety_zone_violations,0
244.000,min_ttc_s,8.948575237290093
244.000,avoid_success,9
244.000,avoid_timeout,0
244.000,q_convergence,3.275917343522318
244.000,update_residual,0.013448620934893874
244.000,investigation_deferred,0
244.000,nav_aborted,0
244.000,nav_canceled,0
244.000,nav_rejected,0
244.000,run_seed,7
245.000,anomalies_detected,0
245.000,anomalies_unique,0
245.000,investigation_timeouts,0
245.000,mission_duration_s,200.976
245.000,distance_traveled_m,41.27003509012029
245.000,route_deviations,10
245.000,investigation_time_s,0.0
245.000,hazard_avoidances,10
245.000,min_hazard_distance_m,4.452308160771184
245.000,collisions,0
245.000,time_below_clearance_s,0.0
245.000,safety_zone_violations,0
245.000,min_ttc_s,8.948575237290093
245.000,avoid_success,9
245.000,avoid_timeout,0
245.000,q_convergence,2.9969629013690553
245.000,update_residual,0.011007322463987836
245.000,investigation_deferred,0
245.000,nav_aborted,0
245.000,nav_canceled,0
245.000,nav_rejected,0
245.000,run_seed,7
246.000,anomalies_detected,0
246.000,anomalies_unique,0
246.000,investigation_timeouts,0
246.000,mission_duration_s,201.976
246.000,distance_traveled_m,41.53211498177618
246.000,route_deviations,10
246.000,investigation_time_s,0.0
246.000,hazard_avoidances,10
246.000,min_hazard_distance_m,4.452308160771184
246.000,collisions,0
246.000,time_below_clearance_s,0.0
246.000,safety_zone_violations,0
246.000,min_ttc_s,8.948575237290093
246.000,avoid_success,9
246.000,avoid_timeout,0
246.000,q_convergence,2.8926503328866735
246.000,update_residual,0.000576065615749692
246.000,investigation_deferred,0
246.000,nav_aborted,0
246.000,nav_canceled,0
246.000,nav_rejected,0
246.000,run_seed,7
247.000,anomalies_detected,0
247.000,anomalies_unique,0
247.000,investigation_timeouts,0
247.000,mission_duration_s,202.976
247.000,distance_traveled_m,41.793936524808714
247.000,route_deviations,10
247.000,investigation_time_s,0.0
247.000,hazard_avoidances,10
247.000,min_hazard_distance_m,4.452308160771184
247.000,collisions,0
247.000,time_below_clearance_s,0.0
247.000,safety_zone_violations,0
247.000,min_ttc_s,8.948575237290093
247.000,avoid_success,9
247.000,avoid_timeout,0
247.000,q_convergence,2.056211295947087
247.000,update_residual,0.04286395164820198
247.000,investigation_deferred,0
247.000,nav_aborted,0
247.000,nav_canceled,0
247.000,nav_rejected,0
247.000,run_seed,7
248.000,anomalies_detected,0
248.000,anomalies_unique,0
248.000,investigation_timeouts,0
248.000,mission_duration_s,203.976
248.000,distance_traveled_m,41.910791010206786
248.000,route_deviations,10
248.000,investigation_time_s,0.0
248.000,hazard_avoidances,10
248.000,min_hazard_distance_m,4.452308160771184
248.000,collisions,0
248.000,time_below_clearance_s,0.0
248.000,safety_zone_violations,0
248.000,min_ttc_s,8.948575237290093
248.000,avoid_success,10
248.000,avoid_timeout,0
248.000,q_convergence,2.027666266194726
248.000,update_residual,0.023074476587064272
248.000,investigation_deferred,0
248.000,nav_aborted,0
248.000,nav_canceled,0
248.000,nav_rejected,0
248.000,run_seed,7
249.000,anomalies_detected,0
249.000,anomalies_unique,0
249.000,investigation_timeouts,0
249.000,mission_duration_s,204.976
249.000,distance_traveled_m,42.00198769183258
249.000,route_deviations,10
249.000,investigation_time_s,0.0
249.000,hazard_avoidances,10
249.000,min_hazard_distance_m,4.452308160771184
249.000,collisions,0
249.000,time_below_clearance_s,0.0
249.000,safety_zone_violations,0
249.000,min_ttc_s,8.948575237290093
249.000,avoid_success,10
249.000,avoid_timeout,0
249.000,q_convergence,2.030254714598352
249.000,update_residual,0.005552307683847808
249.000,investigation_deferred,0
249.000,nav_aborted,0
249.000,nav_canceled,0
249.000,nav_rejected,0
249.000,run_seed,7
250.000,anomalies_detected,0
250.000,anomalies_unique,0
250.000,investigation_timeouts,0
250.000,mission_duration_s,205.976
250.000,distance_traveled_m,42.22393979396745
250.000,route_deviations,10
250.000,investigation_time_s,0.0
250.000,hazard_avoidances,10
250.000,min_hazard_distance_m,4.452308160771184
250.000,collisions,0
250.000,time_below_clearance_s,0.0
250.000,safety_zone_violations,0
250.000,min_ttc_s,8.948575237290093
250.000,avoid_success,10
250.000,avoid_timeout,0
250.000,q_convergence,1.8756688668330865
250.000,update_residual,0.010275774411178088
250.000,investigation_deferred,0
250.000,nav_aborted,0
250.000,nav_canceled,0
250.000,nav_rejected,0
250.000,run_seed,7
251.000,anomalies_detected,0
251.000,anomalies_unique,0
251.000,investigation_timeouts,0
251.000,mission_duration_s,206.976
251.000,distance_traveled_m,42.334151486351054
251.000,route_deviations,10
251.000,investigation_time_s,0.0
251.000,hazard_avoidances,10
251.000,min_hazard_distance_m,4.452308160771184
251.000,collisions,0
251.000,time_below_clearance_s,0.0
251.000,safety_zone_violations,0
251.000,min_ttc_s,8.948575237290093
251.000,avoid_success,10
251.000,avoid_timeout,0
251.000,q_convergence,1.6244085378798943
251.000,update_residual,0.011743408356678463
251.000,investigation_deferred,0
251.000,nav_aborted,0
251.000,nav_canceled,0
251.000,nav_rejected,0
251.000,run_seed,7
252.000,anomalies_detected,0
252.000,anomalies_unique,0
252.000,investigation_timeouts,0
252.000,mission_duration_s,207.976
252.000,distance_traveled_m,42.47810208157213
252.000,route_deviations,10
252.000,investigation_time_s,0.0
252.000,hazard_avoidances,10
252.000,min_hazard_distance_m,4.452308160771184
252.000,collisions,0
252.000,time_below_clearance_s,0.0
252.000,safety_zone_violations,0
252.000,min_ttc_s,8.948575237290093
252.000,avoid_success,10
252.000,avoid_timeout,0
252.000,q_convergence,1.7000264429777654
252.000,update_residual,0.019305198866465617
252.000,investigation_deferred,0
252.000,nav_aborted,0
252.000,nav_canceled,0
252.000,nav_rejected,0
252.000,run_seed,7
253.000,anomalies_detected,0
253.000,anomalies_unique,0
253.000,investigation_timeouts,0
253.000,mission_duration_s,208.976
253.000,distance_traveled_m,42.740180427799714
253.000,route_deviations,10
253.000,investigation_time_s,0.0
253.000,hazard_avoidances,10
253.000,min_hazard_distance_m,4.452308160771184
253.000,collisions,0
253.000,time_below_clearance_s,0.0
253.000,safety_zone_violations,0
253.000,min_ttc_s,8.948575237290093
253.000,avoid_success,10
253.000,avoid_timeout,0
253.000,q_convergence,1.37019398283807
253.000,update_residual,0.008926569667192704
253.000,investigation_deferred,0
253.000,nav_aborted,0
253.000,nav_canceled,0
253.000,nav_rejected,0
253.000,run_seed,7
254.000,anomalies_detected,0
254.000,anomalies_unique,0
254.000,investigation_timeouts,0
254.000,mission_duration_s,209.976
254.000,distance_traveled_m,43.002260419561686
254.000,route_deviations,10
254.000,investigation_time_s,0.0
254.000,hazard_avoidances,10
254.000,min_hazard_distance_m,4.452308160771184
254.000,collisions,0
254.000,time_below_clearance_s,0.0
254.000,safety_zone_violations,0
254.000,min_ttc_s,8.948575237290093
254.000,avoid_success,10
254.000,avoid_timeout,0
254.000,q_convergence,1.0124642280423544
254.000,update_residual,0.011181137620626638
254.000,investigation_deferred,0
254.000,nav_aborted,0
254.000,nav_canceled,0
254.000,nav_rejected,0
254.000,run_seed,7
255.000,anomalies_detected,0
255.000,anomalies_unique,0
255.000,investigation_timeouts,0
255.000,mission_duration_s,210.976
255.000,distance_traveled_m,43.2643404159085
255.000,route_deviations,10
255.000,investigation_time_s,0.0
255.000,hazard_avoidances,10
255.000,min_hazard_distance_m,4.452308160771184
255.000,collisions,0
255.000,time_below_clearance_s,0.0
255.000,safety_zone_violations,0
255.000,min_ttc_s,8.948575237290093
255.000,avoid_success,10
255.000,avoid_timeout,0
255.000,q_convergence,1.0449073867103809
255.000,update_residual,0.004388165653084083
255.000,investigation_deferred,0
255.000,nav_aborted,0
255.000,nav_canceled,0
255.000,nav_rejected,0
255.000,run_seed,7
256.000,anomalies_detected,0
256.000,anomalies_unique,0
256.000,investigation_timeouts,0
256.000,mission_duration_s,211.976
256.000,distance_traveled_m,43.526420412556796
256.000,route_deviations,10
256.000,investigation_time_s,0.0
256.000,hazard_avoidances,10
256.000,min_hazard_distance_m,4.452308160771184
256.000,collisions,0
256.000,time_below_clearance_s,0.0
256.000,safety_zone_violations,0
256.000,min_ttc_s,8.948575237290093
256.000,avoid_success,10
256.000,avoid_timeout,0
256.000,q_convergence,1.0076766844676868
256.000,update_residual,0.008220599771264854
256.000,investigation_deferred,0
256.000,nav_aborted,0
256.000,nav_canceled,0
256.000,nav_rejected,0
256.000,run_seed,7
257.000,anomalies_detected,0
257.000,anomalies_unique,0
257.000,investigation_timeouts,0
257.000,mission_duration_s,212.976
257.000,distance_traveled_m,43.77853824831726
257.000,route_deviations,11
257.000,investigation_time_s,0.0
257.000,hazard_avoidances,11
257.000,min_hazard_distance_m,4.452308160771184
257.000,collisions,0
257.000,time_below_clearance_s,0.0
257.000,safety_zone_violations,0
257.000,min_ttc_s,8.948575237290093
257.000,avoid_success,10
257.000,avoid_timeout,0
257.000,q_convergence,2.1704027033707383
257.000,update_residual,0.018325882287529845
257.000,investigation_deferred,0
257.000,nav_aborted,0
257.000,nav_canceled,0
257.000,nav_rejected,0
257.000,run_seed,7
258.000,anomalies_detected,0
258.000,anomalies_unique,0
258.000,investigation_timeouts,0
258.000,mission_duration_s,213.976
258.000,distance_traveled_m,43.86191613538262
258.000,route_deviations,11
258.000,investigation_time_s,0.0
258.000,hazard_avoidances,11
258.000,min_hazard_distance_m,4.452308160771184
258.000,collisions,0
258.000,time_below_clearance_s,0.0
258.000,safety_zone_violations,0
258.000,min_ttc_s,8.948575237290093
258.000,avoid_success,10
258.000,avoid_timeout,0
258.000,q_convergence,3.465606509258748
258.000,update_residual,0.005213506764533747
258.000,investigation_deferred,0
258.000,nav_aborted,0
258.000,nav_canceled,0
258.000,nav_rejected,0
258.000,run_seed,7
259.000,anomalies_detected,0
259.000,anomalies_unique,0
259.000,investigation_timeouts,0
259.000,mission_duration_s,214.976
259.000,distance_traveled_m,44.085845968356494
259.000,route_deviations,11
259.000,investigation_time_s,0.0
259.000,hazard_avoidances,11
259.000,min_hazard_distance_m,4.452308160771184
259.000,collisions,0
259.000,time_below_clearance_s,0.0
259.000,safety_zone_violations,0
259.000,min_ttc_s,8.948575237290093
259.000,avoid_success,10
259.000,avoid_timeout,0
259.000,q_convergence,3.6147555638231847
259.000,update_residual,0.004551761584704542
259.000,investigation_deferred,0
259.000,nav_aborted,0
259.000,nav_canceled,0
259.000,nav_rejected,0
259.000,run_seed,7
260.000,anomalies_detected,0
260.000,anomalies_unique,0
260.000,investigation_timeouts,0
260.000,mission_duration_s,215.976
260.000,distance_traveled_m,44.2249077548117
260.000,route_deviations,11
260.000,investigation_time_s,0.0
260.000,hazard_avoidances,11
260.000,min_hazard_distance_m,4.452308160771184
260.000,collisions,0
260.000,time_below_clearance_s,0.0
260.000,safety_zone_violations,0
260.000,min_ttc_s,8.948575237290093
260.000,avoid_success,10
260.000,avoid_timeout,0
260.000,q_convergence,3.651465373086302
260.000,update_residual,0.0005238173113761231
260.000,investigation_deferred,0
260.000,nav_aborted,0
260.000,nav_canceled,0
260.000,nav_rejected,0
260.000,run_seed,7
261.000,anomalies_detected,0
261.000,anomalies_unique,0
261.000,investigation_timeouts,0
261.000,mission_duration_s,216.976
261.000,distance_traveled_m,44.31913880605569
261.000,route_deviations,11
261.000,investigation_time_s,0.0
261.000,hazard_avoidances,11
261.000,min_hazard_distance_m,4.452308160771184
261.000,collisions,0
261.000,time_below_clearance_s,0.0
261.000,safety_zone_violations,0
261.000,min_ttc_s,8.948575237290093
261.000,avoid_success,10
261.000,avoid_timeout,0
261.000,q_convergence,3.646501338522587
261.000,update_residual,2.741385500475741e-05
261.000,investigation_deferred,0
261.000,nav_aborted,0
261.000,nav_canceled,0
261.000,nav_rejected,0
261.000,run_seed,7
262.000,anomalies_detected,0
262.000,anomalies_unique,0
262.000,investigation_timeouts,0
262.000,mission_duration_s,217.976
262.000,distance_traveled_m,44.58121494155951
262.000,route_deviations,11
262.000,investigation_time_s,0.0
262.000,hazard_avoidances,11
262.000,min_hazard_distance_m,4.452308160771184
262.000,collisions,0
262.000,time_below_clearance_s,0.0
262.000,safety_zone_violations,0
262.000,min_ttc_s,8.948575237290093
262.000,avoid_success,10
262.000,avoid_timeout,0
262.000,q_convergence,3.537270593806971
262.000,update_residual,0.005839134804507318
262.000,investigation_deferred,0
262.000,nav_aborted,0
262.000,nav_canceled,0
262.000,nav_rejected,0
262.000,run_seed,7
263.000,anomalies_detected,0
263.000,anomalies_unique,0
263.000,investigation_timeouts,0
263.000,mission_duration_s,218.976
263.000,distance_traveled_m,44.843294904987616
263.000,route_deviations,11
263.000,investigation_time_s,0.0
263.000,hazard_avoidances,11
263.000,min_hazard_distance_m,4.452308160771184
263.000,collisions,0
263.000,time_below_clearance_s,0.0
263.000,safety_zone_violations,0
263.000,min_ttc_s,8.948575237290093
263.000,avoid_success,10
263.000,avoid_timeout,0
263.000,q_convergence,3.2733470911821425
263.000,update_residual,0.018176250445994118
263.000,investigation_deferred,0
263.000,nav_aborted,0
263.000,nav_canceled,0
263.000,nav_rejected,0
263.000,run_seed,7
264.000,anomalies_detected,0
264.000,anomalies_unique,0
264.000,investigation_timeouts,0
264.000,mission_duration_s,219.976
264.000,distance_traveled_m,45.10537474146364
264.000,route_deviations,11
264.000,investigation_time_s,0.0
264.000,hazard_avoidances,11
264.000,min_hazard_distance_m,4.452308160771184
264.000,collisions,0
264.000,time_below_clearance_s,0.0
264.000,safety_zone_violations,0
264.000,min_ttc_s,8.948575237290093
264.000,avoid_success,10
264.000,avoid_timeout,0
264.000,q_convergence,3.3870629218884254
264.000,update_residual,0.0045543983258307524
264.000,investigation_deferred,0
264.000,nav_aborted,0
264.000,nav_canceled,0
264.000,nav_rejected,0
264.000,run_seed,7
265.000,anomalies_detected,0
265.000,anomalies_unique,0
265.000,investigation_timeouts,0
265.000,mission_duration_s,220.976
265.000,distance_traveled_m,45.3674547302794
265.000,route_deviations,11
265.000,investigation_time_s,0.0
265.000,hazard_avoidances,11
265.000,min_hazard_distance_m,4.452308160771184
265.000,collisions,0
265.000,time_below_clearance_s,0.0
265.000,safety_zone_violations,0
265.000,min_ttc_s,8.948575237290093
265.000,avoid_success,10
265.000,avoid_timeout,0
265.000,q_convergence,3.0895981698225286
265.000,update_residual,0.01718823004478062
265.000,investigation_deferred,0
265.000,nav_aborted,0
265.000,nav_canceled,0
265.000,nav_rejected,0
265.000,run_seed,7
266.000,anomalies_detected,0
266.000,anomalies_unique,0
266.000,investigation_timeouts,0
266.000,mission_duration_s,221.976
266.000,distance_traveled_m,45.618638341588486
266.000,route_deviations,11
266.000,investigation_time_s,0.0
266.000,hazard_avoidances,11
266.000,min_hazard_distance_m,4.452308160771184
266.000,collisions,0
266.000,time_below_clearance_s,0.0
266.000,safety_zone_violations,0
266.000,min_ttc_s,8.948575237290093
266.000,avoid_success,10
266.000,avoid_timeout,0
266.000,q_convergence,2.081574672697573
266.000,update_residual,0.04316434959452166
266.000,investigation_deferred,0
266.000,nav_aborted,0
266.000,nav_canceled,0
266.000,nav_rejected,0
266.000,run_seed,7
267.000,anomalies_detected,0
267.000,anomalies_unique,0
267.000,investigation_timeouts,0
267.000,mission_duration_s,222.976
267.000,distance_traveled_m,45.70069258231515
267.000,route_deviations,11
267.000,investigation_time_s,0.0
267.000,hazard_avoidances,11
267.000,min_hazard_distance_m,4.452308160771184
267.000,collisions,0
267.000,time_below_clearance_s,0.0
267.000,safety_zone_violations,0
267.000,min_ttc_s,8.948575237290093
267.000,avoid_success,11
267.000,avoid_timeout,0
267.000,q_convergence,2.1731495178624964
267.000,update_residual,0.030690897110601842
267.000,investigation_deferred,0
267.000,nav_aborted,0
267.000,nav_canceled,0
267.000,nav_rejected,0
267.000,run_seed,7
268.000,anomalies_detected,0
268.000,anomalies_unique,0
268.000,investigation_timeouts,0
268.000,mission_duration_s,223.976
268.000,distance_traveled_m,45.79357032809595
268.000,route_deviations,11
268.000,investigation_time_s,0.0
268.000,hazard_avoidances,11
268.000,min_hazard_distance_m,4.452308160771184
268.000,collisions,0
268.000,time_below_clearance_s,0.0
268.000,safety_zone_violations,0
268.000,min_ttc_s,8.948575237290093
268.000,avoid_success,11
268.000,avoid_timeout,0
268.000,q_convergence,2.173956816394958
268.000,update_residual,0.0065907100771720895
268.000,investigation_deferred,0
268.000,nav_aborted,0
268.000,nav_canceled,0
268.000,nav_rejected,0
268.000,run_seed,7
269.000,anomalies_detected,0
269.000,anomalies_unique,0
269.000,investigation_timeouts,0
269.000,mission_duration_s,224.976
269.000,distance_traveled_m,46.01520716694311
269.000,route_deviations,11
269.000,investigation_time_s,0.0
269.000,hazard_avoidances,11
269.000,min_hazard_distance_m,4.452308160771184
269.000,collisions,0
269.000,time_below_clearance_s,0.0
269.000,safety_zone_violations,0
269.000,min_ttc_s,8.948575237290093
269.000,avoid_success,11
269.000,avoid_timeout,0
269.000,q_convergence,2.1114989481420947
269.000,update_residual,0.00034492325188576416
269.000,investigation_deferred,0
269.000,nav_aborted,0
269.000,nav_canceled,0
269.000,nav_rejected,0
269.000,run_seed,7
270.000,anomalies_detected,0
270.000,anomalies_unique,0
270.000,investigation_timeouts,0
270.000,mission_duration_s,225.976
270.000,distance_traveled_m,46.11979709146651
270.000,route_deviations,11
270.000,investigation_time_s,0.0
270.000,hazard_avoidances,11
270.000,min_hazard_distance_m,4.452308160771184
270.000,collisions,0
270.000,time_below_clearance_s,0.0
270.000,safety_zone_violations,0
270.000,min_ttc_s,8.948575237290093
270.000,avoid_success,11
270.000,avoid_timeout,0
270.000,q_convergence,1.899043778371793
270.000,update_residual,0.010720152009204132
270.000,investigation_deferred,0
270.000,nav_aborted,0
270.000,nav_canceled,0
270.000,nav_rejected,0
270.000,run_seed,7
271.000,anomalies_detected,0
271.000,anomalies_unique,0
271.000,investigation_timeouts,0
271.000,mission_duration_s,226.976
271.000,distance_traveled_m,46.25521478899458
271.000,route_deviations,11
271.000,investigation_time_s,0.0
271.000,hazard_avoidances,11
271.000,min_hazard_distance_m,4.452308160771184
271.000,collisions,0
271.000,time_below_clearance_s,0.0
271.000,safety_zone_violations,0
271.000,min_ttc_s,8.948575237290093
271.000,avoid_success,11
271.000,avoid_timeout,0
271.000,q_convergence,2.024060482421235
271.000,update_residual,0.02322182241414829
271.000,investigation_deferred,0
271.000,nav_aborted,0
271.000,nav_canceled,0
271.000,nav_rejected,0
271.000,run_seed,7
272.000,anomalies_detected,0
272.000,anomalies_unique,0
272.000,investigation_timeouts,0
272.000,mission_duration_s,227.976
272.000,distance_traveled_m,46.51729331209247
272.000,route_deviations,11
272.000,investigation_time_s,0.0
272.000,hazard_avoidances,11
272.000,min_hazard_distance_m,4.452308160771184
272.000,collisions,0
272.000,time_below_clearance_s,0.0
272.000,safety_zone_violations,0
272.000,min_ttc_s,8.948575237290093
272.000,avoid_success,11
272.000,avoid_timeout,0
272.000,q_convergence,1.6271353299422293
272.000,update_residual,0.01040694104044403
272.000,investigation_deferred,0
272.000,nav_aborted,0
272.000,nav_canceled,0
272.000,nav_rejected,0
272.000,run_seed,7
273.000,anomalies_detected,0
273.000,anomalies_unique,0
273.000,investigation_timeouts,0
273.000,mission_duration_s,228.976
273.000,distance_traveled_m,46.77937330524984
273.000,route_deviations,11
273.000,investigation_time_s,0.0
273.000,hazard_avoidances,11
273.000,min_hazard_distance_m,4.452308160771184
273.000,collisions,0
273.000,time_below_clearance_s,0.0
273.000,safety_zone_violations,0
273.000,min_ttc_s,8.948575237290093
273.000,avoid_success,11
273.000,avoid_timeout,0
273.000,q_convergence,1.3773751559147092
273.000,update_residual,0.008276912430758865
273.000,investigation_deferred,0
273.000,nav_aborted,0
273.000,nav_canceled,0
273.000,nav_rejected,0
273.000,run_seed,7
274.000,anomalies_detected,0
274.000,anomalies_unique,0
274.000,investigation_timeouts,0
274.000,mission_duration_s,229.976
274.000,distance_traveled_m,47.04145330065755
274.000,route_deviations,11
274.000,investigation_time_s,0.0
274.000,hazard_avoidances,11
274.000,min_hazard_distance_m,4.452308160771184
274.000,collisions,0
274.000,time_below_clearance_s,0.0
274.000,safety_zone_violations,0
274.000,min_ttc_s,8.948575237290093
274.000,avoid_success,11
274.000,avoid_timeout,0
274.000,q_convergence,1.298937734136533
274.000,update_residual,0.000433170252941236
274.000,investigation_deferred,0
274.000,nav_aborted,0
274.000,nav_canceled,0
274.000,nav_rejected,0
274.000,run_seed,7
275.000,anomalies_detected,0
275.000,anomalies_unique,0
275.000,investigation_timeouts,0
275.000,mission_duration_s,230.976
275.000,distance_traveled_m,47.294173296553225
275.000,route_deviations,11
275.000,investigation_time_s,0.0
275.000,hazard_avoidances,11
275.000,min_hazard_distance_m,4.452308160771184
275.000,collisions,0
275.000,time_below_clearance_s,0.0
275.000,safety_zone_violations,0
275.000,min_ttc_s,8.948575237290093
275.000,avoid_success,11
275.000,avoid_timeout,0
275.000,q_convergence,1.0277888574545058
275.000,update_residual,0.009817593589548113
275.000,investigation_deferred,0
275.000,nav_aborted,0
275.000,nav_canceled,0
275.000,nav_rejected,0
275.000,run_seed,7
276.000,anomalies_detected,0
276.000,anomalies_unique,0
276.000,investigation_timeouts,0
276.000,mission_duration_s,231.976
276.000,distance_traveled_m,47.484196507386585
276.000,route_deviations,12
276.000,investigation_time_s,0.0
276.000,hazard_avoidances,12
276.000,min_hazard_distance_m,4.452308160771184
276.000,collisions,0
276.000,time_below_clearance_s,0.0
276.000,safety_zone_violations,0
276.000,min_ttc_s,8.948575237290093
276.000,avoid_success,11
276.000,avoid_timeout,0
276.000,q_convergence,2.139643482857363
276.000,update_residual,0.019446130954001332
276.000,investigation_deferred,0
276.000,nav_aborted,0
276.000,nav_canceled,0
276.000,nav_rejected,0
276.000,run_seed,7
277.000,anomalies_detected,0
277.000,anomalies_unique,0
277.000,investigation_timeouts,0
277.000,mission_duration_s,232.976
277.000,distance_traveled_m,47.60536260774554
277.000,route_deviations,12
277.000,investigation_time_s,0.0
277.000,hazard_avoidances,12
277.000,min_hazard_distance_m,4.452308160771184
277.000,collisions,0
277.000,time_below_clearance_s,0.0
277.000,safety_zone_violations,0
277.000,min_ttc_s,8.948575237290093
277.000,avoid_success,11
277.000,avoid_timeout,0
277.000,q_convergence,3.4588070141623843
277.000,update_residual,0.004819452084836974
277.000,investigation_deferred,0
277.000,nav_aborted,0
277.000,nav_canceled,0
277.000,nav_rejected,0
277.000,run_seed,7
278.000,anomalies_detected,0
278.000,anomalies_unique,0
278.000,investigation_timeouts,0
278.000,mission_duration_s,233.976
278.000,distance_traveled_m,47.851180969657285
278.000,route_deviations,12
278.000,investigation_time_s,0.0
278.000,hazard_avoidances,12
278.000,min_hazard_distance_m,4.452308160771184
278.000,collisions,0
278.000,time_below_clearance_s,0.0
278.000,safety_zone_violations,0
278.000,min_ttc_s,8.948575237290093
278.000,avoid_success,11
278.000,avoid_timeout,0
278.000,q_convergence,3.5687598897356927
278.000,update_residual,0.0021367709087427916
278.000,investigation_deferred,0
278.000,nav_aborted,0
278.000,nav_canceled,0
278.000,nav_rejected,0
278.000,run_seed,7
279.000,anomalies_detected,0
279.000,anomalies_unique,0
279.000,investigation_timeouts,0
279.000,mission_duration_s,234.976
279.000,distance_traveled_m,47.88494098974604
279.000,route_deviations,12
279.000,investigation_time_s,0.0
279.000,hazard_avoidances,12
279.000,min_hazard_distance_m,4.452308160771184
279.000,collisions,0
279.000,time_below_clearance_s,0.0
279.000,safety_zone_violations,0
279.000,min_ttc_s,8.948575237290093
279.000,avoid_success,11
279.000,avoid_timeout,0
279.000,q_convergence,3.5387167545522744
279.000,update_residual,0.002461169741839672
279.000,investigation_deferred,0
279.000,nav_aborted,0
279.000,nav_canceled,0
279.000,nav_rejected,0
279.000,run_seed,7
280.000,anomalies_detected,0
280.000,anomalies_unique,0
280.000,investigation_timeouts,0
280.000,mission_duration_s,235.976
280.000,distance_traveled_m,48.0893512099097
280.000,route_deviations,12
280.000,investigation_time_s,0.0
280.000,hazard_avoidances,12
280.000,min_hazard_distance_m,4.452308160771184
280.000,collisions,0
280.000,time_below_clearance_s,0.0
280.000,safety_zone_violations,0
280.000,min_ttc_s,8.948575237290093
280.000,avoid_success,11
280.000,avoid_timeout,0
280.000,q_convergence,3.5154326136305207
280.000,update_residual,0.0001327556496642389
280.000,investigation_deferred,0
280.000,nav_aborted,0
280.000,nav_canceled,0
280.000,nav_rejected,0
280.000,run_seed,7
281.000,anomalies_detected,0
281.000,anomalies_unique,0
281.000,investigation_timeouts,0
281.000,mission_duration_s,236.976
281.000,distance_traveled_m,48.35143055284579
281.000,route_deviations,12
281.000,investigation_time_s,0.0
281.000,hazard_avoidances,12
281.000,min_hazard_distance_m,4.452308160771184
281.000,collisions,0
281.000,time_below_clearance_s,0.0
281.000,safety_zone_violations,0
281.000,min_ttc_s,8.948575237290093
281.000,avoid_success,11
281.000,avoid_timeout,0
281.000,q_convergence,3.2920780767450966
281.000,update_residual,0.016503599239635337
281.000,investigation_deferred,0
281.000,nav_aborted,0
281.000,nav_canceled,0
281.000,nav_rejected,0
281.000,run_seed,7
282.000,anomalies_detected,0
282.000,anomalies_unique,0
282.000,investigation_timeouts,0
282.000,mission_duration_s,237.976
282.000,distance_traveled_m,48.6135104078598
282.000,route_deviations,12
282.000,investigation_time_s,0.0
282.000,hazard_avoidances,12
282.000,min_hazard_distance_m,4.452308160771184
282.000,collisions,0
282.000,time_below_clearance_s,0.0
282.000,safety_zone_violations,0
282.000,min_ttc_s,8.948575237290093
282.000,avoid_success,11
282.000,avoid_timeout,0
282.000,q_convergence,3.3503185505364335
282.000,update_residual,0.00478200326774267
282.000,investigation_deferred,0
282.000,nav_aborted,0
282.000,nav_canceled,0
282.000,nav_rejected,0
282.000,run_seed,7
283.000,anomalies_detected,0
283.000,anomalies_unique,0
283.000,investigation_timeouts,0
283.000,mission_duration_s,238.976
283.000,distance_traveled_m,48.87559029757612
283.000,route_deviations,12
283.000,investigation_time_s,0.0
283.000,hazard_avoidances,12
283.000,min_hazard_distance_m,4.452308160771184
283.000,collisions,0
283.000,time_below_clearance_s,0.0
283.000,safety_zone_violations,0
283.000,min_ttc_s,8.948575237290093
283.000,avoid_success,11
283.000,avoid_timeout,0
283.000,q_convergence,3.058431099468593
283.000,update_residual,0.017001330373681213
283.000,investigation_deferred,0
283.000,nav_aborted,0
283.000,nav_canceled,0
283.000,nav_rejected,0
283.000,run_seed,7
284.000,anomalies_detected,0
284.000,anomalies_unique,0
284.000,investigation_timeouts,0
284.000,mission_duration_s,239.976
284.000,distance_traveled_m,49.12738061531314
284.000,route_deviations,12
284.000,investigation_time_s,0.0
284.000,hazard_avoidances,12
284.000,min_hazard_distance_m,4.452308160771184
284.000,collisions,0
284.000,time_below_clearance_s,0.0
284.000,safety_zone_violations,0
284.000,min_ttc_s,8.948575237290093
284.000,avoid_success,11
284.000,avoid_timeout,0
284.000,q_convergence,2.8973154017411638
284.000,update_residual,0.0008897606009382093
284.000,investigation_deferred,0
284.000,nav_aborted,0
284.000,nav_canceled,0
284.000,nav_rejected,0
284.000,run_seed,7
285.000,anomalies_detected,0
285.000,anomalies_unique,0
285.000,investigation_timeouts,0
285.000,mission_duration_s,240.976
285.000,distance_traveled_m,49.22046757757041
285.000,route_deviations,12
285.000,investigation_time_s,0.0
285.000,hazard_avoidances,12
285.000,min_hazard_distance_m,4.452308160771184
285.000,collisions,0
285.000,time_below_clearance_s,0.0
285.000,safety_zone_violations,0
285.000,min_ttc_s,8.948575237290093
285.000,avoid_success,12
285.000,avoid_timeout,0
285.000,q_convergence,1.9687543062762547
285.000,update_residual,0.05185962649015725
285.000,investigation_deferred,0
285.000,nav_aborted,0
285.000,nav_canceled,0
285.000,nav_rejected,0
285.000,run_seed,7
286.000,anomalies_detected,0
286.000,anomalies_unique,0
286.000,investigation_timeouts,0
286.000,mission_duration_s,241.976
286.000,distance_traveled_m,49.31558840692308
286.000,route_deviations,12
286.000,investigation_time_s,0.0
286.000,hazard_avoidances,12
286.000,min_hazard_distance_m,4.452308160771184
286.000,collisions,0
286.000,time_below_clearance_s,0.0
286.000,safety_zone_violations,0
286.000,min_ttc_s,8.948575237290093
286.000,avoid_success,12
286.000,avoid_timeout,0
286.000,q_convergence,2.161449825606602
286.000,update_residual,0.007456796819038955
286.000,investigation_deferred,0
286.000,nav_aborted,0
286.000,nav_canceled,0
286.000,nav_rejected,0
286.000,run_seed,7
287.000,anomalies_detected,0
287.000,anomalies_unique,0
287.000,investigation_timeouts,0
287.000,mission_duration_s,242.976
287.000,distance_traveled_m,49.53671591540457
287.000,route_deviations,12
287.000,investigation_time_s,0.0
287.000,hazard_avoidances,12
287.000,min_hazard_distance_m,4.452308160771184
287.000,collisions,0
287.000,time_below_clearance_s,0.0
287.000,safety_zone_violations,0
287.000,min_ttc_s,8.948575237290093
287.000,avoid_success,12
287.000,avoid_timeout,0
287.000,q_convergence,1.883698435913681
287.000,update_residual,0.01098488571099007
287.000,investigation_deferred,0
287.000,nav_aborted,0
287.000,nav_canceled,0
287.000,nav_rejected,0
287.000,run_seed,7
288.000,anomalies_detected,0
288.000,anomalies_unique,0
288.000,investigation_timeouts,0
288.000,mission_duration_s,243.976
288.000,distance_traveled_m,49.646579863329336
288.000,route_deviations,12
288.000,investigation_time_s,0.0
288.000,hazard_avoidances,12
288.000,min_hazard_distance_m,4.452308160771184
288.000,collisions,0
288.000,time_below_clearance_s,0.0
288.000,safety_zone_violations,0
288.000,min_ttc_s,8.948575237290093
288.000,avoid_success,12
288.000,avoid_timeout,0
288.000,q_convergence,1.603575462042123
288.000,update_residual,0.009580332005890988
288.000,investigation_deferred,0
288.000,nav_aborted,0
288.000,nav_canceled,0
288.000,nav_rejected,0
288.000,run_seed,7
289.000,anomalies_detected,0
289.000,anomalies_unique,0
289.000,investigation_timeouts,0
289.000,mission_duration_s,244.976
289.000,distance_traveled_m,49.778989135885375
289.000,route_deviations,12
289.000,investigation_time_s,0.0
289.000,hazard_avoidances,12
289.000,min_hazard_distance_m,4.452308160771184
289.000,collisions,0
289.000,time_below_clearance_s,0.0
289.000,safety_zone_violations,0
289.000,min_ttc_s,8.948575237290093
289.000,avoid_success,12
289.000,avoid_timeout,0
289.000,q_convergence,1.7204546439469182
289.000,update_residual,0.02126825019637051
289.000,investigation_deferred,0
289.000,nav_aborted,0
289.000,nav_canceled,0
289.000,nav_rejected,0
289.000,run_seed,7
290.000,anomalies_detected,0
290.000,anomalies_unique,0
290.000,investigation_timeouts,0
290.000,mission_duration_s,245.976
290.000,distance_traveled_m,50.041067793337945
290.000,route_deviations,12
290.000,investigation_time_s,0.0
290.000,hazard_avoidances,12
290.000,min_hazard_distance_m,4.452308160771184
290.000,collisions,0
290.000,time_below_clearance_s,0.0
290.000,safety_zone_violations,0
290.000,min_ttc_s,8.948575237290093
290.000,avoid_success,12
290.000,avoid_timeout,0
290.000,q_convergence,1.370151932839899
290.000,update_residual,0.008854561215416761
290.000,investigation_deferred,0
290.000,nav_aborted,0
290.000,nav_canceled,0
290.000,nav_rejected,0
290.000,run_seed,7
291.000,anomalies_detected,0
291.000,anomalies_unique,0
291.000,investigation_timeouts,0
291.000,mission_duration_s,246.976
291.000,distance_traveled_m,50.30314778424513
291.000,route_deviations,12
291.000,investigation_time_s,0.0
291.000,hazard_avoidances,12
291.000,min_hazard_distance_m,4.452308160771184
291.000,collisions,0
291.000,time_below_clearance_s,0.0
291.000,safety_zone_violations,0
291.000,min_ttc_s,8.948575237290093
291.000,avoid_success,12
291.000,avoid_timeout,0
291.000,q_convergence,1.286240334339316
291.000,update_residual,0.0004634013653584322
291.000,investigation_deferred,0
291.000,nav_aborted,0
291.000,nav_canceled,0
291.000,nav_rejected,0
291.000,run_seed,7
292.000,anomalies_detected,0
292.000,anomalies_unique,0
292.000,investigation_timeouts,0
292.000,mission_duration_s,247.976
292.000,distance_traveled_m,50.56522777416484
292.000,route_deviations,12
292.000,investigation_time_s,0.0
292.000,hazard_avoidances,12
292.000,min_hazard_distance_m,4.452308160771184
292.000,collisions,0
292.000,time_below_clearance_s,0.0
292.000,safety_zone_violations,0
292.000,min_ttc_s,8.948575237290093
292.000,avoid_success,12
292.000,avoid_timeout,0
292.000,q_convergence,1.063894018852964
292.000,update_residual,0.003977437412900738
292.000,investigation_deferred,0
292.000,nav_aborted,0
292.000,nav_canceled,0
292.000,nav_rejected,0
292.000,run_seed,7
293.000,anomalies_detected,0
293.000,anomalies_unique,0
293.000,investigation_timeouts,0
293.000,mission_duration_s,248.976
293.000,distance_traveled_m,50.81794776698574
293.000,route_deviations,12
293.000,investigation_time_s,0.0
293.000,hazard_avoidances,12
293.000,min_hazard_distance_m,4.452308160771184
293.000,collisions,0
293.000,time_below_clearance_s,0.0
293.000,safety_zone_violations,0
293.000,min_ttc_s,8.948575237290093
293.000,avoid_success,12
293.000,avoid_timeout,0
293.000,q_convergence,1.0082781597681234
293.000,update_residual,0.00823175930726826
293.000,investigation_deferred,0
293.000,nav_aborted,0
293.000,nav_canceled,0
293.000,nav_rejected,0
293.000,run_seed,7
294.000,anomalies_detected,0
294.000,anomalies_unique,0
294.000,investigation_timeouts,0
294.000,mission_duration_s,249.976
294.000,distance_traveled_m,51.08002776565609
294.000,route_deviations,13
294.000,investigation_time_s,0.0
294.000,hazard_avoidances,13
294.000,min_hazard_distance_m,4.452308160771184
294.000,collisions,0
294.000,time_below_clearance_s,0.0
294.000,safety_zone_violations,0
294.000,min_ttc_s,8.948575237290093
294.000,avoid_success,12
294.000,avoid_timeout,0
294.000,q_convergence,2.122522889680872
294.000,update_residual,0.01894638260347925
294.000,investigation_deferred,0
294.000,nav_aborted,0
294.000,nav_canceled,0
294.000,nav_rejected,0
294.000,run_seed,7
295.000,anomalies_detected,0
295.000,anomalies_unique,0
295.000,investigation_timeouts,0
295.000,mission_duration_s,250.976
295.000,distance_traveled_m,51.22777348597473
295.000,route_deviations,13
295.000,investigation_time_s,0.0
295.000,hazard_avoidances,13
295.000,min_hazard_distance_m,4.452308160771184
295.000,collisions,0
295.000,time_below_clearance_s,0.0
295.000,safety_zone_violations,0
295.000,min_ttc_s,8.908646871827253
295.000,avoid_success,12
295.000,avoid_timeout,0
295.000,q_convergence,3.4575009662159237
295.000,update_residual,0.005036184483257501
295.000,investigation_deferred,0
295.000,nav_aborted,0
295.000,nav_canceled,0
295.000,nav_rejected,0
295.000,run_seed,7
296.000,anomalies_detected,0
296.000,anomalies_unique,0
296.000,investigation_timeouts,0
296.000,mission_duration_s,251.976
296.000,distance_traveled_m,51.392558518748125
296.000,route_deviations,13
296.000,investigation_time_s,0.0
296.000,hazard_avoidances,13
296.000,min_hazard_distance_m,4.452308160771184
296.000,collisions,0
296.000,time_below_clearance_s,0.0
296.000,safety_zone_violations,0
296.000,min_ttc_s,8.908646871827253
296.000,avoid_success,12
296.000,avoid_timeout,0
296.000,q_convergence,3.619460561098033
296.000,update_residual,0.006010091379416418
296.000,investigation_deferred,0
296.000,nav_aborted,0
296.000,nav_canceled,0
296.000,nav_rejected,0
296.000,run_seed,7
297.000,anomalies_detected,0
297.000,anomalies_unique,0
297.000,investigation_timeouts,0
297.000,mission_duration_s,252.976
297.000,distance_traveled_m,51.60102073424434
297.000,route_deviations,13
297.000,investigation_time_s,0.0
297.000,hazard_avoidances,13
297.000,min_hazard_distance_m,4.452308160771184
297.000,collisions,0
297.000,time_below_clearance_s,0.0
297.000,safety_zone_violations,0
297.000,min_ttc_s,8.908646871827253
297.000,avoid_success,12
297.000,avoid_timeout,0
297.000,q_convergence,3.7191976040241532
297.000,update_residual,0.0011981333903302166
297.000,investigation_deferred,0
297.000,nav_aborted,0
297.000,nav_canceled,0
297.000,nav_rejected,0
297.000,run_seed,7
298.000,anomalies_detected,0
298.000,anomalies_unique,0
298.000,investigation_timeouts,0
298.000,mission_duration_s,253.976
298.000,distance_traveled_m,51.62620161938323
298.000,route_deviations,13
298.000,investigation_time_s,0.0
298.000,hazard_avoidances,13
298.000,min_hazard_distance_m,4.452308160771184
298.000,collisions,0
298.000,time_below_clearance_s,0.0
298.000,safety_zone_violations,0
298.000,min_ttc_s,8.908646871827253
298.000,avoid_success,12
298.000,avoid_timeout,0
298.000,q_convergence,3.665978273599082
298.000,update_residual,0.003393585999025483
298.000,investigation_deferred,0
298.000,nav_aborted,0
298.000,nav_canceled,0
298.000,nav_rejected,0
298.000,run_seed,7
299.000,anomalies_detected,0
299.000,anomalies_unique,0
299.000,investigation_timeouts,0
299.000,mission_duration_s,254.976
299.000,distance_traveled_m,51.84336029612617
299.000,route_deviations,13
299.000,investigation_time_s,0.0
299.000,hazard_avoidances,13
299.000,min_hazard_distance_m,4.452308160771184
299.000,collisions,0
299.000,time_below_clearance_s,0.0
299.000,safety_zone_violations,0
299.000,min_ttc_s,8.908646871827253
299.000,avoid_success,12
299.000,avoid_timeout,0
299.000,q_convergence,3.6339570461386055
299.000,update_residual,0.00019146325297783793
299.000,investigation_deferred,0
299.000,nav_aborted,0
299.000,nav_canceled,0
299.000,nav_rejected,0
299.000,run_seed,7
300.000,anomalies_detected,0
300.000,anomalies_unique,0
300.000,investigation_timeouts,0
300.000,mission_duration_s,255.976
300.000,distance_traveled_m,52.105440154198114
300.000,route_deviations,13
300.000,investigation_time_s,0.0
300.000,hazard_avoidances,13
300.000,min_hazard_distance_m,4.452308160771184
300.000,collisions,0
300.000,time_below_clearance_s,0.0
300.000,safety_zone_violations,0
300.000,min_ttc_s,8.908646871827253
300.000,avoid_success,12
300.000,avoid_timeout,0
300.000,q_convergence,3.57729782043911
300.000,update_residual,0.002815911790361021
300.000,investigation_deferred,0
300.000,nav_aborted,0
300.000,nav_canceled,0
300.000,nav_rejected,0
300.000,run_seed,7
301.000,anomalies_detected,0
301.000,anomalies_unique,0
301.000,investigation_timeouts,0
301.000,mission_duration_s,256.976
301.000,distance_traveled_m,52.367520109936564
301.000,route_deviations,13
301.000,investigation_time_s,0.0
301.000,hazard_avoidances,13
301.000,min_hazard_distance_m,4.452308160771184
301.000,collisions,0
301.000,time_below_clearance_s,0.0
301.000,safety_zone_violations,0
301.000,min_ttc_s,8.908646871827253
301.000,avoid_success,12
301.000,avoid_timeout,0
301.000,q_convergence,3.336822608822358
301.000,update_residual,0.02143418155553456
301.000,investigation_deferred,0
301.000,nav_aborted,0
301.000,nav_canceled,0
301.000,nav_rejected,0
301.000,run_seed,7
302.000,anomalies_detected,0
302.000,anomalies_unique,0
302.000,investigation_timeouts,0
302.000,mission_duration_s,257.976
302.000,distance_traveled_m,52.620239864041906
302.000,route_deviations,13
302.000,investigation_time_s,0.0
302.000,hazard_avoidances,13
302.000,min_hazard_distance_m,4.452308160771184
302.000,collisions,0
302.000,time_below_clearance_s,0.0
302.000,safety_zone_violations,0
302.000,min_ttc_s,8.908646871827253
302.000,avoid_success,12
302.000,avoid_timeout,0
302.000,q_convergence,3.161247232188242
302.000,update_residual,0.014447933503306734
302.000,investigation_deferred,0
302.000,nav_aborted,0
302.000,nav_canceled,0
302.000,nav_rejected,0
302.000,run_seed,7
303.000,anomalies_detected,0
303.000,anomalies_unique,0
303.000,investigation_timeouts,0
303.000,mission_duration_s,258.976
303.000,distance_traveled_m,52.882319797525916
303.000,route_deviations,13
303.000,investigation_time_s,0.0
303.000,hazard_avoidances,13
303.000,min_hazard_distance_m,4.452308160771184
303.000,collisions,0
303.000,time_below_clearance_s,0.0
303.000,safety_zone_violations,0
303.000,min_ttc_s,8.908646871827253
303.000,avoid_success,12
303.000,avoid_timeout,0
303.000,q_convergence,2.7298983612380288
303.000,update_residual,0.01656456486561295
303.000,investigation_deferred,0
303.000,nav_aborted,0
303.000,nav_canceled,0
303.000,nav_rejected,0
303.000,run_seed,7
304.000,anomalies_detected,0
304.000,anomalies_unique,0
304.000,investigation_timeouts,0
304.000,mission_duration_s,259.976
304.000,distance_traveled_m,53.13851078161953
304.000,route_deviations,13
304.000,investigation_time_s,0.0
304.000,hazard_avoidances,13
304.000,min_hazard_distance_m,4.452308160771184
304.000,collisions,0
304.000,time_below_clearance_s,0.0
304.000,safety_zone_violations,0
304.000,min_ttc_s,8.908646871827253
304.000,avoid_success,12
304.000,avoid_timeout,0
304.000,q_convergence,2.5735983000349445
304.000,update_residual,0.0009345587453044729
304.000,investigation_deferred,0
304.000,nav_aborted,0
304.000,nav_canceled,0
304.000,nav_rejected,0
304.000,run_seed,7
305.000,anomalies_detected,0
305.000,anomalies_unique,0
305.000,investigation_timeouts,0
305.000,mission_duration_s,260.976
305.000,distance_traveled_m,53.180029632824855
305.000,route_deviations,13
305.000,investigation_time_s,0.0
305.000,hazard_avoidances,13
305.000,min_hazard_distance_m,4.452308160771184
305.000,collisions,0
305.000,time_below_clearance_s,0.0
305.000,safety_zone_violations,0
305.000,min_ttc_s,8.908646871827253
305.000,avoid_success,13
305.000,avoid_timeout,0
305.000,q_convergence,1.816362073135263
305.000,update_residual,0.039083009068158314
305.000,investigation_deferred,0
305.000,nav_aborted,0
305.000,nav_canceled,0
305.000,nav_rejected,0
305.000,run_seed,7
306.000,anomalies_detected,0
306.000,anomalies_unique,0
306.000,investigation_timeouts,0
306.000,mission_duration_s,261.976
306.000,distance_traveled_m,53.268482573325436
306.000,route_deviations,13
306.000,investigation_time_s,0.0
306.000,hazard_avoidances,13
306.000,min_hazard_distance_m,4.452308160771184
306.000,collisions,0
306.000,time_below_clearance_s,0.0
306.000,safety_zone_violations,0
306.000,min_ttc_s,8.908646871827253
306.000,avoid_success,13
306.000,avoid_timeout,0
306.000,q_convergence,2.152579493537895
306.000,update_residual,0.0027035312156719516
306.000,investigation_deferred,0
306.000,nav_aborted,0
306.000,nav_canceled,0
306.000,nav_rejected,0
306.000,run_seed,7
307.000,anomalies_detected,0
307.000,anomalies_unique,0
307.000,investigation_timeouts,0
307.000,mission_duration_s,262.976
307.000,distance_traveled_m,53.488188474800694
307.000,route_deviations,13
307.000,investigation_time_s,0.0
307.000,hazard_avoidances,13
307.000,min_hazard_distance_m,4.452308160771184
307.000,collisions,0
307.000,time_below_clearance_s,0.0
307.000,safety_zone_violations,0
307.000,min_ttc_s,8.908646871827253
307.000,avoid_success,13
307.000,avoid_timeout,0
307.000,q_convergence,1.9652626749675481
307.000,update_residual,0.011259009012712642
307.000,investigation_deferred,0
307.000,nav_aborted,0
307.000,nav_canceled,0
307.000,nav_rejected,0
307.000,run_seed,7
308.000,anomalies_detected,0
308.000,anomalies_unique,0
308.000,investigation_timeouts,0
308.000,mission_duration_s,263.976
308.000,distance_traveled_m,53.59466629944801
308.000,route_deviations,13
308.000,investigation_time_s,0.0
308.000,hazard_avoidances,13
308.000,min_hazard_distance_m,4.452308160771184
308.000,collisions,0
308.000,time_below_clearance_s,0.0
308.000,safety_zone_violations,0
308.000,min_ttc_s,8.908646871827253
308.000,avoid_success,13
308.000,avoid_timeout,0
308.000,q_convergence,1.680495809540594
308.000,update_residual,0.01057241124262356
308.000,investigation_deferred,0
308.000,nav_aborted,0
308.000,nav_canceled,0
308.000,nav_rejected,0
308.000,run_seed,7
309.000,anomalies_detected,0
309.000,anomalies_unique,0
309.000,investigation_timeouts,0
309.000,mission_duration_s,264.976
309.000,distance_traveled_m,53.745635984275616
309.000,route_deviations,13
309.000,investigation_time_s,0.0
309.000,hazard_avoidances,13
309.000,min_hazard_distance_m,4.452308160771184
309.000,collisions,0
309.000,time_below_clearance_s,0.0
309.000,safety_zone_violations,0
309.000,min_ttc_s,8.908646871827253
309.000,avoid_success,13
309.000,avoid_timeout,0
309.000,q_convergence,1.625364928225467
309.000,update_residual,0.005059323111110879
309.000,investigation_deferred,0
309.000,nav_aborted,0
309.000,nav_canceled,0
309.000,nav_rejected,0
309.000,run_seed,7
310.000,anomalies_detected,0
310.000,anomalies_unique,0
310.000,investigation_timeouts,0
310.000,mission_duration_s,265.976
310.000,distance_traveled_m,54.00771453426681
310.000,route_deviations,13
310.000,investigation_time_s,0.0
310.000,hazard_avoidances,13
310.000,min_hazard_distance_m,4.452308160771184
310.000,collisions,0
310.000,time_below_clearance_s,0.0
310.000,safety_zone_violations,0
310.000,min_ttc_s,8.908646871827253
310.000,avoid_success,13
310.000,avoid_timeout,0
310.000,q_convergence,1.421151391237663
310.000,update_residual,0.008259544869045786
310.000,investigation_deferred,0
310.000,nav_aborted,0
310.000,nav_canceled,0
310.000,nav_rejected,0
310.000,run_seed,7
311.000,anomalies_detected,0
311.000,anomalies_unique,0
311.000,investigation_timeouts,0
311.000,mission_duration_s,266.976
311.000,distance_traveled_m,54.260434527599124
311.000,route_deviations,13
311.000,investigation_time_s,0.0
311.000,hazard_avoidances,13
311.000,min_hazard_distance_m,4.452308160771184
311.000,collisions,0
311.000,time_below_clearance_s,0.0
311.000,safety_zone_violations,0
311.000,min_ttc_s,8.908646871827253
311.000,avoid_success,13
311.000,avoid_timeout,0
311.000,q_convergence,1.0486196504515035
311.000,update_residual,0.011668430997358694
311.000,investigation_deferred,0
311.000,nav_aborted,0
311.000,nav_canceled,0
311.000,nav_rejected,0
311.000,run_seed,7
312.000,anomalies_detected,0
312.000,anomalies_unique,0
312.000,investigation_timeouts,0
312.000,mission_duration_s,267.976
312.000,distance_traveled_m,54.52251452157936
312.000,route_deviations,13
312.000,investigation_time_s,0.0
312.000,hazard_avoidances,13
312.000,min_hazard_distance_m,4.452308160771184
312.000,collisions,0
312.000,time_below_clearance_s,0.0
312.000,safety_zone_violations,0
312.000,min_ttc_s,8.908646871827253
312.000,avoid_success,13
312.000,avoid_timeout,0
312.000,q_convergence,1.1271220975687408
312.000,update_residual,0.001065045359638331
312.000,investigation_deferred,0
312.000,nav_aborted,0
312.000,nav_canceled,0
312.000,nav_rejected,0
312.000,run_seed,7
313.000,anomalies_detected,0
313.000,anomalies_unique,0
313.000,investigation_timeouts,0
313.000,mission_duration_s,268.976
313.000,distance_traveled_m,54.78459451988801
313.000,route_deviations,13
313.000,investigation_time_s,0.0
313.000,hazard_avoidances,13
313.000,min_hazard_distance_m,4.452308160771184
313.000,collisions,0
313.000,time_below_clearance_s,0.0
313.000,safety_zone_violations,0
313.000,min_ttc_s,8.908646871827253
313.000,avoid_success,13
313.000,avoid_timeout,0
313.000,q_convergence,1.02993019523034
313.000,update_residual,0.006282352673998427
313.000,investigation_deferred,0
313.000,nav_aborted,0
313.000,nav_canceled,0
313.000,nav_rejected,0
313.000,run_seed,7
314.000,anomalies_detected,0
314.000,anomalies_unique,0
314.000,investigation_timeouts,0
314.000,mission_duration_s,269.976
314.000,distance_traveled_m,54.97897388131914
314.000,route_deviations,14
314.000,investigation_time_s,0.0
314.000,hazard_avoidances,14
314.000,min_hazard_distance_m,4.452308160771184
314.000,collisions,0
314.000,time_below_clearance_s,0.0
314.000,safety_zone_violations,0
314.000,min_ttc_s,8.908646871827253
314.000,avoid_success,13
314.000,avoid_timeout,0
314.000,q_convergence,2.209220951716257
314.000,update_residual,0.026828474496226544
314.000,investigation_deferred,0
314.000,nav_aborted,0
314.000,nav_canceled,0
314.000,nav_rejected,0
314.000,run_seed,7
315.000,anomalies_detected,0
315.000,anomalies_unique,0
315.000,investigation_timeouts,0
315.000,mission_duration_s,270.976
315.000,distance_traveled_m,55.0834089160983
315.000,route_deviations,14
315.000,investigation_time_s,0.0
315.000,hazard_avoidances,14
315.000,min_hazard_distance_m,4.452308160771184
315.000,collisions,0
315.000,time_below_clearance_s,0.0
315.000,safety_zone_violations,0
315.000,min_ttc_s,8.908646871827253
315.000,avoid_success,13
315.000,avoid_timeout,0
315.000,q_convergence,3.479558699113803
315.000,update_residual,0.003968400953891156
315.000,investigation_deferred,0
315.000,nav_aborted,0
315.000,nav_canceled,0
315.000,nav_rejected,0
315.000,run_seed,7
316.000,anomalies_detected,0
316.000,anomalies_unique,0
316.000,investigation_timeouts,0
316.000,mission_duration_s,271.976
316.000,distance_traveled_m,55.331812501084976
316.000,route_deviations,14
316.000,investigation_time_s,0.0
316.000,hazard_avoidances,14
316.000,min_hazard_distance_m,4.452308160771184
316.000,collisions,0
316.000,time_below_clearance_s,0.0
316.000,safety_zone_violations,0
316.000,min_ttc_s,8.908646871827253
316.000,avoid_success,13
316.000,avoid_timeout,0
316.000,q_convergence,3.5826785460134136
316.000,update_residual,0.0022576952368048224
316.000,investigation_deferred,0
316.000,nav_aborted,0
316.000,nav_canceled,0
316.000,nav_rejected,0
316.000,run_seed,7
317.000,anomalies_detected,0
317.000,anomalies_unique,0
317.000,investigation_timeouts,0
317.000,mission_duration_s,272.976
317.000,distance_traveled_m,55.394046734775266
317.000,route_deviations,14
317.000,investigation_time_s,0.0
317.000,hazard_avoidances,14
317.000,min_hazard_distance_m,4.452308160771184
317.000,collisions,0
317.000,time_below_clearance_s,0.0
317.000,safety_zone_violations,0
317.000,min_ttc_s,8.908646871827253
317.000,avoid_success,13
317.000,avoid_timeout,0
317.000,q_convergence,3.543809937520166
317.000,update_residual,0.0022338779683300325
317.000,investigation_deferred,0
317.000,nav_aborted,0
317.000,nav_canceled,0
317.000,nav_rejected,0
317.000,run_seed,7
318.000,anomalies_detected,0
318.000,anomalies_unique,0
318.000,investigation_timeouts,0
318.000,mission_duration_s,273.976
318.000,distance_traveled_m,55.57949726727964
318.000,route_deviations,14
318.000,investigation_time_s,0.0
318.000,hazard_avoidances,14
318.000,min_hazard_distance_m,4.452308160771184
318.000,collisions,0
318.000,time_below_clearance_s,0.0
318.000,safety_zone_violations,0
318.000,min_ttc_s,8.908646871827253
318.000,avoid_success,13
318.000,avoid_timeout,0
318.000,q_convergence,3.538582079351518
318.000,update_residual,1.8484802529750155e-05
318.000,investigation_deferred,0
318.000,nav_aborted,0
318.000,nav_canceled,0
318.000,nav_rejected,0
318.000,run_seed,7
319.000,anomalies_detected,0
319.000,anomalies_unique,0
319.000,investigation_timeouts,0
319.000,mission_duration_s,274.976
319.000,distance_traveled_m,55.84157616876136
319.000,route_deviations,14
319.000,investigation_time_s,0.0
319.000,hazard_avoidances,14
319.000,min_hazard_distance_m,4.452308160771184
319.000,collisions,0
319.000,time_below_clearance_s,0.0
319.000,safety_zone_violations,0
319.000,min_ttc_s,8.908646871827253
319.000,avoid_success,13
319.000,avoid_timeout,0
319.000,q_convergence,3.2536369888327537
319.000,update_residual,0.02333801726624787
319.000,investigation_deferred,0
319.000,nav_aborted,0
319.000,nav_canceled,0
319.000,nav_rejected,0
319.000,run_seed,7
320.000,anomalies_detected,0
320.000,anomalies_unique,0
320.000,investigation_timeouts,0
320.000,mission_duration_s,275.976
320.000,distance_traveled_m,56.09429601860872
320.000,route_deviations,14
320.000,investigation_time_s,0.0
320.000,hazard_avoidances,14
320.000,min_hazard_distance_m,4.452308160771184
320.000,collisions,0
320.000,time_below_clearance_s,0.0
320.000,safety_zone_violations,0
320.000,min_ttc_s,8.908646871827253
320.000,avoid_success,13
320.000,avoid_timeout,0
320.000,q_convergence,3.288947114248767
320.000,update_residual,0.01149727975017628
320.000,investigation_deferred,0
320.000,nav_aborted,0
320.000,nav_canceled,0
320.000,nav_rejected,0
320.000,run_seed,7
321.000,anomalies_detected,0
321.000,anomalies_unique,0
321.000,investigation_timeouts,0
321.000,mission_duration_s,276.976
321.000,distance_traveled_m,56.35637591151622
321.000,route_deviations,14
321.000,investigation_time_s,0.0
321.000,hazard_avoidances,14
321.000,min_hazard_distance_m,4.452308160771184
321.000,collisions,0
321.000,time_below_clearance_s,0.0
321.000,safety_zone_violations,0
321.000,min_ttc_s,8.908646871827253
321.000,avoid_success,13
321.000,avoid_timeout,0
321.000,q_convergence,3.065240444223304
321.000,update_residual,0.01719085192353533
321.000,investigation_deferred,0
321.000,nav_aborted,0
321.000,nav_canceled,0
321.000,nav_rejected,0
321.000,run_seed,7
322.000,anomalies_detected,0
322.000,anomalies_unique,0
322.000,investigation_timeouts,0
322.000,mission_duration_s,277.976
322.000,distance_traveled_m,56.618400448309124
322.000,route_deviations,14
322.000,investigation_time_s,0.0
322.000,hazard_avoidances,14
322.000,min_hazard_distance_m,4.452308160771184
322.000,collisions,0
322.000,time_below_clearance_s,0.0
322.000,safety_zone_violations,0
322.000,min_ttc_s,8.908646871827253
322.000,avoid_success,13
322.000,avoid_timeout,0
322.000,q_convergence,2.903030858304168
322.000,update_residual,0.0009698933316217533
322.000,investigation_deferred,0
322.000,nav_aborted,0
322.000,nav_canceled,0
322.000,nav_rejected,0
322.000,run_seed,7
323.000,anomalies_detected,0
323.000,anomalies_unique,0
323.000,investigation_timeouts,0
323.000,mission_duration_s,278.976
323.000,distance_traveled_m,56.75151902499981
323.000,route_deviations,14
323.000,investigation_time_s,0.0
323.000,hazard_avoidances,14
323.000,min_hazard_distance_m,4.452308160771184
323.000,collisions,0
323.000,time_below_clearance_s,0.0
323.000,safety_zone_violations,0
323.000,min_ttc_s,8.908646871827253
323.000,avoid_success,14
323.000,avoid_timeout,0
323.000,q_convergence,1.9319451007499837
323.000,update_residual,0.0558494145017732
323.000,investigation_deferred,0
323.000,nav_aborted,0
323.000,nav_canceled,0
323.000,nav_rejected,0
323.000,run_seed,7
324.000,anomalies_detected,0
324.000,anomalies_unique,0
324.000,investigation_timeouts,0
324.000,mission_duration_s,279.976
324.000,distance_traveled_m,56.8410215158426
324.000,route_deviations,14
324.000,investigation_time_s,0.0
324.000,hazard_avoidances,14
324.000,min_hazard_distance_m,4.452308160771184
324.000,collisions,0
324.000,time_below_clearance_s,0.0
324.000,safety_zone_violations,0
324.000,min_ttc_s,8.908646871827253
324.000,avoid_success,14
324.000,avoid_timeout,0
324.000,q_convergence,2.35698022383435
324.000,update_residual,0.010235191240540833
324.000,investigation_deferred,0
324.000,nav_aborted,0
324.000,nav_canceled,0
324.000,nav_rejected,0
324.000,run_seed,7
325.000,anomalies_detected,0
325.000,anomalies_unique,0
325.000,investigation_timeouts,0
325.000,mission_duration_s,280.976
325.000,distance_traveled_m,57.06301262648145
325.000,route_deviations,14
325.000,investigation_time_s,0.0
325.000,hazard_avoidances,14
325.000,min_hazard_distance_m,4.452308160771184
325.000,collisions,0
325.000,time_below_clearance_s,0.0
325.000,safety_zone_violations,0
325.000,min_ttc_s,8.908646871827253
325.000,avoid_success,14
325.000,avoid_timeout,0
325.000,q_convergence,2.213596037214959
325.000,update_residual,0.012316372141116442
325.000,investigation_deferred,0
325.000,nav_aborted,0
325.000,nav_canceled,0
325.000,nav_rejected,0
325.000,run_seed,7
326.000,anomalies_detected,0
326.000,anomalies_unique,0
326.000,investigation_timeouts,0
326.000,mission_duration_s,281.976
326.000,distance_traveled_m,57.17781610170946
326.000,route_deviations,14
326.000,investigation_time_s,0.0
326.000,hazard_avoidances,14
326.000,min_hazard_distance_m,4.452308160771184
326.000,collisions,0
326.000,time_below_clearance_s,0.0
326.000,safety_zone_violations,0
326.000,min_ttc_s,8.908646871827253
326.000,avoid_success,14
326.000,avoid_timeout,0
326.000,q_convergence,1.8899428705041217
326.000,update_residual,0.011307540207089645
326.000,investigation_deferred,0
326.000,nav_aborted,0
326.000,nav_canceled,0
326.000,nav_rejected,0
326.000,run_seed,7
327.000,anomalies_detected,0
327.000,anomalies_unique,0
327.000,investigation_timeouts,0
327.000,mission_duration_s,282.976
327.000,distance_traveled_m,57.323674017786466
327.000,route_deviations,14
327.000,investigation_time_s,0.0
327.000,hazard_avoidances,14
327.000,min_hazard_distance_m,4.452308160771184
327.000,collisions,0
327.000,time_below_clearance_s,0.0
327.000,safety_zone_violations,0
327.000,min_ttc_s,8.908646871827253
327.000,avoid_success,14
327.000,avoid_timeout,0
327.000,q_convergence,1.7668103610804473
327.000,update_residual,0.025647301291220607
327.000,investigation_deferred,0
327.000,nav_aborted,0
327.000,nav_canceled,0
327.000,nav_rejected,0
327.000,run_seed,7
328.000,anomalies_detected,0
328.000,anomalies_unique,0
328.000,investigation_timeouts,0
328.000,mission_duration_s,283.976
328.000,distance_traveled_m,57.58575250518648
328.000,route_deviations,14
328.000,investigation_time_s,0.0
328.000,hazard_avoidances,14
328.000,min_hazard_distance_m,4.452308160771184
328.000,collisions,0
328.000,time_below_clearance_s,0.0
328.000,safety_zone_violations,0
328.000,min_ttc_s,8.908646871827253
328.000,avoid_success,14
328.000,avoid_timeout,0
328.000,q_convergence,1.3738856753964783
328.000,update_residual,0.009009892945347351
328.000,investigation_deferred,0
328.000,nav_aborted,0
328.000,nav_canceled,0
328.000,nav_rejected,0
328.000,run_seed,7
329.000,anomalies_detected,0
329.000,anomalies_unique,0
329.000,investigation_timeouts,0
329.000,mission_duration_s,284.976
329.000,distance_traveled_m,57.83847249835569
329.000,route_deviations,14
329.000,investigation_time_s,0.0
329.000,hazard_avoidances,14
329.000,min_hazard_distance_m,4.452308160771184
329.000,collisions,0
329.000,time_below_clearance_s,0.0
329.000,safety_zone_violations,0
329.000,min_ttc_s,8.908646871827253
329.000,avoid_success,14
329.000,avoid_timeout,0
329.000,q_convergence,1.2885020520897823
329.000,update_residual,0.000471530614677742
329.000,investigation_deferred,0
329.000,nav_aborted,0
329.000,nav_canceled,0
329.000,nav_rejected,0
329.000,run_seed,7
330.000,anomalies_detected,0
330.000,anomalies_unique,0
330.000,investigation_timeouts,0
330.000,mission_duration_s,285.976
330.000,distance_traveled_m,58.100552490424505
330.000,route_deviations,14
330.000,investigation_time_s,0.0
330.000,hazard_avoidances,14
330.000,min_hazard_distance_m,4.452308160771184
330.000,collisions,0
330.000,time_below_clearance_s,0.0
330.000,safety_zone_violations,0
330.000,min_ttc_s,8.908646871827253
330.000,avoid_success,14
330.000,avoid_timeout,0
330.000,q_convergence,1.0263443246096524
330.000,update_residual,0.008957617564821385
330.000,investigation_deferred,0
330.000,nav_aborted,0
330.000,nav_canceled,0
330.000,nav_rejected,0
330.000,run_seed,7
331.000,anomalies_detected,0
331.000,anomalies_unique,0
331.000,investigation_timeouts,0
331.000,mission_duration_s,286.976
331.000,distance_traveled_m,58.36263248900056
331.000,route_deviations,14
331.000,investigation_time_s,0.0
331.000,hazard_avoidances,14
331.000,min_hazard_distance_m,4.452308160771184
331.000,collisions,0
331.000,time_below_clearance_s,0.0
331.000,safety_zone_violations,0
331.000,min_ttc_s,8.908646871827253
331.000,avoid_success,14
331.000,avoid_timeout,0
331.000,q_convergence,1.0809755321033905
331.000,update_residual,0.0010243201948163716
331.000,investigation_deferred,0
331.000,nav_aborted,0
331.000,nav_canceled,0
331.000,nav_rejected,0
331.000,run_seed,7
332.000,anomalies_detected,0
332.000,anomalies_unique,0
332.000,investigation_timeouts,0
332.000,mission_duration_s,287.976
332.000,distance_traveled_m,58.55553074472926
332.000,route_deviations,15
332.000,investigation_time_s,0.0
332.000,hazard_avoidances,15
332.000,min_hazard_distance_m,4.452308160771184
332.000,collisions,0
332.000,time_below_clearance_s,0.0
332.000,safety_zone_violations,0
332.000,min_ttc_s,8.908646871827253
332.000,avoid_success,14
332.000,avoid_timeout,0
332.000,q_convergence,2.1844465466898075
332.000,update_residual,0.018888596756300453
332.000,investigation_deferred,0
332.000,nav_aborted,0
332.000,nav_canceled,0
332.000,nav_rejected,0
332.000,run_seed,7
333.000,anomalies_detected,0
333.000,anomalies_unique,0
333.000,investigation_timeouts,0
333.000,mission_duration_s,288.976
333.000,distance_traveled_m,58.67591942665636
333.000,route_deviations,15
333.000,investigation_time_s,0.0
333.000,hazard_avoidances,15
333.000,min_hazard_distance_m,4.452308160771184
333.000,collisions,0
333.000,time_below_clearance_s,0.0
333.000,safety_zone_violations,0
333.000,min_ttc_s,8.908646871827253
333.000,avoid_success,14
333.000,avoid_timeout,0
333.000,q_convergence,3.4655024275636594
333.000,update_residual,0.0050457999608747185
333.000,investigation_deferred,0
333.000,nav_aborted,0
333.000,nav_canceled,0
333.000,nav_rejected,0
333.000,run_seed,7
334.000,anomalies_detected,0
334.000,anomalies_unique,0
334.000,investigation_timeouts,0
334.000,mission_duration_s,289.976
334.000,distance_traveled_m,58.92171087236904
334.000,route_deviations,15
334.000,investigation_time_s,0.0
334.000,hazard_avoidances,15
334.000,min_hazard_distance_m,4.452308160771184
334.000,collisions,0
334.000,time_below_clearance_s,0.0
334.000,safety_zone_violations,0
334.000,min_ttc_s,8.908646871827253
334.000,avoid_success,14
334.000,avoid_timeout,0
334.000,q_convergence,3.5781496955278898
334.000,update_residual,0.0022802989386896152
334.000,investigation_deferred,0
334.000,nav_aborted,0
334.000,nav_canceled,0
334.000,nav_rejected,0
334.000,run_seed,7
335.000,anomalies_detected,0
335.000,anomalies_unique,0
335.000,investigation_timeouts,0
335.000,mission_duration_s,290.976
335.000,distance_traveled_m,58.95965519313644
335.000,route_deviations,15
335.000,investigation_time_s,0.0
335.000,hazard_avoidances,15
335.000,min_hazard_distance_m,4.452308160771184
335.000,collisions,0
335.000,time_below_clearance_s,0.0
335.000,safety_zone_violations,0
335.000,min_ttc_s,8.908646871827253
335.000,avoid_success,14
335.000,avoid_timeout,0
335.000,q_convergence,3.5996661595322297
335.000,update_residual,0.00012865253825564932
335.000,investigation_deferred,0
335.000,nav_aborted,0
335.000,nav_canceled,0
335.000,nav_rejected,0
335.000,run_seed,7
336.000,anomalies_detected,0
336.000,anomalies_unique,0
336.000,investigation_timeouts,0
336.000,mission_duration_s,291.976
336.000,distance_traveled_m,59.179580086235426
336.000,route_deviations,15
336.000,investigation_time_s,0.0
336.000,hazard_avoidances,15
336.000,min_hazard_distance_m,4.452308160771184
336.000,collisions,0
336.000,time_below_clearance_s,0.0
336.000,safety_zone_violations,0
336.000,min_ttc_s,8.908646871827253
336.000,avoid_success,14
336.000,avoid_timeout,0
336.000,q_convergence,3.478478878517756
336.000,update_residual,0.006255653514701974
336.000,investigation_deferred,0
336.000,nav_aborted,0
336.000,nav_canceled,0
336.000,nav_rejected,0
336.000,run_seed,7
337.000,anomalies_detected,0
337.000,anomalies_unique,0
337.000,investigation_timeouts,0
337.000,mission_duration_s,292.976
337.000,distance_traveled_m,59.4416594740714
337.000,route_deviations,15
337.000,investigation_time_s,0.0
337.000,hazard_avoidances,15
337.000,min_hazard_distance_m,4.452308160771184
337.000,collisions,0
337.000,time_below_clearance_s,0.0
337.000,safety_zone_violations,0
337.000,min_ttc_s,8.908646871827253
337.000,avoid_success,14
337.000,avoid_timeout,0
337.000,q_convergence,3.280425732942596
337.000,update_residual,0.014125368622793715
337.000,investigation_deferred,0
337.000,nav_aborted,0
337.000,nav_canceled,0
337.000,nav_rejected,0
337.000,run_seed,7
338.000,anomalies_detected,0
338.000,anomalies_unique,0
338.000,investigation_timeouts,0
338.000,mission_duration_s,293.976
338.000,distance_traveled_m,59.69437932567392
338.000,route_deviations,15
338.000,investigation_time_s,0.0
338.000,hazard_avoidances,15
338.000,min_hazard_distance_m,4.452308160771184
338.000,collisions,0
338.000,time_below_clearance_s,0.0
338.000,safety_zone_violations,0
338.000,min_ttc_s,8.908646871827253
338.000,avoid_success,14
338.000,avoid_timeout,0
338.000,q_convergence,3.0169824291659526
338.000,update_residual,0.011344843730082694
338.000,investigation_deferred,0
338.000,nav_aborted,0
338.000,nav_canceled,0
338.000,nav_rejected,0
338.000,run_seed,7
339.000,anomalies_detected,0
339.000,anomalies_unique,0
339.000,investigation_timeouts,0
339.000,mission_duration_s,294.976
339.000,distance_traveled_m,59.95645921148005
339.000,route_deviations,15
339.000,investigation_time_s,0.0
339.000,hazard_avoidances,15
339.000,min_hazard_distance_m,4.452308160771184
339.000,collisions,0
339.000,time_below_clearance_s,0.0
339.000,safety_zone_violations,0
339.000,min_ttc_s,8.908646871827253
339.000,avoid_success,14
339.000,avoid_timeout,0
339.000,q_convergence,2.0632233704651286
339.000,update_residual,0.04383414569967362
339.000,investigation_deferred,0
339.000,nav_aborted,0
339.000,nav_canceled,0
339.000,nav_rejected,0
339.000,run_seed,7
340.000,anomalies_detected,0
340.000,anomalies_unique,0
340.000,investigation_timeouts,0
340.000,mission_duration_s,295.976
340.000,distance_traveled_m,60.21809605726173
340.000,route_deviations,15
340.000,investigation_time_s,0.0
340.000,hazard_avoidances,15
340.000,min_hazard_distance_m,4.452308160771184
340.000,collisions,0
340.000,time_below_clearance_s,0.0
340.000,safety_zone_violations,0
340.000,min_ttc_s,8.908646871827253
340.000,avoid_success,14
340.000,avoid_timeout,0
340.000,q_convergence,2.1964890553677385
340.000,update_residual,0.009868574624518523
340.000,investigation_deferred,0
340.000,nav_aborted,0
340.000,nav_canceled,0
340.000,nav_rejected,0
340.000,run_seed,7
341.000,anomalies_detected,0
341.000,anomalies_unique,0
341.000,investigation_timeouts,0
341.000,mission_duration_s,296.976
341.000,distance_traveled_m,60.323798845179184
341.000,route_deviations,15
341.000,investigation_time_s,0.0
341.000,hazard_avoidances,15
341.000,min_hazard_distance_m,4.452308160771184
341.000,collisions,0
341.000,time_below_clearance_s,0.0
341.000,safety_zone_violations,0
341.000,min_ttc_s,8.908646871827253
341.000,avoid_success,15
341.000,avoid_timeout,0
341.000,q_convergence,2.021303337589539
341.000,update_residual,0.008515562350076776
341.000,investigation_deferred,0
341.000,nav_aborted,0
341.000,nav_canceled,0
341.000,nav_rejected,0
341.000,run_seed,7
342.000,anomalies_detected,0
342.000,anomalies_unique,0
342.000,investigation_timeouts,0
342.000,mission_duration_s,297.976
342.000,distance_traveled_m,60.416176079801346
342.000,route_deviations,15
342.000,investigation_time_s,0.0
342.000,hazard_avoidances,15
342.000,min_hazard_distance_m,4.452308160771184
342.000,collisions,0
342.000,time_below_clearance_s,0.0
342.000,safety_zone_violations,0
342.000,min_ttc_s,8.908646871827253
342.000,avoid_success,15
342.000,avoid_timeout,0
342.000,q_convergence,1.8635277635192975
342.000,update_residual,0.008039495076512715
342.000,investigation_deferred,0
342.000,nav_aborted,0
342.000,nav_canceled,0
342.000,nav_rejected,0
342.000,run_seed,7
343.000,anomalies_detected,0
343.000,anomalies_unique,0
343.000,investigation_timeouts,0
343.000,mission_duration_s,298.976
343.000,distance_traveled_m,60.6370041503566
343.000,route_deviations,15
343.000,investigation_time_s,0.0
343.000,hazard_avoidances,15
343.000,min_hazard_distance_m,4.452308160771184
343.000,collisions,0
343.000,time_below_clearance_s,0.0
343.000,safety_zone_violations,0
343.000,min_ttc_s,8.908646871827253
343.000,avoid_success,15
343.000,avoid_timeout,0
343.000,q_convergence,1.6133018499895115
343.000,update_residual,0.00976389591484668
343.000,investigation_deferred,0
343.000,nav_aborted,0
343.000,nav_canceled,0
343.000,nav_rejected,0
343.000,run_seed,7
344.000,anomalies_detected,0
344.000,anomalies_unique,0
344.000,investigation_timeouts,0
344.000,mission_duration_s,299.976
344.000,distance_traveled_m,60.739164946173936
344.000,route_deviations,15
344.000,investigation_time_s,0.0
344.000,hazard_avoidances,15
344.000,min_hazard_distance_m,4.452308160771184
344.000,collisions,0
344.000,time_below_clearance_s,0.0
344.000,safety_zone_violations,0
344.000,min_ttc_s,8.908646871827253
344.000,avoid_success,15
344.000,avoid_timeout,0
344.000,q_convergence,1.3992856105972924
344.000,update_residual,0.011097215338240417
344.000,investigation_deferred,0
344.000,nav_aborted,0
344.000,nav_canceled,0
344.000,nav_rejected,0
344.000,run_seed,7
345.000,anomalies_detected,0
345.000,anomalies_unique,0
345.000,investigation_timeouts,0
345.000,mission_duration_s,300.976
345.000,distance_traveled_m,60.88429258197749
345.000,route_deviations,15
345.000,investigation_time_s,0.0
345.000,hazard_avoidances,15
345.000,min_hazard_distance_m,4.452308160771184
345.000,collisions,0
345.000,time_below_clearance_s,0.0
345.000,safety_zone_violations,0
345.000,min_ttc_s,8.908646871827253
345.000,avoid_success,15
345.000,avoid_timeout,0
345.000,q_convergence,1.5358465045501968
345.000,update_residual,0.024753304733530886
345.000,investigation_deferred,0
345.000,nav_aborted,0
345.000,nav_canceled,0
345.000,nav_rejected,0
345.000,run_seed,7
346.000,anomalies_detected,0
346.000,anomalies_unique,0
346.000,investigation_timeouts,0
346.000,mission_duration_s,301.976
346.000,distance_traveled_m,61.146371230460076
346.000,route_deviations,15
346.000,investigation_time_s,0.0
346.000,hazard_avoidances,15
346.000,min_hazard_distance_m,4.452308160771184
346.000,collisions,0
346.000,time_below_clearance_s,0.0
346.000,safety_zone_violations,0
346.000,min_ttc_s,8.908646871827253
346.000,avoid_success,15
346.000,avoid_timeout,0
346.000,q_convergence,1.0705507086514987
346.000,update_residual,0.004123533994492729
346.000,investigation_deferred,0
346.000,nav_aborted,0
346.000,nav_canceled,0
346.000,nav_rejected,0
346.000,run_seed,7
347.000,anomalies_detected,0
347.000,anomalies_unique,0
347.000,investigation_timeouts,0
347.000,mission_duration_s,302.976
347.000,distance_traveled_m,61.399091224564295
347.000,route_deviations,15
347.000,investigation_time_s,0.0
347.000,hazard_avoidances,15
347.000,min_hazard_distance_m,4.452308160771184
347.000,collisions,0
347.000,time_below_clearance_s,0.0
347.000,safety_zone_violations,0
347.000,min_ttc_s,8.908646871827253
347.000,avoid_success,15
347.000,avoid_timeout,0
347.000,q_convergence,1.0101714184806612
347.000,update_residual,0.007936494564290448
347.000,investigation_deferred,0
347.000,nav_aborted,0
347.000,nav_canceled,0
347.000,nav_rejected,0
347.000,run_seed,7
348.000,anomalies_detected,0
348.000,anomalies_unique,0
348.000,investigation_timeouts,0
348.000,mission_duration_s,303.976
348.000,distance_traveled_m,61.66117121879661
348.000,route_deviations,15
348.000,investigation_time_s,0.0
348.000,hazard_avoidances,15
348.000,min_hazard_distance_m,4.452308160771184
348.000,collisions,0
348.000,time_below_clearance_s,0.0
348.000,safety_zone_violations,0
348.000,min_ttc_s,8.908646871827253
348.000,avoid_success,15
348.000,avoid_timeout,0
348.000,q_convergence,0.9894558358714305
348.000,update_residual,0.005864936303367396
348.000,investigation_deferred,0
348.000,nav_aborted,0
348.000,nav_canceled,0
348.000,nav_rejected,0
348.000,run_seed,7
349.000,anomalies_detected,0
349.000,anomalies_unique,0
349.000,investigation_timeouts,0
349.000,mission_duration_s,304.976
349.000,distance_traveled_m,61.92325121770692
349.000,route_deviations,15
349.000,investigation_time_s,0.0
349.000,hazard_avoidances,15
349.000,min_hazard_distance_m,4.452308160771184
349.000,collisions,0
349.000,time_below_clearance_s,0.0
349.000,safety_zone_violations,0
349.000,min_ttc_s,8.908646871827253
349.000,avoid_success,15
349.000,avoid_timeout,0
349.000,q_convergence,0.9728782362131214
349.000,update_residual,0.018169273430102776
349.000,investigation_deferred,0
349.000,nav_aborted,0
349.000,nav_canceled,0
349.000,nav_rejected,0
349.000,run_seed,7
350.000,anomalies_detected,0
350.000,anomalies_unique,0
350.000,investigation_timeouts,0
350.000,mission_duration_s,305.976
350.000,distance_traveled_m,62.11274770541942
350.000,route_deviations,16
350.000,investigation_time_s,0.0
350.000,hazard_avoidances,16
350.000,min_hazard_distance_m,4.452308160771184
350.000,collisions,0
350.000,time_below_clearance_s,0.0
350.000,safety_zone_violations,0
350.000,min_ttc_s,8.908646871827253
350.000,avoid_success,15
350.000,avoid_timeout,0
350.000,q_convergence,2.131131949377676
350.000,update_residual,0.025806769809692758
350.000,investigation_deferred,0
350.000,nav_aborted,0
350.000,nav_canceled,0
350.000,nav_rejected,0
350.000,run_seed,7
351.000,anomalies_detected,0
351.000,anomalies_unique,0
351.000,investigation_timeouts,0
351.000,mission_duration_s,306.976
351.000,distance_traveled_m,62.23149654768864
351.000,route_deviations,16
351.000,investigation_time_s,0.0
351.000,hazard_avoidances,16
351.000,min_hazard_distance_m,4.452308160771184
351.000,collisions,0
351.000,time_below_clearance_s,0.0
351.000,safety_zone_violations,0
351.000,min_ttc_s,8.908646871827253
351.000,avoid_success,15
351.000,avoid_timeout,0
351.000,q_convergence,3.4656038263647777
351.000,update_residual,0.0050909260361096265
351.000,investigation_deferred,0
351.000,nav_aborted,0
351.000,nav_canceled,0
351.000,nav_rejected,0
351.000,run_seed,7
352.000,anomalies_detected,0
352.000,anomalies_unique,0
352.000,investigation_timeouts,0
352.000,mission_duration_s,307.976
352.000,distance_traveled_m,62.47205773878454
352.000,route_deviations,16
352.000,investigation_time_s,0.0
352.000,hazard_avoidances,16
352.000,min_hazard_distance_m,4.452308160771184
352.000,collisions,0
352.000,time_below_clearance_s,0.0
352.000,safety_zone_violations,0
352.000,min_ttc_s,8.908646871827253
352.000,avoid_success,15
352.000,avoid_timeout,0
352.000,q_convergence,3.5772090332269837
352.000,update_residual,0.0022038067067001693
352.000,investigation_deferred,0
352.000,nav_aborted,0
352.000,nav_canceled,0
352.000,nav_rejected,0
352.000,run_seed,7
353.000,anomalies_detected,0
353.000,anomalies_unique,0
353.000,investigation_timeouts,0
353.000,mission_duration_s,308.976
353.000,distance_traveled_m,62.506769993676805
353.000,route_deviations,16
353.000,investigation_time_s,0.0
353.000,hazard_avoidances,16
353.000,min_hazard_distance_m,4.452308160771184
353.000,collisions,0
353.000,time_below_clearance_s,0.0
353.000,safety_zone_violations,0
353.000,min_ttc_s,8.908646871827253
353.000,avoid_success,15
353.000,avoid_timeout,0
353.000,q_convergence,3.53318218054014
353.000,update_residual,0.0024874454614366615
353.000,investigation_deferred,0
353.000,nav_aborted,0
353.000,nav_canceled,0
353.000,nav_rejected,0
353.000,run_seed,7
354.000,anomalies_detected,0
354.000,anomalies_unique,0
354.000,investigation_timeouts,0
354.000,mission_duration_s,309.976
354.000,distance_traveled_m,62.7193227219774
354.000,route_deviations,16
354.000,investigation_time_s,0.0
354.000,hazard_avoidances,16
354.000,min_hazard_distance_m,4.452308160771184
354.000,collisions,0
354.000,time_below_clearance_s,0.0
354.000,safety_zone_violations,0
354.000,min_ttc_s,8.908646871827253
354.000,avoid_success,15
354.000,avoid_timeout,0
354.000,q_convergence,3.525270320936412
354.000,update_residual,3.3490276338225224e-05
354.000,investigation_deferred,0
354.000,nav_aborted,0
354.000,nav_canceled,0
354.000,nav_rejected,0
354.000,run_seed,7
355.000,anomalies_detected,0
355.000,anomalies_unique,0
355.000,investigation_timeouts,0
355.000,mission_duration_s,310.976
355.000,distance_traveled_m,62.981402141738336
355.000,route_deviations,16
355.000,investigation_time_s,0.0
355.000,hazard_avoidances,16
355.000,min_hazard_distance_m,4.452308160771184
355.000,collisions,0
355.000,time_below_clearance_s,0.0
355.000,safety_zone_violations,0
355.000,min_ttc_s,8.908646871827253
355.000,avoid_success,15
355.000,avoid_timeout,0
355.000,q_convergence,3.3226830460503725
355.000,update_residual,0.015885948303417236
355.000,investigation_deferred,0
355.000,nav_aborted,0
355.000,nav_canceled,0
355.000,nav_rejected,0
355.000,run_seed,7
356.000,anomalies_detected,0
356.000,anomalies_unique,0
356.000,investigation_timeouts,0
356.000,mission_duration_s,311.976
356.000,distance_traveled_m,63.2341220424936
356.000,route_deviations,16
356.000,investigation_time_s,0.0
356.000,hazard_avoidances,16
356.000,min_hazard_distance_m,4.452308160771184
356.000,collisions,0
356.000,time_below_clearance_s,0.0
356.000,safety_zone_violations,0
356.000,min_ttc_s,8.908646871827253
356.000,avoid_success,15
356.000,avoid_timeout,0
356.000,q_convergence,3.3508531645948865
356.000,update_residual,0.006356661864400677
356.000,investigation_deferred,0
356.000,nav_aborted,0
356.000,nav_canceled,0
356.000,nav_rejected,0
356.000,run_seed,7
357.000,anomalies_detected,0
357.000,anomalies_unique,0
357.000,investigation_timeouts,0
357.000,mission_duration_s,312.976
357.000,distance_traveled_m,63.496201972089594
357.000,route_deviations,16
357.000,investigation_time_s,0.0
357.000,hazard_avoidances,16
357.000,min_hazard_distance_m,4.452308160771184
357.000,collisions,0
357.000,time_below_clearance_s,0.0
357.000,safety_zone_violations,0
357.000,min_ttc_s,8.908646871827253
357.000,avoid_success,15
357.000,avoid_timeout,0
357.000,q_convergence,3.077487593417224
357.000,update_residual,0.017523077766416446
357.000,investigation_deferred,0
357.000,nav_aborted,0
357.000,nav_canceled,0
357.000,nav_rejected,0
357.000,run_seed,7
358.000,anomalies_detected,0
358.000,anomalies_unique,0
358.000,investigation_timeouts,0
358.000,mission_duration_s,313.976
358.000,distance_traveled_m,63.75809718430582
358.000,route_deviations,16
358.000,investigation_time_s,0.0
358.000,hazard_avoidances,16
358.000,min_hazard_distance_m,4.452308160771184
358.000,collisions,0
358.000,time_below_clearance_s,0.0
358.000,safety_zone_violations,0
358.000,min_ttc_s,8.908646871827253
358.000,avoid_success,15
358.000,avoid_timeout,0
358.000,q_convergence,2.9121431880810484
358.000,update_residual,0.000988637232798743
358.000,investigation_deferred,0
358.000,nav_aborted,0
358.000,nav_canceled,0
358.000,nav_rejected,0
358.000,run_seed,7
359.000,anomalies_detected,0
359.000,anomalies_unique,0
359.000,investigation_timeouts,0
359.000,mission_duration_s,314.976
359.000,distance_traveled_m,63.87262770948115
359.000,route_deviations,16
359.000,investigation_time_s,0.0
359.000,hazard_avoidances,16
359.000,min_hazard_distance_m,4.452308160771184
359.000,collisions,0
359.000,time_below_clearance_s,0.0
359.000,safety_zone_violations,0
359.000,min_ttc_s,8.908646871827253
359.000,avoid_success,16
359.000,avoid_timeout,0
359.000,q_convergence,1.8540565257630157
359.000,update_residual,0.06440665712466002
359.000,investigation_deferred,0
359.000,nav_aborted,0
359.000,nav_canceled,0
359.000,nav_rejected,0
359.000,run_seed,7
360.000,anomalies_detected,0
360.000,anomalies_unique,0
360.000,investigation_timeouts,0
360.000,mission_duration_s,315.976
360.000,distance_traveled_m,63.9625259924914
360.000,route_deviations,16
360.000,investigation_time_s,0.0
360.000,hazard_avoidances,16
360.000,min_hazard_distance_m,4.452308160771184
360.000,collisions,0
360.000,time_below_clearance_s,0.0
360.000,safety_zone_violations,0
360.000,min_ttc_s,8.908646871827253
360.000,avoid_success,16
360.000,avoid_timeout,0
360.000,q_convergence,2.1108132724748296
360.000,update_residual,0.0013932723093243438
360.000,investigation_deferred,0
360.000,nav_aborted,0
360.000,nav_canceled,0
360.000,nav_rejected,0
360.000,run_seed,7
361.000,anomalies_detected,0
361.000,anomalies_unique,0
361.000,investigation_timeouts,0
361.000,mission_duration_s,316.976
361.000,distance_traveled_m,64.18320533948352
361.000,route_deviations,16
361.000,investigation_time_s,0.0
361.000,hazard_avoidances,16
361.000,min_hazard_distance_m,4.452308160771184
361.000,collisions,0
361.000,time_below_clearance_s,0.0
361.000,safety_zone_violations,0
361.000,min_ttc_s,8.908646871827253
361.000,avoid_success,16
361.000,avoid_timeout,0
361.000,q_convergence,2.0976320813358393
361.000,update_residual,7.515319542539153e-05
361.000,investigation_deferred,0
361.000,nav_aborted,0
361.000,nav_canceled,0
361.000,nav_rejected,0
361.000,run_seed,7
362.000,anomalies_detected,0
362.000,anomalies_unique,0
362.000,investigation_timeouts,0
362.000,mission_duration_s,317.976
362.000,distance_traveled_m,64.28971323660448
362.000,route_deviations,16
362.000,investigation_time_s,0.0
362.000,hazard_avoidances,16
362.000,min_hazard_distance_m,4.452308160771184
362.000,collisions,0
362.000,time_below_clearance_s,0.0
362.000,safety_zone_violations,0
362.000,min_ttc_s,8.908646871827253
362.000,avoid_success,16
362.000,avoid_timeout,0
362.000,q_convergence,1.8888448393158779
362.000,update_residual,0.010649637234153016
362.000,investigation_deferred,0
362.000,nav_aborted,0
362.000,nav_canceled,0
362.000,nav_rejected,0
362.000,run_seed,7
363.000,anomalies_detected,0
363.000,anomalies_unique,0
363.000,investigation_timeouts,0
363.000,mission_duration_s,318.976
363.000,distance_traveled_m,64.43697714682102
363.000,route_deviations,16
363.000,investigation_time_s,0.0
363.000,hazard_avoidances,16
363.000,min_hazard_distance_m,4.452308160771184
363.000,collisions,0
363.000,time_below_clearance_s,0.0
363.000,safety_zone_violations,0
363.000,min_ttc_s,8.908646871827253
363.000,avoid_success,16
363.000,avoid_timeout,0
363.000,q_convergence,1.7560819332821986
363.000,update_residual,0.02410857363540031
363.000,investigation_deferred,0
363.000,nav_aborted,0
363.000,nav_canceled,0
363.000,nav_rejected,0
363.000,run_seed,7
364.000,anomalies_detected,0
364.000,anomalies_unique,0
364.000,investigation_timeouts,0
364.000,mission_duration_s,319.976
364.000,distance_traveled_m,64.69905582337549
364.000,route_deviations,16
364.000,investigation_time_s,0.0
364.000,hazard_avoidances,16
364.000,min_hazard_distance_m,4.452308160771184
364.000,collisions,0
364.000,time_below_clearance_s,0.0
364.000,safety_zone_violations,0
364.000,min_ttc_s,8.908646871827253
364.000,avoid_success,16
364.000,avoid_timeout,0
364.000,q_convergence,1.5276133618759478
364.000,update_residual,0.0012617164947752505
364.000,investigation_deferred,0
364.000,nav_aborted,0
364.000,nav_canceled,0
364.000,nav_rejected,0
364.000,run_seed,7
365.000,anomalies_detected,0
365.000,anomalies_unique,0
365.000,investigation_timeouts,0
365.000,mission_duration_s,320.976
365.000,distance_traveled_m,64.9517758168697
365.000,route_deviations,16
365.000,investigation_time_s,0.0
365.000,hazard_avoidances,16
365.000,min_hazard_distance_m,4.452308160771184
365.000,collisions,0
365.000,time_below_clearance_s,0.0
365.000,safety_zone_violations,0
365.000,min_ttc_s,8.908646871827253
365.000,avoid_success,16
365.000,avoid_timeout,0
365.000,q_convergence,1.3653200781706345
365.000,update_residual,0.007757331078166794
365.000,investigation_deferred,0
365.000,nav_aborted,0
365.000,nav_canceled,0
365.000,nav_rejected,0
365.000,run_seed,7
366.000,anomalies_detected,0
366.000,anomalies_unique,0
366.000,investigation_timeouts,0
366.000,mission_duration_s,321.976
366.000,distance_traveled_m,65.21385581055068
366.000,route_deviations,16
366.000,investigation_time_s,0.0
366.000,hazard_avoidances,16
366.000,min_hazard_distance_m,4.452308160771184
366.000,collisions,0
366.000,time_below_clearance_s,0.0
366.000,safety_zone_violations,0
366.000,min_ttc_s,8.908646871827253
366.000,avoid_success,16
366.000,avoid_timeout,0
366.000,q_convergence,1.2919310766197984
366.000,update_residual,0.00041843092308327493
366.000,investigation_deferred,0
366.000,nav_aborted,0
366.000,nav_canceled,0
366.000,nav_rejected,0
366.000,run_seed,7
367.000,anomalies_detected,0
367.000,anomalies_unique,0
367.000,investigation_timeouts,0
367.000,mission_duration_s,322.976
367.000,distance_traveled_m,65.47593580926079
367.000,route_deviations,16
367.000,investigation_time_s,0.0
367.000,hazard_avoidances,16
367.000,min_hazard_distance_m,4.452308160771184
367.000,collisions,0
367.000,time_below_clearance_s,0.0
367.000,safety_zone_violations,0
367.000,min_ttc_s,8.908646871827253
367.000,avoid_success,16
367.000,avoid_timeout,0
367.000,q_convergence,1.0066193030523898
367.000,update_residual,0.01581926763980351
367.000,investigation_deferred,0
367.000,nav_aborted,0
367.000,nav_canceled,0
367.000,nav_rejected,0
367.000,run_seed,7
368.000,anomalies_detected,0
368.000,anomalies_unique,0
368.000,investigation_timeouts,0
368.000,mission_duration_s,323.976
368.000,distance_traveled_m,65.66285694611852
368.000,route_deviations,17
368.000,investigation_time_s,0.0
368.000,hazard_avoidances,17
368.000,min_hazard_distance_m,4.452308160771184
368.000,collisions,0
368.000,time_below_clearance_s,0.0
368.000,safety_zone_violations,0
368.000,min_ttc_s,8.908646871827253
368.000,avoid_success,16
368.000,avoid_timeout,0
368.000,q_convergence,2.1454781610041587
368.000,update_residual,0.0181376231937667
368.000,investigation_deferred,0
368.000,nav_aborted,0
368.000,nav_canceled,0
368.000,nav_rejected,0
368.000,run_seed,7
369.000,anomalies_detected,0
369.000,anomalies_unique,0
369.000,investigation_timeouts,0
369.000,mission_duration_s,324.976
369.000,distance_traveled_m,65.7778786104154
369.000,route_deviations,17
369.000,investigation_time_s,0.0
369.000,hazard_avoidances,17
369.000,min_hazard_distance_m,4.452308160771184
369.000,collisions,0
369.000,time_below_clearance_s,0.0
369.000,safety_zone_violations,0
369.000,min_ttc_s,8.908646871827253
369.000,avoid_success,16
369.000,avoid_timeout,0
369.000,q_convergence,3.466130036486575
369.000,update_residual,0.00496910040261788
369.000,investigation_deferred,0
369.000,nav_aborted,0
369.000,nav_canceled,0
369.000,nav_rejected,0
369.000,run_seed,7
370.000,anomalies_detected,0
370.000,anomalies_unique,0
370.000,investigation_timeouts,0
370.000,mission_duration_s,325.976
370.000,distance_traveled_m,66.02097553900472
370.000,route_deviations,17
370.000,investigation_time_s,0.0
370.000,hazard_avoidances,17
370.000,min_hazard_distance_m,4.452308160771184
370.000,collisions,0
370.000,time_below_clearance_s,0.0
370.000,safety_zone_violations,0
370.000,min_ttc_s,8.908646871827253
370.000,avoid_success,16
370.000,avoid_timeout,0
370.000,q_convergence,3.5754710987424687
370.000,update_residual,0.00213757933008305
370.000,investigation_deferred,0
370.000,nav_aborted,0
370.000,nav_canceled,0
370.000,nav_rejected,0
370.000,run_seed,7
371.000,anomalies_detected,0
371.000,anomalies_unique,0
371.000,investigation_timeouts,0
371.000,mission_duration_s,326.976
371.000,distance_traveled_m,66.05148561433971
371.000,route_deviations,17
371.000,investigation_time_s,0.0
371.000,hazard_avoidances,17
371.000,min_hazard_distance_m,4.452308160771184
371.000,collisions,0
371.000,time_below_clearance_s,0.0
371.000,safety_zone_violations,0
371.000,min_ttc_s,8.908646871827253
371.000,avoid_success,16
371.000,avoid_timeout,0
371.000,q_convergence,3.53216670827178
371.000,update_residual,0.0024195765608817366
371.000,investigation_deferred,0
371.000,nav_aborted,0
371.000,nav_canceled,0
371.000,nav_rejected,0
371.000,run_seed,7
372.000,anomalies_detected,0
372.000,anomalies_unique,0
372.000,investigation_timeouts,0
372.000,mission_duration_s,327.976
372.000,distance_traveled_m,66.23677117003916
372.000,route_deviations,17
372.000,investigation_time_s,0.0
372.000,hazard_avoidances,17
372.000,min_hazard_distance_m,4.452308160771184
372.000,collisions,0
372.000,time_below_clearance_s,0.0
372.000,safety_zone_violations,0
372.000,min_ttc_s,8.908646871827253
372.000,avoid_success,16
372.000,avoid_timeout,0
372.000,q_convergence,3.524957438713718
372.000,update_residual,2.9571514608375815e-05
372.000,investigation_deferred,0
372.000,nav_aborted,0
372.000,nav_canceled,0
372.000,nav_rejected,0
372.000,run_seed,7
373.000,anomalies_detected,0
373.000,anomalies_unique,0
373.000,investigation_timeouts,0
373.000,mission_duration_s,328.976
373.000,distance_traveled_m,66.49885063550627
373.000,route_deviations,17
373.000,investigation_time_s,0.0
373.000,hazard_avoidances,17
373.000,min_hazard_distance_m,4.452308160771184
373.000,collisions,0
373.000,time_below_clearance_s,0.0
373.000,safety_zone_violations,0
373.000,min_ttc_s,8.908646871827253
373.000,avoid_success,16
373.000,avoid_timeout,0
373.000,q_convergence,3.3344901556980333
373.000,update_residual,0.014775734563259818
373.000,investigation_deferred,0
373.000,nav_aborted,0
373.000,nav_canceled,0
373.000,nav_rejected,0
373.000,run_seed,7
374.000,anomalies_detected,0
374.000,anomalies_unique,0
374.000,investigation_timeouts,0
374.000,mission_duration_s,329.976
374.000,distance_traveled_m,66.75157046508697
374.000,route_deviations,17
374.000,investigation_time_s,0.0
374.000,hazard_avoidances,17
374.000,min_hazard_distance_m,4.452308160771184
374.000,collisions,0
374.000,time_below_clearance_s,0.0
374.000,safety_zone_violations,0
374.000,min_ttc_s,8.908646871827253
374.000,avoid_success,16
374.000,avoid_timeout,0
374.000,q_convergence,2.9920587576555833
374.000,update_residual,0.009293165915382623
374.000,investigation_deferred,0
374.000,nav_aborted,0
374.000,nav_canceled,0
374.000,nav_rejected,0
374.000,run_seed,7
375.000,anomalies_detected,0
375.000,anomalies_unique,0
375.000,investigation_timeouts,0
375.000,mission_duration_s,330.976
375.000,distance_traveled_m,67.01365035210796
375.000,route_deviations,17
375.000,investigation_time_s,0.0
375.000,hazard_avoidances,17
375.000,min_hazard_distance_m,4.452308160771184
375.000,collisions,0
375.000,time_below_clearance_s,0.0
375.000,safety_zone_violations,0
375.000,min_ttc_s,8.908646871827253
375.000,avoid_success,16
375.000,avoid_timeout,0
375.000,q_convergence,2.0394857156758337
375.000,update_residual,0.04580492864704909
375.000,investigation_deferred,0
375.000,nav_aborted,0
375.000,nav_canceled,0
375.000,nav_rejected,0
375.000,run_seed,7
376.000,anomalies_detected,0
376.000,anomalies_unique,0
376.000,investigation_timeouts,0
376.000,mission_duration_s,331.976
376.000,distance_traveled_m,67.27569506156715
376.000,route_deviations,17
376.000,investigation_time_s,0.0
376.000,hazard_avoidances,17
376.000,min_hazard_distance_m,4.452308160771184
376.000,collisions,0
376.000,time_below_clearance_s,0.0
376.000,safety_zone_violations,0
376.000,min_ttc_s,8.908646871827253
376.000,avoid_success,16
376.000,avoid_timeout,0
376.000,q_convergence,2.4363957607731592
376.000,update_residual,0.0027862272953334535
376.000,investigation_deferred,0
376.000,nav_aborted,0
376.000,nav_canceled,0
376.000,nav_rejected,0
376.000,run_seed,7
377.000,anomalies_detected,0
377.000,anomalies_unique,0
377.000,investigation_timeouts,0
377.000,mission_duration_s,332.976
377.000,distance_traveled_m,67.40056416645434
377.000,route_deviations,17
377.000,investigation_time_s,0.0
377.000,hazard_avoidances,17
377.000,min_hazard_distance_m,4.452308160771184
377.000,collisions,0
377.000,time_below_clearance_s,0.0
377.000,safety_zone_violations,0
377.000,min_ttc_s,8.908646871827253
377.000,avoid_success,17
377.000,avoid_timeout,0
377.000,q_convergence,2.136702593999044
377.000,update_residual,0.017969976169132963
377.000,investigation_deferred,0
377.000,nav_aborted,0
377.000,nav_canceled,0
377.000,nav_rejected,0
377.000,run_seed,7
378.000,anomalies_detected,0
378.000,anomalies_unique,0
378.000,investigation_timeouts,0
378.000,mission_duration_s,333.976
378.000,distance_traveled_m,67.48868912285404
378.000,route_deviations,17
378.000,investigation_time_s,0.0
378.000,hazard_avoidances,17
378.000,min_hazard_distance_m,4.452308160771184
378.000,collisions,0
378.000,time_below_clearance_s,0.0
378.000,safety_zone_violations,0
378.000,min_ttc_s,8.908646871827253
378.000,avoid_success,17
378.000,avoid_timeout,0
378.000,q_convergence,1.8518575938273802
378.000,update_residual,0.007143116445998881
378.000,investigation_deferred,0
378.000,nav_aborted,0
378.000,nav_canceled,0
378.000,nav_rejected,0
378.000,run_seed,7
379.000,anomalies_detected,0
379.000,anomalies_unique,0
379.000,investigation_timeouts,0
379.000,mission_duration_s,334.976
379.000,distance_traveled_m,67.70927604382958
379.000,route_deviations,17
379.000,investigation_time_s,0.0
379.000,hazard_avoidances,17
379.000,min_hazard_distance_m,4.452308160771184
379.000,collisions,0
379.000,time_below_clearance_s,0.0
379.000,safety_zone_violations,0
379.000,min_ttc_s,8.908646871827253
379.000,avoid_success,17
379.000,avoid_timeout,0
379.000,q_convergence,1.6103763053670803
379.000,update_residual,0.009701384040479774
379.000,investigation_deferred,0
379.000,nav_aborted,0
379.000,nav_canceled,0
379.000,nav_rejected,0
379.000,run_seed,7
380.000,anomalies_detected,0
380.000,anomalies_unique,0
380.000,investigation_timeouts,0
380.000,mission_duration_s,335.976
380.000,distance_traveled_m,67.8156165627013
380.000,route_deviations,17
380.000,investigation_time_s,0.0
380.000,hazard_avoidances,17
380.000,min_hazard_distance_m,4.452308160771184
380.000,collisions,0
380.000,time_below_clearance_s,0.0
380.000,safety_zone_violations,0
380.000,min_ttc_s,8.908646871827253
380.000,avoid_success,17
380.000,avoid_timeout,0
380.000,q_convergence,1.5415198536398507
380.000,update_residual,0.002815738867756824
380.000,investigation_deferred,0
380.000,nav_aborted,0
380.000,nav_canceled,0
380.000,nav_rejected,0
380.000,run_seed,7
381.000,anomalies_detected,0
381.000,anomalies_unique,0
381.000,investigation_timeouts,0
381.000,mission_duration_s,336.976
381.000,distance_traveled_m,67.9657520193018
381.000,route_deviations,17
381.000,investigation_time_s,0.0
381.000,hazard_avoidances,17
381.000,min_hazard_distance_m,4.452308160771184
381.000,collisions,0
381.000,time_below_clearance_s,0.0
381.000,safety_zone_violations,0
381.000,min_ttc_s,8.908646871827253
381.000,avoid_success,17
381.000,avoid_timeout,0
381.000,q_convergence,1.5569457159327416
381.000,update_residual,0.02705876207148013
381.000,investigation_deferred,0
381.000,nav_aborted,0
381.000,nav_canceled,0
381.000,nav_rejected,0
381.000,run_seed,7
382.000,anomalies_detected,0
382.000,anomalies_unique,0
382.000,investigation_timeouts,0
382.000,mission_duration_s,337.976
382.000,distance_traveled_m,68.22783077284014
382.000,route_deviations,17
382.000,investigation_time_s,0.0
382.000,hazard_avoidances,17
382.000,min_hazard_distance_m,4.452308160771184
382.000,collisions,0
382.000,time_below_clearance_s,0.0
382.000,safety_zone_violations,0
382.000,min_ttc_s,8.908646871827253
382.000,avoid_success,17
382.000,avoid_timeout,0
382.000,q_convergence,1.0120078324442492
382.000,update_residual,0.013024286541027821
382.000,investigation_deferred,0
382.000,nav_aborted,0
382.000,nav_canceled,0
382.000,nav_rejected,0
382.000,run_seed,7
383.000,anomalies_detected,0
383.000,anomalies_unique,0
383.000,investigation_timeouts,0
383.000,mission_duration_s,338.976
383.000,distance_traveled_m,68.48055076630934
383.000,route_deviations,17
383.000,investigation_time_s,0.0
383.000,hazard_avoidances,17
383.000,min_hazard_distance_m,4.452308160771184
383.000,collisions,0
383.000,time_below_clearance_s,0.0
383.000,safety_zone_violations,0
383.000,min_ttc_s,8.908646871827253
383.000,avoid_success,17
383.000,avoid_timeout,0
383.000,q_convergence,1.0086803448906134
383.000,update_residual,0.008472403604463562
383.000,investigation_deferred,0
383.000,nav_aborted,0
383.000,nav_canceled,0
383.000,nav_rejected,0
383.000,run_seed,7
384.000,anomalies_detected,0
384.000,anomalies_unique,0
384.000,investigation_timeouts,0
384.000,mission_duration_s,339.976
384.000,distance_traveled_m,68.74263076098536
384.000,route_deviations,17
384.000,investigation_time_s,0.0
384.000,hazard_avoidances,17
384.000,min_hazard_distance_m,4.452308160771184
384.000,collisions,0
384.000,time_below_clearance_s,0.0
384.000,safety_zone_violations,0
384.000,min_ttc_s,8.908646871827253
384.000,avoid_success,17
384.000,avoid_timeout,0
384.000,q_convergence,1.0044313063186987
384.000,update_residual,0.007503758252373704
384.000,investigation_deferred,0
384.000,nav_aborted,0
384.000,nav_canceled,0
384.000,nav_rejected,0
384.000,run_seed,7
385.000,anomalies_detected,0
385.000,anomalies_unique,0
385.000,investigation_timeouts,0
385.000,mission_duration_s,340.976
385.000,distance_traveled_m,69.00471075872738
385.000,route_deviations,17
385.000,investigation_time_s,0.0
385.000,hazard_avoidances,17
385.000,min_hazard_distance_m,4.452308160771184
385.000,collisions,0
385.000,time_below_clearance_s,0.0
385.000,safety_zone_violations,0
385.000,min_ttc_s,8.908646871827253
385.000,avoid_success,17
385.000,avoid_timeout,0
385.000,q_convergence,0.9888043012859089
385.000,update_residual,0.005941057749094744
385.000,investigation_deferred,0
385.000,nav_aborted,0
385.000,nav_canceled,0
385.000,nav_rejected,0
385.000,run_seed,7
386.000,anomalies_detected,0
386.000,anomalies_unique,0
386.000,investigation_timeouts,0
386.000,mission_duration_s,341.976
386.000,distance_traveled_m,69.26214495200902
386.000,route_deviations,18
386.000,investigation_time_s,0.0
386.000,hazard_avoidances,18
386.000,min_hazard_distance_m,4.452308160771184
386.000,collisions,0
386.000,time_below_clearance_s,0.0
386.000,safety_zone_violations,0
386.000,min_ttc_s,8.908646871827253
386.000,avoid_success,17
386.000,avoid_timeout,0
386.000,q_convergence,2.153679708925007
386.000,update_residual,0.024607730128291847
386.000,investigation_deferred,0
386.000,nav_aborted,0
386.000,nav_canceled,0
386.000,nav_rejected,0
386.000,run_seed,7
387.000,anomalies_detected,0
387.000,anomalies_unique,0
387.000,investigation_timeouts,0
387.000,mission_duration_s,342.976
387.000,distance_traveled_m,69.33312234940568
387.000,route_deviations,18
387.000,investigation_time_s,0.0
387.000,hazard_avoidances,18
387.000,min_hazard_distance_m,4.452308160771184
387.000,collisions,0
387.000,time_below_clearance_s,0.0
387.000,safety_zone_violations,0
387.000,min_ttc_s,8.908646871827253
387.000,avoid_success,17
387.000,avoid_timeout,0
387.000,q_convergence,3.4692426364964226
387.000,update_residual,0.005060672063421164
387.000,investigation_deferred,0
387.000,nav_aborted,0
387.000,nav_canceled,0
387.000,nav_rejected,0
387.000,run_seed,7
388.000,anomalies_detected,0
388.000,anomalies_unique,0
388.000,investigation_timeouts,0
388.000,mission_duration_s,343.976
388.000,distance_traveled_m,69.54877226771609
388.000,route_deviations,18
388.000,investigation_time_s,0.0
388.000,hazard_avoidances,18
388.000,min_hazard_distance_m,4.452308160771184
388.000,collisions,0
388.000,time_below_clearance_s,0.0
388.000,safety_zone_violations,0
388.000,min_ttc_s,8.908646871827253
388.000,avoid_success,17
388.000,avoid_timeout,0
388.000,q_convergence,3.6144519690586807
388.000,update_residual,0.004373696750714535
388.000,investigation_deferred,0
388.000,nav_aborted,0
388.000,nav_canceled,0
388.000,nav_rejected,0
388.000,run_seed,7
389.000,anomalies_detected,0
389.000,anomalies_unique,0
389.000,investigation_timeouts,0
389.000,mission_duration_s,344.976
389.000,distance_traveled_m,69.71155905526042
389.000,route_deviations,18
389.000,investigation_time_s,0.0
389.000,hazard_avoidances,18
389.000,min_hazard_distance_m,4.452308160771184
389.000,collisions,0
389.000,time_below_clearance_s,0.0
389.000,safety_zone_violations,0
389.000,min_ttc_s,8.908646871827253
389.000,avoid_success,17
389.000,avoid_timeout,0
389.000,q_convergence,3.665345665423356
389.000,update_residual,0.00039807265484901954
389.000,investigation_deferred,0
389.000,nav_aborted,0
389.000,nav_canceled,0
389.000,nav_rejected,0
389.000,run_seed,7
390.000,anomalies_detected,0
390.000,anomalies_unique,0
390.000,investigation_timeouts,0
390.000,mission_duration_s,345.976
390.000,distance_traveled_m,69.79388904962263
390.000,route_deviations,18
390.000,investigation_time_s,0.0
390.000,hazard_avoidances,18
390.000,min_hazard_distance_m,4.452308160771184
390.000,collisions,0
390.000,time_below_clearance_s,0.0
390.000,safety_zone_violations,0
390.000,min_ttc_s,8.908646871827253
390.000,avoid_success,17
390.000,avoid_timeout,0
390.000,q_convergence,3.5721333108306887
390.000,update_residual,0.0049409632097525335
390.000,investigation_deferred,0
390.000,nav_aborted,0
390.000,nav_canceled,0
390.000,nav_rejected,0
390.000,run_seed,7
391.000,anomalies_detected,0
391.000,anomalies_unique,0
391.000,investigation_timeouts,0
391.000,mission_duration_s,346.976
391.000,distance_traveled_m,70.05596475798212
391.000,route_deviations,18
391.000,investigation_time_s,0.0
391.000,hazard_avoidances,18
391.000,min_hazard_distance_m,4.452308160771184
391.000,collisions,0
391.000,time_below_clearance_s,0.0
391.000,safety_zone_violations,0
391.000,min_ttc_s,8.908646871827253
391.000,avoid_success,17
391.000,avoid_timeout,0
391.000,q_convergence,3.5253095201338622
391.000,update_residual,0.00025858414006991223
391.000,investigation_deferred,0
391.000,nav_aborted,0
391.000,nav_canceled,0
391.000,nav_rejected,0
391.000,run_seed,7
392.000,anomalies_detected,0
392.000,anomalies_unique,0
392.000,investigation_timeouts,0
392.000,mission_duration_s,347.976
392.000,distance_traveled_m,70.30868472873233
392.000,route_deviations,18
392.000,investigation_time_s,0.0
392.000,hazard_avoidances,18
392.000,min_hazard_distance_m,4.452308160771184
392.000,collisions,0
392.000,time_below_clearance_s,0.0
392.000,safety_zone_violations,0
392.000,min_ttc_s,8.908646871827253
392.000,avoid_success,17
392.000,avoid_timeout,0
392.000,q_convergence,3.2945773592957415
392.000,update_residual,0.018399263453126622
392.000,investigation_deferred,0
392.000,nav_aborted,0
392.000,nav_canceled,0
392.000,nav_rejected,0
392.000,run_seed,7
393.000,anomalies_detected,0
393.000,anomalies_unique,0
393.000,investigation_timeouts,0
393.000,mission_duration_s,348.976
393.000,distance_traveled_m,70.57076455789223
393.000,route_deviations,18
393.000,investigation_time_s,0.0
393.000,hazard_avoidances,18
393.000,min_hazard_distance_m,4.452308160771184
393.000,collisions,0
393.000,time_below_clearance_s,0.0
393.000,safety_zone_violations,0
393.000,min_ttc_s,8.908646871827253
393.000,avoid_success,17
393.000,avoid_timeout,0
393.000,q_convergence,3.3876132780540424
393.000,update_residual,0.0040162915191860205
393.000,investigation_deferred,0
393.000,nav_aborted,0
393.000,nav_canceled,0
393.000,nav_rejected,0
393.000,run_seed,7
394.000,anomalies_detected,0
394.000,anomalies_unique,0
394.000,investigation_timeouts,0
394.000,mission_duration_s,349.976
394.000,distance_traveled_m,70.83284454087895
394.000,route_deviations,18
394.000,investigation_time_s,0.0
394.000,hazard_avoidances,18
394.000,min_hazard_distance_m,4.452308160771184
394.000,collisions,0
394.000,time_below_clearance_s,0.0
394.000,safety_zone_violations,0
394.000,min_ttc_s,8.908646871827253
394.000,avoid_success,17
394.000,avoid_timeout,0
394.000,q_convergence,3.085364396049265
394.000,update_residual,0.017175463179024745
394.000,investigation_deferred,0
394.000,nav_aborted,0
394.000,nav_canceled,0
394.000,nav_rejected,0
394.000,run_seed,7
395.000,anomalies_detected,0
395.000,anomalies_unique,0
395.000,investigation_timeouts,0
395.000,mission_duration_s,350.976
395.000,distance_traveled_m,71.09295550980694
395.000,route_deviations,18
395.000,investigation_time_s,0.0
395.000,hazard_avoidances,18
395.000,min_hazard_distance_m,4.452308160771184
395.000,collisions,0
395.000,time_below_clearance_s,0.0
395.000,safety_zone_violations,0
395.000,min_ttc_s,8.908646871827253
395.000,avoid_success,17
395.000,avoid_timeout,0
395.000,q_convergence,2.083839654740337
395.000,update_residual,0.0425842920471729
395.000,investigation_deferred,0
395.000,nav_aborted,0
395.000,nav_canceled,0
395.000,nav_rejected,0
395.000,run_seed,7
396.000,anomalies_detected,0
396.000,anomalies_unique,0
396.000,investigation_timeouts,0
396.000,mission_duration_s,351.976
396.000,distance_traveled_m,71.1699439763824
396.000,route_deviations,18
396.000,investigation_time_s,0.0
396.000,hazard_avoidances,18
396.000,min_hazard_distance_m,4.452308160771184
396.000,collisions,0
396.000,time_below_clearance_s,0.0
396.000,safety_zone_violations,0
396.000,min_ttc_s,8.908646871827253
396.000,avoid_success,18
396.000,avoid_timeout,0
396.000,q_convergence,2.17287641353342
396.000,update_residual,0.030369188608674547
396.000,investigation_deferred,0
396.000,nav_aborted,0
396.000,nav_canceled,0
396.000,nav_rejected,0
396.000,run_seed,7
397.000,anomalies_detected,0
397.000,anomalies_unique,0
397.000,investigation_timeouts,0
397.000,mission_duration_s,352.976
397.000,distance_traveled_m,71.26077759966816
397.000,route_deviations,18
397.000,investigation_time_s,0.0
397.000,hazard_avoidances,18
397.000,min_hazard_distance_m,4.452308160771184
397.000,collisions,0
397.000,time_below_clearance_s,0.0
397.000,safety_zone_violations,0
397.000,min_ttc_s,8.908646871827253
397.000,avoid_success,18
397.000,avoid_timeout,0
397.000,q_convergence,2.178689172291822
397.000,update_residual,0.007360611761468129
397.000,investigation_deferred,0
397.000,nav_aborted,0
397.000,nav_canceled,0
397.000,nav_rejected,0
397.000,run_seed,7
398.000,anomalies_detected,0
398.000,anomalies_unique,0
398.000,investigation_timeouts,0
398.000,mission_duration_s,353.976
398.000,distance_traveled_m,71.48343790485363
398.000,route_deviations,18
398.000,investigation_time_s,0.0
398.000,hazard_avoidances,18
398.000,min_hazard_distance_m,4.452308160771184
398.000,collisions,0
398.000,time_below_clearance_s,0.0
398.000,safety_zone_violations,0
398.000,min_ttc_s,8.908646871827253
398.000,avoid_success,18
398.000,avoid_timeout,0
398.000,q_convergence,2.109235849603104
398.000,update_residual,0.00041527949259635315
398.000,investigation_deferred,0
398.000,nav_aborted,0
398.000,nav_canceled,0
398.000,nav_rejected,0
398.000,run_seed,7
399.000,anomalies_detected,0
399.000,anomalies_unique,0
399.000,investigation_timeouts,0
399.000,mission_duration_s,354.976
399.000,distance_traveled_m,71.59351754382897
399.000,route_deviations,18
399.000,investigation_time_s,0.0
399.000,hazard_avoidances,18
399.000,min_hazard_distance_m,4.452308160771184
399.000,collisions,0
399.000,time_below_clearance_s,0.0
399.000,safety_zone_violations,0
399.000,min_ttc_s,8.908646871827253
399.000,avoid_success,18
399.000,avoid_timeout,0
399.000,q_convergence,1.896408326547815
399.000,update_residual,0.010708773007224583
399.000,investigation_deferred,0
399.000,nav_aborted,0
399.000,nav_canceled,0
399.000,nav_rejected,0
399.000,run_seed,7
400.000,anomalies_detected,0
400.000,anomalies_unique,0
400.000,investigation_timeouts,0
400.000,mission_duration_s,355.976
400.000,distance_traveled_m,71.73447083027429
400.000,route_deviations,18
400.000,investigation_time_s,0.0
400.000,hazard_avoidances,18
400.000,min_hazard_distance_m,4.452308160771184
400.000,collisions,0
400.000,time_below_clearance_s,0.0
400.000,safety_zone_violations,0
400.000,min_ttc_s,8.908646871827253
400.000,avoid_success,18
400.000,avoid_timeout,0
400.000,q_convergence,2.014406107123031
400.000,update_residual,0.022508551064746165
400.000,investigation_deferred,0
400.000,nav_aborted,0
400.000,nav_canceled,0
400.000,nav_rejected,0
400.000,run_seed,7
401.000,anomalies_detected,0
401.000,anomalies_unique,0
401.000,investigation_timeouts,0
401.000,mission_duration_s,356.976
401.000,distance_traveled_m,71.98718940267295
401.000,route_deviations,18
401.000,investigation_time_s,0.0
401.000,hazard_avoidances,18
401.000,min_hazard_distance_m,4.452308160771184
401.000,collisions,0
401.000,time_below_clearance_s,0.0
401.000,safety_zone_violations,0
401.000,min_ttc_s,8.908646871827253
401.000,avoid_success,18
401.000,avoid_timeout,0
401.000,q_convergence,1.623542139279682
401.000,update_residual,0.010261963227544845
401.000,investigation_deferred,0
401.000,nav_aborted,0
401.000,nav_canceled,0
401.000,nav_rejected,0
401.000,run_seed,7
402.000,anomalies_detected,0
402.000,anomalies_unique,0
402.000,investigation_timeouts,0
402.000,mission_duration_s,357.976
402.000,distance_traveled_m,72.24926939713296
402.000,route_deviations,18
402.000,investigation_time_s,0.0
402.000,hazard_avoidances,18
402.000,min_hazard_distance_m,4.452308160771184
402.000,collisions,0
402.000,time_below_clearance_s,0.0
402.000,safety_zone_violations,0
402.000,min_ttc_s,8.908646871827253
402.000,avoid_success,18
402.000,avoid_timeout,0
402.000,q_convergence,1.5264578163814932
402.000,update_residual,0.0005535309377259448
402.000,investigation_deferred,0
402.000,nav_aborted,0
402.000,nav_canceled,0
402.000,nav_rejected,0
402.000,run_seed,7
403.000,anomalies_detected,0
403.000,anomalies_unique,0
403.000,investigation_timeouts,0
403.000,mission_duration_s,358.976
403.000,distance_traveled_m,72.51134939029635
403.000,route_deviations,18
403.000,investigation_time_s,0.0
403.000,hazard_avoidances,18
403.000,min_hazard_distance_m,4.452308160771184
403.000,collisions,0
403.000,time_below_clearance_s,0.0
403.000,safety_zone_violations,0
403.000,min_ttc_s,8.908646871827253
403.000,avoid_success,18
403.000,avoid_timeout,0
403.000,q_convergence,1.370310288478781
403.000,update_residual,0.007752615752518275
403.000,investigation_deferred,0
403.000,nav_aborted,0
403.000,nav_canceled,0
403.000,nav_rejected,0
403.000,run_seed,7
404.000,anomalies_detected,0
404.000,anomalies_unique,0
404.000,investigation_timeouts,0
404.000,mission_duration_s,359.976
404.000,distance_traveled_m,72.7734293891411
404.000,route_deviations,18
404.000,investigation_time_s,0.0
404.000,hazard_avoidances,18
404.000,min_hazard_distance_m,4.452308160771184
404.000,collisions,0
404.000,time_below_clearance_s,0.0
404.000,safety_zone_violations,0
404.000,min_ttc_s,8.908646871827253
404.000,avoid_success,18
404.000,avoid_timeout,0
404.000,q_convergence,1.2968414440574498
404.000,update_residual,0.00040573131038510796
404.000,investigation_deferred,0
404.000,nav_aborted,0
404.000,nav_canceled,0
404.000,nav_rejected,0
404.000,run_seed,7
405.000,anomalies_detected,0
405.000,anomalies_unique,0
405.000,investigation_timeouts,0
405.000,mission_duration_s,360.976
405.000,distance_traveled_m,72.95809144964413
405.000,route_deviations,19
405.000,investigation_time_s,0.0
405.000,hazard_avoidances,19
405.000,min_hazard_distance_m,4.452308160771184
405.000,collisions,0
405.000,time_below_clearance_s,0.0
405.000,safety_zone_violations,0
405.000,min_ttc_s,8.908646871827253
405.000,avoid_success,18
405.000,avoid_timeout,0
405.000,q_convergence,2.1933475558310658
405.000,update_residual,0.018994276511074288
405.000,investigation_deferred,0
405.000,nav_aborted,0
405.000,nav_canceled,0
405.000,nav_rejected,0
405.000,run_seed,7
406.000,anomalies_detected,0
406.000,anomalies_unique,0
406.000,investigation_timeouts,0
406.000,mission_duration_s,361.976
406.000,distance_traveled_m,73.07794320881742
406.000,route_deviations,19
406.000,investigation_time_s,0.0
406.000,hazard_avoidances,19
406.000,min_hazard_distance_m,4.452308160771184
406.000,collisions,0
406.000,time_below_clearance_s,0.0
406.000,safety_zone_violations,0
406.000,min_ttc_s,8.908646871827253
406.000,avoid_success,18
406.000,avoid_timeout,0
406.000,q_convergence,3.462804598247979
406.000,update_residual,0.004842642160526945
406.000,investigation_deferred,0
406.000,nav_aborted,0
406.000,nav_canceled,0
406.000,nav_rejected,0
406.000,run_seed,7
407.000,anomalies_detected,0
407.000,anomalies_unique,0
407.000,investigation_timeouts,0
407.000,mission_duration_s,362.976
407.000,distance_traveled_m,73.32133527303785
407.000,route_deviations,19
407.000,investigation_time_s,0.0
407.000,hazard_avoidances,19
407.000,min_hazard_distance_m,4.452308160771184
407.000,collisions,0
407.000,time_below_clearance_s,0.0
407.000,safety_zone_violations,0
407.000,min_ttc_s,8.908646871827253
407.000,avoid_success,18
407.000,avoid_timeout,0
407.000,q_convergence,3.552211794956452
407.000,update_residual,0.0056058393162016894
407.000,investigation_deferred,0
407.000,nav_aborted,0
407.000,nav_canceled,0
407.000,nav_rejected,0
407.000,run_seed,7
408.000,anomalies_detected,0
408.000,anomalies_unique,0
408.000,investigation_timeouts,0
408.000,mission_duration_s,363.976
408.000,distance_traveled_m,73.35351872001078
408.000,route_deviations,19
408.000,investigation_time_s,0.0
408.000,hazard_avoidances,19
408.000,min_hazard_distance_m,4.452308160771184
408.000,collisions,0
408.000,time_below_clearance_s,0.0
408.000,safety_zone_violations,0
408.000,min_ttc_s,8.908646871827253
408.000,avoid_success,18
408.000,avoid_timeout,0
408.000,q_convergence,3.590152457805487
408.000,update_residual,0.00022200302424361346
408.000,investigation_deferred,0
408.000,nav_aborted,0
408.000,nav_canceled,0
408.000,nav_rejected,0
408.000,run_seed,7
409.000,anomalies_detected,0
409.000,anomalies_unique,0
409.000,investigation_timeouts,0
409.000,mission_duration_s,364.976
409.000,distance_traveled_m,73.56814594545816
409.000,route_deviations,19
409.000,investigation_time_s,0.0
409.000,hazard_avoidances,19
409.000,min_hazard_distance_m,4.452308160771184
409.000,collisions,0
409.000,time_below_clearance_s,0.0
409.000,safety_zone_violations,0
409.000,min_ttc_s,8.908646871827253
409.000,avoid_success,18
409.000,avoid_timeout,0
409.000,q_convergence,3.4710427520778313
409.000,update_residual,0.006189737293044432
409.000,investigation_deferred,0
409.000,nav_aborted,0
409.000,nav_canceled,0
409.000,nav_rejected,0
409.000,run_seed,7
410.000,anomalies_detected,0
410.000,anomalies_unique,0
410.000,investigation_timeouts,0
410.000,mission_duration_s,365.976
410.000,distance_traveled_m,73.82086539189983
410.000,route_deviations,19
410.000,investigation_time_s,0.0
410.000,hazard_avoidances,19
410.000,min_hazard_distance_m,4.452308160771184
410.000,collisions,0
410.000,time_below_clearance_s,0.0
410.000,safety_zone_violations,0
410.000,min_ttc_s,8.908646871827253
410.000,avoid_success,18
410.000,avoid_timeout,0
410.000,q_convergence,3.277497943080649
410.000,update_residual,0.013503412483091512
410.000,investigation_deferred,0
410.000,nav_aborted,0
410.000,nav_canceled,0
410.000,nav_rejected,0
410.000,run_seed,7
411.000,anomalies_detected,0
411.000,anomalies_unique,0
411.000,investigation_timeouts,0
411.000,mission_duration_s,366.976
411.000,distance_traveled_m,74.08294523056104
411.000,route_deviations,19
411.000,investigation_time_s,0.0
411.000,hazard_avoidances,19
411.000,min_hazard_distance_m,4.452308160771184
411.000,collisions,0
411.000,time_below_clearance_s,0.0
411.000,safety_zone_violations,0
411.000,min_ttc_s,8.908646871827253
411.000,avoid_success,18
411.000,avoid_timeout,0
411.000,q_convergence,3.353666679179474
411.000,update_residual,0.00502570228262678
411.000,investigation_deferred,0
411.000,nav_aborted,0
411.000,nav_canceled,0
411.000,nav_rejected,0
411.000,run_seed,7
412.000,anomalies_detected,0
412.000,anomalies_unique,0
412.000,investigation_timeouts,0
412.000,mission_duration_s,367.976
412.000,distance_traveled_m,74.34502511228982
412.000,route_deviations,19
412.000,investigation_time_s,0.0
412.000,hazard_avoidances,19
412.000,min_hazard_distance_m,4.452308160771184
412.000,collisions,0
412.000,time_below_clearance_s,0.0
412.000,safety_zone_violations,0
412.000,min_ttc_s,8.908646871827253
412.000,avoid_success,18
412.000,avoid_timeout,0
412.000,q_convergence,3.0633093394358477
412.000,update_residual,0.01699741927309673
412.000,investigation_deferred,0
412.000,nav_aborted,0
412.000,nav_canceled,0
412.000,nav_rejected,0
412.000,run_seed,7
413.000,anomalies_detected,0
413.000,anomalies_unique,0
413.000,investigation_timeouts,0
413.000,mission_duration_s,368.976
413.000,distance_traveled_m,74.6060780908211
413.000,route_deviations,19
413.000,investigation_time_s,0.0
413.000,hazard_avoidances,19
413.000,min_hazard_distance_m,4.452308160771184
413.000,collisions,0
413.000,time_below_clearance_s,0.0
413.000,safety_zone_violations,0
413.000,min_ttc_s,8.908646871827253
413.000,avoid_success,18
413.000,avoid_timeout,0
413.000,q_convergence,2.9022307058490284
413.000,update_residual,0.0008895559144148595
413.000,investigation_deferred,0
413.000,nav_aborted,0
413.000,nav_canceled,0
413.000,nav_rejected,0
413.000,run_seed,7
414.000,anomalies_detected,0
414.000,anomalies_unique,0
414.000,investigation_timeouts,0
414.000,mission_duration_s,369.976
414.000,distance_traveled_m,74.70299653845646
414.000,route_deviations,19
414.000,investigation_time_s,0.0
414.000,hazard_avoidances,19
414.000,min_hazard_distance_m,4.452308160771184
414.000,collisions,0
414.000,time_below_clearance_s,0.0
414.000,safety_zone_violations,0
414.000,min_ttc_s,8.908646871827253
414.000,avoid_success,19
414.000,avoid_timeout,0
414.000,q_convergence,1.9689820563038425
414.000,update_residual,0.05214510891823036
414.000,investigation_deferred,0
414.000,nav_aborted,0
414.000,nav_canceled,0
414.000,nav_rejected,0
414.000,run_seed,7
415.000,anomalies_detected,0
415.000,anomalies_unique,0
415.000,investigation_timeouts,0
415.000,mission_duration_s,370.976
415.000,distance_traveled_m,74.79225327281621
415.000,route_deviations,19
415.000,investigation_time_s,0.0
415.000,hazard_avoidances,19
415.000,min_hazard_distance_m,4.452308160771184
415.000,collisions,0
415.000,time_below_clearance_s,0.0
415.000,safety_zone_violations,0
415.000,min_ttc_s,8.908646871827253
415.000,avoid_success,19
415.000,avoid_timeout,0
415.000,q_convergence,2.407187898769239
415.000,update_residual,0.005214697592990987
415.000,investigation_deferred,0
415.000,nav_aborted,0
415.000,nav_canceled,0
415.000,nav_rejected,0
415.000,run_seed,7
416.000,anomalies_detected,0
416.000,anomalies_unique,0
416.000,investigation_timeouts,0
416.000,mission_duration_s,371.976
416.000,distance_traveled_m,75.01483010673057
416.000,route_deviations,19
416.000,investigation_time_s,0.0
416.000,hazard_avoidances,19
416.000,min_hazard_distance_m,4.452308160771184
416.000,collisions,0
416.000,time_below_clearance_s,0.0
416.000,safety_zone_violations,0
416.000,min_ttc_s,8.908646871827253
416.000,avoid_success,19
416.000,avoid_timeout,0
416.000,q_convergence,2.212347528386249
416.000,update_residual,0.012191288489197283
416.000,investigation_deferred,0
416.000,nav_aborted,0
416.000,nav_canceled,0
416.000,nav_rejected,0
416.000,run_seed,7
417.000,anomalies_detected,0
417.000,anomalies_unique,0
417.000,investigation_timeouts,0
417.000,mission_duration_s,372.976
417.000,distance_traveled_m,75.12825024451016
417.000,route_deviations,19
417.000,investigation_time_s,0.0
417.000,hazard_avoidances,19
417.000,min_hazard_distance_m,4.452308160771184
417.000,collisions,0
417.000,time_below_clearance_s,0.0
417.000,safety_zone_violations,0
417.000,min_ttc_s,8.908646871827253
417.000,avoid_success,19
417.000,avoid_timeout,0
417.000,q_convergence,1.889376456153108
417.000,update_residual,0.011250700918297312
417.000,investigation_deferred,0
417.000,nav_aborted,0
417.000,nav_canceled,0
417.000,nav_rejected,0
417.000,run_seed,7
418.000,anomalies_detected,0
418.000,anomalies_unique,0
418.000,investigation_timeouts,0
418.000,mission_duration_s,373.976
418.000,distance_traveled_m,75.26653683282676
418.000,route_deviations,19
418.000,investigation_time_s,0.0
418.000,hazard_avoidances,19
418.000,min_hazard_distance_m,4.452308160771184
418.000,collisions,0
418.000,time_below_clearance_s,0.0
418.000,safety_zone_violations,0
418.000,min_ttc_s,8.908646871827253
418.000,avoid_success,19
418.000,avoid_timeout,0
418.000,q_convergence,1.7262642548577944
418.000,update_residual,0.021592522493317976
418.000,investigation_deferred,0
418.000,nav_aborted,0
418.000,nav_canceled,0
418.000,nav_rejected,0
418.000,run_seed,7
419.000,anomalies_detected,0
419.000,anomalies_unique,0
419.000,investigation_timeouts,0
419.000,mission_duration_s,374.976
419.000,distance_traveled_m,75.51925558914031
419.000,route_deviations,19
419.000,investigation_time_s,0.0
419.000,hazard_avoidances,19
419.000,min_hazard_distance_m,4.452308160771184
419.000,collisions,0
419.000,time_below_clearance_s,0.0
419.000,safety_zone_violations,0
419.000,min_ttc_s,8.908646871827253
419.000,avoid_success,19
419.000,avoid_timeout,0
419.000,q_convergence,1.5216394254625827
419.000,update_residual,0.0011300395537968025
419.000,investigation_deferred,0
419.000,nav_aborted,0
419.000,nav_canceled,0
419.000,nav_rejected,0
419.000,run_seed,7
420.000,anomalies_detected,0
420.000,anomalies_unique,0
420.000,investigation_timeouts,0
420.000,mission_duration_s,375.976
420.000,distance_traveled_m,75.78133557923792
420.000,route_deviations,19
420.000,investigation_time_s,0.0
420.000,hazard_avoidances,19
420.000,min_hazard_distance_m,4.452308160771184
420.000,collisions,0
420.000,time_below_clearance_s,0.0
420.000,safety_zone_violations,0
420.000,min_ttc_s,8.908646871827253
420.000,avoid_success,19
420.000,avoid_timeout,0
420.000,q_convergence,1.3634262312856422
420.000,update_residual,0.007963805584971971
420.000,investigation_deferred,0
420.000,nav_aborted,0
420.000,nav_canceled,0
420.000,nav_rejected,0
420.000,run_seed,7
421.000,anomalies_detected,0
421.000,anomalies_unique,0
421.000,investigation_timeouts,0
421.000,mission_duration_s,376.976
421.000,distance_traveled_m,76.043415569198
421.000,route_deviations,19
421.000,investigation_time_s,0.0
421.000,hazard_avoidances,19
421.000,min_hazard_distance_m,4.452308160771184
421.000,collisions,0
421.000,time_below_clearance_s,0.0
421.000,safety_zone_violations,0
421.000,min_ttc_s,8.908646871827253
421.000,avoid_success,19
421.000,avoid_timeout,0
421.000,q_convergence,1.0128413021323845
421.000,update_residual,0.011266184686868892
421.000,investigation_deferred,0
421.000,nav_aborted,0
421.000,nav_canceled,0
421.000,nav_rejected,0
421.000,run_seed,7
422.000,anomalies_detected,0
422.000,anomalies_unique,0
422.000,investigation_timeouts,0
422.000,mission_duration_s,377.976
422.000,distance_traveled_m,76.3054955633429
422.000,route_deviations,19
422.000,investigation_time_s,0.0
422.000,hazard_avoidances,19
422.000,min_hazard_distance_m,4.452308160771184
422.000,collisions,0
422.000,time_below_clearance_s,0.0
422.000,safety_zone_violations,0
422.000,min_ttc_s,8.908646871827253
422.000,avoid_success,19
422.000,avoid_timeout,0
422.000,q_convergence,1.0532819759385734
422.000,update_residual,0.00379379731819606
422.000,investigation_deferred,0
422.000,nav_aborted,0
422.000,nav_canceled,0
422.000,nav_rejected,0
422.000,run_seed,7
423.000,anomalies_detected,0
423.000,anomalies_unique,0
423.000,investigation_timeouts,0
423.000,mission_duration_s,378.976
423.000,distance_traveled_m,76.55821556154706
423.000,route_deviations,20
423.000,investigation_time_s,0.0
423.000,hazard_avoidances,20
423.000,min_hazard_distance_m,4.452308160771184
423.000,collisions,0
423.000,time_below_clearance_s,0.0
423.000,safety_zone_violations,0
423.000,min_ttc_s,8.908646871827253
423.000,avoid_success,19
423.000,avoid_timeout,0
423.000,q_convergence,2.197611139337002
423.000,update_residual,0.01988926235266571
423.000,investigation_deferred,0
423.000,nav_aborted,0
423.000,nav_canceled,0
423.000,nav_rejected,0
423.000,run_seed,7
424.000,anomalies_detected,0
424.000,anomalies_unique,0
424.000,investigation_timeouts,0
424.000,mission_duration_s,379.976
424.000,distance_traveled_m,76.70725428664966
424.000,route_deviations,20
424.000,investigation_time_s,0.0
424.000,hazard_avoidances,20
424.000,min_hazard_distance_m,4.452308160771184
424.000,collisions,0
424.000,time_below_clearance_s,0.0
424.000,safety_zone_violations,0
424.000,min_ttc_s,8.908646871827253
424.000,avoid_success,19
424.000,avoid_timeout,0
424.000,q_convergence,3.460334791305462
424.000,update_residual,0.005256414949068895
424.000,investigation_deferred,0
424.000,nav_aborted,0
424.000,nav_canceled,0
424.000,nav_rejected,0
424.000,run_seed,7
425.000,anomalies_detected,0
425.000,anomalies_unique,0
425.000,investigation_timeouts,0
425.000,mission_duration_s,380.976
425.000,distance_traveled_m,76.87551256869033
425.000,route_deviations,20
425.000,investigation_time_s,0.0
425.000,hazard_avoidances,20
425.000,min_hazard_distance_m,4.452308160771184
425.000,collisions,0
425.000,time_below_clearance_s,0.0
425.000,safety_zone_violations,0
425.000,min_ttc_s,8.908646871827253
425.000,avoid_success,19
425.000,avoid_timeout,0
425.000,q_convergence,3.6004290472772915
425.000,update_residual,0.009403028357815587
425.000,investigation_deferred,0
425.000,nav_aborted,0
425.000,nav_canceled,0
425.000,nav_rejected,0
425.000,run_seed,7
426.000,anomalies_detected,0
426.000,anomalies_unique,0
426.000,investigation_timeouts,0
426.000,mission_duration_s,381.976
426.000,distance_traveled_m,77.08782031116661
426.000,route_deviations,20
426.000,investigation_time_s,0.0
426.000,hazard_avoidances,20
426.000,min_hazard_distance_m,4.452308160771184
426.000,collisions,0
426.000,time_below_clearance_s,0.0
426.000,safety_zone_violations,0
426.000,min_ttc_s,8.908646871827253
426.000,avoid_success,19
426.000,avoid_timeout,0
426.000,q_convergence,3.719602673865167
426.000,update_residual,0.001351888098788925
426.000,investigation_deferred,0
426.000,nav_aborted,0
426.000,nav_canceled,0
426.000,nav_rejected,0
426.000,run_seed,7
427.000,anomalies_detected,0
427.000,anomalies_unique,0
427.000,investigation_timeouts,0
427.000,mission_duration_s,382.976
427.000,distance_traveled_m,77.11559897177517
427.000,route_deviations,20
427.000,investigation_time_s,0.0
427.000,hazard_avoidances,20
427.000,min_hazard_distance_m,4.452308160771184
427.000,collisions,0
427.000,time_below_clearance_s,0.0
427.000,safety_zone_violations,0
427.000,min_ttc_s,8.908646871827253
427.000,avoid_success,19
427.000,avoid_timeout,0
427.000,q_convergence,3.7324140474164365
427.000,update_residual,7.075074366190624e-05
427.000,investigation_deferred,0
427.000,nav_aborted,0
427.000,nav_canceled,0
427.000,nav_rejected,0
427.000,run_seed,7
428.000,anomalies_detected,0
428.000,anomalies_unique,0
428.000,investigation_timeouts,0
428.000,mission_duration_s,383.976
428.000,distance_traveled_m,77.32532606746518
428.000,route_deviations,20
428.000,investigation_time_s,0.0
428.000,hazard_avoidances,20
428.000,min_hazard_distance_m,4.452308160771184
428.000,collisions,0
428.000,time_below_clearance_s,0.0
428.000,safety_zone_violations,0
428.000,min_ttc_s,8.908646871827253
428.000,avoid_success,19
428.000,avoid_timeout,0
428.000,q_convergence,3.610249407410603
428.000,update_residual,0.006261273527619426
428.000,investigation_deferred,0
428.000,nav_aborted,0
428.000,nav_canceled,0
428.000,nav_rejected,0
428.000,run_seed,7
429.000,anomalies_detected,0
429.000,anomalies_unique,0
429.000,investigation_timeouts,0
429.000,mission_duration_s,384.976
429.000,distance_traveled_m,77.5874059225494
429.000,route_deviations,20
429.000,investigation_time_s,0.0
429.000,hazard_avoidances,20
429.000,min_hazard_distance_m,4.452308160771184
429.000,collisions,0
429.000,time_below_clearance_s,0.0
429.000,safety_zone_violations,0
429.000,min_ttc_s,8.908646871827253
429.000,avoid_success,19
429.000,avoid_timeout,0
429.000,q_convergence,3.549771615098506
429.000,update_residual,0.00042454003834979453
429.000,investigation_deferred,0
429.000,nav_aborted,0
429.000,nav_canceled,0
429.000,nav_rejected,0
429.000,run_seed,7
430.000,anomalies_detected,0
430.000,anomalies_unique,0
430.000,investigation_timeouts,0
430.000,mission_duration_s,385.976
430.000,distance_traveled_m,77.84948588259658
430.000,route_deviations,20
430.000,investigation_time_s,0.0
430.000,hazard_avoidances,20
430.000,min_hazard_distance_m,4.452308160771184
430.000,collisions,0
430.000,time_below_clearance_s,0.0
430.000,safety_zone_violations,0
430.000,min_ttc_s,8.908646871827253
430.000,avoid_success,19
430.000,avoid_timeout,0
430.000,q_convergence,3.2721986267991707
430.000,update_residual,0.020133545392027934
430.000,investigation_deferred,0
430.000,nav_aborted,0
430.000,nav_canceled,0
430.000,nav_rejected,0
430.000,run_seed,7
431.000,anomalies_detected,0
431.000,anomalies_unique,0
431.000,investigation_timeouts,0
431.000,mission_duration_s,386.976
431.000,distance_traveled_m,78.11156563417238
431.000,route_deviations,20
431.000,investigation_time_s,0.0
431.000,hazard_avoidances,20
431.000,min_hazard_distance_m,4.452308160771184
431.000,collisions,0
431.000,time_below_clearance_s,0.0
431.000,safety_zone_violations,0
431.000,min_ttc_s,8.908646871827253
431.000,avoid_success,19
431.000,avoid_timeout,0
431.000,q_convergence,3.0434746312591594
431.000,update_residual,0.014472982136757236
431.000,investigation_deferred,0
431.000,nav_aborted,0
431.000,nav_canceled,0
431.000,nav_rejected,0
431.000,run_seed,7
432.000,anomalies_detected,0
432.000,anomalies_unique,0
432.000,investigation_timeouts,0
432.000,mission_duration_s,387.976
432.000,distance_traveled_m,78.36428557539477
432.000,route_deviations,20
432.000,investigation_time_s,0.0
432.000,hazard_avoidances,20
432.000,min_hazard_distance_m,4.452308160771184
432.000,collisions,0
432.000,time_below_clearance_s,0.0
432.000,safety_zone_violations,0
432.000,min_ttc_s,8.908646871827253
432.000,avoid_success,19
432.000,avoid_timeout,0
432.000,q_convergence,2.9063192108357065
432.000,update_residual,0.0007574400944119189
432.000,investigation_deferred,0
432.000,nav_aborted,0
432.000,nav_canceled,0
432.000,nav_rejected,0
432.000,run_seed,7
433.000,anomalies_detected,0
433.000,anomalies_unique,0
433.000,investigation_timeouts,0
433.000,mission_duration_s,388.976
433.000,distance_traveled_m,78.62090257476592
433.000,route_deviations,20
433.000,investigation_time_s,0.0
433.000,hazard_avoidances,20
433.000,min_hazard_distance_m,4.452308160771184
433.000,collisions,0
433.000,time_below_clearance_s,0.0
433.000,safety_zone_violations,0
433.000,min_ttc_s,8.908646871827253
433.000,avoid_success,19
433.000,avoid_timeout,0
433.000,q_convergence,2.0592019275671993
433.000,update_residual,0.043702619417371046
433.000,investigation_deferred,0
433.000,nav_aborted,0
433.000,nav_canceled,0
433.000,nav_rejected,0
433.000,run_seed,7
434.000,anomalies_detected,0
434.000,anomalies_unique,0
434.000,investigation_timeouts,0
434.000,mission_duration_s,389.976
434.000,distance_traveled_m,78.66406289060117
434.000,route_deviations,20
434.000,investigation_time_s,0.0
434.000,hazard_avoidances,20
434.000,min_hazard_distance_m,4.452308160771184
434.000,collisions,0
434.000,time_below_clearance_s,0.0
434.000,safety_zone_violations,0
434.000,min_ttc_s,8.908646871827253
434.000,avoid_success,20
434.000,avoid_timeout,0
434.000,q_convergence,2.0594126185050827
434.000,update_residual,0.015335121486629494
434.000,investigation_deferred,0
434.000,nav_aborted,0
434.000,nav_canceled,0
434.000,nav_rejected,0
434.000,run_seed,7
435.000,anomalies_detected,0
435.000,anomalies_unique,0
435.000,investigation_timeouts,0
435.000,mission_duration_s,390.976
435.000,distance_traveled_m,78.75736419312015
435.000,route_deviations,20
435.000,investigation_time_s,0.0
435.000,hazard_avoidances,20
435.000,min_hazard_distance_m,4.452308160771184
435.000,collisions,0
435.000,time_below_clearance_s,0.0
435.000,safety_zone_violations,0
435.000,min_ttc_s,8.908646871827253
435.000,avoid_success,20
435.000,avoid_timeout,0
435.000,q_convergence,2.0819956137977442
435.000,update_residual,0.001234751134892742
435.000,investigation_deferred,0
435.000,nav_aborted,0
435.000,nav_canceled,0
435.000,nav_rejected,0
435.000,run_seed,7
436.000,anomalies_detected,0
436.000,anomalies_unique,0
436.000,investigation_timeouts,0
436.000,mission_duration_s,391.976
436.000,distance_traveled_m,78.9799379246777
436.000,route_deviations,20
436.000,investigation_time_s,0.0
436.000,hazard_avoidances,20
436.000,min_hazard_distance_m,4.452308160771184
436.000,collisions,0
436.000,time_below_clearance_s,0.0
436.000,safety_zone_violations,0
436.000,min_ttc_s,8.908646871827253
436.000,avoid_success,20
436.000,avoid_timeout,0
436.000,q_convergence,1.8858706044382083
436.000,update_residual,0.010567894806353726
436.000,investigation_deferred,0
436.000,nav_aborted,0
436.000,nav_canceled,0
436.000,nav_rejected,0
436.000,run_seed,7
437.000,anomalies_detected,0
437.000,anomalies_unique,0
437.000,investigation_timeouts,0
437.000,mission_duration_s,392.976
437.000,distance_traveled_m,79.08476422105421
437.000,route_deviations,20
437.000,investigation_time_s,0.0
437.000,hazard_avoidances,20
437.000,min_hazard_distance_m,4.452308160771184
437.000,collisions,0
437.000,time_below_clearance_s,0.0
437.000,safety_zone_violations,0
437.000,min_ttc_s,8.908646871827253
437.000,avoid_success,20
437.000,avoid_timeout,0
437.000,q_convergence,1.8013833650841538
437.000,update_residual,0.0021191708709482793
437.000,investigation_deferred,0
437.000,nav_aborted,0
437.000,nav_canceled,0
437.000,nav_rejected,0
437.000,run_seed,7
438.000,anomalies_detected,0
438.000,anomalies_unique,0
438.000,investigation_timeouts,0
438.000,mission_duration_s,393.976
438.000,distance_traveled_m,79.23218193762106
438.000,route_deviations,20
438.000,investigation_time_s,0.0
438.000,hazard_avoidances,20
438.000,min_hazard_distance_m,4.452308160771184
438.000,collisions,0
438.000,time_below_clearance_s,0.0
438.000,safety_zone_violations,0
438.000,min_ttc_s,8.908646871827253
438.000,avoid_success,20
438.000,avoid_timeout,0
438.000,q_convergence,1.7442796411118957
438.000,update_residual,0.023111673319342555
438.000,investigation_deferred,0
438.000,nav_aborted,0
438.000,nav_canceled,0
438.000,nav_rejected,0
438.000,run_seed,7
439.000,anomalies_detected,0
439.000,anomalies_unique,0
439.000,investigation_timeouts,0
439.000,mission_duration_s,394.976
439.000,distance_traveled_m,79.49426042023765
439.000,route_deviations,20
439.000,investigation_time_s,0.0
439.000,hazard_avoidances,20
439.000,min_hazard_distance_m,4.452308160771184
439.000,collisions,0
439.000,time_below_clearance_s,0.0
439.000,safety_zone_violations,0
439.000,min_ttc_s,8.908646871827253
439.000,avoid_success,20
439.000,avoid_timeout,0
439.000,q_convergence,1.5262023186089677
439.000,update_residual,0.0013039410690497727
439.000,investigation_deferred,0
439.000,nav_aborted,0
439.000,nav_canceled,0
439.000,nav_rejected,0
439.000,run_seed,7
440.000,anomalies_detected,0
440.000,anomalies_unique,0
440.000,investigation_timeouts,0
440.000,mission_duration_s,395.976
440.000,distance_traveled_m,79.7563404131019
440.000,route_deviations,20
440.000,investigation_time_s,0.0
440.000,hazard_avoidances,20
440.000,min_hazard_distance_m,4.452308160771184
440.000,collisions,0
440.000,time_below_clearance_s,0.0
440.000,safety_zone_violations,0
440.000,min_ttc_s,8.908646871827253
440.000,avoid_success,20
440.000,avoid_timeout,0
440.000,q_convergence,1.3636908086292625
440.000,update_residual,0.0077502336898562845
440.000,investigation_deferred,0
440.000,nav_aborted,0
440.000,nav_canceled,0
440.000,nav_rejected,0
440.000,run_seed,7
441.000,anomalies_detected,0
441.000,anomalies_unique,0
441.000,investigation_timeouts,0
441.000,mission_duration_s,396.976
441.000,distance_traveled_m,80.00906040592386
441.000,route_deviations,20
441.000,investigation_time_s,0.0
441.000,hazard_avoidances,20
441.000,min_hazard_distance_m,4.452308160771184
441.000,collisions,0
441.000,time_below_clearance_s,0.0
441.000,safety_zone_violations,0
441.000,min_ttc_s,8.908646871827253
441.000,avoid_success,20
441.000,avoid_timeout,0
441.000,q_convergence,1.2902445381876946
441.000,update_residual,0.0004056066456995165
441.000,investigation_deferred,0
441.000,nav_aborted,0
441.000,nav_canceled,0
441.000,nav_rejected,0
441.000,run_seed,7
442.000,anomalies_detected,0
442.000,anomalies_unique,0
442.000,investigation_timeouts,0
442.000,mission_duration_s,397.976
442.000,distance_traveled_m,80.27114040475944
442.000,route_deviations,20
442.000,investigation_time_s,0.0
442.000,hazard_avoidances,20
442.000,min_hazard_distance_m,4.452308160771184
442.000,collisions,0
442.000,time_below_clearance_s,0.0
442.000,safety_zone_violations,0
442.000,min_ttc_s,8.908646871827253
442.000,avoid_success,20
442.000,avoid_timeout,0
442.000,q_convergence,1.0666927254430658
442.000,update_residual,0.0041230201787672794
442.000,investigation_deferred,0
442.000,nav_aborted,0
442.000,nav_canceled,0
442.000,nav_rejected,0
442.000,run_seed,7
443.000,anomalies_detected,0
443.000,anomalies_unique,0
443.000,investigation_timeouts,0
443.000,mission_duration_s,398.976
443.000,distance_traveled_m,80.4671102007579
443.000,route_deviations,21
443.000,investigation_time_s,0.0
443.000,hazard_avoidances,21
443.000,min_hazard_distance_m,4.452308160771184
443.000,collisions,0
443.000,time_below_clearance_s,0.0
443.000,safety_zone_violations,0
443.000,min_ttc_s,8.908646871827253
443.000,avoid_success,20
443.000,avoid_timeout,0
443.000,q_convergence,2.2398273146255097
443.000,update_residual,0.015535814042318604
443.000,investigation_deferred,0
443.000,nav_aborted,0
443.000,nav_canceled,0
443.000,nav_rejected,0
443.000,run_seed,7
444.000,anomalies_detected,0
444.000,anomalies_unique,0
444.000,investigation_timeouts,0
444.000,mission_duration_s,399.976
444.000,distance_traveled_m,80.59424659928088
444.000,route_deviations,21
444.000,investigation_time_s,0.0
444.000,hazard_avoidances,21
444.000,min_hazard_distance_m,4.452308160771184
444.000,collisions,0
444.000,time_below_clearance_s,0.0
444.000,safety_zone_violations,0
444.000,min_ttc_s,8.908646871827253
444.000,avoid_success,20
444.000,avoid_timeout,0
444.000,q_convergence,3.4700974372688127
444.000,update_residual,0.004754292802024232
444.000,investigation_deferred,0
444.000,nav_aborted,0
444.000,nav_canceled,0
444.000,nav_rejected,0
444.000,run_seed,7
445.000,anomalies_detected,0
445.000,anomalies_unique,0
445.000,investigation_timeouts,0
445.000,mission_duration_s,400.976
445.000,distance_traveled_m,80.84073033454555
445.000,route_deviations,21
445.000,investigation_time_s,0.0
445.000,hazard_avoidances,21
445.000,min_hazard_distance_m,4.452308160771184
445.000,collisions,0
445.000,time_below_clearance_s,0.0
445.000,safety_zone_violations,0
445.000,min_ttc_s,8.908646871827253
445.000,avoid_success,20
445.000,avoid_timeout,0
445.000,q_convergence,3.5820122057758215
445.000,update_residual,0.0022663384149070897
445.000,investigation_deferred,0
445.000,nav_aborted,0
445.000,nav_canceled,0
445.000,nav_rejected,0
445.000,run_seed,7
446.000,anomalies_detected,0
446.000,anomalies_unique,0
446.000,investigation_timeouts,0
446.000,mission_duration_s,401.976
446.000,distance_traveled_m,80.87293698521036
446.000,route_deviations,21
446.000,investigation_time_s,0.0
446.000,hazard_avoidances,21
446.000,min_hazard_distance_m,4.452308160771184
446.000,collisions,0
446.000,time_below_clearance_s,0.0
446.000,safety_zone_violations,0
446.000,min_ttc_s,8.908646871827253
446.000,avoid_success,20
446.000,avoid_timeout,0
446.000,q_convergence,3.5512420441548933
446.000,update_residual,0.0025544023019418794
446.000,investigation_deferred,0
446.000,nav_aborted,0
446.000,nav_canceled,0
446.000,nav_rejected,0
446.000,run_seed,7
447.000,anomalies_detected,0
447.000,anomalies_unique,0
447.000,investigation_timeouts,0
447.000,mission_duration_s,402.976
447.000,distance_traveled_m,81.08961736433079
447.000,route_deviations,21
447.000,investigation_time_s,0.0
447.000,hazard_avoidances,21
447.000,min_hazard_distance_m,4.452308160771184
447.000,collisions,0
447.000,time_below_clearance_s,0.0
447.000,safety_zone_violations,0
447.000,min_ttc_s,8.908646871827253
447.000,avoid_success,20
447.000,avoid_timeout,0
447.000,q_convergence,3.456112171210727
447.000,update_residual,0.003939347959330426
447.000,investigation_deferred,0
447.000,nav_aborted,0
447.000,nav_canceled,0
447.000,nav_rejected,0
447.000,run_seed,7
448.000,anomalies_detected,0
448.000,anomalies_unique,0
448.000,investigation_timeouts,0
448.000,mission_duration_s,403.976
448.000,distance_traveled_m,81.35169670063964
448.000,route_deviations,21
448.000,investigation_time_s,0.0
448.000,hazard_avoidances,21
448.000,min_hazard_distance_m,4.452308160771184
448.000,collisions,0
448.000,time_below_clearance_s,0.0
448.000,safety_zone_violations,0
448.000,min_ttc_s,8.908646871827253
448.000,avoid_success,20
448.000,avoid_timeout,0
448.000,q_convergence,3.2813367104984117
448.000,update_residual,0.013929029931299127
448.000,investigation_deferred,0
448.000,nav_aborted,0
448.000,nav_canceled,0
448.000,nav_rejected,0
448.000,run_seed,7
449.000,anomalies_detected,0
449.000,anomalies_unique,0
449.000,investigation_timeouts,0
449.000,mission_duration_s,404.976
449.000,distance_traveled_m,81.61377654744847
449.000,route_deviations,21
449.000,investigation_time_s,0.0
449.000,hazard_avoidances,21
449.000,min_hazard_distance_m,4.452308160771184
449.000,collisions,0
449.000,time_below_clearance_s,0.0
449.000,safety_zone_violations,0
449.000,min_ttc_s,8.908646871827253
449.000,avoid_success,20
449.000,avoid_timeout,0
449.000,q_convergence,3.0181500493816213
449.000,update_residual,0.011393916150681308
449.000,investigation_deferred,0
449.000,nav_aborted,0
449.000,nav_canceled,0
449.000,nav_rejected,0
449.000,run_seed,7
450.000,anomalies_detected,0
450.000,anomalies_unique,0
450.000,investigation_timeouts,0
450.000,mission_duration_s,405.976
450.000,distance_traveled_m,81.86649643626149
450.000,route_deviations,21
450.000,investigation_time_s,0.0
450.000,hazard_avoidances,21
450.000,min_hazard_distance_m,4.452308160771184
450.000,collisions,0
450.000,time_below_clearance_s,0.0
450.000,safety_zone_violations,0
450.000,min_ttc_s,8.908646871827253
450.000,avoid_success,20
450.000,avoid_timeout,0
450.000,q_convergence,2.080592478305588
450.000,update_residual,0.04203617784663328
450.000,investigation_deferred,0
450.000,nav_aborted,0
450.000,nav_canceled,0
450.000,nav_rejected,0
450.000,run_seed,7
451.000,anomalies_detected,0
451.000,anomalies_unique,0
451.000,investigation_timeouts,0
451.000,mission_duration_s,406.976
451.000,distance_traveled_m,82.12841204043801
451.000,route_deviations,21
451.000,investigation_time_s,0.0
451.000,hazard_avoidances,21
451.000,min_hazard_distance_m,4.452308160771184
451.000,collisions,0
451.000,time_below_clearance_s,0.0
451.000,safety_zone_violations,0
451.000,min_ttc_s,8.908646871827253
451.000,avoid_success,20
451.000,avoid_timeout,0
451.000,q_convergence,2.444206159056478
451.000,update_residual,0.0024373095637108605
451.000,investigation_deferred,0
451.000,nav_aborted,0
451.000,nav_canceled,0
451.000,nav_rejected,0
451.000,run_seed,7
452.000,anomalies_detected,0
452.000,anomalies_unique,0
452.000,investigation_timeouts,0
452.000,mission_duration_s,407.976
452.000,distance_traveled_m,82.2394698394014
452.000,route_deviations,21
452.000,investigation_time_s,0.0
452.000,hazard_avoidances,21
452.000,min_hazard_distance_m,4.452308160771184
452.000,collisions,0
452.000,time_below_clearance_s,0.0
452.000,safety_zone_violations,0
452.000,min_ttc_s,8.908646871827253
452.000,avoid_success,21
452.000,avoid_timeout,0
452.000,q_convergence,2.1235724007770735
452.000,update_residual,0.018783561692660773
452.000,investigation_deferred,0
452.000,nav_aborted,0
452.000,nav_canceled,0
452.000,nav_rejected,0
452.000,run_seed,7
453.000,anomalies_detected,0
453.000,anomalies_unique,0
453.000,investigation_timeouts,0
453.000,mission_duration_s,408.976
453.000,distance_traveled_m,82.33394133323124
453.000,route_deviations,21
453.000,investigation_time_s,0.0
453.000,hazard_avoidances,21
453.000,min_hazard_distance_m,4.452308160771184
453.000,collisions,0
453.000,time_below_clearance_s,0.0
453.000,safety_zone_violations,0
453.000,min_ttc_s,8.908646871827253
453.000,avoid_success,21
453.000,avoid_timeout,0
453.000,q_convergence,2.0679763313190618
453.000,update_residual,0.0030316035170487826
453.000,investigation_deferred,0
453.000,nav_aborted,0
453.000,nav_canceled,0
453.000,nav_rejected,0
453.000,run_seed,7
454.000,anomalies_detected,0
454.000,anomalies_unique,0
454.000,investigation_timeouts,0
454.000,mission_duration_s,409.976
454.000,distance_traveled_m,82.55710708970409
454.000,route_deviations,21
454.000,investigation_time_s,0.0
454.000,hazard_avoidances,21
454.000,min_hazard_distance_m,4.452308160771184
454.000,collisions,0
454.000,time_below_clearance_s,0.0
454.000,safety_zone_violations,0
454.000,min_ttc_s,8.908646871827253
454.000,avoid_success,21
454.000,avoid_timeout,0
454.000,q_convergence,1.8884875753563375
454.000,update_residual,0.010493906384022053
454.000,investigation_deferred,0
454.000,nav_aborted,0
454.000,nav_canceled,0
454.000,nav_rejected,0
454.000,run_seed,7
455.000,anomalies_detected,0
455.000,anomalies_unique,0
455.000,investigation_timeouts,0
455.000,mission_duration_s,410.976
455.000,distance_traveled_m,82.6650841589338
455.000,route_deviations,21
455.000,investigation_time_s,0.0
455.000,hazard_avoidances,21
455.000,min_hazard_distance_m,4.452308160771184
455.000,collisions,0
455.000,time_below_clearance_s,0.0
455.000,safety_zone_violations,0
455.000,min_ttc_s,8.908646871827253
455.000,avoid_success,21
455.000,avoid_timeout,0
455.000,q_convergence,1.8026712694763425
455.000,update_residual,0.001912275796022593
455.000,investigation_deferred,0
455.000,nav_aborted,0
455.000,nav_canceled,0
455.000,nav_rejected,0
455.000,run_seed,7
456.000,anomalies_detected,0
456.000,anomalies_unique,0
456.000,investigation_timeouts,0
456.000,mission_duration_s,411.976
456.000,distance_traveled_m,82.8116184185065
456.000,route_deviations,21
456.000,investigation_time_s,0.0
456.000,hazard_avoidances,21
456.000,min_hazard_distance_m,4.452308160771184
456.000,collisions,0
456.000,time_below_clearance_s,0.0
456.000,safety_zone_violations,0
456.000,min_ttc_s,8.908646871827253
456.000,avoid_success,21
456.000,avoid_timeout,0
456.000,q_convergence,1.7294595900619767
456.000,update_residual,0.02134433552732775
456.000,investigation_deferred,0
456.000,nav_aborted,0
456.000,nav_canceled,0
456.000,nav_rejected,0
456.000,run_seed,7
457.000,anomalies_detected,0
457.000,anomalies_unique,0
457.000,investigation_timeouts,0
457.000,mission_duration_s,412.976
457.000,distance_traveled_m,83.07369678217546
457.000,route_deviations,21
457.000,investigation_time_s,0.0
457.000,hazard_avoidances,21
457.000,min_hazard_distance_m,4.452308160771184
457.000,collisions,0
457.000,time_below_clearance_s,0.0
457.000,safety_zone_violations,0
457.000,min_ttc_s,8.908646871827253
457.000,avoid_success,21
457.000,avoid_timeout,0
457.000,q_convergence,1.5280585284387949
457.000,update_residual,0.0012042293650095812
457.000,investigation_deferred,0
457.000,nav_aborted,0
457.000,nav_canceled,0
457.000,nav_rejected,0
457.000,run_seed,7
458.000,anomalies_detected,0
458.000,anomalies_unique,0
458.000,investigation_timeouts,0
458.000,mission_duration_s,413.976
458.000,distance_traveled_m,83.33577677265251
458.000,route_deviations,21
458.000,investigation_time_s,0.0
458.000,hazard_avoidances,21
458.000,min_hazard_distance_m,4.452308160771184
458.000,collisions,0
458.000,time_below_clearance_s,0.0
458.000,safety_zone_violations,0
458.000,min_ttc_s,8.908646871827253
458.000,avoid_success,21
458.000,avoid_timeout,0
458.000,q_convergence,1.3662088096570117
458.000,update_residual,0.007759501008661743
458.000,investigation_deferred,0
458.000,nav_aborted,0
458.000,nav_canceled,0
458.000,nav_rejected,0
458.000,run_seed,7
459.000,anomalies_detected,0
459.000,anomalies_unique,0
459.000,investigation_timeouts,0
459.000,mission_duration_s,414.976
459.000,distance_traveled_m,83.58849676889818
459.000,route_deviations,21
459.000,investigation_time_s,0.0
459.000,hazard_avoidances,21
459.000,min_hazard_distance_m,4.452308160771184
459.000,collisions,0
459.000,time_below_clearance_s,0.0
459.000,safety_zone_violations,0
459.000,min_ttc_s,8.908646871827253
459.000,avoid_success,21
459.000,avoid_timeout,0
459.000,q_convergence,1.1009375215765587
459.000,update_residual,0.0009047820559775597
459.000,investigation_deferred,0
459.000,nav_aborted,0
459.000,nav_canceled,0
459.000,nav_rejected,0
459.000,run_seed,7
460.000,anomalies_detected,0
460.000,anomalies_unique,0
460.000,investigation_timeouts,0
460.000,mission_duration_s,415.976
460.000,distance_traveled_m,83.8505767675104
460.000,route_deviations,21
460.000,investigation_time_s,0.0
460.000,hazard_avoidances,21
460.000,min_hazard_distance_m,4.452308160771184
460.000,collisions,0
460.000,time_below_clearance_s,0.0
460.000,safety_zone_violations,0
460.000,min_ttc_s,8.908646871827253
460.000,avoid_success,21
460.000,avoid_timeout,0
460.000,q_convergence,1.0952182480844141
460.000,update_residual,1.0348155042121162e-05
460.000,investigation_deferred,0
460.000,nav_aborted,0
460.000,nav_canceled,0
460.000,nav_rejected,0
460.000,run_seed,7
461.000,anomalies_detected,0
461.000,anomalies_unique,0
461.000,investigation_timeouts,0
461.000,mission_duration_s,416.976
461.000,distance_traveled_m,84.04760108510902
461.000,route_deviations,22
461.000,investigation_time_s,0.0
461.000,hazard_avoidances,22
461.000,min_hazard_distance_m,4.452308160771184
461.000,collisions,0
461.000,time_below_clearance_s,0.0
461.000,safety_zone_violations,0
461.000,min_ttc_s,8.908646871827253
461.000,avoid_success,21
461.000,avoid_timeout,0
461.000,q_convergence,2.217083264786294
461.000,update_residual,0.02160465836383882
461.000,investigation_deferred,0
461.000,nav_aborted,0
461.000,nav_canceled,0
461.000,nav_rejected,0
461.000,run_seed,7
462.000,anomalies_detected,0
462.000,anomalies_unique,0
462.000,investigation_timeouts,0
462.000,mission_duration_s,417.976
462.000,distance_traveled_m,84.16240932519536
462.000,route_deviations,22
462.000,investigation_time_s,0.0
462.000,hazard_avoidances,22
462.000,min_hazard_distance_m,4.452308160771184
462.000,collisions,0
462.000,time_below_clearance_s,0.0
462.000,safety_zone_violations,0
462.000,min_ttc_s,8.908646871827253
462.000,avoid_success,21
462.000,avoid_timeout,0
462.000,q_convergence,3.465909081727307
462.000,update_residual,0.005088785952085387
462.000,investigation_deferred,0
462.000,nav_aborted,0
462.000,nav_canceled,0
462.000,nav_rejected,0
462.000,run_seed,7
463.000,anomalies_detected,0
463.000,anomalies_unique,0
463.000,investigation_timeouts,0
463.000,mission_duration_s,418.976
463.000,distance_traveled_m,84.40989507838553
463.000,route_deviations,22
463.000,investigation_time_s,0.0
463.000,hazard_avoidances,22
463.000,min_hazard_distance_m,4.452308160771184
463.000,collisions,0
463.000,time_below_clearance_s,0.0
463.000,safety_zone_violations,0
463.000,min_ttc_s,8.908646871827253
463.000,avoid_success,21
463.000,avoid_timeout,0
463.000,q_convergence,3.5814578732220816
463.000,update_residual,0.002307869482190129
463.000,investigation_deferred,0
463.000,nav_aborted,0
463.000,nav_canceled,0
463.000,nav_rejected,0
463.000,run_seed,7
464.000,anomalies_detected,0
464.000,anomalies_unique,0
464.000,investigation_timeouts,0
464.000,mission_duration_s,419.976
464.000,distance_traveled_m,84.45514886583756
464.000,route_deviations,22
464.000,investigation_time_s,0.0
464.000,hazard_avoidances,22
464.000,min_hazard_distance_m,4.452308160771184
464.000,collisions,0
464.000,time_below_clearance_s,0.0
464.000,safety_zone_violations,0
464.000,min_ttc_s,8.908646871827253
464.000,avoid_success,21
464.000,avoid_timeout,0
464.000,q_convergence,3.603328750013143
464.000,update_residual,0.00012078180308402424
464.000,investigation_deferred,0
464.000,nav_aborted,0
464.000,nav_canceled,0
464.000,nav_rejected,0
464.000,run_seed,7
465.000,anomalies_detected,0
465.000,anomalies_unique,0
465.000,investigation_timeouts,0
465.000,mission_duration_s,420.976
465.000,distance_traveled_m,84.64785288053763
465.000,route_deviations,22
465.000,investigation_time_s,0.0
465.000,hazard_avoidances,22
465.000,min_hazard_distance_m,4.452308160771184
465.000,collisions,0
465.000,time_below_clearance_s,0.0
465.000,safety_zone_violations,0
465.000,min_ttc_s,8.908646871827253
465.000,avoid_success,21
465.000,avoid_timeout,0
465.000,q_convergence,3.4821519548891704
465.000,update_residual,0.006546204413548952
465.000,investigation_deferred,0
465.000,nav_aborted,0
465.000,nav_canceled,0
465.000,nav_rejected,0
465.000,run_seed,7
466.000,anomalies_detected,0
466.000,anomalies_unique,0
466.000,investigation_timeouts,0
466.000,mission_duration_s,421.976
466.000,distance_traveled_m,84.90993202704276
466.000,route_deviations,22
466.000,investigation_time_s,0.0
466.000,hazard_avoidances,22
466.000,min_hazard_distance_m,4.452308160771184
466.000,collisions,0
466.000,time_below_clearance_s,0.0
466.000,safety_zone_violations,0
466.000,min_ttc_s,8.908646871827253
466.000,avoid_success,21
466.000,avoid_timeout,0
466.000,q_convergence,3.301879776670401
466.000,update_residual,0.012155175805735094
466.000,investigation_deferred,0
466.000,nav_aborted,0
466.000,nav_canceled,0
466.000,nav_rejected,0
466.000,run_seed,7
467.000,anomalies_detected,0
467.000,anomalies_unique,0
467.000,investigation_timeouts,0
467.000,mission_duration_s,422.976
467.000,distance_traveled_m,85.17201187197544
467.000,route_deviations,22
467.000,investigation_time_s,0.0
467.000,hazard_avoidances,22
467.000,min_hazard_distance_m,4.452308160771184
467.000,collisions,0
467.000,time_below_clearance_s,0.0
467.000,safety_zone_violations,0
467.000,min_ttc_s,8.908646871827253
467.000,avoid_success,21
467.000,avoid_timeout,0
467.000,q_convergence,3.006813325212599
467.000,update_residual,0.01026269010719714
467.000,investigation_deferred,0
467.000,nav_aborted,0
467.000,nav_canceled,0
467.000,nav_rejected,0
467.000,run_seed,7
468.000,anomalies_detected,0
468.000,anomalies_unique,0
468.000,investigation_timeouts,0
468.000,mission_duration_s,423.976
468.000,distance_traveled_m,85.42473174273285
468.000,route_deviations,22
468.000,investigation_time_s,0.0
468.000,hazard_avoidances,22
468.000,min_hazard_distance_m,4.452308160771184
468.000,collisions,0
468.000,time_below_clearance_s,0.0
468.000,safety_zone_violations,0
468.000,min_ttc_s,8.908646871827253
468.000,avoid_success,21
468.000,avoid_timeout,0
468.000,q_convergence,2.0849098970772793
468.000,update_residual,0.041589835961056996
468.000,investigation_deferred,0
468.000,nav_aborted,0
468.000,nav_canceled,0
468.000,nav_rejected,0
468.000,run_seed,7
469.000,anomalies_detected,0
469.000,anomalies_unique,0
469.000,investigation_timeouts,0
469.000,mission_duration_s,424.976
469.000,distance_traveled_m,85.68679894976418
469.000,route_deviations,22
469.000,investigation_time_s,0.0
469.000,hazard_avoidances,22
469.000,min_hazard_distance_m,4.452308160771184
469.000,collisions,0
469.000,time_below_clearance_s,0.0
469.000,safety_zone_violations,0
469.000,min_ttc_s,8.908646871827253
469.000,avoid_success,21
469.000,avoid_timeout,0
469.000,q_convergence,2.444450749180291
469.000,update_residual,0.002410771133924311
469.000,investigation_deferred,0
469.000,nav_aborted,0
469.000,nav_canceled,0
469.000,nav_rejected,0
469.000,run_seed,7
470.000,anomalies_detected,0
470.000,anomalies_unique,0
470.000,investigation_timeouts,0
470.000,mission_duration_s,425.976
470.000,distance_traveled_m,85.81386723016186
470.000,route_deviations,22
470.000,investigation_time_s,0.0
470.000,hazard_avoidances,22
470.000,min_hazard_distance_m,4.452308160771184
470.000,collisions,0
470.000,time_below_clearance_s,0.0
470.000,safety_zone_violations,0
470.000,min_ttc_s,8.908646871827253
470.000,avoid_success,22
470.000,avoid_timeout,0
470.000,q_convergence,2.1303704349243544
470.000,update_residual,0.018589166909500892
470.000,investigation_deferred,0
470.000,nav_aborted,0
470.000,nav_canceled,0
470.000,nav_rejected,0
470.000,run_seed,7
471.000,anomalies_detected,0
471.000,anomalies_unique,0
471.000,investigation_timeouts,0
471.000,mission_duration_s,426.976
471.000,distance_traveled_m,85.90588331971543
471.000,route_deviations,22
471.000,investigation_time_s,0.0
471.000,hazard_avoidances,22
471.000,min_hazard_distance_m,4.452308160771184
471.000,collisions,0
471.000,time_below_clearance_s,0.0
471.000,safety_zone_violations,0
471.000,min_ttc_s,8.908646871827253
471.000,avoid_success,22
471.000,avoid_timeout,0
471.000,q_convergence,2.0649479094453937
471.000,update_residual,0.003332678199620984
471.000,investigation_deferred,0
471.000,nav_aborted,0
471.000,nav_canceled,0
471.000,nav_rejected,0
471.000,run_seed,7
472.000,anomalies_detected,0
472.000,anomalies_unique,0
472.000,investigation_timeouts,0
472.000,mission_duration_s,427.976
472.000,distance_traveled_m,86.12877891321048
472.000,route_deviations,22
472.000,investigation_time_s,0.0
472.000,hazard_avoidances,22
472.000,min_hazard_distance_m,4.452308160771184
472.000,collisions,0
472.000,time_below_clearance_s,0.0
472.000,safety_zone_violations,0
472.000,min_ttc_s,8.908646871827253
472.000,avoid_success,22
472.000,avoid_timeout,0
472.000,q_convergence,1.88831408752014
472.000,update_residual,0.010478059979477686
472.000,investigation_deferred,0
472.000,nav_aborted,0
472.000,nav_canceled,0
472.000,nav_rejected,0
472.000,run_seed,7
473.000,anomalies_detected,0
473.000,anomalies_unique,0
473.000,investigation_timeouts,0
473.000,mission_duration_s,428.976
473.000,distance_traveled_m,86.23829071887728
473.000,route_deviations,22
473.000,investigation_time_s,0.0
473.000,hazard_avoidances,22
473.000,min_hazard_distance_m,4.452308160771184
473.000,collisions,0
473.000,time_below_clearance_s,0.0
473.000,safety_zone_violations,0
473.000,min_ttc_s,8.908646871827253
473.000,avoid_success,22
473.000,avoid_timeout,0
473.000,q_convergence,1.634420846398447
473.000,update_residual,0.01184173818318886
473.000,investigation_deferred,0
473.000,nav_aborted,0
473.000,nav_canceled,0
473.000,nav_rejected,0
473.000,run_seed,7
474.000,anomalies_detected,0
474.000,anomalies_unique,0
474.000,investigation_timeouts,0
474.000,mission_duration_s,429.976
474.000,distance_traveled_m,86.38377803720027
474.000,route_deviations,22
474.000,investigation_time_s,0.0
474.000,hazard_avoidances,22
474.000,min_hazard_distance_m,4.452308160771184
474.000,collisions,0
474.000,time_below_clearance_s,0.0
474.000,safety_zone_violations,0
474.000,min_ttc_s,8.908646871827253
474.000,avoid_success,22
474.000,avoid_timeout,0
474.000,q_convergence,1.5699088672300272
474.000,update_residual,0.028130592234845177
474.000,investigation_deferred,0
474.000,nav_aborted,0
474.000,nav_canceled,0
474.000,nav_rejected,0
474.000,run_seed,7
475.000,anomalies_detected,0
475.000,anomalies_unique,0
475.000,investigation_timeouts,0
475.000,mission_duration_s,430.976
475.000,distance_traveled_m,86.64585648886947
475.000,route_deviations,22
475.000,investigation_time_s,0.0
475.000,hazard_avoidances,22
475.000,min_hazard_distance_m,4.452308160771184
475.000,collisions,0
475.000,time_below_clearance_s,0.0
475.000,safety_zone_violations,0
475.000,min_ttc_s,8.908646871827253
475.000,avoid_success,22
475.000,avoid_timeout,0
475.000,q_convergence,1.3044739871920457
475.000,update_residual,0.001587104231047101
475.000,investigation_deferred,0
475.000,nav_aborted,0
475.000,nav_canceled,0
475.000,nav_rejected,0
475.000,run_seed,7
476.000,anomalies_detected,0
476.000,anomalies_unique,0
476.000,investigation_timeouts,0
476.000,mission_duration_s,431.976
476.000,distance_traveled_m,86.9079364821229
476.000,route_deviations,22
476.000,investigation_time_s,0.0
476.000,hazard_avoidances,22
476.000,min_hazard_distance_m,4.452308160771184
476.000,collisions,0
476.000,time_below_clearance_s,0.0
476.000,safety_zone_violations,0
476.000,min_ttc_s,8.908646871827253
476.000,avoid_success,22
476.000,avoid_timeout,0
476.000,q_convergence,1.0734713478618707
476.000,update_residual,0.0035822910908073395
476.000,investigation_deferred,0
476.000,nav_aborted,0
476.000,nav_canceled,0
476.000,nav_rejected,0
476.000,run_seed,7
477.000,anomalies_detected,0
477.000,anomalies_unique,0
477.000,investigation_timeouts,0
477.000,mission_duration_s,432.976
477.000,distance_traveled_m,87.1606564747781
477.000,route_deviations,22
477.000,investigation_time_s,0.0
477.000,hazard_avoidances,22
477.000,min_hazard_distance_m,4.452308160771184
477.000,collisions,0
477.000,time_below_clearance_s,0.0
477.000,safety_zone_violations,0
477.000,min_ttc_s,8.908646871827253
477.000,avoid_success,22
477.000,avoid_timeout,0
477.000,q_convergence,1.0936255768500007
477.000,update_residual,0.00016869262993378376
477.000,investigation_deferred,0
477.000,nav_aborted,0
477.000,nav_canceled,0
477.000,nav_rejected,0
477.000,run_seed,7
478.000,anomalies_detected,0
478.000,anomalies_unique,0
478.000,investigation_timeouts,0
478.000,mission_duration_s,433.976
478.000,distance_traveled_m,87.4227364735355
478.000,route_deviations,22
478.000,investigation_time_s,0.0
478.000,hazard_avoidances,22
478.000,min_hazard_distance_m,4.452308160771184
478.000,collisions,0
478.000,time_below_clearance_s,0.0
478.000,safety_zone_violations,0
478.000,min_ttc_s,8.908646871827253
478.000,avoid_success,22
478.000,avoid_timeout,0
478.000,q_convergence,1.0121448975134621
478.000,update_residual,0.008112926983652437
478.000,investigation_deferred,0
478.000,nav_aborted,0
478.000,nav_canceled,0
478.000,nav_rejected,0
478.000,run_seed,7
479.000,anomalies_detected,0
479.000,anomalies_unique,0
479.000,investigation_timeouts,0
479.000,mission_duration_s,434.976
479.000,distance_traveled_m,87.61533992597778
479.000,route_deviations,23
479.000,investigation_time_s,0.0
479.000,hazard_avoidances,23
479.000,min_hazard_distance_m,4.452308160771184
479.000,collisions,0
479.000,time_below_clearance_s,0.0
479.000,safety_zone_violations,0
479.000,min_ttc_s,8.908646871827253
479.000,avoid_success,22
479.000,avoid_timeout,0
479.000,q_convergence,2.1662452852378844
479.000,update_residual,0.024417250169638343
479.000,investigation_deferred,0
479.000,nav_aborted,0
479.000,nav_canceled,0
479.000,nav_rejected,0
479.000,run_seed,7
480.000,anomalies_detected,0
480.000,anomalies_unique,0
480.000,investigation_timeouts,0
480.000,mission_duration_s,435.976
480.000,distance_traveled_m,87.73309841053985
480.000,route_deviations,23
480.000,investigation_time_s,0.0
480.000,hazard_avoidances,23
480.000,min_hazard_distance_m,4.452308160771184
480.000,collisions,0
480.000,time_below_clearance_s,0.0
480.000,safety_zone_violations,0
480.000,min_ttc_s,8.908646871827253
480.000,avoid_success,22
480.000,avoid_timeout,0
480.000,q_convergence,3.464998795218817
480.000,update_residual,0.005078657752309003
480.000,investigation_deferred,0
480.000,nav_aborted,0
480.000,nav_canceled,0
480.000,nav_rejected,0
480.000,run_seed,7
481.000,anomalies_detected,0
481.000,anomalies_unique,0
481.000,investigation_timeouts,0
481.000,mission_duration_s,436.976
481.000,distance_traveled_m,87.97684561567083
481.000,route_deviations,23
481.000,investigation_time_s,0.0
481.000,hazard_avoidances,23
481.000,min_hazard_distance_m,4.452308160771184
481.000,collisions,0
481.000,time_below_clearance_s,0.0
481.000,safety_zone_violations,0
481.000,min_ttc_s,8.908646871827253
481.000,avoid_success,22
481.000,avoid_timeout,0
481.000,q_convergence,3.57852181228204
481.000,update_residual,0.002208229640443722
481.000,investigation_deferred,0
481.000,nav_aborted,0
481.000,nav_canceled,0
481.000,nav_rejected,0
481.000,run_seed,7
482.000,anomalies_detected,0
482.000,anomalies_unique,0
482.000,investigation_timeouts,0
482.000,mission_duration_s,437.976
482.000,distance_traveled_m,88.01853206639602
482.000,route_deviations,23
482.000,investigation_time_s,0.0
482.000,hazard_avoidances,23
482.000,min_hazard_distance_m,4.452308160771184
482.000,collisions,0
482.000,time_below_clearance_s,0.0
482.000,safety_zone_violations,0
482.000,min_ttc_s,8.908646871827253
482.000,avoid_success,22
482.000,avoid_timeout,0
482.000,q_convergence,3.5507222586213496
482.000,update_residual,0.002377292442265188
482.000,investigation_deferred,0
482.000,nav_aborted,0
482.000,nav_canceled,0
482.000,nav_rejected,0
482.000,run_seed,7
483.000,anomalies_detected,0
483.000,anomalies_unique,0
483.000,investigation_timeouts,0
483.000,mission_duration_s,438.976
483.000,distance_traveled_m,88.224941809161
483.000,route_deviations,23
483.000,investigation_time_s,0.0
483.000,hazard_avoidances,23
483.000,min_hazard_distance_m,4.452308160771184
483.000,collisions,0
483.000,time_below_clearance_s,0.0
483.000,safety_zone_violations,0
483.000,min_ttc_s,8.908646871827253
483.000,avoid_success,22
483.000,avoid_timeout,0
483.000,q_convergence,3.528231647227537
483.000,update_residual,0.0001282313028839846
483.000,investigation_deferred,0
483.000,nav_aborted,0
483.000,nav_canceled,0
483.000,nav_rejected,0
483.000,run_seed,7
484.000,anomalies_detected,0
484.000,anomalies_unique,0
484.000,investigation_timeouts,0
484.000,mission_duration_s,439.976
484.000,distance_traveled_m,88.4870210714023
484.000,route_deviations,23
484.000,investigation_time_s,0.0
484.000,hazard_avoidances,23
484.000,min_hazard_distance_m,4.452308160771184
484.000,collisions,0
484.000,time_below_clearance_s,0.0
484.000,safety_zone_violations,0
484.000,min_ttc_s,8.908646871827253
484.000,avoid_success,22
484.000,avoid_timeout,0
484.000,q_convergence,3.322091360967176
484.000,update_residual,0.015988152399733342
484.000,investigation_deferred,0
484.000,nav_aborted,0
484.000,nav_canceled,0
484.000,nav_rejected,0
484.000,run_seed,7
485.000,anomalies_detected,0
485.000,anomalies_unique,0
485.000,investigation_timeouts,0
485.000,mission_duration_s,440.976
485.000,distance_traveled_m,88.74910096871488
485.000,route_deviations,23
485.000,investigation_time_s,0.0
485.000,hazard_avoidances,23
485.000,min_hazard_distance_m,4.452308160771184
485.000,collisions,0
485.000,time_below_clearance_s,0.0
485.000,safety_zone_violations,0
485.000,min_ttc_s,8.908646871827253
485.000,avoid_success,22
485.000,avoid_timeout,0
485.000,q_convergence,3.3487522322603254
485.000,update_residual,0.006340102958183787
485.000,investigation_deferred,0
485.000,nav_aborted,0
485.000,nav_canceled,0
485.000,nav_rejected,0
485.000,run_seed,7
486.000,anomalies_detected,0
486.000,anomalies_unique,0
486.000,investigation_timeouts,0
486.000,mission_duration_s,441.976
486.000,distance_traveled_m,89.00182086231054
486.000,route_deviations,23
486.000,investigation_time_s,0.0
486.000,hazard_avoidances,23
486.000,min_hazard_distance_m,4.452308160771184
486.000,collisions,0
486.000,time_below_clearance_s,0.0
486.000,safety_zone_violations,0
486.000,min_ttc_s,8.908646871827253
486.000,avoid_success,22
486.000,avoid_timeout,0
486.000,q_convergence,3.0702396426465413
486.000,update_residual,0.016990937008070243
486.000,investigation_deferred,0
486.000,nav_aborted,0
486.000,nav_canceled,0
486.000,nav_rejected,0
486.000,run_seed,7
487.000,anomalies_detected,0
487.000,anomalies_unique,0
487.000,investigation_timeouts,0
487.000,mission_duration_s,442.976
487.000,distance_traveled_m,89.26366458291338
487.000,route_deviations,23
487.000,investigation_time_s,0.0
487.000,hazard_avoidances,23
487.000,min_hazard_distance_m,4.452308160771184
487.000,collisions,0
487.000,time_below_clearance_s,0.0
487.000,safety_zone_violations,0
487.000,min_ttc_s,8.908646871827253
487.000,avoid_success,22
487.000,avoid_timeout,0
487.000,q_convergence,2.0687868153171447
487.000,update_residual,0.04306659609552089
487.000,investigation_deferred,0
487.000,nav_aborted,0
487.000,nav_canceled,0
487.000,nav_rejected,0
487.000,run_seed,7
488.000,anomalies_detected,0
488.000,anomalies_unique,0
488.000,investigation_timeouts,0
488.000,mission_duration_s,443.976
488.000,distance_traveled_m,89.38624994328805
488.000,route_deviations,23
488.000,investigation_time_s,0.0
488.000,hazard_avoidances,23
488.000,min_hazard_distance_m,4.452308160771184
488.000,collisions,0
488.000,time_below_clearance_s,0.0
488.000,safety_zone_violations,0
488.000,min_ttc_s,8.908646871827253
488.000,avoid_success,23
488.000,avoid_timeout,0
488.000,q_convergence,2.2037901340443917
488.000,update_residual,0.0261490597636571
488.000,investigation_deferred,0
488.000,nav_aborted,0
488.000,nav_canceled,0
488.000,nav_rejected,0
488.000,run_seed,7
489.000,anomalies_detected,0
489.000,anomalies_unique,0
489.000,investigation_timeouts,0
489.000,mission_duration_s,444.976
489.000,distance_traveled_m,89.4823694445691
489.000,route_deviations,23
489.000,investigation_time_s,0.0
489.000,hazard_avoidances,23
489.000,min_hazard_distance_m,4.452308160771184
489.000,collisions,0
489.000,time_below_clearance_s,0.0
489.000,safety_zone_violations,0
489.000,min_ttc_s,8.908646871827253
489.000,avoid_success,23
489.000,avoid_timeout,0
489.000,q_convergence,2.131482289014755
489.000,update_residual,0.0035993667085936903
489.000,investigation_deferred,0
489.000,nav_aborted,0
489.000,nav_canceled,0
489.000,nav_rejected,0
489.000,run_seed,7
490.000,anomalies_detected,0
490.000,anomalies_unique,0
490.000,investigation_timeouts,0
490.000,mission_duration_s,445.976
490.000,distance_traveled_m,89.70375124995061
490.000,route_deviations,23
490.000,investigation_time_s,0.0
490.000,hazard_avoidances,23
490.000,min_hazard_distance_m,4.452308160771184
490.000,collisions,0
490.000,time_below_clearance_s,0.0
490.000,safety_zone_violations,0
490.000,min_ttc_s,8.908646871827253
490.000,avoid_success,23
490.000,avoid_timeout,0
490.000,q_convergence,2.0973723419761576
490.000,update_residual,0.00018837200473396633
490.000,investigation_deferred,0
490.000,nav_aborted,0
490.000,nav_canceled,0
490.000,nav_rejected,0
490.000,run_seed,7
491.000,anomalies_detected,0
491.000,anomalies_unique,0
491.000,investigation_timeouts,0
491.000,mission_duration_s,446.976
491.000,distance_traveled_m,89.80738159743672
491.000,route_deviations,23
491.000,investigation_time_s,0.0
491.000,hazard_avoidances,23
491.000,min_hazard_distance_m,4.452308160771184
491.000,collisions,0
491.000,time_below_clearance_s,0.0
491.000,safety_zone_violations,0
491.000,min_ttc_s,8.908646871827253
491.000,avoid_success,23
491.000,avoid_timeout,0
491.000,q_convergence,1.8876472191589049
491.000,update_residual,0.01064818905194095
491.000,investigation_deferred,0
491.000,nav_aborted,0
491.000,nav_canceled,0
491.000,nav_rejected,0
491.000,run_seed,7
492.000,anomalies_detected,0
492.000,anomalies_unique,0
492.000,investigation_timeouts,0
492.000,mission_duration_s,447.976
492.000,distance_traveled_m,89.95264181861013
492.000,route_deviations,23
492.000,investigation_time_s,0.0
492.000,hazard_avoidances,23
492.000,min_hazard_distance_m,4.452308160771184
492.000,collisions,0
492.000,time_below_clearance_s,0.0
492.000,safety_zone_violations,0
492.000,min_ttc_s,8.908646871827253
492.000,avoid_success,23
492.000,avoid_timeout,0
492.000,q_convergence,2.014821857116367
492.000,update_residual,0.02336565284768717
492.000,investigation_deferred,0
492.000,nav_aborted,0
492.000,nav_canceled,0
492.000,nav_rejected,0
492.000,run_seed,7
493.000,anomalies_detected,0
493.000,anomalies_unique,0
493.000,investigation_timeouts,0
493.000,mission_duration_s,448.976
493.000,distance_traveled_m,90.21472046630835
493.000,route_deviations,23
493.000,investigation_time_s,0.0
493.000,hazard_avoidances,23
493.000,min_hazard_distance_m,4.452308160771184
493.000,collisions,0
493.000,time_below_clearance_s,0.0
493.000,safety_zone_violations,0
493.000,min_ttc_s,8.908646871827253
493.000,avoid_success,23
493.000,avoid_timeout,0
493.000,q_convergence,1.6175990436418186
493.000,update_residual,0.010360851429824763
493.000,investigation_deferred,0
493.000,nav_aborted,0
493.000,nav_canceled,0
493.000,nav_rejected,0
493.000,run_seed,7
494.000,anomalies_detected,0
494.000,anomalies_unique,0
494.000,investigation_timeouts,0
494.000,mission_duration_s,449.976
494.000,distance_traveled_m,90.47680045992195
494.000,route_deviations,23
494.000,investigation_time_s,0.0
494.000,hazard_avoidances,23
494.000,min_hazard_distance_m,4.452308160771184
494.000,collisions,0
494.000,time_below_clearance_s,0.0
494.000,safety_zone_violations,0
494.000,min_ttc_s,8.908646871827253
494.000,avoid_success,23
494.000,avoid_timeout,0
494.000,q_convergence,1.5194128564155183
494.000,update_residual,0.0005422327071946854
494.000,investigation_deferred,0
494.000,nav_aborted,0
494.000,nav_canceled,0
494.000,nav_rejected,0
494.000,run_seed,7
495.000,anomalies_detected,0
495.000,anomalies_unique,0
495.000,investigation_timeouts,0
495.000,mission_duration_s,450.976
495.000,distance_traveled_m,90.72952045279563
495.000,route_deviations,23
495.000,investigation_time_s,0.0
495.000,hazard_avoidances,23
495.000,min_hazard_distance_m,4.452308160771184
495.000,collisions,0
495.000,time_below_clearance_s,0.0
495.000,safety_zone_violations,0
495.000,min_ttc_s,8.908646871827253
495.000,avoid_success,23
495.000,avoid_timeout,0
495.000,q_convergence,1.364037665075241
495.000,update_residual,0.0077145715133206255
495.000,investigation_deferred,0
495.000,nav_aborted,0
495.000,nav_canceled,0
495.000,nav_rejected,0
495.000,run_seed,7
496.000,anomalies_detected,0
496.000,anomalies_unique,0
496.000,investigation_timeouts,0
496.000,mission_duration_s,451.976
496.000,distance_traveled_m,90.99160045140593
496.000,route_deviations,23
496.000,investigation_time_s,0.0
496.000,hazard_avoidances,23
496.000,min_hazard_distance_m,4.452308160771184
496.000,collisions,0
496.000,time_below_clearance_s,0.0
496.000,safety_zone_violations,0
496.000,min_ttc_s,8.908646871827253
496.000,avoid_success,23
496.000,avoid_timeout,0
496.000,q_convergence,1.291053194636871
496.000,update_residual,0.0004161244694835891
496.000,investigation_deferred,0
496.000,nav_aborted,0
496.000,nav_canceled,0
496.000,nav_rejected,0
496.000,run_seed,7
497.000,anomalies_detected,0
497.000,anomalies_unique,0
497.000,investigation_timeouts,0
497.000,mission_duration_s,452.976
497.000,distance_traveled_m,91.18172794233107
497.000,route_deviations,24
497.000,investigation_time_s,0.0
497.000,hazard_avoidances,24
497.000,min_hazard_distance_m,4.452308160771184
497.000,collisions,0
497.000,time_below_clearance_s,0.0
497.000,safety_zone_violations,0
497.000,min_ttc_s,8.908646871827253
497.000,avoid_success,23
497.000,avoid_timeout,0
497.000,q_convergence,2.198187107640391
497.000,update_residual,0.017986928696079953
497.000,investigation_deferred,0
497.000,nav_aborted,0
497.000,nav_canceled,0
497.000,nav_rejected,0
497.000,run_seed,7
498.000,anomalies_detected,0
498.000,anomalies_unique,0
498.000,investigation_timeouts,0
498.000,mission_duration_s,453.976
498.000,distance_traveled_m,91.30832107877322
498.000,route_deviations,24
498.000,investigation_time_s,0.0
498.000,hazard_avoidances,24
498.000,min_hazard_distance_m,4.452308160771184
498.000,collisions,0
498.000,time_below_clearance_s,0.0
498.000,safety_zone_violations,0
498.000,min_ttc_s,8.908646871827253
498.000,avoid_success,23
498.000,avoid_timeout,0
498.000,q_convergence,3.4639223799882894
498.000,update_residual,0.0049635099091270484
498.000,investigation_deferred,0
498.000,nav_aborted,0
498.000,nav_canceled,0
498.000,nav_rejected,0
498.000,run_seed,7
499.000,anomalies_detected,0
499.000,anomalies_unique,0
499.000,investigation_timeouts,0
499.000,mission_duration_s,454.976
499.000,distance_traveled_m,91.54832232965337
499.000,route_deviations,24
499.000,investigation_time_s,0.0
499.000,hazard_avoidances,24
499.000,min_hazard_distance_m,4.452308160771184
499.000,collisions,0
499.000,time_below_clearance_s,0.0
499.000,safety_zone_violations,0
499.000,min_ttc_s,8.908646871827253
499.000,avoid_success,23
499.000,avoid_timeout,0
499.000,q_convergence,3.575254779763796
499.000,update_residual,0.0021457726485395933
499.000,investigation_deferred,0
499.000,nav_aborted,0
499.000,nav_canceled,0
499.000,nav_rejected,0
499.000,run_seed,7
500.000,anomalies_detected,0
500.000,anomalies_unique,0
500.000,investigation_timeouts,0
500.000,mission_duration_s,455.976
500.000,distance_traveled_m,91.57777050404144
500.000,route_deviations,24
500.000,investigation_time_s,0.0
500.000,hazard_avoidances,24
500.000,min_hazard_distance_m,4.452308160771184
500.000,collisions,0
500.000,time_below_clearance_s,0.0
500.000,safety_zone_violations,0
500.000,min_ttc_s,8.908646871827253
500.000,avoid_success,23
500.000,avoid_timeout,0
500.000,q_convergence,3.5955895212125637
500.000,update_residual,0.0001122985036627908
500.000,investigation_deferred,0
500.000,nav_aborted,0
500.000,nav_canceled,0
500.000,nav_rejected,0
500.000,run_seed,7
501.000,anomalies_detected,0
501.000,anomalies_unique,0
501.000,investigation_timeouts,0
501.000,mission_duration_s,456.976
501.000,distance_traveled_m,91.79352258109253
501.000,route_deviations,24
501.000,investigation_time_s,0.0
501.000,hazard_avoidances,24
501.000,min_hazard_distance_m,4.452308160771184
501.000,collisions,0
501.000,time_below_clearance_s,0.0
501.000,safety_zone_violations,0
501.000,min_ttc_s,8.908646871827253
501.000,avoid_success,23
501.000,avoid_timeout,0
501.000,q_convergence,3.477365788262572
501.000,update_residual,0.006384165459685166
501.000,investigation_deferred,0
501.000,nav_aborted,0
501.000,nav_canceled,0
501.000,nav_rejected,0
501.000,run_seed,7
502.000,anomalies_detected,0
502.000,anomalies_unique,0
502.000,investigation_timeouts,0
502.000,mission_duration_s,457.976
502.000,distance_traveled_m,92.05560199407344
502.000,route_deviations,24
502.000,investigation_time_s,0.0
502.000,hazard_avoidances,24
502.000,min_hazard_distance_m,4.452308160771184
502.000,collisions,0
502.000,time_below_clearance_s,0.0
502.000,safety_zone_violations,0
502.000,min_ttc_s,8.908646871827253
502.000,avoid_success,23
502.000,avoid_timeout,0
502.000,q_convergence,3.285357174945972
502.000,update_residual,0.013388135370519081
502.000,investigation_deferred,0
502.000,nav_aborted,0
502.000,nav_canceled,0
502.000,nav_rejected,0
502.000,run_seed,7
503.000,anomalies_detected,0
503.000,anomalies_unique,0
503.000,investigation_timeouts,0
503.000,mission_duration_s,458.976
503.000,distance_traveled_m,92.31768180944177
503.000,route_deviations,24
503.000,investigation_time_s,0.0
503.000,hazard_avoidances,24
503.000,min_hazard_distance_m,4.452308160771184
503.000,collisions,0
503.000,time_below_clearance_s,0.0
503.000,safety_zone_violations,0
503.000,min_ttc_s,8.908646871827253
503.000,avoid_success,23
503.000,avoid_timeout,0
503.000,q_convergence,3.0169612720078023
503.000,update_residual,0.01167664317144655
503.000,investigation_deferred,0
503.000,nav_aborted,0
503.000,nav_canceled,0
503.000,nav_rejected,0
503.000,run_seed,7
504.000,anomalies_detected,0
504.000,anomalies_unique,0
504.000,investigation_timeouts,0
504.000,mission_duration_s,459.976
504.000,distance_traveled_m,92.57040169155246
504.000,route_deviations,24
504.000,investigation_time_s,0.0
504.000,hazard_avoidances,24
504.000,min_hazard_distance_m,4.452308160771184
504.000,collisions,0
504.000,time_below_clearance_s,0.0
504.000,safety_zone_violations,0
504.000,min_ttc_s,8.908646871827253
504.000,avoid_success,23
504.000,avoid_timeout,0
504.000,q_convergence,2.906305783858819
504.000,update_residual,0.0006110943565481645
504.000,investigation_deferred,0
504.000,nav_aborted,0
504.000,nav_canceled,0
504.000,nav_rejected,0
504.000,run_seed,7
505.000,anomalies_detected,0
505.000,anomalies_unique,0
505.000,investigation_timeouts,0
505.000,mission_duration_s,460.976
505.000,distance_traveled_m,92.83174765400368
505.000,route_deviations,24
505.000,investigation_time_s,0.0
505.000,hazard_avoidances,24
505.000,min_hazard_distance_m,4.452308160771184
505.000,collisions,0
505.000,time_below_clearance_s,0.0
505.000,safety_zone_violations,0
505.000,min_ttc_s,8.908646871827253
505.000,avoid_success,23
505.000,avoid_timeout,0
505.000,q_convergence,2.05814544918449
505.000,update_residual,0.04393145473134165
505.000,investigation_deferred,0
505.000,nav_aborted,0
505.000,nav_canceled,0
505.000,nav_rejected,0
505.000,run_seed,7
506.000,anomalies_detected,0
506.000,anomalies_unique,0
506.000,investigation_timeouts,0
506.000,mission_duration_s,461.976
506.000,distance_traveled_m,92.93926491428736
506.000,route_deviations,24
506.000,investigation_time_s,0.0
506.000,hazard_avoidances,24
506.000,min_hazard_distance_m,4.452308160771184
506.000,collisions,0
506.000,time_below_clearance_s,0.0
506.000,safety_zone_violations,0
506.000,min_ttc_s,8.908646871827253
506.000,avoid_success,24
506.000,avoid_timeout,0
506.000,q_convergence,2.09856814048738
506.000,update_residual,0.016180131524615133
506.000,investigation_deferred,0
506.000,nav_aborted,0
506.000,nav_canceled,0
506.000,nav_rejected,0
506.000,run_seed,7
507.000,anomalies_detected,0
507.000,anomalies_unique,0
507.000,investigation_timeouts,0
507.000,mission_duration_s,462.976
507.000,distance_traveled_m,93.0314495030047
507.000,route_deviations,24
507.000,investigation_time_s,0.0
507.000,hazard_avoidances,24
507.000,min_hazard_distance_m,4.452308160771184
507.000,collisions,0
507.000,time_below_clearance_s,0.0
507.000,safety_zone_violations,0
507.000,min_ttc_s,8.908646871827253
507.000,avoid_success,24
507.000,avoid_timeout,0
507.000,q_convergence,2.0697744877037625
507.000,update_residual,0.002561628440817374
507.000,investigation_deferred,0
507.000,nav_aborted,0
507.000,nav_canceled,0
507.000,nav_rejected,0
507.000,run_seed,7
508.000,anomalies_detected,0
508.000,anomalies_unique,0
508.000,investigation_timeouts,0
508.000,mission_duration_s,463.976
508.000,distance_traveled_m,93.25274170627871
508.000,route_deviations,24
508.000,investigation_time_s,0.0
508.000,hazard_avoidances,24
508.000,min_hazard_distance_m,4.452308160771184
508.000,collisions,0
508.000,time_below_clearance_s,0.0
508.000,safety_zone_violations,0
508.000,min_ttc_s,8.908646871827253
508.000,avoid_success,24
508.000,avoid_timeout,0
508.000,q_convergence,1.8861198729725228
508.000,update_residual,0.01050377166773769
508.000,investigation_deferred,0
508.000,nav_aborted,0
508.000,nav_canceled,0
508.000,nav_rejected,0
508.000,run_seed,7
509.000,anomalies_detected,0
509.000,anomalies_unique,0
509.000,investigation_timeouts,0
509.000,mission_duration_s,464.976
509.000,distance_traveled_m,93.35383190103425
509.000,route_deviations,24
509.000,investigation_time_s,0.0
509.000,hazard_avoidances,24
509.000,min_hazard_distance_m,4.452308160771184
509.000,collisions,0
509.000,time_below_clearance_s,0.0
509.000,safety_zone_violations,0
509.000,min_ttc_s,8.908646871827253
509.000,avoid_success,24
509.000,avoid_timeout,0
509.000,q_convergence,1.7999095845144477
509.000,update_residual,0.0018827428219302408
509.000,investigation_deferred,0
509.000,nav_aborted,0
509.000,nav_canceled,0
509.000,nav_rejected,0
509.000,run_seed,7
510.000,anomalies_detected,0
510.000,anomalies_unique,0
510.000,investigation_timeouts,0
510.000,mission_duration_s,465.976
510.000,distance_traveled_m,93.49724869604835
510.000,route_deviations,24
510.000,investigation_time_s,0.0
510.000,hazard_avoidances,24
510.000,min_hazard_distance_m,4.452308160771184
510.000,collisions,0
510.000,time_below_clearance_s,0.0
510.000,safety_zone_violations,0
510.000,min_ttc_s,8.908646871827253
510.000,avoid_success,24
510.000,avoid_timeout,0
510.000,q_convergence,1.7245929025546816
510.000,update_residual,0.021067306970380797
510.000,investigation_deferred,0
510.000,nav_aborted,0
510.000,nav_canceled,0
510.000,nav_rejected,0
510.000,run_seed,7
511.000,anomalies_detected,0
511.000,anomalies_unique,0
511.000,investigation_timeouts,0
511.000,mission_duration_s,466.976
511.000,distance_traveled_m,93.75932729650307
511.000,route_deviations,24
511.000,investigation_time_s,0.0
511.000,hazard_avoidances,24
511.000,min_hazard_distance_m,4.452308160771184
511.000,collisions,0
511.000,time_below_clearance_s,0.0
511.000,safety_zone_violations,0
511.000,min_ttc_s,8.908646871827253
511.000,avoid_success,24
511.000,avoid_timeout,0
511.000,q_convergence,1.37557620422895
511.000,update_residual,0.008874434630570771
511.000,investigation_deferred,0
511.000,nav_aborted,0
511.000,nav_canceled,0
511.000,nav_rejected,0
511.000,run_seed,7
512.000,anomalies_detected,0
512.000,anomalies_unique,0
512.000,investigation_timeouts,0
512.000,mission_duration_s,467.976
512.000,distance_traveled_m,94.02140729023158
512.000,route_deviations,24
512.000,investigation_time_s,0.0
512.000,hazard_avoidances,24
512.000,min_hazard_distance_m,4.452308160771184
512.000,collisions,0
512.000,time_below_clearance_s,0.0
512.000,safety_zone_violations,0
512.000,min_ttc_s,8.908646871827253
512.000,avoid_success,24
512.000,avoid_timeout,0
512.000,q_convergence,1.2914762722816076
512.000,update_residual,0.00046444143583652654
512.000,investigation_deferred,0
512.000,nav_aborted,0
512.000,nav_canceled,0
512.000,nav_rejected,0
512.000,run_seed,7
513.000,anomalies_detected,0
513.000,anomalies_unique,0
513.000,investigation_timeouts,0
513.000,mission_duration_s,468.976
513.000,distance_traveled_m,94.27412728414313
513.000,route_deviations,24
513.000,investigation_time_s,0.0
513.000,hazard_avoidances,24
513.000,min_hazard_distance_m,4.452308160771184
513.000,collisions,0
513.000,time_below_clearance_s,0.0
513.000,safety_zone_violations,0
513.000,min_ttc_s,8.908646871827253
513.000,avoid_success,24
513.000,avoid_timeout,0
513.000,q_convergence,1.0251580069573527
513.000,update_residual,0.00937499263741424
513.000,investigation_deferred,0
513.000,nav_aborted,0
513.000,nav_canceled,0
513.000,nav_rejected,0
513.000,run_seed,7
514.000,anomalies_detected,0
514.000,anomalies_unique,0
514.000,investigation_timeouts,0
514.000,mission_duration_s,469.976
514.000,distance_traveled_m,94.53620728170658
514.000,route_deviations,24
514.000,investigation_time_s,0.0
514.000,hazard_avoidances,24
514.000,min_hazard_distance_m,4.452308160771184
514.000,collisions,0
514.000,time_below_clearance_s,0.0
514.000,safety_zone_violations,0
514.000,min_ttc_s,8.908646871827253
514.000,avoid_success,24
514.000,avoid_timeout,0
514.000,q_convergence,1.082499342252113
514.000,update_residual,0.001130773698264284
514.000,investigation_deferred,0
514.000,nav_aborted,0
514.000,nav_canceled,0
514.000,nav_rejected,0
514.000,run_seed,7
515.000,anomalies_detected,0
515.000,anomalies_unique,0
515.000,investigation_timeouts,0
515.000,mission_duration_s,470.976
515.000,distance_traveled_m,94.7961719401122
515.000,route_deviations,25
515.000,investigation_time_s,0.0
515.000,hazard_avoidances,25
515.000,min_hazard_distance_m,4.452308160771184
515.000,collisions,0
515.000,time_below_clearance_s,0.0
515.000,safety_zone_violations,0
515.000,min_ttc_s,8.908646871827253
515.000,avoid_success,24
515.000,avoid_timeout,0
515.000,q_convergence,2.2052538894297267
515.000,update_residual,0.02051292124394887
515.000,investigation_deferred,0
515.000,nav_aborted,0
515.000,nav_canceled,0
515.000,nav_rejected,0
515.000,run_seed,7
516.000,anomalies_detected,0
516.000,anomalies_unique,0
516.000,investigation_timeouts,0
516.000,mission_duration_s,471.976
516.000,distance_traveled_m,94.87574411467746
516.000,route_deviations,25
516.000,investigation_time_s,0.0
516.000,hazard_avoidances,25
516.000,min_hazard_distance_m,4.452308160771184
516.000,collisions,0
516.000,time_below_clearance_s,0.0
516.000,safety_zone_violations,0
516.000,min_ttc_s,8.908646871827253
516.000,avoid_success,24
516.000,avoid_timeout,0
516.000,q_convergence,3.462210731127392
516.000,update_residual,0.005094523055954718
516.000,investigation_deferred,0
516.000,nav_aborted,0
516.000,nav_canceled,0
516.000,nav_rejected,0
516.000,run_seed,7
517.000,anomalies_detected,0
517.000,anomalies_unique,0
517.000,investigation_timeouts,0
517.000,mission_duration_s,472.976
517.000,distance_traveled_m,95.10114536533428
517.000,route_deviations,25
517.000,investigation_time_s,0.0
517.000,hazard_avoidances,25
517.000,min_hazard_distance_m,4.452308160771184
517.000,collisions,0
517.000,time_below_clearance_s,0.0
517.000,safety_zone_violations,0
517.000,min_ttc_s,8.908646871827253
517.000,avoid_success,24
517.000,avoid_timeout,0
517.000,q_convergence,3.6105592068544583
517.000,update_residual,0.004337596444346119
517.000,investigation_deferred,0
517.000,nav_aborted,0
517.000,nav_canceled,0
517.000,nav_rejected,0
517.000,run_seed,7
518.000,anomalies_detected,0
518.000,anomalies_unique,0
518.000,investigation_timeouts,0
518.000,mission_duration_s,473.976
518.000,distance_traveled_m,95.23308370068389
518.000,route_deviations,25
518.000,investigation_time_s,0.0
518.000,hazard_avoidances,25
518.000,min_hazard_distance_m,4.452308160771184
518.000,collisions,0
518.000,time_below_clearance_s,0.0
518.000,safety_zone_violations,0
518.000,min_ttc_s,8.908646871827253
518.000,avoid_success,24
518.000,avoid_timeout,0
518.000,q_convergence,3.6422342581341387
518.000,update_residual,0.0006114963186771849
518.000,investigation_deferred,0
518.000,nav_aborted,0
518.000,nav_canceled,0
518.000,nav_rejected,0
518.000,run_seed,7
519.000,anomalies_detected,0
519.000,anomalies_unique,0
519.000,investigation_timeouts,0
519.000,mission_duration_s,474.976
519.000,distance_traveled_m,95.32297512406244
519.000,route_deviations,25
519.000,investigation_time_s,0.0
519.000,hazard_avoidances,25
519.000,min_hazard_distance_m,4.452308160771184
519.000,collisions,0
519.000,time_below_clearance_s,0.0
519.000,safety_zone_violations,0
519.000,min_ttc_s,8.908646871827253
519.000,avoid_success,24
519.000,avoid_timeout,0
519.000,q_convergence,3.636449136443764
519.000,update_residual,3.2984149639592175e-05
519.000,investigation_deferred,0
519.000,nav_aborted,0
519.000,nav_canceled,0
519.000,nav_rejected,0
519.000,run_seed,7
520.000,anomalies_detected,0
520.000,anomalies_unique,0
520.000,investigation_timeouts,0
520.000,mission_duration_s,475.976
520.000,distance_traveled_m,95.58505132841564
520.000,route_deviations,25
520.000,investigation_time_s,0.0
520.000,hazard_avoidances,25
520.000,min_hazard_distance_m,4.452308160771184
520.000,collisions,0
520.000,time_below_clearance_s,0.0
520.000,safety_zone_violations,0
520.000,min_ttc_s,8.908646871827253
520.000,avoid_success,24
520.000,avoid_timeout,0
520.000,q_convergence,3.5254677369455294
520.000,update_residual,0.005663811058487698
520.000,investigation_deferred,0
520.000,nav_aborted,0
520.000,nav_canceled,0
520.000,nav_rejected,0
520.000,run_seed,7
521.000,anomalies_detected,0
521.000,anomalies_unique,0
521.000,investigation_timeouts,0
521.000,mission_duration_s,476.976
521.000,distance_traveled_m,95.84713129809795
521.000,route_deviations,25
521.000,investigation_time_s,0.0
521.000,hazard_avoidances,25
521.000,min_hazard_distance_m,4.452308160771184
521.000,collisions,0
521.000,time_below_clearance_s,0.0
521.000,safety_zone_violations,0
521.000,min_ttc_s,8.908646871827253
521.000,avoid_success,24
521.000,avoid_timeout,0
521.000,q_convergence,3.2977950374452845
521.000,update_residual,0.01757001540779294
521.000,investigation_deferred,0
521.000,nav_aborted,0
521.000,nav_canceled,0
521.000,nav_rejected,0
521.000,run_seed,7
522.000,anomalies_detected,0
522.000,anomalies_unique,0
522.000,investigation_timeouts,0
522.000,mission_duration_s,477.976
522.000,distance_traveled_m,96.0998511162112
522.000,route_deviations,25
522.000,investigation_time_s,0.0
522.000,hazard_avoidances,25
522.000,min_hazard_distance_m,4.452308160771184
522.000,collisions,0
522.000,time_below_clearance_s,0.0
522.000,safety_zone_violations,0
522.000,min_ttc_s,8.908646871827253
522.000,avoid_success,24
522.000,avoid_timeout,0
522.000,q_convergence,3.0820128757007117
522.000,update_residual,0.013350769329415797
522.000,investigation_deferred,0
522.000,nav_aborted,0
522.000,nav_canceled,0
522.000,nav_rejected,0
522.000,run_seed,7
523.000,anomalies_detected,0
523.000,anomalies_unique,0
523.000,investigation_timeouts,0
523.000,mission_duration_s,478.976
523.000,distance_traveled_m,96.36193110123789
523.000,route_deviations,25
523.000,investigation_time_s,0.0
523.000,hazard_avoidances,25
523.000,min_hazard_distance_m,4.452308160771184
523.000,collisions,0
523.000,time_below_clearance_s,0.0
523.000,safety_zone_violations,0
523.000,min_ttc_s,8.908646871827253
523.000,avoid_success,24
523.000,avoid_timeout,0
523.000,q_convergence,2.6677113951141234
523.000,update_residual,0.016148199006855126
523.000,investigation_deferred,0
523.000,nav_aborted,0
523.000,nav_canceled,0
523.000,nav_rejected,0
523.000,run_seed,7
524.000,anomalies_detected,0
524.000,anomalies_unique,0
524.000,investigation_timeouts,0
524.000,mission_duration_s,479.976
524.000,distance_traveled_m,96.6208631773329
524.000,route_deviations,25
524.000,investigation_time_s,0.0
524.000,hazard_avoidances,25
524.000,min_hazard_distance_m,4.452308160771184
524.000,collisions,0
524.000,time_below_clearance_s,0.0
524.000,safety_zone_violations,0
524.000,min_ttc_s,8.908646871827253
524.000,avoid_success,24
524.000,avoid_timeout,0
524.000,q_convergence,2.515340082401246
524.000,update_residual,0.0009110677355674121
524.000,investigation_deferred,0
524.000,nav_aborted,0
524.000,nav_canceled,0
524.000,nav_rejected,0
524.000,run_seed,7
525.000,anomalies_detected,0
525.000,anomalies_unique,0
525.000,investigation_timeouts,0
525.000,mission_duration_s,480.976
525.000,distance_traveled_m,96.68596813520315
525.000,route_deviations,25
525.000,investigation_time_s,0.0
525.000,hazard_avoidances,25
525.000,min_hazard_distance_m,4.452308160771184
525.000,collisions,0
525.000,time_below_clearance_s,0.0
525.000,safety_zone_violations,0
525.000,min_ttc_s,8.908646871827253
525.000,avoid_success,25
525.000,avoid_timeout,0
525.000,q_convergence,1.845996452442257
525.000,update_residual,0.03112516270941024
525.000,investigation_deferred,0
525.000,nav_aborted,0
525.000,nav_canceled,0
525.000,nav_rejected,0
525.000,run_seed,7
526.000,anomalies_detected,0
526.000,anomalies_unique,0
526.000,investigation_timeouts,0
526.000,mission_duration_s,481.976
526.000,distance_traveled_m,96.78086428229732
526.000,route_deviations,25
526.000,investigation_time_s,0.0
526.000,hazard_avoidances,25
526.000,min_hazard_distance_m,4.452308160771184
526.000,collisions,0
526.000,time_below_clearance_s,0.0
526.000,safety_zone_violations,0
526.000,min_ttc_s,8.908646871827253
526.000,avoid_success,25
526.000,avoid_timeout,0
526.000,q_convergence,1.9012091267633247
526.000,update_residual,0.00904583816178989
526.000,investigation_deferred,0
526.000,nav_aborted,0
526.000,nav_canceled,0
526.000,nav_rejected,0
526.000,run_seed,7
527.000,anomalies_detected,0
527.000,anomalies_unique,0
527.000,investigation_timeouts,0
527.000,mission_duration_s,482.976
527.000,distance_traveled_m,96.99620814261206
527.000,route_deviations,25
527.000,investigation_time_s,0.0
527.000,hazard_avoidances,25
527.000,min_hazard_distance_m,4.452308160771184
527.000,collisions,0
527.000,time_below_clearance_s,0.0
527.000,safety_zone_violations,0
527.000,min_ttc_s,8.908646871827253
527.000,avoid_success,25
527.000,avoid_timeout,0
527.000,q_convergence,1.8154848631361467
527.000,update_residual,0.0004734117990721279
527.000,investigation_deferred,0
527.000,nav_aborted,0
527.000,nav_canceled,0
527.000,nav_rejected,0
527.000,run_seed,7
528.000,anomalies_detected,0
528.000,anomalies_unique,0
528.000,investigation_timeouts,0
528.000,mission_duration_s,483.976
528.000,distance_traveled_m,97.11107734034313
528.000,route_deviations,25
528.000,investigation_time_s,0.0
528.000,hazard_avoidances,25
528.000,min_hazard_distance_m,4.452308160771184
528.000,collisions,0
528.000,time_below_clearance_s,0.0
528.000,safety_zone_violations,0
528.000,min_ttc_s,8.908646871827253
528.000,avoid_success,25
528.000,avoid_timeout,0
528.000,q_convergence,1.634141051190358
528.000,update_residual,0.00950029178167461
528.000,investigation_deferred,0
528.000,nav_aborted,0
528.000,nav_canceled,0
528.000,nav_rejected,0
528.000,run_seed,7
529.000,anomalies_detected,0
529.000,anomalies_unique,0
529.000,investigation_timeouts,0
529.000,mission_duration_s,484.976
529.000,distance_traveled_m,97.2583890867907
529.000,route_deviations,25
529.000,investigation_time_s,0.0
529.000,hazard_avoidances,25
529.000,min_hazard_distance_m,4.452308160771184
529.000,collisions,0
529.000,time_below_clearance_s,0.0
529.000,safety_zone_violations,0
529.000,min_ttc_s,8.908646871827253
529.000,avoid_success,25
529.000,avoid_timeout,0
529.000,q_convergence,1.4713729516666603
529.000,update_residual,0.01631055382990899
529.000,investigation_deferred,0
529.000,nav_aborted,0
529.000,nav_canceled,0
529.000,nav_rejected,0
529.000,run_seed,7
530.000,anomalies_detected,0
530.000,anomalies_unique,0
530.000,investigation_timeouts,0
530.000,mission_duration_s,485.976
530.000,distance_traveled_m,97.52046770865475
530.000,route_deviations,25
530.000,investigation_time_s,0.0
530.000,hazard_avoidances,25
530.000,min_hazard_distance_m,4.452308160771184
530.000,collisions,0
530.000,time_below_clearance_s,0.0
530.000,safety_zone_violations,0
530.000,min_ttc_s,8.908646871827253
530.000,avoid_success,25
530.000,avoid_timeout,0
530.000,q_convergence,1.3168035031078185
530.000,update_residual,0.0008536089740248169
530.000,investigation_deferred,0
530.000,nav_aborted,0
530.000,nav_canceled,0
530.000,nav_rejected,0
530.000,run_seed,7
531.000,anomalies_detected,0
531.000,anomalies_unique,0
531.000,investigation_timeouts,0
531.000,mission_duration_s,486.976
531.000,distance_traveled_m,97.77318770289887
531.000,route_deviations,25
531.000,investigation_time_s,0.0
531.000,hazard_avoidances,25
531.000,min_hazard_distance_m,4.452308160771184
531.000,collisions,0
531.000,time_below_clearance_s,0.0
531.000,safety_zone_violations,0
531.000,min_ttc_s,8.908646871827253
531.000,avoid_success,25
531.000,avoid_timeout,0
531.000,q_convergence,1.0812652523146045
531.000,update_residual,0.004490389381214337
531.000,investigation_deferred,0
531.000,nav_aborted,0
531.000,nav_canceled,0
531.000,nav_rejected,0
531.000,run_seed,7
532.000,anomalies_detected,0
532.000,anomalies_unique,0
532.000,investigation_timeouts,0
532.000,mission_duration_s,487.976
532.000,distance_traveled_m,98.03526769606768
532.000,route_deviations,25
532.000,investigation_time_s,0.0
532.000,hazard_avoidances,25
532.000,min_hazard_distance_m,4.452308160771184
532.000,collisions,0
532.000,time_below_clearance_s,0.0
532.000,safety_zone_violations,0
532.000,min_ttc_s,8.908646871827253
532.000,avoid_success,25
532.000,avoid_timeout,0
532.000,q_convergence,1.1097448244919592
532.000,update_residual,0.00022824768704752724
532.000,investigation_deferred,0
532.000,nav_aborted,0
532.000,nav_canceled,0
532.000,nav_rejected,0
532.000,run_seed,7
533.000,anomalies_detected,0
533.000,anomalies_unique,0
533.000,investigation_timeouts,0
533.000,mission_duration_s,488.976
533.000,distance_traveled_m,98.29734769497865
533.000,route_deviations,25
533.000,investigation_time_s,0.0
533.000,hazard_avoidances,25
533.000,min_hazard_distance_m,4.452308160771184
533.000,collisions,0
533.000,time_below_clearance_s,0.0
533.000,safety_zone_violations,0
533.000,min_ttc_s,8.908646871827253
533.000,avoid_success,25
533.000,avoid_timeout,0
533.000,q_convergence,1.017893548645143
533.000,update_residual,0.007267034248707394
533.000,investigation_deferred,0
533.000,nav_aborted,0
533.000,nav_canceled,0
533.000,nav_rejected,0
533.000,run_seed,7
534.000,anomalies_detected,0
534.000,anomalies_unique,0
534.000,investigation_timeouts,0
534.000,mission_duration_s,489.976
534.000,distance_traveled_m,98.48544178774162
534.000,route_deviations,26
534.000,investigation_time_s,0.0
534.000,hazard_avoidances,26
534.000,min_hazard_distance_m,4.452308160771184
534.000,collisions,0
534.000,time_below_clearance_s,0.0
534.000,safety_zone_violations,0
534.000,min_ttc_s,8.908646871827253
534.000,avoid_success,25
534.000,avoid_timeout,0
534.000,q_convergence,2.1907689630387126
534.000,update_residual,0.02602887050616372
534.000,investigation_deferred,0
534.000,nav_aborted,0
534.000,nav_canceled,0
534.000,nav_rejected,0
534.000,run_seed,7
535.000,anomalies_detected,0
535.000,anomalies_unique,0
535.000,investigation_timeouts,0
535.000,mission_duration_s,490.976
535.000,distance_traveled_m,98.61282840711085
535.000,route_deviations,26
535.000,investigation_time_s,0.0
535.000,hazard_avoidances,26
535.000,min_hazard_distance_m,4.452308160771184
535.000,collisions,0
535.000,time_below_clearance_s,0.0
535.000,safety_zone_violations,0
535.000,min_ttc_s,8.908646871827253
535.000,avoid_success,25
535.000,avoid_timeout,0
535.000,q_convergence,3.4704063147855098
535.000,update_residual,0.004632614778942735
535.000,investigation_deferred,0
535.000,nav_aborted,0
535.000,nav_canceled,0
535.000,nav_rejected,0
535.000,run_seed,7
536.000,anomalies_detected,0
536.000,anomalies_unique,0
536.000,investigation_timeouts,0
536.000,mission_duration_s,491.976
536.000,distance_traveled_m,98.84234516460249
536.000,route_deviations,26
536.000,investigation_time_s,0.0
536.000,hazard_avoidances,26
536.000,min_hazard_distance_m,4.452308160771184
536.000,collisions,0
536.000,time_below_clearance_s,0.0
536.000,safety_zone_violations,0
536.000,min_ttc_s,8.908646871827253
536.000,avoid_success,25
536.000,avoid_timeout,0
536.000,q_convergence,3.5777092030395705
536.000,update_residual,0.0020826752834969464
536.000,investigation_deferred,0
536.000,nav_aborted,0
536.000,nav_canceled,0
536.000,nav_rejected,0
536.000,run_seed,7
537.000,anomalies_detected,0
537.000,anomalies_unique,0
537.000,investigation_timeouts,0
537.000,mission_duration_s,492.976
537.000,distance_traveled_m,98.86613063170066
537.000,route_deviations,26
537.000,investigation_time_s,0.0
537.000,hazard_avoidances,26
537.000,min_hazard_distance_m,4.452308160771184
537.000,collisions,0
537.000,time_below_clearance_s,0.0
537.000,safety_zone_violations,0
537.000,min_ttc_s,8.908646871827253
537.000,avoid_success,25
537.000,avoid_timeout,0
537.000,q_convergence,3.5458584252023795
537.000,update_residual,0.0026494430476599958
537.000,investigation_deferred,0
537.000,nav_aborted,0
537.000,nav_canceled,0
537.000,nav_rejected,0
537.000,run_seed,7
538.000,anomalies_detected,0
538.000,anomalies_unique,0
538.000,investigation_timeouts,0
538.000,mission_duration_s,493.976
538.000,distance_traveled_m,99.05834536066791
538.000,route_deviations,26
538.000,investigation_time_s,0.0
538.000,hazard_avoidances,26
538.000,min_hazard_distance_m,4.452308160771184
538.000,collisions,0
538.000,time_below_clearance_s,0.0
538.000,safety_zone_violations,0
538.000,min_ttc_s,8.908646871827253
538.000,avoid_success,25
538.000,avoid_timeout,0
538.000,q_convergence,3.45434464116063
538.000,update_residual,0.0035523817735354612
538.000,investigation_deferred,0
538.000,nav_aborted,0
538.000,nav_canceled,0
538.000,nav_rejected,0
538.000,run_seed,7
539.000,anomalies_detected,0
539.000,anomalies_unique,0
539.000,investigation_timeouts,0
539.000,mission_duration_s,494.976
539.000,distance_traveled_m,99.32042476294116
539.000,route_deviations,26
539.000,investigation_time_s,0.0
539.000,hazard_avoidances,26
539.000,min_hazard_distance_m,4.452308160771184
539.000,collisions,0
539.000,time_below_clearance_s,0.0
539.000,safety_zone_violations,0
539.000,min_ttc_s,8.908646871827253
539.000,avoid_success,25
539.000,avoid_timeout,0
539.000,q_convergence,3.2275300720402345
539.000,update_residual,0.019473733494984855
539.000,investigation_deferred,0
539.000,nav_aborted,0
539.000,nav_canceled,0
539.000,nav_rejected,0
539.000,run_seed,7
540.000,anomalies_detected,0
540.000,anomalies_unique,0
540.000,investigation_timeouts,0
540.000,mission_duration_s,495.976
540.000,distance_traveled_m,99.573144563407
540.000,route_deviations,26
540.000,investigation_time_s,0.0
540.000,hazard_avoidances,26
540.000,min_hazard_distance_m,4.452308160771184
540.000,collisions,0
540.000,time_below_clearance_s,0.0
540.000,safety_zone_violations,0
540.000,min_ttc_s,8.908646871827253
540.000,avoid_success,25
540.000,avoid_timeout,0
540.000,q_convergence,2.941313625939505
540.000,update_residual,0.0035315926028022943
540.000,investigation_deferred,0
540.000,nav_aborted,0
540.000,nav_canceled,0
540.000,nav_rejected,0
540.000,run_seed,7
541.000,anomalies_detected,0
541.000,anomalies_unique,0
541.000,investigation_timeouts,0
541.000,mission_duration_s,496.976
541.000,distance_traveled_m,99.83522443478533
541.000,route_deviations,26
541.000,investigation_time_s,0.0
541.000,hazard_avoidances,26
541.000,min_hazard_distance_m,4.452308160771184
541.000,collisions,0
541.000,time_below_clearance_s,0.0
541.000,safety_zone_violations,0
541.000,min_ttc_s,8.908646871827253
541.000,avoid_success,25
541.000,avoid_timeout,0
541.000,q_convergence,2.907902643168196
541.000,update_residual,0.00019049432567133754
541.000,investigation_deferred,0
541.000,nav_aborted,0
541.000,nav_canceled,0
541.000,nav_rejected,0
541.000,run_seed,7
542.000,anomalies_detected,0
542.000,anomalies_unique,0
542.000,investigation_timeouts,0
542.000,mission_duration_s,497.976
542.000,distance_traveled_m,100.09727941726075
542.000,route_deviations,26
542.000,investigation_time_s,0.0
542.000,hazard_avoidances,26
542.000,min_hazard_distance_m,4.452308160771184
542.000,collisions,0
542.000,time_below_clearance_s,0.0
542.000,safety_zone_violations,0
542.000,min_ttc_s,8.908646871827253
542.000,avoid_success,25
542.000,avoid_timeout,0
542.000,q_convergence,2.088650585910854
542.000,update_residual,0.04126058307768555
542.000,investigation_deferred,0
542.000,nav_aborted,0
542.000,nav_canceled,0
542.000,nav_rejected,0
542.000,run_seed,7
543.000,anomalies_detected,0
543.000,anomalies_unique,0
543.000,investigation_timeouts,0
543.000,mission_duration_s,498.976
543.000,distance_traveled_m,100.23990255446054
543.000,route_deviations,26
543.000,investigation_time_s,0.0
543.000,hazard_avoidances,26
543.000,min_hazard_distance_m,4.452308160771184
543.000,collisions,0
543.000,time_below_clearance_s,0.0
543.000,safety_zone_violations,0
543.000,min_ttc_s,8.908646871827253
543.000,avoid_success,26
543.000,avoid_timeout,0
543.000,q_convergence,2.2363936127444153
543.000,update_residual,0.02337044321803453
543.000,investigation_deferred,0
543.000,nav_aborted,0
543.000,nav_canceled,0
543.000,nav_rejected,0
543.000,run_seed,7
544.000,anomalies_detected,0
544.000,anomalies_unique,0
544.000,investigation_timeouts,0
544.000,mission_duration_s,499.976
544.000,distance_traveled_m,100.33544257076689
544.000,route_deviations,26
544.000,investigation_time_s,0.0
544.000,hazard_avoidances,26
544.000,min_hazard_distance_m,4.452308160771184
544.000,collisions,0
544.000,time_below_clearance_s,0.0
544.000,safety_zone_violations,0
544.000,min_ttc_s,8.908646871827253
544.000,avoid_success,26
544.000,avoid_timeout,0
544.000,q_convergence,2.116990255349383
544.000,update_residual,0.0017406917163337002
544.000,investigation_deferred,0
544.000,nav_aborted,0
544.000,nav_canceled,0
544.000,nav_rejected,0
544.000,run_seed,7
545.000,anomalies_detected,0
545.000,anomalies_unique,0
545.000,investigation_timeouts,0
545.000,mission_duration_s,500.976
545.000,distance_traveled_m,100.5507585481612
545.000,route_deviations,26
545.000,investigation_time_s,0.0
545.000,hazard_avoidances,26
545.000,min_hazard_distance_m,4.452308160771184
545.000,collisions,0
545.000,time_below_clearance_s,0.0
545.000,safety_zone_violations,0
545.000,min_ttc_s,8.908646871827253
545.000,avoid_success,26
545.000,avoid_timeout,0
545.000,q_convergence,1.8921480104806254
545.000,update_residual,0.010750217302248663
545.000,investigation_deferred,0
545.000,nav_aborted,0
545.000,nav_canceled,0
545.000,nav_rejected,0
545.000,run_seed,7
546.000,anomalies_detected,0
546.000,anomalies_unique,0
546.000,investigation_timeouts,0
546.000,mission_duration_s,501.976
546.000,distance_traveled_m,100.67253653620438
546.000,route_deviations,26
546.000,investigation_time_s,0.0
546.000,hazard_avoidances,26
546.000,min_hazard_distance_m,4.452308160771184
546.000,collisions,0
546.000,time_below_clearance_s,0.0
546.000,safety_zone_violations,0
546.000,min_ttc_s,8.908646871827253
546.000,avoid_success,26
546.000,avoid_timeout,0
546.000,q_convergence,1.7904445113883856
546.000,update_residual,0.0005798673930246533
546.000,investigation_deferred,0
546.000,nav_aborted,0
546.000,nav_canceled,0
546.000,nav_rejected,0
546.000,run_seed,7
547.000,anomalies_detected,0
547.000,anomalies_unique,0
547.000,investigation_timeouts,0
547.000,mission_duration_s,502.976
547.000,distance_traveled_m,100.80808870013959
547.000,route_deviations,26
547.000,investigation_time_s,0.0
547.000,hazard_avoidances,26
547.000,min_hazard_distance_m,4.452308160771184
547.000,collisions,0
547.000,time_below_clearance_s,0.0
547.000,safety_zone_violations,0
547.000,min_ttc_s,8.908646871827253
547.000,avoid_success,26
547.000,avoid_timeout,0
547.000,q_convergence,1.8501544297679178
547.000,update_residual,0.03332054679284995
547.000,investigation_deferred,0
547.000,nav_aborted,0
547.000,nav_canceled,0
547.000,nav_rejected,0
547.000,run_seed,7
548.000,anomalies_detected,0
548.000,anomalies_unique,0
548.000,investigation_timeouts,0
548.000,mission_duration_s,503.976
548.000,distance_traveled_m,101.0701673336665
548.000,route_deviations,26
548.000,investigation_time_s,0.0
548.000,hazard_avoidances,26
548.000,min_hazard_distance_m,4.452308160771184
548.000,collisions,0
548.000,time_below_clearance_s,0.0
548.000,safety_zone_violations,0
548.000,min_ttc_s,8.908646871827253
548.000,avoid_success,26
548.000,avoid_timeout,0
548.000,q_convergence,1.3870366085500727
548.000,update_residual,0.009762999098656746
548.000,investigation_deferred,0
548.000,nav_aborted,0
548.000,nav_canceled,0
548.000,nav_rejected,0
548.000,run_seed,7
549.000,anomalies_detected,0
549.000,anomalies_unique,0
549.000,investigation_timeouts,0
549.000,mission_duration_s,504.976
549.000,distance_traveled_m,101.32288732059384
549.000,route_deviations,26
549.000,investigation_time_s,0.0
549.000,hazard_avoidances,26
549.000,min_hazard_distance_m,4.452308160771184
549.000,collisions,0
549.000,time_below_clearance_s,0.0
549.000,safety_zone_violations,0
549.000,min_ttc_s,8.908646871827253
549.000,avoid_success,26
549.000,avoid_timeout,0
549.000,q_convergence,1.2945160600330359
549.000,update_residual,0.0005109442469530218
549.000,investigation_deferred,0
549.000,nav_aborted,0
549.000,nav_canceled,0
549.000,nav_rejected,0
549.000,run_seed,7
550.000,anomalies_detected,0
550.000,anomalies_unique,0
550.000,investigation_timeouts,0
550.000,mission_duration_s,505.976
550.000,distance_traveled_m,101.58496731155141
550.000,route_deviations,26
550.000,investigation_time_s,0.0
550.000,hazard_avoidances,26
550.000,min_hazard_distance_m,4.452308160771184
550.000,collisions,0
550.000,time_below_clearance_s,0.0
550.000,safety_zone_violations,0
550.000,min_ttc_s,8.908646871827253
550.000,avoid_success,26
550.000,avoid_timeout,0
550.000,q_convergence,1.0183622861843935
550.000,update_residual,0.010642194733281107
550.000,investigation_deferred,0
550.000,nav_aborted,0
550.000,nav_canceled,0
550.000,nav_rejected,0
550.000,run_seed,7
551.000,anomalies_detected,0
551.000,anomalies_unique,0
551.000,investigation_timeouts,0
551.000,mission_duration_s,506.976
551.000,distance_traveled_m,101.847047305314
551.000,route_deviations,26
551.000,investigation_time_s,0.0
551.000,hazard_avoidances,26
551.000,min_hazard_distance_m,4.452308160771184
551.000,collisions,0
551.000,time_below_clearance_s,0.0
551.000,safety_zone_violations,0
551.000,min_ttc_s,8.908646871827253
551.000,avoid_success,26
551.000,avoid_timeout,0
551.000,q_convergence,1.001126059916684
551.000,update_residual,0.0069529778727051355
551.000,investigation_deferred,0
551.000,nav_aborted,0
551.000,nav_canceled,0
551.000,nav_rejected,0
551.000,run_seed,7
552.000,anomalies_detected,0
552.000,anomalies_unique,0
552.000,investigation_timeouts,0
552.000,mission_duration_s,507.976
552.000,distance_traveled_m,102.10912730356868
552.000,route_deviations,26
552.000,investigation_time_s,0.0
552.000,hazard_avoidances,26
552.000,min_hazard_distance_m,4.452308160771184
552.000,collisions,0
552.000,time_below_clearance_s,0.0
552.000,safety_zone_violations,0
552.000,min_ttc_s,8.908646871827253
552.000,avoid_success,26
552.000,avoid_timeout,0
552.000,q_convergence,1.0665776257931652
552.000,update_residual,0.014429048956239532
552.000,investigation_deferred,0
552.000,nav_aborted,0
552.000,nav_canceled,0
552.000,nav_rejected,0
552.000,run_seed,7
553.000,anomalies_detected,0
553.000,anomalies_unique,0
553.000,investigation_timeouts,0
553.000,mission_duration_s,508.976
553.000,distance_traveled_m,102.37120730179151
553.000,route_deviations,27
553.000,investigation_time_s,0.0
553.000,hazard_avoidances,27
553.000,min_hazard_distance_m,4.353509039624448
553.000,collisions,0
553.000,time_below_clearance_s,0.0
553.000,safety_zone_violations,0
553.000,min_ttc_s,8.55886765037512
553.000,avoid_success,26
553.000,avoid_timeout,0
553.000,q_convergence,3.37887324032546
553.000,update_residual,0.01269037702871183
553.000,investigation_deferred,0
553.000,nav_aborted,0
553.000,nav_canceled,0
553.000,nav_rejected,0
553.000,run_seed,7
554.000,anomalies_detected,0
554.000,anomalies_unique,0
554.000,investigation_timeouts,0
554.000,mission_duration_s,509.976
554.000,distance_traveled_m,102.51997557256901
554.000,route_deviations,27
554.000,investigation_time_s,0.0
554.000,hazard_avoidances,27
554.000,min_hazard_distance_m,4.209161970100957
554.000,collisions,0
554.000,time_below_clearance_s,0.0
554.000,safety_zone_violations,0
554.000,min_ttc_s,8.55886765037512
554.000,avoid_success,26
554.000,avoid_timeout,0
554.000,q_convergence,3.6192725262923298
554.000,update_residual,0.006121743104342149
554.000,investigation_deferred,0
554.000,nav_aborted,0
554.000,nav_canceled,0
554.000,nav_rejected,0
554.000,run_seed,7
555.000,anomalies_detected,0
555.000,anomalies_unique,0
555.000,investigation_timeouts,0
555.000,mission_duration_s,510.976
555.000,distance_traveled_m,102.65654835813648
555.000,route_deviations,27
555.000,investigation_time_s,0.0
555.000,hazard_avoidances,27
555.000,min_hazard_distance_m,4.209161970100957
555.000,collisions,0
555.000,time_below_clearance_s,0.0
555.000,safety_zone_violations,0
555.000,min_ttc_s,8.55886765037512
555.000,avoid_success,26
555.000,avoid_timeout,0
555.000,q_convergence,2.8493227181669534
555.000,update_residual,0.09998293806271384
555.000,investigation_deferred,0
555.000,nav_aborted,0
555.000,nav_canceled,0
555.000,nav_rejected,0
555.000,run_seed,7
556.000,anomalies_detected,0
556.000,anomalies_unique,0
556.000,investigation_timeouts,0
556.000,mission_duration_s,511.976
556.000,distance_traveled_m,102.90079674802051
556.000,route_deviations,27
556.000,investigation_time_s,0.0
556.000,hazard_avoidances,27
556.000,min_hazard_distance_m,4.209161970100957
556.000,collisions,0
556.000,time_below_clearance_s,0.0
556.000,safety_zone_violations,0
556.000,min_ttc_s,8.55886765037512
556.000,avoid_success,26
556.000,avoid_timeout,0
556.000,q_convergence,3.8331051067050836
556.000,update_residual,0.007411257789501435
556.000,investigation_deferred,0
556.000,nav_aborted,0
556.000,nav_canceled,0
556.000,nav_rejected,0
556.000,run_seed,7
557.000,anomalies_detected,0
557.000,anomalies_unique,0
557.000,investigation_timeouts,0
557.000,mission_duration_s,512.976
557.000,distance_traveled_m,102.93538217732723
557.000,route_deviations,27
557.000,investigation_time_s,0.0
557.000,hazard_avoidances,27
557.000,min_hazard_distance_m,4.209161970100957
557.000,collisions,0
557.000,time_below_clearance_s,0.0
557.000,safety_zone_violations,0
557.000,min_ttc_s,8.55886765037512
557.000,avoid_success,26
557.000,avoid_timeout,0
557.000,q_convergence,3.846591815336676
557.000,update_residual,0.0025153535876597205
557.000,investigation_deferred,0
557.000,nav_aborted,0
557.000,nav_canceled,0
557.000,nav_rejected,0
557.000,run_seed,7
558.000,anomalies_detected,0
558.000,anomalies_unique,0
558.000,investigation_timeouts,0
558.000,mission_duration_s,513.976
558.000,distance_traveled_m,103.10131162229729
558.000,route_deviations,27
558.000,investigation_time_s,0.0
558.000,hazard_avoidances,27
558.000,min_hazard_distance_m,4.209161970100957
558.000,collisions,0
558.000,time_below_clearance_s,0.0
558.000,safety_zone_violations,0
558.000,min_ttc_s,8.55886765037512
558.000,avoid_success,26
558.000,avoid_timeout,0
558.000,q_convergence,3.8227546838064073
558.000,update_residual,0.00013164043463284592
558.000,investigation_deferred,0
558.000,nav_aborted,0
558.000,nav_canceled,0
558.000,nav_rejected,0
558.000,run_seed,7
559.000,anomalies_detected,0
559.000,anomalies_unique,0
559.000,investigation_timeouts,0
559.000,mission_duration_s,514.976
559.000,distance_traveled_m,103.36339097706545
559.000,route_deviations,27
559.000,investigation_time_s,0.0
559.000,hazard_avoidances,27
559.000,min_hazard_distance_m,4.209161970100957
559.000,collisions,0
559.000,time_below_clearance_s,0.0
559.000,safety_zone_violations,0
559.000,min_ttc_s,8.55886765037512
559.000,avoid_success,26
559.000,avoid_timeout,0
559.000,q_convergence,3.7129071725374776
559.000,update_residual,0.00047352761328602104
559.000,investigation_deferred,0
559.000,nav_aborted,0
559.000,nav_canceled,0
559.000,nav_rejected,0
559.000,run_seed,7
560.000,anomalies_detected,0
560.000,anomalies_unique,0
560.000,investigation_timeouts,0
560.000,mission_duration_s,515.976
560.000,distance_traveled_m,103.6254709347175
560.000,route_deviations,27
560.000,investigation_time_s,0.0
560.000,hazard_avoidances,27
560.000,min_hazard_distance_m,4.209161970100957
560.000,collisions,0
560.000,time_below_clearance_s,0.0
560.000,safety_zone_violations,0
560.000,min_ttc_s,8.55886765037512
560.000,avoid_success,26
560.000,avoid_timeout,0
560.000,q_convergence,3.7082055200441326
560.000,update_residual,3.3623639517445436e-06
560.000,investigation_deferred,0
560.000,nav_aborted,0
560.000,nav_canceled,0
560.000,nav_rejected,0
560.000,run_seed,7
561.000,anomalies_detected,0
561.000,anomalies_unique,0
561.000,investigation_timeouts,0
561.000,mission_duration_s,516.976
561.000,distance_traveled_m,103.88755082007054
561.000,route_deviations,27
561.000,investigation_time_s,0.0
561.000,hazard_avoidances,27
561.000,min_hazard_distance_m,4.209161970100957
561.000,collisions,0
561.000,time_below_clearance_s,0.0
561.000,safety_zone_violations,0
561.000,min_ttc_s,8.55886765037512
561.000,avoid_success,26
561.000,avoid_timeout,0
561.000,q_convergence,3.3424171341743936
561.000,update_residual,0.02349596782875108
561.000,investigation_deferred,0
561.000,nav_aborted,0
561.000,nav_canceled,0
561.000,nav_rejected,0
561.000,run_seed,7
562.000,anomalies_detected,0
562.000,anomalies_unique,0
562.000,investigation_timeouts,0
562.000,mission_duration_s,517.976
562.000,distance_traveled_m,104.14963067464889
562.000,route_deviations,27
562.000,investigation_time_s,0.0
562.000,hazard_avoidances,27
562.000,min_hazard_distance_m,4.209161970100957
562.000,collisions,0
562.000,time_below_clearance_s,0.0
562.000,safety_zone_violations,0
562.000,min_ttc_s,8.55886765037512
562.000,avoid_success,26
562.000,avoid_timeout,0
562.000,q_convergence,3.048652048393712
562.000,update_residual,0.01346341513906399
562.000,investigation_deferred,0
562.000,nav_aborted,0
562.000,nav_canceled,0
562.000,nav_rejected,0
562.000,run_seed,7
563.000,anomalies_detected,0
563.000,anomalies_unique,0
563.000,investigation_timeouts,0
563.000,mission_duration_s,518.976
563.000,distance_traveled_m,104.40235065347245
563.000,route_deviations,27
563.000,investigation_time_s,0.0
563.000,hazard_avoidances,27
563.000,min_hazard_distance_m,4.209161970100957
563.000,collisions,0
563.000,time_below_clearance_s,0.0
563.000,safety_zone_violations,0
563.000,min_ttc_s,8.55886765037512
563.000,avoid_success,26
563.000,avoid_timeout,0
563.000,q_convergence,2.0810138937884712
563.000,update_residual,0.042860997178781134
563.000,investigation_deferred,0
563.000,nav_aborted,0
563.000,nav_canceled,0
563.000,nav_rejected,0
563.000,run_seed,7
564.000,anomalies_detected,0
564.000,anomalies_unique,0
564.000,investigation_timeouts,0
564.000,mission_duration_s,519.976
564.000,distance_traveled_m,104.6632591657496
564.000,route_deviations,27
564.000,investigation_time_s,0.0
564.000,hazard_avoidances,27
564.000,min_hazard_distance_m,4.209161970100957
564.000,collisions,0
564.000,time_below_clearance_s,0.0
564.000,safety_zone_violations,0
564.000,min_ttc_s,8.55886765037512
564.000,avoid_success,26
564.000,avoid_timeout,0
564.000,q_convergence,2.452054782610335
564.000,update_residual,0.002486042984227586
564.000,investigation_deferred,0
564.000,nav_aborted,0
564.000,nav_canceled,0
564.000,nav_rejected,0
564.000,run_seed,7
565.000,anomalies_detected,0
565.000,anomalies_unique,0
565.000,investigation_timeouts,0
565.000,mission_duration_s,520.976
565.000,distance_traveled_m,104.73448503947435
565.000,route_deviations,27
565.000,investigation_time_s,0.0
565.000,hazard_avoidances,27
565.000,min_hazard_distance_m,4.209161970100957
565.000,collisions,0
565.000,time_below_clearance_s,0.0
565.000,safety_zone_violations,0
565.000,min_ttc_s,8.55886765037512
565.000,avoid_success,27
565.000,avoid_timeout,0
565.000,q_convergence,2.0916390140007377
565.000,update_residual,0.020204637415673448
565.000,investigation_deferred,0
565.000,nav_aborted,0
565.000,nav_canceled,0
565.000,nav_rejected,0
565.000,run_seed,7
566.000,anomalies_detected,0
566.000,anomalies_unique,0
566.000,investigation_timeouts,0
566.000,mission_duration_s,521.976
566.000,distance_traveled_m,104.8273692722121
566.000,route_deviations,27
566.000,investigation_time_s,0.0
566.000,hazard_avoidances,27
566.000,min_hazard_distance_m,4.209161970100957
566.000,collisions,0
566.000,time_below_clearance_s,0.0
566.000,safety_zone_violations,0
566.000,min_ttc_s,8.55886765037512
566.000,avoid_success,27
566.000,avoid_timeout,0
566.000,q_convergence,2.082122183156832
566.000,update_residual,0.002325574742788753
566.000,investigation_deferred,0
566.000,nav_aborted,0
566.000,nav_canceled,0
566.000,nav_rejected,0
566.000,run_seed,7
567.000,anomalies_detected,0
567.000,anomalies_unique,0
567.000,investigation_timeouts,0
567.000,mission_duration_s,522.976
567.000,distance_traveled_m,105.04122068237432
567.000,route_deviations,27
567.000,investigation_time_s,0.0
567.000,hazard_avoidances,27
567.000,min_hazard_distance_m,4.209161970100957
567.000,collisions,0
567.000,time_below_clearance_s,0.0
567.000,safety_zone_violations,0
567.000,min_ttc_s,8.55886765037512
567.000,avoid_success,27
567.000,avoid_timeout,0
567.000,q_convergence,1.895239521688057
567.000,update_residual,0.01056682806910456
567.000,investigation_deferred,0
567.000,nav_aborted,0
567.000,nav_canceled,0
567.000,nav_rejected,0
567.000,run_seed,7
568.000,anomalies_detected,0
568.000,anomalies_unique,0
568.000,investigation_timeouts,0
568.000,mission_duration_s,523.976
568.000,distance_traveled_m,105.15797588901867
568.000,route_deviations,27
568.000,investigation_time_s,0.0
568.000,hazard_avoidances,27
568.000,min_hazard_distance_m,4.209161970100957
568.000,collisions,0
568.000,time_below_clearance_s,0.0
568.000,safety_zone_violations,0
568.000,min_ttc_s,8.55886765037512
568.000,avoid_success,27
568.000,avoid_timeout,0
568.000,q_convergence,1.7952709946603067
568.000,update_residual,0.0005699753663295391
568.000,investigation_deferred,0
568.000,nav_aborted,0
568.000,nav_canceled,0
568.000,nav_rejected,0
568.000,run_seed,7
569.000,anomalies_detected,0
569.000,anomalies_unique,0
569.000,investigation_timeouts,0
569.000,mission_duration_s,524.976
569.000,distance_traveled_m,105.30304163960402
569.000,route_deviations,27
569.000,investigation_time_s,0.0
569.000,hazard_avoidances,27
569.000,min_hazard_distance_m,4.209161970100957
569.000,collisions,0
569.000,time_below_clearance_s,0.0
569.000,safety_zone_violations,0
569.000,min_ttc_s,8.55886765037512
569.000,avoid_success,27
569.000,avoid_timeout,0
569.000,q_convergence,1.7539921474000244
569.000,update_residual,0.023285659255256472
569.000,investigation_deferred,0
569.000,nav_aborted,0
569.000,nav_canceled,0
569.000,nav_rejected,0
569.000,run_seed,7
570.000,anomalies_detected,0
570.000,anomalies_unique,0
570.000,investigation_timeouts,0
570.000,mission_duration_s,525.976
570.000,distance_traveled_m,105.56512012384275
570.000,route_deviations,27
570.000,investigation_time_s,0.0
570.000,hazard_avoidances,27
570.000,min_hazard_distance_m,4.209161970100957
570.000,collisions,0
570.000,time_below_clearance_s,0.0
570.000,safety_zone_violations,0
570.000,min_ttc_s,8.55886765037512
570.000,avoid_success,27
570.000,avoid_timeout,0
570.000,q_convergence,1.533322049502179
570.000,update_residual,0.0012186494654720034
570.000,investigation_deferred,0
570.000,nav_aborted,0
570.000,nav_canceled,0
570.000,nav_rejected,0
570.000,run_seed,7
571.000,anomalies_detected,0
571.000,anomalies_unique,0
571.000,investigation_timeouts,0
571.000,mission_duration_s,526.976
571.000,distance_traveled_m,105.8272001187677
571.000,route_deviations,27
571.000,investigation_time_s,0.0
571.000,hazard_avoidances,27
571.000,min_hazard_distance_m,4.209161970100957
571.000,collisions,0
571.000,time_below_clearance_s,0.0
571.000,safety_zone_violations,0
571.000,min_ttc_s,8.55886765037512
571.000,avoid_success,27
571.000,avoid_timeout,0
571.000,q_convergence,1.3708276749496466
571.000,update_residual,0.007786245332930595
571.000,investigation_deferred,0
571.000,nav_aborted,0
571.000,nav_canceled,0
571.000,nav_rejected,0
571.000,run_seed,7
572.000,anomalies_detected,0
572.000,anomalies_unique,0
572.000,investigation_timeouts,0
572.000,mission_duration_s,527.976
572.000,distance_traveled_m,106.07992011196625
572.000,route_deviations,27
572.000,investigation_time_s,0.0
572.000,hazard_avoidances,27
572.000,min_hazard_distance_m,4.209161970100957
572.000,collisions,0
572.000,time_below_clearance_s,0.0
572.000,safety_zone_violations,0
572.000,min_ttc_s,8.55886765037512
572.000,avoid_success,27
572.000,avoid_timeout,0
572.000,q_convergence,1.2970401346854998
572.000,update_residual,0.0004074913065159534
572.000,investigation_deferred,0
572.000,nav_aborted,0
572.000,nav_canceled,0
572.000,nav_rejected,0
572.000,run_seed,7
573.000,anomalies_detected,0
573.000,anomalies_unique,0
573.000,investigation_timeouts,0
573.000,mission_duration_s,528.976
573.000,distance_traveled_m,106.3420001102886
573.000,route_deviations,27
573.000,investigation_time_s,0.0
573.000,hazard_avoidances,27
573.000,min_hazard_distance_m,4.209161970100957
573.000,collisions,0
573.000,time_below_clearance_s,0.0
573.000,safety_zone_violations,0
573.000,min_ttc_s,8.55886765037512
573.000,avoid_success,27
573.000,avoid_timeout,0
573.000,q_convergence,1.0229077121219832
573.000,update_residual,0.010359338436516244
573.000,investigation_deferred,0
573.000,nav_aborted,0
573.000,nav_canceled,0
573.000,nav_rejected,0
573.000,run_seed,7
574.000,anomalies_detected,0
574.000,anomalies_unique,0
574.000,investigation_timeouts,0
574.000,mission_duration_s,529.976
574.000,distance_traveled_m,106.52238066506222
574.000,route_deviations,28
574.000,investigation_time_s,0.0
574.000,hazard_avoidances,28
574.000,min_hazard_distance_m,4.209161970100957
574.000,collisions,0
574.000,time_below_clearance_s,0.0
574.000,safety_zone_violations,0
574.000,min_ttc_s,8.55886765037512
574.000,avoid_success,27
574.000,avoid_timeout,0
574.000,q_convergence,2.20911188712725
574.000,update_residual,0.014345001217945946
574.000,investigation_deferred,0
574.000,nav_aborted,0
574.000,nav_canceled,0
574.000,nav_rejected,0
574.000,run_seed,7
575.000,anomalies_detected,0
575.000,anomalies_unique,0
575.000,investigation_timeouts,0
575.000,mission_duration_s,530.976
575.000,distance_traveled_m,106.66027663218213
575.000,route_deviations,28
575.000,investigation_time_s,0.0
575.000,hazard_avoidances,28
575.000,min_hazard_distance_m,4.209161970100957
575.000,collisions,0
575.000,time_below_clearance_s,0.0
575.000,safety_zone_violations,0
575.000,min_ttc_s,8.55886765037512
575.000,avoid_success,27
575.000,avoid_timeout,0
575.000,q_convergence,3.468121419191934
575.000,update_residual,0.0043337860012891615
575.000,investigation_deferred,0
575.000,nav_aborted,0
575.000,nav_canceled,0
575.000,nav_rejected,0
575.000,run_seed,7
576.000,anomalies_detected,0
576.000,anomalies_unique,0
576.000,investigation_timeouts,0
576.000,mission_duration_s,531.976
576.000,distance_traveled_m,106.89418527292436
576.000,route_deviations,28
576.000,investigation_time_s,0.0
576.000,hazard_avoidances,28
576.000,min_hazard_distance_m,4.209161970100957
576.000,collisions,0
576.000,time_below_clearance_s,0.0
576.000,safety_zone_violations,0
576.000,min_ttc_s,8.55886765037512
576.000,avoid_success,27
576.000,avoid_timeout,0
576.000,q_convergence,3.5690200317685776
576.000,update_residual,0.0018881531024662296
576.000,investigation_deferred,0
576.000,nav_aborted,0
576.000,nav_canceled,0
576.000,nav_rejected,0
576.000,run_seed,7
577.000,anomalies_detected,0
577.000,anomalies_unique,0
577.000,investigation_timeouts,0
577.000,mission_duration_s,532.976
577.000,distance_traveled_m,106.92733814234072
577.000,route_deviations,28
577.000,investigation_time_s,0.0
577.000,hazard_avoidances,28
577.000,min_hazard_distance_m,4.209161970100957
577.000,collisions,0
577.000,time_below_clearance_s,0.0
577.000,safety_zone_violations,0
577.000,min_ttc_s,8.55886765037512
577.000,avoid_success,27
577.000,avoid_timeout,0
577.000,q_convergence,3.5316682251338385
577.000,update_residual,0.002856042986894224
577.000,investigation_deferred,0
577.000,nav_aborted,0
577.000,nav_canceled,0
577.000,nav_rejected,0
577.000,run_seed,7
578.000,anomalies_detected,0
578.000,anomalies_unique,0
578.000,investigation_timeouts,0
578.000,mission_duration_s,533.976
578.000,distance_traveled_m,107.15633397628288
578.000,route_deviations,28
578.000,investigation_time_s,0.0
578.000,hazard_avoidances,28
578.000,min_hazard_distance_m,4.209161970100957
578.000,collisions,0
578.000,time_below_clearance_s,0.0
578.000,safety_zone_violations,0
578.000,min_ttc_s,8.55886765037512
578.000,avoid_success,27
578.000,avoid_timeout,0
578.000,q_convergence,3.439334306077296
578.000,update_residual,0.0035062621979657926
578.000,investigation_deferred,0
578.000,nav_aborted,0
578.000,nav_canceled,0
578.000,nav_rejected,0
578.000,run_seed,7
579.000,anomalies_detected,0
579.000,anomalies_unique,0
579.000,investigation_timeouts,0
579.000,mission_duration_s,534.976
579.000,distance_traveled_m,107.41841359699752
579.000,route_deviations,28
579.000,investigation_time_s,0.0
579.000,hazard_avoidances,28
579.000,min_hazard_distance_m,4.209161970100957
579.000,collisions,0
579.000,time_below_clearance_s,0.0
579.000,safety_zone_violations,0
579.000,min_ttc_s,8.55886765037512
579.000,avoid_success,27
579.000,avoid_timeout,0
579.000,q_convergence,3.2638507844499363
579.000,update_residual,0.014340762152645166
579.000,investigation_deferred,0
579.000,nav_aborted,0
579.000,nav_canceled,0
579.000,nav_rejected,0
579.000,run_seed,7
580.000,anomalies_detected,0
580.000,anomalies_unique,0
580.000,investigation_timeouts,0
580.000,mission_duration_s,535.976
580.000,distance_traveled_m,107.68049350291076
580.000,route_deviations,28
580.000,investigation_time_s,0.0
580.000,hazard_avoidances,28
580.000,min_hazard_distance_m,4.209161970100957
580.000,collisions,0
580.000,time_below_clearance_s,0.0
580.000,safety_zone_violations,0
580.000,min_ttc_s,8.55886765037512
580.000,avoid_success,27
580.000,avoid_timeout,0
580.000,q_convergence,3.026565769135183
580.000,update_residual,0.01329348376521897
580.000,investigation_deferred,0
580.000,nav_aborted,0
580.000,nav_canceled,0
580.000,nav_rejected,0
580.000,run_seed,7
581.000,anomalies_detected,0
581.000,anomalies_unique,0
581.000,investigation_timeouts,0
581.000,mission_duration_s,536.976
581.000,distance_traveled_m,107.93321344950886
581.000,route_deviations,28
581.000,investigation_time_s,0.0
581.000,hazard_avoidances,28
581.000,min_hazard_distance_m,4.209161970100957
581.000,collisions,0
581.000,time_below_clearance_s,0.0
581.000,safety_zone_violations,0
581.000,min_ttc_s,8.55886765037512
581.000,avoid_success,27
581.000,avoid_timeout,0
581.000,q_convergence,2.0711325548791146
581.000,update_residual,0.042092518932914436
581.000,investigation_deferred,0
581.000,nav_aborted,0
581.000,nav_canceled,0
581.000,nav_rejected,0
581.000,run_seed,7
582.000,anomalies_detected,0
582.000,anomalies_unique,0
582.000,investigation_timeouts,0
582.000,mission_duration_s,537.976
582.000,distance_traveled_m,108.1930031788006
582.000,route_deviations,28
582.000,investigation_time_s,0.0
582.000,hazard_avoidances,28
582.000,min_hazard_distance_m,4.209161970100957
582.000,collisions,0
582.000,time_below_clearance_s,0.0
582.000,safety_zone_violations,0
582.000,min_ttc_s,8.55886765037512
582.000,avoid_success,27
582.000,avoid_timeout,0
582.000,q_convergence,2.4351821286594597
582.000,update_residual,0.0024404163101083686
582.000,investigation_deferred,0
582.000,nav_aborted,0
582.000,nav_canceled,0
582.000,nav_rejected,0
582.000,run_seed,7
583.000,anomalies_detected,0
583.000,anomalies_unique,0
583.000,investigation_timeouts,0
583.000,mission_duration_s,538.976
583.000,distance_traveled_m,108.2589843196059
583.000,route_deviations,28
583.000,investigation_time_s,0.0
583.000,hazard_avoidances,28
583.000,min_hazard_distance_m,4.209161970100957
583.000,collisions,0
583.000,time_below_clearance_s,0.0
583.000,safety_zone_violations,0
583.000,min_ttc_s,8.55886765037512
583.000,avoid_success,28
583.000,avoid_timeout,0
583.000,q_convergence,2.0968294095568005
583.000,update_residual,0.018083308827999467
583.000,investigation_deferred,0
583.000,nav_aborted,0
583.000,nav_canceled,0
583.000,nav_rejected,0
583.000,run_seed,7
584.000,anomalies_detected,0
584.000,anomalies_unique,0
584.000,investigation_timeouts,0
584.000,mission_duration_s,539.976
584.000,distance_traveled_m,108.35528689394627
584.000,route_deviations,28
584.000,investigation_time_s,0.0
584.000,hazard_avoidances,28
584.000,min_hazard_distance_m,4.209161970100957
584.000,collisions,0
584.000,time_below_clearance_s,0.0
584.000,safety_zone_violations,0
584.000,min_ttc_s,8.55886765037512
584.000,avoid_success,28
584.000,avoid_timeout,0
584.000,q_convergence,1.864365964759058
584.000,update_residual,0.00873148689620654
584.000,investigation_deferred,0
584.000,nav_aborted,0
584.000,nav_canceled,0
584.000,nav_rejected,0
584.000,run_seed,7
585.000,anomalies_detected,0
585.000,anomalies_unique,0
585.000,investigation_timeouts,0
585.000,mission_duration_s,540.976
585.000,distance_traveled_m,108.56967431452881
585.000,route_deviations,28
585.000,investigation_time_s,0.0
585.000,hazard_avoidances,28
585.000,min_hazard_distance_m,4.209161970100957
585.000,collisions,0
585.000,time_below_clearance_s,0.0
585.000,safety_zone_violations,0
585.000,min_ttc_s,8.55886765037512
585.000,avoid_success,28
585.000,avoid_timeout,0
585.000,q_convergence,1.6052799744624682
585.000,update_residual,0.009478654303502433
585.000,investigation_deferred,0
585.000,nav_aborted,0
585.000,nav_canceled,0
585.000,nav_rejected,0
585.000,run_seed,7
586.000,anomalies_detected,0
586.000,anomalies_unique,0
586.000,investigation_timeouts,0
586.000,mission_duration_s,541.976
586.000,distance_traveled_m,108.68974258210622
586.000,route_deviations,28
586.000,investigation_time_s,0.0
586.000,hazard_avoidances,28
586.000,min_hazard_distance_m,4.209161970100957
586.000,collisions,0
586.000,time_below_clearance_s,0.0
586.000,safety_zone_violations,0
586.000,min_ttc_s,8.55886765037512
586.000,avoid_success,28
586.000,avoid_timeout,0
586.000,q_convergence,1.5636095631371807
586.000,update_residual,0.005311613170973696
586.000,investigation_deferred,0
586.000,nav_aborted,0
586.000,nav_canceled,0
586.000,nav_rejected,0
586.000,run_seed,7
587.000,anomalies_detected,0
587.000,anomalies_unique,0
587.000,investigation_timeouts,0
587.000,mission_duration_s,542.976
587.000,distance_traveled_m,108.82864283224265
587.000,route_deviations,28
587.000,investigation_time_s,0.0
587.000,hazard_avoidances,28
587.000,min_hazard_distance_m,4.209161970100957
587.000,collisions,0
587.000,time_below_clearance_s,0.0
587.000,safety_zone_violations,0
587.000,min_ttc_s,8.55886765037512
587.000,avoid_success,28
587.000,avoid_timeout,0
587.000,q_convergence,1.5479017252802463
587.000,update_residual,0.026398230856691938
587.000,investigation_deferred,0
587.000,nav_aborted,0
587.000,nav_canceled,0
587.000,nav_rejected,0
587.000,run_seed,7
588.000,anomalies_detected,0
588.000,anomalies_unique,0
588.000,investigation_timeouts,0
588.000,mission_duration_s,543.976
588.000,distance_traveled_m,109.09072144615507
588.000,route_deviations,28
588.000,investigation_time_s,0.0
588.000,hazard_avoidances,28
588.000,min_hazard_distance_m,4.209161970100957
588.000,collisions,0
588.000,time_below_clearance_s,0.0
588.000,safety_zone_violations,0
588.000,min_ttc_s,8.55886765037512
588.000,avoid_success,28
588.000,avoid_timeout,0
588.000,q_convergence,1.0954779053766412
588.000,update_residual,0.001252556014075643
588.000,investigation_deferred,0
588.000,nav_aborted,0
588.000,nav_canceled,0
588.000,nav_rejected,0
588.000,run_seed,7
589.000,anomalies_detected,0
589.000,anomalies_unique,0
589.000,investigation_timeouts,0
589.000,mission_duration_s,544.976
589.000,distance_traveled_m,109.35280143754278
589.000,route_deviations,28
589.000,investigation_time_s,0.0
589.000,hazard_avoidances,28
589.000,min_hazard_distance_m,4.209161970100957
589.000,collisions,0
589.000,time_below_clearance_s,0.0
589.000,safety_zone_violations,0
589.000,min_ttc_s,8.55886765037512
589.000,avoid_success,28
589.000,avoid_timeout,0
589.000,q_convergence,1.0910863771355865
589.000,update_residual,2.4512707074179313e-05
589.000,investigation_deferred,0
589.000,nav_aborted,0
589.000,nav_canceled,0
589.000,nav_rejected,0
589.000,run_seed,7
590.000,anomalies_detected,0
590.000,anomalies_unique,0
590.000,investigation_timeouts,0
590.000,mission_duration_s,545.976
590.000,distance_traveled_m,109.60552142925722
590.000,route_deviations,28
590.000,investigation_time_s,0.0
590.000,hazard_avoidances,28
590.000,min_hazard_distance_m,4.209161970100957
590.000,collisions,0
590.000,time_below_clearance_s,0.0
590.000,safety_zone_violations,0
590.000,min_ttc_s,8.55886765037512
590.000,avoid_success,28
590.000,avoid_timeout,0
590.000,q_convergence,1.0101643833386025
590.000,update_residual,0.008253260476322329
590.000,investigation_deferred,0
590.000,nav_aborted,0
590.000,nav_canceled,0
590.000,nav_rejected,0
590.000,run_seed,7
591.000,anomalies_detected,0
591.000,anomalies_unique,0
591.000,investigation_timeouts,0
591.000,mission_duration_s,546.976
591.000,distance_traveled_m,109.86760142749085
591.000,route_deviations,28
591.000,investigation_time_s,0.0
591.000,hazard_avoidances,28
591.000,min_hazard_distance_m,4.209161970100957
591.000,collisions,0
591.000,time_below_clearance_s,0.0
591.000,safety_zone_violations,0
591.000,min_ttc_s,8.55886765037512
591.000,avoid_success,28
591.000,avoid_timeout,0
591.000,q_convergence,0.988932397763211
591.000,update_residual,0.006130061918783196
591.000,investigation_deferred,0
591.000,nav_aborted,0
591.000,nav_canceled,0
591.000,nav_rejected,0
591.000,run_seed,7
592.000,anomalies_detected,0
592.000,anomalies_unique,0
592.000,investigation_timeouts,0
592.000,mission_duration_s,547.976
592.000,distance_traveled_m,110.0565306559183
592.000,route_deviations,29
592.000,investigation_time_s,0.0
592.000,hazard_avoidances,29
592.000,min_hazard_distance_m,4.209161970100957
592.000,collisions,0
592.000,time_below_clearance_s,0.0
592.000,safety_zone_violations,0
592.000,min_ttc_s,8.55886765037512
592.000,avoid_success,28
592.000,avoid_timeout,0
592.000,q_convergence,2.1546836575349797
592.000,update_residual,0.024807988983883613
592.000,investigation_deferred,0
592.000,nav_aborted,0
592.000,nav_canceled,0
592.000,nav_rejected,0
592.000,run_seed,7
593.000,anomalies_detected,0
593.000,anomalies_unique,0
593.000,investigation_timeouts,0
593.000,mission_duration_s,548.976
593.000,distance_traveled_m,110.17779598758545
593.000,route_deviations,29
593.000,investigation_time_s,0.0
593.000,hazard_avoidances,29
593.000,min_hazard_distance_m,4.209161970100957
593.000,collisions,0
593.000,time_below_clearance_s,0.0
593.000,safety_zone_violations,0
593.000,min_ttc_s,8.55886765037512
593.000,avoid_success,28
593.000,avoid_timeout,0
593.000,q_convergence,3.464067040611159
593.000,update_residual,0.005181310455521712
593.000,investigation_deferred,0
593.000,nav_aborted,0
593.000,nav_canceled,0
593.000,nav_rejected,0
593.000,run_seed,7
594.000,anomalies_detected,0
594.000,anomalies_unique,0
594.000,investigation_timeouts,0
594.000,mission_duration_s,549.976
594.000,distance_traveled_m,110.41526058078183
594.000,route_deviations,29
594.000,investigation_time_s,0.0
594.000,hazard_avoidances,29
594.000,min_hazard_distance_m,4.209161970100957
594.000,collisions,0
594.000,time_below_clearance_s,0.0
594.000,safety_zone_violations,0
594.000,min_ttc_s,8.55886765037512
594.000,avoid_success,28
594.000,avoid_timeout,0
594.000,q_convergence,3.576825270196131
594.000,update_residual,0.002127096515237667
594.000,investigation_deferred,0
594.000,nav_aborted,0
594.000,nav_canceled,0
594.000,nav_rejected,0
594.000,run_seed,7
595.000,anomalies_detected,0
595.000,anomalies_unique,0
595.000,investigation_timeouts,0
595.000,mission_duration_s,550.976
595.000,distance_traveled_m,110.46325812645946
595.000,route_deviations,29
595.000,investigation_time_s,0.0
595.000,hazard_avoidances,29
595.000,min_hazard_distance_m,4.209161970100957
595.000,collisions,0
595.000,time_below_clearance_s,0.0
595.000,safety_zone_violations,0
595.000,min_ttc_s,8.55886765037512
595.000,avoid_success,28
595.000,avoid_timeout,0
595.000,q_convergence,3.547258942243509
595.000,update_residual,0.00254718085308161
595.000,investigation_deferred,0
595.000,nav_aborted,0
595.000,nav_canceled,0
595.000,nav_rejected,0
595.000,run_seed,7
596.000,anomalies_detected,0
596.000,anomalies_unique,0
596.000,investigation_timeouts,0
596.000,mission_duration_s,551.976
596.000,distance_traveled_m,110.66193687663585
596.000,route_deviations,29
596.000,investigation_time_s,0.0
596.000,hazard_avoidances,29
596.000,min_hazard_distance_m,4.209161970100957
596.000,collisions,0
596.000,time_below_clearance_s,0.0
596.000,safety_zone_violations,0
596.000,min_ttc_s,8.55886765037512
596.000,avoid_success,28
596.000,avoid_timeout,0
596.000,q_convergence,3.4371072909453053
596.000,update_residual,0.003914821836411015
596.000,investigation_deferred,0
596.000,nav_aborted,0
596.000,nav_canceled,0
596.000,nav_rejected,0
596.000,run_seed,7
597.000,anomalies_detected,0
597.000,anomalies_unique,0
597.000,investigation_timeouts,0
597.000,mission_duration_s,552.976
597.000,distance_traveled_m,110.9240162052765
597.000,route_deviations,29
597.000,investigation_time_s,0.0
597.000,hazard_avoidances,29
597.000,min_hazard_distance_m,4.209161970100957
597.000,collisions,0
597.000,time_below_clearance_s,0.0
597.000,safety_zone_violations,0
597.000,min_ttc_s,8.55886765037512
597.000,avoid_success,28
597.000,avoid_timeout,0
597.000,q_convergence,3.2949514895489513
597.000,update_residual,0.012013670116778433
597.000,investigation_deferred,0
597.000,nav_aborted,0
597.000,nav_canceled,0
597.000,nav_rejected,0
597.000,run_seed,7
598.000,anomalies_detected,0
598.000,anomalies_unique,0
598.000,investigation_timeouts,0
598.000,mission_duration_s,553.976
598.000,distance_traveled_m,111.18609609818762
598.000,route_deviations,29
598.000,investigation_time_s,0.0
598.000,hazard_avoidances,29
598.000,min_hazard_distance_m,4.209161970100957
598.000,collisions,0
598.000,time_below_clearance_s,0.0
598.000,safety_zone_violations,0
598.000,min_ttc_s,8.55886765037512
598.000,avoid_success,28
598.000,avoid_timeout,0
598.000,q_convergence,3.0029061077562624
598.000,update_residual,0.010190852541089052
598.000,investigation_deferred,0
598.000,nav_aborted,0
598.000,nav_canceled,0
598.000,nav_rejected,0
598.000,run_seed,7
599.000,anomalies_detected,0
599.000,anomalies_unique,0
599.000,investigation_timeouts,0
599.000,mission_duration_s,554.976
599.000,distance_traveled_m,111.43881604245162
599.000,route_deviations,29
599.000,investigation_time_s,0.0
599.000,hazard_avoidances,29
599.000,min_hazard_distance_m,4.209161970100957
599.000,collisions,0
599.000,time_below_clearance_s,0.0
599.000,safety_zone_violations,0
599.000,min_ttc_s,8.55886765037512
599.000,avoid_success,28
599.000,avoid_timeout,0
599.000,q_convergence,2.906330940901281
599.000,update_residual,0.0005333358555909769
599.000,investigation_deferred,0
599.000,nav_aborted,0
599.000,nav_canceled,0
599.000,nav_rejected,0
599.000,run_seed,7
600.000,anomalies_detected,0
600.000,anomalies_unique,0
600.000,investigation_timeouts,0
600.000,mission_duration_s,555.976
600.000,distance_traveled_m,111.70055637958426
600.000,route_deviations,29
600.000,investigation_time_s,0.0
600.000,hazard_avoidances,29
600.000,min_hazard_distance_m,4.209161970100957
600.000,collisions,0
600.000,time_below_clearance_s,0.0
600.000,safety_zone_violations,0
600.000,min_ttc_s,8.55886765037512
600.000,avoid_success,28
600.000,avoid_timeout,0
600.000,q_convergence,2.078582669295485
600.000,update_residual,0.04195596707948911
600.000,investigation_deferred,0
600.000,nav_aborted,0
600.000,nav_canceled,0
600.000,nav_rejected,0
600.000,run_seed,7
601.000,anomalies_detected,0
601.000,anomalies_unique,0
601.000,investigation_timeouts,0
601.000,mission_duration_s,556.976
601.000,distance_traveled_m,111.82232270697403
601.000,route_deviations,29
601.000,investigation_time_s,0.0
601.000,hazard_avoidances,29
601.000,min_hazard_distance_m,4.209161970100957
601.000,collisions,0
601.000,time_below_clearance_s,0.0
601.000,safety_zone_violations,0
601.000,min_ttc_s,8.55886765037512
601.000,avoid_success,29
601.000,avoid_timeout,0
601.000,q_convergence,2.0404268190369956
601.000,update_residual,0.023090343617830654
601.000,investigation_deferred,0
601.000,nav_aborted,0
601.000,nav_canceled,0
601.000,nav_rejected,0
601.000,run_seed,7
602.000,anomalies_detected,0
602.000,anomalies_unique,0
602.000,investigation_timeouts,0
602.000,mission_duration_s,557.976
602.000,distance_traveled_m,111.91472660091242
602.000,route_deviations,29
602.000,investigation_time_s,0.0
602.000,hazard_avoidances,29
602.000,min_hazard_distance_m,4.209161970100957
602.000,collisions,0
602.000,time_below_clearance_s,0.0
602.000,safety_zone_violations,0
602.000,min_ttc_s,8.55886765037512
602.000,avoid_success,29
602.000,avoid_timeout,0
602.000,q_convergence,2.033899088938518
602.000,update_residual,0.006207166430601215
602.000,investigation_deferred,0
602.000,nav_aborted,0
602.000,nav_canceled,0
602.000,nav_rejected,0
602.000,run_seed,7
603.000,anomalies_detected,0
603.000,anomalies_unique,0
603.000,investigation_timeouts,0
603.000,mission_duration_s,558.976
603.000,distance_traveled_m,112.1291506928937
603.000,route_deviations,29
603.000,investigation_time_s,0.0
603.000,hazard_avoidances,29
603.000,min_hazard_distance_m,4.209161970100957
603.000,collisions,0
603.000,time_below_clearance_s,0.0
603.000,safety_zone_violations,0
603.000,min_ttc_s,8.55886765037512
603.000,avoid_success,29
603.000,avoid_timeout,0
603.000,q_convergence,1.884734417612019
603.000,update_residual,0.010315927735416782
603.000,investigation_deferred,0
603.000,nav_aborted,0
603.000,nav_canceled,0
603.000,nav_rejected,0
603.000,run_seed,7
604.000,anomalies_detected,0
604.000,anomalies_unique,0
604.000,investigation_timeouts,0
604.000,mission_duration_s,559.976
604.000,distance_traveled_m,112.24832466554473
604.000,route_deviations,29
604.000,investigation_time_s,0.0
604.000,hazard_avoidances,29
604.000,min_hazard_distance_m,4.209161970100957
604.000,collisions,0
604.000,time_below_clearance_s,0.0
604.000,safety_zone_violations,0
604.000,min_ttc_s,8.55886765037512
604.000,avoid_success,29
604.000,avoid_timeout,0
604.000,q_convergence,1.787139558124377
604.000,update_residual,0.0005564417866525817
604.000,investigation_deferred,0
604.000,nav_aborted,0
604.000,nav_canceled,0
604.000,nav_rejected,0
604.000,run_seed,7
605.000,anomalies_detected,0
605.000,anomalies_unique,0
605.000,investigation_timeouts,0
605.000,mission_duration_s,560.976
605.000,distance_traveled_m,112.3897393883253
605.000,route_deviations,29
605.000,investigation_time_s,0.0
605.000,hazard_avoidances,29
605.000,min_hazard_distance_m,4.209161970100957
605.000,collisions,0
605.000,time_below_clearance_s,0.0
605.000,safety_zone_violations,0
605.000,min_ttc_s,8.55886765037512
605.000,avoid_success,29
605.000,avoid_timeout,0
605.000,q_convergence,1.7278240615001732
605.000,update_residual,0.021348519228100004
605.000,investigation_deferred,0
605.000,nav_aborted,0
605.000,nav_canceled,0
605.000,nav_rejected,0
605.000,run_seed,7
606.000,anomalies_detected,0
606.000,anomalies_unique,0
606.000,investigation_timeouts,0
606.000,mission_duration_s,561.976
606.000,distance_traveled_m,112.65181776027607
606.000,route_deviations,29
606.000,investigation_time_s,0.0
606.000,hazard_avoidances,29
606.000,min_hazard_distance_m,4.209161970100957
606.000,collisions,0
606.000,time_below_clearance_s,0.0
606.000,safety_zone_violations,0
606.000,min_ttc_s,8.55886765037512
606.000,avoid_success,29
606.000,avoid_timeout,0
606.000,q_convergence,1.525511566225838
606.000,update_residual,0.001117269700666507
606.000,investigation_deferred,0
606.000,nav_aborted,0
606.000,nav_canceled,0
606.000,nav_rejected,0
606.000,run_seed,7
607.000,anomalies_detected,0
607.000,anomalies_unique,0
607.000,investigation_timeouts,0
607.000,mission_duration_s,562.976
607.000,distance_traveled_m,112.91389775397846
607.000,route_deviations,29
607.000,investigation_time_s,0.0
607.000,hazard_avoidances,29
607.000,min_hazard_distance_m,4.209161970100957
607.000,collisions,0
607.000,time_below_clearance_s,0.0
607.000,safety_zone_violations,0
607.000,min_ttc_s,8.55886765037512
607.000,avoid_success,29
607.000,avoid_timeout,0
607.000,q_convergence,1.3646523826612973
607.000,update_residual,0.0077464343824999934
607.000,investigation_deferred,0
607.000,nav_aborted,0
607.000,nav_canceled,0
607.000,nav_rejected,0
607.000,run_seed,7
608.000,anomalies_detected,0
608.000,anomalies_unique,0
608.000,investigation_timeouts,0
608.000,mission_duration_s,563.976
608.000,distance_traveled_m,113.1666177461402
608.000,route_deviations,29
608.000,investigation_time_s,0.0
608.000,hazard_avoidances,29
608.000,min_hazard_distance_m,4.209161970100957
608.000,collisions,0
608.000,time_below_clearance_s,0.0
608.000,safety_zone_violations,0
608.000,min_ttc_s,8.55886765037512
608.000,avoid_success,29
608.000,avoid_timeout,0
608.000,q_convergence,1.0118265697326605
608.000,update_residual,0.012411288081965273
608.000,investigation_deferred,0
608.000,nav_aborted,0
608.000,nav_canceled,0
608.000,nav_rejected,0
608.000,run_seed,7
609.000,anomalies_detected,0
609.000,anomalies_unique,0
609.000,investigation_timeouts,0
609.000,mission_duration_s,564.976
609.000,distance_traveled_m,113.42869774433436
609.000,route_deviations,29
609.000,investigation_time_s,0.0
609.000,hazard_avoidances,29
609.000,min_hazard_distance_m,4.209161970100957
609.000,collisions,0
609.000,time_below_clearance_s,0.0
609.000,safety_zone_violations,0
609.000,min_ttc_s,8.55886765037512
609.000,avoid_success,29
609.000,avoid_timeout,0
609.000,q_convergence,1.02472217825127
609.000,update_residual,0.006938765475958273
609.000,investigation_deferred,0
609.000,nav_aborted,0
609.000,nav_canceled,0
609.000,nav_rejected,0
609.000,run_seed,7
610.000,anomalies_detected,0
610.000,anomalies_unique,0
610.000,investigation_timeouts,0
610.000,mission_duration_s,565.976
610.000,distance_traveled_m,113.62153337673377
610.000,route_deviations,30
610.000,investigation_time_s,0.0
610.000,hazard_avoidances,30
610.000,min_hazard_distance_m,4.209161970100957
610.000,collisions,0
610.000,time_below_clearance_s,0.0
610.000,safety_zone_violations,0
610.000,min_ttc_s,8.55886765037512
610.000,avoid_success,29
610.000,avoid_timeout,0
610.000,q_convergence,2.1756438018478312
610.000,update_residual,0.01818421462345312
610.000,investigation_deferred,0
610.000,nav_aborted,0
610.000,nav_canceled,0
610.000,nav_rejected,0
610.000,run_seed,7
611.000,anomalies_detected,0
611.000,anomalies_unique,0
611.000,investigation_timeouts,0
611.000,mission_duration_s,566.976
611.000,distance_traveled_m,113.74154233304816
611.000,route_deviations,30
611.000,investigation_time_s,0.0
611.000,hazard_avoidances,30
611.000,min_hazard_distance_m,4.209161970100957
611.000,collisions,0
611.000,time_below_clearance_s,0.0
611.000,safety_zone_violations,0
611.000,min_ttc_s,8.55886765037512
611.000,avoid_success,29
611.000,avoid_timeout,0
611.000,q_convergence,3.459345406845044
611.000,update_residual,0.005062887456407815
611.000,investigation_deferred,0
611.000,nav_aborted,0
611.000,nav_canceled,0
611.000,nav_rejected,0
611.000,run_seed,7
612.000,anomalies_detected,0
612.000,anomalies_unique,0
612.000,investigation_timeouts,0
612.000,mission_duration_s,567.976
612.000,distance_traveled_m,113.97582881589305
612.000,route_deviations,30
612.000,investigation_time_s,0.0
612.000,hazard_avoidances,30
612.000,min_hazard_distance_m,4.209161970100957
612.000,collisions,0
612.000,time_below_clearance_s,0.0
612.000,safety_zone_violations,0
612.000,min_ttc_s,8.55886765037512
612.000,avoid_success,29
612.000,avoid_timeout,0
612.000,q_convergence,3.5727272442904137
612.000,update_residual,0.002209977981349999
612.000,investigation_deferred,0
612.000,nav_aborted,0
612.000,nav_canceled,0
612.000,nav_rejected,0
612.000,run_seed,7
613.000,anomalies_detected,0
613.000,anomalies_unique,0
613.000,investigation_timeouts,0
613.000,mission_duration_s,568.976
613.000,distance_traveled_m,114.02480086200801
613.000,route_deviations,30
613.000,investigation_time_s,0.0
613.000,hazard_avoidances,30
613.000,min_hazard_distance_m,4.209161970100957
613.000,collisions,0
613.000,time_below_clearance_s,0.0
613.000,safety_zone_violations,0
613.000,min_ttc_s,8.55886765037512
613.000,avoid_success,29
613.000,avoid_timeout,0
613.000,q_convergence,3.5936349605998408
613.000,update_residual,0.00011920635040740606
613.000,investigation_deferred,0
613.000,nav_aborted,0
613.000,nav_canceled,0
613.000,nav_rejected,0
613.000,run_seed,7
614.000,anomalies_detected,0
614.000,anomalies_unique,0
614.000,investigation_timeouts,0
614.000,mission_duration_s,569.976
614.000,distance_traveled_m,114.20918181164629
614.000,route_deviations,30
614.000,investigation_time_s,0.0
614.000,hazard_avoidances,30
614.000,min_hazard_distance_m,4.209161970100957
614.000,collisions,0
614.000,time_below_clearance_s,0.0
614.000,safety_zone_violations,0
614.000,min_ttc_s,8.55886765037512
614.000,avoid_success,29
614.000,avoid_timeout,0
614.000,q_convergence,3.463289375407823
614.000,update_residual,0.00617652822166418
614.000,investigation_deferred,0
614.000,nav_aborted,0
614.000,nav_canceled,0
614.000,nav_rejected,0
614.000,run_seed,7
615.000,anomalies_detected,0
615.000,anomalies_unique,0
615.000,investigation_timeouts,0
615.000,mission_duration_s,570.976
615.000,distance_traveled_m,114.47126123418268
615.000,route_deviations,30
615.000,investigation_time_s,0.0
615.000,hazard_avoidances,30
615.000,min_hazard_distance_m,4.209161970100957
615.000,collisions,0
615.000,time_below_clearance_s,0.0
615.000,safety_zone_violations,0
615.000,min_ttc_s,8.55886765037512
615.000,avoid_success,29
615.000,avoid_timeout,0
615.000,q_convergence,3.2902536462596124
615.000,update_residual,0.012482973924735413
615.000,investigation_deferred,0
615.000,nav_aborted,0
615.000,nav_canceled,0
615.000,nav_rejected,0
615.000,run_seed,7
616.000,anomalies_detected,0
616.000,anomalies_unique,0
616.000,investigation_timeouts,0
616.000,mission_duration_s,571.976
616.000,distance_traveled_m,114.73334101258834
616.000,route_deviations,30
616.000,investigation_time_s,0.0
616.000,hazard_avoidances,30
616.000,min_hazard_distance_m,4.209161970100957
616.000,collisions,0
616.000,time_below_clearance_s,0.0
616.000,safety_zone_violations,0
616.000,min_ttc_s,8.55886765037512
616.000,avoid_success,29
616.000,avoid_timeout,0
616.000,q_convergence,3.3327939004014397
616.000,update_residual,0.007161775655994948
616.000,investigation_deferred,0
616.000,nav_aborted,0
616.000,nav_canceled,0
616.000,nav_rejected,0
616.000,run_seed,7
617.000,anomalies_detected,0
617.000,anomalies_unique,0
617.000,investigation_timeouts,0
617.000,mission_duration_s,572.976
617.000,distance_traveled_m,114.98606099719294
617.000,route_deviations,30
617.000,investigation_time_s,0.0
617.000,hazard_avoidances,30
617.000,min_hazard_distance_m,4.209161970100957
617.000,collisions,0
617.000,time_below_clearance_s,0.0
617.000,safety_zone_violations,0
617.000,min_ttc_s,8.55886765037512
617.000,avoid_success,29
617.000,avoid_timeout,0
617.000,q_convergence,3.0628362339387674
617.000,update_residual,0.01690863255215858
617.000,investigation_deferred,0
617.000,nav_aborted,0
617.000,nav_canceled,0
617.000,nav_rejected,0
617.000,run_seed,7
618.000,anomalies_detected,0
618.000,anomalies_unique,0
618.000,investigation_timeouts,0
618.000,mission_duration_s,573.976
618.000,distance_traveled_m,115.24796396353605
618.000,route_deviations,30
618.000,investigation_time_s,0.0
618.000,hazard_avoidances,30
618.000,min_hazard_distance_m,4.209161970100957
618.000,collisions,0
618.000,time_below_clearance_s,0.0
618.000,safety_zone_violations,0
618.000,min_ttc_s,8.55886765037512
618.000,avoid_success,29
618.000,avoid_timeout,0
618.000,q_convergence,2.054392682161329
618.000,update_residual,0.04393842422230092
618.000,investigation_deferred,0
618.000,nav_aborted,0
618.000,nav_canceled,0
618.000,nav_rejected,0
618.000,run_seed,7
619.000,anomalies_detected,0
619.000,anomalies_unique,0
619.000,investigation_timeouts,0
619.000,mission_duration_s,574.976
619.000,distance_traveled_m,115.37298197200732
619.000,route_deviations,30
619.000,investigation_time_s,0.0
619.000,hazard_avoidances,30
619.000,min_hazard_distance_m,4.209161970100957
619.000,collisions,0
619.000,time_below_clearance_s,0.0
619.000,safety_zone_violations,0
619.000,min_ttc_s,8.55886765037512
619.000,avoid_success,30
619.000,avoid_timeout,0
619.000,q_convergence,2.2782557869575717
619.000,update_residual,0.01814316351970321
619.000,investigation_deferred,0
619.000,nav_aborted,0
619.000,nav_canceled,0
619.000,nav_rejected,0
619.000,run_seed,7
620.000,anomalies_detected,0
620.000,anomalies_unique,0
620.000,investigation_timeouts,0
620.000,mission_duration_s,575.976
620.000,distance_traveled_m,115.46287181732507
620.000,route_deviations,30
620.000,investigation_time_s,0.0
620.000,hazard_avoidances,30
620.000,min_hazard_distance_m,4.209161970100957
620.000,collisions,0
620.000,time_below_clearance_s,0.0
620.000,safety_zone_violations,0
620.000,min_ttc_s,8.55886765037512
620.000,avoid_success,30
620.000,avoid_timeout,0
620.000,q_convergence,2.1356920236349204
620.000,update_residual,0.004495771480350759
620.000,investigation_deferred,0
620.000,nav_aborted,0
620.000,nav_canceled,0
620.000,nav_rejected,0
620.000,run_seed,7
621.000,anomalies_detected,0
621.000,anomalies_unique,0
621.000,investigation_timeouts,0
621.000,mission_duration_s,576.976
621.000,distance_traveled_m,115.66638799692872
621.000,route_deviations,30
621.000,investigation_time_s,0.0
621.000,hazard_avoidances,30
621.000,min_hazard_distance_m,4.209161970100957
621.000,collisions,0
621.000,time_below_clearance_s,0.0
621.000,safety_zone_violations,0
621.000,min_ttc_s,8.55886765037512
621.000,avoid_success,30
621.000,avoid_timeout,0
621.000,q_convergence,2.0930871601942864
621.000,update_residual,0.00023528513628735714
621.000,investigation_deferred,0
621.000,nav_aborted,0
621.000,nav_canceled,0
621.000,nav_rejected,0
621.000,run_seed,7
622.000,anomalies_detected,0
622.000,anomalies_unique,0
622.000,investigation_timeouts,0
622.000,mission_duration_s,577.976
622.000,distance_traveled_m,115.77595469978617
622.000,route_deviations,30
622.000,investigation_time_s,0.0
622.000,hazard_avoidances,30
622.000,min_hazard_distance_m,4.209161970100957
622.000,collisions,0
622.000,time_below_clearance_s,0.0
622.000,safety_zone_violations,0
622.000,min_ttc_s,8.55886765037512
622.000,avoid_success,30
622.000,avoid_timeout,0
622.000,q_convergence,1.8866487787134372
622.000,update_residual,0.010952461620673624
622.000,investigation_deferred,0
622.000,nav_aborted,0
622.000,nav_canceled,0
622.000,nav_rejected,0
622.000,run_seed,7
623.000,anomalies_detected,0
623.000,anomalies_unique,0
623.000,investigation_timeouts,0
623.000,mission_duration_s,578.976
623.000,distance_traveled_m,115.92420975555231
623.000,route_deviations,30
623.000,investigation_time_s,0.0
623.000,hazard_avoidances,30
623.000,min_hazard_distance_m,4.209161970100957
623.000,collisions,0
623.000,time_below_clearance_s,0.0
623.000,safety_zone_violations,0
623.000,min_ttc_s,8.55886765037512
623.000,avoid_success,30
623.000,avoid_timeout,0
623.000,q_convergence,1.8430077413471673
623.000,update_residual,0.0332452203216471
623.000,investigation_deferred,0
623.000,nav_aborted,0
623.000,nav_canceled,0
623.000,nav_rejected,0
623.000,run_seed,7
624.000,anomalies_detected,0
624.000,anomalies_unique,0
624.000,investigation_timeouts,0
624.000,mission_duration_s,579.976
624.000,distance_traveled_m,116.18628806815151
624.000,route_deviations,30
624.000,investigation_time_s,0.0
624.000,hazard_avoidances,30
624.000,min_hazard_distance_m,4.209161970100957
624.000,collisions,0
624.000,time_below_clearance_s,0.0
624.000,safety_zone_violations,0
624.000,min_ttc_s,8.55886765037512
624.000,avoid_success,30
624.000,avoid_timeout,0
624.000,q_convergence,1.5310522974671081
624.000,update_residual,0.0020496759336412554
624.000,investigation_deferred,0
624.000,nav_aborted,0
624.000,nav_canceled,0
624.000,nav_rejected,0
624.000,run_seed,7
625.000,anomalies_detected,0
625.000,anomalies_unique,0
625.000,investigation_timeouts,0
625.000,mission_duration_s,580.976
625.000,distance_traveled_m,116.44836806449547
625.000,route_deviations,30
625.000,investigation_time_s,0.0
625.000,hazard_avoidances,30
625.000,min_hazard_distance_m,4.209161970100957
625.000,collisions,0
625.000,time_below_clearance_s,0.0
625.000,safety_zone_violations,0
625.000,min_ttc_s,8.55886765037512
625.000,avoid_success,30
625.000,avoid_timeout,0
625.000,q_convergence,1.361732452508739
625.000,update_residual,0.007776024509764722
625.000,investigation_deferred,0
625.000,nav_aborted,0
625.000,nav_canceled,0
625.000,nav_rejected,0
625.000,run_seed,7
626.000,anomalies_detected,0
626.000,anomalies_unique,0
626.000,investigation_timeouts,0
626.000,mission_duration_s,581.976
626.000,distance_traveled_m,116.70108806247416
626.000,route_deviations,30
626.000,investigation_time_s,0.0
626.000,hazard_avoidances,30
626.000,min_hazard_distance_m,4.209161970100957
626.000,collisions,0
626.000,time_below_clearance_s,0.0
626.000,safety_zone_violations,0
626.000,min_ttc_s,8.55886765037512
626.000,avoid_success,30
626.000,avoid_timeout,0
626.000,q_convergence,1.288041771432639
626.000,update_residual,0.0004069564021548045
626.000,investigation_deferred,0
626.000,nav_aborted,0
626.000,nav_canceled,0
626.000,nav_rejected,0
626.000,run_seed,7
627.000,anomalies_detected,0
627.000,anomalies_unique,0
627.000,investigation_timeouts,0
627.000,mission_duration_s,582.976
627.000,distance_traveled_m,116.96316805998713
627.000,route_deviations,30
627.000,investigation_time_s,0.0
627.000,hazard_avoidances,30
627.000,min_hazard_distance_m,4.209161970100957
627.000,collisions,0
627.000,time_below_clearance_s,0.0
627.000,safety_zone_violations,0
627.000,min_ttc_s,8.55886765037512
627.000,avoid_success,30
627.000,avoid_timeout,0
627.000,q_convergence,1.0646292142615337
627.000,update_residual,0.004157234405854275
627.000,investigation_deferred,0
627.000,nav_aborted,0
627.000,nav_canceled,0
627.000,nav_rejected,0
627.000,run_seed,7
628.000,anomalies_detected,0
628.000,anomalies_unique,0
628.000,investigation_timeouts,0
628.000,mission_duration_s,583.976
628.000,distance_traveled_m,117.22524805821891
628.000,route_deviations,30
628.000,investigation_time_s,0.0
628.000,hazard_avoidances,30
628.000,min_hazard_distance_m,4.209161970100957
628.000,collisions,0
628.000,time_below_clearance_s,0.0
628.000,safety_zone_violations,0
628.000,min_ttc_s,8.55886765037512
628.000,avoid_success,30
628.000,avoid_timeout,0
628.000,q_convergence,1.1724847983221731
628.000,update_residual,0.008372169582020177
628.000,investigation_deferred,0
628.000,nav_aborted,0
628.000,nav_canceled,0
628.000,nav_rejected,0
628.000,run_seed,7
629.000,anomalies_detected,0
629.000,anomalies_unique,0
629.000,investigation_timeouts,0
629.000,mission_duration_s,584.976
629.000,distance_traveled_m,117.41137419339039
629.000,route_deviations,31
629.000,investigation_time_s,0.0
629.000,hazard_avoidances,31
629.000,min_hazard_distance_m,4.209161970100957
629.000,collisions,0
629.000,time_below_clearance_s,0.0
629.000,safety_zone_violations,0
629.000,min_ttc_s,8.55886765037512
629.000,avoid_success,30
629.000,avoid_timeout,0
629.000,q_convergence,3.3792451847762695
629.000,update_residual,0.01260165629508749
629.000,investigation_deferred,0
629.000,nav_aborted,0
629.000,nav_canceled,0
629.000,nav_rejected,0
629.000,run_seed,7
630.000,anomalies_detected,0
630.000,anomalies_unique,0
630.000,investigation_timeouts,0
630.000,mission_duration_s,585.976
630.000,distance_traveled_m,117.50820430842022
630.000,route_deviations,31
630.000,investigation_time_s,0.0
630.000,hazard_avoidances,31
630.000,min_hazard_distance_m,4.209161970100957
630.000,collisions,0
630.000,time_below_clearance_s,0.0
630.000,safety_zone_violations,0
630.000,min_ttc_s,8.55886765037512
630.000,avoid_success,30
630.000,avoid_timeout,0
630.000,q_convergence,3.618407610878486
630.000,update_residual,0.0061395228027315545
630.000,investigation_deferred,0
630.000,nav_aborted,0
630.000,nav_canceled,0
630.000,nav_rejected,0
630.000,run_seed,7
631.000,anomalies_detected,0
631.000,anomalies_unique,0
631.000,investigation_timeouts,0
631.000,mission_duration_s,586.976
631.000,distance_traveled_m,117.74898342515715
631.000,route_deviations,31
631.000,investigation_time_s,0.0
631.000,hazard_avoidances,31
631.000,min_hazard_distance_m,4.209161970100957
631.000,collisions,0
631.000,time_below_clearance_s,0.0
631.000,safety_zone_violations,0
631.000,min_ttc_s,8.55886765037512
631.000,avoid_success,30
631.000,avoid_timeout,0
631.000,q_convergence,3.775111997947886
631.000,update_residual,0.001973450265272652
631.000,investigation_deferred,0
631.000,nav_aborted,0
631.000,nav_canceled,0
631.000,nav_rejected,0
631.000,run_seed,7
632.000,anomalies_detected,0
632.000,anomalies_unique,0
632.000,investigation_timeouts,0
632.000,mission_duration_s,587.976
632.000,distance_traveled_m,117.82070265022912
632.000,route_deviations,31
632.000,investigation_time_s,0.0
632.000,hazard_avoidances,31
632.000,min_hazard_distance_m,4.209161970100957
632.000,collisions,0
632.000,time_below_clearance_s,0.0
632.000,safety_zone_violations,0
632.000,min_ttc_s,8.55886765037512
632.000,avoid_success,30
632.000,avoid_timeout,0
632.000,q_convergence,3.7016147418601477
632.000,update_residual,0.0022620116683271757
632.000,investigation_deferred,0
632.000,nav_aborted,0
632.000,nav_canceled,0
632.000,nav_rejected,0
632.000,run_seed,7
633.000,anomalies_detected,0
633.000,anomalies_unique,0
633.000,investigation_timeouts,0
633.000,mission_duration_s,588.976
633.000,distance_traveled_m,117.97472232778135
633.000,route_deviations,31
633.000,investigation_time_s,0.0
633.000,hazard_avoidances,31
633.000,min_hazard_distance_m,4.209161970100957
633.000,collisions,0
633.000,time_below_clearance_s,0.0
633.000,safety_zone_violations,0
633.000,min_ttc_s,8.55886765037512
633.000,avoid_success,30
633.000,avoid_timeout,0
633.000,q_convergence,3.697021654967603
633.000,update_residual,1.3815209149461993e-05
633.000,investigation_deferred,0
633.000,nav_aborted,0
633.000,nav_canceled,0
633.000,nav_rejected,0
633.000,run_seed,7
634.000,anomalies_detected,0
634.000,anomalies_unique,0
634.000,investigation_timeouts,0
634.000,mission_duration_s,589.976
634.000,distance_traveled_m,118.23680108190021
634.000,route_deviations,31
634.000,investigation_time_s,0.0
634.000,hazard_avoidances,31
634.000,min_hazard_distance_m,4.209161970100957
634.000,collisions,0
634.000,time_below_clearance_s,0.0
634.000,safety_zone_violations,0
634.000,min_ttc_s,8.55886765037512
634.000,avoid_success,30
634.000,avoid_timeout,0
634.000,q_convergence,3.600928506443375
634.000,update_residual,0.004910206332475407
634.000,investigation_deferred,0
634.000,nav_aborted,0
634.000,nav_canceled,0
634.000,nav_rejected,0
634.000,run_seed,7
635.000,anomalies_detected,0
635.000,anomalies_unique,0
635.000,investigation_timeouts,0
635.000,mission_duration_s,590.976
635.000,distance_traveled_m,118.48952102392639
635.000,route_deviations,31
635.000,investigation_time_s,0.0
635.000,hazard_avoidances,31
635.000,min_hazard_distance_m,4.209161970100957
635.000,collisions,0
635.000,time_below_clearance_s,0.0
635.000,safety_zone_violations,0
635.000,min_ttc_s,8.55886765037512
635.000,avoid_success,30
635.000,avoid_timeout,0
635.000,q_convergence,3.384900468174964
635.000,update_residual,0.014016890679091945
635.000,investigation_deferred,0
635.000,nav_aborted,0
635.000,nav_canceled,0
635.000,nav_rejected,0
635.000,run_seed,7
636.000,anomalies_detected,0
636.000,anomalies_unique,0
636.000,investigation_timeouts,0
636.000,mission_duration_s,591.976
636.000,distance_traveled_m,118.75160080262167
636.000,route_deviations,31
636.000,investigation_time_s,0.0
636.000,hazard_avoidances,31
636.000,min_hazard_distance_m,4.209161970100957
636.000,collisions,0
636.000,time_below_clearance_s,0.0
636.000,safety_zone_violations,0
636.000,min_ttc_s,8.55886765037512
636.000,avoid_success,30
636.000,avoid_timeout,0
636.000,q_convergence,3.366388342027367
636.000,update_residual,0.009862987109791803
636.000,investigation_deferred,0
636.000,nav_aborted,0
636.000,nav_canceled,0
636.000,nav_rejected,0
636.000,run_seed,7
637.000,anomalies_detected,0
637.000,anomalies_unique,0
637.000,investigation_timeouts,0
637.000,mission_duration_s,592.976
637.000,distance_traveled_m,119.01368070936147
637.000,route_deviations,31
637.000,investigation_time_s,0.0
637.000,hazard_avoidances,31
637.000,min_hazard_distance_m,4.209161970100957
637.000,collisions,0
637.000,time_below_clearance_s,0.0
637.000,safety_zone_violations,0
637.000,min_ttc_s,8.55886765037512
637.000,avoid_success,30
637.000,avoid_timeout,0
637.000,q_convergence,3.1156121514170656
637.000,update_residual,0.017034667026057375
637.000,investigation_deferred,0
637.000,nav_aborted,0
637.000,nav_canceled,0
637.000,nav_rejected,0
637.000,run_seed,7
638.000,anomalies_detected,0
638.000,anomalies_unique,0
638.000,investigation_timeouts,0
638.000,mission_duration_s,593.976
638.000,distance_traveled_m,119.27576066083026
638.000,route_deviations,31
638.000,investigation_time_s,0.0
638.000,hazard_avoidances,31
638.000,min_hazard_distance_m,4.209161970100957
638.000,collisions,0
638.000,time_below_clearance_s,0.0
638.000,safety_zone_violations,0
638.000,min_ttc_s,8.55886765037512
638.000,avoid_success,30
638.000,avoid_timeout,0
638.000,q_convergence,2.954180533823989
638.000,update_residual,0.000891505266749649
638.000,investigation_deferred,0
638.000,nav_aborted,0
638.000,nav_canceled,0
638.000,nav_rejected,0
638.000,run_seed,7
639.000,anomalies_detected,0
639.000,anomalies_unique,0
639.000,investigation_timeouts,0
639.000,mission_duration_s,594.976
639.000,distance_traveled_m,119.39557381658591
639.000,route_deviations,31
639.000,investigation_time_s,0.0
639.000,hazard_avoidances,31
639.000,min_hazard_distance_m,4.209161970100957
639.000,collisions,0
639.000,time_below_clearance_s,0.0
639.000,safety_zone_violations,0
639.000,min_ttc_s,8.55886765037512
639.000,avoid_success,31
639.000,avoid_timeout,0
639.000,q_convergence,2.311441551149501
639.000,update_residual,0.046582188072378336
639.000,investigation_deferred,0
639.000,nav_aborted,0
639.000,nav_canceled,0
639.000,nav_rejected,0
639.000,run_seed,7
640.000,anomalies_detected,0
640.000,anomalies_unique,0
640.000,investigation_timeouts,0
640.000,mission_duration_s,595.976
640.000,distance_traveled_m,119.48803456324312
640.000,route_deviations,31
640.000,investigation_time_s,0.0
640.000,hazard_avoidances,31
640.000,min_hazard_distance_m,4.209161970100957
640.000,collisions,0
640.000,time_below_clearance_s,0.0
640.000,safety_zone_violations,0
640.000,min_ttc_s,8.55886765037512
640.000,avoid_success,31
640.000,avoid_timeout,0
640.000,q_convergence,2.3002881128159296
640.000,update_residual,0.020318754616708824
640.000,investigation_deferred,0
640.000,nav_aborted,0
640.000,nav_canceled,0
640.000,nav_rejected,0
640.000,run_seed,7
641.000,anomalies_detected,0
641.000,anomalies_unique,0
641.000,investigation_timeouts,0
641.000,mission_duration_s,596.976
641.000,distance_traveled_m,119.70874592715649
641.000,route_deviations,31
641.000,investigation_time_s,0.0
641.000,hazard_avoidances,31
641.000,min_hazard_distance_m,4.209161970100957
641.000,collisions,0
641.000,time_below_clearance_s,0.0
641.000,safety_zone_violations,0
641.000,min_ttc_s,8.55886765037512
641.000,avoid_success,31
641.000,avoid_timeout,0
641.000,q_convergence,2.010083358547967
641.000,update_residual,0.014227455505158354
641.000,investigation_deferred,0
641.000,nav_aborted,0
641.000,nav_canceled,0
641.000,nav_rejected,0
641.000,run_seed,7
642.000,anomalies_detected,0
642.000,anomalies_unique,0
642.000,investigation_timeouts,0
642.000,mission_duration_s,597.976
642.000,distance_traveled_m,119.81773388197806
642.000,route_deviations,31
642.000,investigation_time_s,0.0
642.000,hazard_avoidances,31
642.000,min_hazard_distance_m,4.209161970100957
642.000,collisions,0
642.000,time_below_clearance_s,0.0
642.000,safety_zone_violations,0
642.000,min_ttc_s,8.55886765037512
642.000,avoid_success,31
642.000,avoid_timeout,0
642.000,q_convergence,1.9943649047303296
642.000,update_residual,0.013358940540523527
642.000,investigation_deferred,0
642.000,nav_aborted,0
642.000,nav_canceled,0
642.000,nav_rejected,0
642.000,run_seed,7
643.000,anomalies_detected,0
643.000,anomalies_unique,0
643.000,investigation_timeouts,0
643.000,mission_duration_s,598.976
643.000,distance_traveled_m,119.9575194241302
643.000,route_deviations,31
643.000,investigation_time_s,0.0
643.000,hazard_avoidances,31
643.000,min_hazard_distance_m,4.209161970100957
643.000,collisions,0
643.000,time_below_clearance_s,0.0
643.000,safety_zone_violations,0
643.000,min_ttc_s,8.55886765037512
643.000,avoid_success,31
643.000,avoid_timeout,0
643.000,q_convergence,1.7442467107628425
643.000,update_residual,0.006451445285238819
643.000,investigation_deferred,0
643.000,nav_aborted,0
643.000,nav_canceled,0
643.000,nav_rejected,0
643.000,run_seed,7
644.000,anomalies_detected,0
644.000,anomalies_unique,0
644.000,investigation_timeouts,0
644.000,mission_duration_s,599.976
644.000,distance_traveled_m,120.21023805381128
644.000,route_deviations,31
644.000,investigation_time_s,0.0
644.000,hazard_avoidances,31
644.000,min_hazard_distance_m,4.209161970100957
644.000,collisions,0
644.000,time_below_clearance_s,0.0
644.000,safety_zone_violations,0
644.000,min_ttc_s,8.55886765037512
644.000,avoid_success,31
644.000,avoid_timeout,0
644.000,q_convergence,1.6258974302522164
644.000,update_residual,0.008845044117927064
644.000,investigation_deferred,0
644.000,nav_aborted,0
644.000,nav_canceled,0
644.000,nav_rejected,0
644.000,run_seed,7
645.000,anomalies_detected,0
645.000,anomalies_unique,0
645.000,investigation_timeouts,0
645.000,mission_duration_s,600.976
645.000,distance_traveled_m,120.47231795773637
645.000,route_deviations,31
645.000,investigation_time_s,0.0
645.000,hazard_avoidances,31
645.000,min_hazard_distance_m,4.209161970100957
645.000,collisions,0
645.000,time_below_clearance_s,0.0
645.000,safety_zone_violations,0
645.000,min_ttc_s,8.55886765037512
645.000,avoid_success,31
645.000,avoid_timeout,0
645.000,q_convergence,1.3920478992029461
645.000,update_residual,0.008521795849094212
645.000,investigation_deferred,0
645.000,nav_aborted,0
645.000,nav_canceled,0
645.000,nav_rejected,0
645.000,run_seed,7
646.000,anomalies_detected,0
646.000,anomalies_unique,0
646.000,investigation_timeouts,0
646.000,mission_duration_s,601.976
646.000,distance_traveled_m,120.73439793842061
646.000,route_deviations,31
646.000,investigation_time_s,0.0
646.000,hazard_avoidances,31
646.000,min_hazard_distance_m,4.209161970100957
646.000,collisions,0
646.000,time_below_clearance_s,0.0
646.000,safety_zone_violations,0
646.000,min_ttc_s,8.55886765037512
646.000,avoid_success,31
646.000,avoid_timeout,0
646.000,q_convergence,1.110848051192909
646.000,update_residual,0.0014973836294668408
646.000,investigation_deferred,0
646.000,nav_aborted,0
646.000,nav_canceled,0
646.000,nav_rejected,0
646.000,run_seed,7
647.000,anomalies_detected,0
647.000,anomalies_unique,0
647.000,investigation_timeouts,0
647.000,mission_duration_s,602.976
647.000,distance_traveled_m,120.99647793116232
647.000,route_deviations,31
647.000,investigation_time_s,0.0
647.000,hazard_avoidances,31
647.000,min_hazard_distance_m,4.209161970100957
647.000,collisions,0
647.000,time_below_clearance_s,0.0
647.000,safety_zone_violations,0
647.000,min_ttc_s,8.55886765037512
647.000,avoid_success,31
647.000,avoid_timeout,0
647.000,q_convergence,1.0171526729099605
647.000,update_residual,0.007296804074553776
647.000,investigation_deferred,0
647.000,nav_aborted,0
647.000,nav_canceled,0
647.000,nav_rejected,0
647.000,run_seed,7
648.000,anomalies_detected,0
648.000,anomalies_unique,0
648.000,investigation_timeouts,0
648.000,mission_duration_s,603.976
648.000,distance_traveled_m,121.2491979283421
648.000,route_deviations,32
648.000,investigation_time_s,0.0
648.000,hazard_avoidances,32
648.000,min_hazard_distance_m,4.209161970100957
648.000,collisions,0
648.000,time_below_clearance_s,0.0
648.000,safety_zone_violations,0
648.000,min_ttc_s,8.55886765037512
648.000,avoid_success,31
648.000,avoid_timeout,0
648.000,q_convergence,2.1978679092269955
648.000,update_residual,0.020102471638582912
648.000,investigation_deferred,0
648.000,nav_aborted,0
648.000,nav_canceled,0
648.000,nav_rejected,0
648.000,run_seed,7
649.000,anomalies_detected,0
649.000,anomalies_unique,0
649.000,investigation_timeouts,0
649.000,mission_duration_s,604.976
649.000,distance_traveled_m,121.34654326152446
649.000,route_deviations,32
649.000,investigation_time_s,0.0
649.000,hazard_avoidances,32
649.000,min_hazard_distance_m,4.209161970100957
649.000,collisions,0
649.000,time_below_clearance_s,0.0
649.000,safety_zone_violations,0
649.000,min_ttc_s,8.55886765037512
649.000,avoid_success,31
649.000,avoid_timeout,0
649.000,q_convergence,3.464153125055926
649.000,update_residual,0.004594870779192556
649.000,investigation_deferred,0
649.000,nav_aborted,0
649.000,nav_canceled,0
649.000,nav_rejected,0
649.000,run_seed,7
650.000,anomalies_detected,0
650.000,anomalies_unique,0
650.000,investigation_timeouts,0
650.000,mission_duration_s,605.976
650.000,distance_traveled_m,121.54282885872539
650.000,route_deviations,32
650.000,investigation_time_s,0.0
650.000,hazard_avoidances,32
650.000,min_hazard_distance_m,4.209161970100957
650.000,collisions,0
650.000,time_below_clearance_s,0.0
650.000,safety_zone_violations,0
650.000,min_ttc_s,8.55886765037512
650.000,avoid_success,31
650.000,avoid_timeout,0
650.000,q_convergence,3.590174213393746
650.000,update_residual,0.008456465224884288
650.000,investigation_deferred,0
650.000,nav_aborted,0
650.000,nav_canceled,0
650.000,nav_rejected,0
650.000,run_seed,7
651.000,anomalies_detected,0
651.000,anomalies_unique,0
651.000,investigation_timeouts,0
651.000,mission_duration_s,606.976
651.000,distance_traveled_m,121.72981769153738
651.000,route_deviations,32
651.000,investigation_time_s,0.0
651.000,hazard_avoidances,32
651.000,min_hazard_distance_m,4.209161970100957
651.000,collisions,0
651.000,time_below_clearance_s,0.0
651.000,safety_zone_violations,0
651.000,min_ttc_s,8.55886765037512
651.000,avoid_success,31
651.000,avoid_timeout,0
651.000,q_convergence,3.6781843222107433
651.000,update_residual,0.0006914657371742862
651.000,investigation_deferred,0
651.000,nav_aborted,0
651.000,nav_canceled,0
651.000,nav_rejected,0
651.000,run_seed,7
652.000,anomalies_detected,0
652.000,anomalies_unique,0
652.000,investigation_timeouts,0
652.000,mission_duration_s,607.976
652.000,distance_traveled_m,121.79176216479316
652.000,route_deviations,32
652.000,investigation_time_s,0.0
652.000,hazard_avoidances,32
652.000,min_hazard_distance_m,4.209161970100957
652.000,collisions,0
652.000,time_below_clearance_s,0.0
652.000,safety_zone_violations,0
652.000,min_ttc_s,8.55886765037512
652.000,avoid_success,31
652.000,avoid_timeout,0
652.000,q_convergence,3.601437418936476
652.000,update_residual,0.004225472562706306
652.000,investigation_deferred,0
652.000,nav_aborted,0
652.000,nav_canceled,0
652.000,nav_rejected,0
652.000,run_seed,7
653.000,anomalies_detected,0
653.000,anomalies_unique,0
653.000,investigation_timeouts,0
653.000,mission_duration_s,608.976
653.000,distance_traveled_m,122.0425840679671
653.000,route_deviations,32
653.000,investigation_time_s,0.0
653.000,hazard_avoidances,32
653.000,min_hazard_distance_m,4.209161970100957
653.000,collisions,0
653.000,time_below_clearance_s,0.0
653.000,safety_zone_violations,0
653.000,min_ttc_s,8.55886765037512
653.000,avoid_success,31
653.000,avoid_timeout,0
653.000,q_convergence,3.5188409361460935
653.000,update_residual,0.0023981829154507217
653.000,investigation_deferred,0
653.000,nav_aborted,0
653.000,nav_canceled,0
653.000,nav_rejected,0
653.000,run_seed,7
654.000,anomalies_detected,0
654.000,anomalies_unique,0
654.000,investigation_timeouts,0
654.000,mission_duration_s,609.976
654.000,distance_traveled_m,122.30466376853279
654.000,route_deviations,32
654.000,investigation_time_s,0.0
654.000,hazard_avoidances,32
654.000,min_hazard_distance_m,4.209161970100957
654.000,collisions,0
654.000,time_below_clearance_s,0.0
654.000,safety_zone_violations,0
654.000,min_ttc_s,8.55886765037512
654.000,avoid_success,31
654.000,avoid_timeout,0
654.000,q_convergence,3.362418391844031
654.000,update_residual,0.012580884642716283
654.000,investigation_deferred,0
654.000,nav_aborted,0
654.000,nav_canceled,0
654.000,nav_rejected,0
654.000,run_seed,7
655.000,anomalies_detected,0
655.000,anomalies_unique,0
655.000,investigation_timeouts,0
655.000,mission_duration_s,610.976
655.000,distance_traveled_m,122.56674345990024
655.000,route_deviations,32
655.000,investigation_time_s,0.0
655.000,hazard_avoidances,32
655.000,min_hazard_distance_m,4.209161970100957
655.000,collisions,0
655.000,time_below_clearance_s,0.0
655.000,safety_zone_violations,0
655.000,min_ttc_s,8.55886765037512
655.000,avoid_success,31
655.000,avoid_timeout,0
655.000,q_convergence,3.266134940159278
655.000,update_residual,0.02006078000050907
655.000,investigation_deferred,0
655.000,nav_aborted,0
655.000,nav_canceled,0
655.000,nav_rejected,0
655.000,run_seed,7
656.000,anomalies_detected,0
656.000,anomalies_unique,0
656.000,investigation_timeouts,0
656.000,mission_duration_s,611.976
656.000,distance_traveled_m,122.82882340579239
656.000,route_deviations,32
656.000,investigation_time_s,0.0
656.000,hazard_avoidances,32
656.000,min_hazard_distance_m,4.209161970100957
656.000,collisions,0
656.000,time_below_clearance_s,0.0
656.000,safety_zone_violations,0
656.000,min_ttc_s,8.55886765037512
656.000,avoid_success,31
656.000,avoid_timeout,0
656.000,q_convergence,3.112231402021893
656.000,update_residual,0.01655000728821791
656.000,investigation_deferred,0
656.000,nav_aborted,0
656.000,nav_canceled,0
656.000,nav_rejected,0
656.000,run_seed,7
657.000,anomalies_detected,0
657.000,anomalies_unique,0
657.000,investigation_timeouts,0
657.000,mission_duration_s,612.976
657.000,distance_traveled_m,123.08154337764714
657.000,route_deviations,32
657.000,investigation_time_s,0.0
657.000,hazard_avoidances,32
657.000,min_hazard_distance_m,4.209161970100957
657.000,collisions,0
657.000,time_below_clearance_s,0.0
657.000,safety_zone_violations,0
657.000,min_ttc_s,8.55886765037512
657.000,avoid_success,31
657.000,avoid_timeout,0
657.000,q_convergence,2.955392736280587
657.000,update_residual,0.0008661407140874275
657.000,investigation_deferred,0
657.000,nav_aborted,0
657.000,nav_canceled,0
657.000,nav_rejected,0
657.000,run_seed,7
658.000,anomalies_detected,0
658.000,anomalies_unique,0
658.000,investigation_timeouts,0
658.000,mission_duration_s,613.976
658.000,distance_traveled_m,123.22275925634281
658.000,route_deviations,32
658.000,investigation_time_s,0.0
658.000,hazard_avoidances,32
658.000,min_hazard_distance_m,4.209161970100957
658.000,collisions,0
658.000,time_below_clearance_s,0.0
658.000,safety_zone_violations,0
658.000,min_ttc_s,8.55886765037512
658.000,avoid_success,32
658.000,avoid_timeout,0
658.000,q_convergence,2.6389347947873207
658.000,update_residual,0.015825958373926335
658.000,investigation_deferred,0
658.000,nav_aborted,0
658.000,nav_canceled,0
658.000,nav_rejected,0
658.000,run_seed,7
659.000,anomalies_detected,0
659.000,anomalies_unique,0
659.000,investigation_timeouts,0
659.000,mission_duration_s,614.976
659.000,distance_traveled_m,123.31474379304139
659.000,route_deviations,32
659.000,investigation_time_s,0.0
659.000,hazard_avoidances,32
659.000,min_hazard_distance_m,4.209161970100957
659.000,collisions,0
659.000,time_below_clearance_s,0.0
659.000,safety_zone_violations,0
659.000,min_ttc_s,8.55886765037512
659.000,avoid_success,32
659.000,avoid_timeout,0
659.000,q_convergence,2.1400899514114253
659.000,update_residual,0.0013129790588537302
659.000,investigation_deferred,0
659.000,nav_aborted,0
659.000,nav_canceled,0
659.000,nav_rejected,0
659.000,run_seed,7
660.000,anomalies_detected,0
660.000,anomalies_unique,0
660.000,investigation_timeouts,0
660.000,mission_duration_s,615.976
660.000,distance_traveled_m,123.53850580598544
660.000,route_deviations,32
660.000,investigation_time_s,0.0
660.000,hazard_avoidances,32
660.000,min_hazard_distance_m,4.209161970100957
660.000,collisions,0
660.000,time_below_clearance_s,0.0
660.000,safety_zone_violations,0
660.000,min_ttc_s,8.55886765037512
660.000,avoid_success,32
660.000,avoid_timeout,0
660.000,q_convergence,2.1289533195015804
660.000,update_residual,6.006580186276866e-06
660.000,investigation_deferred,0
660.000,nav_aborted,0
660.000,nav_canceled,0
660.000,nav_rejected,0
660.000,run_seed,7
661.000,anomalies_detected,0
661.000,anomalies_unique,0
661.000,investigation_timeouts,0
661.000,mission_duration_s,616.976
661.000,distance_traveled_m,123.64994657025515
661.000,route_deviations,32
661.000,investigation_time_s,0.0
661.000,hazard_avoidances,32
661.000,min_hazard_distance_m,4.209161970100957
661.000,collisions,0
661.000,time_below_clearance_s,0.0
661.000,safety_zone_violations,0
661.000,min_ttc_s,8.55886765037512
661.000,avoid_success,32
661.000,avoid_timeout,0
661.000,q_convergence,1.8271950349933985
661.000,update_residual,0.01881054696560488
661.000,investigation_deferred,0
661.000,nav_aborted,0
661.000,nav_canceled,0
661.000,nav_rejected,0
661.000,run_seed,7
662.000,anomalies_detected,0
662.000,anomalies_unique,0
662.000,investigation_timeouts,0
662.000,mission_duration_s,617.976
662.000,distance_traveled_m,123.77838298697588
662.000,route_deviations,32
662.000,investigation_time_s,0.0
662.000,hazard_avoidances,32
662.000,min_hazard_distance_m,4.209161970100957
662.000,collisions,0
662.000,time_below_clearance_s,0.0
662.000,safety_zone_violations,0
662.000,min_ttc_s,8.55886765037512
662.000,avoid_success,32
662.000,avoid_timeout,0
662.000,q_convergence,1.5384155578066216
662.000,update_residual,2.0338692488415522e-05
662.000,investigation_deferred,0
662.000,nav_aborted,0
662.000,nav_canceled,0
662.000,nav_rejected,0
662.000,run_seed,7
663.000,anomalies_detected,0
663.000,anomalies_unique,0
663.000,investigation_timeouts,0
663.000,mission_duration_s,618.976
663.000,distance_traveled_m,124.04046104277485
663.000,route_deviations,32
663.000,investigation_time_s,0.0
663.000,hazard_avoidances,32
663.000,min_hazard_distance_m,4.209161970100957
663.000,collisions,0
663.000,time_below_clearance_s,0.0
663.000,safety_zone_violations,0
663.000,min_ttc_s,8.55886765037512
663.000,avoid_success,32
663.000,avoid_timeout,0
663.000,q_convergence,1.538223141585175
663.000,update_residual,1.0970703437188192e-06
663.000,investigation_deferred,0
663.000,nav_aborted,0
663.000,nav_canceled,0
663.000,nav_rejected,0
663.000,run_seed,7
664.000,anomalies_detected,0
664.000,anomalies_unique,0
664.000,investigation_timeouts,0
664.000,mission_duration_s,619.976
664.000,distance_traveled_m,124.30254103882297
664.000,route_deviations,32
664.000,investigation_time_s,0.0
664.000,hazard_avoidances,32
664.000,min_hazard_distance_m,4.209161970100957
664.000,collisions,0
664.000,time_below_clearance_s,0.0
664.000,safety_zone_violations,0
664.000,min_ttc_s,8.55886765037512
664.000,avoid_success,32
664.000,avoid_timeout,0
664.000,q_convergence,1.3855725821184997
664.000,update_residual,0.007809223686902285
664.000,investigation_deferred,0
664.000,nav_aborted,0
664.000,nav_canceled,0
664.000,nav_rejected,0
664.000,run_seed,7
665.000,anomalies_detected,0
665.000,anomalies_unique,0
665.000,investigation_timeouts,0
665.000,mission_duration_s,620.976
665.000,distance_traveled_m,124.56462103637442
665.000,route_deviations,32
665.000,investigation_time_s,0.0
665.000,hazard_avoidances,32
665.000,min_hazard_distance_m,4.209161970100957
665.000,collisions,0
665.000,time_below_clearance_s,0.0
665.000,safety_zone_violations,0
665.000,min_ttc_s,8.55886765037512
665.000,avoid_success,32
665.000,avoid_timeout,0
665.000,q_convergence,1.3115672839817987
665.000,update_residual,0.00040869387323215093
665.000,investigation_deferred,0
665.000,nav_aborted,0
665.000,nav_canceled,0
665.000,nav_rejected,0
665.000,run_seed,7
666.000,anomalies_detected,0
666.000,anomalies_unique,0
666.000,investigation_timeouts,0
666.000,mission_duration_s,621.976
666.000,distance_traveled_m,124.81734103369241
666.000,route_deviations,32
666.000,investigation_time_s,0.0
666.000,hazard_avoidances,32
666.000,min_hazard_distance_m,4.209161970100957
666.000,collisions,0
666.000,time_below_clearance_s,0.0
666.000,safety_zone_violations,0
666.000,min_ttc_s,8.55886765037512
666.000,avoid_success,32
666.000,avoid_timeout,0
666.000,q_convergence,1.0484657821254575
666.000,update_residual,0.008465853390310783
666.000,investigation_deferred,0
666.000,nav_aborted,0
666.000,nav_canceled,0
666.000,nav_rejected,0
666.000,run_seed,7
667.000,anomalies_detected,0
667.000,anomalies_unique,0
667.000,investigation_timeouts,0
667.000,mission_duration_s,622.976
667.000,distance_traveled_m,125.01391353902889
667.000,route_deviations,33
667.000,investigation_time_s,0.0
667.000,hazard_avoidances,33
667.000,min_hazard_distance_m,4.209161970100957
667.000,collisions,0
667.000,time_below_clearance_s,0.0
667.000,safety_zone_violations,0
667.000,min_ttc_s,8.55886765037512
667.000,avoid_success,32
667.000,avoid_timeout,0
667.000,q_convergence,2.1715889734572547
667.000,update_residual,0.022091988751978237
667.000,investigation_deferred,0
667.000,nav_aborted,0
667.000,nav_canceled,0
667.000,nav_rejected,0
667.000,run_seed,7
668.000,anomalies_detected,0
668.000,anomalies_unique,0
668.000,investigation_timeouts,0
668.000,mission_duration_s,623.976
668.000,distance_traveled_m,125.12447059606502
668.000,route_deviations,33
668.000,investigation_time_s,0.0
668.000,hazard_avoidances,33
668.000,min_hazard_distance_m,4.209161970100957
668.000,collisions,0
668.000,time_below_clearance_s,0.0
668.000,safety_zone_violations,0
668.000,min_ttc_s,8.55886765037512
668.000,avoid_success,32
668.000,avoid_timeout,0
668.000,q_convergence,3.4639572080422125
668.000,update_residual,0.0044869238280985145
668.000,investigation_deferred,0
668.000,nav_aborted,0
668.000,nav_canceled,0
668.000,nav_rejected,0
668.000,run_seed,7
669.000,anomalies_detected,0
669.000,anomalies_unique,0
669.000,investigation_timeouts,0
669.000,mission_duration_s,624.976
669.000,distance_traveled_m,125.37321613861334
669.000,route_deviations,33
669.000,investigation_time_s,0.0
669.000,hazard_avoidances,33
669.000,min_hazard_distance_m,4.209161970100957
669.000,collisions,0
669.000,time_below_clearance_s,0.0
669.000,safety_zone_violations,0
669.000,min_ttc_s,8.55886765037512
669.000,avoid_success,32
669.000,avoid_timeout,0
669.000,q_convergence,3.5744667571542474
669.000,update_residual,0.0022661197801479116
669.000,investigation_deferred,0
669.000,nav_aborted,0
669.000,nav_canceled,0
669.000,nav_rejected,0
669.000,run_seed,7
670.000,anomalies_detected,0
670.000,anomalies_unique,0
670.000,investigation_timeouts,0
670.000,mission_duration_s,625.976
670.000,distance_traveled_m,125.43334191514721
670.000,route_deviations,33
670.000,investigation_time_s,0.0
670.000,hazard_avoidances,33
670.000,min_hazard_distance_m,4.209161970100957
670.000,collisions,0
670.000,time_below_clearance_s,0.0
670.000,safety_zone_violations,0
670.000,min_ttc_s,8.55886765037512
670.000,avoid_success,32
670.000,avoid_timeout,0
670.000,q_convergence,3.59594198653263
670.000,update_residual,0.00011859684230965117
670.000,investigation_deferred,0
670.000,nav_aborted,0
670.000,nav_canceled,0
670.000,nav_rejected,0
670.000,run_seed,7
671.000,anomalies_detected,0
671.000,anomalies_unique,0
671.000,investigation_timeouts,0
671.000,mission_duration_s,626.976
671.000,distance_traveled_m,125.61366609074095
671.000,route_deviations,33
671.000,investigation_time_s,0.0
671.000,hazard_avoidances,33
671.000,min_hazard_distance_m,4.209161970100957
671.000,collisions,0
671.000,time_below_clearance_s,0.0
671.000,safety_zone_violations,0
671.000,min_ttc_s,8.55886765037512
671.000,avoid_success,32
671.000,avoid_timeout,0
671.000,q_convergence,3.473319255987989
671.000,update_residual,0.00632474289629871
671.000,investigation_deferred,0
671.000,nav_aborted,0
671.000,nav_canceled,0
671.000,nav_rejected,0
671.000,run_seed,7
672.000,anomalies_detected,0
672.000,anomalies_unique,0
672.000,investigation_timeouts,0
672.000,mission_duration_s,627.976
672.000,distance_traveled_m,125.87574553306732
672.000,route_deviations,33
672.000,investigation_time_s,0.0
672.000,hazard_avoidances,33
672.000,min_hazard_distance_m,4.209161970100957
672.000,collisions,0
672.000,time_below_clearance_s,0.0
672.000,safety_zone_violations,0
672.000,min_ttc_s,8.55886765037512
672.000,avoid_success,32
672.000,avoid_timeout,0
672.000,q_convergence,3.2476922562232913
672.000,update_residual,0.016874322134729582
672.000,investigation_deferred,0
672.000,nav_aborted,0
672.000,nav_canceled,0
672.000,nav_rejected,0
672.000,run_seed,7
673.000,anomalies_detected,0
673.000,anomalies_unique,0
673.000,investigation_timeouts,0
673.000,mission_duration_s,628.976
673.000,distance_traveled_m,126.13782543146189
673.000,route_deviations,33
673.000,investigation_time_s,0.0
673.000,hazard_avoidances,33
673.000,min_hazard_distance_m,4.209161970100957
673.000,collisions,0
673.000,time_below_clearance_s,0.0
673.000,safety_zone_violations,0
673.000,min_ttc_s,8.55886765037512
673.000,avoid_success,32
673.000,avoid_timeout,0
673.000,q_convergence,2.9329772580092466
673.000,update_residual,0.0034416205037996195
673.000,investigation_deferred,0
673.000,nav_aborted,0
673.000,nav_canceled,0
673.000,nav_rejected,0
673.000,run_seed,7
674.000,anomalies_detected,0
674.000,anomalies_unique,0
674.000,investigation_timeouts,0
674.000,mission_duration_s,629.976
674.000,distance_traveled_m,126.39990534513106
674.000,route_deviations,33
674.000,investigation_time_s,0.0
674.000,hazard_avoidances,33
674.000,min_hazard_distance_m,4.209161970100957
674.000,collisions,0
674.000,time_below_clearance_s,0.0
674.000,safety_zone_violations,0
674.000,min_ttc_s,8.55886765037512
674.000,avoid_success,32
674.000,avoid_timeout,0
674.000,q_convergence,2.9003622169156924
674.000,update_residual,0.00018011639444417575
674.000,investigation_deferred,0
674.000,nav_aborted,0
674.000,nav_canceled,0
674.000,nav_rejected,0
674.000,run_seed,7
675.000,anomalies_detected,0
675.000,anomalies_unique,0
675.000,investigation_timeouts,0
675.000,mission_duration_s,630.976
675.000,distance_traveled_m,126.65262533056504
675.000,route_deviations,33
675.000,investigation_time_s,0.0
675.000,hazard_avoidances,33
675.000,min_hazard_distance_m,4.209161970100957
675.000,collisions,0
675.000,time_below_clearance_s,0.0
675.000,safety_zone_violations,0
675.000,min_ttc_s,8.55886765037512
675.000,avoid_success,32
675.000,avoid_timeout,0
675.000,q_convergence,2.080327896532619
675.000,update_residual,0.04145249036117692
675.000,investigation_deferred,0
675.000,nav_aborted,0
675.000,nav_canceled,0
675.000,nav_rejected,0
675.000,run_seed,7
676.000,anomalies_detected,0
676.000,anomalies_unique,0
676.000,investigation_timeouts,0
676.000,mission_duration_s,631.976
676.000,distance_traveled_m,126.78253601555087
676.000,route_deviations,33
676.000,investigation_time_s,0.0
676.000,hazard_avoidances,33
676.000,min_hazard_distance_m,4.209161970100957
676.000,collisions,0
676.000,time_below_clearance_s,0.0
676.000,safety_zone_violations,0
676.000,min_ttc_s,8.55886765037512
676.000,avoid_success,33
676.000,avoid_timeout,0
676.000,q_convergence,2.3210229742726645
676.000,update_residual,0.014275392075289895
676.000,investigation_deferred,0
676.000,nav_aborted,0
676.000,nav_canceled,0
676.000,nav_rejected,0
676.000,run_seed,7
677.000,anomalies_detected,0
677.000,anomalies_unique,0
677.000,investigation_timeouts,0
677.000,mission_duration_s,632.976
677.000,distance_traveled_m,126.87098231306521
677.000,route_deviations,33
677.000,investigation_time_s,0.0
677.000,hazard_avoidances,33
677.000,min_hazard_distance_m,4.209161970100957
677.000,collisions,0
677.000,time_below_clearance_s,0.0
677.000,safety_zone_violations,0
677.000,min_ttc_s,8.55886765037512
677.000,avoid_success,33
677.000,avoid_timeout,0
677.000,q_convergence,2.118493119227557
677.000,update_residual,0.002428275845582755
677.000,investigation_deferred,0
677.000,nav_aborted,0
677.000,nav_canceled,0
677.000,nav_rejected,0
677.000,run_seed,7
678.000,anomalies_detected,0
678.000,anomalies_unique,0
678.000,investigation_timeouts,0
678.000,mission_duration_s,633.976
678.000,distance_traveled_m,127.09247380746558
678.000,route_deviations,33
678.000,investigation_time_s,0.0
678.000,hazard_avoidances,33
678.000,min_hazard_distance_m,4.209161970100957
678.000,collisions,0
678.000,time_below_clearance_s,0.0
678.000,safety_zone_violations,0
678.000,min_ttc_s,8.55886765037512
678.000,avoid_success,33
678.000,avoid_timeout,0
678.000,q_convergence,2.0954811931878523
678.000,update_residual,0.00012708324161232742
678.000,investigation_deferred,0
678.000,nav_aborted,0
678.000,nav_canceled,0
678.000,nav_rejected,0
678.000,run_seed,7
679.000,anomalies_detected,0
679.000,anomalies_unique,0
679.000,investigation_timeouts,0
679.000,mission_duration_s,634.976
679.000,distance_traveled_m,127.21052075240571
679.000,route_deviations,33
679.000,investigation_time_s,0.0
679.000,hazard_avoidances,33
679.000,min_hazard_distance_m,4.209161970100957
679.000,collisions,0
679.000,time_below_clearance_s,0.0
679.000,safety_zone_violations,0
679.000,min_ttc_s,8.55886765037512
679.000,avoid_success,33
679.000,avoid_timeout,0
679.000,q_convergence,1.981156159780544
679.000,update_residual,0.020107735312457433
679.000,investigation_deferred,0
679.000,nav_aborted,0
679.000,nav_canceled,0
679.000,nav_rejected,0
679.000,run_seed,7
680.000,anomalies_detected,0
680.000,anomalies_unique,0
680.000,investigation_timeouts,0
680.000,mission_duration_s,635.976
680.000,distance_traveled_m,127.33875182115453
680.000,route_deviations,33
680.000,investigation_time_s,0.0
680.000,hazard_avoidances,33
680.000,min_hazard_distance_m,4.209161970100957
680.000,collisions,0
680.000,time_below_clearance_s,0.0
680.000,safety_zone_violations,0
680.000,min_ttc_s,8.55886765037512
680.000,avoid_success,33
680.000,avoid_timeout,0
680.000,q_convergence,1.7384004928656498
680.000,update_residual,0.02253335072080755
680.000,investigation_deferred,0
680.000,nav_aborted,0
680.000,nav_canceled,0
680.000,nav_rejected,0
680.000,run_seed,7
681.000,anomalies_detected,0
681.000,anomalies_unique,0
681.000,investigation_timeouts,0
681.000,mission_duration_s,636.976
681.000,distance_traveled_m,127.60082990393043
681.000,route_deviations,33
681.000,investigation_time_s,0.0
681.000,hazard_avoidances,33
681.000,min_hazard_distance_m,4.209161970100957
681.000,collisions,0
681.000,time_below_clearance_s,0.0
681.000,safety_zone_violations,0
681.000,min_ttc_s,8.55886765037512
681.000,avoid_success,33
681.000,avoid_timeout,0
681.000,q_convergence,1.5252214891166358
681.000,update_residual,0.001215450345906186
681.000,investigation_deferred,0
681.000,nav_aborted,0
681.000,nav_canceled,0
681.000,nav_rejected,0
681.000,run_seed,7
682.000,anomalies_detected,0
682.000,anomalies_unique,0
682.000,investigation_timeouts,0
682.000,mission_duration_s,637.976
682.000,distance_traveled_m,127.86290990186487
682.000,route_deviations,33
682.000,investigation_time_s,0.0
682.000,hazard_avoidances,33
682.000,min_hazard_distance_m,4.209161970100957
682.000,collisions,0
682.000,time_below_clearance_s,0.0
682.000,safety_zone_violations,0
682.000,min_ttc_s,8.55886765037512
682.000,avoid_success,33
682.000,avoid_timeout,0
682.000,q_convergence,1.3636077372843238
682.000,update_residual,0.007750079947538573
682.000,investigation_deferred,0
682.000,nav_aborted,0
682.000,nav_canceled,0
682.000,nav_rejected,0
682.000,run_seed,7
