timestamp,metric,value
43.292,anomalies_detected,0
43.292,anomalies_unique,0
43.292,investigation_timeouts,0
43.292,mission_duration_s,0.0
43.292,distance_traveled_m,0.0
43.292,route_deviations,0
43.292,investigation_time_s,0.0
43.292,hazard_avoidances,0
43.292,min_hazard_distance_m,-1.0
43.292,collisions,0
43.292,time_below_clearance_s,0.0
43.292,safety_zone_violations,0
43.292,min_ttc_s,-1.0
43.292,avoid_success,0
43.292,avoid_timeout,0
43.292,q_convergence,0.0
43.292,update_residual,0.0
43.292,investigation_deferred,0
43.292,nav_aborted,0
43.292,nav_canceled,0
43.292,nav_rejected,0
43.292,run_seed,2
44.000,anomalies_detected,0
44.000,anomalies_unique,0
44.000,investigation_timeouts,0
44.000,mission_duration_s,0.0
44.000,distance_traveled_m,1.7007321220625328e-19
44.000,route_deviations,0
44.000,investigation_time_s,0.0
44.000,hazard_avoidances,0
44.000,min_hazard_distance_m,-1.0
44.000,collisions,0
44.000,time_below_clearance_s,0.0
44.000,safety_zone_violations,0
44.000,min_ttc_s,-1.0
44.000,avoid_success,0
44.000,avoid_timeout,0
44.000,q_convergence,0.0
44.000,update_residual,0.0
44.000,investigation_deferred,0
44.000,nav_aborted,0
44.000,nav_canceled,0
44.000,nav_rejected,0
44.000,run_seed,2
45.000,anomalies_detected,0
45.000,anomalies_unique,0
45.000,investigation_timeouts,0
45.000,mission_duration_s,0.9440000000000026
45.000,distance_traveled_m,0.07068856422036472
45.000,route_deviations,0
45.000,investigation_time_s,0.0
45.000,hazard_avoidances,0
45.000,min_hazard_distance_m,-1.0
45.000,collisions,0
45.000,time_below_clearance_s,0.0
45.000,safety_zone_violations,0
45.000,min_ttc_s,-1.0
45.000,avoid_success,0
45.000,avoid_timeout,0
45.000,q_convergence,0.9492091751465606
45.000,update_residual,0.09492091751465606
45.000,investigation_deferred,0
45.000,nav_aborted,0
45.000,nav_canceled,0
45.000,nav_rejected,0
45.000,run_seed,2
46.000,anomalies_detected,0
46.000,anomalies_unique,0
46.000,investigation_timeouts,0
46.000,mission_duration_s,1.9440000000000026
46.000,distance_traveled_m,0.32568339433981397
46.000,route_deviations,0
46.000,investigation_time_s,0.0
46.000,hazard_avoidances,0
46.000,min_hazard_distance_m,12.091270033102562
46.000,collisions,0
46.000,time_below_clearance_s,0.0
46.000,safety_zone_violations,0
46.000,min_ttc_s,28.120510608425555
46.000,avoid_success,0
46.000,avoid_timeout,0
46.000,q_convergence,0.8397282613926437
46.000,update_residual,0.08397282613926436
46.000,investigation_deferred,0
46.000,nav_aborted,0
46.000,nav_canceled,0
46.000,nav_rejected,0
46.000,run_seed,2
47.000,anomalies_detected,0
47.000,anomalies_unique,0
47.000,investigation_timeouts,0
47.000,mission_duration_s,2.9440000000000026
47.000,distance_traveled_m,0.5877633473521657
47.000,route_deviations,0
47.000,investigation_time_s,0.0
47.000,hazard_avoidances,0
47.000,min_hazard_distance_m,11.895869553508327
47.000,collisions,0
47.000,time_below_clearance_s,0.0
47.000,safety_zone_violations,0
47.000,min_ttc_s,28.120510608425555
47.000,avoid_success,0
47.000,avoid_timeout,0
47.000,q_convergence,0.7316417650943821
47.000,update_residual,0.0731641765094382
47.000,investigation_deferred,0
47.000,nav_aborted,0
47.000,nav_canceled,0
47.000,nav_rejected,0
47.000,run_seed,2
48.000,anomalies_detected,0
48.000,anomalies_unique,0
48.000,investigation_timeouts,0
48.000,mission_duration_s,3.9440000000000026
48.000,distance_traveled_m,0.8498433266033297
48.000,route_deviations,0
48.000,investigation_time_s,0.0
48.000,hazard_avoidances,0
48.000,min_hazard_distance_m,11.69693495182472
48.000,collisions,0
48.000,time_below_clearance_s,0.0
48.000,safety_zone_violations,0
48.000,min_ttc_s,28.120510608425555
48.000,avoid_success,0
48.000,avoid_timeout,0
48.000,q_convergence,0.9274936805091737
48.000,update_residual,0.09274936805091738
48.000,investigation_deferred,0
48.000,nav_aborted,0
48.000,nav_canceled,0
48.000,nav_rejected,0
48.000,run_seed,2
49.000,anomalies_detected,0
49.000,anomalies_unique,0
49.000,investigation_timeouts,0
49.000,mission_duration_s,4.944000000000003
49.000,distance_traveled_m,1.1119233184688422
49.000,route_deviations,0
49.000,investigation_time_s,0.0
49.000,hazard_avoidances,0
49.000,min_hazard_distance_m,11.496040044927891
49.000,collisions,0
49.000,time_below_clearance_s,0.0
49.000,safety_zone_violations,0
49.000,min_ttc_s,28.120510608425555
49.000,avoid_success,0
49.000,avoid_timeout,0
49.000,q_convergence,0.912185020139498
49.000,update_residual,0.09121850201394976
49.000,investigation_deferred,0
49.000,nav_aborted,0
49.000,nav_canceled,0
49.000,nav_rejected,0
49.000,run_seed,2
50.000,anomalies_detected,0
50.000,anomalies_unique,0
50.000,investigation_timeouts,0
50.000,mission_duration_s,5.944000000000003
50.000,distance_traveled_m,1.364643313279602
50.000,route_deviations,0
50.000,investigation_time_s,0.0
50.000,hazard_avoidances,0
50.000,min_hazard_distance_m,11.302862298033173
50.000,collisions,0
50.000,time_below_clearance_s,0.0
50.000,safety_zone_violations,0
50.000,min_ttc_s,28.120510608425555
50.000,avoid_success,0
50.000,avoid_timeout,0
50.000,q_convergence,0.7927371242437437
50.000,update_residual,0.07927371242437434
50.000,investigation_deferred,0
50.000,nav_aborted,0
50.000,nav_canceled,0
50.000,nav_rejected,0
50.000,run_seed,2
51.000,anomalies_detected,0
51.000,anomalies_unique,0
51.000,investigation_timeouts,0
51.000,mission_duration_s,6.944000000000003
51.000,distance_traveled_m,1.6267233091308297
51.000,route_deviations,0
51.000,investigation_time_s,0.0
51.000,hazard_avoidances,0
51.000,min_hazard_distance_m,11.104101132490397
51.000,collisions,0
51.000,time_below_clearance_s,0.0
51.000,safety_zone_violations,0
51.000,min_ttc_s,28.120510608425555
51.000,avoid_success,0
51.000,avoid_timeout,0
51.000,q_convergence,0.9317895180351928
51.000,update_residual,0.0931789518035193
51.000,investigation_deferred,0
51.000,nav_aborted,0
51.000,nav_canceled,0
51.000,nav_rejected,0
51.000,run_seed,2
52.000,anomalies_detected,0
52.000,anomalies_unique,0
52.000,investigation_timeouts,0
52.000,mission_duration_s,7.944000000000003
52.000,distance_traveled_m,1.8888033059803686
52.000,route_deviations,0
52.000,investigation_time_s,0.0
52.000,hazard_avoidances,0
52.000,min_hazard_distance_m,10.90746322936692
52.000,collisions,0
52.000,time_below_clearance_s,0.0
52.000,safety_zone_violations,0
52.000,min_ttc_s,28.120510608425555
52.000,avoid_success,0
52.000,avoid_timeout,0
52.000,q_convergence,0.9532785898168934
52.000,update_residual,0.09532785898168936
52.000,investigation_deferred,0
52.000,nav_aborted,0
52.000,nav_canceled,0
52.000,nav_rejected,0
52.000,run_seed,2
53.000,anomalies_detected,0
53.000,anomalies_unique,0
53.000,investigation_timeouts,0
53.000,mission_duration_s,8.944000000000003
53.000,distance_traveled_m,2.1508831568861853
53.000,route_deviations,0
53.000,investigation_time_s,0.0
53.000,hazard_avoidances,0
53.000,min_hazard_distance_m,10.712348321046322
53.000,collisions,0
53.000,time_below_clearance_s,0.0
53.000,safety_zone_violations,0
53.000,min_ttc_s,28.120510608425555
53.000,avoid_success,0
53.000,avoid_timeout,0
53.000,q_convergence,0.9353357461052848
53.000,update_residual,0.09353357461052848
53.000,investigation_deferred,0
53.000,nav_aborted,0
53.000,nav_canceled,0
53.000,nav_rejected,0
53.000,run_seed,2
54.000,anomalies_detected,0
54.000,anomalies_unique,0
54.000,investigation_timeouts,0
54.000,mission_duration_s,9.944000000000003
54.000,distance_traveled_m,2.4036029647714763
54.000,route_deviations,0
54.000,investigation_time_s,0.0
54.000,hazard_avoidances,0
54.000,min_hazard_distance_m,10.51721310067475
54.000,collisions,0
54.000,time_below_clearance_s,0.0
54.000,safety_zone_violations,0
54.000,min_ttc_s,25.06371205308004
54.000,avoid_success,0
54.000,avoid_timeout,0
54.000,q_convergence,0.8128563319933584
54.000,update_residual,0.08128563319933586
54.000,investigation_deferred,0
54.000,nav_aborted,0
54.000,nav_canceled,0
54.000,nav_rejected,0
54.000,run_seed,2
55.000,anomalies_detected,0
55.000,anomalies_unique,0
55.000,investigation_timeouts,0
55.000,mission_duration_s,10.944000000000003
55.000,distance_traveled_m,2.6656829174144816
55.000,route_deviations,0
55.000,investigation_time_s,0.0
55.000,hazard_avoidances,0
55.000,min_hazard_distance_m,10.301887216809755
55.000,collisions,0
55.000,time_below_clearance_s,0.0
55.000,safety_zone_violations,0
55.000,min_ttc_s,24.80014737885384
55.000,avoid_success,0
55.000,avoid_timeout,0
55.000,q_convergence,0.7081471557194529
55.000,update_residual,0.0708147155719453
55.000,investigation_deferred,0
55.000,nav_aborted,0
55.000,nav_canceled,0
55.000,nav_rejected,0
55.000,run_seed,2
56.000,anomalies_detected,0
56.000,anomalies_unique,0
56.000,investigation_timeouts,0
56.000,mission_duration_s,11.944000000000003
56.000,distance_traveled_m,2.9277628682228447
56.000,route_deviations,0
56.000,investigation_time_s,0.0
56.000,hazard_avoidances,0
56.000,min_hazard_distance_m,10.106465832877998
56.000,collisions,0
56.000,time_below_clearance_s,0.0
56.000,safety_zone_violations,0
56.000,min_ttc_s,24.80014737885384
56.000,avoid_success,0
56.000,avoid_timeout,0
56.000,q_convergence,0.61699725825339
56.000,update_residual,0.061699725825339
56.000,investigation_deferred,0
56.000,nav_aborted,0
56.000,nav_canceled,0
56.000,nav_rejected,0
56.000,run_seed,2
57.000,anomalies_detected,0
57.000,anomalies_unique,0
57.000,investigation_timeouts,0
57.000,mission_duration_s,12.944000000000003
57.000,distance_traveled_m,3.189842755021581
57.000,route_deviations,0
57.000,investigation_time_s,0.0
57.000,hazard_avoidances,0
57.000,min_hazard_distance_m,9.90561719491452
57.000,collisions,0
57.000,time_below_clearance_s,0.0
57.000,safety_zone_violations,0
57.000,min_ttc_s,24.595102245146514
57.000,avoid_success,0
57.000,avoid_timeout,0
57.000,q_convergence,1.164403575178364
57.000,update_residual,0.11644035751783642
57.000,investigation_deferred,0
57.000,nav_aborted,0
57.000,nav_canceled,0
57.000,nav_rejected,0
57.000,run_seed,2
58.000,anomalies_detected,0
58.000,anomalies_unique,0
58.000,investigation_timeouts,0
58.000,mission_duration_s,13.944000000000003
58.000,distance_traveled_m,3.4519227187605344
58.000,route_deviations,0
58.000,investigation_time_s,0.0
58.000,hazard_avoidances,0
58.000,min_hazard_distance_m,9.708453917611129
58.000,collisions,0
58.000,time_below_clearance_s,0.0
58.000,safety_zone_violations,0
58.000,min_ttc_s,24.595102245146514
58.000,avoid_success,0
58.000,avoid_timeout,0
58.000,q_convergence,0.8210462685218641
58.000,update_residual,0.08210462685218642
58.000,investigation_deferred,0
58.000,nav_aborted,0
58.000,nav_canceled,0
58.000,nav_rejected,0
58.000,run_seed,2
59.000,anomalies_detected,0
59.000,anomalies_unique,0
59.000,investigation_timeouts,0
59.000,mission_duration_s,14.944000000000003
59.000,distance_traveled_m,3.70464268790548
59.000,route_deviations,0
59.000,investigation_time_s,0.0
59.000,hazard_avoidances,0
59.000,min_hazard_distance_m,9.527513064326255
59.000,collisions,0
59.000,time_below_clearance_s,0.0
59.000,safety_zone_violations,0
59.000,min_ttc_s,24.503817892438693
59.000,avoid_success,0
59.000,avoid_timeout,0
59.000,q_convergence,0.7135327191401837
59.000,update_residual,0.07135327191401838
59.000,investigation_deferred,0
59.000,nav_aborted,0
59.000,nav_canceled,0
59.000,nav_rejected,0
59.000,run_seed,2
60.000,anomalies_detected,0
60.000,anomalies_unique,0
60.000,investigation_timeouts,0
60.000,mission_duration_s,15.944000000000003
60.000,distance_traveled_m,3.966722646669057
60.000,route_deviations,0
60.000,investigation_time_s,0.0
60.000,hazard_avoidances,0
60.000,min_hazard_distance_m,9.337574284825621
60.000,collisions,0
60.000,time_below_clearance_s,0.0
60.000,safety_zone_violations,0
60.000,min_ttc_s,24.461288689773248
60.000,avoid_success,0
60.000,avoid_timeout,0
60.000,q_convergence,0.6216180469835071
60.000,update_residual,0.062161804698350705
60.000,investigation_deferred,0
60.000,nav_aborted,0
60.000,nav_canceled,0
60.000,nav_rejected,0
60.000,run_seed,2
61.000,anomalies_detected,0
61.000,anomalies_unique,0
61.000,investigation_timeouts,0
61.000,mission_duration_s,16.944000000000003
61.000,distance_traveled_m,4.228802600107793
61.000,route_deviations,0
61.000,investigation_time_s,0.0
61.000,hazard_avoidances,0
61.000,min_hazard_distance_m,9.152159728610455
61.000,collisions,0
61.000,time_below_clearance_s,0.0
61.000,safety_zone_violations,0
61.000,min_ttc_s,24.461288689773248
61.000,avoid_success,0
61.000,avoid_timeout,0
61.000,q_convergence,1.1516315328024835
61.000,update_residual,0.1151631532802484
61.000,investigation_deferred,0
61.000,nav_aborted,0
61.000,nav_canceled,0
61.000,nav_rejected,0
61.000,run_seed,2
62.000,anomalies_detected,0
62.000,anomalies_unique,0
62.000,investigation_timeouts,0
62.000,mission_duration_s,17.944000000000003
62.000,distance_traveled_m,4.490882134816337
62.000,route_deviations,0
62.000,investigation_time_s,0.0
62.000,hazard_avoidances,0
62.000,min_hazard_distance_m,8.94298941482181
62.000,collisions,0
62.000,time_below_clearance_s,0.0
62.000,safety_zone_violations,0
62.000,min_ttc_s,21.96799747634929
62.000,avoid_success,0
62.000,avoid_timeout,0
62.000,q_convergence,0.8251721291677026
62.000,update_residual,0.08251721291677028
62.000,investigation_deferred,0
62.000,nav_aborted,0
62.000,nav_canceled,0
62.000,nav_rejected,0
62.000,run_seed,2
63.000,anomalies_detected,0
63.000,anomalies_unique,0
63.000,investigation_timeouts,0
63.000,mission_duration_s,18.944000000000003
63.000,distance_traveled_m,4.743602118334678
63.000,route_deviations,0
63.000,investigation_time_s,0.0
63.000,hazard_avoidances,0
63.000,min_hazard_distance_m,8.735564698751435
63.000,collisions,0
63.000,time_below_clearance_s,0.0
63.000,safety_zone_violations,0
63.000,min_ttc_s,21.96799747634929
63.000,avoid_success,0
63.000,avoid_timeout,0
63.000,q_convergence,0.717118310693652
63.000,update_residual,0.0717118310693652
63.000,investigation_deferred,0
63.000,nav_aborted,0
63.000,nav_canceled,0
63.000,nav_rejected,0
63.000,run_seed,2
64.000,anomalies_detected,0
64.000,anomalies_unique,0
64.000,investigation_timeouts,0
64.000,mission_duration_s,19.944000000000003
64.000,distance_traveled_m,5.005682094228491
64.000,route_deviations,0
64.000,investigation_time_s,0.0
64.000,hazard_avoidances,0
64.000,min_hazard_distance_m,8.522239280521065
64.000,collisions,0
64.000,time_below_clearance_s,0.0
64.000,safety_zone_violations,0
64.000,min_ttc_s,20.179872851063937
64.000,avoid_success,0
64.000,avoid_timeout,0
64.000,q_convergence,0.6247417557623186
64.000,update_residual,0.06247417557623187
64.000,investigation_deferred,0
64.000,nav_aborted,0
64.000,nav_canceled,0
64.000,nav_rejected,0
64.000,run_seed,2
65.000,anomalies_detected,0
65.000,anomalies_unique,0
65.000,investigation_timeouts,0
65.000,mission_duration_s,20.944000000000003
65.000,distance_traveled_m,5.267762082060499
65.000,route_deviations,0
65.000,investigation_time_s,0.0
65.000,hazard_avoidances,0
65.000,min_hazard_distance_m,8.31199618219298
65.000,collisions,0
65.000,time_below_clearance_s,0.0
65.000,safety_zone_violations,0
65.000,min_ttc_s,20.179872851063937
65.000,avoid_success,0
65.000,avoid_timeout,0
65.000,q_convergence,1.1585406483984602
65.000,update_residual,0.11585406483984603
65.000,investigation_deferred,0
65.000,nav_aborted,0
65.000,nav_canceled,0
65.000,nav_rejected,0
65.000,run_seed,2
66.000,anomalies_detected,0
66.000,anomalies_unique,0
66.000,investigation_timeouts,0
66.000,mission_duration_s,21.944000000000003
66.000,distance_traveled_m,5.529842052190792
66.000,route_deviations,0
66.000,investigation_time_s,0.0
66.000,hazard_avoidances,0
66.000,min_hazard_distance_m,8.10686841144493
66.000,collisions,0
66.000,time_below_clearance_s,0.0
66.000,safety_zone_violations,0
66.000,min_ttc_s,20.145684724598723
66.000,avoid_success,0
66.000,avoid_timeout,0
66.000,q_convergence,0.9245955884443006
66.000,update_residual,0.09245955884443005
66.000,investigation_deferred,0
66.000,nav_aborted,0
66.000,nav_canceled,0
66.000,nav_rejected,0
66.000,run_seed,2
67.000,anomalies_detected,0
67.000,anomalies_unique,0
67.000,investigation_timeouts,0
67.000,mission_duration_s,22.944000000000003
67.000,distance_traveled_m,5.791922038562442
67.000,route_deviations,0
67.000,investigation_time_s,0.0
67.000,hazard_avoidances,0
67.000,min_hazard_distance_m,7.904415510612567
67.000,collisions,0
67.000,time_below_clearance_s,0.0
67.000,safety_zone_violations,0
67.000,min_ttc_s,20.145684724598723
67.000,avoid_success,0
67.000,avoid_timeout,0
67.000,q_convergence,0.9353357461052848
67.000,update_residual,0.09353357461052848
67.000,investigation_deferred,0
67.000,nav_aborted,0
67.000,nav_canceled,0
67.000,nav_rejected,0
67.000,run_seed,2
68.000,anomalies_detected,0
68.000,anomalies_unique,0
68.000,investigation_timeouts,0
68.000,mission_duration_s,23.944000000000003
68.000,distance_traveled_m,6.044641985366281
68.000,route_deviations,0
68.000,investigation_time_s,0.0
68.000,hazard_avoidances,0
68.000,min_hazard_distance_m,7.714991333220361
68.000,collisions,0
68.000,time_below_clearance_s,0.0
68.000,safety_zone_violations,0
68.000,min_ttc_s,19.555847887289854
68.000,avoid_success,0
68.000,avoid_timeout,0
68.000,q_convergence,0.9383881593013534
68.000,update_residual,0.09383881593013535
68.000,investigation_deferred,0
68.000,nav_aborted,0
68.000,nav_canceled,0
68.000,nav_rejected,0
68.000,run_seed,2
69.000,anomalies_detected,0
69.000,anomalies_unique,0
69.000,investigation_timeouts,0
69.000,mission_duration_s,24.944000000000003
69.000,distance_traveled_m,6.306721967291369
69.000,route_deviations,0
69.000,investigation_time_s,0.0
69.000,hazard_avoidances,0
69.000,min_hazard_distance_m,7.5186623055739865
69.000,collisions,0
69.000,time_below_clearance_s,0.0
69.000,safety_zone_violations,0
69.000,min_ttc_s,19.555847887289854
69.000,avoid_success,0
69.000,avoid_timeout,0
69.000,q_convergence,0.9236346895207693
69.000,update_residual,0.09236346895207694
69.000,investigation_deferred,0
69.000,nav_aborted,0
69.000,nav_canceled,0
69.000,nav_rejected,0
69.000,run_seed,2
70.000,anomalies_detected,0
70.000,anomalies_unique,0
70.000,investigation_timeouts,0
70.000,mission_duration_s,25.944000000000003
70.000,distance_traveled_m,6.568801930081761
70.000,route_deviations,0
70.000,investigation_time_s,0.0
70.000,hazard_avoidances,0
70.000,min_hazard_distance_m,7.3307054925457855
70.000,collisions,0
70.000,time_below_clearance_s,0.0
70.000,safety_zone_violations,0
70.000,min_ttc_s,19.555847887289854
70.000,avoid_success,0
70.000,avoid_timeout,0
70.000,q_convergence,0.8047480900817247
70.000,update_residual,0.08047480900817247
70.000,investigation_deferred,0
70.000,nav_aborted,0
70.000,nav_canceled,0
70.000,nav_rejected,0
70.000,run_seed,2
71.000,anomalies_detected,0
71.000,anomalies_unique,0
71.000,investigation_timeouts,0
71.000,mission_duration_s,26.944000000000003
71.000,distance_traveled_m,6.830881925664958
71.000,route_deviations,0
71.000,investigation_time_s,0.0
71.000,hazard_avoidances,0
71.000,min_hazard_distance_m,7.144918335688131
71.000,collisions,0
71.000,time_below_clearance_s,0.0
71.000,safety_zone_violations,0
71.000,min_ttc_s,19.555847887289854
71.000,avoid_success,0
71.000,avoid_timeout,0
71.000,q_convergence,0.6993687383448497
71.000,update_residual,0.06993687383448496
71.000,investigation_deferred,0
71.000,nav_aborted,0
71.000,nav_canceled,0
71.000,nav_rejected,0
71.000,run_seed,2
72.000,anomalies_detected,0
72.000,anomalies_unique,0
72.000,investigation_timeouts,0
72.000,mission_duration_s,27.944000000000003
72.000,distance_traveled_m,7.083601876179558
72.000,route_deviations,0
72.000,investigation_time_s,0.0
72.000,hazard_avoidances,0
72.000,min_hazard_distance_m,6.972623811840422
72.000,collisions,0
72.000,time_below_clearance_s,0.0
72.000,safety_zone_violations,0
72.000,min_ttc_s,19.555847887289854
72.000,avoid_success,0
72.000,avoid_timeout,0
72.000,q_convergence,0.947727947992916
72.000,update_residual,0.09477279479929161
72.000,investigation_deferred,0
72.000,nav_aborted,0
72.000,nav_canceled,0
72.000,nav_rejected,0
72.000,run_seed,2
73.000,anomalies_detected,0
73.000,anomalies_unique,0
73.000,investigation_timeouts,0
73.000,mission_duration_s,28.944000000000003
73.000,distance_traveled_m,7.345681856197305
73.000,route_deviations,0
73.000,investigation_time_s,0.0
73.000,hazard_avoidances,0
73.000,min_hazard_distance_m,6.792522187808795
73.000,collisions,0
73.000,time_below_clearance_s,0.0
73.000,safety_zone_violations,0
73.000,min_ttc_s,19.255903328979276
73.000,avoid_success,0
73.000,avoid_timeout,0
73.000,q_convergence,0.9053000796937092
73.000,update_residual,0.0905300079693709
73.000,investigation_deferred,0
73.000,nav_aborted,0
73.000,nav_canceled,0
73.000,nav_rejected,0
73.000,run_seed,2
74.000,anomalies_detected,0
74.000,anomalies_unique,0
74.000,investigation_timeouts,0
74.000,mission_duration_s,29.944000000000003
74.000,distance_traveled_m,7.607761846945854
74.000,route_deviations,0
74.000,investigation_time_s,0.0
74.000,hazard_avoidances,0
74.000,min_hazard_distance_m,6.615906442284603
74.000,collisions,0
74.000,time_below_clearance_s,0.0
74.000,safety_zone_violations,0
74.000,min_ttc_s,18.939853555151643
74.000,avoid_success,0
74.000,avoid_timeout,0
74.000,q_convergence,0.788773438622525
74.000,update_residual,0.07887734386225247
74.000,investigation_deferred,0
74.000,nav_aborted,0
74.000,nav_canceled,0
74.000,nav_rejected,0
74.000,run_seed,2
75.000,anomalies_detected,0
75.000,anomalies_unique,0
75.000,investigation_timeouts,0
75.000,mission_duration_s,30.944000000000003
75.000,distance_traveled_m,7.869841835465455
75.000,route_deviations,0
75.000,investigation_time_s,0.0
75.000,hazard_avoidances,0
75.000,min_hazard_distance_m,6.439933434695375
75.000,collisions,0
75.000,time_below_clearance_s,0.0
75.000,safety_zone_violations,0
75.000,min_ttc_s,18.552564842614945
75.000,avoid_success,0
75.000,avoid_timeout,0
75.000,q_convergence,0.6854859196414406
75.000,update_residual,0.06854859196414406
75.000,investigation_deferred,0
75.000,nav_aborted,0
75.000,nav_canceled,0
75.000,nav_rejected,0
75.000,run_seed,2
76.000,anomalies_detected,0
76.000,anomalies_unique,0
76.000,investigation_timeouts,0
76.000,mission_duration_s,31.944000000000003
76.000,distance_traveled_m,8.131921831147599
76.000,route_deviations,0
76.000,investigation_time_s,0.0
76.000,hazard_avoidances,0
76.000,min_hazard_distance_m,6.266068613574409
76.000,collisions,0
76.000,time_below_clearance_s,0.0
76.000,safety_zone_violations,0
76.000,min_ttc_s,18.552564842614945
76.000,avoid_success,0
76.000,avoid_timeout,0
76.000,q_convergence,0.9924926405282298
76.000,update_residual,0.09924926405282299
76.000,investigation_deferred,0
76.000,nav_aborted,0
76.000,nav_canceled,0
76.000,nav_rejected,0
76.000,run_seed,2
77.000,anomalies_detected,0
77.000,anomalies_unique,0
77.000,investigation_timeouts,0
77.000,mission_duration_s,32.944
77.000,distance_traveled_m,8.384641828896001
77.000,route_deviations,0
77.000,investigation_time_s,0.0
77.000,hazard_avoidances,0
77.000,min_hazard_distance_m,6.103147035075264
77.000,collisions,0
77.000,time_below_clearance_s,0.0
77.000,safety_zone_violations,0
77.000,min_ttc_s,18.53521439517201
77.000,avoid_success,0
77.000,avoid_timeout,0
77.000,q_convergence,0.8851592669899604
77.000,update_residual,0.08851592669899602
77.000,investigation_deferred,0
77.000,nav_aborted,0
77.000,nav_canceled,0
77.000,nav_rejected,0
77.000,run_seed,2
78.000,anomalies_detected,0
78.000,anomalies_unique,0
78.000,investigation_timeouts,0
78.000,mission_duration_s,33.944
78.000,distance_traveled_m,8.646721826474502
78.000,route_deviations,0
78.000,investigation_time_s,0.0
78.000,hazard_avoidances,0
78.000,min_hazard_distance_m,5.939938859137523
78.000,collisions,0
78.000,time_below_clearance_s,0.0
78.000,safety_zone_violations,0
78.000,min_ttc_s,18.471975428772215
78.000,avoid_success,0
78.000,avoid_timeout,0
78.000,q_convergence,0.7711362913794432
78.000,update_residual,0.07711362913794434
78.000,investigation_deferred,0
78.000,nav_aborted,0
78.000,nav_canceled,0
78.000,nav_rejected,0
78.000,run_seed,2
79.000,anomalies_detected,0
79.000,anomalies_unique,0
79.000,investigation_timeouts,0
79.000,mission_duration_s,34.944
79.000,distance_traveled_m,8.908801824927451
79.000,route_deviations,0
79.000,investigation_time_s,0.0
79.000,hazard_avoidances,0
79.000,min_hazard_distance_m,5.784236281512918
79.000,collisions,0
79.000,time_below_clearance_s,0.0
79.000,safety_zone_violations,0
79.000,min_ttc_s,18.471975428772215
79.000,avoid_success,0
79.000,avoid_timeout,0
79.000,q_convergence,0.6718786818220268
79.000,update_residual,0.06718786818220268
79.000,investigation_deferred,0
79.000,nav_aborted,0
79.000,nav_canceled,0
79.000,nav_rejected,0
79.000,run_seed,2
80.000,anomalies_detected,0
80.000,anomalies_unique,0
80.000,investigation_timeouts,0
80.000,mission_duration_s,35.944
80.000,distance_traveled_m,9.170881822862317
80.000,route_deviations,0
80.000,investigation_time_s,0.0
80.000,hazard_avoidances,0
80.000,min_hazard_distance_m,5.641610712384987
80.000,collisions,0
80.000,time_below_clearance_s,0.0
80.000,safety_zone_violations,0
80.000,min_ttc_s,18.471975428772215
80.000,avoid_success,0
80.000,avoid_timeout,0
80.000,q_convergence,1.036368731562349
80.000,update_residual,0.10363687315623493
80.000,investigation_deferred,0
80.000,nav_aborted,0
80.000,nav_canceled,0
80.000,nav_rejected,0
80.000,run_seed,2
81.000,anomalies_detected,0
81.000,anomalies_unique,0
81.000,investigation_timeouts,0
81.000,mission_duration_s,36.944
81.000,distance_traveled_m,9.423601820569644
81.000,route_deviations,0
81.000,investigation_time_s,0.0
81.000,hazard_avoidances,0
81.000,min_hazard_distance_m,5.501680541306014
81.000,collisions,0
81.000,time_below_clearance_s,0.0
81.000,safety_zone_violations,0
81.000,min_ttc_s,18.471975428772215
81.000,avoid_success,0
81.000,avoid_timeout,0
81.000,q_convergence,0.8675884135138003
81.000,update_residual,0.08675884135138008
81.000,investigation_deferred,0
81.000,nav_aborted,0
81.000,nav_canceled,0
81.000,nav_rejected,0
81.000,run_seed,2
82.000,anomalies_detected,0
82.000,anomalies_unique,0
82.000,investigation_timeouts,0
82.000,mission_duration_s,37.944
82.000,distance_traveled_m,9.685681818617288
82.000,route_deviations,0
82.000,investigation_time_s,0.0
82.000,hazard_avoidances,0
82.000,min_hazard_distance_m,5.3708622117067115
82.000,collisions,0
82.000,time_below_clearance_s,0.0
82.000,safety_zone_violations,0
82.000,min_ttc_s,18.471975428772215
82.000,avoid_success,0
82.000,avoid_timeout,0
82.000,q_convergence,0.7558288509093758
82.000,update_residual,0.07558288509093758
82.000,investigation_deferred,0
82.000,nav_aborted,0
82.000,nav_canceled,0
82.000,nav_rejected,0
82.000,run_seed,2
83.000,anomalies_detected,0
83.000,anomalies_unique,0
83.000,investigation_timeouts,0
83.000,mission_duration_s,38.944
83.000,distance_traveled_m,9.947761816549091
83.000,route_deviations,0
83.000,investigation_time_s,0.0
83.000,hazard_avoidances,0
83.000,min_hazard_distance_m,5.250255594637832
83.000,collisions,0
83.000,time_below_clearance_s,0.0
83.000,safety_zone_violations,0
83.000,min_ttc_s,18.471975428772215
83.000,avoid_success,0
83.000,avoid_timeout,0
83.000,q_convergence,0.658541554468443
83.000,update_residual,0.06585415544684428
83.000,investigation_deferred,0
83.000,nav_aborted,0
83.000,nav_canceled,0
83.000,nav_rejected,0
83.000,run_seed,2
84.000,anomalies_detected,0
84.000,anomalies_unique,0
84.000,investigation_timeouts,0
84.000,mission_duration_s,39.944
84.000,distance_traveled_m,10.209841814473457
84.000,route_deviations,0
84.000,investigation_time_s,0.0
84.000,hazard_avoidances,0
84.000,min_hazard_distance_m,5.140090161208034
84.000,collisions,0
84.000,time_below_clearance_s,0.0
84.000,safety_zone_violations,0
84.000,min_ttc_s,18.471975428772215
84.000,avoid_success,0
84.000,avoid_timeout,0
84.000,q_convergence,1.0793738602788183
84.000,update_residual,0.10793738602788185
84.000,investigation_deferred,0
84.000,nav_aborted,0
84.000,nav_canceled,0
84.000,nav_rejected,0
84.000,run_seed,2
85.000,anomalies_detected,0
85.000,anomalies_unique,0
85.000,investigation_timeouts,0
85.000,mission_duration_s,40.944
85.000,distance_traveled_m,10.471921811473262
85.000,route_deviations,1
85.000,investigation_time_s,0.0
85.000,hazard_avoidances,1
85.000,min_hazard_distance_m,5.040873278731388
85.000,collisions,0
85.000,time_below_clearance_s,0.0
85.000,safety_zone_violations,0
85.000,min_ttc_s,18.471975428772215
85.000,avoid_success,0
85.000,avoid_timeout,0
85.000,q_convergence,1.4592778162881501
85.000,update_residual,0.12841956156122927
85.000,investigation_deferred,0
85.000,nav_aborted,0
85.000,nav_canceled,0
85.000,nav_rejected,0
85.000,run_seed,2
86.000,anomalies_detected,0
86.000,anomalies_unique,0
86.000,investigation_timeouts,0
86.000,mission_duration_s,41.944
86.000,distance_traveled_m,10.634942914887636
86.000,route_deviations,1
86.000,investigation_time_s,0.0
86.000,hazard_avoidances,1
86.000,min_hazard_distance_m,5.029199851970939
86.000,collisions,0
86.000,time_below_clearance_s,0.0
86.000,safety_zone_violations,0
86.000,min_ttc_s,18.471975428772215
86.000,avoid_success,0
86.000,avoid_timeout,0
86.000,q_convergence,2.883700378647009
86.000,update_residual,0.0035054246656375542
86.000,investigation_deferred,0
86.000,nav_aborted,0
86.000,nav_canceled,0
86.000,nav_rejected,0
86.000,run_seed,2
87.000,anomalies_detected,0
87.000,anomalies_unique,0
87.000,investigation_timeouts,0
87.000,mission_duration_s,42.944
87.000,distance_traveled_m,10.707441724428868
87.000,route_deviations,1
87.000,investigation_time_s,0.0
87.000,hazard_avoidances,1
87.000,min_hazard_distance_m,5.029199851970939
87.000,collisions,0
87.000,time_below_clearance_s,0.0
87.000,safety_zone_violations,0
87.000,min_ttc_s,18.471975428772215
87.000,avoid_success,0
87.000,avoid_timeout,0
87.000,q_convergence,2.9168637970483293
87.000,update_residual,0.00018908282550552082
87.000,investigation_deferred,0
87.000,nav_aborted,0
87.000,nav_canceled,0
87.000,nav_rejected,0
87.000,run_seed,2
88.000,anomalies_detected,0
88.000,anomalies_unique,0
88.000,investigation_timeouts,0
88.000,mission_duration_s,43.944
88.000,distance_traveled_m,10.902083289550056
88.000,route_deviations,1
88.000,investigation_time_s,0.0
88.000,hazard_avoidances,1
88.000,min_hazard_distance_m,5.029199851970939
88.000,collisions,0
88.000,time_below_clearance_s,0.0
88.000,safety_zone_violations,0
88.000,min_ttc_s,18.471975428772215
88.000,avoid_success,0
88.000,avoid_timeout,0
88.000,q_convergence,3.1557963776174494
88.000,update_residual,0.013735544497669899
88.000,investigation_deferred,0
88.000,nav_aborted,0
88.000,nav_canceled,0
88.000,nav_rejected,0
88.000,run_seed,2
89.000,anomalies_detected,0
89.000,anomalies_unique,0
89.000,investigation_timeouts,0
89.000,mission_duration_s,44.944
89.000,distance_traveled_m,11.164162992050953
89.000,route_deviations,1
89.000,investigation_time_s,0.0
89.000,hazard_avoidances,1
89.000,min_hazard_distance_m,5.029199851970939
89.000,collisions,0
89.000,time_below_clearance_s,0.0
89.000,safety_zone_violations,0
89.000,min_ttc_s,18.471975428772215
89.000,avoid_success,0
89.000,avoid_timeout,0
89.000,q_convergence,2.997592581823919
89.000,update_residual,0.0156265950826387
89.000,investigation_deferred,0
89.000,nav_aborted,0
89.000,nav_canceled,0
89.000,nav_rejected,0
89.000,run_seed,2
90.000,anomalies_detected,0
90.000,anomalies_unique,0
90.000,investigation_timeouts,0
90.000,mission_duration_s,45.944
90.000,distance_traveled_m,11.416882990558044
90.000,route_deviations,1
90.000,investigation_time_s,0.0
90.000,hazard_avoidances,1
90.000,min_hazard_distance_m,5.029199851970939
90.000,collisions,0
90.000,time_below_clearance_s,0.0
90.000,safety_zone_violations,0
90.000,min_ttc_s,18.471975428772215
90.000,avoid_success,0
90.000,avoid_timeout,0
90.000,q_convergence,2.8495047725463083
90.000,update_residual,0.0008178141548775989
90.000,investigation_deferred,0
90.000,nav_aborted,0
90.000,nav_canceled,0
90.000,nav_rejected,0
90.000,run_seed,2
91.000,anomalies_detected,0
91.000,anomalies_unique,0
91.000,investigation_timeouts,0
91.000,mission_duration_s,46.944
91.000,distance_traveled_m,11.678962965515069
91.000,route_deviations,1
91.000,investigation_time_s,0.0
91.000,hazard_avoidances,1
91.000,min_hazard_distance_m,5.029199851970939
91.000,collisions,0
91.000,time_below_clearance_s,0.0
91.000,safety_zone_violations,0
91.000,min_ttc_s,18.471975428772215
91.000,avoid_success,0
91.000,avoid_timeout,0
91.000,q_convergence,1.9407021833930853
91.000,update_residual,0.05060894218054689
91.000,investigation_deferred,0
91.000,nav_aborted,0
91.000,nav_canceled,0
91.000,nav_rejected,0
91.000,run_seed,2
92.000,anomalies_detected,0
92.000,anomalies_unique,0
92.000,investigation_timeouts,0
92.000,mission_duration_s,47.944
92.000,distance_traveled_m,11.941042963561493
92.000,route_deviations,1
92.000,investigation_time_s,0.0
92.000,hazard_avoidances,1
92.000,min_hazard_distance_m,5.029199851970939
92.000,collisions,0
92.000,time_below_clearance_s,0.0
92.000,safety_zone_violations,0
92.000,min_ttc_s,18.471975428772215
92.000,avoid_success,0
92.000,avoid_timeout,0
92.000,q_convergence,2.1445236413234654
92.000,update_residual,0.009166515042774798
92.000,investigation_deferred,0
92.000,nav_aborted,0
92.000,nav_canceled,0
92.000,nav_rejected,0
92.000,run_seed,2
93.000,anomalies_detected,0
93.000,anomalies_unique,0
93.000,investigation_timeouts,0
93.000,mission_duration_s,48.944
93.000,distance_traveled_m,12.20312290527282
93.000,route_deviations,1
93.000,investigation_time_s,0.0
93.000,hazard_avoidances,1
93.000,min_hazard_distance_m,5.029199851970939
93.000,collisions,0
93.000,time_below_clearance_s,0.0
93.000,safety_zone_violations,0
93.000,min_ttc_s,18.471975428772215
93.000,avoid_success,0
93.000,avoid_timeout,0
93.000,q_convergence,1.5034398472145833
93.000,update_residual,0.055043108431206016
93.000,investigation_deferred,0
93.000,nav_aborted,0
93.000,nav_canceled,0
93.000,nav_rejected,0
93.000,run_seed,2
94.000,anomalies_detected,0
94.000,anomalies_unique,0
94.000,investigation_timeouts,0
94.000,mission_duration_s,49.944
94.000,distance_traveled_m,12.370980412810745
94.000,route_deviations,1
94.000,investigation_time_s,0.0
94.000,hazard_avoidances,1
94.000,min_hazard_distance_m,5.029199851970939
94.000,collisions,0
94.000,time_below_clearance_s,0.0
94.000,safety_zone_violations,0
94.000,min_ttc_s,18.471975428772215
94.000,avoid_success,1
94.000,avoid_timeout,0
94.000,q_convergence,1.795663775274774
94.000,update_residual,0.005073405801341461
94.000,investigation_deferred,0
94.000,nav_aborted,0
94.000,nav_canceled,0
94.000,nav_rejected,0
94.000,run_seed,2
95.000,anomalies_detected,0
95.000,anomalies_unique,0
95.000,investigation_timeouts,0
95.000,mission_duration_s,50.944
95.000,distance_traveled_m,12.512082075330845
95.000,route_deviations,1
95.000,investigation_time_s,0.0
95.000,hazard_avoidances,1
95.000,min_hazard_distance_m,5.029199851970939
95.000,collisions,0
95.000,time_below_clearance_s,0.0
95.000,safety_zone_violations,0
95.000,min_ttc_s,15.43169345391454
95.000,avoid_success,1
95.000,avoid_timeout,0
95.000,q_convergence,1.574431623528706
95.000,update_residual,0.009124136385655023
95.000,investigation_deferred,0
95.000,nav_aborted,0
95.000,nav_canceled,0
95.000,nav_rejected,0
95.000,run_seed,2
96.000,anomalies_detected,0
96.000,anomalies_unique,0
96.000,investigation_timeouts,0
96.000,mission_duration_s,51.944
96.000,distance_traveled_m,12.600915240368993
96.000,route_deviations,1
96.000,investigation_time_s,0.0
96.000,hazard_avoidances,1
96.000,min_hazard_distance_m,5.029199851970939
96.000,collisions,0
96.000,time_below_clearance_s,0.0
96.000,safety_zone_violations,0
96.000,min_ttc_s,15.43169345391454
96.000,avoid_success,1
96.000,avoid_timeout,0
96.000,q_convergence,1.3432412375972431
96.000,update_residual,0.00825295168759107
96.000,investigation_deferred,0
96.000,nav_aborted,0
96.000,nav_canceled,0
96.000,nav_rejected,0
96.000,run_seed,2
97.000,anomalies_detected,0
97.000,anomalies_unique,0
97.000,investigation_timeouts,0
97.000,mission_duration_s,52.944
97.000,distance_traveled_m,12.806768697667795
97.000,route_deviations,1
97.000,investigation_time_s,0.0
97.000,hazard_avoidances,1
97.000,min_hazard_distance_m,5.029199851970939
97.000,collisions,0
97.000,time_below_clearance_s,0.0
97.000,safety_zone_violations,0
97.000,min_ttc_s,15.43169345391454
97.000,avoid_success,1
97.000,avoid_timeout,0
97.000,q_convergence,1.0547639880267292
97.000,update_residual,0.003133127746293007
97.000,investigation_deferred,0
97.000,nav_aborted,0
97.000,nav_canceled,0
97.000,nav_rejected,0
97.000,run_seed,2
98.000,anomalies_detected,0
98.000,anomalies_unique,0
98.000,investigation_timeouts,0
98.000,mission_duration_s,53.944
98.000,distance_traveled_m,13.068848300452728
98.000,route_deviations,1
98.000,investigation_time_s,0.0
98.000,hazard_avoidances,1
98.000,min_hazard_distance_m,5.029199851970939
98.000,collisions,0
98.000,time_below_clearance_s,0.0
98.000,safety_zone_violations,0
98.000,min_ttc_s,15.43169345391454
98.000,avoid_success,1
98.000,avoid_timeout,0
98.000,q_convergence,1.0701957134178919
98.000,update_residual,0.00014092491952402995
98.000,investigation_deferred,0
98.000,nav_aborted,0
98.000,nav_canceled,0
98.000,nav_rejected,0
98.000,run_seed,2
99.000,anomalies_detected,0
99.000,anomalies_unique,0
99.000,investigation_timeouts,0
99.000,mission_duration_s,54.944
99.000,distance_traveled_m,13.321568296177286
99.000,route_deviations,1
99.000,investigation_time_s,0.0
99.000,hazard_avoidances,1
99.000,min_hazard_distance_m,5.029199851970939
99.000,collisions,0
99.000,time_below_clearance_s,0.0
99.000,safety_zone_violations,0
99.000,min_ttc_s,15.43169345391454
99.000,avoid_success,1
99.000,avoid_timeout,0
99.000,q_convergence,1.0038294993083583
99.000,update_residual,0.0092965281087196
99.000,investigation_deferred,0
99.000,nav_aborted,0
99.000,nav_canceled,0
99.000,nav_rejected,0
99.000,run_seed,2
100.000,anomalies_detected,0
100.000,anomalies_unique,0
100.000,investigation_timeouts,0
100.000,mission_duration_s,55.944
100.000,distance_traveled_m,13.583648294836191
100.000,route_deviations,1
100.000,investigation_time_s,0.0
100.000,hazard_avoidances,1
100.000,min_hazard_distance_m,5.029199851970939
100.000,collisions,0
100.000,time_below_clearance_s,0.0
100.000,safety_zone_violations,0
100.000,min_ttc_s,15.43169345391454
100.000,avoid_success,1
100.000,avoid_timeout,0
100.000,q_convergence,0.9883869882503222
100.000,update_residual,0.007752277002915997
100.000,investigation_deferred,0
100.000,nav_aborted,0
100.000,nav_canceled,0
100.000,nav_rejected,0
100.000,run_seed,2
101.000,anomalies_detected,0
101.000,anomalies_unique,0
101.000,investigation_timeouts,0
101.000,mission_duration_s,56.944
101.000,distance_traveled_m,13.84572829441344
101.000,route_deviations,1
101.000,investigation_time_s,0.0
101.000,hazard_avoidances,1
101.000,min_hazard_distance_m,5.029199851970939
101.000,collisions,0
101.000,time_below_clearance_s,0.0
101.000,safety_zone_violations,0
101.000,min_ttc_s,15.43169345391454
101.000,avoid_success,1
101.000,avoid_timeout,0
101.000,q_convergence,0.9695735110387516
101.000,update_residual,0.019533892555076343
101.000,investigation_deferred,0
101.000,nav_aborted,0
101.000,nav_canceled,0
101.000,nav_rejected,0
101.000,run_seed,2
102.000,anomalies_detected,0
102.000,anomalies_unique,0
102.000,investigation_timeouts,0
102.000,mission_duration_s,57.944
102.000,distance_traveled_m,14.107808294329132
102.000,route_deviations,1
102.000,investigation_time_s,0.0
102.000,hazard_avoidances,1
102.000,min_hazard_distance_m,5.029199851970939
102.000,collisions,0
102.000,time_below_clearance_s,0.0
102.000,safety_zone_violations,0
102.000,min_ttc_s,15.43169345391454
102.000,avoid_success,1
102.000,avoid_timeout,0
102.000,q_convergence,0.9439944638844714
102.000,update_residual,0.016975987839648356
102.000,investigation_deferred,0
102.000,nav_aborted,0
102.000,nav_canceled,0
102.000,nav_rejected,0
102.000,run_seed,2
103.000,anomalies_detected,0
103.000,anomalies_unique,0
103.000,investigation_timeouts,0
103.000,mission_duration_s,58.944
103.000,distance_traveled_m,14.369888294257926
103.000,route_deviations,1
103.000,investigation_time_s,0.0
103.000,hazard_avoidances,1
103.000,min_hazard_distance_m,5.029199851970939
103.000,collisions,0
103.000,time_below_clearance_s,0.0
103.000,safety_zone_violations,0
103.000,min_ttc_s,15.43169345391454
103.000,avoid_success,1
103.000,avoid_timeout,0
103.000,q_convergence,0.9539127673435714
103.000,update_residual,0.034282046951198096
103.000,investigation_deferred,0
103.000,nav_aborted,0
103.000,nav_canceled,0
103.000,nav_rejected,0
103.000,run_seed,2
104.000,anomalies_detected,0
104.000,anomalies_unique,0
104.000,investigation_timeouts,0
104.000,mission_duration_s,59.944
104.000,distance_traveled_m,14.622608294208806
104.000,route_deviations,1
104.000,investigation_time_s,0.0
104.000,hazard_avoidances,1
104.000,min_hazard_distance_m,5.029199851970939
104.000,collisions,0
104.000,time_below_clearance_s,0.0
104.000,safety_zone_violations,0
104.000,min_ttc_s,15.43169345391454
104.000,avoid_success,1
104.000,avoid_timeout,0
104.000,q_convergence,0.9424568390413024
104.000,update_residual,0.038307235102623106
104.000,investigation_deferred,0
104.000,nav_aborted,0
104.000,nav_canceled,0
104.000,nav_rejected,0
104.000,run_seed,2
105.000,anomalies_detected,0
105.000,anomalies_unique,0
105.000,investigation_timeouts,0
105.000,mission_duration_s,60.944
105.000,distance_traveled_m,14.884688294163706
105.000,route_deviations,1
105.000,investigation_time_s,0.0
105.000,hazard_avoidances,1
105.000,min_hazard_distance_m,5.029199851970939
105.000,collisions,0
105.000,time_below_clearance_s,0.0
105.000,safety_zone_violations,0
105.000,min_ttc_s,15.43169345391454
105.000,avoid_success,1
105.000,avoid_timeout,0
105.000,q_convergence,0.8931108614675032
105.000,update_residual,0.033372637345243185
105.000,investigation_deferred,0
105.000,nav_aborted,0
105.000,nav_canceled,0
105.000,nav_rejected,0
105.000,run_seed,2
106.000,anomalies_detected,0
106.000,anomalies_unique,0
106.000,investigation_timeouts,0
106.000,mission_duration_s,61.944
106.000,distance_traveled_m,15.146768294117688
106.000,route_deviations,1
106.000,investigation_time_s,0.0
106.000,hazard_avoidances,1
106.000,min_hazard_distance_m,5.029199851970939
106.000,collisions,0
106.000,time_below_clearance_s,0.0
106.000,safety_zone_violations,0
106.000,min_ttc_s,15.43169345391454
106.000,avoid_success,1
106.000,avoid_timeout,0
106.000,q_convergence,0.8447290972227179
106.000,update_residual,0.036925228240990725
106.000,investigation_deferred,0
106.000,nav_aborted,0
106.000,nav_canceled,0
106.000,nav_rejected,0
106.000,run_seed,2
107.000,anomalies_detected,0
107.000,anomalies_unique,0
107.000,investigation_timeouts,0
107.000,mission_duration_s,62.944
107.000,distance_traveled_m,15.408848294039664
107.000,route_deviations,1
107.000,investigation_time_s,0.0
107.000,hazard_avoidances,1
107.000,min_hazard_distance_m,5.029199851970939
107.000,collisions,0
107.000,time_below_clearance_s,0.0
107.000,safety_zone_violations,0
107.000,min_ttc_s,15.43169345391454
107.000,avoid_success,1
107.000,avoid_timeout,0
107.000,q_convergence,1.0116832740121207
107.000,update_residual,0.06363962166062952
107.000,investigation_deferred,0
107.000,nav_aborted,0
107.000,nav_canceled,0
107.000,nav_rejected,0
107.000,run_seed,2
108.000,anomalies_detected,0
108.000,anomalies_unique,0
108.000,investigation_timeouts,0
108.000,mission_duration_s,63.944
108.000,distance_traveled_m,15.661568293989244
108.000,route_deviations,1
108.000,investigation_time_s,0.0
108.000,hazard_avoidances,1
108.000,min_hazard_distance_m,5.029199851970939
108.000,collisions,0
108.000,time_below_clearance_s,0.0
108.000,safety_zone_violations,0
108.000,min_ttc_s,15.43169345391454
108.000,avoid_success,1
108.000,avoid_timeout,0
108.000,q_convergence,0.9007836058820511
108.000,update_residual,0.049662831329116246
108.000,investigation_deferred,0
108.000,nav_aborted,0
108.000,nav_canceled,0
108.000,nav_rejected,0
108.000,run_seed,2
109.000,anomalies_detected,0
109.000,anomalies_unique,0
109.000,investigation_timeouts,0
109.000,mission_duration_s,64.944
109.000,distance_traveled_m,15.923648293941866
109.000,route_deviations,1
109.000,investigation_time_s,0.0
109.000,hazard_avoidances,1
109.000,min_hazard_distance_m,5.029199851970939
109.000,collisions,0
109.000,time_below_clearance_s,0.0
109.000,safety_zone_violations,0
109.000,min_ttc_s,15.43169345391454
109.000,avoid_success,1
109.000,avoid_timeout,0
109.000,q_convergence,0.833028624639796
109.000,update_residual,0.04894966259375402
109.000,investigation_deferred,0
109.000,nav_aborted,0
109.000,nav_canceled,0
109.000,nav_rejected,0
109.000,run_seed,2
110.000,anomalies_detected,0
110.000,anomalies_unique,0
110.000,investigation_timeouts,0
110.000,mission_duration_s,65.944
110.000,distance_traveled_m,16.1857282938964
110.000,route_deviations,1
110.000,investigation_time_s,0.0
110.000,hazard_avoidances,1
110.000,min_hazard_distance_m,5.029199851970939
110.000,collisions,0
110.000,time_below_clearance_s,0.0
110.000,safety_zone_violations,0
110.000,min_ttc_s,15.43169345391454
110.000,avoid_success,1
110.000,avoid_timeout,0
110.000,q_convergence,0.7700225574631779
110.000,update_residual,0.042649055876092246
110.000,investigation_deferred,0
110.000,nav_aborted,0
110.000,nav_canceled,0
110.000,nav_rejected,0
110.000,run_seed,2
111.000,anomalies_detected,0
111.000,anomalies_unique,0
111.000,investigation_timeouts,0
111.000,mission_duration_s,66.944
111.000,distance_traveled_m,16.44780829385027
111.000,route_deviations,1
111.000,investigation_time_s,0.0
111.000,hazard_avoidances,1
111.000,min_hazard_distance_m,5.029199851970939
111.000,collisions,0
111.000,time_below_clearance_s,0.0
111.000,safety_zone_violations,0
111.000,min_ttc_s,15.43169345391454
111.000,avoid_success,1
111.000,avoid_timeout,0
111.000,q_convergence,1.0718476319117822
111.000,update_residual,0.08007027329360732
111.000,investigation_deferred,0
111.000,nav_aborted,0
111.000,nav_canceled,0
111.000,nav_rejected,0
111.000,run_seed,2
112.000,anomalies_detected,0
112.000,anomalies_unique,0
112.000,investigation_timeouts,0
112.000,mission_duration_s,67.944
112.000,distance_traveled_m,16.70988829380136
112.000,route_deviations,1
112.000,investigation_time_s,0.0
112.000,hazard_avoidances,1
112.000,min_hazard_distance_m,5.029199851970939
112.000,collisions,0
112.000,time_below_clearance_s,0.0
112.000,safety_zone_violations,0
112.000,min_ttc_s,15.43169345391454
112.000,avoid_success,1
112.000,avoid_timeout,0
112.000,q_convergence,0.8675623412016087
112.000,update_residual,0.061936047213922894
112.000,investigation_deferred,0
112.000,nav_aborted,0
112.000,nav_canceled,0
112.000,nav_rejected,0
112.000,run_seed,2
113.000,anomalies_detected,0
113.000,anomalies_unique,0
113.000,investigation_timeouts,0
113.000,mission_duration_s,68.944
113.000,distance_traveled_m,16.962608293754176
113.000,route_deviations,1
113.000,investigation_time_s,0.0
113.000,hazard_avoidances,1
113.000,min_hazard_distance_m,5.029199851970939
113.000,collisions,0
113.000,time_below_clearance_s,0.0
113.000,safety_zone_violations,0
113.000,min_ttc_s,15.43169345391454
113.000,avoid_success,1
113.000,avoid_timeout,0
113.000,q_convergence,0.7840514743955743
113.000,update_residual,0.05730798856925514
113.000,investigation_deferred,0
113.000,nav_aborted,0
113.000,nav_canceled,0
113.000,nav_rejected,0
113.000,run_seed,2
114.000,anomalies_detected,0
114.000,anomalies_unique,0
114.000,investigation_timeouts,0
114.000,mission_duration_s,69.944
114.000,distance_traveled_m,17.224688293707544
114.000,route_deviations,1
114.000,investigation_time_s,0.0
114.000,hazard_avoidances,1
114.000,min_hazard_distance_m,5.029199851970939
114.000,collisions,0
114.000,time_below_clearance_s,0.0
114.000,safety_zone_violations,0
114.000,min_ttc_s,15.43169345391454
114.000,avoid_success,1
114.000,avoid_timeout,0
114.000,q_convergence,0.9251941291172578
114.000,update_residual,0.07298500655033478
114.000,investigation_deferred,0
114.000,nav_aborted,0
114.000,nav_canceled,0
114.000,nav_rejected,0
114.000,run_seed,2
115.000,anomalies_detected,0
115.000,anomalies_unique,0
115.000,investigation_timeouts,0
115.000,mission_duration_s,70.944
115.000,distance_traveled_m,17.486768293661676
115.000,route_deviations,1
115.000,investigation_time_s,0.0
115.000,hazard_avoidances,1
115.000,min_hazard_distance_m,5.029199851970939
115.000,collisions,0
115.000,time_below_clearance_s,0.0
115.000,safety_zone_violations,0
115.000,min_ttc_s,15.43169345391454
115.000,avoid_success,1
115.000,avoid_timeout,0
115.000,q_convergence,0.9322819212993865
115.000,update_residual,0.0752956070901817
115.000,investigation_deferred,0
115.000,nav_aborted,0
115.000,nav_canceled,0
115.000,nav_rejected,0
115.000,run_seed,2
116.000,anomalies_detected,0
116.000,anomalies_unique,0
116.000,investigation_timeouts,0
116.000,mission_duration_s,71.944
116.000,distance_traveled_m,17.74884829361377
116.000,route_deviations,1
116.000,investigation_time_s,0.0
116.000,hazard_avoidances,1
116.000,min_hazard_distance_m,5.029199851970939
116.000,collisions,0
116.000,time_below_clearance_s,0.0
116.000,safety_zone_violations,0
116.000,min_ttc_s,15.43169345391454
116.000,avoid_success,1
116.000,avoid_timeout,0
116.000,q_convergence,0.8336845793287827
116.000,update_residual,0.06543587289312132
116.000,investigation_deferred,0
116.000,nav_aborted,0
116.000,nav_canceled,0
116.000,nav_rejected,0
116.000,run_seed,2
117.000,anomalies_detected,0
117.000,anomalies_unique,0
117.000,investigation_timeouts,0
117.000,mission_duration_s,72.944
117.000,distance_traveled_m,18.001568293568027
117.000,route_deviations,1
117.000,investigation_time_s,0.0
117.000,hazard_avoidances,1
117.000,min_hazard_distance_m,5.029199851970939
117.000,collisions,0
117.000,time_below_clearance_s,0.0
117.000,safety_zone_violations,0
117.000,min_ttc_s,15.43169345391454
117.000,avoid_success,1
117.000,avoid_timeout,0
117.000,q_convergence,0.7462588680884297
117.000,update_residual,0.0593831895250496
117.000,investigation_deferred,0
117.000,nav_aborted,0
117.000,nav_canceled,0
117.000,nav_rejected,0
117.000,run_seed,2
118.000,anomalies_detected,0
118.000,anomalies_unique,0
118.000,investigation_timeouts,0
118.000,mission_duration_s,73.944
118.000,distance_traveled_m,18.26364829352209
118.000,route_deviations,1
118.000,investigation_time_s,0.0
118.000,hazard_avoidances,1
118.000,min_hazard_distance_m,5.029199851970939
118.000,collisions,0
118.000,time_below_clearance_s,0.0
118.000,safety_zone_violations,0
118.000,min_ttc_s,15.43169345391454
118.000,avoid_success,1
118.000,avoid_timeout,0
118.000,q_convergence,0.9635248102919797
118.000,update_residual,0.08223887243309297
118.000,investigation_deferred,0
118.000,nav_aborted,0
118.000,nav_canceled,0
118.000,nav_rejected,0
118.000,run_seed,2
119.000,anomalies_detected,0
119.000,anomalies_unique,0
119.000,investigation_timeouts,0
119.000,mission_duration_s,74.944
119.000,distance_traveled_m,18.525728293470404
119.000,route_deviations,1
119.000,investigation_time_s,0.0
119.000,hazard_avoidances,1
119.000,min_hazard_distance_m,5.029199851970939
119.000,collisions,0
119.000,time_below_clearance_s,0.0
119.000,safety_zone_violations,0
119.000,min_ttc_s,15.43169345391454
119.000,avoid_success,1
119.000,avoid_timeout,0
119.000,q_convergence,0.9125526430493726
119.000,update_residual,0.07829897161371288
119.000,investigation_deferred,0
119.000,nav_aborted,0
119.000,nav_canceled,0
119.000,nav_rejected,0
119.000,run_seed,2
120.000,anomalies_detected,0
120.000,anomalies_unique,0
120.000,investigation_timeouts,0
120.000,mission_duration_s,75.944
120.000,distance_traveled_m,18.787808293422668
120.000,route_deviations,1
120.000,investigation_time_s,0.0
120.000,hazard_avoidances,1
120.000,min_hazard_distance_m,5.029199851970939
120.000,collisions,0
120.000,time_below_clearance_s,0.0
120.000,safety_zone_violations,0
120.000,min_ttc_s,15.43169345391454
120.000,avoid_success,1
120.000,avoid_timeout,0
120.000,q_convergence,0.8100224852023483
120.000,update_residual,0.06804595582901043
120.000,investigation_deferred,0
120.000,nav_aborted,0
120.000,nav_canceled,0
120.000,nav_rejected,0
120.000,run_seed,2
121.000,anomalies_detected,0
121.000,anomalies_unique,0
121.000,investigation_timeouts,0
121.000,mission_duration_s,76.944
121.000,distance_traveled_m,19.049888293354684
121.000,route_deviations,1
121.000,investigation_time_s,0.0
121.000,hazard_avoidances,1
121.000,min_hazard_distance_m,5.029199851970939
121.000,collisions,0
121.000,time_below_clearance_s,0.0
121.000,safety_zone_violations,0
121.000,min_ttc_s,15.43169345391454
121.000,avoid_success,1
121.000,avoid_timeout,0
121.000,q_convergence,0.7196616308914842
121.000,update_residual,0.06095331430160768
121.000,investigation_deferred,0
121.000,nav_aborted,0
121.000,nav_canceled,0
121.000,nav_rejected,0
121.000,run_seed,2
122.000,anomalies_detected,0
122.000,anomalies_unique,0
122.000,investigation_timeouts,0
122.000,mission_duration_s,77.944
122.000,distance_traveled_m,19.302608293286386
122.000,route_deviations,1
122.000,investigation_time_s,0.0
122.000,hazard_avoidances,1
122.000,min_hazard_distance_m,5.029199851970939
122.000,collisions,0
122.000,time_below_clearance_s,0.0
122.000,safety_zone_violations,0
122.000,min_ttc_s,15.43169345391454
122.000,avoid_success,1
122.000,avoid_timeout,0
122.000,q_convergence,1.0044336370806886
122.000,update_residual,0.09175107948647422
122.000,investigation_deferred,0
122.000,nav_aborted,0
122.000,nav_canceled,0
122.000,nav_rejected,0
122.000,run_seed,2
123.000,anomalies_detected,0
123.000,anomalies_unique,0
123.000,investigation_timeouts,0
123.000,mission_duration_s,78.944
123.000,distance_traveled_m,19.564688293234422
123.000,route_deviations,1
123.000,investigation_time_s,0.0
123.000,hazard_avoidances,1
123.000,min_hazard_distance_m,5.029199851970939
123.000,collisions,0
123.000,time_below_clearance_s,0.0
123.000,safety_zone_violations,0
123.000,min_ttc_s,15.43169345391454
123.000,avoid_success,1
123.000,avoid_timeout,0
123.000,q_convergence,0.8889780838208611
123.000,update_residual,0.08094102513308796
123.000,investigation_deferred,0
123.000,nav_aborted,0
123.000,nav_canceled,0
123.000,nav_rejected,0
123.000,run_seed,2
124.000,anomalies_detected,0
124.000,anomalies_unique,0
124.000,investigation_timeouts,0
124.000,mission_duration_s,79.944
124.000,distance_traveled_m,19.826768293171842
124.000,route_deviations,1
124.000,investigation_time_s,0.0
124.000,hazard_avoidances,1
124.000,min_hazard_distance_m,5.029199851970939
124.000,collisions,0
124.000,time_below_clearance_s,0.0
124.000,safety_zone_violations,0
124.000,min_ttc_s,15.43169345391454
124.000,avoid_success,1
124.000,avoid_timeout,0
124.000,q_convergence,0.784022222533479
124.000,update_residual,0.07163895649169946
124.000,investigation_deferred,0
124.000,nav_aborted,0
124.000,nav_canceled,0
124.000,nav_rejected,0
124.000,run_seed,2
125.000,anomalies_detected,0
125.000,anomalies_unique,0
125.000,investigation_timeouts,0
125.000,mission_duration_s,80.944
125.000,distance_traveled_m,20.088848293104082
125.000,route_deviations,1
125.000,investigation_time_s,0.0
125.000,hazard_avoidances,1
125.000,min_hazard_distance_m,5.029199851970939
125.000,collisions,0
125.000,time_below_clearance_s,0.0
125.000,safety_zone_violations,0
125.000,min_ttc_s,15.43169345391454
125.000,avoid_success,1
125.000,avoid_timeout,0
125.000,q_convergence,0.6902131549849643
125.000,update_residual,0.06225804973684797
125.000,investigation_deferred,0
125.000,nav_aborted,0
125.000,nav_canceled,0
125.000,nav_rejected,0
125.000,run_seed,2
126.000,anomalies_detected,0
126.000,anomalies_unique,0
126.000,investigation_timeouts,0
126.000,mission_duration_s,81.944
126.000,distance_traveled_m,20.34156829303804
126.000,route_deviations,1
126.000,investigation_time_s,0.0
126.000,hazard_avoidances,1
126.000,min_hazard_distance_m,5.029199851970939
126.000,collisions,0
126.000,time_below_clearance_s,0.0
126.000,safety_zone_violations,0
126.000,min_ttc_s,15.43169345391454
126.000,avoid_success,1
126.000,avoid_timeout,0
126.000,q_convergence,1.048526804799359
126.000,update_residual,0.09951453143234912
126.000,investigation_deferred,0
126.000,nav_aborted,0
126.000,nav_canceled,0
126.000,nav_rejected,0
126.000,run_seed,2
127.000,anomalies_detected,0
127.000,anomalies_unique,0
127.000,investigation_timeouts,0
127.000,mission_duration_s,82.944
127.000,distance_traveled_m,20.60364829293375
127.000,route_deviations,1
127.000,investigation_time_s,0.0
127.000,hazard_avoidances,1
127.000,min_hazard_distance_m,5.029199851970939
127.000,collisions,0
127.000,time_below_clearance_s,0.0
127.000,safety_zone_violations,0
127.000,min_ttc_s,15.43169345391454
127.000,avoid_success,1
127.000,avoid_timeout,0
127.000,q_convergence,0.8690285714739082
127.000,update_residual,0.08115408124998964
127.000,investigation_deferred,0
127.000,nav_aborted,0
127.000,nav_canceled,0
127.000,nav_rejected,0
127.000,run_seed,2
128.000,anomalies_detected,0
128.000,anomalies_unique,0
128.000,investigation_timeouts,0
128.000,mission_duration_s,83.944
128.000,distance_traveled_m,20.86572829283651
128.000,route_deviations,1
128.000,investigation_time_s,0.0
128.000,hazard_avoidances,1
128.000,min_hazard_distance_m,5.029199851970939
128.000,collisions,0
128.000,time_below_clearance_s,0.0
128.000,safety_zone_violations,0
128.000,min_ttc_s,15.43169345391454
128.000,avoid_success,1
128.000,avoid_timeout,0
128.000,q_convergence,0.7640126415123177
128.000,update_residual,0.07151480463844075
128.000,investigation_deferred,0
128.000,nav_aborted,0
128.000,nav_canceled,0
128.000,nav_rejected,0
128.000,run_seed,2
129.000,anomalies_detected,0
129.000,anomalies_unique,0
129.000,investigation_timeouts,0
129.000,mission_duration_s,84.944
129.000,distance_traveled_m,21.127808292616496
129.000,route_deviations,1
129.000,investigation_time_s,0.0
129.000,hazard_avoidances,1
129.000,min_hazard_distance_m,5.029199851970939
129.000,collisions,0
129.000,time_below_clearance_s,0.0
129.000,safety_zone_violations,0
129.000,min_ttc_s,15.43169345391454
129.000,avoid_success,1
129.000,avoid_timeout,0
129.000,q_convergence,0.669892178208748
129.000,update_residual,0.06283572723500243
129.000,investigation_deferred,0
129.000,nav_aborted,0
129.000,nav_canceled,0
129.000,nav_rejected,0
129.000,run_seed,2
130.000,anomalies_detected,0
130.000,anomalies_unique,0
130.000,investigation_timeouts,0
130.000,mission_duration_s,85.944
130.000,distance_traveled_m,21.38988829239446
130.000,route_deviations,1
130.000,investigation_time_s,0.0
130.000,hazard_avoidances,1
130.000,min_hazard_distance_m,5.029199851970939
130.000,collisions,0
130.000,time_below_clearance_s,0.0
130.000,safety_zone_violations,0
130.000,min_ttc_s,15.43169345391454
130.000,avoid_success,1
130.000,avoid_timeout,0
130.000,q_convergence,1.091862055791276
130.000,update_residual,0.10532939289224616
130.000,investigation_deferred,0
130.000,nav_aborted,0
130.000,nav_canceled,0
130.000,nav_rejected,0
130.000,run_seed,2
131.000,anomalies_detected,0
131.000,anomalies_unique,0
131.000,investigation_timeouts,0
131.000,mission_duration_s,86.944
131.000,distance_traveled_m,21.642608291776664
131.000,route_deviations,1
131.000,investigation_time_s,0.0
131.000,hazard_avoidances,1
131.000,min_hazard_distance_m,5.029199851970939
131.000,collisions,0
131.000,time_below_clearance_s,0.0
131.000,safety_zone_violations,0
131.000,min_ttc_s,15.43169345391454
131.000,avoid_success,1
131.000,avoid_timeout,0
131.000,q_convergence,0.8480484077765055
131.000,update_residual,0.08127437377965906
131.000,investigation_deferred,0
131.000,nav_aborted,0
131.000,nav_canceled,0
131.000,nav_rejected,0
131.000,run_seed,2
132.000,anomalies_detected,0
132.000,anomalies_unique,0
132.000,investigation_timeouts,0
132.000,mission_duration_s,87.944
132.000,distance_traveled_m,21.90468829109354
132.000,route_deviations,1
132.000,investigation_time_s,0.0
132.000,hazard_avoidances,1
132.000,min_hazard_distance_m,5.029199851970939
132.000,collisions,0
132.000,time_below_clearance_s,0.0
132.000,safety_zone_violations,0
132.000,min_ttc_s,15.43169345391454
132.000,avoid_success,1
132.000,avoid_timeout,0
132.000,q_convergence,0.7430234369065499
132.000,update_residual,0.07130144674236222
132.000,investigation_deferred,0
132.000,nav_aborted,0
132.000,nav_canceled,0
132.000,nav_rejected,0
132.000,run_seed,2
133.000,anomalies_detected,0
133.000,anomalies_unique,0
133.000,investigation_timeouts,0
133.000,mission_duration_s,88.944
133.000,distance_traveled_m,22.1667682890803
133.000,route_deviations,1
133.000,investigation_time_s,0.0
133.000,hazard_avoidances,1
133.000,min_hazard_distance_m,5.029199851970939
133.000,collisions,0
133.000,time_below_clearance_s,0.0
133.000,safety_zone_violations,0
133.000,min_ttc_s,15.43169345391454
133.000,avoid_success,1
133.000,avoid_timeout,0
133.000,q_convergence,0.6512470383535486
133.000,update_residual,0.06212380688706208
133.000,investigation_deferred,0
133.000,nav_aborted,0
133.000,nav_canceled,0
133.000,nav_rejected,0
133.000,run_seed,2
134.000,anomalies_detected,0
134.000,anomalies_unique,0
134.000,investigation_timeouts,0
134.000,mission_duration_s,89.944
134.000,distance_traveled_m,22.428848282750334
134.000,route_deviations,1
134.000,investigation_time_s,0.0
134.000,hazard_avoidances,1
134.000,min_hazard_distance_m,5.029199851970939
134.000,collisions,0
134.000,time_below_clearance_s,0.0
134.000,safety_zone_violations,0
134.000,min_ttc_s,15.43169345391454
134.000,avoid_success,1
134.000,avoid_timeout,0
134.000,q_convergence,1.1348541934363898
134.000,update_residual,0.11111685425230787
134.000,investigation_deferred,0
134.000,nav_aborted,0
134.000,nav_canceled,0
134.000,nav_rejected,0
134.000,run_seed,2
135.000,anomalies_detected,0
135.000,anomalies_unique,0
135.000,investigation_timeouts,0
135.000,mission_duration_s,90.944
135.000,distance_traveled_m,22.68156827449508
135.000,route_deviations,1
135.000,investigation_time_s,0.0
135.000,hazard_avoidances,1
135.000,min_hazard_distance_m,5.029199851970939
135.000,collisions,0
135.000,time_below_clearance_s,0.0
135.000,safety_zone_violations,0
135.000,min_ttc_s,15.43169345391454
135.000,avoid_success,1
135.000,avoid_timeout,0
135.000,q_convergence,0.8293841580504139
135.000,update_residual,0.08077026775989989
135.000,investigation_deferred,0
135.000,nav_aborted,0
135.000,nav_canceled,0
135.000,nav_rejected,0
135.000,run_seed,2
136.000,anomalies_detected,0
136.000,anomalies_unique,0
136.000,investigation_timeouts,0
136.000,mission_duration_s,91.944
136.000,distance_traveled_m,22.94364823451075
136.000,route_deviations,1
136.000,investigation_time_s,0.0
136.000,hazard_avoidances,1
136.000,min_hazard_distance_m,5.029199851970939
136.000,collisions,0
136.000,time_below_clearance_s,0.0
136.000,safety_zone_violations,0
136.000,min_ttc_s,15.43169345391454
136.000,avoid_success,1
136.000,avoid_timeout,0
136.000,q_convergence,0.7253388566645965
136.000,update_residual,0.07036573762131813
136.000,investigation_deferred,0
136.000,nav_aborted,0
136.000,nav_canceled,0
136.000,nav_rejected,0
136.000,run_seed,2
137.000,anomalies_detected,0
137.000,anomalies_unique,0
137.000,investigation_timeouts,0
137.000,mission_duration_s,92.944
137.000,distance_traveled_m,23.205728209313666
137.000,route_deviations,1
137.000,investigation_time_s,0.0
137.000,hazard_avoidances,1
137.000,min_hazard_distance_m,5.029199851970939
137.000,collisions,0
137.000,time_below_clearance_s,0.0
137.000,safety_zone_violations,0
137.000,min_ttc_s,15.43169345391454
137.000,avoid_success,1
137.000,avoid_timeout,0
137.000,q_convergence,0.8921896777955853
137.000,update_residual,0.08750767950107184
137.000,investigation_deferred,0
137.000,nav_aborted,0
137.000,nav_canceled,0
137.000,nav_rejected,0
137.000,run_seed,2
138.000,anomalies_detected,0
138.000,anomalies_unique,0
138.000,investigation_timeouts,0
138.000,mission_duration_s,93.944
138.000,distance_traveled_m,23.46780819390158
138.000,route_deviations,1
138.000,investigation_time_s,0.0
138.000,hazard_avoidances,1
138.000,min_hazard_distance_m,5.029199851970939
138.000,collisions,0
138.000,time_below_clearance_s,0.0
138.000,safety_zone_violations,0
138.000,min_ttc_s,15.43169345391454
138.000,avoid_success,1
138.000,avoid_timeout,0
138.000,q_convergence,0.927369430783901
138.000,update_residual,0.09089401724001982
138.000,investigation_deferred,0
138.000,nav_aborted,0
138.000,nav_canceled,0
138.000,nav_rejected,0
138.000,run_seed,2
139.000,anomalies_detected,0
139.000,anomalies_unique,0
139.000,investigation_timeouts,0
139.000,mission_duration_s,94.944
139.000,distance_traveled_m,23.729888119710093
139.000,route_deviations,1
139.000,investigation_time_s,0.0
139.000,hazard_avoidances,1
139.000,min_hazard_distance_m,5.029199851970939
139.000,collisions,0
139.000,time_below_clearance_s,0.0
139.000,safety_zone_violations,0
139.000,min_ttc_s,15.43169345391454
139.000,avoid_success,1
139.000,avoid_timeout,0
139.000,q_convergence,0.8081676808430378
139.000,update_residual,0.07925028112168901
139.000,investigation_deferred,0
139.000,nav_aborted,0
139.000,nav_canceled,0
139.000,nav_rejected,0
139.000,run_seed,2
140.000,anomalies_detected,0
140.000,anomalies_unique,0
140.000,investigation_timeouts,0
140.000,mission_duration_s,95.944
140.000,distance_traveled_m,23.982608100056638
140.000,route_deviations,1
140.000,investigation_time_s,0.0
140.000,hazard_avoidances,1
140.000,min_hazard_distance_m,5.029199851970939
140.000,collisions,0
140.000,time_below_clearance_s,0.0
140.000,safety_zone_violations,0
140.000,min_ttc_s,15.43169345391454
140.000,avoid_success,1
140.000,avoid_timeout,0
140.000,q_convergence,0.7043918116922255
140.000,update_residual,0.06887269420660783
140.000,investigation_deferred,0
140.000,nav_aborted,0
140.000,nav_canceled,0
140.000,nav_rejected,0
140.000,run_seed,2
141.000,anomalies_detected,0
141.000,anomalies_unique,0
141.000,investigation_timeouts,0
141.000,mission_duration_s,96.944
141.000,distance_traveled_m,24.24468808812397
141.000,route_deviations,1
141.000,investigation_time_s,0.0
141.000,hazard_avoidances,1
141.000,min_hazard_distance_m,5.029199851970939
141.000,collisions,0
141.000,time_below_clearance_s,0.0
141.000,safety_zone_violations,0
141.000,min_ttc_s,15.43169345391454
141.000,avoid_success,1
141.000,avoid_timeout,0
141.000,q_convergence,0.9224156870827988
141.000,update_residual,0.0910086854506664
141.000,investigation_deferred,0
141.000,nav_aborted,0
141.000,nav_canceled,0
141.000,nav_rejected,0
141.000,run_seed,2
142.000,anomalies_detected,0
142.000,anomalies_unique,0
142.000,investigation_timeouts,0
142.000,mission_duration_s,97.944
142.000,distance_traveled_m,24.50676807828848
142.000,route_deviations,1
142.000,investigation_time_s,0.0
142.000,hazard_avoidances,1
142.000,min_hazard_distance_m,5.029199851970939
142.000,collisions,0
142.000,time_below_clearance_s,0.0
142.000,safety_zone_violations,0
142.000,min_ttc_s,15.43169345391454
142.000,avoid_success,1
142.000,avoid_timeout,0
142.000,q_convergence,0.9178770986157925
142.000,update_residual,0.09045619594335672
142.000,investigation_deferred,0
142.000,nav_aborted,0
142.000,nav_canceled,0
142.000,nav_rejected,0
142.000,run_seed,2
143.000,anomalies_detected,0
143.000,anomalies_unique,0
143.000,investigation_timeouts,0
143.000,mission_duration_s,98.944
143.000,distance_traveled_m,24.7688480726259
143.000,route_deviations,1
143.000,investigation_time_s,0.0
143.000,hazard_avoidances,1
143.000,min_hazard_distance_m,5.029199851970939
143.000,collisions,0
143.000,time_below_clearance_s,0.0
143.000,safety_zone_violations,0
143.000,min_ttc_s,15.43169345391454
143.000,avoid_success,1
143.000,avoid_timeout,0
143.000,q_convergence,0.7992982676531483
143.000,update_residual,0.07879803993482566
143.000,investigation_deferred,0
143.000,nav_aborted,0
143.000,nav_canceled,0
143.000,nav_rejected,0
143.000,run_seed,2
144.000,anomalies_detected,0
144.000,anomalies_unique,0
144.000,investigation_timeouts,0
144.000,mission_duration_s,99.944
144.000,distance_traveled_m,25.021568067088246
144.000,route_deviations,1
144.000,investigation_time_s,0.0
144.000,hazard_avoidances,1
144.000,min_hazard_distance_m,5.029199851970939
144.000,collisions,0
144.000,time_below_clearance_s,0.0
144.000,safety_zone_violations,0
144.000,min_ttc_s,15.43169345391454
144.000,avoid_success,1
144.000,avoid_timeout,0
144.000,q_convergence,0.6961145947894444
144.000,update_residual,0.06847967264845527
144.000,investigation_deferred,0
144.000,nav_aborted,0
144.000,nav_canceled,0
144.000,nav_rejected,0
144.000,run_seed,2
145.000,anomalies_detected,0
145.000,anomalies_unique,0
145.000,investigation_timeouts,0
145.000,mission_duration_s,100.944
145.000,distance_traveled_m,25.283648052178176
145.000,route_deviations,1
145.000,investigation_time_s,0.0
145.000,hazard_avoidances,1
145.000,min_hazard_distance_m,5.029199851970939
145.000,collisions,0
145.000,time_below_clearance_s,0.0
145.000,safety_zone_violations,0
145.000,min_ttc_s,15.43169345391454
145.000,avoid_success,1
145.000,avoid_timeout,0
145.000,q_convergence,0.9342225834948487
145.000,update_residual,0.09253150019585916
145.000,investigation_deferred,0
145.000,nav_aborted,0
145.000,nav_canceled,0
145.000,nav_rejected,0
145.000,run_seed,2
146.000,anomalies_detected,0
146.000,anomalies_unique,0
146.000,investigation_timeouts,0
146.000,mission_duration_s,101.944
146.000,distance_traveled_m,25.545727994252793
146.000,route_deviations,1
146.000,investigation_time_s,0.0
146.000,hazard_avoidances,1
146.000,min_hazard_distance_m,5.029199851970939
146.000,collisions,0
146.000,time_below_clearance_s,0.0
146.000,safety_zone_violations,0
146.000,min_ttc_s,15.43169345391454
146.000,avoid_success,1
146.000,avoid_timeout,0
146.000,q_convergence,0.9229226510047182
146.000,update_residual,0.09133024629455606
146.000,investigation_deferred,0
146.000,nav_aborted,0
146.000,nav_canceled,0
146.000,nav_rejected,0
146.000,run_seed,2
147.000,anomalies_detected,0
147.000,anomalies_unique,0
147.000,investigation_timeouts,0
147.000,mission_duration_s,102.944
147.000,distance_traveled_m,25.807807976660687
147.000,route_deviations,1
147.000,investigation_time_s,0.0
147.000,hazard_avoidances,1
147.000,min_hazard_distance_m,5.029199851970939
147.000,collisions,0
147.000,time_below_clearance_s,0.0
147.000,safety_zone_violations,0
147.000,min_ttc_s,15.43169345391454
147.000,avoid_success,1
147.000,avoid_timeout,0
147.000,q_convergence,0.822674524730096
147.000,update_residual,0.08144973648798118
147.000,investigation_deferred,0
147.000,nav_aborted,0
147.000,nav_canceled,0
147.000,nav_rejected,0
147.000,run_seed,2
148.000,anomalies_detected,0
148.000,anomalies_unique,0
148.000,investigation_timeouts,0
148.000,mission_duration_s,103.944
148.000,distance_traveled_m,26.069866869275735
148.000,route_deviations,1
148.000,investigation_time_s,0.0
148.000,hazard_avoidances,1
148.000,min_hazard_distance_m,5.029199851970939
148.000,collisions,0
148.000,time_below_clearance_s,0.0
148.000,safety_zone_violations,0
148.000,min_ttc_s,15.43169345391454
148.000,avoid_success,1
148.000,avoid_timeout,0
148.000,q_convergence,0.7160185346628053
148.000,update_residual,0.07078413748125212
148.000,investigation_deferred,0
148.000,nav_aborted,0
148.000,nav_canceled,0
148.000,nav_rejected,0
148.000,run_seed,2
149.000,anomalies_detected,0
149.000,anomalies_unique,0
149.000,investigation_timeouts,0
149.000,mission_duration_s,104.944
149.000,distance_traveled_m,26.306259186989838
149.000,route_deviations,1
149.000,investigation_time_s,0.0
149.000,hazard_avoidances,1
149.000,min_hazard_distance_m,5.029199851970939
149.000,collisions,0
149.000,time_below_clearance_s,0.0
149.000,safety_zone_violations,0
149.000,min_ttc_s,15.43169345391454
149.000,avoid_success,1
149.000,avoid_timeout,0
149.000,q_convergence,0.9257863229054358
149.000,update_residual,0.09193322074521759
149.000,investigation_deferred,0
149.000,nav_aborted,0
149.000,nav_canceled,0
149.000,nav_rejected,0
149.000,run_seed,2
150.000,anomalies_detected,0
150.000,anomalies_unique,0
150.000,investigation_timeouts,0
150.000,mission_duration_s,105.944
150.000,distance_traveled_m,26.385091164976576
150.000,route_deviations,1
150.000,investigation_time_s,0.0
150.000,hazard_avoidances,1
150.000,min_hazard_distance_m,5.029199851970939
150.000,collisions,0
150.000,time_below_clearance_s,0.0
150.000,safety_zone_violations,0
150.000,min_ttc_s,15.43169345391454
150.000,avoid_success,1
150.000,avoid_timeout,0
150.000,q_convergence,0.9149512273343061
150.000,update_residual,0.09090432293424759
150.000,investigation_deferred,0
150.000,nav_aborted,0
150.000,nav_canceled,0
150.000,nav_rejected,0
150.000,run_seed,2
151.000,anomalies_detected,0
151.000,anomalies_unique,0
151.000,investigation_timeouts,0
151.000,mission_duration_s,106.944
151.000,distance_traveled_m,26.423037442186153
151.000,route_deviations,1
151.000,investigation_time_s,0.0
151.000,hazard_avoidances,1
151.000,min_hazard_distance_m,5.029199851970939
151.000,collisions,0
151.000,time_below_clearance_s,0.0
151.000,safety_zone_violations,0
151.000,min_ttc_s,15.43169345391454
151.000,avoid_success,1
151.000,avoid_timeout,0
151.000,q_convergence,0.797885477421704
151.000,update_residual,0.07928636791286481
151.000,investigation_deferred,0
151.000,nav_aborted,0
151.000,nav_canceled,0
151.000,nav_rejected,0
151.000,run_seed,2
152.000,anomalies_detected,0
152.000,anomalies_unique,0
152.000,investigation_timeouts,0
152.000,mission_duration_s,107.944
152.000,distance_traveled_m,26.604988982523736
152.000,route_deviations,1
152.000,investigation_time_s,0.0
152.000,hazard_avoidances,1
152.000,min_hazard_distance_m,5.029199851970939
152.000,collisions,0
152.000,time_below_clearance_s,0.0
152.000,safety_zone_violations,0
152.000,min_ttc_s,15.43169345391454
152.000,avoid_success,1
152.000,avoid_timeout,0
152.000,q_convergence,0.6940623536988433
152.000,update_residual,0.06890405554057877
152.000,investigation_deferred,0
152.000,nav_aborted,0
152.000,nav_canceled,0
152.000,nav_rejected,0
152.000,run_seed,2
153.000,anomalies_detected,0
153.000,anomalies_unique,0
153.000,investigation_timeouts,0
153.000,mission_duration_s,108.944
153.000,distance_traveled_m,26.857708928588693
153.000,route_deviations,1
153.000,investigation_time_s,0.0
153.000,hazard_avoidances,1
153.000,min_hazard_distance_m,5.029199851970939
153.000,collisions,0
153.000,time_below_clearance_s,0.0
153.000,safety_zone_violations,0
153.000,min_ttc_s,15.43169345391454
153.000,avoid_success,1
153.000,avoid_timeout,0
153.000,q_convergence,0.6035098261807949
153.000,update_residual,0.060350982618079516
153.000,investigation_deferred,0
153.000,nav_aborted,0
153.000,nav_canceled,0
153.000,nav_rejected,0
153.000,run_seed,2
154.000,anomalies_detected,0
154.000,anomalies_unique,0
154.000,investigation_timeouts,0
154.000,mission_duration_s,109.944
154.000,distance_traveled_m,27.119788927988917
154.000,route_deviations,1
154.000,investigation_time_s,0.0
154.000,hazard_avoidances,1
154.000,min_hazard_distance_m,5.029199851970939
154.000,collisions,0
154.000,time_below_clearance_s,0.0
154.000,safety_zone_violations,0
154.000,min_ttc_s,15.43169345391454
154.000,avoid_success,1
154.000,avoid_timeout,0
154.000,q_convergence,0.9445925299293503
154.000,update_residual,0.09445925299293503
154.000,investigation_deferred,0
154.000,nav_aborted,0
154.000,nav_canceled,0
154.000,nav_rejected,0
154.000,run_seed,2
155.000,anomalies_detected,0
155.000,anomalies_unique,0
155.000,investigation_timeouts,0
155.000,mission_duration_s,110.944
155.000,distance_traveled_m,27.381868927912375
155.000,route_deviations,1
155.000,investigation_time_s,0.0
155.000,hazard_avoidances,1
155.000,min_hazard_distance_m,5.029199851970939
155.000,collisions,0
155.000,time_below_clearance_s,0.0
155.000,safety_zone_violations,0
155.000,min_ttc_s,15.43169345391454
155.000,avoid_success,1
155.000,avoid_timeout,0
155.000,q_convergence,0.9053000796937092
155.000,update_residual,0.0905300079693709
155.000,investigation_deferred,0
155.000,nav_aborted,0
155.000,nav_canceled,0
155.000,nav_rejected,0
155.000,run_seed,2
156.000,anomalies_detected,0
156.000,anomalies_unique,0
156.000,investigation_timeouts,0
156.000,mission_duration_s,111.944
156.000,distance_traveled_m,27.643948927835712
156.000,route_deviations,1
156.000,investigation_time_s,0.0
156.000,hazard_avoidances,1
156.000,min_hazard_distance_m,5.029199851970939
156.000,collisions,0
156.000,time_below_clearance_s,0.0
156.000,safety_zone_violations,0
156.000,min_ttc_s,15.43169345391454
156.000,avoid_success,1
156.000,avoid_timeout,0
156.000,q_convergence,0.788773438622525
156.000,update_residual,0.07887734386225247
156.000,investigation_deferred,0
156.000,nav_aborted,0
156.000,nav_canceled,0
156.000,nav_rejected,0
156.000,run_seed,2
157.000,anomalies_detected,0
157.000,anomalies_unique,0
157.000,investigation_timeouts,0
157.000,mission_duration_s,112.944
157.000,distance_traveled_m,27.906028927788586
157.000,route_deviations,1
157.000,investigation_time_s,0.0
157.000,hazard_avoidances,1
157.000,min_hazard_distance_m,5.029199851970939
157.000,collisions,0
157.000,time_below_clearance_s,0.0
157.000,safety_zone_violations,0
157.000,min_ttc_s,15.43169345391454
157.000,avoid_success,1
157.000,avoid_timeout,0
157.000,q_convergence,0.6854859196414406
157.000,update_residual,0.06854859196414406
157.000,investigation_deferred,0
157.000,nav_aborted,0
157.000,nav_canceled,0
157.000,nav_rejected,0
157.000,run_seed,2
158.000,anomalies_detected,0
158.000,anomalies_unique,0
158.000,investigation_timeouts,0
158.000,mission_duration_s,113.944
158.000,distance_traveled_m,28.158748927745368
158.000,route_deviations,1
158.000,investigation_time_s,0.0
158.000,hazard_avoidances,1
158.000,min_hazard_distance_m,5.029199851970939
158.000,collisions,0
158.000,time_below_clearance_s,0.0
158.000,safety_zone_violations,0
158.000,min_ttc_s,15.43169345391454
158.000,avoid_success,1
158.000,avoid_timeout,0
158.000,q_convergence,0.9924926405282298
158.000,update_residual,0.09924926405282299
158.000,investigation_deferred,0
158.000,nav_aborted,0
158.000,nav_canceled,0
158.000,nav_rejected,0
158.000,run_seed,2
159.000,anomalies_detected,0
159.000,anomalies_unique,0
159.000,investigation_timeouts,0
159.000,mission_duration_s,114.944
159.000,distance_traveled_m,28.420828927679928
159.000,route_deviations,1
159.000,investigation_time_s,0.0
159.000,hazard_avoidances,1
159.000,min_hazard_distance_m,5.029199851970939
159.000,collisions,0
159.000,time_below_clearance_s,0.0
159.000,safety_zone_violations,0
159.000,min_ttc_s,15.43169345391454
159.000,avoid_success,1
159.000,avoid_timeout,0
159.000,q_convergence,0.8873294210275617
159.000,update_residual,0.08873294210275616
159.000,investigation_deferred,0
159.000,nav_aborted,0
159.000,nav_canceled,0
159.000,nav_rejected,0
159.000,run_seed,2
160.000,anomalies_detected,0
160.000,anomalies_unique,0
160.000,investigation_timeouts,0
160.000,mission_duration_s,115.944
160.000,distance_traveled_m,28.68290892761059
160.000,route_deviations,1
160.000,investigation_time_s,0.0
160.000,hazard_avoidances,1
160.000,min_hazard_distance_m,5.029199851970939
160.000,collisions,0
160.000,time_below_clearance_s,0.0
160.000,safety_zone_violations,0
160.000,min_ttc_s,15.43169345391454
160.000,avoid_success,1
160.000,avoid_timeout,0
160.000,q_convergence,0.7731158919721317
160.000,update_residual,0.07731158919721318
160.000,investigation_deferred,0
160.000,nav_aborted,0
160.000,nav_canceled,0
160.000,nav_rejected,0
160.000,run_seed,2
161.000,anomalies_detected,0
161.000,anomalies_unique,0
161.000,investigation_timeouts,0
161.000,mission_duration_s,116.944
161.000,distance_traveled_m,28.944988927555304
161.000,route_deviations,1
161.000,investigation_time_s,0.0
161.000,hazard_avoidances,1
161.000,min_hazard_distance_m,5.029199851970939
161.000,collisions,0
161.000,time_below_clearance_s,0.0
161.000,safety_zone_violations,0
161.000,min_ttc_s,15.43169345391454
161.000,avoid_success,1
161.000,avoid_timeout,0
161.000,q_convergence,0.6718786818220268
161.000,update_residual,0.06718786818220268
161.000,investigation_deferred,0
161.000,nav_aborted,0
161.000,nav_canceled,0
161.000,nav_rejected,0
161.000,run_seed,2
162.000,anomalies_detected,0
162.000,anomalies_unique,0
162.000,investigation_timeouts,0
162.000,mission_duration_s,117.944
162.000,distance_traveled_m,29.197708927513077
162.000,route_deviations,1
162.000,investigation_time_s,0.0
162.000,hazard_avoidances,1
162.000,min_hazard_distance_m,5.029199851970939
162.000,collisions,0
162.000,time_below_clearance_s,0.0
162.000,safety_zone_violations,0
162.000,min_ttc_s,15.43169345391454
162.000,avoid_success,1
162.000,avoid_timeout,0
162.000,q_convergence,1.0462871036932806
162.000,update_residual,0.10462871036932808
162.000,investigation_deferred,0
162.000,nav_aborted,0
162.000,nav_canceled,0
162.000,nav_rejected,0
162.000,run_seed,2
163.000,anomalies_detected,0
163.000,anomalies_unique,0
163.000,investigation_timeouts,0
163.000,mission_duration_s,118.944
163.000,distance_traveled_m,29.459788927472168
163.000,route_deviations,1
163.000,investigation_time_s,0.0
163.000,hazard_avoidances,1
163.000,min_hazard_distance_m,5.029199851970939
163.000,collisions,0
163.000,time_below_clearance_s,0.0
163.000,safety_zone_violations,0
163.000,min_ttc_s,15.43169345391454
163.000,avoid_success,1
163.000,avoid_timeout,0
163.000,q_convergence,0.8653669114654845
163.000,update_residual,0.08653669114654848
163.000,investigation_deferred,0
163.000,nav_aborted,0
163.000,nav_canceled,0
163.000,nav_rejected,0
163.000,run_seed,2
164.000,anomalies_detected,0
164.000,anomalies_unique,0
164.000,investigation_timeouts,0
164.000,mission_duration_s,119.944
164.000,distance_traveled_m,29.72186892740303
164.000,route_deviations,1
164.000,investigation_time_s,0.0
164.000,hazard_avoidances,1
164.000,min_hazard_distance_m,5.029199851970939
164.000,collisions,0
164.000,time_below_clearance_s,0.0
164.000,safety_zone_violations,0
164.000,min_ttc_s,15.43169345391454
164.000,avoid_success,1
164.000,avoid_timeout,0
164.000,q_convergence,0.7539803096645278
164.000,update_residual,0.07539803096645277
164.000,investigation_deferred,0
164.000,nav_aborted,0
164.000,nav_canceled,0
164.000,nav_rejected,0
164.000,run_seed,2
165.000,anomalies_detected,0
165.000,anomalies_unique,0
165.000,investigation_timeouts,0
165.000,mission_duration_s,120.944
165.000,distance_traveled_m,29.98394892733249
165.000,route_deviations,1
165.000,investigation_time_s,0.0
165.000,hazard_avoidances,1
165.000,min_hazard_distance_m,5.029199851970939
165.000,collisions,0
165.000,time_below_clearance_s,0.0
165.000,safety_zone_violations,0
165.000,min_ttc_s,15.43169345391454
165.000,avoid_success,1
165.000,avoid_timeout,0
165.000,q_convergence,0.6552488466961007
165.000,update_residual,0.06552488466961007
165.000,investigation_deferred,0
165.000,nav_aborted,0
165.000,nav_canceled,0
165.000,nav_rejected,0
165.000,run_seed,2
166.000,anomalies_detected,0
166.000,anomalies_unique,0
166.000,investigation_timeouts,0
166.000,mission_duration_s,121.944
166.000,distance_traveled_m,30.246028927280058
166.000,route_deviations,1
166.000,investigation_time_s,0.0
166.000,hazard_avoidances,1
166.000,min_hazard_distance_m,5.029199851970939
166.000,collisions,0
166.000,time_below_clearance_s,0.0
166.000,safety_zone_violations,0
166.000,min_ttc_s,15.43169345391454
166.000,avoid_success,1
166.000,avoid_timeout,0
166.000,q_convergence,1.0899910882486215
166.000,update_residual,0.10899910882486216
166.000,investigation_deferred,0
166.000,nav_aborted,0
166.000,nav_canceled,0
166.000,nav_rejected,0
166.000,run_seed,2
167.000,anomalies_detected,0
167.000,anomalies_unique,0
167.000,investigation_timeouts,0
167.000,mission_duration_s,122.944
167.000,distance_traveled_m,30.49874892724303
167.000,route_deviations,1
167.000,investigation_time_s,0.0
167.000,hazard_avoidances,1
167.000,min_hazard_distance_m,5.029199851970939
167.000,collisions,0
167.000,time_below_clearance_s,0.0
167.000,safety_zone_violations,0
167.000,min_ttc_s,15.43169345391454
167.000,avoid_success,1
167.000,avoid_timeout,0
167.000,q_convergence,0.8461145185023194
167.000,update_residual,0.08461145185023193
167.000,investigation_deferred,0
167.000,nav_aborted,0
167.000,nav_canceled,0
167.000,nav_rejected,0
167.000,run_seed,2
168.000,anomalies_detected,0
168.000,anomalies_unique,0
168.000,investigation_timeouts,0
168.000,mission_duration_s,123.944
168.000,distance_traveled_m,30.76082892720224
168.000,route_deviations,1
168.000,investigation_time_s,0.0
168.000,hazard_avoidances,1
168.000,min_hazard_distance_m,5.029199851970939
168.000,collisions,0
168.000,time_below_clearance_s,0.0
168.000,safety_zone_violations,0
168.000,min_ttc_s,15.43169345391454
168.000,avoid_success,1
168.000,avoid_timeout,0
168.000,q_convergence,0.7371211444229082
168.000,update_residual,0.07371211444229084
168.000,investigation_deferred,0
168.000,nav_aborted,0
168.000,nav_canceled,0
168.000,nav_rejected,0
168.000,run_seed,2
169.000,anomalies_detected,0
169.000,anomalies_unique,0
169.000,investigation_timeouts,0
169.000,mission_duration_s,124.944
169.000,distance_traveled_m,31.022908927160074
169.000,route_deviations,1
169.000,investigation_time_s,0.0
169.000,hazard_avoidances,1
169.000,min_hazard_distance_m,5.029199851970939
169.000,collisions,0
169.000,time_below_clearance_s,0.0
169.000,safety_zone_violations,0
169.000,min_ttc_s,15.43169345391454
169.000,avoid_success,1
169.000,avoid_timeout,0
169.000,q_convergence,0.6422418298742903
169.000,update_residual,0.06422418298742903
169.000,investigation_deferred,0
169.000,nav_aborted,0
169.000,nav_canceled,0
169.000,nav_rejected,0
169.000,run_seed,2
170.000,anomalies_detected,0
170.000,anomalies_unique,0
170.000,investigation_timeouts,0
170.000,mission_duration_s,125.944
170.000,distance_traveled_m,31.284988927113993
170.000,route_deviations,1
170.000,investigation_time_s,0.0
170.000,hazard_avoidances,1
170.000,min_hazard_distance_m,5.029199851970939
170.000,collisions,0
170.000,time_below_clearance_s,0.0
170.000,safety_zone_violations,0
170.000,min_ttc_s,15.43169345391454
170.000,avoid_success,1
170.000,avoid_timeout,0
170.000,q_convergence,1.1319317864072036
170.000,update_residual,0.11319317864072038
170.000,investigation_deferred,0
170.000,nav_aborted,0
170.000,nav_canceled,0
170.000,nav_rejected,0
170.000,run_seed,2
171.000,anomalies_detected,0
171.000,anomalies_unique,0
171.000,investigation_timeouts,0
171.000,mission_duration_s,126.944
171.000,distance_traveled_m,31.53770892707221
171.000,route_deviations,1
171.000,investigation_time_s,0.0
171.000,hazard_avoidances,1
171.000,min_hazard_distance_m,5.029199851970939
171.000,collisions,0
171.000,time_below_clearance_s,0.0
171.000,safety_zone_violations,0
171.000,min_ttc_s,15.43169345391454
171.000,avoid_success,1
171.000,avoid_timeout,0
171.000,q_convergence,0.8293187227816107
171.000,update_residual,0.0829318722781611
171.000,investigation_deferred,0
171.000,nav_aborted,0
171.000,nav_canceled,0
171.000,nav_rejected,0
171.000,run_seed,2
172.000,anomalies_detected,0
172.000,anomalies_unique,0
172.000,investigation_timeouts,0
172.000,mission_duration_s,127.944
172.000,distance_traveled_m,31.79978892702759
172.000,route_deviations,1
172.000,investigation_time_s,0.0
172.000,hazard_avoidances,1
172.000,min_hazard_distance_m,5.029199851970939
172.000,collisions,0
172.000,time_below_clearance_s,0.0
172.000,safety_zone_violations,0
172.000,min_ttc_s,15.43169345391454
172.000,avoid_success,1
172.000,avoid_timeout,0
172.000,q_convergence,0.722488921606242
172.000,update_residual,0.07224889216062422
172.000,investigation_deferred,0
172.000,nav_aborted,0
172.000,nav_canceled,0
172.000,nav_rejected,0
172.000,run_seed,2
173.000,anomalies_detected,0
173.000,anomalies_unique,0
173.000,investigation_timeouts,0
173.000,mission_duration_s,128.94400000000002
173.000,distance_traveled_m,32.06186892698191
173.000,route_deviations,1
173.000,investigation_time_s,0.0
173.000,hazard_avoidances,1
173.000,min_hazard_distance_m,5.029199851970939
173.000,collisions,0
173.000,time_below_clearance_s,0.0
173.000,safety_zone_violations,0
173.000,min_ttc_s,15.43169345391454
173.000,avoid_success,1
173.000,avoid_timeout,0
173.000,q_convergence,0.8671972034896893
173.000,update_residual,0.08671972034896894
173.000,investigation_deferred,0
173.000,nav_aborted,0
173.000,nav_canceled,0
173.000,nav_rejected,0
173.000,run_seed,2
174.000,anomalies_detected,0
174.000,anomalies_unique,0
174.000,investigation_timeouts,0
174.000,mission_duration_s,129.94400000000002
174.000,distance_traveled_m,32.32394892693974
174.000,route_deviations,1
174.000,investigation_time_s,0.0
174.000,hazard_avoidances,1
174.000,min_hazard_distance_m,5.029199851970939
174.000,collisions,0
174.000,time_below_clearance_s,0.0
174.000,safety_zone_violations,0
174.000,min_ttc_s,15.43169345391454
174.000,avoid_success,1
174.000,avoid_timeout,0
174.000,q_convergence,0.9353357461052848
174.000,update_residual,0.09353357461052848
174.000,investigation_deferred,0
174.000,nav_aborted,0
174.000,nav_canceled,0
174.000,nav_rejected,0
174.000,run_seed,2
175.000,anomalies_detected,0
175.000,anomalies_unique,0
175.000,investigation_timeouts,0
175.000,mission_duration_s,130.94400000000002
175.000,distance_traveled_m,32.58602892689697
175.000,route_deviations,1
175.000,investigation_time_s,0.0
175.000,hazard_avoidances,1
175.000,min_hazard_distance_m,5.029199851970939
175.000,collisions,0
175.000,time_below_clearance_s,0.0
175.000,safety_zone_violations,0
175.000,min_ttc_s,15.43169345391454
175.000,avoid_success,1
175.000,avoid_timeout,0
175.000,q_convergence,0.8128563319933584
175.000,update_residual,0.08128563319933586
175.000,investigation_deferred,0
175.000,nav_aborted,0
175.000,nav_canceled,0
175.000,nav_rejected,0
175.000,run_seed,2
176.000,anomalies_detected,0
176.000,anomalies_unique,0
176.000,investigation_timeouts,0
176.000,mission_duration_s,131.94400000000002
176.000,distance_traveled_m,32.838748926855544
176.000,route_deviations,1
176.000,investigation_time_s,0.0
176.000,hazard_avoidances,1
176.000,min_hazard_distance_m,5.029199851970939
176.000,collisions,0
176.000,time_below_clearance_s,0.0
176.000,safety_zone_violations,0
176.000,min_ttc_s,15.43169345391454
176.000,avoid_success,1
176.000,avoid_timeout,0
176.000,q_convergence,0.7064152302667603
176.000,update_residual,0.07064152302667605
176.000,investigation_deferred,0
176.000,nav_aborted,0
176.000,nav_canceled,0
176.000,nav_rejected,0
176.000,run_seed,2
177.000,anomalies_detected,0
177.000,anomalies_unique,0
177.000,investigation_timeouts,0
177.000,mission_duration_s,132.94400000000002
177.000,distance_traveled_m,33.100828926814195
177.000,route_deviations,1
177.000,investigation_time_s,0.0
177.000,hazard_avoidances,1
177.000,min_hazard_distance_m,5.029199851970939
177.000,collisions,0
177.000,time_below_clearance_s,0.0
177.000,safety_zone_violations,0
177.000,min_ttc_s,15.43169345391454
177.000,avoid_success,1
177.000,avoid_timeout,0
177.000,q_convergence,0.9229644429434094
177.000,update_residual,0.09229644429434093
177.000,investigation_deferred,0
177.000,nav_aborted,0
177.000,nav_canceled,0
177.000,nav_rejected,0
177.000,run_seed,2
178.000,anomalies_detected,0
178.000,anomalies_unique,0
178.000,investigation_timeouts,0
178.000,mission_duration_s,133.94400000000002
178.000,distance_traveled_m,33.362908926772526
178.000,route_deviations,1
178.000,investigation_time_s,0.0
178.000,hazard_avoidances,1
178.000,min_hazard_distance_m,5.029199851970939
178.000,collisions,0
178.000,time_below_clearance_s,0.0
178.000,safety_zone_violations,0
178.000,min_ttc_s,15.43169345391454
178.000,avoid_success,1
178.000,avoid_timeout,0
178.000,q_convergence,0.9167688644618069
178.000,update_residual,0.09167688644618069
178.000,investigation_deferred,0
178.000,nav_aborted,0
178.000,nav_canceled,0
178.000,nav_rejected,0
178.000,run_seed,2
179.000,anomalies_detected,0
179.000,anomalies_unique,0
179.000,investigation_timeouts,0
179.000,mission_duration_s,134.94400000000002
179.000,distance_traveled_m,33.624988926686136
179.000,route_deviations,1
179.000,investigation_time_s,0.0
179.000,hazard_avoidances,1
179.000,min_hazard_distance_m,5.029199851970939
179.000,collisions,0
179.000,time_below_clearance_s,0.0
179.000,safety_zone_violations,0
179.000,min_ttc_s,15.43169345391454
179.000,avoid_success,1
179.000,avoid_timeout,0
179.000,q_convergence,0.7967207278831593
179.000,update_residual,0.07967207278831592
179.000,investigation_deferred,0
179.000,nav_aborted,0
179.000,nav_canceled,0
179.000,nav_rejected,0
179.000,run_seed,2
180.000,anomalies_detected,0
180.000,anomalies_unique,0
180.000,investigation_timeouts,0
180.000,mission_duration_s,135.94400000000002
180.000,distance_traveled_m,33.8777089266331
180.000,route_deviations,1
180.000,investigation_time_s,0.0
180.000,hazard_avoidances,1
180.000,min_hazard_distance_m,5.029199851970939
180.000,collisions,0
180.000,time_below_clearance_s,0.0
180.000,safety_zone_violations,0
180.000,min_ttc_s,15.43169345391454
180.000,avoid_success,1
180.000,avoid_timeout,0
180.000,q_convergence,0.6923925351798598
180.000,update_residual,0.06923925351798597
180.000,investigation_deferred,0
180.000,nav_aborted,0
180.000,nav_canceled,0
180.000,nav_rejected,0
180.000,run_seed,2
181.000,anomalies_detected,0
181.000,anomalies_unique,0
181.000,investigation_timeouts,0
181.000,mission_duration_s,136.94400000000002
181.000,distance_traveled_m,34.13978892658078
181.000,route_deviations,1
181.000,investigation_time_s,0.0
181.000,hazard_avoidances,1
181.000,min_hazard_distance_m,5.029199851970939
181.000,collisions,0
181.000,time_below_clearance_s,0.0
181.000,safety_zone_violations,0
181.000,min_ttc_s,15.43169345391454
181.000,avoid_success,1
181.000,avoid_timeout,0
181.000,q_convergence,0.9705754280711427
181.000,update_residual,0.0970575428071143
181.000,investigation_deferred,0
181.000,nav_aborted,0
181.000,nav_canceled,0
181.000,nav_rejected,0
181.000,run_seed,2
182.000,anomalies_detected,0
182.000,anomalies_unique,0
182.000,investigation_timeouts,0
182.000,mission_duration_s,137.94400000000002
182.000,distance_traveled_m,34.401868926538
182.000,route_deviations,1
182.000,investigation_time_s,0.0
182.000,hazard_avoidances,1
182.000,min_hazard_distance_m,5.029199851970939
182.000,collisions,0
182.000,time_below_clearance_s,0.0
182.000,safety_zone_violations,0
182.000,min_ttc_s,15.43169345391454
182.000,avoid_success,1
182.000,avoid_timeout,0
182.000,q_convergence,0.8985705446907885
182.000,update_residual,0.08985705446907881
182.000,investigation_deferred,0
182.000,nav_aborted,0
182.000,nav_canceled,0
182.000,nav_rejected,0
182.000,run_seed,2
183.000,anomalies_detected,0
183.000,anomalies_unique,0
183.000,investigation_timeouts,0
183.000,mission_duration_s,138.94400000000002
183.000,distance_traveled_m,34.6639489264959
183.000,route_deviations,1
183.000,investigation_time_s,0.0
183.000,hazard_avoidances,1
183.000,min_hazard_distance_m,5.029199851970939
183.000,collisions,0
183.000,time_below_clearance_s,0.0
183.000,safety_zone_violations,0
183.000,min_ttc_s,15.43169345391454
183.000,avoid_success,1
183.000,avoid_timeout,0
183.000,q_convergence,0.7809054235722653
183.000,update_residual,0.0780905423572265
183.000,investigation_deferred,0
183.000,nav_aborted,0
183.000,nav_canceled,0
183.000,nav_rejected,0
183.000,run_seed,2
184.000,anomalies_detected,0
184.000,anomalies_unique,0
184.000,investigation_timeouts,0
184.000,mission_duration_s,139.94400000000002
184.000,distance_traveled_m,34.92602892642845
184.000,route_deviations,1
184.000,investigation_time_s,0.0
184.000,hazard_avoidances,1
184.000,min_hazard_distance_m,5.029199851970939
184.000,collisions,0
184.000,time_below_clearance_s,0.0
184.000,safety_zone_violations,0
184.000,min_ttc_s,15.43169345391454
184.000,avoid_success,1
184.000,avoid_timeout,0
184.000,q_convergence,0.6786481975930173
184.000,update_residual,0.06786481975930173
184.000,investigation_deferred,0
184.000,nav_aborted,0
184.000,nav_canceled,0
184.000,nav_rejected,0
184.000,run_seed,2
185.000,anomalies_detected,0
185.000,anomalies_unique,0
185.000,investigation_timeouts,0
185.000,mission_duration_s,140.94400000000002
185.000,distance_traveled_m,35.17874892637102
185.000,route_deviations,1
185.000,investigation_time_s,0.0
185.000,hazard_avoidances,1
185.000,min_hazard_distance_m,5.029199851970939
185.000,collisions,0
185.000,time_below_clearance_s,0.0
185.000,safety_zone_violations,0
185.000,min_ttc_s,15.43169345391454
185.000,avoid_success,1
185.000,avoid_timeout,0
185.000,q_convergence,1.0247927984852685
185.000,update_residual,0.10247927984852688
185.000,investigation_deferred,0
185.000,nav_aborted,0
185.000,nav_canceled,0
185.000,nav_rejected,0
185.000,run_seed,2
186.000,anomalies_detected,0
186.000,anomalies_unique,0
186.000,investigation_timeouts,0
186.000,mission_duration_s,141.94400000000002
186.000,distance_traveled_m,35.44082892631269
186.000,route_deviations,1
186.000,investigation_time_s,0.0
186.000,hazard_avoidances,1
186.000,min_hazard_distance_m,5.029199851970939
186.000,collisions,0
186.000,time_below_clearance_s,0.0
186.000,safety_zone_violations,0
186.000,min_ttc_s,15.43169345391454
186.000,avoid_success,1
186.000,avoid_timeout,0
186.000,q_convergence,0.8740859185025476
186.000,update_residual,0.08740859185025478
186.000,investigation_deferred,0
186.000,nav_aborted,0
186.000,nav_canceled,0
186.000,nav_rejected,0
186.000,run_seed,2
187.000,anomalies_detected,0
187.000,anomalies_unique,0
187.000,investigation_timeouts,0
187.000,mission_duration_s,142.94400000000002
187.000,distance_traveled_m,35.70290892626806
187.000,route_deviations,1
187.000,investigation_time_s,0.0
187.000,hazard_avoidances,1
187.000,min_hazard_distance_m,5.029199851970939
187.000,collisions,0
187.000,time_below_clearance_s,0.0
187.000,safety_zone_violations,0
187.000,min_ttc_s,15.43169345391454
187.000,avoid_success,1
187.000,avoid_timeout,0
187.000,q_convergence,0.7615770406449613
187.000,update_residual,0.07615770406449614
187.000,investigation_deferred,0
187.000,nav_aborted,0
187.000,nav_canceled,0
187.000,nav_rejected,0
187.000,run_seed,2
188.000,anomalies_detected,0
188.000,anomalies_unique,0
188.000,investigation_timeouts,0
188.000,mission_duration_s,143.94400000000002
188.000,distance_traveled_m,35.96498892622613
188.000,route_deviations,1
188.000,investigation_time_s,0.0
188.000,hazard_avoidances,1
188.000,min_hazard_distance_m,5.029199851970939
188.000,collisions,0
188.000,time_below_clearance_s,0.0
188.000,safety_zone_violations,0
188.000,min_ttc_s,15.43169345391454
188.000,avoid_success,1
188.000,avoid_timeout,0
188.000,q_convergence,0.661850808510998
188.000,update_residual,0.0661850808510998
188.000,investigation_deferred,0
188.000,nav_aborted,0
188.000,nav_canceled,0
188.000,nav_rejected,0
188.000,run_seed,2
189.000,anomalies_detected,0
189.000,anomalies_unique,0
189.000,investigation_timeouts,0
189.000,mission_duration_s,144.94400000000002
189.000,distance_traveled_m,36.21770892618401
189.000,route_deviations,1
189.000,investigation_time_s,0.0
189.000,hazard_avoidances,1
189.000,min_hazard_distance_m,5.029199851970939
189.000,collisions,0
189.000,time_below_clearance_s,0.0
189.000,safety_zone_violations,0
189.000,min_ttc_s,15.43169345391454
189.000,avoid_success,1
189.000,avoid_timeout,0
189.000,q_convergence,1.0687032794046447
189.000,update_residual,0.10687032794046446
189.000,investigation_deferred,0
189.000,nav_aborted,0
189.000,nav_canceled,0
189.000,nav_rejected,0
189.000,run_seed,2
190.000,anomalies_detected,0
190.000,anomalies_unique,0
190.000,investigation_timeouts,0
190.000,mission_duration_s,145.94400000000002
190.000,distance_traveled_m,36.479788926139065
190.000,route_deviations,1
190.000,investigation_time_s,0.0
190.000,hazard_avoidances,1
190.000,min_hazard_distance_m,5.029199851970939
190.000,collisions,0
190.000,time_below_clearance_s,0.0
190.000,safety_zone_violations,0
190.000,min_ttc_s,15.43169345391454
190.000,avoid_success,1
190.000,avoid_timeout,0
190.000,q_convergence,0.8567348765236164
190.000,update_residual,0.08567348765236164
190.000,investigation_deferred,0
190.000,nav_aborted,0
190.000,nav_canceled,0
190.000,nav_rejected,0
190.000,run_seed,2
191.000,anomalies_detected,0
191.000,anomalies_unique,0
191.000,investigation_timeouts,0
191.000,mission_duration_s,146.94400000000002
191.000,distance_traveled_m,36.74186892609636
191.000,route_deviations,1
191.000,investigation_time_s,0.0
191.000,hazard_avoidances,1
191.000,min_hazard_distance_m,5.029199851970939
191.000,collisions,0
191.000,time_below_clearance_s,0.0
191.000,safety_zone_violations,0
191.000,min_ttc_s,15.43169345391454
191.000,avoid_success,1
191.000,avoid_timeout,0
191.000,q_convergence,0.7464593560756241
191.000,update_residual,0.0746459356075624
191.000,investigation_deferred,0
191.000,nav_aborted,0
191.000,nav_canceled,0
191.000,nav_rejected,0
191.000,run_seed,2
192.000,anomalies_detected,0
192.000,anomalies_unique,0
192.000,investigation_timeouts,0
192.000,mission_duration_s,147.94400000000002
192.000,distance_traveled_m,37.00394892605148
192.000,route_deviations,1
192.000,investigation_time_s,0.0
192.000,hazard_avoidances,1
192.000,min_hazard_distance_m,5.029199851970939
192.000,collisions,0
192.000,time_below_clearance_s,0.0
192.000,safety_zone_violations,0
192.000,min_ttc_s,15.43169345391454
192.000,avoid_success,1
192.000,avoid_timeout,0
192.000,q_convergence,0.6487127394503069
192.000,update_residual,0.06487127394503071
192.000,investigation_deferred,0
192.000,nav_aborted,0
192.000,nav_canceled,0
192.000,nav_rejected,0
192.000,run_seed,2
193.000,anomalies_detected,0
193.000,anomalies_unique,0
193.000,investigation_timeouts,0
193.000,mission_duration_s,148.94400000000002
193.000,distance_traveled_m,37.266028926008964
193.000,route_deviations,1
193.000,investigation_time_s,0.0
193.000,hazard_avoidances,1
193.000,min_hazard_distance_m,5.029199851970939
193.000,collisions,0
193.000,time_below_clearance_s,0.0
193.000,safety_zone_violations,0
193.000,min_ttc_s,15.43169345391454
193.000,avoid_success,1
193.000,avoid_timeout,0
193.000,q_convergence,1.1110665511993794
193.000,update_residual,0.11110665511993796
193.000,investigation_deferred,0
193.000,nav_aborted,0
193.000,nav_canceled,0
193.000,nav_rejected,0
193.000,run_seed,2
194.000,anomalies_detected,0
194.000,anomalies_unique,0
194.000,investigation_timeouts,0
194.000,mission_duration_s,149.94400000000002
194.000,distance_traveled_m,37.51874892596806
194.000,route_deviations,1
194.000,investigation_time_s,0.0
194.000,hazard_avoidances,1
194.000,min_hazard_distance_m,5.029199851970939
194.000,collisions,0
194.000,time_below_clearance_s,0.0
194.000,safety_zone_violations,0
194.000,min_ttc_s,15.43169345391454
194.000,avoid_success,1
194.000,avoid_timeout,0
194.000,q_convergence,0.837674526180259
194.000,update_residual,0.08376745261802589
194.000,investigation_deferred,0
194.000,nav_aborted,0
194.000,nav_canceled,0
194.000,nav_rejected,0
194.000,run_seed,2
195.000,anomalies_detected,0
195.000,anomalies_unique,0
195.000,investigation_timeouts,0
195.000,mission_duration_s,150.94400000000002
195.000,distance_traveled_m,37.78082892592353
195.000,route_deviations,1
195.000,investigation_time_s,0.0
195.000,hazard_avoidances,1
195.000,min_hazard_distance_m,5.029199851970939
195.000,collisions,0
195.000,time_below_clearance_s,0.0
195.000,safety_zone_violations,0
195.000,min_ttc_s,15.43169345391454
195.000,avoid_success,1
195.000,avoid_timeout,0
195.000,q_convergence,0.7297683610072897
195.000,update_residual,0.07297683610072898
195.000,investigation_deferred,0
195.000,nav_aborted,0
195.000,nav_canceled,0
195.000,nav_rejected,0
195.000,run_seed,2
196.000,anomalies_detected,0
196.000,anomalies_unique,0
196.000,investigation_timeouts,0
196.000,mission_duration_s,151.94400000000002
196.000,distance_traveled_m,38.0429089258764
196.000,route_deviations,1
196.000,investigation_time_s,0.0
196.000,hazard_avoidances,1
196.000,min_hazard_distance_m,5.029199851970939
196.000,collisions,0
196.000,time_below_clearance_s,0.0
196.000,safety_zone_violations,0
196.000,min_ttc_s,15.43169345391454
196.000,avoid_success,1
196.000,avoid_timeout,0
196.000,q_convergence,0.6358354676212944
196.000,update_residual,0.06358354676212943
196.000,investigation_deferred,0
196.000,nav_aborted,0
196.000,nav_canceled,0
196.000,nav_rejected,0
196.000,run_seed,2
197.000,anomalies_detected,0
197.000,anomalies_unique,0
197.000,investigation_timeouts,0
197.000,mission_duration_s,152.94400000000002
197.000,distance_traveled_m,38.3049889258297
197.000,route_deviations,1
197.000,investigation_time_s,0.0
197.000,hazard_avoidances,1
197.000,min_hazard_distance_m,5.029199851970939
197.000,collisions,0
197.000,time_below_clearance_s,0.0
197.000,safety_zone_violations,0
197.000,min_ttc_s,15.43169345391454
197.000,avoid_success,1
197.000,avoid_timeout,0
197.000,q_convergence,1.15258889089383
197.000,update_residual,0.11525888908938302
197.000,investigation_deferred,0
197.000,nav_aborted,0
197.000,nav_canceled,0
197.000,nav_rejected,0
197.000,run_seed,2
198.000,anomalies_detected,0
198.000,anomalies_unique,0
198.000,investigation_timeouts,0
198.000,mission_duration_s,153.94400000000002
198.000,distance_traveled_m,38.557708925791886
198.000,route_deviations,1
198.000,investigation_time_s,0.0
198.000,hazard_avoidances,1
198.000,min_hazard_distance_m,5.029199851970939
198.000,collisions,0
198.000,time_below_clearance_s,0.0
198.000,safety_zone_violations,0
198.000,min_ttc_s,15.43169345391454
198.000,avoid_success,1
198.000,avoid_timeout,0
198.000,q_convergence,0.8210462685218641
198.000,update_residual,0.08210462685218642
198.000,investigation_deferred,0
198.000,nav_aborted,0
198.000,nav_canceled,0
198.000,nav_rejected,0
198.000,run_seed,2
199.000,anomalies_detected,0
199.000,anomalies_unique,0
199.000,investigation_timeouts,0
199.000,mission_duration_s,154.94400000000002
199.000,distance_traveled_m,38.819788925718704
199.000,route_deviations,1
199.000,investigation_time_s,0.0
199.000,hazard_avoidances,1
199.000,min_hazard_distance_m,5.029199851970939
199.000,collisions,0
199.000,time_below_clearance_s,0.0
199.000,safety_zone_violations,0
199.000,min_ttc_s,15.43169345391454
199.000,avoid_success,1
199.000,avoid_timeout,0
199.000,q_convergence,0.7152820946132197
199.000,update_residual,0.07152820946132199
199.000,investigation_deferred,0
199.000,nav_aborted,0
199.000,nav_canceled,0
199.000,nav_rejected,0
199.000,run_seed,2
200.000,anomalies_detected,0
200.000,anomalies_unique,0
200.000,investigation_timeouts,0
200.000,mission_duration_s,155.94400000000002
200.000,distance_traveled_m,39.08186892567193
200.000,route_deviations,1
200.000,investigation_time_s,0.0
200.000,hazard_avoidances,1
200.000,min_hazard_distance_m,5.029199851970939
200.000,collisions,0
200.000,time_below_clearance_s,0.0
200.000,safety_zone_violations,0
200.000,min_ttc_s,15.43169345391454
200.000,avoid_success,1
200.000,avoid_timeout,0
200.000,q_convergence,0.8904950354409177
200.000,update_residual,0.08904950354409179
200.000,investigation_deferred,0
200.000,nav_aborted,0
200.000,nav_canceled,0
200.000,nav_rejected,0
200.000,run_seed,2
201.000,anomalies_detected,0
201.000,anomalies_unique,0
201.000,investigation_timeouts,0
201.000,mission_duration_s,156.94400000000002
201.000,distance_traveled_m,39.343948925626094
201.000,route_deviations,1
201.000,investigation_time_s,0.0
201.000,hazard_avoidances,1
201.000,min_hazard_distance_m,5.029199851970939
201.000,collisions,0
201.000,time_below_clearance_s,0.0
201.000,safety_zone_violations,0
201.000,min_ttc_s,15.43169345391454
201.000,avoid_success,1
201.000,avoid_timeout,0
201.000,q_convergence,0.9260057720378846
201.000,update_residual,0.09260057720378848
201.000,investigation_deferred,0
201.000,nav_aborted,0
201.000,nav_canceled,0
201.000,nav_rejected,0
201.000,run_seed,2
202.000,anomalies_detected,0
202.000,anomalies_unique,0
202.000,investigation_timeouts,0
202.000,mission_duration_s,157.94400000000002
202.000,distance_traveled_m,39.60602892558561
202.000,route_deviations,1
202.000,investigation_time_s,0.0
202.000,hazard_avoidances,1
202.000,min_hazard_distance_m,5.029199851970939
202.000,collisions,0
202.000,time_below_clearance_s,0.0
202.000,safety_zone_violations,0
202.000,min_ttc_s,15.43169345391454
202.000,avoid_success,1
202.000,avoid_timeout,0
202.000,q_convergence,0.8047480900817247
202.000,update_residual,0.08047480900817247
202.000,investigation_deferred,0
202.000,nav_aborted,0
202.000,nav_canceled,0
202.000,nav_rejected,0
202.000,run_seed,2
203.000,anomalies_detected,0
203.000,anomalies_unique,0
203.000,investigation_timeouts,0
203.000,mission_duration_s,158.94400000000002
203.000,distance_traveled_m,39.858748925544894
203.000,route_deviations,1
203.000,investigation_time_s,0.0
203.000,hazard_avoidances,1
203.000,min_hazard_distance_m,5.029199851970939
203.000,collisions,0
203.000,time_below_clearance_s,0.0
203.000,safety_zone_violations,0
203.000,min_ttc_s,15.43169345391454
203.000,avoid_success,1
203.000,avoid_timeout,0
203.000,q_convergence,0.6993687383448497
203.000,update_residual,0.06993687383448496
203.000,investigation_deferred,0
203.000,nav_aborted,0
203.000,nav_canceled,0
203.000,nav_rejected,0
203.000,run_seed,2
204.000,anomalies_detected,0
204.000,anomalies_unique,0
204.000,investigation_timeouts,0
204.000,mission_duration_s,159.94400000000002
204.000,distance_traveled_m,40.12082892547215
204.000,route_deviations,1
204.000,investigation_time_s,0.0
204.000,hazard_avoidances,1
204.000,min_hazard_distance_m,5.029199851970939
204.000,collisions,0
204.000,time_below_clearance_s,0.0
204.000,safety_zone_violations,0
204.000,min_ttc_s,15.43169345391454
204.000,avoid_success,1
204.000,avoid_timeout,0
204.000,q_convergence,0.9468892605350142
204.000,update_residual,0.09468892605350143
204.000,investigation_deferred,0
204.000,nav_aborted,0
204.000,nav_canceled,0
204.000,nav_rejected,0
204.000,run_seed,2
205.000,anomalies_detected,0
205.000,anomalies_unique,0
205.000,investigation_timeouts,0
205.000,mission_duration_s,160.94400000000002
205.000,distance_traveled_m,40.38290892539289
205.000,route_deviations,1
205.000,investigation_time_s,0.0
205.000,hazard_avoidances,1
205.000,min_hazard_distance_m,5.029199851970939
205.000,collisions,0
205.000,time_below_clearance_s,0.0
205.000,safety_zone_violations,0
205.000,min_ttc_s,15.43169345391454
205.000,avoid_success,1
205.000,avoid_timeout,0
205.000,q_convergence,0.9076240950388005
205.000,update_residual,0.09076240950388002
205.000,investigation_deferred,0
205.000,nav_aborted,0
205.000,nav_canceled,0
205.000,nav_rejected,0
205.000,run_seed,2
206.000,anomalies_detected,0
206.000,anomalies_unique,0
206.000,investigation_timeouts,0
206.000,mission_duration_s,161.94400000000002
206.000,distance_traveled_m,40.64498892534394
206.000,route_deviations,1
206.000,investigation_time_s,0.0
206.000,hazard_avoidances,1
206.000,min_hazard_distance_m,5.029199851970939
206.000,collisions,0
206.000,time_below_clearance_s,0.0
206.000,safety_zone_violations,0
206.000,min_ttc_s,15.43169345391454
206.000,avoid_success,1
206.000,avoid_timeout,0
206.000,q_convergence,0.8477558744653809
206.000,update_residual,0.2900008777982554
206.000,investigation_deferred,0
206.000,nav_aborted,0
206.000,nav_canceled,0
206.000,nav_rejected,0
206.000,run_seed,2
207.000,anomalies_detected,0
207.000,anomalies_unique,0
207.000,investigation_timeouts,0
207.000,mission_duration_s,162.94400000000002
207.000,distance_traveled_m,40.89770892530417
207.000,route_deviations,1
207.000,investigation_time_s,0.0
207.000,hazard_avoidances,1
207.000,min_hazard_distance_m,5.029199851970939
207.000,collisions,0
207.000,time_below_clearance_s,0.0
207.000,safety_zone_violations,0
207.000,min_ttc_s,15.43169345391454
207.000,avoid_success,1
207.000,avoid_timeout,0
207.000,q_convergence,0.4249204093258828
207.000,update_residual,0.2607122017348214
207.000,investigation_deferred,0
207.000,nav_aborted,0
207.000,nav_canceled,0
207.000,nav_rejected,0
207.000,run_seed,2
208.000,anomalies_detected,1
208.000,anomalies_unique,0
208.000,investigation_timeouts,0
208.000,mission_duration_s,163.94400000000002
208.000,distance_traveled_m,41.15744516825631
208.000,route_deviations,2
208.000,investigation_time_s,0.8000000000000114
208.000,hazard_avoidances,1
208.000,min_hazard_distance_m,5.029199851970939
208.000,collisions,0
208.000,time_below_clearance_s,0.0
208.000,safety_zone_violations,0
208.000,min_ttc_s,15.43169345391454
208.000,avoid_success,1
208.000,avoid_timeout,0
208.000,q_convergence,1.1381773329292306
208.000,update_residual,0.33223849576583725
208.000,investigation_deferred,0
208.000,nav_aborted,0
208.000,nav_canceled,0
208.000,nav_rejected,0
208.000,run_seed,2
209.000,anomalies_detected,1
209.000,anomalies_unique,0
209.000,investigation_timeouts,0
209.000,mission_duration_s,164.94400000000002
209.000,distance_traveled_m,41.386543762129996
209.000,route_deviations,2
209.000,investigation_time_s,1.8000000000000114
209.000,hazard_avoidances,1
209.000,min_hazard_distance_m,5.029199851970939
209.000,collisions,0
209.000,time_below_clearance_s,0.0
209.000,safety_zone_violations,0
209.000,min_ttc_s,15.43169345391454
209.000,avoid_success,1
209.000,avoid_timeout,0
209.000,q_convergence,0.611128497715545
209.000,update_residual,0.31371002744953536
209.000,investigation_deferred,0
209.000,nav_aborted,0
209.000,nav_canceled,0
209.000,nav_rejected,0
209.000,run_seed,2
210.000,anomalies_detected,1
210.000,anomalies_unique,0
210.000,investigation_timeouts,0
210.000,mission_duration_s,165.94400000000002
210.000,distance_traveled_m,41.64862361441941
210.000,route_deviations,2
210.000,investigation_time_s,2.8000000000000114
210.000,hazard_avoidances,1
210.000,min_hazard_distance_m,5.029199851970939
210.000,collisions,0
210.000,time_below_clearance_s,0.0
210.000,safety_zone_violations,0
210.000,min_ttc_s,15.43169345391454
210.000,avoid_success,1
210.000,avoid_timeout,0
210.000,q_convergence,1.175853122003842
210.000,update_residual,0.31697918130870745
210.000,investigation_deferred,0
210.000,nav_aborted,0
210.000,nav_canceled,0
210.000,nav_rejected,0
210.000,run_seed,2
211.000,anomalies_detected,1
211.000,anomalies_unique,0
211.000,investigation_timeouts,0
211.000,mission_duration_s,166.94400000000002
211.000,distance_traveled_m,41.91070359739528
211.000,route_deviations,2
211.000,investigation_time_s,3.8000000000000114
211.000,hazard_avoidances,1
211.000,min_hazard_distance_m,5.029199851970939
211.000,collisions,0
211.000,time_below_clearance_s,0.0
211.000,safety_zone_violations,0
211.000,min_ttc_s,15.43169345391454
211.000,avoid_success,1
211.000,avoid_timeout,0
211.000,q_convergence,0.44468333635375995
211.000,update_residual,0.22699041381914872
211.000,investigation_deferred,0
211.000,nav_aborted,0
211.000,nav_canceled,0
211.000,nav_rejected,0
211.000,run_seed,2
212.000,anomalies_detected,1
212.000,anomalies_unique,0
212.000,investigation_timeouts,0
212.000,mission_duration_s,167.94400000000002
212.000,distance_traveled_m,42.1634235903251
212.000,route_deviations,2
212.000,investigation_time_s,4.800000000000011
212.000,hazard_avoidances,1
212.000,min_hazard_distance_m,5.029199851970939
212.000,collisions,0
212.000,time_below_clearance_s,0.0
212.000,safety_zone_violations,0
212.000,min_ttc_s,15.43169345391454
212.000,avoid_success,1
212.000,avoid_timeout,0
212.000,q_convergence,1.1288022550820735
212.000,update_residual,0.2823650142502821
212.000,investigation_deferred,0
212.000,nav_aborted,0
212.000,nav_canceled,0
212.000,nav_rejected,0
212.000,run_seed,2
213.000,anomalies_detected,1
213.000,anomalies_unique,0
213.000,investigation_timeouts,0
213.000,mission_duration_s,168.94400000000002
213.000,distance_traveled_m,42.425503584163025
213.000,route_deviations,2
213.000,investigation_time_s,5.800000000000011
213.000,hazard_avoidances,1
213.000,min_hazard_distance_m,5.029199851970939
213.000,collisions,0
213.000,time_below_clearance_s,0.0
213.000,safety_zone_violations,0
213.000,min_ttc_s,15.43169345391454
213.000,avoid_success,1
213.000,avoid_timeout,0
213.000,q_convergence,0.9750650881427703
213.000,update_residual,0.24115814599595015
213.000,investigation_deferred,0
213.000,nav_aborted,0
213.000,nav_canceled,0
213.000,nav_rejected,0
213.000,run_seed,2
214.000,anomalies_detected,1
214.000,anomalies_unique,0
214.000,investigation_timeouts,0
214.000,mission_duration_s,169.94400000000002
214.000,distance_traveled_m,42.687583574470395
214.000,route_deviations,2
214.000,investigation_time_s,6.800000000000011
214.000,hazard_avoidances,1
214.000,min_hazard_distance_m,5.029199851970939
214.000,collisions,0
214.000,time_below_clearance_s,0.0
214.000,safety_zone_violations,0
214.000,min_ttc_s,15.43169345391454
214.000,avoid_success,1
214.000,avoid_timeout,0
214.000,q_convergence,0.5965767415343775
214.000,update_residual,0.21480144230964465
214.000,investigation_deferred,0
214.000,nav_aborted,0
214.000,nav_canceled,0
214.000,nav_rejected,0
214.000,run_seed,2
215.000,anomalies_detected,1
215.000,anomalies_unique,0
215.000,investigation_timeouts,0
215.000,mission_duration_s,170.94400000000002
215.000,distance_traveled_m,42.94966355675379
215.000,route_deviations,2
215.000,investigation_time_s,7.800000000000011
215.000,hazard_avoidances,1
215.000,min_hazard_distance_m,5.029199851970939
215.000,collisions,0
215.000,time_below_clearance_s,0.0
215.000,safety_zone_violations,0
215.000,min_ttc_s,15.43169345391454
215.000,avoid_success,1
215.000,avoid_timeout,0
215.000,q_convergence,0.33034907132567487
215.000,update_residual,0.16490711006534328
215.000,investigation_deferred,0
215.000,nav_aborted,0
215.000,nav_canceled,0
215.000,nav_rejected,0
215.000,run_seed,2
216.000,anomalies_detected,1
216.000,anomalies_unique,0
216.000,investigation_timeouts,0
216.000,mission_duration_s,171.94400000000002
216.000,distance_traveled_m,43.148254304097
216.000,route_deviations,2
216.000,investigation_time_s,8.800000000000011
216.000,hazard_avoidances,1
216.000,min_hazard_distance_m,5.029199851970939
216.000,collisions,0
216.000,time_below_clearance_s,0.0
216.000,safety_zone_violations,0
216.000,min_ttc_s,15.43169345391454
216.000,avoid_success,1
216.000,avoid_timeout,0
216.000,q_convergence,1.3628069303259818
216.000,update_residual,0.2403655389188248
216.000,investigation_deferred,0
216.000,nav_aborted,0
216.000,nav_canceled,0
216.000,nav_rejected,0
216.000,run_seed,2
217.000,anomalies_detected,1
217.000,anomalies_unique,0
217.000,investigation_timeouts,0
217.000,mission_duration_s,172.94400000000002
217.000,distance_traveled_m,43.14825430410453
217.000,route_deviations,2
217.000,investigation_time_s,9.800000000000011
217.000,hazard_avoidances,1
217.000,min_hazard_distance_m,5.029199851970939
217.000,collisions,0
217.000,time_below_clearance_s,0.0
217.000,safety_zone_violations,0
217.000,min_ttc_s,15.43169345391454
217.000,avoid_success,1
217.000,avoid_timeout,0
217.000,q_convergence,0.6159957171192753
217.000,update_residual,0.17369094420478695
217.000,investigation_deferred,0
217.000,nav_aborted,0
217.000,nav_canceled,0
217.000,nav_rejected,0
217.000,run_seed,2
218.000,anomalies_detected,1
218.000,anomalies_unique,0
218.000,investigation_timeouts,0
218.000,mission_duration_s,173.94400000000002
218.000,distance_traveled_m,43.14825430410453
218.000,route_deviations,2
218.000,investigation_time_s,10.800000000000011
218.000,hazard_avoidances,1
218.000,min_hazard_distance_m,5.029199851970939
218.000,collisions,0
218.000,time_below_clearance_s,0.0
218.000,safety_zone_violations,0
218.000,min_ttc_s,15.43169345391454
218.000,avoid_success,1
218.000,avoid_timeout,0
218.000,q_convergence,0.4033000697368697
218.000,update_residual,0.1356076735926175
218.000,investigation_deferred,0
218.000,nav_aborted,0
218.000,nav_canceled,0
218.000,nav_rejected,0
218.000,run_seed,2
219.000,anomalies_detected,1
219.000,anomalies_unique,0
219.000,investigation_timeouts,0
219.000,mission_duration_s,174.94400000000002
219.000,distance_traveled_m,43.14825430410453
219.000,route_deviations,2
219.000,investigation_time_s,11.600000000000023
219.000,hazard_avoidances,1
219.000,min_hazard_distance_m,5.029199851970939
219.000,collisions,0
219.000,time_below_clearance_s,0.0
219.000,safety_zone_violations,0
219.000,min_ttc_s,15.43169345391454
219.000,avoid_success,1
219.000,avoid_timeout,0
219.000,q_convergence,0.22572588335657562
219.000,update_residual,0.11785025495458812
219.000,investigation_deferred,0
219.000,nav_aborted,0
219.000,nav_canceled,0
219.000,nav_rejected,0
219.000,run_seed,2
220.000,anomalies_detected,1
220.000,anomalies_unique,1
220.000,investigation_timeouts,0
220.000,mission_duration_s,175.94400000000002
220.000,distance_traveled_m,43.27319219362675
220.000,route_deviations,2
220.000,investigation_time_s,11.600000000000023
220.000,hazard_avoidances,1
220.000,min_hazard_distance_m,5.029199851970939
220.000,collisions,0
220.000,time_below_clearance_s,0.0
220.000,safety_zone_violations,0
220.000,min_ttc_s,15.43169345391454
220.000,avoid_success,1
220.000,avoid_timeout,0
220.000,q_convergence,0.08064609358838279
220.000,update_residual,0.08905062598492923
220.000,investigation_deferred,0
220.000,nav_aborted,0
220.000,nav_canceled,0
220.000,nav_rejected,0
220.000,run_seed,2
221.000,anomalies_detected,1
221.000,anomalies_unique,1
221.000,investigation_timeouts,0
221.000,mission_duration_s,176.94400000000002
221.000,distance_traveled_m,43.392328351932456
221.000,route_deviations,2
221.000,investigation_time_s,11.600000000000023
221.000,hazard_avoidances,1
221.000,min_hazard_distance_m,5.029199851970939
221.000,collisions,0
221.000,time_below_clearance_s,0.0
221.000,safety_zone_violations,0
221.000,min_ttc_s,15.43169345391454
221.000,avoid_success,1
221.000,avoid_timeout,0
221.000,q_convergence,0.03928712517243772
221.000,update_residual,0.07738971326738332
221.000,investigation_deferred,0
221.000,nav_aborted,0
221.000,nav_canceled,0
221.000,nav_rejected,0
221.000,run_seed,2
222.000,anomalies_detected,1
222.000,anomalies_unique,1
222.000,investigation_timeouts,0
222.000,mission_duration_s,177.94400000000002
222.000,distance_traveled_m,43.65440635505602
222.000,route_deviations,2
222.000,investigation_time_s,11.600000000000023
222.000,hazard_avoidances,1
222.000,min_hazard_distance_m,5.029199851970939
222.000,collisions,0
222.000,time_below_clearance_s,0.0
222.000,safety_zone_violations,0
222.000,min_ttc_s,15.43169345391454
222.000,avoid_success,1
222.000,avoid_timeout,0
222.000,q_convergence,0.12807685027484558
222.000,update_residual,0.05603042910469273
222.000,investigation_deferred,0
222.000,nav_aborted,0
222.000,nav_canceled,0
222.000,nav_rejected,0
222.000,run_seed,2
223.000,anomalies_detected,1
223.000,anomalies_unique,1
223.000,investigation_timeouts,0
223.000,mission_duration_s,178.94400000000002
223.000,distance_traveled_m,43.91648626453177
223.000,route_deviations,2
223.000,investigation_time_s,11.600000000000023
223.000,hazard_avoidances,1
223.000,min_hazard_distance_m,5.029199851970939
223.000,collisions,0
223.000,time_below_clearance_s,0.0
223.000,safety_zone_violations,0
223.000,min_ttc_s,15.43169345391454
223.000,avoid_success,1
223.000,avoid_timeout,0
223.000,q_convergence,1.3785025983302748
223.000,update_residual,0.18488798571955736
223.000,investigation_deferred,0
223.000,nav_aborted,0
223.000,nav_canceled,0
223.000,nav_rejected,0
223.000,run_seed,2
224.000,anomalies_detected,1
224.000,anomalies_unique,1
224.000,investigation_timeouts,0
224.000,mission_duration_s,179.94400000000002
224.000,distance_traveled_m,44.178565968084975
224.000,route_deviations,2
224.000,investigation_time_s,11.600000000000023
224.000,hazard_avoidances,1
224.000,min_hazard_distance_m,5.029199851970939
224.000,collisions,0
224.000,time_below_clearance_s,0.0
224.000,safety_zone_violations,0
224.000,min_ttc_s,15.43169345391454
224.000,avoid_success,1
224.000,avoid_timeout,0
224.000,q_convergence,0.790476726518546
224.000,update_residual,0.1375600696642053
224.000,investigation_deferred,0
224.000,nav_aborted,0
224.000,nav_canceled,0
224.000,nav_rejected,0
224.000,run_seed,2
225.000,anomalies_detected,1
225.000,anomalies_unique,1
225.000,investigation_timeouts,0
225.000,mission_duration_s,180.94400000000002
225.000,distance_traveled_m,44.43128594917391
225.000,route_deviations,2
225.000,investigation_time_s,11.600000000000023
225.000,hazard_avoidances,1
225.000,min_hazard_distance_m,5.029199851970939
225.000,collisions,0
225.000,time_below_clearance_s,0.0
225.000,safety_zone_violations,0
225.000,min_ttc_s,15.43169345391454
225.000,avoid_success,1
225.000,avoid_timeout,0
225.000,q_convergence,0.6103459359674155
225.000,update_residual,0.11954699060909225
225.000,investigation_deferred,0
225.000,nav_aborted,0
225.000,nav_canceled,0
225.000,nav_rejected,0
225.000,run_seed,2
226.000,anomalies_detected,1
226.000,anomalies_unique,1
226.000,investigation_timeouts,0
226.000,mission_duration_s,181.94400000000002
226.000,distance_traveled_m,44.69336594537422
226.000,route_deviations,2
226.000,investigation_time_s,11.600000000000023
226.000,hazard_avoidances,1
226.000,min_hazard_distance_m,5.029199851970939
226.000,collisions,0
226.000,time_below_clearance_s,0.0
226.000,safety_zone_violations,0
226.000,min_ttc_s,15.43169345391454
226.000,avoid_success,1
226.000,avoid_timeout,0
226.000,q_convergence,0.4618241023228769
226.000,update_residual,0.09591794769278579
226.000,investigation_deferred,0
226.000,nav_aborted,0
226.000,nav_canceled,0
226.000,nav_rejected,0
226.000,run_seed,2
227.000,anomalies_detected,1
227.000,anomalies_unique,1
227.000,investigation_timeouts,0
227.000,mission_duration_s,182.94400000000002
227.000,distance_traveled_m,44.95544594326515
227.000,route_deviations,2
227.000,investigation_time_s,11.600000000000023
227.000,hazard_avoidances,1
227.000,min_hazard_distance_m,5.029199851970939
227.000,collisions,0
227.000,time_below_clearance_s,0.0
227.000,safety_zone_violations,0
227.000,min_ttc_s,15.43169345391454
227.000,avoid_success,1
227.000,avoid_timeout,0
227.000,q_convergence,0.8903123105394444
227.000,update_residual,0.1282867802638376
227.000,investigation_deferred,0
227.000,nav_aborted,0
227.000,nav_canceled,0
227.000,nav_rejected,0
227.000,run_seed,2
228.000,anomalies_detected,1
228.000,anomalies_unique,1
228.000,investigation_timeouts,0
228.000,mission_duration_s,183.94400000000002
228.000,distance_traveled_m,45.20782862908728
228.000,route_deviations,2
228.000,investigation_time_s,11.600000000000023
228.000,hazard_avoidances,1
228.000,min_hazard_distance_m,5.029199851970939
228.000,collisions,0
228.000,time_below_clearance_s,0.0
228.000,safety_zone_violations,0
228.000,min_ttc_s,15.43169345391454
228.000,avoid_success,1
228.000,avoid_timeout,0
228.000,q_convergence,0.9567344604413377
228.000,update_residual,0.13492899525402693
228.000,investigation_deferred,0
228.000,nav_aborted,0
228.000,nav_canceled,0
228.000,nav_rejected,0
228.000,run_seed,2
229.000,anomalies_detected,1
229.000,anomalies_unique,1
229.000,investigation_timeouts,0
229.000,mission_duration_s,184.94400000000002
229.000,distance_traveled_m,45.321365794408784
229.000,route_deviations,2
229.000,investigation_time_s,11.600000000000023
229.000,hazard_avoidances,1
229.000,min_hazard_distance_m,5.029199851970939
229.000,collisions,0
229.000,time_below_clearance_s,0.0
229.000,safety_zone_violations,0
229.000,min_ttc_s,15.43169345391454
229.000,avoid_success,1
229.000,avoid_timeout,0
229.000,q_convergence,0.8219145137080136
229.000,update_residual,0.11812537718601127
229.000,investigation_deferred,0
229.000,nav_aborted,0
229.000,nav_canceled,0
229.000,nav_rejected,0
229.000,run_seed,2
230.000,anomalies_detected,1
230.000,anomalies_unique,1
230.000,investigation_timeouts,0
230.000,mission_duration_s,185.94400000000002
230.000,distance_traveled_m,45.372731556750175
230.000,route_deviations,2
230.000,investigation_time_s,11.600000000000023
230.000,hazard_avoidances,1
230.000,min_hazard_distance_m,5.029199851970939
230.000,collisions,0
230.000,time_below_clearance_s,0.0
230.000,safety_zone_violations,0
230.000,min_ttc_s,15.43169345391454
230.000,avoid_success,1
230.000,avoid_timeout,0
230.000,q_convergence,0.667232870782069
230.000,update_residual,0.10265721289341677
230.000,investigation_deferred,0
230.000,nav_aborted,0
230.000,nav_canceled,0
230.000,nav_rejected,0
230.000,run_seed,2
231.000,anomalies_detected,1
231.000,anomalies_unique,1
231.000,investigation_timeouts,0
231.000,mission_duration_s,186.94400000000002
231.000,distance_traveled_m,45.40155100990932
231.000,route_deviations,2
231.000,investigation_time_s,11.600000000000023
231.000,hazard_avoidances,1
231.000,min_hazard_distance_m,5.029199851970939
231.000,collisions,0
231.000,time_below_clearance_s,0.0
231.000,safety_zone_violations,0
231.000,min_ttc_s,15.43169345391454
231.000,avoid_success,1
231.000,avoid_timeout,0
231.000,q_convergence,0.5383554648360442
231.000,update_residual,0.08437938342653283
231.000,investigation_deferred,0
231.000,nav_aborted,0
231.000,nav_canceled,0
231.000,nav_rejected,0
231.000,run_seed,2
232.000,anomalies_detected,1
232.000,anomalies_unique,1
232.000,investigation_timeouts,0
232.000,mission_duration_s,187.94400000000002
232.000,distance_traveled_m,45.43537466274625
232.000,route_deviations,2
232.000,investigation_time_s,11.600000000000023
232.000,hazard_avoidances,1
232.000,min_hazard_distance_m,5.029199851970939
232.000,collisions,0
232.000,time_below_clearance_s,0.0
232.000,safety_zone_violations,0
232.000,min_ttc_s,15.43169345391454
232.000,avoid_success,1
232.000,avoid_timeout,0
232.000,q_convergence,0.43270830573866614
232.000,update_residual,0.06923309197535575
232.000,investigation_deferred,0
232.000,nav_aborted,0
232.000,nav_canceled,0
232.000,nav_rejected,0
232.000,run_seed,2
233.000,anomalies_detected,1
233.000,anomalies_unique,1
233.000,investigation_timeouts,0
233.000,mission_duration_s,188.94400000000002
233.000,distance_traveled_m,45.63005386534118
233.000,route_deviations,2
233.000,investigation_time_s,11.600000000000023
233.000,hazard_avoidances,1
233.000,min_hazard_distance_m,5.029199851970939
233.000,collisions,0
233.000,time_below_clearance_s,0.0
233.000,safety_zone_violations,0
233.000,min_ttc_s,15.43169345391454
233.000,avoid_success,1
233.000,avoid_timeout,0
233.000,q_convergence,0.34204964570554297
233.000,update_residual,0.0601672259720434
233.000,investigation_deferred,0
233.000,nav_aborted,0
233.000,nav_canceled,0
233.000,nav_rejected,0
233.000,run_seed,2
234.000,anomalies_detected,1
234.000,anomalies_unique,1
234.000,investigation_timeouts,0
234.000,mission_duration_s,189.94400000000002
234.000,distance_traveled_m,45.882773483379
234.000,route_deviations,2
234.000,investigation_time_s,11.600000000000023
234.000,hazard_avoidances,1
234.000,min_hazard_distance_m,5.029199851970939
234.000,collisions,0
234.000,time_below_clearance_s,0.0
234.000,safety_zone_violations,0
234.000,min_ttc_s,15.43169345391454
234.000,avoid_success,1
234.000,avoid_timeout,0
234.000,q_convergence,0.265780711026058
234.000,update_residual,0.04864599329387156
234.000,investigation_deferred,0
234.000,nav_aborted,0
234.000,nav_canceled,0
234.000,nav_rejected,0
234.000,run_seed,2
235.000,anomalies_detected,1
235.000,anomalies_unique,1
235.000,investigation_timeouts,0
235.000,mission_duration_s,190.94400000000002
235.000,distance_traveled_m,46.14485342125731
235.000,route_deviations,2
235.000,investigation_time_s,11.600000000000023
235.000,hazard_avoidances,1
235.000,min_hazard_distance_m,5.029199851970939
235.000,collisions,0
235.000,time_below_clearance_s,0.0
235.000,safety_zone_violations,0
235.000,min_ttc_s,15.43169345391454
235.000,avoid_success,1
235.000,avoid_timeout,0
235.000,q_convergence,0.20518132398763547
235.000,update_residual,0.03927586626133945
235.000,investigation_deferred,0
235.000,nav_aborted,0
235.000,nav_canceled,0
235.000,nav_rejected,0
235.000,run_seed,2
236.000,anomalies_detected,1
236.000,anomalies_unique,1
236.000,investigation_timeouts,0
236.000,mission_duration_s,191.94400000000002
236.000,distance_traveled_m,46.406933415512704
236.000,route_deviations,2
236.000,investigation_time_s,11.600000000000023
236.000,hazard_avoidances,1
236.000,min_hazard_distance_m,5.029199851970939
236.000,collisions,0
236.000,time_below_clearance_s,0.0
236.000,safety_zone_violations,0
236.000,min_ttc_s,15.43169345391454
236.000,avoid_success,1
236.000,avoid_timeout,0
236.000,q_convergence,0.7333659240920601
236.000,update_residual,0.08814180377931058
236.000,investigation_deferred,0
236.000,nav_aborted,0
236.000,nav_canceled,0
236.000,nav_rejected,0
236.000,run_seed,2
237.000,anomalies_detected,1
237.000,anomalies_unique,1
237.000,investigation_timeouts,0
237.000,mission_duration_s,192.94400000000002
237.000,distance_traveled_m,46.66901336252534
237.000,route_deviations,2
237.000,investigation_time_s,11.600000000000023
237.000,hazard_avoidances,1
237.000,min_hazard_distance_m,5.029199851970939
237.000,collisions,0
237.000,time_below_clearance_s,0.0
237.000,safety_zone_violations,0
237.000,min_ttc_s,15.43169345391454
237.000,avoid_success,1
237.000,avoid_timeout,0
237.000,q_convergence,0.9325914578265404
237.000,update_residual,0.1068116084983651
237.000,investigation_deferred,0
237.000,nav_aborted,0
237.000,nav_canceled,0
237.000,nav_rejected,0
237.000,run_seed,2
238.000,anomalies_detected,1
238.000,anomalies_unique,1
238.000,investigation_timeouts,0
238.000,mission_duration_s,193.94400000000002
238.000,distance_traveled_m,46.93109308766496
238.000,route_deviations,2
238.000,investigation_time_s,11.600000000000023
238.000,hazard_avoidances,1
238.000,min_hazard_distance_m,5.029199851970939
238.000,collisions,0
238.000,time_below_clearance_s,0.0
238.000,safety_zone_violations,0
238.000,min_ttc_s,15.43169345391454
238.000,avoid_success,1
238.000,avoid_timeout,0
238.000,q_convergence,0.815675426862737
238.000,update_residual,0.09512000540198481
238.000,investigation_deferred,0
238.000,nav_aborted,0
238.000,nav_canceled,0
238.000,nav_rejected,0
238.000,run_seed,2
239.000,anomalies_detected,1
239.000,anomalies_unique,1
239.000,investigation_timeouts,0
239.000,mission_duration_s,194.94400000000002
239.000,distance_traveled_m,47.18381233644432
239.000,route_deviations,2
239.000,investigation_time_s,11.600000000000023
239.000,hazard_avoidances,1
239.000,min_hazard_distance_m,5.029199851970939
239.000,collisions,0
239.000,time_below_clearance_s,0.0
239.000,safety_zone_violations,0
239.000,min_ttc_s,15.43169345391454
239.000,avoid_success,1
239.000,avoid_timeout,0
239.000,q_convergence,0.692433168986572
239.000,update_residual,0.08076291020701165
239.000,investigation_deferred,0
239.000,nav_aborted,0
239.000,nav_canceled,0
239.000,nav_rejected,0
239.000,run_seed,2
240.000,anomalies_detected,1
240.000,anomalies_unique,1
240.000,investigation_timeouts,0
240.000,mission_duration_s,195.94400000000002
240.000,distance_traveled_m,47.44589151502442
240.000,route_deviations,2
240.000,investigation_time_s,11.600000000000023
240.000,hazard_avoidances,1
240.000,min_hazard_distance_m,5.029199851970939
240.000,collisions,0
240.000,time_below_clearance_s,0.0
240.000,safety_zone_violations,0
240.000,min_ttc_s,15.43169345391454
240.000,avoid_success,1
240.000,avoid_timeout,0
240.000,q_convergence,0.5894750795735288
240.000,update_residual,0.06873916226945415
240.000,investigation_deferred,0
240.000,nav_aborted,0
240.000,nav_canceled,0
240.000,nav_rejected,0
240.000,run_seed,2
241.000,anomalies_detected,1
241.000,anomalies_unique,1
241.000,investigation_timeouts,0
241.000,mission_duration_s,196.94400000000002
241.000,distance_traveled_m,47.70797104505965
241.000,route_deviations,2
241.000,investigation_time_s,11.600000000000023
241.000,hazard_avoidances,1
241.000,min_hazard_distance_m,5.029199851970939
241.000,collisions,0
241.000,time_below_clearance_s,0.0
241.000,safety_zone_violations,0
241.000,min_ttc_s,15.43169345391454
241.000,avoid_success,1
241.000,avoid_timeout,0
241.000,q_convergence,0.5009967521219668
241.000,update_residual,0.05989132952429794
241.000,investigation_deferred,0
241.000,nav_aborted,0
241.000,nav_canceled,0
241.000,nav_rejected,0
241.000,run_seed,2
242.000,anomalies_detected,1
242.000,anomalies_unique,1
242.000,investigation_timeouts,0
242.000,mission_duration_s,197.94400000000002
242.000,distance_traveled_m,47.97005080437381
242.000,route_deviations,2
242.000,investigation_time_s,11.600000000000023
242.000,hazard_avoidances,1
242.000,min_hazard_distance_m,5.029199851970939
242.000,collisions,0
242.000,time_below_clearance_s,0.0
242.000,safety_zone_violations,0
242.000,min_ttc_s,15.43169345391454
242.000,avoid_success,1
242.000,avoid_timeout,0
242.000,q_convergence,1.2283374223341352
242.000,update_residual,0.1299676618036587
242.000,investigation_deferred,0
242.000,nav_aborted,0
242.000,nav_canceled,0
242.000,nav_rejected,0
242.000,run_seed,2
243.000,anomalies_detected,1
243.000,anomalies_unique,1
243.000,investigation_timeouts,0
243.000,mission_duration_s,198.94400000000002
243.000,distance_traveled_m,48.22277077151996
243.000,route_deviations,2
243.000,investigation_time_s,11.600000000000023
243.000,hazard_avoidances,1
243.000,min_hazard_distance_m,5.029199851970939
243.000,collisions,0
243.000,time_below_clearance_s,0.0
243.000,safety_zone_violations,0
243.000,min_ttc_s,15.43169345391454
243.000,avoid_success,1
243.000,avoid_timeout,0
243.000,q_convergence,0.9106489069267818
243.000,update_residual,0.09813936093317133
243.000,investigation_deferred,0
243.000,nav_aborted,0
243.000,nav_canceled,0
243.000,nav_rejected,0
243.000,run_seed,2
244.000,anomalies_detected,1
244.000,anomalies_unique,1
244.000,investigation_timeouts,0
244.000,mission_duration_s,199.94400000000002
244.000,distance_traveled_m,48.48485076697759
244.000,route_deviations,2
244.000,investigation_time_s,11.600000000000023
244.000,hazard_avoidances,1
244.000,min_hazard_distance_m,5.029199851970939
244.000,collisions,0
244.000,time_below_clearance_s,0.0
244.000,safety_zone_violations,0
244.000,min_ttc_s,15.43169345391454
244.000,avoid_success,1
244.000,avoid_timeout,0
244.000,q_convergence,0.7848912392561296
244.000,update_residual,0.08450242363003217
244.000,investigation_deferred,0
244.000,nav_aborted,0
244.000,nav_canceled,0
244.000,nav_rejected,0
244.000,run_seed,2
245.000,anomalies_detected,1
245.000,anomalies_unique,1
245.000,investigation_timeouts,0
245.000,mission_duration_s,200.94400000000002
245.000,distance_traveled_m,48.74693075941724
245.000,route_deviations,2
245.000,investigation_time_s,11.600000000000023
245.000,hazard_avoidances,1
245.000,min_hazard_distance_m,5.029199851970939
245.000,collisions,0
245.000,time_below_clearance_s,0.0
245.000,safety_zone_violations,0
245.000,min_ttc_s,15.43169345391454
245.000,avoid_success,1
245.000,avoid_timeout,0
245.000,q_convergence,0.6761230660409748
245.000,update_residual,0.07362560630851668
245.000,investigation_deferred,0
245.000,nav_aborted,0
245.000,nav_canceled,0
245.000,nav_rejected,0
245.000,run_seed,2
246.000,anomalies_detected,1
246.000,anomalies_unique,1
246.000,investigation_timeouts,0
246.000,mission_duration_s,201.94400000000002
246.000,distance_traveled_m,49.00901075674471
246.000,route_deviations,2
246.000,investigation_time_s,11.600000000000023
246.000,hazard_avoidances,1
246.000,min_hazard_distance_m,5.029199851970939
246.000,collisions,0
246.000,time_below_clearance_s,0.0
246.000,safety_zone_violations,0
246.000,min_ttc_s,15.43169345391454
246.000,avoid_success,1
246.000,avoid_timeout,0
246.000,q_convergence,0.9484268663095687
246.000,update_residual,0.09958889818337345
246.000,investigation_deferred,0
246.000,nav_aborted,0
246.000,nav_canceled,0
246.000,nav_rejected,0
246.000,run_seed,2
247.000,anomalies_detected,1
247.000,anomalies_unique,1
247.000,investigation_timeouts,0
247.000,mission_duration_s,202.94400000000002
247.000,distance_traveled_m,49.27109075566857
247.000,route_deviations,2
247.000,investigation_time_s,11.600000000000023
247.000,hazard_avoidances,1
247.000,min_hazard_distance_m,5.029199851970939
247.000,collisions,0
247.000,time_below_clearance_s,0.0
247.000,safety_zone_violations,0
247.000,min_ttc_s,15.43169345391454
247.000,avoid_success,1
247.000,avoid_timeout,0
247.000,q_convergence,0.8986281814412751
247.000,update_residual,0.09420742718057037
247.000,investigation_deferred,0
247.000,nav_aborted,0
247.000,nav_canceled,0
247.000,nav_rejected,0
247.000,run_seed,2
248.000,anomalies_detected,1
248.000,anomalies_unique,1
248.000,investigation_timeouts,0
248.000,mission_duration_s,203.94400000000002
248.000,distance_traveled_m,49.52381075456409
248.000,route_deviations,2
248.000,investigation_time_s,11.600000000000023
248.000,hazard_avoidances,1
248.000,min_hazard_distance_m,5.029199851970939
248.000,collisions,0
248.000,time_below_clearance_s,0.0
248.000,safety_zone_violations,0
248.000,min_ttc_s,15.43169345391454
248.000,avoid_success,1
248.000,avoid_timeout,0
248.000,q_convergence,0.7752663775744376
248.000,update_residual,0.08187124679388666
248.000,investigation_deferred,0
248.000,nav_aborted,0
248.000,nav_canceled,0
248.000,nav_rejected,0
248.000,run_seed,2
249.000,anomalies_detected,1
249.000,anomalies_unique,1
249.000,investigation_timeouts,0
249.000,mission_duration_s,204.94400000000002
249.000,distance_traveled_m,49.7858907534366
249.000,route_deviations,2
249.000,investigation_time_s,11.600000000000023
249.000,hazard_avoidances,1
249.000,min_hazard_distance_m,5.029199851970939
249.000,collisions,0
249.000,time_below_clearance_s,0.0
249.000,safety_zone_violations,0
249.000,min_ttc_s,15.43169345391454
249.000,avoid_success,1
249.000,avoid_timeout,0
249.000,q_convergence,0.6702093022588338
249.000,update_residual,0.07071384790685982
249.000,investigation_deferred,0
249.000,nav_aborted,0
249.000,nav_canceled,0
249.000,nav_rejected,0
249.000,run_seed,2
250.000,anomalies_detected,1
250.000,anomalies_unique,1
250.000,investigation_timeouts,0
250.000,mission_duration_s,205.94400000000002
250.000,distance_traveled_m,50.04797075255132
250.000,route_deviations,2
250.000,investigation_time_s,11.600000000000023
250.000,hazard_avoidances,1
250.000,min_hazard_distance_m,5.029199851970939
250.000,collisions,0
250.000,time_below_clearance_s,0.0
250.000,safety_zone_violations,0
250.000,min_ttc_s,15.43169345391454
250.000,avoid_success,1
250.000,avoid_timeout,0
250.000,q_convergence,0.99490440582028
250.000,update_residual,0.10240520775165586
250.000,investigation_deferred,0
250.000,nav_aborted,0
250.000,nav_canceled,0
250.000,nav_rejected,0
250.000,run_seed,2
251.000,anomalies_detected,1
251.000,anomalies_unique,1
251.000,investigation_timeouts,0
251.000,mission_duration_s,206.94400000000002
251.000,distance_traveled_m,50.310050751623535
251.000,route_deviations,2
251.000,investigation_time_s,11.600000000000023
251.000,hazard_avoidances,1
251.000,min_hazard_distance_m,5.029199851970939
251.000,collisions,0
251.000,time_below_clearance_s,0.0
251.000,safety_zone_violations,0
251.000,min_ttc_s,15.43169345391454
251.000,avoid_success,1
251.000,avoid_timeout,0
251.000,q_convergence,0.8818589090181451
251.000,update_residual,0.09085402392631996
251.000,investigation_deferred,0
251.000,nav_aborted,0
251.000,nav_canceled,0
251.000,nav_rejected,0
251.000,run_seed,2
252.000,anomalies_detected,1
252.000,anomalies_unique,1
252.000,investigation_timeouts,0
252.000,mission_duration_s,207.94400000000002
252.000,distance_traveled_m,50.56277075066172
252.000,route_deviations,2
252.000,investigation_time_s,11.600000000000023
252.000,hazard_avoidances,1
252.000,min_hazard_distance_m,5.029199851970939
252.000,collisions,0
252.000,time_below_clearance_s,0.0
252.000,safety_zone_violations,0
252.000,min_ttc_s,15.43169345391454
252.000,avoid_success,1
252.000,avoid_timeout,0
252.000,q_convergence,0.7631470855070184
252.000,update_residual,0.0785826216215315
252.000,investigation_deferred,0
252.000,nav_aborted,0
252.000,nav_canceled,0
252.000,nav_rejected,0
252.000,run_seed,2
253.000,anomalies_detected,1
253.000,anomalies_unique,1
253.000,investigation_timeouts,0
253.000,mission_duration_s,208.94400000000002
253.000,distance_traveled_m,50.82485074972014
253.000,route_deviations,2
253.000,investigation_time_s,11.600000000000023
253.000,hazard_avoidances,1
253.000,min_hazard_distance_m,5.029199851970939
253.000,collisions,0
253.000,time_below_clearance_s,0.0
253.000,safety_zone_violations,0
253.000,min_ttc_s,15.43169345391454
253.000,avoid_success,1
253.000,avoid_timeout,0
253.000,q_convergence,0.6619198297722158
253.000,update_residual,0.06845989604805122
253.000,investigation_deferred,0
253.000,nav_aborted,0
253.000,nav_canceled,0
253.000,nav_rejected,0
253.000,run_seed,2
254.000,anomalies_detected,1
254.000,anomalies_unique,1
254.000,investigation_timeouts,0
254.000,mission_duration_s,209.94400000000002
254.000,distance_traveled_m,51.086930748578354
254.000,route_deviations,2
254.000,investigation_time_s,11.600000000000023
254.000,hazard_avoidances,1
254.000,min_hazard_distance_m,5.029199851970939
254.000,collisions,0
254.000,time_below_clearance_s,0.0
254.000,safety_zone_violations,0
254.000,min_ttc_s,15.43169345391454
254.000,avoid_success,1
254.000,avoid_timeout,0
254.000,q_convergence,1.0389539568351942
254.000,update_residual,0.10568542707156711
254.000,investigation_deferred,0
254.000,nav_aborted,0
254.000,nav_canceled,0
254.000,nav_rejected,0
254.000,run_seed,2
255.000,anomalies_detected,1
255.000,anomalies_unique,1
255.000,investigation_timeouts,0
255.000,mission_duration_s,210.94400000000002
255.000,distance_traveled_m,51.34901074768906
255.000,route_deviations,2
255.000,investigation_time_s,11.600000000000023
255.000,hazard_avoidances,1
255.000,min_hazard_distance_m,5.029199851970939
255.000,collisions,0
255.000,time_below_clearance_s,0.0
255.000,safety_zone_violations,0
255.000,min_ttc_s,15.43169345391454
255.000,avoid_success,1
255.000,avoid_timeout,0
255.000,q_convergence,0.8652228632441137
255.000,update_residual,0.08816085351808578
255.000,investigation_deferred,0
255.000,nav_aborted,0
255.000,nav_canceled,0
255.000,nav_rejected,0
255.000,run_seed,2
256.000,anomalies_detected,1
256.000,anomalies_unique,1
256.000,investigation_timeouts,0
256.000,mission_duration_s,211.94400000000002
256.000,distance_traveled_m,51.611090746830094
256.000,route_deviations,2
256.000,investigation_time_s,11.600000000000023
256.000,hazard_avoidances,1
256.000,min_hazard_distance_m,5.029199851970939
256.000,collisions,0
256.000,time_below_clearance_s,0.0
256.000,safety_zone_violations,0
256.000,min_ttc_s,15.43169345391454
256.000,avoid_success,1
256.000,avoid_timeout,0
256.000,q_convergence,0.7499378015480022
256.000,update_residual,0.07638656226942346
256.000,investigation_deferred,0
256.000,nav_aborted,0
256.000,nav_canceled,0
256.000,nav_rejected,0
256.000,run_seed,2
257.000,anomalies_detected,1
257.000,anomalies_unique,1
257.000,investigation_timeouts,0
257.000,mission_duration_s,212.94400000000002
257.000,distance_traveled_m,51.86381074600413
257.000,route_deviations,2
257.000,investigation_time_s,11.600000000000023
257.000,hazard_avoidances,1
257.000,min_hazard_distance_m,5.029199851970939
257.000,collisions,0
257.000,time_below_clearance_s,0.0
257.000,safety_zone_violations,0
257.000,min_ttc_s,15.43169345391454
257.000,avoid_success,1
257.000,avoid_timeout,0
257.000,q_convergence,0.6500469812746571
257.000,update_residual,0.06618856292489549
257.000,investigation_deferred,0
257.000,nav_aborted,0
257.000,nav_canceled,0
257.000,nav_rejected,0
257.000,run_seed,2
258.000,anomalies_detected,1
258.000,anomalies_unique,1
258.000,investigation_timeouts,0
258.000,mission_duration_s,213.94400000000002
258.000,distance_traveled_m,52.12589074500184
258.000,route_deviations,2
258.000,investigation_time_s,11.600000000000023
258.000,hazard_avoidances,1
258.000,min_hazard_distance_m,5.029199851970939
258.000,collisions,0
258.000,time_below_clearance_s,0.0
258.000,safety_zone_violations,0
258.000,min_ttc_s,15.43169345391454
258.000,avoid_success,1
258.000,avoid_timeout,0
258.000,q_convergence,1.1089475788321228
258.000,update_residual,0.11199092899194353
258.000,investigation_deferred,0
258.000,nav_aborted,0
258.000,nav_canceled,0
258.000,nav_rejected,0
258.000,run_seed,2
259.000,anomalies_detected,1
259.000,anomalies_unique,1
259.000,investigation_timeouts,0
259.000,mission_duration_s,214.94400000000002
259.000,distance_traveled_m,52.38797074413387
259.000,route_deviations,2
259.000,investigation_time_s,11.600000000000023
259.000,hazard_avoidances,1
259.000,min_hazard_distance_m,5.029199851970939
259.000,collisions,0
259.000,time_below_clearance_s,0.0
259.000,safety_zone_violations,0
259.000,min_ttc_s,15.43169345391454
259.000,avoid_success,1
259.000,avoid_timeout,0
259.000,q_convergence,0.8444075530592698
259.000,update_residual,0.08544704038374232
259.000,investigation_deferred,0
259.000,nav_aborted,0
259.000,nav_canceled,0
259.000,nav_rejected,0
259.000,run_seed,2
260.000,anomalies_detected,1
260.000,anomalies_unique,1
260.000,investigation_timeouts,0
260.000,mission_duration_s,215.94400000000002
260.000,distance_traveled_m,52.65005074323817
260.000,route_deviations,2
260.000,investigation_time_s,11.600000000000023
260.000,hazard_avoidances,1
260.000,min_hazard_distance_m,5.029199851970939
260.000,collisions,0
260.000,time_below_clearance_s,0.0
260.000,safety_zone_violations,0
260.000,min_ttc_s,15.43169345391454
260.000,avoid_success,1
260.000,avoid_timeout,0
260.000,q_convergence,0.7326148192921711
260.000,update_residual,0.07411682424536013
260.000,investigation_deferred,0
260.000,nav_aborted,0
260.000,nav_canceled,0
260.000,nav_rejected,0
260.000,run_seed,2
261.000,anomalies_detected,1
261.000,anomalies_unique,1
261.000,investigation_timeouts,0
261.000,mission_duration_s,216.94400000000002
261.000,distance_traveled_m,52.90277074241781
261.000,route_deviations,2
261.000,investigation_time_s,11.600000000000023
261.000,hazard_avoidances,1
261.000,min_hazard_distance_m,5.029199851970939
261.000,collisions,0
261.000,time_below_clearance_s,0.0
261.000,safety_zone_violations,0
261.000,min_ttc_s,15.43169345391454
261.000,avoid_success,1
261.000,avoid_timeout,0
261.000,q_convergence,0.6355610581458875
261.000,update_residual,0.06441144813073178
261.000,investigation_deferred,0
261.000,nav_aborted,0
261.000,nav_canceled,0
261.000,nav_rejected,0
261.000,run_seed,2
262.000,anomalies_detected,1
262.000,anomalies_unique,1
262.000,investigation_timeouts,0
262.000,mission_duration_s,217.94400000000002
262.000,distance_traveled_m,53.1648507415609
262.000,route_deviations,2
262.000,investigation_time_s,11.600000000000023
262.000,hazard_avoidances,1
262.000,min_hazard_distance_m,5.029199851970939
262.000,collisions,0
262.000,time_below_clearance_s,0.0
262.000,safety_zone_violations,0
262.000,min_ttc_s,15.43169345391454
262.000,avoid_success,1
262.000,avoid_timeout,0
262.000,q_convergence,1.1539737848075318
262.000,update_residual,0.11607056456290278
262.000,investigation_deferred,0
262.000,nav_aborted,0
262.000,nav_canceled,0
262.000,nav_rejected,0
262.000,run_seed,2
263.000,anomalies_detected,1
263.000,anomalies_unique,1
263.000,investigation_timeouts,0
263.000,mission_duration_s,218.94400000000002
263.000,distance_traveled_m,53.42693074056787
263.000,route_deviations,2
263.000,investigation_time_s,11.600000000000023
263.000,hazard_avoidances,1
263.000,min_hazard_distance_m,5.029199851970939
263.000,collisions,0
263.000,time_below_clearance_s,0.0
263.000,safety_zone_violations,0
263.000,min_ttc_s,15.43169345391454
263.000,avoid_success,1
263.000,avoid_timeout,0
263.000,q_convergence,0.8281483203129858
263.000,update_residual,0.08343281685471186
263.000,investigation_deferred,0
263.000,nav_aborted,0
263.000,nav_canceled,0
263.000,nav_rejected,0
263.000,run_seed,2
264.000,anomalies_detected,1
264.000,anomalies_unique,1
264.000,investigation_timeouts,0
264.000,mission_duration_s,219.94400000000002
264.000,distance_traveled_m,53.68901073968438
264.000,route_deviations,2
264.000,investigation_time_s,11.600000000000023
264.000,hazard_avoidances,1
264.000,min_hazard_distance_m,5.029199851970939
264.000,collisions,0
264.000,time_below_clearance_s,0.0
264.000,safety_zone_violations,0
264.000,min_ttc_s,15.43169345391454
264.000,avoid_success,1
264.000,avoid_timeout,0
264.000,q_convergence,0.7188955459095308
264.000,update_residual,0.0725075394143664
264.000,investigation_deferred,0
264.000,nav_aborted,0
264.000,nav_canceled,0
264.000,nav_rejected,0
264.000,run_seed,2
265.000,anomalies_detected,1
265.000,anomalies_unique,1
265.000,investigation_timeouts,0
265.000,mission_duration_s,220.94400000000002
265.000,distance_traveled_m,53.9510907388012
265.000,route_deviations,2
265.000,investigation_time_s,11.600000000000023
265.000,hazard_avoidances,1
265.000,min_hazard_distance_m,5.029199851970939
265.000,collisions,0
265.000,time_below_clearance_s,0.0
265.000,safety_zone_violations,0
265.000,min_ttc_s,15.43169345391454
265.000,avoid_success,1
265.000,avoid_timeout,0
265.000,q_convergence,0.8785160549062877
265.000,update_residual,0.08833937208339429
265.000,investigation_deferred,0
265.000,nav_aborted,0
265.000,nav_canceled,0
265.000,nav_rejected,0
265.000,run_seed,2
266.000,anomalies_detected,1
266.000,anomalies_unique,1
266.000,investigation_timeouts,0
266.000,mission_duration_s,221.94400000000002
266.000,distance_traveled_m,54.20381073797654
266.000,route_deviations,2
266.000,investigation_time_s,11.600000000000023
266.000,hazard_avoidances,1
266.000,min_hazard_distance_m,5.029199851970939
266.000,collisions,0
266.000,time_below_clearance_s,0.0
266.000,safety_zone_violations,0
266.000,min_ttc_s,15.43169345391454
266.000,avoid_success,1
266.000,avoid_timeout,0
266.000,q_convergence,0.930294828400727
266.000,update_residual,0.093554769939974
266.000,investigation_deferred,0
266.000,nav_aborted,0
266.000,nav_canceled,0
266.000,nav_rejected,0
266.000,run_seed,2
267.000,anomalies_detected,1
267.000,anomalies_unique,1
267.000,investigation_timeouts,0
267.000,mission_duration_s,222.94400000000002
267.000,distance_traveled_m,54.465890737095776
267.000,route_deviations,2
267.000,investigation_time_s,11.600000000000023
267.000,hazard_avoidances,1
267.000,min_hazard_distance_m,5.029199851970939
267.000,collisions,0
267.000,time_below_clearance_s,0.0
267.000,safety_zone_violations,0
267.000,min_ttc_s,15.43169345391454
267.000,avoid_success,1
267.000,avoid_timeout,0
267.000,q_convergence,0.8101086266791862
267.000,update_residual,0.08101086266791864
267.000,investigation_deferred,0
267.000,nav_aborted,0
267.000,nav_canceled,0
267.000,nav_rejected,0
267.000,run_seed,2
268.000,anomalies_detected,1
268.000,anomalies_unique,1
268.000,investigation_timeouts,0
268.000,mission_duration_s,223.94400000000002
268.000,distance_traveled_m,54.72797073606157
268.000,route_deviations,2
268.000,investigation_time_s,11.600000000000023
268.000,hazard_avoidances,1
268.000,min_hazard_distance_m,5.029199851970939
268.000,collisions,0
268.000,time_below_clearance_s,0.0
268.000,safety_zone_violations,0
268.000,min_ttc_s,15.43169345391454
268.000,avoid_success,1
268.000,avoid_timeout,0
268.000,q_convergence,0.7058346524609874
268.000,update_residual,0.07058346524609874
268.000,investigation_deferred,0
268.000,nav_aborted,0
268.000,nav_canceled,0
268.000,nav_rejected,0
268.000,run_seed,2
269.000,anomalies_detected,1
269.000,anomalies_unique,1
269.000,investigation_timeouts,0
269.000,mission_duration_s,224.94400000000002
269.000,distance_traveled_m,54.99005073517112
269.000,route_deviations,2
269.000,investigation_time_s,11.600000000000023
269.000,hazard_avoidances,1
269.000,min_hazard_distance_m,5.029199851970939
269.000,collisions,0
269.000,time_below_clearance_s,0.0
269.000,safety_zone_violations,0
269.000,min_ttc_s,15.43169345391454
269.000,avoid_success,1
269.000,avoid_timeout,0
269.000,q_convergence,0.9249495311784476
269.000,update_residual,0.09249495311784475
269.000,investigation_deferred,0
269.000,nav_aborted,0
269.000,nav_canceled,0
269.000,nav_rejected,0
269.000,run_seed,2
270.000,anomalies_detected,1
270.000,anomalies_unique,1
270.000,investigation_timeouts,0
270.000,mission_duration_s,225.94400000000002
270.000,distance_traveled_m,55.24277073411798
270.000,route_deviations,2
270.000,investigation_time_s,11.600000000000023
270.000,hazard_avoidances,1
270.000,min_hazard_distance_m,5.029199851970939
270.000,collisions,0
270.000,time_below_clearance_s,0.0
270.000,safety_zone_violations,0
270.000,min_ttc_s,15.43169345391454
270.000,avoid_success,1
270.000,avoid_timeout,0
270.000,q_convergence,0.912185020139498
270.000,update_residual,0.09121850201394976
270.000,investigation_deferred,0
270.000,nav_aborted,0
270.000,nav_canceled,0
270.000,nav_rejected,0
270.000,run_seed,2
271.000,anomalies_detected,1
271.000,anomalies_unique,1
271.000,investigation_timeouts,0
271.000,mission_duration_s,226.94400000000002
271.000,distance_traveled_m,55.504850733020106
271.000,route_deviations,2
271.000,investigation_time_s,11.600000000000023
271.000,hazard_avoidances,1
271.000,min_hazard_distance_m,5.029199851970939
271.000,collisions,0
271.000,time_below_clearance_s,0.0
271.000,safety_zone_violations,0
271.000,min_ttc_s,15.43169345391454
271.000,avoid_success,1
271.000,avoid_timeout,0
271.000,q_convergence,0.794680685967708
271.000,update_residual,0.07946806859677079
271.000,investigation_deferred,0
271.000,nav_aborted,0
271.000,nav_canceled,0
271.000,nav_rejected,0
271.000,run_seed,2
272.000,anomalies_detected,2
272.000,anomalies_unique,1
272.000,investigation_timeouts,0
272.000,mission_duration_s,227.94400000000002
272.000,distance_traveled_m,55.766930731766905
272.000,route_deviations,3
272.000,investigation_time_s,12.400000000000034
272.000,hazard_avoidances,1
272.000,min_hazard_distance_m,5.029199851970939
272.000,collisions,0
272.000,time_below_clearance_s,0.0
272.000,safety_zone_violations,0
272.000,min_ttc_s,15.43169345391454
272.000,avoid_success,1
272.000,avoid_timeout,0
272.000,q_convergence,0.9197874616799029
272.000,update_residual,0.30310896651560626
272.000,investigation_deferred,0
272.000,nav_aborted,0
272.000,nav_canceled,0
272.000,nav_rejected,0
272.000,run_seed,2
273.000,anomalies_detected,2
273.000,anomalies_unique,1
273.000,investigation_timeouts,0
273.000,mission_duration_s,228.94400000000002
273.000,distance_traveled_m,55.96384588233643
273.000,route_deviations,3
273.000,investigation_time_s,13.400000000000034
273.000,hazard_avoidances,1
273.000,min_hazard_distance_m,5.029199851970939
273.000,collisions,0
273.000,time_below_clearance_s,0.0
273.000,safety_zone_violations,0
273.000,min_ttc_s,15.43169345391454
273.000,avoid_success,1
273.000,avoid_timeout,0
273.000,q_convergence,1.03998727764908
273.000,update_residual,0.3235741569264286
273.000,investigation_deferred,0
273.000,nav_aborted,0
273.000,nav_canceled,0
273.000,nav_rejected,0
273.000,run_seed,2
274.000,anomalies_detected,2
274.000,anomalies_unique,1
274.000,investigation_timeouts,0
274.000,mission_duration_s,229.94400000000002
274.000,distance_traveled_m,56.225924106628305
274.000,route_deviations,3
274.000,investigation_time_s,14.400000000000034
274.000,hazard_avoidances,1
274.000,min_hazard_distance_m,5.029199851970939
274.000,collisions,0
274.000,time_below_clearance_s,0.0
274.000,safety_zone_violations,0
274.000,min_ttc_s,15.43169345391454
274.000,avoid_success,1
274.000,avoid_timeout,0
274.000,q_convergence,0.6665439406704096
274.000,update_residual,0.2676503638379713
274.000,investigation_deferred,0
274.000,nav_aborted,0
274.000,nav_canceled,0
274.000,nav_rejected,0
274.000,run_seed,2
275.000,anomalies_detected,2
275.000,anomalies_unique,1
275.000,investigation_timeouts,0
275.000,mission_duration_s,230.94400000000002
275.000,distance_traveled_m,56.478644063011615
275.000,route_deviations,3
275.000,investigation_time_s,15.400000000000034
275.000,hazard_avoidances,1
275.000,min_hazard_distance_m,5.029199851970939
275.000,collisions,0
275.000,time_below_clearance_s,0.0
275.000,safety_zone_violations,0
275.000,min_ttc_s,15.43169345391454
275.000,avoid_success,1
275.000,avoid_timeout,0
275.000,q_convergence,0.33555968844399614
275.000,update_residual,0.20440254314969047
275.000,investigation_deferred,0
275.000,nav_aborted,0
275.000,nav_canceled,0
275.000,nav_rejected,0
275.000,run_seed,2
276.000,anomalies_detected,2
276.000,anomalies_unique,1
276.000,investigation_timeouts,0
276.000,mission_duration_s,231.94400000000002
276.000,distance_traveled_m,56.7407240577198
276.000,route_deviations,3
276.000,investigation_time_s,16.400000000000034
276.000,hazard_avoidances,1
276.000,min_hazard_distance_m,5.029199851970939
276.000,collisions,0
276.000,time_below_clearance_s,0.0
276.000,safety_zone_violations,0
276.000,min_ttc_s,15.43169345391454
276.000,avoid_success,1
276.000,avoid_timeout,0
276.000,q_convergence,0.0813347437174009
276.000,update_residual,0.17807215599626872
276.000,investigation_deferred,0
276.000,nav_aborted,0
276.000,nav_canceled,0
276.000,nav_rejected,0
276.000,run_seed,2
277.000,anomalies_detected,2
277.000,anomalies_unique,1
277.000,investigation_timeouts,0
277.000,mission_duration_s,232.94400000000002
277.000,distance_traveled_m,57.002804053198204
277.000,route_deviations,3
277.000,investigation_time_s,17.400000000000034
277.000,hazard_avoidances,1
277.000,min_hazard_distance_m,5.029199851970939
277.000,collisions,0
277.000,time_below_clearance_s,0.0
277.000,safety_zone_violations,0
277.000,min_ttc_s,15.43169345391454
277.000,avoid_success,1
277.000,avoid_timeout,0
277.000,q_convergence,0.14038011085356963
277.000,update_residual,0.13118157707414024
277.000,investigation_deferred,0
277.000,nav_aborted,0
277.000,nav_canceled,0
277.000,nav_rejected,0
277.000,run_seed,2
278.000,anomalies_detected,2
278.000,anomalies_unique,1
278.000,investigation_timeouts,0
278.000,mission_duration_s,233.94400000000002
278.000,distance_traveled_m,57.26488402238659
278.000,route_deviations,3
278.000,investigation_time_s,18.400000000000034
278.000,hazard_avoidances,1
278.000,min_hazard_distance_m,5.029199851970939
278.000,collisions,0
278.000,time_below_clearance_s,0.0
278.000,safety_zone_violations,0
278.000,min_ttc_s,15.43169345391454
278.000,avoid_success,1
278.000,avoid_timeout,0
278.000,q_convergence,1.3076900613288196
278.000,update_residual,0.21402902533618834
278.000,investigation_deferred,0
278.000,nav_aborted,0
278.000,nav_canceled,0
278.000,nav_rejected,0
278.000,run_seed,2
279.000,anomalies_detected,2
279.000,anomalies_unique,1
279.000,investigation_timeouts,0
279.000,mission_duration_s,234.94400000000002
279.000,distance_traveled_m,57.51760398386632
279.000,route_deviations,3
279.000,investigation_time_s,19.400000000000034
279.000,hazard_avoidances,1
279.000,min_hazard_distance_m,5.029199851970939
279.000,collisions,0
279.000,time_below_clearance_s,0.0
279.000,safety_zone_violations,0
279.000,min_ttc_s,15.43169345391454
279.000,avoid_success,1
279.000,avoid_timeout,0
279.000,q_convergence,0.94199561016419
279.000,update_residual,0.20881930738516497
279.000,investigation_deferred,0
279.000,nav_aborted,0
279.000,nav_canceled,0
279.000,nav_rejected,0
279.000,run_seed,2
280.000,anomalies_detected,2
280.000,anomalies_unique,1
280.000,investigation_timeouts,0
280.000,mission_duration_s,235.94400000000002
280.000,distance_traveled_m,57.77968397539372
280.000,route_deviations,3
280.000,investigation_time_s,20.400000000000034
280.000,hazard_avoidances,1
280.000,min_hazard_distance_m,5.029199851970939
280.000,collisions,0
280.000,time_below_clearance_s,0.0
280.000,safety_zone_violations,0
280.000,min_ttc_s,15.43169345391454
280.000,avoid_success,1
280.000,avoid_timeout,0
280.000,q_convergence,0.7284760070369086
280.000,update_residual,0.19628425063926347
280.000,investigation_deferred,0
280.000,nav_aborted,0
280.000,nav_canceled,0
280.000,nav_rejected,0
280.000,run_seed,2
281.000,anomalies_detected,2
281.000,anomalies_unique,1
281.000,investigation_timeouts,0
281.000,mission_duration_s,236.94400000000002
281.000,distance_traveled_m,58.041461287205834
281.000,route_deviations,3
281.000,investigation_time_s,21.400000000000034
281.000,hazard_avoidances,1
281.000,min_hazard_distance_m,5.029199851970939
281.000,collisions,0
281.000,time_below_clearance_s,0.0
281.000,safety_zone_violations,0
281.000,min_ttc_s,15.43169345391454
281.000,avoid_success,1
281.000,avoid_timeout,0
281.000,q_convergence,0.48779960120815463
281.000,update_residual,0.15370111256605218
281.000,investigation_deferred,0
281.000,nav_aborted,0
281.000,nav_canceled,0
281.000,nav_rejected,0
281.000,run_seed,2
282.000,anomalies_detected,2
282.000,anomalies_unique,1
282.000,investigation_timeouts,0
282.000,mission_duration_s,237.94400000000002
282.000,distance_traveled_m,58.28122564950998
282.000,route_deviations,3
282.000,investigation_time_s,22.400000000000034
282.000,hazard_avoidances,1
282.000,min_hazard_distance_m,5.029199851970939
282.000,collisions,0
282.000,time_below_clearance_s,0.0
282.000,safety_zone_violations,0
282.000,min_ttc_s,15.43169345391454
282.000,avoid_success,1
282.000,avoid_timeout,0
282.000,q_convergence,0.29670957055026853
282.000,update_residual,0.11885393663347807
282.000,investigation_deferred,0
282.000,nav_aborted,0
282.000,nav_canceled,0
282.000,nav_rejected,0
282.000,run_seed,2
283.000,anomalies_detected,2
283.000,anomalies_unique,1
283.000,investigation_timeouts,0
283.000,mission_duration_s,238.94400000000002
283.000,distance_traveled_m,58.281225649553114
283.000,route_deviations,3
283.000,investigation_time_s,23.400000000000034
283.000,hazard_avoidances,1
283.000,min_hazard_distance_m,5.029199851970939
283.000,collisions,0
283.000,time_below_clearance_s,0.0
283.000,safety_zone_violations,0
283.000,min_ttc_s,15.43169345391454
283.000,avoid_success,1
283.000,avoid_timeout,0
283.000,q_convergence,0.14107390085219393
283.000,update_residual,0.10329036966367064
283.000,investigation_deferred,0
283.000,nav_aborted,0
283.000,nav_canceled,0
283.000,nav_rejected,0
283.000,run_seed,2
284.000,anomalies_detected,2
284.000,anomalies_unique,1
284.000,investigation_timeouts,0
284.000,mission_duration_s,239.94400000000002
284.000,distance_traveled_m,58.28122564955855
284.000,route_deviations,3
284.000,investigation_time_s,24.400000000000034
284.000,hazard_avoidances,1
284.000,min_hazard_distance_m,5.029199851970939
284.000,collisions,0
284.000,time_below_clearance_s,0.0
284.000,safety_zone_violations,0
284.000,min_ttc_s,15.43169345391454
284.000,avoid_success,1
284.000,avoid_timeout,0
284.000,q_convergence,0.028851665949787404
284.000,update_residual,0.07725240085560478
284.000,investigation_deferred,0
284.000,nav_aborted,0
284.000,nav_canceled,0
284.000,nav_rejected,0
284.000,run_seed,2
285.000,anomalies_detected,2
285.000,anomalies_unique,1
285.000,investigation_timeouts,0
285.000,mission_duration_s,240.94400000000002
285.000,distance_traveled_m,58.28122564956021
285.000,route_deviations,3
285.000,investigation_time_s,25.400000000000034
285.000,hazard_avoidances,1
285.000,min_hazard_distance_m,5.029199851970939
285.000,collisions,0
285.000,time_below_clearance_s,0.0
285.000,safety_zone_violations,0
285.000,min_ttc_s,15.43169345391454
285.000,avoid_success,1
285.000,avoid_timeout,0
285.000,q_convergence,0.0779529223121533
285.000,update_residual,0.05663941051421569
285.000,investigation_deferred,0
285.000,nav_aborted,0
285.000,nav_canceled,0
285.000,nav_rejected,0
285.000,run_seed,2
286.000,anomalies_detected,2
286.000,anomalies_unique,2
286.000,investigation_timeouts,0
286.000,mission_duration_s,241.94400000000002
286.000,distance_traveled_m,58.28122564956021
286.000,route_deviations,3
286.000,investigation_time_s,25.400000000000034
286.000,hazard_avoidances,1
286.000,min_hazard_distance_m,5.029199851970939
286.000,collisions,0
286.000,time_below_clearance_s,0.0
286.000,safety_zone_violations,0
286.000,min_ttc_s,15.43169345391454
286.000,avoid_success,1
286.000,avoid_timeout,0
286.000,q_convergence,0.15085692848109616
286.000,update_residual,0.049349009897321404
286.000,investigation_deferred,0
286.000,nav_aborted,0
286.000,nav_canceled,0
286.000,nav_rejected,0
286.000,run_seed,2
287.000,anomalies_detected,2
287.000,anomalies_unique,2
287.000,investigation_timeouts,0
287.000,mission_duration_s,242.94400000000002
287.000,distance_traveled_m,58.38716463699896
287.000,route_deviations,3
287.000,investigation_time_s,25.400000000000034
287.000,hazard_avoidances,1
287.000,min_hazard_distance_m,5.029199851970939
287.000,collisions,0
287.000,time_below_clearance_s,0.0
287.000,safety_zone_violations,0
287.000,min_ttc_s,15.43169345391454
287.000,avoid_success,1
287.000,avoid_timeout,0
287.000,q_convergence,0.20922804570276973
287.000,update_residual,0.03384669276333938
287.000,investigation_deferred,0
287.000,nav_aborted,0
287.000,nav_canceled,0
287.000,nav_rejected,0
287.000,run_seed,2
288.000,anomalies_detected,2
288.000,anomalies_unique,2
288.000,investigation_timeouts,0
288.000,mission_duration_s,243.94400000000002
288.000,distance_traveled_m,58.45852763576837
288.000,route_deviations,3
288.000,investigation_time_s,25.400000000000034
288.000,hazard_avoidances,1
288.000,min_hazard_distance_m,5.029199851970939
288.000,collisions,0
288.000,time_below_clearance_s,0.0
288.000,safety_zone_violations,0
288.000,min_ttc_s,15.43169345391454
288.000,avoid_success,1
288.000,avoid_timeout,0
288.000,q_convergence,0.2535492759833617
288.000,update_residual,0.02941456973528018
288.000,investigation_deferred,0
288.000,nav_aborted,0
288.000,nav_canceled,0
288.000,nav_rejected,0
288.000,run_seed,2
289.000,anomalies_detected,2
289.000,anomalies_unique,2
289.000,investigation_timeouts,0
289.000,mission_duration_s,244.94400000000002
289.000,distance_traveled_m,58.72016900610557
289.000,route_deviations,3
289.000,investigation_time_s,25.400000000000034
289.000,hazard_avoidances,1
289.000,min_hazard_distance_m,5.029199851970939
289.000,collisions,0
289.000,time_below_clearance_s,0.0
289.000,safety_zone_violations,0
289.000,min_ttc_s,15.43169345391454
289.000,avoid_success,1
289.000,avoid_timeout,0
289.000,q_convergence,0.2863159984644182
289.000,update_residual,0.01792247288713208
289.000,investigation_deferred,0
289.000,nav_aborted,0
289.000,nav_canceled,0
289.000,nav_rejected,0
289.000,run_seed,2
290.000,anomalies_detected,2
290.000,anomalies_unique,2
290.000,investigation_timeouts,0
290.000,mission_duration_s,245.94400000000002
290.000,distance_traveled_m,58.98224890241783
290.000,route_deviations,3
290.000,investigation_time_s,25.400000000000034
290.000,hazard_avoidances,1
290.000,min_hazard_distance_m,5.029199851970939
290.000,collisions,0
290.000,time_below_clearance_s,0.0
290.000,safety_zone_violations,0
290.000,min_ttc_s,15.43169345391454
290.000,avoid_success,1
290.000,avoid_timeout,0
290.000,q_convergence,1.5169413117395496
290.000,update_residual,0.16674010494828537
290.000,investigation_deferred,0
290.000,nav_aborted,0
290.000,nav_canceled,0
290.000,nav_rejected,0
290.000,run_seed,2
291.000,anomalies_detected,2
291.000,anomalies_unique,2
291.000,investigation_timeouts,0
291.000,mission_duration_s,246.94400000000002
291.000,distance_traveled_m,59.24432889136415
291.000,route_deviations,3
291.000,investigation_time_s,25.400000000000034
291.000,hazard_avoidances,1
291.000,min_hazard_distance_m,5.029199851970939
291.000,collisions,0
291.000,time_below_clearance_s,0.0
291.000,safety_zone_violations,0
291.000,min_ttc_s,15.43169345391454
291.000,avoid_success,1
291.000,avoid_timeout,0
291.000,q_convergence,0.8168503814631026
291.000,update_residual,0.12125599996984804
291.000,investigation_deferred,0
291.000,nav_aborted,0
291.000,nav_canceled,0
291.000,nav_rejected,0
291.000,run_seed,2
292.000,anomalies_detected,2
292.000,anomalies_unique,2
292.000,investigation_timeouts,0
292.000,mission_duration_s,247.94400000000002
292.000,distance_traveled_m,59.50640888512517
292.000,route_deviations,3
292.000,investigation_time_s,25.400000000000034
292.000,hazard_avoidances,1
292.000,min_hazard_distance_m,5.029199851970939
292.000,collisions,0
292.000,time_below_clearance_s,0.0
292.000,safety_zone_violations,0
292.000,min_ttc_s,15.43169345391454
292.000,avoid_success,1
292.000,avoid_timeout,0
292.000,q_convergence,0.6619075218642687
292.000,update_residual,0.09982606973643403
292.000,investigation_deferred,0
292.000,nav_aborted,0
292.000,nav_canceled,0
292.000,nav_rejected,0
292.000,run_seed,2
293.000,anomalies_detected,2
293.000,anomalies_unique,2
293.000,investigation_timeouts,0
293.000,mission_duration_s,248.94400000000002
293.000,distance_traveled_m,59.75912888190498
293.000,route_deviations,3
293.000,investigation_time_s,25.400000000000034
293.000,hazard_avoidances,1
293.000,min_hazard_distance_m,5.029199851970939
293.000,collisions,0
293.000,time_below_clearance_s,0.0
293.000,safety_zone_violations,0
293.000,min_ttc_s,15.43169345391454
293.000,avoid_success,1
293.000,avoid_timeout,0
293.000,q_convergence,1.0770329765151176
293.000,update_residual,0.13425117328919597
293.000,investigation_deferred,0
293.000,nav_aborted,0
293.000,nav_canceled,0
293.000,nav_rejected,0
293.000,run_seed,2
294.000,anomalies_detected,2
294.000,anomalies_unique,2
294.000,investigation_timeouts,0
294.000,mission_duration_s,249.94400000000002
294.000,distance_traveled_m,60.021208872840795
294.000,route_deviations,3
294.000,investigation_time_s,25.400000000000034
294.000,hazard_avoidances,1
294.000,min_hazard_distance_m,5.029199851970939
294.000,collisions,0
294.000,time_below_clearance_s,0.0
294.000,safety_zone_violations,0
294.000,min_ttc_s,15.43169345391454
294.000,avoid_success,1
294.000,avoid_timeout,0
294.000,q_convergence,0.8157753491868784
294.000,update_residual,0.1101675548361939
294.000,investigation_deferred,0
294.000,nav_aborted,0
294.000,nav_canceled,0
294.000,nav_rejected,0
294.000,run_seed,2
295.000,anomalies_detected,2
295.000,anomalies_unique,2
295.000,investigation_timeouts,0
295.000,mission_duration_s,250.94400000000002
295.000,distance_traveled_m,60.28328887045153
295.000,route_deviations,3
295.000,investigation_time_s,25.400000000000034
295.000,hazard_avoidances,1
295.000,min_hazard_distance_m,5.029199851970939
295.000,collisions,0
295.000,time_below_clearance_s,0.0
295.000,safety_zone_violations,0
295.000,min_ttc_s,15.43169345391454
295.000,avoid_success,1
295.000,avoid_timeout,0
295.000,q_convergence,0.6767451639388727
295.000,update_residual,0.09197603332376744
295.000,investigation_deferred,0
295.000,nav_aborted,0
295.000,nav_canceled,0
295.000,nav_rejected,0
295.000,run_seed,2
296.000,anomalies_detected,2
296.000,anomalies_unique,2
296.000,investigation_timeouts,0
296.000,mission_duration_s,251.94400000000002
296.000,distance_traveled_m,60.54536886459378
296.000,route_deviations,3
296.000,investigation_time_s,25.400000000000034
296.000,hazard_avoidances,1
296.000,min_hazard_distance_m,5.029199851970939
296.000,collisions,0
296.000,time_below_clearance_s,0.0
296.000,safety_zone_violations,0
296.000,min_ttc_s,15.43169345391454
296.000,avoid_success,1
296.000,avoid_timeout,0
296.000,q_convergence,0.5563053034851061
296.000,update_residual,0.07993204727839076
296.000,investigation_deferred,0
296.000,nav_aborted,0
296.000,nav_canceled,0
296.000,nav_rejected,0
296.000,run_seed,2
297.000,anomalies_detected,2
297.000,anomalies_unique,2
297.000,investigation_timeouts,0
297.000,mission_duration_s,252.94400000000002
297.000,distance_traveled_m,60.798088523637674
297.000,route_deviations,3
297.000,investigation_time_s,25.400000000000034
297.000,hazard_avoidances,1
297.000,min_hazard_distance_m,5.029199851970939
297.000,collisions,0
297.000,time_below_clearance_s,0.0
297.000,safety_zone_violations,0
297.000,min_ttc_s,15.43169345391454
297.000,avoid_success,1
297.000,avoid_timeout,0
297.000,q_convergence,1.1359035923544325
297.000,update_residual,0.13277119938367007
297.000,investigation_deferred,0
297.000,nav_aborted,0
297.000,nav_canceled,0
297.000,nav_rejected,0
297.000,run_seed,2
298.000,anomalies_detected,2
298.000,anomalies_unique,2
298.000,investigation_timeouts,0
298.000,mission_duration_s,253.94400000000002
298.000,distance_traveled_m,61.031678074450355
298.000,route_deviations,3
298.000,investigation_time_s,25.400000000000034
298.000,hazard_avoidances,1
298.000,min_hazard_distance_m,5.029199851970939
298.000,collisions,0
298.000,time_below_clearance_s,0.0
298.000,safety_zone_violations,0
298.000,min_ttc_s,15.43169345391454
298.000,avoid_success,1
298.000,avoid_timeout,0
298.000,q_convergence,0.9479715454749313
298.000,update_residual,0.11105441934549166
298.000,investigation_deferred,0
298.000,nav_aborted,0
298.000,nav_canceled,0
298.000,nav_rejected,0
298.000,run_seed,2
299.000,anomalies_detected,2
299.000,anomalies_unique,2
299.000,investigation_timeouts,0
299.000,mission_duration_s,254.94400000000002
299.000,distance_traveled_m,61.087891716769256
299.000,route_deviations,3
299.000,investigation_time_s,25.400000000000034
299.000,hazard_avoidances,1
299.000,min_hazard_distance_m,5.029199851970939
299.000,collisions,0
299.000,time_below_clearance_s,0.0
299.000,safety_zone_violations,0
299.000,min_ttc_s,15.43169345391454
299.000,avoid_success,1
299.000,avoid_timeout,0
299.000,q_convergence,0.7944761208736406
299.000,update_residual,0.09700545806920245
299.000,investigation_deferred,0
299.000,nav_aborted,0
299.000,nav_canceled,0
299.000,nav_rejected,0
299.000,run_seed,2
300.000,anomalies_detected,2
300.000,anomalies_unique,2
300.000,investigation_timeouts,0
300.000,mission_duration_s,255.94400000000002
300.000,distance_traveled_m,61.163444504912384
300.000,route_deviations,3
300.000,investigation_time_s,25.400000000000034
300.000,hazard_avoidances,1
300.000,min_hazard_distance_m,5.029199851970939
300.000,collisions,0
300.000,time_below_clearance_s,0.0
300.000,safety_zone_violations,0
300.000,min_ttc_s,15.43169345391454
300.000,avoid_success,1
300.000,avoid_timeout,0
300.000,q_convergence,0.6691534268900419
300.000,update_residual,0.08183951177356685
300.000,investigation_deferred,0
300.000,nav_aborted,0
300.000,nav_canceled,0
300.000,nav_rejected,0
300.000,run_seed,2
301.000,anomalies_detected,2
301.000,anomalies_unique,2
301.000,investigation_timeouts,0
301.000,mission_duration_s,256.944
301.000,distance_traveled_m,61.29634727268678
301.000,route_deviations,3
301.000,investigation_time_s,25.400000000000034
301.000,hazard_avoidances,1
301.000,min_hazard_distance_m,5.029199851970939
301.000,collisions,0
301.000,time_below_clearance_s,0.0
301.000,safety_zone_violations,0
301.000,min_ttc_s,15.43169345391454
301.000,avoid_success,1
301.000,avoid_timeout,0
301.000,q_convergence,0.5634346281504495
301.000,update_residual,0.06902900653692319
301.000,investigation_deferred,0
301.000,nav_aborted,0
301.000,nav_canceled,0
301.000,nav_rejected,0
301.000,run_seed,2
302.000,anomalies_detected,2
302.000,anomalies_unique,2
302.000,investigation_timeouts,0
302.000,mission_duration_s,257.944
302.000,distance_traveled_m,61.3813206385059
302.000,route_deviations,3
302.000,investigation_time_s,25.400000000000034
302.000,hazard_avoidances,1
302.000,min_hazard_distance_m,5.029199851970939
302.000,collisions,0
302.000,time_below_clearance_s,0.0
302.000,safety_zone_violations,0
302.000,min_ttc_s,15.43169345391454
302.000,avoid_success,1
302.000,avoid_timeout,0
302.000,q_convergence,0.4742736637155183
302.000,update_residual,0.058210078535148355
302.000,investigation_deferred,0
302.000,nav_aborted,0
302.000,nav_canceled,0
302.000,nav_rejected,0
302.000,run_seed,2
303.000,anomalies_detected,2
303.000,anomalies_unique,2
303.000,investigation_timeouts,0
303.000,mission_duration_s,258.944
303.000,distance_traveled_m,61.5644482173076
303.000,route_deviations,3
303.000,investigation_time_s,25.400000000000034
303.000,hazard_avoidances,1
303.000,min_hazard_distance_m,5.029199851970939
303.000,collisions,0
303.000,time_below_clearance_s,0.0
303.000,safety_zone_violations,0
303.000,min_ttc_s,15.43169345391454
303.000,avoid_success,1
303.000,avoid_timeout,0
303.000,q_convergence,0.3992895720088362
303.000,update_residual,0.05071166936448015
303.000,investigation_deferred,0
303.000,nav_aborted,0
303.000,nav_canceled,0
303.000,nav_rejected,0
303.000,run_seed,2
304.000,anomalies_detected,2
304.000,anomalies_unique,2
304.000,investigation_timeouts,0
304.000,mission_duration_s,259.944
304.000,distance_traveled_m,61.826527346654224
304.000,route_deviations,3
304.000,investigation_time_s,25.400000000000034
304.000,hazard_avoidances,1
304.000,min_hazard_distance_m,5.029199851970939
304.000,collisions,0
304.000,time_below_clearance_s,0.0
304.000,safety_zone_violations,0
304.000,min_ttc_s,15.43169345391454
304.000,avoid_success,1
304.000,avoid_timeout,0
304.000,q_convergence,0.33506140355180547
304.000,update_residual,0.04267144569423758
304.000,investigation_deferred,0
304.000,nav_aborted,0
304.000,nav_canceled,0
304.000,nav_rejected,0
304.000,run_seed,2
305.000,anomalies_detected,2
305.000,anomalies_unique,2
305.000,investigation_timeouts,0
305.000,mission_duration_s,260.944
305.000,distance_traveled_m,62.08860733459884
305.000,route_deviations,3
305.000,investigation_time_s,25.400000000000034
305.000,hazard_avoidances,1
305.000,min_hazard_distance_m,5.029199851970939
305.000,collisions,0
305.000,time_below_clearance_s,0.0
305.000,safety_zone_violations,0
305.000,min_ttc_s,15.43169345391454
305.000,avoid_success,1
305.000,avoid_timeout,0
305.000,q_convergence,0.2791844236576702
305.000,update_residual,0.037083747704824054
305.000,investigation_deferred,0
305.000,nav_aborted,0
305.000,nav_canceled,0
305.000,nav_rejected,0
305.000,run_seed,2
306.000,anomalies_detected,2
306.000,anomalies_unique,2
306.000,investigation_timeouts,0
306.000,mission_duration_s,261.944
306.000,distance_traveled_m,62.34132733396244
306.000,route_deviations,3
306.000,investigation_time_s,25.400000000000034
306.000,hazard_avoidances,1
306.000,min_hazard_distance_m,5.029199851970939
306.000,collisions,0
306.000,time_below_clearance_s,0.0
306.000,safety_zone_violations,0
306.000,min_ttc_s,15.43169345391454
306.000,avoid_success,1
306.000,avoid_timeout,0
306.000,q_convergence,0.2315133683458508
306.000,update_residual,0.030941846372783566
306.000,investigation_deferred,0
306.000,nav_aborted,0
306.000,nav_canceled,0
306.000,nav_rejected,0
306.000,run_seed,2
307.000,anomalies_detected,2
307.000,anomalies_unique,2
307.000,investigation_timeouts,0
307.000,mission_duration_s,262.944
307.000,distance_traveled_m,62.60340729526684
307.000,route_deviations,3
307.000,investigation_time_s,25.400000000000034
307.000,hazard_avoidances,1
307.000,min_hazard_distance_m,5.029199851970939
307.000,collisions,0
307.000,time_below_clearance_s,0.0
307.000,safety_zone_violations,0
307.000,min_ttc_s,15.43169345391454
307.000,avoid_success,1
307.000,avoid_timeout,0
307.000,q_convergence,1.4464038374029522
307.000,update_residual,0.15077180328424766
307.000,investigation_deferred,0
307.000,nav_aborted,0
307.000,nav_canceled,0
307.000,nav_rejected,0
307.000,run_seed,2
308.000,anomalies_detected,2
308.000,anomalies_unique,2
308.000,investigation_timeouts,0
308.000,mission_duration_s,263.944
308.000,distance_traveled_m,62.865487188132434
308.000,route_deviations,3
308.000,investigation_time_s,25.400000000000034
308.000,hazard_avoidances,1
308.000,min_hazard_distance_m,5.029199851970939
308.000,collisions,0
308.000,time_below_clearance_s,0.0
308.000,safety_zone_violations,0
308.000,min_ttc_s,15.43169345391454
308.000,avoid_success,1
308.000,avoid_timeout,0
308.000,q_convergence,0.854195009140622
308.000,update_residual,0.0920414340215309
308.000,investigation_deferred,0
308.000,nav_aborted,0
308.000,nav_canceled,0
308.000,nav_rejected,0
308.000,run_seed,2
309.000,anomalies_detected,2
309.000,anomalies_unique,2
309.000,investigation_timeouts,0
309.000,mission_duration_s,264.944
309.000,distance_traveled_m,63.127567179694935
309.000,route_deviations,3
309.000,investigation_time_s,25.400000000000034
309.000,hazard_avoidances,1
309.000,min_hazard_distance_m,5.029199851970939
309.000,collisions,0
309.000,time_below_clearance_s,0.0
309.000,safety_zone_violations,0
309.000,min_ttc_s,15.43169345391454
309.000,avoid_success,1
309.000,avoid_timeout,0
309.000,q_convergence,0.734311811977844
309.000,update_residual,0.07905982433913282
309.000,investigation_deferred,0
309.000,nav_aborted,0
309.000,nav_canceled,0
309.000,nav_rejected,0
309.000,run_seed,2
310.000,anomalies_detected,2
310.000,anomalies_unique,2
310.000,investigation_timeouts,0
310.000,mission_duration_s,265.944
310.000,distance_traveled_m,63.389647114719104
310.000,route_deviations,3
310.000,investigation_time_s,25.400000000000034
310.000,hazard_avoidances,1
310.000,min_hazard_distance_m,5.029199851970939
310.000,collisions,0
310.000,time_below_clearance_s,0.0
310.000,safety_zone_violations,0
310.000,min_ttc_s,15.43169345391454
310.000,avoid_success,1
310.000,avoid_timeout,0
310.000,q_convergence,0.6313312982923325
310.000,update_residual,0.06791747649937938
310.000,investigation_deferred,0
310.000,nav_aborted,0
310.000,nav_canceled,0
310.000,nav_rejected,0
310.000,run_seed,2
311.000,anomalies_detected,2
311.000,anomalies_unique,2
311.000,investigation_timeouts,0
311.000,mission_duration_s,266.944
311.000,distance_traveled_m,63.6423671106568
311.000,route_deviations,3
311.000,investigation_time_s,25.400000000000034
311.000,hazard_avoidances,1
311.000,min_hazard_distance_m,5.029199851970939
311.000,collisions,0
311.000,time_below_clearance_s,0.0
311.000,safety_zone_violations,0
311.000,min_ttc_s,15.43169345391454
311.000,avoid_success,1
311.000,avoid_timeout,0
311.000,q_convergence,0.904341339281051
311.000,update_residual,0.0948767415503837
311.000,investigation_deferred,0
311.000,nav_aborted,0
311.000,nav_canceled,0
311.000,nav_rejected,0
311.000,run_seed,2
312.000,anomalies_detected,2
312.000,anomalies_unique,2
312.000,investigation_timeouts,0
312.000,mission_duration_s,267.944
312.000,distance_traveled_m,63.90444710627076
312.000,route_deviations,3
312.000,investigation_time_s,25.400000000000034
312.000,hazard_avoidances,1
312.000,min_hazard_distance_m,5.029199851970939
312.000,collisions,0
312.000,time_below_clearance_s,0.0
312.000,safety_zone_violations,0
312.000,min_ttc_s,15.43169345391454
312.000,avoid_success,1
312.000,avoid_timeout,0
312.000,q_convergence,0.9155895927718919
312.000,update_residual,0.09562565394681342
312.000,investigation_deferred,0
312.000,nav_aborted,0
312.000,nav_canceled,0
312.000,nav_rejected,0
312.000,run_seed,2
313.000,anomalies_detected,2
313.000,anomalies_unique,2
313.000,investigation_timeouts,0
313.000,mission_duration_s,268.944
313.000,distance_traveled_m,64.16652707677338
313.000,route_deviations,3
313.000,investigation_time_s,25.400000000000034
313.000,hazard_avoidances,1
313.000,min_hazard_distance_m,5.029199851970939
313.000,collisions,0
313.000,time_below_clearance_s,0.0
313.000,safety_zone_violations,0
313.000,min_ttc_s,15.43169345391454
313.000,avoid_success,1
313.000,avoid_timeout,0
313.000,q_convergence,0.9304204529421217
313.000,update_residual,0.09625182930130842
313.000,investigation_deferred,0
313.000,nav_aborted,0
313.000,nav_canceled,0
313.000,nav_rejected,0
313.000,run_seed,2
314.000,anomalies_detected,2
314.000,anomalies_unique,2
314.000,investigation_timeouts,0
314.000,mission_duration_s,269.944
314.000,distance_traveled_m,64.42860707198591
314.000,route_deviations,3
314.000,investigation_time_s,25.400000000000034
314.000,hazard_avoidances,1
314.000,min_hazard_distance_m,5.029199851970939
314.000,collisions,0
314.000,time_below_clearance_s,0.0
314.000,safety_zone_violations,0
314.000,min_ttc_s,15.43169345391454
314.000,avoid_success,1
314.000,avoid_timeout,0
314.000,q_convergence,0.9234480206121746
314.000,update_residual,0.09580149253039802
314.000,investigation_deferred,0
314.000,nav_aborted,0
314.000,nav_canceled,0
314.000,nav_rejected,0
314.000,run_seed,2
315.000,anomalies_detected,2
315.000,anomalies_unique,2
315.000,investigation_timeouts,0
315.000,mission_duration_s,270.944
315.000,distance_traveled_m,64.68132706510215
315.000,route_deviations,3
315.000,investigation_time_s,25.400000000000034
315.000,hazard_avoidances,1
315.000,min_hazard_distance_m,5.029199851970939
315.000,collisions,0
315.000,time_below_clearance_s,0.0
315.000,safety_zone_violations,0
315.000,min_ttc_s,15.43169345391454
315.000,avoid_success,1
315.000,avoid_timeout,0
315.000,q_convergence,0.9496450241350296
315.000,update_residual,0.17459532311864892
315.000,investigation_deferred,0
315.000,nav_aborted,0
315.000,nav_canceled,0
315.000,nav_rejected,0
315.000,run_seed,2
316.000,anomalies_detected,2
316.000,anomalies_unique,2
316.000,investigation_timeouts,0
316.000,mission_duration_s,271.944
316.000,distance_traveled_m,64.94340705750136
316.000,route_deviations,3
316.000,investigation_time_s,25.400000000000034
316.000,hazard_avoidances,1
316.000,min_hazard_distance_m,5.029199851970939
316.000,collisions,0
316.000,time_below_clearance_s,0.0
316.000,safety_zone_violations,0
316.000,min_ttc_s,15.43169345391454
316.000,avoid_success,1
316.000,avoid_timeout,0
316.000,q_convergence,1.0350866282056908
316.000,update_residual,0.33398611482601487
316.000,investigation_deferred,0
316.000,nav_aborted,0
316.000,nav_canceled,0
316.000,nav_rejected,0
316.000,run_seed,2
317.000,anomalies_detected,2
317.000,anomalies_unique,2
317.000,investigation_timeouts,0
317.000,mission_duration_s,272.944
317.000,distance_traveled_m,65.20548705513507
317.000,route_deviations,3
317.000,investigation_time_s,25.400000000000034
317.000,hazard_avoidances,1
317.000,min_hazard_distance_m,5.029199851970939
317.000,collisions,0
317.000,time_below_clearance_s,0.0
317.000,safety_zone_violations,0
317.000,min_ttc_s,15.43169345391454
317.000,avoid_success,1
317.000,avoid_timeout,0
317.000,q_convergence,0.5854575179315942
317.000,update_residual,0.30627352226860477
317.000,investigation_deferred,0
317.000,nav_aborted,0
317.000,nav_canceled,0
317.000,nav_rejected,0
317.000,run_seed,2
318.000,anomalies_detected,2
318.000,anomalies_unique,2
318.000,investigation_timeouts,0
318.000,mission_duration_s,273.944
318.000,distance_traveled_m,65.46756705459836
318.000,route_deviations,3
318.000,investigation_time_s,25.400000000000034
318.000,hazard_avoidances,1
318.000,min_hazard_distance_m,5.029199851970939
318.000,collisions,0
318.000,time_below_clearance_s,0.0
318.000,safety_zone_violations,0
318.000,min_ttc_s,15.43169345391454
318.000,avoid_success,1
318.000,avoid_timeout,0
318.000,q_convergence,0.20551828760087215
318.000,update_residual,0.23648665644138478
318.000,investigation_deferred,0
318.000,nav_aborted,0
318.000,nav_canceled,0
318.000,nav_rejected,0
318.000,run_seed,2
319.000,anomalies_detected,3
319.000,anomalies_unique,2
319.000,investigation_timeouts,0
319.000,mission_duration_s,274.944
319.000,distance_traveled_m,65.72964500748989
319.000,route_deviations,4
319.000,investigation_time_s,26.200000000000045
319.000,hazard_avoidances,1
319.000,min_hazard_distance_m,5.029199851970939
319.000,collisions,0
319.000,time_below_clearance_s,0.0
319.000,safety_zone_violations,0
319.000,min_ttc_s,15.43169345391454
319.000,avoid_success,1
319.000,avoid_timeout,0
319.000,q_convergence,1.379315126896406
319.000,update_residual,0.41176793512125526
319.000,investigation_deferred,0
319.000,nav_aborted,0
319.000,nav_canceled,0
319.000,nav_rejected,0
319.000,run_seed,2
320.000,anomalies_detected,3
320.000,anomalies_unique,2
320.000,investigation_timeouts,0
320.000,mission_duration_s,275.944
320.000,distance_traveled_m,65.98236266747529
320.000,route_deviations,4
320.000,investigation_time_s,27.200000000000045
320.000,hazard_avoidances,1
320.000,min_hazard_distance_m,5.029199851970939
320.000,collisions,0
320.000,time_below_clearance_s,0.0
320.000,safety_zone_violations,0
320.000,min_ttc_s,15.43169345391454
320.000,avoid_success,1
320.000,avoid_timeout,0
320.000,q_convergence,1.1049076475679418
320.000,update_residual,0.40122448827940654
320.000,investigation_deferred,0
320.000,nav_aborted,0
320.000,nav_canceled,0
320.000,nav_rejected,0
320.000,run_seed,2
321.000,anomalies_detected,3
321.000,anomalies_unique,2
321.000,investigation_timeouts,0
321.000,mission_duration_s,276.944
321.000,distance_traveled_m,66.24444264485021
321.000,route_deviations,4
321.000,investigation_time_s,28.200000000000045
321.000,hazard_avoidances,1
321.000,min_hazard_distance_m,5.029199851970939
321.000,collisions,0
321.000,time_below_clearance_s,0.0
321.000,safety_zone_violations,0
321.000,min_ttc_s,15.43169345391454
321.000,avoid_success,1
321.000,avoid_timeout,0
321.000,q_convergence,1.0616430959407028
321.000,update_residual,0.35258391856266613
321.000,investigation_deferred,0
321.000,nav_aborted,0
321.000,nav_canceled,0
321.000,nav_rejected,0
321.000,run_seed,2
322.000,anomalies_detected,3
322.000,anomalies_unique,2
322.000,investigation_timeouts,0
322.000,mission_duration_s,277.944
322.000,distance_traveled_m,66.5065224533369
322.000,route_deviations,4
322.000,investigation_time_s,29.200000000000045
322.000,hazard_avoidances,1
322.000,min_hazard_distance_m,5.029199851970939
322.000,collisions,0
322.000,time_below_clearance_s,0.0
322.000,safety_zone_violations,0
322.000,min_ttc_s,15.43169345391454
322.000,avoid_success,1
322.000,avoid_timeout,0
322.000,q_convergence,0.5633256661932836
322.000,update_residual,0.32246574430541186
322.000,investigation_deferred,0
322.000,nav_aborted,0
322.000,nav_canceled,0
322.000,nav_rejected,0
322.000,run_seed,2
323.000,anomalies_detected,3
323.000,anomalies_unique,2
323.000,investigation_timeouts,0
323.000,mission_duration_s,278.944
323.000,distance_traveled_m,66.56258489484252
323.000,route_deviations,4
323.000,investigation_time_s,30.200000000000045
323.000,hazard_avoidances,1
323.000,min_hazard_distance_m,5.029199851970939
323.000,collisions,0
323.000,time_below_clearance_s,0.0
323.000,safety_zone_violations,0
323.000,min_ttc_s,15.43169345391454
323.000,avoid_success,1
323.000,avoid_timeout,0
323.000,q_convergence,1.2075111902650673
323.000,update_residual,0.33080623427159406
323.000,investigation_deferred,0
323.000,nav_aborted,0
323.000,nav_canceled,0
323.000,nav_rejected,0
323.000,run_seed,2
324.000,anomalies_detected,3
324.000,anomalies_unique,2
324.000,investigation_timeouts,0
324.000,mission_duration_s,279.944
324.000,distance_traveled_m,66.56258489484306
324.000,route_deviations,4
324.000,investigation_time_s,31.200000000000045
324.000,hazard_avoidances,1
324.000,min_hazard_distance_m,5.029199851970939
324.000,collisions,0
324.000,time_below_clearance_s,0.0
324.000,safety_zone_violations,0
324.000,min_ttc_s,15.43169345391454
324.000,avoid_success,1
324.000,avoid_timeout,0
324.000,q_convergence,0.42477935940324263
324.000,update_residual,0.23475915681851958
324.000,investigation_deferred,0
324.000,nav_aborted,0
324.000,nav_canceled,0
324.000,nav_rejected,0
324.000,run_seed,2
325.000,anomalies_detected,3
325.000,anomalies_unique,2
325.000,investigation_timeouts,0
325.000,mission_duration_s,280.944
325.000,distance_traveled_m,66.56258489484306
325.000,route_deviations,4
325.000,investigation_time_s,32.200000000000045
325.000,hazard_avoidances,1
325.000,min_hazard_distance_m,5.029199851970939
325.000,collisions,0
325.000,time_below_clearance_s,0.0
325.000,safety_zone_violations,0
325.000,min_ttc_s,15.43169345391454
325.000,avoid_success,1
325.000,avoid_timeout,0
325.000,q_convergence,0.12297190775506787
325.000,update_residual,0.2045183418482493
325.000,investigation_deferred,0
325.000,nav_aborted,0
325.000,nav_canceled,0
325.000,nav_rejected,0
325.000,run_seed,2
326.000,anomalies_detected,3
326.000,anomalies_unique,3
326.000,investigation_timeouts,0
326.000,mission_duration_s,281.944
326.000,distance_traveled_m,66.56258489484306
326.000,route_deviations,4
326.000,investigation_time_s,32.400000000000034
326.000,hazard_avoidances,1
326.000,min_hazard_distance_m,5.029199851970939
326.000,collisions,0
326.000,time_below_clearance_s,0.0
326.000,safety_zone_violations,0
326.000,min_ttc_s,15.43169345391454
326.000,avoid_success,1
326.000,avoid_timeout,0
326.000,q_convergence,0.12222611802227894
326.000,update_residual,0.15121642594423815
326.000,investigation_deferred,0
326.000,nav_aborted,0
326.000,nav_canceled,0
326.000,nav_rejected,0
326.000,run_seed,2
327.000,anomalies_detected,3
327.000,anomalies_unique,3
327.000,investigation_timeouts,0
327.000,mission_duration_s,282.944
327.000,distance_traveled_m,66.66713019508079
327.000,route_deviations,4
327.000,investigation_time_s,32.400000000000034
327.000,hazard_avoidances,1
327.000,min_hazard_distance_m,5.029199851970939
327.000,collisions,0
327.000,time_below_clearance_s,0.0
327.000,safety_zone_violations,0
327.000,min_ttc_s,15.43169345391454
327.000,avoid_success,1
327.000,avoid_timeout,0
327.000,q_convergence,0.3043865028900609
327.000,update_residual,0.10848453179549003
327.000,investigation_deferred,0
327.000,nav_aborted,0
327.000,nav_canceled,0
327.000,nav_rejected,0
327.000,run_seed,2
328.000,anomalies_detected,3
328.000,anomalies_unique,3
328.000,investigation_timeouts,0
328.000,mission_duration_s,283.944
328.000,distance_traveled_m,66.92920894630657
328.000,route_deviations,4
328.000,investigation_time_s,32.400000000000034
328.000,hazard_avoidances,1
328.000,min_hazard_distance_m,5.029199851970939
328.000,collisions,0
328.000,time_below_clearance_s,0.0
328.000,safety_zone_violations,0
328.000,min_ttc_s,15.43169345391454
328.000,avoid_success,1
328.000,avoid_timeout,0
328.000,q_convergence,1.7840249020802073
328.000,update_residual,0.2880525732104266
328.000,investigation_deferred,0
328.000,nav_aborted,0
328.000,nav_canceled,0
328.000,nav_rejected,0
328.000,run_seed,2
329.000,anomalies_detected,3
329.000,anomalies_unique,3
329.000,investigation_timeouts,0
329.000,mission_duration_s,284.944
329.000,distance_traveled_m,67.1819289354382
329.000,route_deviations,4
329.000,investigation_time_s,32.400000000000034
329.000,hazard_avoidances,1
329.000,min_hazard_distance_m,5.029199851970939
329.000,collisions,0
329.000,time_below_clearance_s,0.0
329.000,safety_zone_violations,0
329.000,min_ttc_s,15.43169345391454
329.000,avoid_success,1
329.000,avoid_timeout,0
329.000,q_convergence,1.0269077841264735
329.000,update_residual,0.21234086141505326
329.000,investigation_deferred,0
329.000,nav_aborted,0
329.000,nav_canceled,0
329.000,nav_rejected,0
329.000,run_seed,2
330.000,anomalies_detected,3
330.000,anomalies_unique,3
330.000,investigation_timeouts,0
330.000,mission_duration_s,285.944
330.000,distance_traveled_m,67.44400890023033
330.000,route_deviations,4
330.000,investigation_time_s,32.400000000000034
330.000,hazard_avoidances,1
330.000,min_hazard_distance_m,5.029199851970939
330.000,collisions,0
330.000,time_below_clearance_s,0.0
330.000,safety_zone_violations,0
330.000,min_ttc_s,15.43169345391454
330.000,avoid_success,1
330.000,avoid_timeout,0
330.000,q_convergence,0.6986082845734118
330.000,update_residual,0.1702328275133897
330.000,investigation_deferred,0
330.000,nav_aborted,0
330.000,nav_canceled,0
330.000,nav_rejected,0
330.000,run_seed,2
331.000,anomalies_detected,3
331.000,anomalies_unique,3
331.000,investigation_timeouts,0
331.000,mission_duration_s,286.944
331.000,distance_traveled_m,67.70608888596807
331.000,route_deviations,4
331.000,investigation_time_s,32.400000000000034
331.000,hazard_avoidances,1
331.000,min_hazard_distance_m,5.029199851970939
331.000,collisions,0
331.000,time_below_clearance_s,0.0
331.000,safety_zone_violations,0
331.000,min_ttc_s,15.43169345391454
331.000,avoid_success,1
331.000,avoid_timeout,0
331.000,q_convergence,0.4892270512380556
331.000,update_residual,0.13423890432144672
331.000,investigation_deferred,0
331.000,nav_aborted,0
331.000,nav_canceled,0
331.000,nav_rejected,0
331.000,run_seed,2
332.000,anomalies_detected,3
332.000,anomalies_unique,3
332.000,investigation_timeouts,0
332.000,mission_duration_s,287.944
332.000,distance_traveled_m,67.96816884948203
332.000,route_deviations,4
332.000,investigation_time_s,32.400000000000034
332.000,hazard_avoidances,1
332.000,min_hazard_distance_m,5.029199851970939
332.000,collisions,0
332.000,time_below_clearance_s,0.0
332.000,safety_zone_violations,0
332.000,min_ttc_s,15.43169345391454
332.000,avoid_success,1
332.000,avoid_timeout,0
332.000,q_convergence,1.2368812600872696
332.000,update_residual,0.19102698323257952
332.000,investigation_deferred,0
332.000,nav_aborted,0
332.000,nav_canceled,0
332.000,nav_rejected,0
332.000,run_seed,2
333.000,anomalies_detected,3
333.000,anomalies_unique,3
333.000,investigation_timeouts,0
333.000,mission_duration_s,288.944
333.000,distance_traveled_m,68.23024880512496
333.000,route_deviations,4
333.000,investigation_time_s,32.400000000000034
333.000,hazard_avoidances,1
333.000,min_hazard_distance_m,5.029199851970939
333.000,collisions,0
333.000,time_below_clearance_s,0.0
333.000,safety_zone_violations,0
333.000,min_ttc_s,15.43169345391454
333.000,avoid_success,1
333.000,avoid_timeout,0
333.000,q_convergence,0.6983891088152665
333.000,update_residual,0.14235768019952172
333.000,investigation_deferred,0
333.000,nav_aborted,0
333.000,nav_canceled,0
333.000,nav_rejected,0
333.000,run_seed,2
334.000,anomalies_detected,3
334.000,anomalies_unique,3
334.000,investigation_timeouts,0
334.000,mission_duration_s,289.944
334.000,distance_traveled_m,68.48296876292004
334.000,route_deviations,4
334.000,investigation_time_s,32.400000000000034
334.000,hazard_avoidances,1
334.000,min_hazard_distance_m,5.029199851970939
334.000,collisions,0
334.000,time_below_clearance_s,0.0
334.000,safety_zone_violations,0
334.000,min_ttc_s,15.43169345391454
334.000,avoid_success,1
334.000,avoid_timeout,0
334.000,q_convergence,0.5217937689794828
334.000,update_residual,0.11382033081824405
334.000,investigation_deferred,0
334.000,nav_aborted,0
334.000,nav_canceled,0
334.000,nav_rejected,0
334.000,run_seed,2
335.000,anomalies_detected,3
335.000,anomalies_unique,3
335.000,investigation_timeouts,0
335.000,mission_duration_s,290.944
335.000,distance_traveled_m,68.74504873621501
335.000,route_deviations,4
335.000,investigation_time_s,32.400000000000034
335.000,hazard_avoidances,1
335.000,min_hazard_distance_m,5.029199851970939
335.000,collisions,0
335.000,time_below_clearance_s,0.0
335.000,safety_zone_violations,0
335.000,min_ttc_s,15.43169345391454
335.000,avoid_success,1
335.000,avoid_timeout,0
335.000,q_convergence,0.3752887466851269
335.000,update_residual,0.09916982858880845
335.000,investigation_deferred,0
335.000,nav_aborted,0
335.000,nav_canceled,0
335.000,nav_rejected,0
335.000,run_seed,2
336.000,anomalies_detected,3
336.000,anomalies_unique,3
336.000,investigation_timeouts,0
336.000,mission_duration_s,291.944
336.000,distance_traveled_m,69.00712868894175
336.000,route_deviations,4
336.000,investigation_time_s,32.400000000000034
336.000,hazard_avoidances,1
336.000,min_hazard_distance_m,5.029199851970939
336.000,collisions,0
336.000,time_below_clearance_s,0.0
336.000,safety_zone_violations,0
336.000,min_ttc_s,15.43169345391454
336.000,avoid_success,1
336.000,avoid_timeout,0
336.000,q_convergence,1.1040593892709738
336.000,update_residual,0.15905826327133082
336.000,investigation_deferred,0
336.000,nav_aborted,0
336.000,nav_canceled,0
336.000,nav_rejected,0
336.000,run_seed,2
337.000,anomalies_detected,3
337.000,anomalies_unique,3
337.000,investigation_timeouts,0
337.000,mission_duration_s,292.944
337.000,distance_traveled_m,69.26920864969689
337.000,route_deviations,4
337.000,investigation_time_s,32.400000000000034
337.000,hazard_avoidances,1
337.000,min_hazard_distance_m,5.029199851970939
337.000,collisions,0
337.000,time_below_clearance_s,0.0
337.000,safety_zone_violations,0
337.000,min_ttc_s,15.43169345391454
337.000,avoid_success,1
337.000,avoid_timeout,0
337.000,q_convergence,0.9511167521553467
337.000,update_residual,0.1437639995597681
337.000,investigation_deferred,0
337.000,nav_aborted,0
337.000,nav_canceled,0
337.000,nav_rejected,0
337.000,run_seed,2
338.000,anomalies_detected,3
338.000,anomalies_unique,3
338.000,investigation_timeouts,0
338.000,mission_duration_s,293.944
338.000,distance_traveled_m,69.52192864710557
338.000,route_deviations,4
338.000,investigation_time_s,32.400000000000034
338.000,hazard_avoidances,1
338.000,min_hazard_distance_m,5.029199851970939
338.000,collisions,0
338.000,time_below_clearance_s,0.0
338.000,safety_zone_violations,0
338.000,min_ttc_s,15.43169345391454
338.000,avoid_success,1
338.000,avoid_timeout,0
338.000,q_convergence,0.7641214454994648
338.000,update_residual,0.12094773375736019
338.000,investigation_deferred,0
338.000,nav_aborted,0
338.000,nav_canceled,0
338.000,nav_rejected,0
338.000,run_seed,2
339.000,anomalies_detected,3
339.000,anomalies_unique,3
339.000,investigation_timeouts,0
339.000,mission_duration_s,294.944
339.000,distance_traveled_m,69.78400863783442
339.000,route_deviations,4
339.000,investigation_time_s,32.400000000000034
339.000,hazard_avoidances,1
339.000,min_hazard_distance_m,5.029199851970939
339.000,collisions,0
339.000,time_below_clearance_s,0.0
339.000,safety_zone_violations,0
339.000,min_ttc_s,15.43169345391454
339.000,avoid_success,1
339.000,avoid_timeout,0
339.000,q_convergence,0.6124876028903294
339.000,update_residual,0.09910401111533454
339.000,investigation_deferred,0
339.000,nav_aborted,0
339.000,nav_canceled,0
339.000,nav_rejected,0
339.000,run_seed,2
340.000,anomalies_detected,3
340.000,anomalies_unique,3
340.000,investigation_timeouts,0
340.000,mission_duration_s,295.944
340.000,distance_traveled_m,70.04608863337863
340.000,route_deviations,4
340.000,investigation_time_s,32.400000000000034
340.000,hazard_avoidances,1
340.000,min_hazard_distance_m,5.029199851970939
340.000,collisions,0
340.000,time_below_clearance_s,0.0
340.000,safety_zone_violations,0
340.000,min_ttc_s,15.43169345391454
340.000,avoid_success,1
340.000,avoid_timeout,0
340.000,q_convergence,0.8600698559787967
340.000,update_residual,0.12115828993658831
340.000,investigation_deferred,0
340.000,nav_aborted,0
340.000,nav_canceled,0
340.000,nav_rejected,0
340.000,run_seed,2
341.000,anomalies_detected,3
341.000,anomalies_unique,3
341.000,investigation_timeouts,0
341.000,mission_duration_s,296.944
341.000,distance_traveled_m,70.3081686261798
341.000,route_deviations,4
341.000,investigation_time_s,32.400000000000034
341.000,hazard_avoidances,1
341.000,min_hazard_distance_m,5.029199851970939
341.000,collisions,0
341.000,time_below_clearance_s,0.0
341.000,safety_zone_violations,0
341.000,min_ttc_s,15.43169345391454
341.000,avoid_success,1
341.000,avoid_timeout,0
341.000,q_convergence,0.9080817057301963
341.000,update_residual,0.12298513377537602
341.000,investigation_deferred,0
341.000,nav_aborted,0
341.000,nav_canceled,0
341.000,nav_rejected,0
341.000,run_seed,2
342.000,anomalies_detected,3
342.000,anomalies_unique,3
342.000,investigation_timeouts,0
342.000,mission_duration_s,297.944
342.000,distance_traveled_m,70.56088861042107
342.000,route_deviations,4
342.000,investigation_time_s,32.400000000000034
342.000,hazard_avoidances,1
342.000,min_hazard_distance_m,5.029199851970939
342.000,collisions,0
342.000,time_below_clearance_s,0.0
342.000,safety_zone_violations,0
342.000,min_ttc_s,15.43169345391454
342.000,avoid_success,1
342.000,avoid_timeout,0
342.000,q_convergence,0.7470363571266868
342.000,update_residual,0.10688059891502509
342.000,investigation_deferred,0
342.000,nav_aborted,0
342.000,nav_canceled,0
342.000,nav_rejected,0
342.000,run_seed,2
343.000,anomalies_detected,3
343.000,anomalies_unique,3
343.000,investigation_timeouts,0
343.000,mission_duration_s,298.944
343.000,distance_traveled_m,70.82296860602797
343.000,route_deviations,4
343.000,investigation_time_s,32.400000000000034
343.000,hazard_avoidances,1
343.000,min_hazard_distance_m,5.029199851970939
343.000,collisions,0
343.000,time_below_clearance_s,0.0
343.000,safety_zone_violations,0
343.000,min_ttc_s,15.43169345391454
343.000,avoid_success,1
343.000,avoid_timeout,0
343.000,q_convergence,0.6123670512212469
343.000,update_residual,0.08858712384412763
343.000,investigation_deferred,0
343.000,nav_aborted,0
343.000,nav_canceled,0
343.000,nav_rejected,0
343.000,run_seed,2
344.000,anomalies_detected,3
344.000,anomalies_unique,3
344.000,investigation_timeouts,0
344.000,mission_duration_s,299.944
344.000,distance_traveled_m,71.08504859735534
344.000,route_deviations,4
344.000,investigation_time_s,32.400000000000034
344.000,hazard_avoidances,1
344.000,min_hazard_distance_m,5.029199851970939
344.000,collisions,0
344.000,time_below_clearance_s,0.0
344.000,safety_zone_violations,0
344.000,min_ttc_s,15.43169345391454
344.000,avoid_success,1
344.000,avoid_timeout,0
344.000,q_convergence,0.99510366811038
344.000,update_residual,0.12490718419575497
344.000,investigation_deferred,0
344.000,nav_aborted,0
344.000,nav_canceled,0
344.000,nav_rejected,0
344.000,run_seed,2
345.000,anomalies_detected,3
345.000,anomalies_unique,3
345.000,investigation_timeouts,0
345.000,mission_duration_s,300.944
345.000,distance_traveled_m,71.34295122892058
345.000,route_deviations,4
345.000,investigation_time_s,32.400000000000034
345.000,hazard_avoidances,1
345.000,min_hazard_distance_m,5.029199851970939
345.000,collisions,0
345.000,time_below_clearance_s,0.0
345.000,safety_zone_violations,0
345.000,min_ttc_s,15.43169345391454
345.000,avoid_success,1
345.000,avoid_timeout,0
345.000,q_convergence,0.963063208200983
345.000,update_residual,0.11789361559710776
345.000,investigation_deferred,0
345.000,nav_aborted,0
345.000,nav_canceled,0
345.000,nav_rejected,0
345.000,run_seed,2
346.000,anomalies_detected,3
346.000,anomalies_unique,3
346.000,investigation_timeouts,0
346.000,mission_duration_s,301.944
346.000,distance_traveled_m,71.46249658952812
346.000,route_deviations,4
346.000,investigation_time_s,32.400000000000034
346.000,hazard_avoidances,1
346.000,min_hazard_distance_m,5.029199851970939
346.000,collisions,0
346.000,time_below_clearance_s,0.0
346.000,safety_zone_violations,0
346.000,min_ttc_s,15.43169345391454
346.000,avoid_success,1
346.000,avoid_timeout,0
346.000,q_convergence,0.849834092051097
346.000,update_residual,0.10474408673175684
346.000,investigation_deferred,0
346.000,nav_aborted,0
346.000,nav_canceled,0
346.000,nav_rejected,0
346.000,run_seed,2
347.000,anomalies_detected,3
347.000,anomalies_unique,3
347.000,investigation_timeouts,0
347.000,mission_duration_s,302.944
347.000,distance_traveled_m,71.51132159554639
347.000,route_deviations,4
347.000,investigation_time_s,32.400000000000034
347.000,hazard_avoidances,1
347.000,min_hazard_distance_m,5.029199851970939
347.000,collisions,0
347.000,time_below_clearance_s,0.0
347.000,safety_zone_violations,0
347.000,min_ttc_s,15.43169345391454
347.000,avoid_success,1
347.000,avoid_timeout,0
347.000,q_convergence,0.7126748481323866
347.000,update_residual,0.09102816233988578
347.000,investigation_deferred,0
347.000,nav_aborted,0
347.000,nav_canceled,0
347.000,nav_rejected,0
347.000,run_seed,2
348.000,anomalies_detected,3
348.000,anomalies_unique,3
348.000,investigation_timeouts,0
348.000,mission_duration_s,303.944
348.000,distance_traveled_m,71.55239041460081
348.000,route_deviations,4
348.000,investigation_time_s,32.400000000000034
348.000,hazard_avoidances,1
348.000,min_hazard_distance_m,5.029199851970939
348.000,collisions,0
348.000,time_below_clearance_s,0.0
348.000,safety_zone_violations,0
348.000,min_ttc_s,15.43169345391454
348.000,avoid_success,1
348.000,avoid_timeout,0
348.000,q_convergence,0.5972644448069012
348.000,update_residual,0.07652302037834018
348.000,investigation_deferred,0
348.000,nav_aborted,0
348.000,nav_canceled,0
348.000,nav_rejected,0
348.000,run_seed,2
349.000,anomalies_detected,3
349.000,anomalies_unique,3
349.000,investigation_timeouts,0
349.000,mission_duration_s,304.944
349.000,distance_traveled_m,71.63748088085175
349.000,route_deviations,4
349.000,investigation_time_s,32.400000000000034
349.000,hazard_avoidances,1
349.000,min_hazard_distance_m,5.029199851970939
349.000,collisions,0
349.000,time_below_clearance_s,0.0
349.000,safety_zone_violations,0
349.000,min_ttc_s,15.43169345391454
349.000,avoid_success,1
349.000,avoid_timeout,0
349.000,q_convergence,0.5003962505280556
349.000,update_residual,0.06431671456580809
349.000,investigation_deferred,0
349.000,nav_aborted,0
349.000,nav_canceled,0
349.000,nav_rejected,0
349.000,run_seed,2
350.000,anomalies_detected,3
350.000,anomalies_unique,3
350.000,investigation_timeouts,0
350.000,mission_duration_s,305.944
350.000,distance_traveled_m,71.77894137827397
350.000,route_deviations,4
350.000,investigation_time_s,32.400000000000034
350.000,hazard_avoidances,1
350.000,min_hazard_distance_m,5.029199851970939
350.000,collisions,0
350.000,time_below_clearance_s,0.0
350.000,safety_zone_violations,0
350.000,min_ttc_s,15.43169345391454
350.000,avoid_success,1
350.000,avoid_timeout,0
350.000,q_convergence,0.4161754394404245
350.000,update_residual,0.055894633457044984
350.000,investigation_deferred,0
350.000,nav_aborted,0
350.000,nav_canceled,0
350.000,nav_rejected,0
350.000,run_seed,2
351.000,anomalies_detected,3
351.000,anomalies_unique,3
351.000,investigation_timeouts,0
351.000,mission_duration_s,306.944
351.000,distance_traveled_m,72.03165985781828
351.000,route_deviations,4
351.000,investigation_time_s,32.400000000000034
351.000,hazard_avoidances,1
351.000,min_hazard_distance_m,5.029199851970939
351.000,collisions,0
351.000,time_below_clearance_s,0.0
351.000,safety_zone_violations,0
351.000,min_ttc_s,15.43169345391454
351.000,avoid_success,1
351.000,avoid_timeout,0
351.000,q_convergence,0.3443679172891868
351.000,update_residual,0.04657231781497084
351.000,investigation_deferred,0
351.000,nav_aborted,0
351.000,nav_canceled,0
351.000,nav_rejected,0
351.000,run_seed,2
352.000,anomalies_detected,3
352.000,anomalies_unique,3
352.000,investigation_timeouts,0
352.000,mission_duration_s,307.944
352.000,distance_traveled_m,72.29373982808256
352.000,route_deviations,4
352.000,investigation_time_s,32.400000000000034
352.000,hazard_avoidances,1
352.000,min_hazard_distance_m,5.029199851970939
352.000,collisions,0
352.000,time_below_clearance_s,0.0
352.000,safety_zone_violations,0
352.000,min_ttc_s,15.43169345391454
352.000,avoid_success,1
352.000,avoid_timeout,0
352.000,q_convergence,0.2855105216385055
352.000,update_residual,0.03886624933699487
352.000,investigation_deferred,0
352.000,nav_aborted,0
352.000,nav_canceled,0
352.000,nav_rejected,0
352.000,run_seed,2
353.000,anomalies_detected,3
353.000,anomalies_unique,3
353.000,investigation_timeouts,0
353.000,mission_duration_s,308.944
353.000,distance_traveled_m,72.55581980390166
353.000,route_deviations,4
353.000,investigation_time_s,32.400000000000034
353.000,hazard_avoidances,1
353.000,min_hazard_distance_m,5.029199851970939
353.000,collisions,0
353.000,time_below_clearance_s,0.0
353.000,safety_zone_violations,0
353.000,min_ttc_s,15.43169345391454
353.000,avoid_success,1
353.000,avoid_timeout,0
353.000,q_convergence,0.9372141806282024
353.000,update_residual,0.10329981543788283
353.000,investigation_deferred,0
353.000,nav_aborted,0
353.000,nav_canceled,0
353.000,nav_rejected,0
353.000,run_seed,2
354.000,anomalies_detected,3
354.000,anomalies_unique,3
354.000,investigation_timeouts,0
354.000,mission_duration_s,309.944
354.000,distance_traveled_m,72.81789978877818
354.000,route_deviations,4
354.000,investigation_time_s,32.400000000000034
354.000,hazard_avoidances,1
354.000,min_hazard_distance_m,5.029199851970939
354.000,collisions,0
354.000,time_below_clearance_s,0.0
354.000,safety_zone_violations,0
354.000,min_ttc_s,15.43169345391454
354.000,avoid_success,1
354.000,avoid_timeout,0
354.000,q_convergence,0.8940896385448783
354.000,update_residual,0.09817688145166051
354.000,investigation_deferred,0
354.000,nav_aborted,0
354.000,nav_canceled,0
354.000,nav_rejected,0
354.000,run_seed,2
355.000,anomalies_detected,3
355.000,anomalies_unique,3
355.000,investigation_timeouts,0
355.000,mission_duration_s,310.944
355.000,distance_traveled_m,73.0799797318619
355.000,route_deviations,4
355.000,investigation_time_s,32.400000000000034
355.000,hazard_avoidances,1
355.000,min_hazard_distance_m,5.029199851970939
355.000,collisions,0
355.000,time_below_clearance_s,0.0
355.000,safety_zone_violations,0
355.000,min_ttc_s,15.43169345391454
355.000,avoid_success,1
355.000,avoid_timeout,0
355.000,q_convergence,0.7663804094912948
355.000,update_residual,0.08409077090672626
355.000,investigation_deferred,0
355.000,nav_aborted,0
355.000,nav_canceled,0
355.000,nav_rejected,0
355.000,run_seed,2
356.000,anomalies_detected,3
356.000,anomalies_unique,3
356.000,investigation_timeouts,0
356.000,mission_duration_s,311.944
356.000,distance_traveled_m,73.33269970240337
356.000,route_deviations,4
356.000,investigation_time_s,32.400000000000034
356.000,hazard_avoidances,1
356.000,min_hazard_distance_m,5.029199851970939
356.000,collisions,0
356.000,time_below_clearance_s,0.0
356.000,safety_zone_violations,0
356.000,min_ttc_s,15.43169345391454
356.000,avoid_success,1
356.000,avoid_timeout,0
356.000,q_convergence,0.656266063966039
356.000,update_residual,0.07307933635420069
356.000,investigation_deferred,0
356.000,nav_aborted,0
356.000,nav_canceled,0
356.000,nav_rejected,0
356.000,run_seed,2
357.000,anomalies_detected,3
357.000,anomalies_unique,3
357.000,investigation_timeouts,0
357.000,mission_duration_s,312.944
357.000,distance_traveled_m,73.59477968474962
357.000,route_deviations,4
357.000,investigation_time_s,32.400000000000034
357.000,hazard_avoidances,1
357.000,min_hazard_distance_m,5.029199851970939
357.000,collisions,0
357.000,time_below_clearance_s,0.0
357.000,safety_zone_violations,0
357.000,min_ttc_s,15.43169345391454
357.000,avoid_success,1
357.000,avoid_timeout,0
357.000,q_convergence,0.9994026745508876
357.000,update_residual,0.10580584195875288
357.000,investigation_deferred,0
357.000,nav_aborted,0
357.000,nav_canceled,0
357.000,nav_rejected,0
357.000,run_seed,2
358.000,anomalies_detected,3
358.000,anomalies_unique,3
358.000,investigation_timeouts,0
358.000,mission_duration_s,313.944
358.000,distance_traveled_m,73.85685963331053
358.000,route_deviations,4
358.000,investigation_time_s,32.400000000000034
358.000,hazard_avoidances,1
358.000,min_hazard_distance_m,5.029199851970939
358.000,collisions,0
358.000,time_below_clearance_s,0.0
358.000,safety_zone_violations,0
358.000,min_ttc_s,15.43169345391454
358.000,avoid_success,1
358.000,avoid_timeout,0
358.000,q_convergence,0.8832285790376645
358.000,update_residual,0.09370745529813011
358.000,investigation_deferred,0
358.000,nav_aborted,0
358.000,nav_canceled,0
358.000,nav_rejected,0
358.000,run_seed,2
359.000,anomalies_detected,3
359.000,anomalies_unique,3
359.000,investigation_timeouts,0
359.000,mission_duration_s,314.944
359.000,distance_traveled_m,74.1189396046469
359.000,route_deviations,4
359.000,investigation_time_s,32.400000000000034
359.000,hazard_avoidances,1
359.000,min_hazard_distance_m,5.029199851970939
359.000,collisions,0
359.000,time_below_clearance_s,0.0
359.000,safety_zone_violations,0
359.000,min_ttc_s,15.43169345391454
359.000,avoid_success,1
359.000,avoid_timeout,0
359.000,q_convergence,0.7605214733739982
359.000,update_residual,0.08143674473176347
359.000,investigation_deferred,0
359.000,nav_aborted,0
359.000,nav_canceled,0
359.000,nav_rejected,0
359.000,run_seed,2
360.000,anomalies_detected,3
360.000,anomalies_unique,3
360.000,investigation_timeouts,0
360.000,mission_duration_s,315.944
360.000,distance_traveled_m,74.37165958664114
360.000,route_deviations,4
360.000,investigation_time_s,32.400000000000034
360.000,hazard_avoidances,1
360.000,min_hazard_distance_m,5.029199851970939
360.000,collisions,0
360.000,time_below_clearance_s,0.0
360.000,safety_zone_violations,0
360.000,min_ttc_s,15.43169345391454
360.000,avoid_success,1
360.000,avoid_timeout,0
360.000,q_convergence,0.6544047820818458
360.000,update_residual,0.07001738599339372
360.000,investigation_deferred,0
360.000,nav_aborted,0
360.000,nav_canceled,0
360.000,nav_rejected,0
360.000,run_seed,2
361.000,anomalies_detected,3
361.000,anomalies_unique,3
361.000,investigation_timeouts,0
361.000,mission_duration_s,316.944
361.000,distance_traveled_m,74.63373953790719
361.000,route_deviations,4
361.000,investigation_time_s,32.400000000000034
361.000,hazard_avoidances,1
361.000,min_hazard_distance_m,5.029199851970939
361.000,collisions,0
361.000,time_below_clearance_s,0.0
361.000,safety_zone_violations,0
361.000,min_ttc_s,15.43169345391454
361.000,avoid_success,1
361.000,avoid_timeout,0
361.000,q_convergence,1.0460620239168197
361.000,update_residual,0.10884407997057931
361.000,investigation_deferred,0
361.000,nav_aborted,0
361.000,nav_canceled,0
361.000,nav_rejected,0
361.000,run_seed,2
362.000,anomalies_detected,3
362.000,anomalies_unique,3
362.000,investigation_timeouts,0
362.000,mission_duration_s,317.944
362.000,distance_traveled_m,74.89581949913627
362.000,route_deviations,4
362.000,investigation_time_s,32.400000000000034
362.000,hazard_avoidances,1
362.000,min_hazard_distance_m,5.029199851970939
362.000,collisions,0
362.000,time_below_clearance_s,0.0
362.000,safety_zone_violations,0
362.000,min_ttc_s,15.43169345391454
362.000,avoid_success,1
362.000,avoid_timeout,0
362.000,q_convergence,0.8665312828802161
362.000,update_residual,0.09054349990544937
362.000,investigation_deferred,0
362.000,nav_aborted,0
362.000,nav_canceled,0
362.000,nav_rejected,0
362.000,run_seed,2
363.000,anomalies_detected,3
363.000,anomalies_unique,3
363.000,investigation_timeouts,0
363.000,mission_duration_s,318.944
363.000,distance_traveled_m,75.15789947959259
363.000,route_deviations,4
363.000,investigation_time_s,32.400000000000034
363.000,hazard_avoidances,1
363.000,min_hazard_distance_m,5.029199851970939
363.000,collisions,0
363.000,time_below_clearance_s,0.0
363.000,safety_zone_violations,0
363.000,min_ttc_s,15.43169345391454
363.000,avoid_success,1
363.000,avoid_timeout,0
363.000,q_convergence,0.7479672820255497
363.000,update_residual,0.07868709981998276
363.000,investigation_deferred,0
363.000,nav_aborted,0
363.000,nav_canceled,0
363.000,nav_rejected,0
363.000,run_seed,2
364.000,anomalies_detected,3
364.000,anomalies_unique,3
364.000,investigation_timeouts,0
364.000,mission_duration_s,319.944
364.000,distance_traveled_m,75.41997946393425
364.000,route_deviations,4
364.000,investigation_time_s,32.400000000000034
364.000,hazard_avoidances,1
364.000,min_hazard_distance_m,5.029199851970939
364.000,collisions,0
364.000,time_below_clearance_s,0.0
364.000,safety_zone_violations,0
364.000,min_ttc_s,15.43169345391454
364.000,avoid_success,1
364.000,avoid_timeout,0
364.000,q_convergence,0.6453062338859924
364.000,update_residual,0.06783743926341282
364.000,investigation_deferred,0
364.000,nav_aborted,0
364.000,nav_canceled,0
364.000,nav_rejected,0
364.000,run_seed,2
365.000,anomalies_detected,3
365.000,anomalies_unique,3
365.000,investigation_timeouts,0
365.000,mission_duration_s,320.944
365.000,distance_traveled_m,75.67269940870109
365.000,route_deviations,4
365.000,investigation_time_s,32.400000000000034
365.000,hazard_avoidances,1
365.000,min_hazard_distance_m,5.029199851970939
365.000,collisions,0
365.000,time_below_clearance_s,0.0
365.000,safety_zone_violations,0
365.000,min_ttc_s,15.43169345391454
365.000,avoid_success,1
365.000,avoid_timeout,0
365.000,q_convergence,1.0850929191364647
365.000,update_residual,0.11157990665454484
365.000,investigation_deferred,0
365.000,nav_aborted,0
365.000,nav_canceled,0
365.000,nav_rejected,0
365.000,run_seed,2
366.000,anomalies_detected,3
366.000,anomalies_unique,3
366.000,investigation_timeouts,0
366.000,mission_duration_s,321.944
366.000,distance_traveled_m,75.9347793816848
366.000,route_deviations,4
366.000,investigation_time_s,32.400000000000034
366.000,hazard_avoidances,1
366.000,min_hazard_distance_m,5.029199851970939
366.000,collisions,0
366.000,time_below_clearance_s,0.0
366.000,safety_zone_violations,0
366.000,min_ttc_s,15.43169345391454
366.000,avoid_success,1
366.000,avoid_timeout,0
366.000,q_convergence,0.8478814095947913
366.000,update_residual,0.0875989344530707
366.000,investigation_deferred,0
366.000,nav_aborted,0
366.000,nav_canceled,0
366.000,nav_rejected,0
366.000,run_seed,2
367.000,anomalies_detected,3
367.000,anomalies_unique,3
367.000,investigation_timeouts,0
367.000,mission_duration_s,322.944
367.000,distance_traveled_m,76.1968593628318
367.000,route_deviations,4
367.000,investigation_time_s,32.400000000000034
367.000,hazard_avoidances,1
367.000,min_hazard_distance_m,5.029199851970939
367.000,collisions,0
367.000,time_below_clearance_s,0.0
367.000,safety_zone_violations,0
367.000,min_ttc_s,15.43169345391454
367.000,avoid_success,1
367.000,avoid_timeout,0
367.000,q_convergence,0.7354001670730183
367.000,update_residual,0.07592919117685466
367.000,investigation_deferred,0
367.000,nav_aborted,0
367.000,nav_canceled,0
367.000,nav_rejected,0
367.000,run_seed,2
368.000,anomalies_detected,3
368.000,anomalies_unique,3
368.000,investigation_timeouts,0
368.000,mission_duration_s,323.944
368.000,distance_traveled_m,76.45893929735415
368.000,route_deviations,4
368.000,investigation_time_s,32.400000000000034
368.000,hazard_avoidances,1
368.000,min_hazard_distance_m,5.029199851970939
368.000,collisions,0
368.000,time_below_clearance_s,0.0
368.000,safety_zone_violations,0
368.000,min_ttc_s,15.43169345391454
368.000,avoid_success,1
368.000,avoid_timeout,0
368.000,q_convergence,0.6359731657202146
368.000,update_residual,0.06598649104157427
368.000,investigation_deferred,0
368.000,nav_aborted,0
368.000,nav_canceled,0
368.000,nav_rejected,0
368.000,run_seed,2
369.000,anomalies_detected,3
369.000,anomalies_unique,3
369.000,investigation_timeouts,0
369.000,mission_duration_s,324.944
369.000,distance_traveled_m,76.71165925854993
369.000,route_deviations,4
369.000,investigation_time_s,32.400000000000034
369.000,hazard_avoidances,1
369.000,min_hazard_distance_m,5.029199851970939
369.000,collisions,0
369.000,time_below_clearance_s,0.0
369.000,safety_zone_violations,0
369.000,min_ttc_s,15.43169345391454
369.000,avoid_success,1
369.000,avoid_timeout,0
369.000,q_convergence,1.1267767734845002
369.000,update_residual,0.1145634186262042
369.000,investigation_deferred,0
369.000,nav_aborted,0
369.000,nav_canceled,0
369.000,nav_rejected,0
369.000,run_seed,2
370.000,anomalies_detected,3
370.000,anomalies_unique,3
370.000,investigation_timeouts,0
370.000,mission_duration_s,325.944
370.000,distance_traveled_m,76.97373920680062
370.000,route_deviations,4
370.000,investigation_time_s,32.400000000000034
370.000,hazard_avoidances,1
370.000,min_hazard_distance_m,5.029199851970939
370.000,collisions,0
370.000,time_below_clearance_s,0.0
370.000,safety_zone_violations,0
370.000,min_ttc_s,15.43169345391454
370.000,avoid_success,1
370.000,avoid_timeout,0
370.000,q_convergence,0.8323795530376776
370.000,update_residual,0.08496413385801967
370.000,investigation_deferred,0
370.000,nav_aborted,0
370.000,nav_canceled,0
370.000,nav_rejected,0
370.000,run_seed,2
371.000,anomalies_detected,3
371.000,anomalies_unique,3
371.000,investigation_timeouts,0
371.000,mission_duration_s,326.944
371.000,distance_traveled_m,77.23581917056113
371.000,route_deviations,4
371.000,investigation_time_s,32.400000000000034
371.000,hazard_avoidances,1
371.000,min_hazard_distance_m,5.029199851970939
371.000,collisions,0
371.000,time_below_clearance_s,0.0
371.000,safety_zone_violations,0
371.000,min_ttc_s,15.43169345391454
371.000,avoid_success,1
371.000,avoid_timeout,0
371.000,q_convergence,0.7230170847017954
371.000,update_residual,0.07402788702443146
371.000,investigation_deferred,0
371.000,nav_aborted,0
371.000,nav_canceled,0
371.000,nav_rejected,0
371.000,run_seed,2
372.000,anomalies_detected,3
372.000,anomalies_unique,3
372.000,investigation_timeouts,0
372.000,mission_duration_s,327.944
372.000,distance_traveled_m,77.49789913860526
372.000,route_deviations,4
372.000,investigation_time_s,32.400000000000034
372.000,hazard_avoidances,1
372.000,min_hazard_distance_m,5.029199851970939
372.000,collisions,0
372.000,time_below_clearance_s,0.0
372.000,safety_zone_violations,0
372.000,min_ttc_s,15.43169345391454
372.000,avoid_success,1
372.000,avoid_timeout,0
372.000,q_convergence,0.6262472172546129
372.000,update_residual,0.06409197349657542
372.000,investigation_deferred,0
372.000,nav_aborted,0
372.000,nav_canceled,0
372.000,nav_rejected,0
372.000,run_seed,2
373.000,anomalies_detected,3
373.000,anomalies_unique,3
373.000,investigation_timeouts,0
373.000,mission_duration_s,328.944
373.000,distance_traveled_m,77.75997908100341
373.000,route_deviations,4
373.000,investigation_time_s,32.400000000000034
373.000,hazard_avoidances,1
373.000,min_hazard_distance_m,5.029199851970939
373.000,collisions,0
373.000,time_below_clearance_s,0.0
373.000,safety_zone_violations,0
373.000,min_ttc_s,15.43169345391454
373.000,avoid_success,1
373.000,avoid_timeout,0
373.000,q_convergence,1.1670861434130289
373.000,update_residual,0.11786669520350368
373.000,investigation_deferred,0
373.000,nav_aborted,0
373.000,nav_canceled,0
373.000,nav_rejected,0
373.000,run_seed,2
374.000,anomalies_detected,3
374.000,anomalies_unique,3
374.000,investigation_timeouts,0
374.000,mission_duration_s,329.944
374.000,distance_traveled_m,78.0126990444119
374.000,route_deviations,4
374.000,investigation_time_s,32.400000000000034
374.000,hazard_avoidances,1
374.000,min_hazard_distance_m,5.029199851970939
374.000,collisions,0
374.000,time_below_clearance_s,0.0
374.000,safety_zone_violations,0
374.000,min_ttc_s,15.43169345391454
374.000,avoid_success,1
374.000,avoid_timeout,0
374.000,q_convergence,0.8147789620810547
374.000,update_residual,0.08253798561273543
374.000,investigation_deferred,0
374.000,nav_aborted,0
374.000,nav_canceled,0
374.000,nav_rejected,0
374.000,run_seed,2
375.000,anomalies_detected,3
375.000,anomalies_unique,3
375.000,investigation_timeouts,0
375.000,mission_duration_s,330.944
375.000,distance_traveled_m,78.27477899834807
375.000,route_deviations,4
375.000,investigation_time_s,32.400000000000034
375.000,hazard_avoidances,1
375.000,min_hazard_distance_m,5.029199851970939
375.000,collisions,0
375.000,time_below_clearance_s,0.0
375.000,safety_zone_violations,0
375.000,min_ttc_s,15.43169345391454
375.000,avoid_success,1
375.000,avoid_timeout,0
375.000,q_convergence,0.7085557296694985
375.000,update_residual,0.07175664896088531
375.000,investigation_deferred,0
375.000,nav_aborted,0
375.000,nav_canceled,0
375.000,nav_rejected,0
375.000,run_seed,2
376.000,anomalies_detected,3
376.000,anomalies_unique,3
376.000,investigation_timeouts,0
376.000,mission_duration_s,331.944
376.000,distance_traveled_m,78.53685896528472
376.000,route_deviations,4
376.000,investigation_time_s,32.400000000000034
376.000,hazard_avoidances,1
376.000,min_hazard_distance_m,5.029199851970939
376.000,collisions,0
376.000,time_below_clearance_s,0.0
376.000,safety_zone_violations,0
376.000,min_ttc_s,15.43169345391454
376.000,avoid_success,1
376.000,avoid_timeout,0
376.000,q_convergence,0.9017270557360163
376.000,update_residual,0.0910094189965417
376.000,investigation_deferred,0
376.000,nav_aborted,0
376.000,nav_canceled,0
376.000,nav_rejected,0
376.000,run_seed,2
377.000,anomalies_detected,3
377.000,anomalies_unique,3
377.000,investigation_timeouts,0
377.000,mission_duration_s,332.944
377.000,distance_traveled_m,78.79893894880263
377.000,route_deviations,4
377.000,investigation_time_s,32.400000000000034
377.000,hazard_avoidances,1
377.000,min_hazard_distance_m,5.029199851970939
377.000,collisions,0
377.000,time_below_clearance_s,0.0
377.000,safety_zone_violations,0
377.000,min_ttc_s,15.43169345391454
377.000,avoid_success,1
377.000,avoid_timeout,0
377.000,q_convergence,0.9207546799843349
377.000,update_residual,0.09284138259327859
377.000,investigation_deferred,0
377.000,nav_aborted,0
377.000,nav_canceled,0
377.000,nav_rejected,0
377.000,run_seed,2
378.000,anomalies_detected,3
378.000,anomalies_unique,3
378.000,investigation_timeouts,0
378.000,mission_duration_s,333.944
378.000,distance_traveled_m,79.05165891779141
378.000,route_deviations,4
378.000,investigation_time_s,32.400000000000034
378.000,hazard_avoidances,1
378.000,min_hazard_distance_m,5.029199851970939
378.000,collisions,0
378.000,time_below_clearance_s,0.0
378.000,safety_zone_violations,0
378.000,min_ttc_s,15.43169345391454
378.000,avoid_success,1
378.000,avoid_timeout,0
378.000,q_convergence,0.799181670584072
378.000,update_residual,0.08068408165325233
378.000,investigation_deferred,0
378.000,nav_aborted,0
378.000,nav_canceled,0
378.000,nav_rejected,0
378.000,run_seed,2
379.000,anomalies_detected,3
379.000,anomalies_unique,3
379.000,investigation_timeouts,0
379.000,mission_duration_s,334.944
379.000,distance_traveled_m,79.31373888664555
379.000,route_deviations,4
379.000,investigation_time_s,32.400000000000034
379.000,hazard_avoidances,1
379.000,min_hazard_distance_m,5.029199851970939
379.000,collisions,0
379.000,time_below_clearance_s,0.0
379.000,safety_zone_violations,0
379.000,min_ttc_s,15.43169345391454
379.000,avoid_success,1
379.000,avoid_timeout,0
379.000,q_convergence,0.6953190473676059
379.000,update_residual,0.07018293214237893
379.000,investigation_deferred,0
379.000,nav_aborted,0
379.000,nav_canceled,0
379.000,nav_rejected,0
379.000,run_seed,2
380.000,anomalies_detected,3
380.000,anomalies_unique,3
380.000,investigation_timeouts,0
380.000,mission_duration_s,335.944
380.000,distance_traveled_m,79.57581885138781
380.000,route_deviations,4
380.000,investigation_time_s,32.400000000000034
380.000,hazard_avoidances,1
380.000,min_hazard_distance_m,5.029199851970939
380.000,collisions,0
380.000,time_below_clearance_s,0.0
380.000,safety_zone_violations,0
380.000,min_ttc_s,15.43169345391454
380.000,avoid_success,1
380.000,avoid_timeout,0
380.000,q_convergence,0.9478431499160358
380.000,update_residual,0.09538884043967777
380.000,investigation_deferred,0
380.000,nav_aborted,0
380.000,nav_canceled,0
380.000,nav_rejected,0
380.000,run_seed,2
381.000,anomalies_detected,3
381.000,anomalies_unique,3
381.000,investigation_timeouts,0
381.000,mission_duration_s,336.944
381.000,distance_traveled_m,79.83789884191494
381.000,route_deviations,4
381.000,investigation_time_s,32.400000000000034
381.000,hazard_avoidances,1
381.000,min_hazard_distance_m,5.029199851970939
381.000,collisions,0
381.000,time_below_clearance_s,0.0
381.000,safety_zone_violations,0
381.000,min_ttc_s,15.43169345391454
381.000,avoid_success,1
381.000,avoid_timeout,0
381.000,q_convergence,0.9025181850003011
381.000,update_residual,0.09080519179480573
381.000,investigation_deferred,0
381.000,nav_aborted,0
381.000,nav_canceled,0
381.000,nav_rejected,0
381.000,run_seed,2
382.000,anomalies_detected,3
382.000,anomalies_unique,3
382.000,investigation_timeouts,0
382.000,mission_duration_s,337.944
382.000,distance_traveled_m,80.09997881282591
382.000,route_deviations,4
382.000,investigation_time_s,32.400000000000034
382.000,hazard_avoidances,1
382.000,min_hazard_distance_m,5.029199851970939
382.000,collisions,0
382.000,time_below_clearance_s,0.0
382.000,safety_zone_violations,0
382.000,min_ttc_s,15.43169345391454
382.000,avoid_success,1
382.000,avoid_timeout,0
382.000,q_convergence,0.9267812328210807
382.000,update_residual,0.09267812328210807
382.000,investigation_deferred,0
382.000,nav_aborted,0
382.000,nav_canceled,0
382.000,nav_rejected,0
382.000,run_seed,2
383.000,anomalies_detected,3
383.000,anomalies_unique,3
383.000,investigation_timeouts,0
383.000,mission_duration_s,338.944
383.000,distance_traveled_m,80.35269879436983
383.000,route_deviations,4
383.000,investigation_time_s,32.400000000000034
383.000,hazard_avoidances,1
383.000,min_hazard_distance_m,5.029199851970939
383.000,collisions,0
383.000,time_below_clearance_s,0.0
383.000,safety_zone_violations,0
383.000,min_ttc_s,15.43169345391454
383.000,avoid_success,1
383.000,avoid_timeout,0
383.000,q_convergence,0.9260057720378846
383.000,update_residual,0.09260057720378848
383.000,investigation_deferred,0
383.000,nav_aborted,0
383.000,nav_canceled,0
383.000,nav_rejected,0
383.000,run_seed,2
384.000,anomalies_detected,3
384.000,anomalies_unique,3
384.000,investigation_timeouts,0
384.000,mission_duration_s,339.944
384.000,distance_traveled_m,80.6147787459874
384.000,route_deviations,4
384.000,investigation_time_s,32.400000000000034
384.000,hazard_avoidances,1
384.000,min_hazard_distance_m,5.029199851970939
384.000,collisions,0
384.000,time_below_clearance_s,0.0
384.000,safety_zone_violations,0
384.000,min_ttc_s,15.43169345391454
384.000,avoid_success,1
384.000,avoid_timeout,0
384.000,q_convergence,0.9688235350079938
384.000,update_residual,0.09688235350079939
384.000,investigation_deferred,0
384.000,nav_aborted,0
384.000,nav_canceled,0
384.000,nav_rejected,0
384.000,run_seed,2
385.000,anomalies_detected,3
385.000,anomalies_unique,3
385.000,investigation_timeouts,0
385.000,mission_duration_s,340.944
385.000,distance_traveled_m,80.87685872843304
385.000,route_deviations,4
385.000,investigation_time_s,32.400000000000034
385.000,hazard_avoidances,1
385.000,min_hazard_distance_m,5.029199851970939
385.000,collisions,0
385.000,time_below_clearance_s,0.0
385.000,safety_zone_violations,0
385.000,min_ttc_s,15.43169345391454
385.000,avoid_success,1
385.000,avoid_timeout,0
385.000,q_convergence,0.8896073035074978
385.000,update_residual,0.08896073035074974
385.000,investigation_deferred,0
385.000,nav_aborted,0
385.000,nav_canceled,0
385.000,nav_rejected,0
385.000,run_seed,2
386.000,anomalies_detected,3
386.000,anomalies_unique,3
386.000,investigation_timeouts,0
386.000,mission_duration_s,341.944
386.000,distance_traveled_m,81.13893869543509
386.000,route_deviations,4
386.000,investigation_time_s,32.400000000000034
386.000,hazard_avoidances,1
386.000,min_hazard_distance_m,5.029199851970939
386.000,collisions,0
386.000,time_below_clearance_s,0.0
386.000,safety_zone_violations,0
386.000,min_ttc_s,15.43169345391454
386.000,avoid_success,1
386.000,avoid_timeout,0
386.000,q_convergence,0.7731158919721317
386.000,update_residual,0.07731158919721318
386.000,investigation_deferred,0
386.000,nav_aborted,0
386.000,nav_canceled,0
386.000,nav_rejected,0
386.000,run_seed,2
387.000,anomalies_detected,3
387.000,anomalies_unique,3
387.000,investigation_timeouts,0
387.000,mission_duration_s,342.944
387.000,distance_traveled_m,81.39165869115439
387.000,route_deviations,4
387.000,investigation_time_s,32.400000000000034
387.000,hazard_avoidances,1
387.000,min_hazard_distance_m,5.029199851970939
387.000,collisions,0
387.000,time_below_clearance_s,0.0
387.000,safety_zone_violations,0
387.000,min_ttc_s,15.43169345391454
387.000,avoid_success,1
387.000,avoid_timeout,0
387.000,q_convergence,0.6718786818220268
387.000,update_residual,0.06718786818220268
387.000,investigation_deferred,0
387.000,nav_aborted,0
387.000,nav_canceled,0
387.000,nav_rejected,0
387.000,run_seed,2
388.000,anomalies_detected,3
388.000,anomalies_unique,3
388.000,investigation_timeouts,0
388.000,mission_duration_s,343.944
388.000,distance_traveled_m,81.65373866759167
388.000,route_deviations,4
388.000,investigation_time_s,32.400000000000034
388.000,hazard_avoidances,1
388.000,min_hazard_distance_m,5.029199851970939
388.000,collisions,0
388.000,time_below_clearance_s,0.0
388.000,safety_zone_violations,0
388.000,min_ttc_s,15.43169345391454
388.000,avoid_success,1
388.000,avoid_timeout,0
388.000,q_convergence,1.0402257171974212
388.000,update_residual,0.10402257171974215
388.000,investigation_deferred,0
388.000,nav_aborted,0
388.000,nav_canceled,0
388.000,nav_rejected,0
388.000,run_seed,2
389.000,anomalies_detected,3
389.000,anomalies_unique,3
389.000,investigation_timeouts,0
389.000,mission_duration_s,344.944
389.000,distance_traveled_m,81.91581865948629
389.000,route_deviations,4
389.000,investigation_time_s,32.400000000000034
389.000,hazard_avoidances,1
389.000,min_hazard_distance_m,5.029199851970939
389.000,collisions,0
389.000,time_below_clearance_s,0.0
389.000,safety_zone_violations,0
389.000,min_ttc_s,15.43169345391454
389.000,avoid_success,1
389.000,avoid_timeout,0
389.000,q_convergence,0.8719481542852267
389.000,update_residual,0.08719481542852268
389.000,investigation_deferred,0
389.000,nav_aborted,0
389.000,nav_canceled,0
389.000,nav_rejected,0
389.000,run_seed,2
390.000,anomalies_detected,3
390.000,anomalies_unique,3
390.000,investigation_timeouts,0
390.000,mission_duration_s,345.944
390.000,distance_traveled_m,82.17789862894784
390.000,route_deviations,4
390.000,investigation_time_s,32.400000000000034
390.000,hazard_avoidances,1
390.000,min_hazard_distance_m,5.029199851970939
390.000,collisions,0
390.000,time_below_clearance_s,0.0
390.000,safety_zone_violations,0
390.000,min_ttc_s,15.43169345391454
390.000,avoid_success,1
390.000,avoid_timeout,0
390.000,q_convergence,0.7577691554417364
390.000,update_residual,0.07577691554417365
390.000,investigation_deferred,0
390.000,nav_aborted,0
390.000,nav_canceled,0
390.000,nav_rejected,0
390.000,run_seed,2
391.000,anomalies_detected,3
391.000,anomalies_unique,3
391.000,investigation_timeouts,0
391.000,mission_duration_s,346.944
391.000,distance_traveled_m,82.43997858446576
391.000,route_deviations,4
391.000,investigation_time_s,32.400000000000034
391.000,hazard_avoidances,1
391.000,min_hazard_distance_m,5.029199851970939
391.000,collisions,0
391.000,time_below_clearance_s,0.0
391.000,safety_zone_violations,0
391.000,min_ttc_s,15.43169345391454
391.000,avoid_success,1
391.000,avoid_timeout,0
391.000,q_convergence,0.658541554468443
391.000,update_residual,0.06585415544684428
391.000,investigation_deferred,0
391.000,nav_aborted,0
391.000,nav_canceled,0
391.000,nav_rejected,0
391.000,run_seed,2
392.000,anomalies_detected,3
392.000,anomalies_unique,3
392.000,investigation_timeouts,0
392.000,mission_duration_s,347.944
392.000,distance_traveled_m,82.69269856587215
392.000,route_deviations,4
392.000,investigation_time_s,32.400000000000034
392.000,hazard_avoidances,1
392.000,min_hazard_distance_m,5.029199851970939
392.000,collisions,0
392.000,time_below_clearance_s,0.0
392.000,safety_zone_violations,0
392.000,min_ttc_s,15.43169345391454
392.000,avoid_success,1
392.000,avoid_timeout,0
392.000,q_convergence,1.0698338742214573
392.000,update_residual,0.10698338742214575
392.000,investigation_deferred,0
392.000,nav_aborted,0
392.000,nav_canceled,0
392.000,nav_rejected,0
392.000,run_seed,2
393.000,anomalies_detected,3
393.000,anomalies_unique,3
393.000,investigation_timeouts,0
393.000,mission_duration_s,348.944
393.000,distance_traveled_m,82.95477854165242
393.000,route_deviations,4
393.000,investigation_time_s,32.400000000000034
393.000,hazard_avoidances,1
393.000,min_hazard_distance_m,5.029199851970939
393.000,collisions,0
393.000,time_below_clearance_s,0.0
393.000,safety_zone_violations,0
393.000,min_ttc_s,15.43169345391454
393.000,avoid_success,1
393.000,avoid_timeout,0
393.000,q_convergence,0.8567348765236164
393.000,update_residual,0.08567348765236164
393.000,investigation_deferred,0
393.000,nav_aborted,0
393.000,nav_canceled,0
393.000,nav_rejected,0
393.000,run_seed,2
394.000,anomalies_detected,3
394.000,anomalies_unique,3
394.000,investigation_timeouts,0
394.000,mission_duration_s,349.944
394.000,distance_traveled_m,83.21685853051505
394.000,route_deviations,4
394.000,investigation_time_s,32.400000000000034
394.000,hazard_avoidances,1
394.000,min_hazard_distance_m,5.029199851970939
394.000,collisions,0
394.000,time_below_clearance_s,0.0
394.000,safety_zone_violations,0
394.000,min_ttc_s,15.43169345391454
394.000,avoid_success,1
394.000,avoid_timeout,0
394.000,q_convergence,0.7464593560756241
394.000,update_residual,0.0746459356075624
394.000,investigation_deferred,0
394.000,nav_aborted,0
394.000,nav_canceled,0
394.000,nav_rejected,0
394.000,run_seed,2
395.000,anomalies_detected,3
395.000,anomalies_unique,3
395.000,investigation_timeouts,0
395.000,mission_duration_s,350.944
395.000,distance_traveled_m,83.47893852193768
395.000,route_deviations,4
395.000,investigation_time_s,32.400000000000034
395.000,hazard_avoidances,1
395.000,min_hazard_distance_m,5.029199851970939
395.000,collisions,0
395.000,time_below_clearance_s,0.0
395.000,safety_zone_violations,0
395.000,min_ttc_s,15.43169345391454
395.000,avoid_success,1
395.000,avoid_timeout,0
395.000,q_convergence,0.6487127394503069
395.000,update_residual,0.06487127394503071
395.000,investigation_deferred,0
395.000,nav_aborted,0
395.000,nav_canceled,0
395.000,nav_rejected,0
395.000,run_seed,2
396.000,anomalies_detected,3
396.000,anomalies_unique,3
396.000,investigation_timeouts,0
396.000,mission_duration_s,351.944
396.000,distance_traveled_m,83.73165851347638
396.000,route_deviations,4
396.000,investigation_time_s,32.400000000000034
396.000,hazard_avoidances,1
396.000,min_hazard_distance_m,5.029199851970939
396.000,collisions,0
396.000,time_below_clearance_s,0.0
396.000,safety_zone_violations,0
396.000,min_ttc_s,15.43169345391454
396.000,avoid_success,1
396.000,avoid_timeout,0
396.000,q_convergence,1.1020136172184236
396.000,update_residual,0.11020136172184238
396.000,investigation_deferred,0
396.000,nav_aborted,0
396.000,nav_canceled,0
396.000,nav_rejected,0
396.000,run_seed,2
397.000,anomalies_detected,3
397.000,anomalies_unique,3
397.000,investigation_timeouts,0
397.000,mission_duration_s,352.944
397.000,distance_traveled_m,83.99373850522242
397.000,route_deviations,4
397.000,investigation_time_s,32.400000000000034
397.000,hazard_avoidances,1
397.000,min_hazard_distance_m,5.029199851970939
397.000,collisions,0
397.000,time_below_clearance_s,0.0
397.000,safety_zone_violations,0
397.000,min_ttc_s,15.43169345391454
397.000,avoid_success,1
397.000,avoid_timeout,0
397.000,q_convergence,0.8439480013996417
397.000,update_residual,0.08439480013996417
397.000,investigation_deferred,0
397.000,nav_aborted,0
397.000,nav_canceled,0
397.000,nav_rejected,0
397.000,run_seed,2
398.000,anomalies_detected,3
398.000,anomalies_unique,3
398.000,investigation_timeouts,0
398.000,mission_duration_s,353.944
398.000,distance_traveled_m,84.25581849930063
398.000,route_deviations,4
398.000,investigation_time_s,32.400000000000034
398.000,hazard_avoidances,1
398.000,min_hazard_distance_m,5.029199851970939
398.000,collisions,0
398.000,time_below_clearance_s,0.0
398.000,safety_zone_violations,0
398.000,min_ttc_s,15.43169345391454
398.000,avoid_success,1
398.000,avoid_timeout,0
398.000,q_convergence,0.7353183568787758
398.000,update_residual,0.07353183568787759
398.000,investigation_deferred,0
398.000,nav_aborted,0
398.000,nav_canceled,0
398.000,nav_rejected,0
398.000,run_seed,2
399.000,anomalies_detected,3
399.000,anomalies_unique,3
399.000,investigation_timeouts,0
399.000,mission_duration_s,354.944
399.000,distance_traveled_m,84.51789849212844
399.000,route_deviations,4
399.000,investigation_time_s,32.400000000000034
399.000,hazard_avoidances,1
399.000,min_hazard_distance_m,5.029199851970939
399.000,collisions,0
399.000,time_below_clearance_s,0.0
399.000,safety_zone_violations,0
399.000,min_ttc_s,15.43169345391454
399.000,avoid_success,1
399.000,avoid_timeout,0
399.000,q_convergence,0.6390306207249188
399.000,update_residual,0.0639030620724919
399.000,investigation_deferred,0
399.000,nav_aborted,0
399.000,nav_canceled,0
399.000,nav_rejected,0
399.000,run_seed,2
400.000,anomalies_detected,3
400.000,anomalies_unique,3
400.000,investigation_timeouts,0
400.000,mission_duration_s,355.944
400.000,distance_traveled_m,84.7799784877737
400.000,route_deviations,4
400.000,investigation_time_s,32.400000000000034
400.000,hazard_avoidances,1
400.000,min_hazard_distance_m,5.029199851970939
400.000,collisions,0
400.000,time_below_clearance_s,0.0
400.000,safety_zone_violations,0
400.000,min_ttc_s,15.43169345391454
400.000,avoid_success,1
400.000,avoid_timeout,0
400.000,q_convergence,1.1248653304659866
400.000,update_residual,0.11248653304659871
400.000,investigation_deferred,0
400.000,nav_aborted,0
400.000,nav_canceled,0
400.000,nav_rejected,0
400.000,run_seed,2
401.000,anomalies_detected,3
401.000,anomalies_unique,3
401.000,investigation_timeouts,0
401.000,mission_duration_s,356.944
401.000,distance_traveled_m,85.03269843879956
401.000,route_deviations,4
401.000,investigation_time_s,32.400000000000034
401.000,hazard_avoidances,1
401.000,min_hazard_distance_m,5.029199851970939
401.000,collisions,0
401.000,time_below_clearance_s,0.0
401.000,safety_zone_violations,0
401.000,min_ttc_s,15.43169345391454
401.000,avoid_success,1
401.000,avoid_timeout,0
401.000,q_convergence,0.8334861535493575
401.000,update_residual,0.08334861535493576
401.000,investigation_deferred,0
401.000,nav_aborted,0
401.000,nav_canceled,0
401.000,nav_rejected,0
401.000,run_seed,2
402.000,anomalies_detected,3
402.000,anomalies_unique,3
402.000,investigation_timeouts,0
402.000,mission_duration_s,357.944
402.000,distance_traveled_m,85.29477842462751
402.000,route_deviations,4
402.000,investigation_time_s,32.400000000000034
402.000,hazard_avoidances,1
402.000,min_hazard_distance_m,5.029199851970939
402.000,collisions,0
402.000,time_below_clearance_s,0.0
402.000,safety_zone_violations,0
402.000,min_ttc_s,15.43169345391454
402.000,avoid_success,1
402.000,avoid_timeout,0
402.000,q_convergence,0.7261195192022535
402.000,update_residual,0.07261195192022535
402.000,investigation_deferred,0
402.000,nav_aborted,0
402.000,nav_canceled,0
402.000,nav_rejected,0
402.000,run_seed,2
403.000,anomalies_detected,3
403.000,anomalies_unique,3
403.000,investigation_timeouts,0
403.000,mission_duration_s,358.944
403.000,distance_traveled_m,85.55685840697036
403.000,route_deviations,4
403.000,investigation_time_s,32.400000000000034
403.000,hazard_avoidances,1
403.000,min_hazard_distance_m,5.029199851970939
403.000,collisions,0
403.000,time_below_clearance_s,0.0
403.000,safety_zone_violations,0
403.000,min_ttc_s,15.43169345391454
403.000,avoid_success,1
403.000,avoid_timeout,0
403.000,q_convergence,0.6326562902831879
403.000,update_residual,0.0632656290283188
403.000,investigation_deferred,0
403.000,nav_aborted,0
403.000,nav_canceled,0
403.000,nav_rejected,0
403.000,run_seed,2
404.000,anomalies_detected,3
404.000,anomalies_unique,3
404.000,investigation_timeouts,0
404.000,mission_duration_s,359.944
404.000,distance_traveled_m,85.81893839006663
404.000,route_deviations,4
404.000,investigation_time_s,32.400000000000034
404.000,hazard_avoidances,1
404.000,min_hazard_distance_m,5.029199851970939
404.000,collisions,0
404.000,time_below_clearance_s,0.0
404.000,safety_zone_violations,0
404.000,min_ttc_s,15.43169345391454
404.000,avoid_success,1
404.000,avoid_timeout,0
404.000,q_convergence,0.9370488965091311
404.000,update_residual,0.09370488965091313
404.000,investigation_deferred,0
404.000,nav_aborted,0
404.000,nav_canceled,0
404.000,nav_rejected,0
404.000,run_seed,2
405.000,anomalies_detected,3
405.000,anomalies_unique,3
405.000,investigation_timeouts,0
405.000,mission_duration_s,360.944
405.000,distance_traveled_m,86.07165835967231
405.000,route_deviations,4
405.000,investigation_time_s,32.400000000000034
405.000,hazard_avoidances,1
405.000,min_hazard_distance_m,5.029199851970939
405.000,collisions,0
405.000,time_below_clearance_s,0.0
405.000,safety_zone_violations,0
405.000,min_ttc_s,15.43169345391454
405.000,avoid_success,1
405.000,avoid_timeout,0
405.000,q_convergence,0.9657058624543239
405.000,update_residual,0.09657058624543242
405.000,investigation_deferred,0
405.000,nav_aborted,0
405.000,nav_canceled,0
405.000,nav_rejected,0
405.000,run_seed,2
406.000,anomalies_detected,3
406.000,anomalies_unique,3
406.000,investigation_timeouts,0
406.000,mission_duration_s,361.944
406.000,distance_traveled_m,86.33373832748133
406.000,route_deviations,4
406.000,investigation_time_s,32.400000000000034
406.000,hazard_avoidances,1
406.000,min_hazard_distance_m,5.029199851970939
406.000,collisions,0
406.000,time_below_clearance_s,0.0
406.000,safety_zone_violations,0
406.000,min_ttc_s,15.43169345391454
406.000,avoid_success,1
406.000,avoid_timeout,0
406.000,q_convergence,0.8962697113987645
406.000,update_residual,0.08962697113987642
406.000,investigation_deferred,0
406.000,nav_aborted,0
406.000,nav_canceled,0
406.000,nav_rejected,0
406.000,run_seed,2
407.000,anomalies_detected,3
407.000,anomalies_unique,3
407.000,investigation_timeouts,0
407.000,mission_duration_s,362.944
407.000,distance_traveled_m,86.59581813962886
407.000,route_deviations,4
407.000,investigation_time_s,32.400000000000034
407.000,hazard_avoidances,1
407.000,min_hazard_distance_m,5.029199851970939
407.000,collisions,0
407.000,time_below_clearance_s,0.0
407.000,safety_zone_violations,0
407.000,min_ttc_s,15.43169345391454
407.000,avoid_success,1
407.000,avoid_timeout,0
407.000,q_convergence,0.7809054235722653
407.000,update_residual,0.0780905423572265
407.000,investigation_deferred,0
407.000,nav_aborted,0
407.000,nav_canceled,0
407.000,nav_rejected,0
407.000,run_seed,2
408.000,anomalies_detected,3
408.000,anomalies_unique,3
408.000,investigation_timeouts,0
408.000,mission_duration_s,363.944
408.000,distance_traveled_m,86.74077736544791
408.000,route_deviations,4
408.000,investigation_time_s,32.400000000000034
408.000,hazard_avoidances,1
408.000,min_hazard_distance_m,5.029199851970939
408.000,collisions,0
408.000,time_below_clearance_s,0.0
408.000,safety_zone_violations,0
408.000,min_ttc_s,15.43169345391454
408.000,avoid_success,1
408.000,avoid_timeout,0
408.000,q_convergence,0.6790152613649482
408.000,update_residual,0.06790152613649483
408.000,investigation_deferred,0
408.000,nav_aborted,0
408.000,nav_canceled,0
408.000,nav_rejected,0
408.000,run_seed,2
408.000,anomalies_detected,3
408.000,anomalies_unique,3
408.000,investigation_timeouts,0
408.000,mission_duration_s,363.944
408.000,distance_traveled_m,86.74077736544791
408.000,route_deviations,4
408.000,investigation_time_s,32.400000000000034
408.000,hazard_avoidances,1
408.000,min_hazard_distance_m,5.029199851970939
408.000,collisions,0
408.000,time_below_clearance_s,0.0
408.000,safety_zone_violations,0
408.000,min_ttc_s,15.43169345391454
408.000,avoid_success,1
408.000,avoid_timeout,0
408.000,q_convergence,0.5412750199362949
408.000,update_residual,0.0541275019936295
408.000,investigation_deferred,0
408.000,nav_aborted,0
408.000,nav_canceled,0
408.000,nav_rejected,0
408.000,run_seed,2
409.000,anomalies_detected,3
409.000,anomalies_unique,3
409.000,investigation_timeouts,0
409.000,mission_duration_s,363.944
409.000,distance_traveled_m,86.74077736545661
409.000,route_deviations,4
409.000,investigation_time_s,32.400000000000034
409.000,hazard_avoidances,1
409.000,min_hazard_distance_m,5.029199851970939
409.000,collisions,0
409.000,time_below_clearance_s,0.0
409.000,safety_zone_violations,0
409.000,min_ttc_s,15.43169345391454
409.000,avoid_success,1
409.000,avoid_timeout,0
409.000,q_convergence,0.5412750199362949
409.000,update_residual,0.0541275019936295
409.000,investigation_deferred,0
409.000,nav_aborted,0
409.000,nav_canceled,0
409.000,nav_rejected,0
409.000,run_seed,2
410.000,anomalies_detected,3
410.000,anomalies_unique,3
410.000,investigation_timeouts,0
410.000,mission_duration_s,363.944
410.000,distance_traveled_m,86.74077736545661
410.000,route_deviations,4
410.000,investigation_time_s,32.400000000000034
410.000,hazard_avoidances,1
410.000,min_hazard_distance_m,5.029199851970939
410.000,collisions,0
410.000,time_below_clearance_s,0.0
410.000,safety_zone_violations,0
410.000,min_ttc_s,15.43169345391454
410.000,avoid_success,1
410.000,avoid_timeout,0
410.000,q_convergence,0.4703966774894573
410.000,update_residual,0.04703966774894573
410.000,investigation_deferred,0
410.000,nav_aborted,0
410.000,nav_canceled,0
410.000,nav_rejected,0
410.000,run_seed,2
411.000,anomalies_detected,3
411.000,anomalies_unique,3
411.000,investigation_timeouts,0
411.000,mission_duration_s,363.944
411.000,distance_traveled_m,86.74077736545661
411.000,route_deviations,4
411.000,investigation_time_s,32.400000000000034
411.000,hazard_avoidances,1
411.000,min_hazard_distance_m,5.029199851970939
411.000,collisions,0
411.000,time_below_clearance_s,0.0
411.000,safety_zone_violations,0
411.000,min_ttc_s,15.43169345391454
411.000,avoid_success,1
411.000,avoid_timeout,0
411.000,q_convergence,0.4098018999337288
411.000,update_residual,0.040980189993372884
411.000,investigation_deferred,0
411.000,nav_aborted,0
411.000,nav_canceled,0
411.000,nav_rejected,0
411.000,run_seed,2
412.000,anomalies_detected,3
412.000,anomalies_unique,3
412.000,investigation_timeouts,0
412.000,mission_duration_s,363.944
412.000,distance_traveled_m,86.74077736545661
412.000,route_deviations,4
412.000,investigation_time_s,32.400000000000034
412.000,hazard_avoidances,1
412.000,min_hazard_distance_m,5.029199851970939
412.000,collisions,0
412.000,time_below_clearance_s,0.0
412.000,safety_zone_violations,0
412.000,min_ttc_s,15.43169345391454
412.000,avoid_success,1
412.000,avoid_timeout,0
412.000,q_convergence,0.3570538222797169
412.000,update_residual,0.03570538222797169
412.000,investigation_deferred,0
412.000,nav_aborted,0
412.000,nav_canceled,0
412.000,nav_rejected,0
412.000,run_seed,2
